model_id,dataset_id,region,climatezone,human,climate,importance_balance,climatezone_label
analysis=spatial_spd|dataset_id=46516|region=Europe|climatezone=Cold_Without_dry_season_Warm_Summer,46516,Europe,Cold - Warm Summer,0.06156101135947233,0.9384389886405278,-0.8768779772810554,CWS
analysis=spatial_spd|dataset_id=26606|region=North America|climatezone=Cold_Without_dry_season_Warm_Summer,26606,North America,Cold - Warm Summer,0.30117612029179697,0.698823879708203,-0.39764775941640607,CWS
analysis=spatial_spd|dataset_id=48966|region=Europe|climatezone=Temperate_Without_dry_season,48966,Europe,Temperate,0,1,-1,TMP
analysis=spatial_spd|dataset_id=3565|region=North America|climatezone=Cold_Without_dry_season_Warm_Summer,3565,North America,Cold - Warm Summer,0.04266495836002563,0.9573350416399744,-0.9146700832799488,CWS
analysis=spatial_spd|dataset_id=3032|region=North America|climatezone=Cold_Without_dry_season_Warm_Summer,3032,North America,Cold - Warm Summer,0.5270826734241368,0.47291732657586316,0.05416534684827368,CWS
analysis=spatial_spd|dataset_id=4383|region=Europe|climatezone=Cold_Without_dry_season_Warm_Summer,4383,Europe,Cold - Warm Summer,1,0,1,CWS
analysis=spatial_spd|dataset_id=45377|region=Europe|climatezone=Cold_Without_dry_season_Warm_Summer,45377,Europe,Cold - Warm Summer,0.2706155632984901,0.7293844367015099,-0.45876887340301975,CWS
analysis=spatial_spd|dataset_id=236|region=North America|climatezone=Cold_Without_dry_season_Warm_Summer,236,North America,Cold - Warm Summer,0.04143059490084986,0.9585694050991502,-0.9171388101983003,CWS
analysis=spatial_spd|dataset_id=4170|region=Europe|climatezone=Cold_Without_dry_season_Warm_Summer,4170,Europe,Cold - Warm Summer,0,1,-1,CWS
analysis=spatial_spd|dataset_id=25372|region=Europe|climatezone=Temperate_Without_dry_season,25372,Europe,Temperate,0.18709815687955422,0.8129018431204458,-0.6258036862408916,TMP
analysis=spatial_spd|dataset_id=2642|region=North America|climatezone=Cold_Dry_Summer,2642,North America,Cold - Dry Summer,0.08952134540750323,0.9104786545924968,-0.8209573091849935,CDS
analysis=spatial_spd|dataset_id=46544|region=Europe|climatezone=Cold_Without_dry_season_Warm_Summer,46544,Europe,Cold - Warm Summer,0.05226130653266332,0.9477386934673367,-0.8954773869346734,CWS
analysis=spatial_spd|dataset_id=982|region=North America|climatezone=Cold_Without_dry_season_Warm_Summer,982,North America,Cold - Warm Summer,0.15589440145653163,0.8441055985434683,-0.6882111970869367,CWS
analysis=spatial_spd|dataset_id=26448|region=Europe|climatezone=Cold_Without_dry_season_Cold_Summer,26448,Europe,Cold - Cold Summer,0.3285189075630252,0.6714810924369748,-0.34296218487394964,CCS
analysis=spatial_spd|dataset_id=4042|region=Europe|climatezone=Cold_Without_dry_season_Warm_Summer,4042,Europe,Cold - Warm Summer,0.6328510096994753,0.3671489903005247,0.26570201939895055,CWS
analysis=spatial_spd|dataset_id=3487|region=North America|climatezone=Cold_Without_dry_season_Hot_Summer,3487,North America,Cold - Hot Summer,0,1,-1,CHS
analysis=spatial_spd|dataset_id=21675|region=Latin America|climatezone=Tropical,21675,Latin America,Tropical,0.5775577557755776,0.42244224422442245,0.1551155115511551,TRO
analysis=spatial_spd|dataset_id=26499|region=Europe|climatezone=Polar,26499,Europe,Polar,0.6213310084277827,0.3786689915722174,0.24266201685556527,POL
analysis=spatial_spd|dataset_id=24840|region=Europe|climatezone=Temperate_Without_dry_season,24840,Europe,Temperate,0.8073859522085446,0.19261404779145547,0.6147719044170892,TMP
analysis=spatial_spd|dataset_id=2395|region=Latin America|climatezone=Tropical,2395,Latin America,Tropical,0.7529680365296804,0.24703196347031964,0.5059360730593607,TRO
analysis=spatial_spd|dataset_id=45347|region=Europe|climatezone=Polar,45347,Europe,Polar,0.10431654676258993,0.89568345323741,-0.7913669064748201,POL
analysis=spatial_spd|dataset_id=15922|region=North America|climatezone=Cold_Without_dry_season_Warm_Summer,15922,North America,Cold - Warm Summer,0.34392014519056263,0.6560798548094374,-0.3121597096188748,CWS
analysis=spatial_spd|dataset_id=1010|region=North America|climatezone=Cold_Without_dry_season_Cold_Summer,1010,North America,Cold - Cold Summer,0.45349841635473653,0.5465015836452635,-0.09300316729052693,CCS
analysis=spatial_spd|dataset_id=4542|region=Europe|climatezone=Cold_Without_dry_season_Cold_Summer,4542,Europe,Cold - Cold Summer,0.011721039265481539,0.9882789607345185,-0.976557921469037,CCS
analysis=spatial_spd|dataset_id=14944|region=North America|climatezone=Cold_Dry_Summer,14944,North America,Cold - Dry Summer,0.7723295360739639,0.227670463926036,0.544659072147928,CDS
analysis=spatial_spd|dataset_id=17402|region=North America|climatezone=Cold_Without_dry_season_Cold_Summer,17402,North America,Cold - Cold Summer,0.3565076798706548,0.6434923201293452,-0.2869846402586904,CCS
analysis=spatial_spd|dataset_id=234|region=North America|climatezone=Cold_Dry_Summer,234,North America,Cold - Dry Summer,0.15056285178236395,0.849437148217636,-0.6988742964352721,CDS
analysis=spatial_spd|dataset_id=16081|region=North America|climatezone=Cold_Without_dry_season_Warm_Summer,16081,North America,Cold - Warm Summer,0,1,-1,CWS
analysis=spatial_spd|dataset_id=41421|region=Europe|climatezone=Temperate_Without_dry_season,41421,Europe,Temperate,0.042987641053197204,0.9570123589468028,-0.9140247178936056,TMP
analysis=spatial_spd|dataset_id=1451|region=North America|climatezone=Cold_Without_dry_season_Warm_Summer,1451,North America,Cold - Warm Summer,0.2668343112601285,0.7331656887398715,-0.466331377479743,CWS
analysis=spatial_spd|dataset_id=785|region=North America|climatezone=Cold_Without_dry_season_Warm_Summer,785,North America,Cold - Warm Summer,0.3377714376287843,0.6622285623712157,-0.32445712474243144,CWS
analysis=spatial_spd|dataset_id=2311|region=North America|climatezone=Cold_Without_dry_season_Cold_Summer,2311,North America,Cold - Cold Summer,0.09222745197811982,0.9077725480218801,-0.8155450960437602,CCS
analysis=spatial_spd|dataset_id=3900|region=Europe|climatezone=Temperate_Without_dry_season,3900,Europe,Temperate,0,1,-1,TMP
analysis=spatial_spd|dataset_id=2053|region=North America|climatezone=Cold_Without_dry_season_Warm_Summer,2053,North America,Cold - Warm Summer,0,1,-1,CWS
analysis=spatial_spd|dataset_id=1149|region=North America|climatezone=Cold_Without_dry_season_Warm_Summer,1149,North America,Cold - Warm Summer,0.3773425628904271,0.6226574371095728,-0.24531487421914566,CWS
analysis=spatial_spd|dataset_id=46998|region=Latin America|climatezone=Temperate_Without_dry_season,46998,Latin America,Temperate,0.16538461538461538,0.8346153846153846,-0.6692307692307693,TMP
analysis=spatial_spd|dataset_id=46490|region=Europe|climatezone=Cold_Without_dry_season_Warm_Summer,46490,Europe,Cold - Warm Summer,0.13222942164626833,0.8677705783537317,-0.7355411567074635,CWS
analysis=spatial_spd|dataset_id=210|region=North America|climatezone=Arid,210,North America,Arid,0.2739146431199412,0.7260853568800589,-0.45217071376011775,ARD
analysis=spatial_spd|dataset_id=4136|region=Europe|climatezone=Cold_Without_dry_season_Cold_Summer,4136,Europe,Cold - Cold Summer,0.045228215767634854,0.9547717842323652,-0.9095435684647304,CCS
analysis=spatial_spd|dataset_id=45192|region=Europe|climatezone=Temperate_Dry_Summer,45192,Europe,Temperate - Dry Summer,0,1,-1,TDS
analysis=spatial_spd|dataset_id=15232|region=North America|climatezone=Cold_Without_dry_season_Cold_Summer,15232,North America,Cold - Cold Summer,0.22171945701357465,0.77828054298642535,-0.5565610859728507,CCS
analysis=spatial_spd|dataset_id=41467|region=Europe|climatezone=Temperate_Without_dry_season,41467,Europe,Temperate,0.34738372093023256,0.6526162790697675,-0.3052325581395349,TMP
analysis=spatial_spd|dataset_id=3938|region=Europe|climatezone=Cold_Without_dry_season_Warm_Summer,3938,Europe,Cold - Warm Summer,0,1,-1,CWS
analysis=spatial_spd|dataset_id=2619|region=North America|climatezone=Temperate_Dry_Summer,2619,North America,Temperate - Dry Summer,0.6219635627530364,0.37803643724696356,0.24392712550607287,TDS
analysis=spatial_spd|dataset_id=22988|region=Europe|climatezone=Polar,22988,Europe,Polar,0.06183796163756084,0.9381620383624392,-0.8763240767248783,POL
analysis=spatial_spd|dataset_id=46803|region=North America|climatezone=Cold_Without_dry_season_Cold_Summer,46803,North America,Cold - Cold Summer,0.36464817958875684,0.6353518204112432,-0.2707036408224863,CCS
analysis=spatial_spd|dataset_id=24195|region=Europe|climatezone=Cold_Without_dry_season_Cold_Summer,24195,Europe,Cold - Cold Summer,0,1,-1,CCS
analysis=spatial_spd|dataset_id=306|region=North America|climatezone=Cold_Without_dry_season_Cold_Summer,306,North America,Cold - Cold Summer,0.011910358877918822,0.9880896411220811,-0.9761792822441623,CCS
analysis=spatial_spd|dataset_id=847|region=North America|climatezone=Cold_Without_dry_season_Hot_Summer,847,North America,Cold - Hot Summer,0.8420195439739414,0.15798045602605862,0.6840390879478828,CHS
analysis=spatial_spd|dataset_id=45322|region=Europe|climatezone=Temperate_Dry_Summer,45322,Europe,Temperate - Dry Summer,0.04966139954853273,0.9503386004514672,-0.9006772009029345,TDS
analysis=spatial_spd|dataset_id=18108|region=North America|climatezone=Cold_Without_dry_season_Cold_Summer,18108,North America,Cold - Cold Summer,0.36403508771929827,0.6359649122807018,-0.2719298245614036,CCS
analysis=spatial_spd|dataset_id=42745|region=North America|climatezone=Cold_Without_dry_season_Cold_Summer,42745,North America,Cold - Cold Summer,0,1,-1,CCS
analysis=spatial_spd|dataset_id=17689|region=North America|climatezone=Cold_Without_dry_season_Warm_Summer,17689,North America,Cold - Warm Summer,0.2821301775147929,0.7178698224852071,-0.43573964497041423,CWS
analysis=spatial_spd|dataset_id=340|region=North America|climatezone=Cold_Without_dry_season_Warm_Summer,340,North America,Cold - Warm Summer,0.2318356867779204,0.7681643132220796,-0.5363286264441591,CWS
analysis=spatial_spd|dataset_id=40634|region=Europe|climatezone=Cold_Without_dry_season_Cold_Summer,40634,Europe,Cold - Cold Summer,0.060057197330791234,0.9399428026692088,-0.8798856053384176,CCS
analysis=spatial_spd|dataset_id=15970|region=North America|climatezone=Cold_Without_dry_season_Cold_Summer,15970,North America,Cold - Cold Summer,0.057090909090909095,0.9429090909090909,-0.8858181818181818,CCS
analysis=spatial_spd|dataset_id=17391|region=North America|climatezone=Cold_Without_dry_season_Cold_Summer,17391,North America,Cold - Cold Summer,0,1,-1,CCS
analysis=spatial_spd|dataset_id=4539|region=Europe|climatezone=Cold_Without_dry_season_Cold_Summer,4539,Europe,Cold - Cold Summer,0.14320585842148087,0.8567941415785191,-0.7135882831570382,CCS
analysis=spatial_spd|dataset_id=25285|region=Europe|climatezone=Temperate_Without_dry_season,25285,Europe,Temperate,0.1268939393939394,0.8731060606060607,-0.7462121212121213,TMP
analysis=spatial_spd|dataset_id=20293|region=Europe|climatezone=Cold_Without_dry_season_Cold_Summer,20293,Europe,Cold - Cold Summer,0.10926268227562128,0.8907373177243787,-0.7814746354487574,CCS
analysis=spatial_spd|dataset_id=4251|region=Europe|climatezone=Temperate_Without_dry_season,4251,Europe,Temperate,0.5248876909254269,0.47511230907457325,0.04977538185085362,TMP
analysis=spatial_spd|dataset_id=22773|region=Europe|climatezone=Cold_Without_dry_season_Cold_Summer,22773,Europe,Cold - Cold Summer,0.5423347398030942,0.45766526019690573,0.08466947960618848,CCS
analysis=spatial_spd|dataset_id=784|region=Europe|climatezone=Temperate_Without_dry_season,784,Europe,Temperate,0,1,-1,TMP
analysis=spatial_spd|dataset_id=4472|region=Europe|climatezone=Cold_Without_dry_season_Cold_Summer,4472,Europe,Cold - Cold Summer,0.04954682779456194,0.950453172205438,-0.900906344410876,CCS
analysis=spatial_spd|dataset_id=45383|region=Europe|climatezone=Cold_Without_dry_season_Warm_Summer,45383,Europe,Cold - Warm Summer,0.10883605881544593,0.891163941184554,-0.7823278823691081,CWS
analysis=spatial_spd|dataset_id=40564|region=Europe|climatezone=Cold_Without_dry_season_Warm_Summer,40564,Europe,Cold - Warm Summer,0.0450272142503711,0.954972785749629,-0.9099455714992578,CWS
analysis=spatial_spd|dataset_id=13051|region=North America|climatezone=Cold_Without_dry_season_Warm_Summer,13051,North America,Cold - Warm Summer,0.010301953818827706,0.9896980461811723,-0.9793960923623446,CWS
analysis=spatial_spd|dataset_id=4197|region=Europe|climatezone=Temperate_Without_dry_season,4197,Europe,Temperate,1,0,1,TMP
analysis=spatial_spd|dataset_id=15783|region=North America|climatezone=Polar,15783,North America,Polar,0.38344722854973434,0.6165527714502658,-0.23310554290053143,POL
analysis=spatial_spd|dataset_id=4373|region=Europe|climatezone=Temperate_Without_dry_season,4373,Europe,Temperate,0.5230769230769231,0.4769230769230769,0.04615384615384621,TMP
analysis=spatial_spd|dataset_id=45722|region=Europe|climatezone=Cold_Without_dry_season_Warm_Summer,45722,Europe,Cold - Warm Summer,0.36580908196260364,0.6341909180373962,-0.2683818360747926,CWS
analysis=spatial_spd|dataset_id=2270|region=North America|climatezone=Cold_Without_dry_season_Hot_Summer,2270,North America,Cold - Hot Summer,0.20176211453744494,0.798237885462555,-0.5964757709251101,CHS
analysis=spatial_spd|dataset_id=15201|region=North America|climatezone=Cold_Without_dry_season_Cold_Summer,15201,North America,Cold - Cold Summer,0.3138181818181818,0.6861818181818181,-0.37236363636363634,CCS
analysis=spatial_spd|dataset_id=260|region=North America|climatezone=Cold_Without_dry_season_Warm_Summer,260,North America,Cold - Warm Summer,0.115539858728557,0.884460141271443,-0.768920282542886,CWS
analysis=spatial_spd|dataset_id=21539|region=Latin America|climatezone=Tropical,21539,Latin America,Tropical,0.34185303514376997,0.65814696485623,-0.31629392971246006,TRO
analysis=spatial_spd|dataset_id=15829|region=North America|climatezone=Polar,15829,North America,Polar,0.030772135170851426,0.9692278648291486,-0.9384557296582972,POL
analysis=spatial_spd|dataset_id=14799|region=North America|climatezone=Cold_Dry_Summer,14799,North America,Cold - Dry Summer,0.04032997250229148,0.9596700274977085,-0.9193400549954169,CDS
analysis=spatial_spd|dataset_id=4056|region=Europe|climatezone=Temperate_Without_dry_season,4056,Europe,Temperate,0.8383469626168224,0.16165303738317757,0.6766939252336448,TMP
analysis=spatial_spd|dataset_id=2617|region=North America|climatezone=Cold_Without_dry_season_Hot_Summer,2617,North America,Cold - Hot Summer,0.4311111111111111,0.5688888888888889,-0.13777777777777778,CHS
analysis=spatial_spd|dataset_id=42671|region=Europe|climatezone=Cold_Without_dry_season_Warm_Summer,42671,Europe,Cold - Warm Summer,0.10726786081943587,0.8927321391805642,-0.7854642783611283,CWS
analysis=spatial_spd|dataset_id=4058|region=Europe|climatezone=Cold_Without_dry_season_Cold_Summer,4058,Europe,Cold - Cold Summer,0,1,-1,CCS
analysis=spatial_spd|dataset_id=20613|region=North America|climatezone=Cold_Without_dry_season_Warm_Summer,20613,North America,Cold - Warm Summer,0.16395961369622475,0.8360403863037753,-0.6720807726075506,CWS
analysis=spatial_spd|dataset_id=15738|region=North America|climatezone=Cold_Without_dry_season_Cold_Summer,15738,North America,Cold - Cold Summer,0.1638510075310401,0.8361489924689599,-0.6722979849379198,CCS
analysis=spatial_spd|dataset_id=2287|region=North America|climatezone=Cold_Without_dry_season_Warm_Summer,2287,North America,Cold - Warm Summer,0.33641715727502103,0.6635828427249789,-0.3271656854499579,CWS
analysis=spatial_spd|dataset_id=22842|region=Europe|climatezone=Cold_Without_dry_season_Cold_Summer,22842,Europe,Cold - Cold Summer,0,1,-1,CCS
analysis=spatial_spd|dataset_id=15288|region=North America|climatezone=Temperate_Without_dry_season,15288,North America,Temperate,0.5243243243243243,0.4756756756756757,0.048648648648648596,TMP
analysis=spatial_spd|dataset_id=21762|region=Latin America|climatezone=Polar,21762,Latin America,Polar,0.17320085929108486,0.8267991407089151,-0.6535982814178303,POL
analysis=spatial_spd|dataset_id=1148|region=North America|climatezone=Temperate_Dry_Summer,1148,North America,Temperate - Dry Summer,0.25027370264944165,0.7497262973505583,-0.49945259470111664,TDS
analysis=spatial_spd|dataset_id=48721|region=North America|climatezone=Cold_Dry_Summer,48721,North America,Cold - Dry Summer,0.32560137457044674,0.6743986254295532,-0.34879725085910646,CDS
analysis=spatial_spd|dataset_id=24467|region=Europe|climatezone=Temperate_Without_dry_season,24467,Europe,Temperate,0.36600587371512483,0.6339941262848752,-0.26798825256975034,TMP
analysis=spatial_spd|dataset_id=1450|region=North America|climatezone=Cold_Without_dry_season_Warm_Summer,1450,North America,Cold - Warm Summer,0.6879795396419438,0.3120204603580563,0.3759590792838875,CWS
analysis=spatial_spd|dataset_id=23004|region=Europe|climatezone=Cold_Without_dry_season_Warm_Summer,23004,Europe,Cold - Warm Summer,0.0015957446808510637,0.998404255319149,-0.9968085106382979,CWS
analysis=spatial_spd|dataset_id=2292|region=North America|climatezone=Cold_Without_dry_season_Warm_Summer,2292,North America,Cold - Warm Summer,0.45641240569991615,0.5435875943000839,-0.08717518860016771,CWS
analysis=spatial_spd|dataset_id=2391|region=North America|climatezone=Cold_Without_dry_season_Warm_Summer,2391,North America,Cold - Warm Summer,0.1724374357216318,0.8275625642783682,-0.6551251285567363,CWS
analysis=spatial_spd|dataset_id=1024|region=North America|climatezone=Polar,1024,North America,Polar,0.25942350332594233,0.7405764966740577,-0.48115299334811534,POL
analysis=spatial_spd|dataset_id=1642|region=North America|climatezone=Temperate_Dry_Summer,1642,North America,Temperate - Dry Summer,0.9887118193891101,0.011288180610889773,0.9774236387782204,TDS
analysis=spatial_spd|dataset_id=15785|region=North America|climatezone=Polar,15785,North America,Polar,0,1,-1,POL
analysis=spatial_spd|dataset_id=1735|region=North America|climatezone=Cold_Without_dry_season_Hot_Summer,1735,North America,Cold - Hot Summer,0.5360163312919218,0.46398366870807817,0.07203266258384367,CHS
analysis=spatial_spd|dataset_id=22711|region=Europe|climatezone=Temperate_Without_dry_season,22711,Europe,Temperate,0.37274464020377845,0.6272553597962216,-0.25451071959244315,TMP
analysis=spatial_spd|dataset_id=24348|region=Europe|climatezone=Cold_Without_dry_season_Cold_Summer,24348,Europe,Cold - Cold Summer,0,1,-1,CCS
analysis=spatial_spd|dataset_id=40992|region=North America|climatezone=Cold_Without_dry_season_Warm_Summer,40992,North America,Cold - Warm Summer,0.17610837438423646,0.8238916256157636,-0.6477832512315271,CWS
analysis=spatial_spd|dataset_id=1786|region=North America|climatezone=Cold_Without_dry_season_Warm_Summer,1786,North America,Cold - Warm Summer,0.08576051779935275,0.9142394822006472,-0.8284789644012944,CWS
analysis=spatial_spd|dataset_id=878|region=North America|climatezone=Cold_Without_dry_season_Warm_Summer,878,North America,Cold - Warm Summer,0.7027863777089783,0.2972136222910216,0.40557275541795673,CWS
analysis=spatial_spd|dataset_id=44951|region=Europe|climatezone=Cold_Without_dry_season_Warm_Summer,44951,Europe,Cold - Warm Summer,9.740259740259739e-4,0.9990259740259739,-0.998051948051948,CWS
analysis=spatial_spd|dataset_id=328|region=North America|climatezone=Temperate_Without_dry_season,328,North America,Temperate,0.4584139264990328,0.5415860735009671,-0.08317214700193432,TMP
analysis=spatial_spd|dataset_id=40997|region=Asia|climatezone=Cold_Dry_Winter,40997,Asia,Cold - Dry Winter,0,1,-1,CDW
analysis=spatial_spd|dataset_id=42692|region=Europe|climatezone=Cold_Without_dry_season_Warm_Summer,42692,Europe,Cold - Warm Summer,0,1,-1,CWS
analysis=spatial_spd|dataset_id=1968|region=North America|climatezone=Cold_Without_dry_season_Warm_Summer,1968,North America,Cold - Warm Summer,0.40524925718058763,0.5947507428194123,-0.18950148563882468,CWS
analysis=spatial_spd|dataset_id=309|region=North America|climatezone=Cold_Without_dry_season_Warm_Summer,309,North America,Cold - Warm Summer,0.2987595671681182,0.7012404328318818,-0.40248086566376357,CWS
analysis=spatial_spd|dataset_id=34553|region=Oceania|climatezone=Temperate_Without_dry_season,34553,Oceania,Temperate,0,1,-1,TMP
analysis=spatial_spd|dataset_id=46730|region=North America|climatezone=Cold_Without_dry_season_Cold_Summer,46730,North America,Cold - Cold Summer,0.19748229740361922,0.8025177025963808,-0.6050354051927616,CCS
analysis=spatial_spd|dataset_id=232|region=North America|climatezone=Temperate_Without_dry_season,232,North America,Temperate,0.2096808738487899,0.7903191261512101,-0.5806382523024203,TMP
analysis=spatial_spd|dataset_id=1719|region=North America|climatezone=Cold_Without_dry_season_Warm_Summer,1719,North America,Cold - Warm Summer,0.21074465878448456,0.7892553412155155,-0.578510682431031,CWS
analysis=spatial_spd|dataset_id=41027|region=North America|climatezone=Cold_Without_dry_season_Warm_Summer,41027,North America,Cold - Warm Summer,0.2952380952380952,0.7047619047619047,-0.4095238095238095,CWS
analysis=spatial_spd|dataset_id=45728|region=Europe|climatezone=Cold_Without_dry_season_Warm_Summer,45728,Europe,Cold - Warm Summer,0.20121951219512194,0.7987804878048781,-0.5975609756097562,CWS
analysis=spatial_spd|dataset_id=29236|region=Europe|climatezone=Cold_Without_dry_season_Warm_Summer,29236,Europe,Cold - Warm Summer,0.09615384615384617,0.903846153846154,-0.8076923076923078,CWS
analysis=spatial_spd|dataset_id=1841|region=North America|climatezone=Cold_Without_dry_season_Warm_Summer,1841,North America,Cold - Warm Summer,0.4299802761341223,0.5700197238658777,-0.14003944773175542,CWS
analysis=spatial_spd|dataset_id=24118|region=Europe|climatezone=Cold_Without_dry_season_Warm_Summer,24118,Europe,Cold - Warm Summer,0.12470753392606458,0.8752924660739354,-0.7505849321478708,CWS
analysis=spatial_spd|dataset_id=21807|region=Latin America|climatezone=Tropical,21807,Latin America,Tropical,0.28502162232996986,0.7149783776700301,-0.4299567553400603,TRO
analysis=spatial_spd|dataset_id=41631|region=Europe|climatezone=Cold_Without_dry_season_Warm_Summer,41631,Europe,Cold - Warm Summer,0.1628137384412153,0.8371862615587846,-0.6743725231175693,CWS
analysis=spatial_spd|dataset_id=24061|region=Europe|climatezone=Cold_Without_dry_season_Cold_Summer,24061,Europe,Cold - Cold Summer,0.007490636704119851,0.9925093632958802,-0.9850187265917604,CCS
analysis=spatial_spd|dataset_id=4198|region=Europe|climatezone=Temperate_Without_dry_season,4198,Europe,Temperate,0.32905296950240775,0.6709470304975923,-0.34189406099518455,TMP
analysis=spatial_spd|dataset_id=15667|region=North America|climatezone=Cold_Without_dry_season_Cold_Summer,15667,North America,Cold - Cold Summer,1,0,1,CCS
analysis=spatial_spd|dataset_id=859|region=North America|climatezone=Cold_Without_dry_season_Cold_Summer,859,North America,Cold - Cold Summer,0.051493535443602315,0.9485064645563976,-0.8970129291127953,CCS
analysis=spatial_spd|dataset_id=15462|region=North America|climatezone=Cold_Without_dry_season_Cold_Summer,15462,North America,Cold - Cold Summer,0.15363349131121642,0.8463665086887836,-0.6927330173775672,CCS
analysis=spatial_spd|dataset_id=14274|region=Europe|climatezone=Temperate_Without_dry_season,14274,Europe,Temperate,0.3147157853040206,0.6852842146959793,-0.3705684293919587,TMP
analysis=spatial_spd|dataset_id=203|region=North America|climatezone=Temperate_Without_dry_season,203,North America,Temperate,0.44085432639649513,0.559145673603505,-0.11829134720700984,TMP
analysis=spatial_spd|dataset_id=17320|region=North America|climatezone=Cold_Without_dry_season_Cold_Summer,17320,North America,Cold - Cold Summer,0.5523778920308483,0.44762210796915164,0.10475578406169667,CCS
analysis=spatial_spd|dataset_id=308|region=North America|climatezone=Cold_Without_dry_season_Warm_Summer,308,North America,Cold - Warm Summer,0.3826053786000382,0.6173946213999618,-0.23478924279992364,CWS
analysis=spatial_spd|dataset_id=2385|region=North America|climatezone=Cold_Without_dry_season_Hot_Summer,2385,North America,Cold - Hot Summer,1,0,1,CHS
analysis=spatial_spd|dataset_id=26608|region=Europe|climatezone=Temperate_Dry_Summer,26608,Europe,Temperate - Dry Summer,0,1,-1,TDS
analysis=spatial_spd|dataset_id=20188|region=North America|climatezone=Polar,20188,North America,Polar,0,1,-1,POL
analysis=spatial_spd|dataset_id=3879|region=Europe|climatezone=Temperate_Without_dry_season,3879,Europe,Temperate,0.36794766966475884,0.6320523303352412,-0.2641046606704824,TMP
analysis=spatial_spd|dataset_id=15925|region=North America|climatezone=Cold_Without_dry_season_Warm_Summer,15925,North America,Cold - Warm Summer,0.18578485181119647,0.8142151481888036,-0.6284302963776072,CWS
analysis=spatial_spd|dataset_id=15919|region=North America|climatezone=Cold_Without_dry_season_Warm_Summer,15919,North America,Cold - Warm Summer,0.28074135677794937,0.7192586432220506,-0.4385172864441012,CWS
analysis=spatial_spd|dataset_id=1432|region=North America|climatezone=Cold_Dry_Summer,1432,North America,Cold - Dry Summer,0.1370067014147431,0.862993298585257,-0.7259865971705138,CDS
analysis=spatial_spd|dataset_id=48895|region=North America|climatezone=Cold_Without_dry_season_Warm_Summer,48895,North America,Cold - Warm Summer,0.2765428260531634,0.7234571739468366,-0.44691434789367324,CWS
analysis=spatial_spd|dataset_id=2373|region=North America|climatezone=Cold_Without_dry_season_Warm_Summer,2373,North America,Cold - Warm Summer,0.07847822091527294,0.9215217790847271,-0.8430435581694542,CWS
analysis=spatial_spd|dataset_id=518|region=North America|climatezone=Cold_Without_dry_season_Warm_Summer,518,North America,Cold - Warm Summer,1,0,1,CWS
analysis=spatial_spd|dataset_id=1445|region=North America|climatezone=Cold_Without_dry_season_Cold_Summer,1445,North America,Cold - Cold Summer,0.7456423499031634,0.25435765009683664,0.4912846998063267,CCS
analysis=spatial_spd|dataset_id=1835|region=North America|climatezone=Polar,1835,North America,Polar,0.12881985480330913,0.8711801451966908,-0.7423602903933817,POL
analysis=spatial_spd|dataset_id=15325|region=North America|climatezone=Cold_Without_dry_season_Warm_Summer,15325,North America,Cold - Warm Summer,0,1,-1,CWS
analysis=spatial_spd|dataset_id=1823|region=North America|climatezone=Polar,1823,North America,Polar,0.01947261663286004,0.98052738336714,-0.9610547667342799,POL
analysis=spatial_spd|dataset_id=966|region=North America|climatezone=Cold_Dry_Summer,966,North America,Cold - Dry Summer,0.6143451143451143,0.38565488565488565,0.22869022869022865,CDS
analysis=spatial_spd|dataset_id=4378|region=Europe|climatezone=Cold_Without_dry_season_Warm_Summer,4378,Europe,Cold - Warm Summer,0,1,-1,CWS
analysis=spatial_spd|dataset_id=40567|region=Europe|climatezone=Cold_Without_dry_season_Warm_Summer,40567,Europe,Cold - Warm Summer,0.9167473378509197,0.08325266214908035,0.8334946757018393,CWS
analysis=spatial_spd|dataset_id=532|region=North America|climatezone=Cold_Without_dry_season_Warm_Summer,532,North America,Cold - Warm Summer,0.42119244391971666,0.5788075560802833,-0.15761511216056667,CWS
analysis=spatial_spd|dataset_id=44941|region=Europe|climatezone=Cold_Without_dry_season_Cold_Summer,44941,Europe,Cold - Cold Summer,0.20267802799756546,0.7973219720024346,-0.5946439440048692,CCS
analysis=spatial_spd|dataset_id=48738|region=Europe|climatezone=Cold_Without_dry_season_Warm_Summer,48738,Europe,Cold - Warm Summer,0.022529441884280594,0.9774705581157194,-0.9549411162314387,CWS
analysis=spatial_spd|dataset_id=4168|region=Europe|climatezone=Cold_Without_dry_season_Cold_Summer,4168,Europe,Cold - Cold Summer,0.3750663129973475,0.6249336870026525,-0.249867374005305,CCS
analysis=spatial_spd|dataset_id=15713|region=North America|climatezone=Cold_Without_dry_season_Cold_Summer,15713,North America,Cold - Cold Summer,1,0,1,CCS
analysis=spatial_spd|dataset_id=22650|region=Europe|climatezone=Cold_Without_dry_season_Cold_Summer,22650,Europe,Cold - Cold Summer,0.0030706243602865915,0.9969293756397135,-0.9938587512794269,CCS
analysis=spatial_spd|dataset_id=26439|region=Europe|climatezone=Cold_Without_dry_season_Warm_Summer,26439,Europe,Cold - Warm Summer,0,1,-1,CWS
analysis=spatial_spd|dataset_id=4497|region=Europe|climatezone=Cold_Without_dry_season_Warm_Summer,4497,Europe,Cold - Warm Summer,0.04188051734756724,0.9581194826524329,-0.9162389653048656,CWS
analysis=spatial_spd|dataset_id=2634|region=North America|climatezone=Arid,2634,North America,Arid,0,1,-1,ARD
analysis=spatial_spd|dataset_id=2332|region=North America|climatezone=Cold_Without_dry_season_Warm_Summer,2332,North America,Cold - Warm Summer,0.35698723934018045,0.6430127606598195,-0.28602552131963904,CWS
analysis=spatial_spd|dataset_id=1776|region=North America|climatezone=Temperate_Without_dry_season,1776,North America,Temperate,0.17198386505317198,0.828016134946828,-0.656032269893656,TMP
analysis=spatial_spd|dataset_id=4092|region=Europe|climatezone=Cold_Without_dry_season_Cold_Summer,4092,Europe,Cold - Cold Summer,0.33534586855269966,0.6646541314473003,-0.3293082628946007,CCS
analysis=spatial_spd|dataset_id=18110|region=North America|climatezone=Cold_Without_dry_season_Warm_Summer,18110,North America,Cold - Warm Summer,0.5678455431252255,0.43215445687477444,0.13569108625045107,CWS
analysis=spatial_spd|dataset_id=3839|region=North America|climatezone=Cold_Without_dry_season_Warm_Summer,3839,North America,Cold - Warm Summer,0.7091237579042456,0.2908762420957543,0.41824751580849134,CWS
analysis=spatial_spd|dataset_id=2048|region=North America|climatezone=Cold_Without_dry_season_Warm_Summer,2048,North America,Cold - Warm Summer,0.28841980666798184,0.7115801933320182,-0.4231603866640363,CWS
analysis=spatial_spd|dataset_id=302|region=North America|climatezone=Cold_Without_dry_season_Cold_Summer,302,North America,Cold - Cold Summer,0,1,-1,CCS
analysis=spatial_spd|dataset_id=15103|region=Latin America|climatezone=Temperate_Dry_Summer,15103,Latin America,Temperate - Dry Summer,0,1,-1,TDS
analysis=spatial_spd|dataset_id=1391|region=North America|climatezone=Cold_Without_dry_season_Warm_Summer,1391,North America,Cold - Warm Summer,0.34475425330812853,0.6552457466918714,-0.3104914933837429,CWS
analysis=spatial_spd|dataset_id=208|region=North America|climatezone=Polar,208,North America,Polar,0.01890707862577819,0.9810929213742219,-0.9621858427484437,POL
analysis=spatial_spd|dataset_id=24053|region=Europe|climatezone=Cold_Without_dry_season_Cold_Summer,24053,Europe,Cold - Cold Summer,0.16112224448897797,0.8388777555110221,-0.6777555110220441,CCS
analysis=spatial_spd|dataset_id=1862|region=North America|climatezone=Cold_Without_dry_season_Warm_Summer,1862,North America,Cold - Warm Summer,0.27051076704039867,0.7294892329596014,-0.45897846591920277,CWS
analysis=spatial_spd|dataset_id=15244|region=North America|climatezone=Cold_Without_dry_season_Hot_Summer,15244,North America,Cold - Hot Summer,0.2937717187917669,0.7062282812082331,-0.4124565624164662,CHS
analysis=spatial_spd|dataset_id=2297|region=North America|climatezone=Polar,2297,North America,Polar,0.0454731667349447,0.9545268332650553,-0.9090536665301105,POL
analysis=spatial_spd|dataset_id=1883|region=North America|climatezone=Cold_Without_dry_season_Warm_Summer,1883,North America,Cold - Warm Summer,0.02762594179347023,0.9723740582065297,-0.9447481164130594,CWS
analysis=spatial_spd|dataset_id=3149|region=North America|climatezone=Cold_Without_dry_season_Cold_Summer,3149,North America,Cold - Cold Summer,0.34334379202151505,0.656656207978485,-0.31331241595696996,CCS
analysis=spatial_spd|dataset_id=701|region=North America|climatezone=Cold_Without_dry_season_Cold_Summer,701,North America,Cold - Cold Summer,0.42369385884509625,0.5763061411549038,-0.1526122823098075,CCS
analysis=spatial_spd|dataset_id=20223|region=Europe|climatezone=Cold_Without_dry_season_Warm_Summer,20223,Europe,Cold - Warm Summer,0,1,-1,CWS
analysis=spatial_spd|dataset_id=42649|region=Europe|climatezone=Temperate_Without_dry_season,42649,Europe,Temperate,0.18050292800551154,0.8194970719944884,-0.6389941439889768,TMP
analysis=spatial_spd|dataset_id=2324|region=North America|climatezone=Cold_Without_dry_season_Cold_Summer,2324,North America,Cold - Cold Summer,0.26089890673505195,0.739101093264948,-0.47820218652989605,CCS
analysis=spatial_spd|dataset_id=1698|region=North America|climatezone=Cold_Without_dry_season_Warm_Summer,1698,North America,Cold - Warm Summer,0.654894948591864,0.3451050514081359,0.3097898971837281,CWS
analysis=spatial_spd|dataset_id=15081|region=North America|climatezone=Temperate_Without_dry_season,15081,North America,Temperate,0.5626640873290037,0.43733591267099625,0.1253281746580075,TMP
analysis=spatial_spd|dataset_id=16217|region=Europe|climatezone=Temperate_Without_dry_season,16217,Europe,Temperate,0.5084388185654009,0.4915611814345992,0.016877637130801648,TMP
analysis=spatial_spd|dataset_id=41016|region=North America|climatezone=Cold_Without_dry_season_Hot_Summer,41016,North America,Cold - Hot Summer,0.17776828921150015,0.8222317107884999,-0.6444634215769998,CHS
analysis=spatial_spd|dataset_id=21772|region=North America|climatezone=Temperate_Without_dry_season,21772,North America,Temperate,0.9554285714285714,0.044571428571428574,0.9108571428571428,TMP
analysis=spatial_spd|dataset_id=45731|region=Europe|climatezone=Cold_Dry_Summer,45731,Europe,Cold - Dry Summer,0.7447504772293427,0.2552495227706572,0.4895009544586855,CDS
analysis=spatial_spd|dataset_id=41448|region=Europe|climatezone=Cold_Without_dry_season_Cold_Summer,41448,Europe,Cold - Cold Summer,0.23182441700960219,0.7681755829903978,-0.5363511659807956,CCS
analysis=spatial_spd|dataset_id=1571|region=North America|climatezone=Cold_Without_dry_season_Warm_Summer,1571,North America,Cold - Warm Summer,0.3491124260355029,0.650887573964497,-0.3017751479289941,CWS
analysis=spatial_spd|dataset_id=24861|region=Europe|climatezone=Temperate_Without_dry_season,24861,Europe,Temperate,0,1,-1,TMP
analysis=spatial_spd|dataset_id=21895|region=Latin America|climatezone=Tropical,21895,Latin America,Tropical,0.021012006861063463,0.9789879931389366,-0.9579759862778732,TRO
analysis=spatial_spd|dataset_id=22656|region=Europe|climatezone=Cold_Without_dry_season_Warm_Summer,22656,Europe,Cold - Warm Summer,0.10452114730189596,0.8954788526981041,-0.7909577053962081,CWS
analysis=spatial_spd|dataset_id=2661|region=North America|climatezone=Cold_Without_dry_season_Cold_Summer,2661,North America,Cold - Cold Summer,0,1,-1,CCS
analysis=spatial_spd|dataset_id=47604|region=Europe|climatezone=Polar,47604,Europe,Polar,0.0038068046633357128,0.9961931953366643,-0.9923863906733286,POL
analysis=spatial_spd|dataset_id=1617|region=North America|climatezone=Cold_Without_dry_season_Cold_Summer,1617,North America,Cold - Cold Summer,0.017619561308881697,0.9823804386911182,-0.9647608773822366,CCS
analysis=spatial_spd|dataset_id=48960|region=Europe|climatezone=Temperate_Without_dry_season,48960,Europe,Temperate,0.005905511811023622,0.9940944881889764,-0.9881889763779528,TMP
analysis=spatial_spd|dataset_id=22944|region=Europe|climatezone=Cold_Without_dry_season_Warm_Summer,22944,Europe,Cold - Warm Summer,1,0,1,CWS
analysis=spatial_spd|dataset_id=346|region=North America|climatezone=Cold_Without_dry_season_Warm_Summer,346,North America,Cold - Warm Summer,0.3048808697663659,0.695119130233634,-0.3902382604672681,CWS
analysis=spatial_spd|dataset_id=15762|region=North America|climatezone=Cold_Dry_Summer,15762,North America,Cold - Dry Summer,0.25012581781580273,0.7498741821841973,-0.4997483643683946,CDS
analysis=spatial_spd|dataset_id=2629|region=North America|climatezone=Cold_Without_dry_season_Warm_Summer,2629,North America,Cold - Warm Summer,0.2216748768472906,0.7783251231527094,-0.5566502463054188,CWS
analysis=spatial_spd|dataset_id=17419|region=North America|climatezone=Cold_Without_dry_season_Cold_Summer,17419,North America,Cold - Cold Summer,0.2329274748544203,0.7670725251455797,-0.5341450502911593,CCS
analysis=spatial_spd|dataset_id=3043|region=Oceania|climatezone=Temperate_Without_dry_season,3043,Oceania,Temperate,0.04394849785407726,0.9560515021459228,-0.9121030042918455,TMP
analysis=spatial_spd|dataset_id=3884|region=Europe|climatezone=Temperate_Without_dry_season,3884,Europe,Temperate,0,1,-1,TMP
analysis=spatial_spd|dataset_id=45391|region=Europe|climatezone=Cold_Without_dry_season_Warm_Summer,45391,Europe,Cold - Warm Summer,0.17409265269991148,0.8259073473000885,-0.651814694600177,CWS
analysis=spatial_spd|dataset_id=40951|region=Europe|climatezone=Cold_Without_dry_season_Warm_Summer,40951,Europe,Cold - Warm Summer,0.08,0.92,-0.8400000000000001,CWS
analysis=spatial_spd|dataset_id=22966|region=Europe|climatezone=Cold_Without_dry_season_Warm_Summer,22966,Europe,Cold - Warm Summer,0.05249343832020997,0.94750656167979,-0.8950131233595799,CWS
analysis=spatial_spd|dataset_id=3035|region=North America|climatezone=Cold_Without_dry_season_Warm_Summer,3035,North America,Cold - Warm Summer,0.44968064905920946,0.5503193509407907,-0.1006387018815812,CWS
analysis=spatial_spd|dataset_id=47110|region=Oceania|climatezone=Temperate_Without_dry_season,47110,Oceania,Temperate,0,1,-1,TMP
analysis=spatial_spd|dataset_id=1154|region=Latin America|climatezone=Temperate_Dry_Winter,1154,Latin America,Temperate - Dry Winter,0.3408848044453943,0.6591151955546057,-0.3182303911092114,TDW
analysis=spatial_spd|dataset_id=47555|region=North America|climatezone=Temperate_Without_dry_season,47555,North America,Temperate,1,0,1,TMP
analysis=spatial_spd|dataset_id=527|region=North America|climatezone=Cold_Dry_Summer,527,North America,Cold - Dry Summer,0.48359486447931527,0.5164051355206848,-0.03281027104136952,CDS
analysis=spatial_spd|dataset_id=46280|region=Europe|climatezone=Cold_Without_dry_season_Warm_Summer,46280,Europe,Cold - Warm Summer,0.6732142857142858,0.32678571428571435,0.3464285714285714,CWS
analysis=spatial_spd|dataset_id=21913|region=Latin America|climatezone=Tropical,21913,Latin America,Tropical,0.5608234560199625,0.4391765439800374,0.12164691203992511,TRO
analysis=spatial_spd|dataset_id=971|region=North America|climatezone=Cold_Without_dry_season_Warm_Summer,971,North America,Cold - Warm Summer,0.3436870865688812,0.6563129134311187,-0.31262582686223755,CWS
analysis=spatial_spd|dataset_id=4184|region=Europe|climatezone=Cold_Dry_Summer,4184,Europe,Cold - Dry Summer,0.01503307276007216,0.9849669272399278,-0.9699338544798557,CDS
analysis=spatial_spd|dataset_id=844|region=North America|climatezone=Cold_Without_dry_season_Cold_Summer,844,North America,Cold - Cold Summer,1,0,1,CCS
analysis=spatial_spd|dataset_id=1440|region=Europe|climatezone=Arid,1440,Europe,Arid,0,1,-1,ARD
analysis=spatial_spd|dataset_id=45319|region=Europe|climatezone=Arid,45319,Europe,Arid,0,1,-1,ARD
analysis=spatial_spd|dataset_id=45320|region=Europe|climatezone=Arid,45320,Europe,Arid,0,1,-1,ARD
analysis=spatial_spd|dataset_id=48816|region=North America|climatezone=Cold_Without_dry_season_Warm_Summer,48816,North America,Cold - Warm Summer,0.2656748140276302,0.7343251859723698,-0.46865037194473963,CWS
analysis=spatial_spd|dataset_id=42683|region=Europe|climatezone=Cold_Without_dry_season_Warm_Summer,42683,Europe,Cold - Warm Summer,0,1,-1,CWS
analysis=spatial_spd|dataset_id=21818|region=Latin America|climatezone=Polar,21818,Latin America,Polar,0.3606199519755512,0.6393800480244488,-0.2787600960488976,POL
analysis=spatial_spd|dataset_id=15276|region=North America|climatezone=Temperate_Without_dry_season,15276,North America,Temperate,0.2286096256684492,0.7713903743315509,-0.5427807486631017,TMP
analysis=spatial_spd|dataset_id=2626|region=North America|climatezone=Cold_Without_dry_season_Warm_Summer,2626,North America,Cold - Warm Summer,0.2729302645139127,0.7270697354860872,-0.4541394709721745,CWS
analysis=spatial_spd|dataset_id=2591|region=North America|climatezone=Cold_Without_dry_season_Warm_Summer,2591,North America,Cold - Warm Summer,0.4518578790344453,0.5481421209655546,-0.0962842419311093,CWS
analysis=spatial_spd|dataset_id=4239|region=Europe|climatezone=Cold_Without_dry_season_Cold_Summer,4239,Europe,Cold - Cold Summer,0.2126376507603566,0.7873623492396434,-0.5747246984792869,CCS
analysis=spatial_spd|dataset_id=2367|region=North America|climatezone=Cold_Without_dry_season_Cold_Summer,2367,North America,Cold - Cold Summer,0.43436406067677946,0.5656359393232205,-0.13127187864644108,CCS
analysis=spatial_spd|dataset_id=45343|region=Europe|climatezone=Cold_Without_dry_season_Cold_Summer,45343,Europe,Cold - Cold Summer,0.3543150099686699,0.6456849900313301,-0.2913699800626602,CCS
analysis=spatial_spd|dataset_id=26319|region=Europe|climatezone=Cold_Without_dry_season_Cold_Summer,26319,Europe,Cold - Cold Summer,0.17505870075658755,0.8249412992434125,-0.649882598486825,CCS
analysis=spatial_spd|dataset_id=684|region=North America|climatezone=Cold_Without_dry_season_Hot_Summer,684,North America,Cold - Hot Summer,0.5794481446241675,0.42055185537583256,0.15889628924833493,CHS
analysis=spatial_spd|dataset_id=19909|region=Europe|climatezone=Cold_Without_dry_season_Cold_Summer,19909,Europe,Cold - Cold Summer,0,1,-1,CCS
analysis=spatial_spd|dataset_id=45329|region=Europe|climatezone=Cold_Without_dry_season_Warm_Summer,45329,Europe,Cold - Warm Summer,0.7076468103084073,0.2923531896915927,0.4152936206168146,CWS
analysis=spatial_spd|dataset_id=26505|region=Europe|climatezone=Cold_Without_dry_season_Warm_Summer,26505,Europe,Cold - Warm Summer,0,1,-1,CWS
analysis=spatial_spd|dataset_id=1590|region=North America|climatezone=Cold_Without_dry_season_Cold_Summer,1590,North America,Cold - Cold Summer,0.061442006269592474,0.9385579937304075,-0.877115987460815,CCS
analysis=spatial_spd|dataset_id=24110|region=Europe|climatezone=Cold_Without_dry_season_Warm_Summer,24110,Europe,Cold - Warm Summer,0.9055501460564751,0.09444985394352481,0.8111002921129503,CWS
analysis=spatial_spd|dataset_id=43513|region=Europe|climatezone=Cold_Without_dry_season_Cold_Summer,43513,Europe,Cold - Cold Summer,0.14005949429846307,0.8599405057015369,-0.7198810114030738,CCS
analysis=spatial_spd|dataset_id=813|region=North America|climatezone=Cold_Without_dry_season_Hot_Summer,813,North America,Cold - Hot Summer,0.2555198285101822,0.7444801714898177,-0.48896034297963553,CHS
analysis=spatial_spd|dataset_id=16016|region=North America|climatezone=Arid,16016,North America,Arid,0,1,-1,ARD
analysis=spatial_spd|dataset_id=298|region=North America|climatezone=Cold_Without_dry_season_Warm_Summer,298,North America,Cold - Warm Summer,0.4038986354775828,0.5961013645224171,-0.19220272904483432,CWS
analysis=spatial_spd|dataset_id=782|region=North America|climatezone=Cold_Without_dry_season_Warm_Summer,782,North America,Cold - Warm Summer,1,0,1,CWS
analysis=spatial_spd|dataset_id=15831|region=North America|climatezone=Temperate_Without_dry_season,15831,North America,Temperate,0.38247683235046337,0.6175231676495366,-0.23504633529907326,TMP
analysis=spatial_spd|dataset_id=48624|region=Latin America|climatezone=Temperate_Dry_Summer,48624,Latin America,Temperate - Dry Summer,0.28520143597925807,0.7147985640207419,-0.42959712804148387,TDS
analysis=spatial_spd|dataset_id=1770|region=North America|climatezone=Cold_Without_dry_season_Cold_Summer,1770,North America,Cold - Cold Summer,0.08447637709558023,0.9155236229044198,-0.8310472458088396,CCS
analysis=spatial_spd|dataset_id=4517|region=Europe|climatezone=Cold_Without_dry_season_Warm_Summer,4517,Europe,Cold - Warm Summer,0,1,-1,CWS
analysis=spatial_spd|dataset_id=4398|region=Europe|climatezone=Cold_Without_dry_season_Warm_Summer,4398,Europe,Cold - Warm Summer,0.6365714285714286,0.3634285714285715,0.2731428571428571,CWS
analysis=spatial_spd|dataset_id=22849|region=Europe|climatezone=Cold_Without_dry_season_Warm_Summer,22849,Europe,Cold - Warm Summer,0.08855948308627899,0.9114405169137211,-0.822881033827442,CWS
analysis=spatial_spd|dataset_id=24356|region=Europe|climatezone=Temperate_Without_dry_season,24356,Europe,Temperate,0,1,-1,TMP
analysis=spatial_spd|dataset_id=1701|region=North America|climatezone=Cold_Without_dry_season_Warm_Summer,1701,North America,Cold - Warm Summer,0.2012987012987013,0.7987012987012988,-0.5974025974025975,CWS
analysis=spatial_spd|dataset_id=1707|region=North America|climatezone=Cold_Without_dry_season_Cold_Summer,1707,North America,Cold - Cold Summer,0.4584599797365755,0.5415400202634245,-0.08308004052684903,CCS
analysis=spatial_spd|dataset_id=23006|region=Europe|climatezone=Cold_Without_dry_season_Warm_Summer,23006,Europe,Cold - Warm Summer,0.2485875706214689,0.7514124293785311,-0.5028248587570623,CWS
analysis=spatial_spd|dataset_id=4154|region=Europe|climatezone=Cold_Without_dry_season_Warm_Summer,4154,Europe,Cold - Warm Summer,0.3590070019096117,0.6409929980903883,-0.28198599618077663,CWS
analysis=spatial_spd|dataset_id=1761|region=North America|climatezone=Cold_Without_dry_season_Cold_Summer,1761,North America,Cold - Cold Summer,0.48579545454545453,0.5142045454545454,-0.028409090909090884,CCS
analysis=spatial_spd|dataset_id=4355|region=Europe|climatezone=Polar,4355,Europe,Polar,0.09467174119885824,0.9053282588011418,-0.8106565176022835,POL
analysis=spatial_spd|dataset_id=40582|region=Europe|climatezone=Polar,40582,Europe,Polar,1,0,1,POL
analysis=spatial_spd|dataset_id=15130|region=Latin America|climatezone=Temperate_Without_dry_season,15130,Latin America,Temperate,0.07332053742802302,0.926679462571977,-0.853358925143954,TMP
analysis=spatial_spd|dataset_id=4041|region=Europe|climatezone=Cold_Without_dry_season_Cold_Summer,4041,Europe,Cold - Cold Summer,0.42800462886427515,0.5719953711357249,-0.1439907422714497,CCS
analysis=spatial_spd|dataset_id=22812|region=Europe|climatezone=Cold_Without_dry_season_Warm_Summer,22812,Europe,Cold - Warm Summer,0.10622710622710621,0.8937728937728938,-0.7875457875457876,CWS
analysis=spatial_spd|dataset_id=363|region=Europe|climatezone=Cold_Without_dry_season_Warm_Summer,363,Europe,Cold - Warm Summer,0.34467120181405897,0.6553287981859411,-0.31065759637188217,CWS
analysis=spatial_spd|dataset_id=1646|region=Latin America|climatezone=Polar,1646,Latin America,Polar,0.28987046081970697,0.710129539180293,-0.420259078360586,POL
analysis=spatial_spd|dataset_id=1679|region=Latin America|climatezone=Polar,1679,Latin America,Polar,0.31662413415967916,0.6833758658403208,-0.3667517316806417,POL
analysis=spatial_spd|dataset_id=1829|region=North America|climatezone=Cold_Without_dry_season_Warm_Summer,1829,North America,Cold - Warm Summer,0.2208407341622262,0.7791592658377738,-0.5583185316755477,CWS
analysis=spatial_spd|dataset_id=3558|region=North America|climatezone=Cold_Without_dry_season_Hot_Summer,3558,North America,Cold - Hot Summer,0.33185011709601875,0.6681498829039813,-0.3362997658079625,CHS
analysis=spatial_spd|dataset_id=14948|region=North America|climatezone=Polar,14948,North America,Polar,0.06656618939964833,0.9334338106003516,-0.8668676212007033,POL
analysis=spatial_spd|dataset_id=41399|region=Europe|climatezone=Cold_Without_dry_season_Warm_Summer,41399,Europe,Cold - Warm Summer,0,1,-1,CWS
analysis=spatial_spd|dataset_id=1670|region=North America|climatezone=Temperate_Without_dry_season,1670,North America,Temperate,0.8513363028953229,0.14866369710467706,0.7026726057906458,TMP
analysis=spatial_spd|dataset_id=1393|region=North America|climatezone=Cold_Without_dry_season_Cold_Summer,1393,North America,Cold - Cold Summer,0,1,-1,CCS
analysis=spatial_spd|dataset_id=42570|region=Europe|climatezone=Cold_Without_dry_season_Warm_Summer,42570,Europe,Cold - Warm Summer,0.2376411054885169,0.762358894511483,-0.5247177890229661,CWS
analysis=spatial_spd|dataset_id=46611|region=North America|climatezone=Cold_Without_dry_season_Cold_Summer,46611,North America,Cold - Cold Summer,0.41066184775242826,0.5893381522475718,-0.17867630449514355,CCS
analysis=spatial_spd|dataset_id=1763|region=North America|climatezone=Cold_Without_dry_season_Warm_Summer,1763,North America,Cold - Warm Summer,0.6071428571428571,0.39285714285714285,0.21428571428571425,CWS
analysis=spatial_spd|dataset_id=19901|region=Europe|climatezone=Cold_Without_dry_season_Warm_Summer,19901,Europe,Cold - Warm Summer,0,1,-1,CWS
analysis=spatial_spd|dataset_id=1980|region=North America|climatezone=Cold_Without_dry_season_Warm_Summer,1980,North America,Cold - Warm Summer,0.15111456713322963,0.8488854328667703,-0.6977708657335406,CWS
analysis=spatial_spd|dataset_id=20001|region=North America|climatezone=Temperate_Dry_Summer,20001,North America,Temperate - Dry Summer,0.06949352179034157,0.9305064782096584,-0.8610129564193167,TDS
analysis=spatial_spd|dataset_id=973|region=North America|climatezone=Cold_Without_dry_season_Warm_Summer,973,North America,Cold - Warm Summer,0.3749008408694272,0.6250991591305727,-0.25019831826114547,CWS
analysis=spatial_spd|dataset_id=1658|region=North America|climatezone=Cold_Without_dry_season_Warm_Summer,1658,North America,Cold - Warm Summer,0.06994693680656054,0.9300530631934394,-0.8601061263868789,CWS
analysis=spatial_spd|dataset_id=22367|region=Europe|climatezone=Polar,22367,Europe,Polar,0.06573589296102385,0.9342641070389761,-0.8685282140779522,POL
analysis=spatial_spd|dataset_id=4545|region=Europe|climatezone=Cold_Without_dry_season_Warm_Summer,4545,Europe,Cold - Warm Summer,0,1,-1,CWS
analysis=spatial_spd|dataset_id=15247|region=Latin America|climatezone=Temperate_Dry_Winter,15247,Latin America,Temperate - Dry Winter,0.12544802867383512,0.8745519713261648,-0.7491039426523297,TDW
analysis=spatial_spd|dataset_id=15356|region=North America|climatezone=Cold_Without_dry_season_Cold_Summer,15356,North America,Cold - Cold Summer,0.4258649093904448,0.5741350906095551,-0.14827018121911034,CCS
analysis=spatial_spd|dataset_id=14556|region=Europe|climatezone=Temperate_Without_dry_season,14556,Europe,Temperate,0.8321462488129155,0.16785375118708454,0.664292497625831,TMP
analysis=spatial_spd|dataset_id=48777|region=Europe|climatezone=Temperate_Without_dry_season,48777,Europe,Temperate,0.19084926355374493,0.809150736446255,-0.61830147289251,TMP
analysis=spatial_spd|dataset_id=3054|region=North America|climatezone=Arid,3054,North America,Arid,0.35703827651119013,0.64296172348881,-0.28592344697761984,ARD
analysis=spatial_spd|dataset_id=776|region=North America|climatezone=Cold_Without_dry_season_Warm_Summer,776,North America,Cold - Warm Summer,0.7168885774351786,0.2831114225648213,0.43377715487035734,CWS
analysis=spatial_spd|dataset_id=1880|region=Latin America|climatezone=Temperate_Without_dry_season,1880,Latin America,Temperate,0,1,-1,TMP
analysis=spatial_spd|dataset_id=4311|region=Europe|climatezone=Temperate_Without_dry_season,4311,Europe,Temperate,0.226610348468849,0.773389651531151,-0.546779303062302,TMP
analysis=spatial_spd|dataset_id=48976|region=Europe|climatezone=Temperate_Without_dry_season,48976,Europe,Temperate,0.2610198789974071,0.7389801210025929,-0.47796024200518583,TMP
analysis=spatial_spd|dataset_id=3482|region=North America|climatezone=Cold_Without_dry_season_Warm_Summer,3482,North America,Cold - Warm Summer,0.23808131032465635,0.7619186896753437,-0.5238373793506874,CWS
analysis=spatial_spd|dataset_id=15185|region=North America|climatezone=Cold_Without_dry_season_Cold_Summer,15185,North America,Cold - Cold Summer,0.1784658201426335,0.8215341798573665,-0.6430683597147331,CCS
analysis=spatial_spd|dataset_id=21580|region=Latin America|climatezone=Tropical,21580,Latin America,Tropical,0.22841726618705036,0.7715827338129495,-0.5431654676258991,TRO
analysis=spatial_spd|dataset_id=42681|region=Europe|climatezone=Cold_Without_dry_season_Warm_Summer,42681,Europe,Cold - Warm Summer,0.02782225780624499,0.972177742193755,-0.9443554843875099,CWS
analysis=spatial_spd|dataset_id=24319|region=Europe|climatezone=Cold_Without_dry_season_Cold_Summer,24319,Europe,Cold - Cold Summer,0,1,-1,CCS
analysis=spatial_spd|dataset_id=15734|region=North America|climatezone=Cold_Dry_Summer,15734,North America,Cold - Dry Summer,0.3665158371040724,0.6334841628959276,-0.2669683257918552,CDS
analysis=spatial_spd|dataset_id=691|region=North America|climatezone=Cold_Without_dry_season_Cold_Summer,691,North America,Cold - Cold Summer,0.1583294374318217,0.8416705625681783,-0.6833411251363566,CCS
analysis=spatial_spd|dataset_id=860|region=North America|climatezone=Cold_Without_dry_season_Warm_Summer,860,North America,Cold - Warm Summer,0.023567467652495382,0.9764325323475046,-0.9528650646950092,CWS
analysis=spatial_spd|dataset_id=22745|region=Europe|climatezone=Cold_Without_dry_season_Cold_Summer,22745,Europe,Cold - Cold Summer,0.47924737133370227,0.5207526286662978,-0.041505257332595524,CCS
analysis=spatial_spd|dataset_id=24321|region=Europe|climatezone=Cold_Without_dry_season_Warm_Summer,24321,Europe,Cold - Warm Summer,0.2621359223300971,0.7378640776699028,-0.4757281553398057,CWS
analysis=spatial_spd|dataset_id=1604|region=North America|climatezone=Polar,1604,North America,Polar,0,1,-1,POL
analysis=spatial_spd|dataset_id=45349|region=Europe|climatezone=Cold_Without_dry_season_Cold_Summer,45349,Europe,Cold - Cold Summer,0.20086206896551723,0.7991379310344827,-0.5982758620689654,CCS
analysis=spatial_spd|dataset_id=294|region=Latin America|climatezone=Temperate_Without_dry_season,294,Latin America,Temperate,0.03219315895372234,0.9678068410462777,-0.9356136820925554,TMP
analysis=spatial_spd|dataset_id=21917|region=Latin America|climatezone=Polar,21917,Latin America,Polar,0,1,-1,POL
analysis=spatial_spd|dataset_id=24042|region=Europe|climatezone=Cold_Without_dry_season_Warm_Summer,24042,Europe,Cold - Warm Summer,0,1,-1,CWS
analysis=spatial_spd|dataset_id=48984|region=Europe|climatezone=Cold_Without_dry_season_Warm_Summer,48984,Europe,Cold - Warm Summer,0,1,-1,CWS
analysis=spatial_spd|dataset_id=672|region=North America|climatezone=Cold_Without_dry_season_Warm_Summer,672,North America,Cold - Warm Summer,0.3819220627014357,0.6180779372985643,-0.2361558745971286,CWS
analysis=spatial_spd|dataset_id=15732|region=North America|climatezone=Cold_Without_dry_season_Warm_Summer,15732,North America,Cold - Warm Summer,0.0668804397617957,0.9331195602382043,-0.8662391204764086,CWS
analysis=spatial_spd|dataset_id=45713|region=Europe|climatezone=Cold_Without_dry_season_Cold_Summer,45713,Europe,Cold - Cold Summer,0.3980748663101604,0.6019251336898396,-0.20385026737967915,CCS
analysis=spatial_spd|dataset_id=1390|region=North America|climatezone=Cold_Without_dry_season_Cold_Summer,1390,North America,Cold - Cold Summer,0.015105740181268881,0.9848942598187311,-0.9697885196374623,CCS
analysis=spatial_spd|dataset_id=2671|region=North America|climatezone=Cold_Without_dry_season_Cold_Summer,2671,North America,Cold - Cold Summer,0.2244747511979359,0.7755252488020642,-0.5510504976041283,CCS
analysis=spatial_spd|dataset_id=16075|region=North America|climatezone=Cold_Dry_Summer,16075,North America,Cold - Dry Summer,0,1,-1,CDS
analysis=spatial_spd|dataset_id=4367|region=Europe|climatezone=Cold_Without_dry_season_Warm_Summer,4367,Europe,Cold - Warm Summer,0,1,-1,CWS
analysis=spatial_spd|dataset_id=19820|region=North America|climatezone=Temperate_Dry_Summer,19820,North America,Temperate - Dry Summer,0.07090839402069758,0.9290916059793024,-0.8581832119586048,TDS
analysis=spatial_spd|dataset_id=22894|region=Europe|climatezone=Cold_Without_dry_season_Cold_Summer,22894,Europe,Cold - Cold Summer,0.012646370023419205,0.9873536299765807,-0.9747072599531615,CCS
analysis=spatial_spd|dataset_id=2645|region=North America|climatezone=Cold_Without_dry_season_Hot_Summer,2645,North America,Cold - Hot Summer,0.4110539845758354,0.5889460154241645,-0.17789203084832905,CHS
analysis=spatial_spd|dataset_id=22890|region=Europe|climatezone=Cold_Without_dry_season_Warm_Summer,22890,Europe,Cold - Warm Summer,0.0801729873586161,0.9198270126413839,-0.8396540252827678,CWS
analysis=spatial_spd|dataset_id=253|region=North America|climatezone=Cold_Without_dry_season_Cold_Summer,253,North America,Cold - Cold Summer,0,1,-1,CCS
analysis=spatial_spd|dataset_id=2647|region=North America|climatezone=Cold_Without_dry_season_Cold_Summer,2647,North America,Cold - Cold Summer,0.12995862740326114,0.8700413725967389,-0.7400827451934777,CCS
analysis=spatial_spd|dataset_id=13097|region=North America|climatezone=Cold_Without_dry_season_Warm_Summer,13097,North America,Cold - Warm Summer,0.45781818181818185,0.5421818181818182,-0.08436363636363636,CWS
analysis=spatial_spd|dataset_id=15789|region=North America|climatezone=Polar,15789,North America,Polar,0.5182778229082047,0.4817221770917953,0.036555645816409355,POL
analysis=spatial_spd|dataset_id=221|region=North America|climatezone=Cold_Without_dry_season_Warm_Summer,221,North America,Cold - Warm Summer,0.4962018448182311,0.5037981551817688,-0.0075963103635377505,CWS
analysis=spatial_spd|dataset_id=15132|region=Latin America|climatezone=Temperate_Without_dry_season,15132,Latin America,Temperate,0,1,-1,TMP
analysis=spatial_spd|dataset_id=1814|region=North America|climatezone=Cold_Without_dry_season_Warm_Summer,1814,North America,Cold - Warm Summer,0.3910880829015544,0.6089119170984456,-0.21782383419689122,CWS
analysis=spatial_spd|dataset_id=22936|region=Europe|climatezone=Cold_Without_dry_season_Warm_Summer,22936,Europe,Cold - Warm Summer,0.1375679347826087,0.8624320652173914,-0.7248641304347827,CWS
analysis=spatial_spd|dataset_id=3041|region=North America|climatezone=Cold_Without_dry_season_Warm_Summer,3041,North America,Cold - Warm Summer,0.3826454161558371,0.617354583844163,-0.2347091676883259,CWS
analysis=spatial_spd|dataset_id=24057|region=Europe|climatezone=Polar,24057,Europe,Polar,0.21371371371371375,0.7862862862862863,-0.5725725725725725,POL
analysis=spatial_spd|dataset_id=1630|region=Oceania|climatezone=Temperate_Without_dry_season,1630,Oceania,Temperate,0.6446494464944649,0.355350553505535,0.28929889298892986,TMP
analysis=spatial_spd|dataset_id=2622|region=North America|climatezone=Cold_Without_dry_season_Cold_Summer,2622,North America,Cold - Cold Summer,0.3036831132731063,0.6963168867268936,-0.3926337734537873,CCS
analysis=spatial_spd|dataset_id=40875|region=North America|climatezone=Cold_Without_dry_season_Warm_Summer,40875,North America,Cold - Warm Summer,0.4008247422680412,0.5991752577319588,-0.19835051546391758,CWS
analysis=spatial_spd|dataset_id=2888|region=North America|climatezone=Cold_Without_dry_season_Warm_Summer,2888,North America,Cold - Warm Summer,0,1,-1,CWS
analysis=spatial_spd|dataset_id=17400|region=North America|climatezone=Polar,17400,North America,Polar,0.23638918159466105,0.763610818405339,-0.5272216368106779,POL
analysis=spatial_spd|dataset_id=24190|region=Europe|climatezone=Cold_Without_dry_season_Cold_Summer,24190,Europe,Cold - Cold Summer,0,1,-1,CCS
analysis=spatial_spd|dataset_id=20034|region=Europe|climatezone=Cold_Without_dry_season_Cold_Summer,20034,Europe,Cold - Cold Summer,0.10644910644910645,0.8935508935508936,-0.7871017871017871,CCS
analysis=spatial_spd|dataset_id=1030|region=North America|climatezone=Cold_Without_dry_season_Cold_Summer,1030,North America,Cold - Cold Summer,0.031183255019222554,0.9688167449807774,-0.9376334899615548,CCS
analysis=spatial_spd|dataset_id=1961|region=North America|climatezone=Cold_Without_dry_season_Warm_Summer,1961,North America,Cold - Warm Summer,0.2945374691188581,0.7054625308811419,-0.41092506176228377,CWS
analysis=spatial_spd|dataset_id=41025|region=North America|climatezone=Cold_Without_dry_season_Hot_Summer,41025,North America,Cold - Hot Summer,0,1,-1,CHS
analysis=spatial_spd|dataset_id=2644|region=North America|climatezone=Cold_Dry_Summer,2644,North America,Cold - Dry Summer,0.061550759392486006,0.9384492406075139,-0.8768984812150279,CDS
analysis=spatial_spd|dataset_id=1897|region=North America|climatezone=Cold_Without_dry_season_Hot_Summer,1897,North America,Cold - Hot Summer,0,1,-1,CHS
analysis=spatial_spd|dataset_id=2378|region=North America|climatezone=Cold_Without_dry_season_Warm_Summer,2378,North America,Cold - Warm Summer,0.369140625,0.630859375,-0.26171875,CWS
analysis=spatial_spd|dataset_id=1650|region=North America|climatezone=Cold_Without_dry_season_Cold_Summer,1650,North America,Cold - Cold Summer,0.13414905450500555,0.8658509454949944,-0.7317018909899888,CCS
analysis=spatial_spd|dataset_id=15309|region=North America|climatezone=Cold_Without_dry_season_Warm_Summer,15309,North America,Cold - Warm Summer,0.14211550940947434,0.8578844905905256,-0.7157689811810513,CWS
analysis=spatial_spd|dataset_id=355|region=Latin America|climatezone=Polar,355,Latin America,Polar,0.3727144866385373,0.6272855133614628,-0.2545710267229255,POL
analysis=spatial_spd|dataset_id=2351|region=North America|climatezone=Cold_Without_dry_season_Cold_Summer,2351,North America,Cold - Cold Summer,0.14738348323793948,0.8526165167620605,-0.705233033524121,CCS
analysis=spatial_spd|dataset_id=46457|region=Europe|climatezone=Cold_Without_dry_season_Cold_Summer,46457,Europe,Cold - Cold Summer,0.05767524401064773,0.9423247559893522,-0.8846495119787045,CCS
analysis=spatial_spd|dataset_id=1656|region=North America|climatezone=Cold_Without_dry_season_Cold_Summer,1656,North America,Cold - Cold Summer,0.6427027027027027,0.3572972972972973,0.2854054054054054,CCS
analysis=spatial_spd|dataset_id=3031|region=North America|climatezone=Cold_Without_dry_season_Hot_Summer,3031,North America,Cold - Hot Summer,0.26899242598117973,0.7310075740188203,-0.4620151480376406,CHS
analysis=spatial_spd|dataset_id=41222|region=Europe|climatezone=Temperate_Without_dry_season,41222,Europe,Temperate,0.12828601472134596,0.8717139852786541,-0.7434279705573081,TMP
analysis=spatial_spd|dataset_id=23008|region=Europe|climatezone=Cold_Without_dry_season_Warm_Summer,23008,Europe,Cold - Warm Summer,0,1,-1,CWS
analysis=spatial_spd|dataset_id=20306|region=North America|climatezone=Arid,20306,North America,Arid,1,0,1,ARD
analysis=spatial_spd|dataset_id=543|region=North America|climatezone=Cold_Without_dry_season_Cold_Summer,543,North America,Cold - Cold Summer,0.5246981339187706,0.4753018660812294,0.04939626783754125,CCS
analysis=spatial_spd|dataset_id=4147|region=Europe|climatezone=Temperate_Without_dry_season,4147,Europe,Temperate,0.24551355479190526,0.7544864452080946,-0.5089728904161893,TMP
analysis=spatial_spd|dataset_id=17406|region=North America|climatezone=Cold_Without_dry_season_Warm_Summer,17406,North America,Cold - Warm Summer,0.37308085977482086,0.626919140225179,-0.25383828045035817,CWS
analysis=spatial_spd|dataset_id=48935|region=Europe|climatezone=Arid,48935,Europe,Arid,0,1,-1,ARD
analysis=spatial_spd|dataset_id=40861|region=North America|climatezone=Cold_Without_dry_season_Hot_Summer,40861,North America,Cold - Hot Summer,0.24895104895104897,0.7510489510489511,-0.5020979020979022,CHS
analysis=spatial_spd|dataset_id=39474|region=North America|climatezone=Cold_Without_dry_season_Warm_Summer,39474,North America,Cold - Warm Summer,0.6948132780082987,0.30518672199170127,0.38962655601659746,CWS
analysis=spatial_spd|dataset_id=48361|region=North America|climatezone=Cold_Dry_Summer,48361,North America,Cold - Dry Summer,0,1,-1,CDS
analysis=spatial_spd|dataset_id=25|region=North America|climatezone=Cold_Without_dry_season_Cold_Summer,25,North America,Cold - Cold Summer,0.15588988476312418,0.8441101152368757,-0.6882202304737516,CCS
analysis=spatial_spd|dataset_id=1107|region=North America|climatezone=Polar,1107,North America,Polar,0,1,-1,POL
analysis=spatial_spd|dataset_id=14289|region=Europe|climatezone=Temperate_Without_dry_season,14289,Europe,Temperate,0.7402873869079297,0.2597126130920703,0.48057477381585945,TMP
analysis=spatial_spd|dataset_id=25767|region=Europe|climatezone=Polar,25767,Europe,Polar,0.24313725490196078,0.7568627450980392,-0.5137254901960784,POL
analysis=spatial_spd|dataset_id=15350|region=North America|climatezone=Cold_Without_dry_season_Warm_Summer,15350,North America,Cold - Warm Summer,0.7546648237733241,0.2453351762266759,0.5093296475466482,CWS
analysis=spatial_spd|dataset_id=16231|region=North America|climatezone=Cold_Without_dry_season_Warm_Summer,16231,North America,Cold - Warm Summer,0.5523168908819133,0.44768310911808673,0.10463378176382654,CWS
analysis=spatial_spd|dataset_id=2590|region=North America|climatezone=Cold_Without_dry_season_Cold_Summer,2590,North America,Cold - Cold Summer,0,1,-1,CCS
analysis=spatial_spd|dataset_id=17381|region=North America|climatezone=Cold_Without_dry_season_Cold_Summer,17381,North America,Cold - Cold Summer,0,1,-1,CCS
analysis=spatial_spd|dataset_id=4397|region=Europe|climatezone=Cold_Without_dry_season_Warm_Summer,4397,Europe,Cold - Warm Summer,0.3421197144426139,0.657880285557386,-0.31576057111477207,CWS
analysis=spatial_spd|dataset_id=15292|region=North America|climatezone=Cold_Without_dry_season_Warm_Summer,15292,North America,Cold - Warm Summer,0.2506086956521739,0.7493913043478262,-0.4987826086956523,CWS
analysis=spatial_spd|dataset_id=15306|region=Latin America|climatezone=Polar,15306,Latin America,Polar,0.058558558558558564,0.9414414414414415,-0.882882882882883,POL
analysis=spatial_spd|dataset_id=3500|region=North America|climatezone=Temperate_Without_dry_season,3500,North America,Temperate,0.40516169154228854,0.5948383084577115,-0.18967661691542292,TMP
analysis=spatial_spd|dataset_id=4330|region=Europe|climatezone=Cold_Without_dry_season_Warm_Summer,4330,Europe,Cold - Warm Summer,0,1,-1,CWS
analysis=spatial_spd|dataset_id=2476|region=North America|climatezone=Cold_Without_dry_season_Cold_Summer,2476,North America,Cold - Cold Summer,0,1,-1,CCS
analysis=spatial_spd|dataset_id=21700|region=Latin America|climatezone=Temperate_Without_dry_season,21700,Latin America,Temperate,0.29758635640988584,0.7024136435901142,-0.4048272871802283,TMP
analysis=spatial_spd|dataset_id=2382|region=North America|climatezone=Cold_Without_dry_season_Warm_Summer,2382,North America,Cold - Warm Summer,0.17702186740715026,0.8229781325928497,-0.6459562651856994,CWS
analysis=spatial_spd|dataset_id=24593|region=Europe|climatezone=Temperate_Without_dry_season,24593,Europe,Temperate,0.4620916375590713,0.5379083624409287,-0.07581672488185737,TMP
analysis=spatial_spd|dataset_id=2343|region=North America|climatezone=Cold_Without_dry_season_Warm_Summer,2343,North America,Cold - Warm Summer,0.1722905915045653,0.8277094084954346,-0.6554188169908693,CWS
analysis=spatial_spd|dataset_id=4501|region=Europe|climatezone=Cold_Without_dry_season_Cold_Summer,4501,Europe,Cold - Cold Summer,0.0815884476534296,0.9184115523465703,-0.8368231046931407,CCS
analysis=spatial_spd|dataset_id=41756|region=Europe|climatezone=Cold_Without_dry_season_Cold_Summer,41756,Europe,Cold - Cold Summer,0.0011802891708468574,0.9988197108291531,-0.9976394216583062,CCS
analysis=spatial_spd|dataset_id=22689|region=Europe|climatezone=Cold_Without_dry_season_Warm_Summer,22689,Europe,Cold - Warm Summer,0.12944162436548223,0.8705583756345178,-0.7411167512690355,CWS
analysis=spatial_spd|dataset_id=15136|region=North America|climatezone=Cold_Without_dry_season_Warm_Summer,15136,North America,Cold - Warm Summer,0.21428571428571427,0.7857142857142857,-0.5714285714285714,CWS
analysis=spatial_spd|dataset_id=20616|region=North America|climatezone=Cold_Without_dry_season_Cold_Summer,20616,North America,Cold - Cold Summer,0.324385510996119,0.6756144890038809,-0.35122897800776187,CCS
analysis=spatial_spd|dataset_id=3926|region=Europe|climatezone=Polar,3926,Europe,Polar,0.1529131985731272,0.8470868014268729,-0.6941736028537456,POL
analysis=spatial_spd|dataset_id=45379|region=Europe|climatezone=Cold_Without_dry_season_Warm_Summer,45379,Europe,Cold - Warm Summer,0.3828536684231861,0.617146331576814,-0.2342926631536279,CWS
analysis=spatial_spd|dataset_id=21770|region=North America|climatezone=Temperate_Without_dry_season,21770,North America,Temperate,0.27819738167170194,0.7218026183282981,-0.4436052366565961,TMP
analysis=spatial_spd|dataset_id=25773|region=Europe|climatezone=Cold_Without_dry_season_Warm_Summer,25773,Europe,Cold - Warm Summer,0.7151582454192116,0.2848417545807885,0.4303164908384231,CWS
analysis=spatial_spd|dataset_id=4256|region=Europe|climatezone=Temperate_Dry_Summer,4256,Europe,Temperate - Dry Summer,0.09525979945305377,0.9047402005469463,-0.8094804010938925,TDS
analysis=spatial_spd|dataset_id=1782|region=North America|climatezone=Cold_Without_dry_season_Hot_Summer,1782,North America,Cold - Hot Summer,0.7155788470700333,0.28442115292996667,0.4311576941400666,CHS
analysis=spatial_spd|dataset_id=2620|region=North America|climatezone=Arid,2620,North America,Arid,0.2605025520219867,0.7394974479780133,-0.4789948959560266,ARD
analysis=spatial_spd|dataset_id=4024|region=Europe|climatezone=Cold_Without_dry_season_Cold_Summer,4024,Europe,Cold - Cold Summer,0,1,-1,CCS
analysis=spatial_spd|dataset_id=489|region=North America|climatezone=Cold_Without_dry_season_Hot_Summer,489,North America,Cold - Hot Summer,0,1,-1,CHS
analysis=spatial_spd|dataset_id=24256|region=Europe|climatezone=Cold_Without_dry_season_Warm_Summer,24256,Europe,Cold - Warm Summer,0.1111347216319592,0.8888652783680407,-0.7777305567360815,CWS
analysis=spatial_spd|dataset_id=1716|region=North America|climatezone=Cold_Without_dry_season_Warm_Summer,1716,North America,Cold - Warm Summer,0.21875,0.78125,-0.5625,CWS
analysis=spatial_spd|dataset_id=26431|region=Europe|climatezone=Cold_Without_dry_season_Warm_Summer,26431,Europe,Cold - Warm Summer,0.05812356979405034,0.9418764302059497,-0.8837528604118994,CWS
analysis=spatial_spd|dataset_id=17296|region=North America|climatezone=Cold_Without_dry_season_Cold_Summer,17296,North America,Cold - Cold Summer,0.01104417670682731,0.9889558232931727,-0.9779116465863453,CCS
analysis=spatial_spd|dataset_id=19266|region=North America|climatezone=Polar,19266,North America,Polar,0,1,-1,POL
analysis=spatial_spd|dataset_id=15872|region=North America|climatezone=Temperate_Without_dry_season,15872,North America,Temperate,0.21737967914438502,0.7826203208556151,-0.56524064171123,TMP
analysis=spatial_spd|dataset_id=537|region=Latin America|climatezone=Polar,537,Latin America,Polar,0.3555900621118012,0.6444099378881987,-0.28881987577639745,POL
analysis=spatial_spd|dataset_id=47011|region=Latin America|climatezone=Temperate_Without_dry_season,47011,Latin America,Temperate,0.4164127122333478,0.5835872877666521,-0.16717457553330434,TMP
analysis=spatial_spd|dataset_id=14951|region=North America|climatezone=Cold_Dry_Summer,14951,North America,Cold - Dry Summer,0.028759736369083282,0.9712402636309166,-0.9424805272618334,CDS
analysis=spatial_spd|dataset_id=15420|region=North America|climatezone=Polar,15420,North America,Polar,0.514614499424626,0.485385500575374,0.029228998849252008,POL
analysis=spatial_spd|dataset_id=3138|region=North America|climatezone=Cold_Without_dry_season_Warm_Summer,3138,North America,Cold - Warm Summer,0.15068027210884355,0.8493197278911565,-0.698639455782313,CWS
analysis=spatial_spd|dataset_id=1691|region=North America|climatezone=Cold_Without_dry_season_Cold_Summer,1691,North America,Cold - Cold Summer,0.14532810271041371,0.8546718972895864,-0.7093437945791726,CCS
analysis=spatial_spd|dataset_id=22660|region=Europe|climatezone=Cold_Without_dry_season_Cold_Summer,22660,Europe,Cold - Cold Summer,0.29555979297194224,0.7044402070280578,-0.4088804140561155,CCS
analysis=spatial_spd|dataset_id=4148|region=Europe|climatezone=Temperate_Without_dry_season,4148,Europe,Temperate,9.721952167995334e-4,0.9990278047832005,-0.9980556095664009,TMP
analysis=spatial_spd|dataset_id=206|region=North America|climatezone=Polar,206,North America,Polar,0.141497461928934,0.8585025380710659,-0.7170050761421319,POL
analysis=spatial_spd|dataset_id=1105|region=North America|climatezone=Cold_Without_dry_season_Warm_Summer,1105,North America,Cold - Warm Summer,0.36192771084337344,0.6380722891566264,-0.27614457831325295,CWS
analysis=spatial_spd|dataset_id=1524|region=North America|climatezone=Cold_Without_dry_season_Warm_Summer,1524,North America,Cold - Warm Summer,0.3678940070867355,0.6321059929132645,-0.26421198582652905,CWS
analysis=spatial_spd|dataset_id=2652|region=North America|climatezone=Polar,2652,North America,Polar,0,1,-1,POL
analysis=spatial_spd|dataset_id=47590|region=Europe|climatezone=Temperate_Dry_Summer,47590,Europe,Temperate - Dry Summer,0.1966019417475728,0.8033980582524272,-0.6067961165048543,TDS
analysis=spatial_spd|dataset_id=48072|region=Europe|climatezone=Cold_Without_dry_season_Warm_Summer,48072,Europe,Cold - Warm Summer,0.07936507936507936,0.9206349206349206,-0.8412698412698412,CWS
analysis=spatial_spd|dataset_id=20872|region=North America|climatezone=Cold_Without_dry_season_Cold_Summer,20872,North America,Cold - Cold Summer,0.2289828146771946,0.7710171853228055,-0.5420343706456109,CCS
analysis=spatial_spd|dataset_id=209|region=North America|climatezone=Cold_Without_dry_season_Cold_Summer,209,North America,Cold - Cold Summer,0.17010535557506584,0.8298946444249341,-0.6597892888498682,CCS
analysis=spatial_spd|dataset_id=2065|region=North America|climatezone=Cold_Without_dry_season_Warm_Summer,2065,North America,Cold - Warm Summer,0.42844727694090384,0.5715527230590962,-0.14310544611819237,CWS
analysis=spatial_spd|dataset_id=25318|region=Europe|climatezone=Temperate_Without_dry_season,25318,Europe,Temperate,0,1,-1,TMP
analysis=spatial_spd|dataset_id=4485|region=Europe|climatezone=Cold_Without_dry_season_Warm_Summer,4485,Europe,Cold - Warm Summer,0.48754914809960676,0.5124508519003932,-0.024901703800786434,CWS
analysis=spatial_spd|dataset_id=969|region=North America|climatezone=Temperate_Without_dry_season,969,North America,Temperate,0.23143973549744515,0.7685602645025548,-0.5371205290051096,TMP
analysis=spatial_spd|dataset_id=20372|region=North America|climatezone=Cold_Dry_Summer,20372,North America,Cold - Dry Summer,0.19053981827899522,0.8094601817210049,-0.6189203634420096,CDS
analysis=spatial_spd|dataset_id=41543|region=Europe|climatezone=Temperate_Dry_Summer,41543,Europe,Temperate - Dry Summer,0.390546122074346,0.609453877925654,-0.21890775585130795,TDS
analysis=spatial_spd|dataset_id=41469|region=Europe|climatezone=Cold_Without_dry_season_Warm_Summer,41469,Europe,Cold - Warm Summer,0.1590909090909091,0.8409090909090909,-0.6818181818181819,CWS
analysis=spatial_spd|dataset_id=1773|region=North America|climatezone=Cold_Without_dry_season_Warm_Summer,1773,North America,Cold - Warm Summer,0.5352199323285143,0.4647800676714857,0.07043986465702856,CWS
analysis=spatial_spd|dataset_id=254|region=North America|climatezone=Cold_Without_dry_season_Warm_Summer,254,North America,Cold - Warm Summer,0.5961945031712473,0.40380549682875266,0.19238900634249467,CWS
analysis=spatial_spd|dataset_id=1693|region=North America|climatezone=Cold_Without_dry_season_Cold_Summer,1693,North America,Cold - Cold Summer,0,1,-1,CCS
analysis=spatial_spd|dataset_id=45188|region=Europe|climatezone=Temperate_Dry_Summer,45188,Europe,Temperate - Dry Summer,0.7785234899328859,0.22147651006711408,0.5570469798657718,TDS
analysis=spatial_spd|dataset_id=1981|region=North America|climatezone=Cold_Without_dry_season_Warm_Summer,1981,North America,Cold - Warm Summer,0.9984756097560976,0.0015243902439024389,0.9969512195121952,CWS
analysis=spatial_spd|dataset_id=4279|region=Europe|climatezone=Temperate_Without_dry_season,4279,Europe,Temperate,0.34578313253012044,0.6542168674698795,-0.30843373493975906,TMP
analysis=spatial_spd|dataset_id=22759|region=Europe|climatezone=Cold_Without_dry_season_Warm_Summer,22759,Europe,Cold - Warm Summer,0.6425576519916143,0.35744234800838576,0.28511530398322854,CWS
analysis=spatial_spd|dataset_id=2882|region=North America|climatezone=Cold_Without_dry_season_Cold_Summer,2882,North America,Cold - Cold Summer,0.011736382786638577,0.9882636172133614,-0.9765272344267228,CCS
analysis=spatial_spd|dataset_id=1577|region=Europe|climatezone=Temperate_Without_dry_season,1577,Europe,Temperate,0.35060847671002937,0.6493915232899706,-0.29878304657994126,TMP
analysis=spatial_spd|dataset_id=20515|region=North America|climatezone=Cold_Without_dry_season_Hot_Summer,20515,North America,Cold - Hot Summer,0.3293969849246231,0.6706030150753769,-0.3412060301507538,CHS
analysis=spatial_spd|dataset_id=2265|region=North America|climatezone=Cold_Without_dry_season_Warm_Summer,2265,North America,Cold - Warm Summer,0.2132768361581921,0.7867231638418078,-0.5734463276836157,CWS
analysis=spatial_spd|dataset_id=2925|region=North America|climatezone=Polar,2925,North America,Polar,0.1050964583933199,0.8949035416066802,-0.7898070832133602,POL
analysis=spatial_spd|dataset_id=17334|region=Europe|climatezone=Temperate_Without_dry_season,17334,Europe,Temperate,0.5824922004037438,0.41750779959625617,0.16498440080748766,TMP
analysis=spatial_spd|dataset_id=47005|region=Europe|climatezone=Temperate_Without_dry_season,47005,Europe,Temperate,0.589660434948493,0.4103395650515071,0.17932086989698587,TMP
analysis=spatial_spd|dataset_id=40799|region=North America|climatezone=Cold_Without_dry_season_Warm_Summer,40799,North America,Cold - Warm Summer,0,1,-1,CWS
analysis=spatial_spd|dataset_id=41585|region=North America|climatezone=Polar,41585,North America,Polar,0.5026014568158168,0.49739854318418314,0.0052029136316336655,POL
analysis=spatial_spd|dataset_id=15302|region=North America|climatezone=Cold_Without_dry_season_Hot_Summer,15302,North America,Cold - Hot Summer,0.1449063231850117,0.8550936768149884,-0.7101873536299766,CHS
analysis=spatial_spd|dataset_id=40854|region=North America|climatezone=Cold_Without_dry_season_Hot_Summer,40854,North America,Cold - Hot Summer,1,0,1,CHS
analysis=spatial_spd|dataset_id=2615|region=North America|climatezone=Cold_Without_dry_season_Warm_Summer,2615,North America,Cold - Warm Summer,0.3658909981628904,0.6341090018371096,-0.2682180036742192,CWS
analysis=spatial_spd|dataset_id=14884|region=North America|climatezone=Cold_Without_dry_season_Cold_Summer,14884,North America,Cold - Cold Summer,0,1,-1,CCS
analysis=spatial_spd|dataset_id=856|region=North America|climatezone=Cold_Without_dry_season_Cold_Summer,856,North America,Cold - Cold Summer,0,1,-1,CCS
analysis=spatial_spd|dataset_id=12|region=Europe|climatezone=Cold_Without_dry_season_Warm_Summer,12,Europe,Cold - Warm Summer,0.328685667418495,0.6713143325815051,-0.3426286651630101,CWS
analysis=spatial_spd|dataset_id=1820|region=North America|climatezone=Cold_Without_dry_season_Warm_Summer,1820,North America,Cold - Warm Summer,0.27983476132190943,0.7201652386780907,-0.44033047735618125,CWS
analysis=spatial_spd|dataset_id=15929|region=North America|climatezone=Cold_Without_dry_season_Warm_Summer,15929,North America,Cold - Warm Summer,0.3117614729321242,0.6882385270678758,-0.3764770541357516,CWS
analysis=spatial_spd|dataset_id=41842|region=Europe|climatezone=Polar,41842,Europe,Polar,0.23117897727272727,0.7688210227272727,-0.5376420454545454,POL
analysis=spatial_spd|dataset_id=45387|region=Europe|climatezone=Cold_Without_dry_season_Warm_Summer,45387,Europe,Cold - Warm Summer,0.35083569851781776,0.6491643014821823,-0.29832860296436453,CWS
analysis=spatial_spd|dataset_id=15142|region=North America|climatezone=Cold_Without_dry_season_Hot_Summer,15142,North America,Cold - Hot Summer,0.3075539568345324,0.6924460431654677,-0.38489208633093525,CHS
analysis=spatial_spd|dataset_id=852|region=North America|climatezone=Temperate_Without_dry_season,852,North America,Temperate,0.3266239707227813,0.6733760292772186,-0.3467520585544373,TMP
analysis=spatial_spd|dataset_id=4269|region=Europe|climatezone=Cold_Without_dry_season_Warm_Summer,4269,Europe,Cold - Warm Summer,0.035145888594164454,0.9648541114058354,-0.929708222811671,CWS
analysis=spatial_spd|dataset_id=25370|region=Europe|climatezone=Temperate_Without_dry_season,25370,Europe,Temperate,0.4525595044016955,0.5474404955983045,-0.09488099119660903,TMP
analysis=spatial_spd|dataset_id=25221|region=Europe|climatezone=Temperate_Without_dry_season,25221,Europe,Temperate,0.7396158999553373,0.2603841000446628,0.4792317999106745,TMP
analysis=spatial_spd|dataset_id=41018|region=North America|climatezone=Temperate_Without_dry_season,41018,North America,Temperate,0.12413793103448276,0.8758620689655172,-0.7517241379310344,TMP
analysis=spatial_spd|dataset_id=21774|region=North America|climatezone=Temperate_Without_dry_season,21774,North America,Temperate,0.28488909426987064,0.7151109057301294,-0.43022181146025873,TMP
analysis=spatial_spd|dataset_id=4012|region=Europe|climatezone=Temperate_Without_dry_season,4012,Europe,Temperate,0,1,-1,TMP
analysis=spatial_spd|dataset_id=41241|region=Europe|climatezone=Temperate_Without_dry_season,41241,Europe,Temperate,0.3883928571428572,0.6116071428571429,-0.2232142857142857,TMP
analysis=spatial_spd|dataset_id=41499|region=North America|climatezone=Cold_Dry_Summer,41499,North America,Cold - Dry Summer,0.04557569296375267,0.9544243070362474,-0.9088486140724947,CDS
analysis=spatial_spd|dataset_id=47564|region=Latin America|climatezone=Tropical,47564,Latin America,Tropical,0.25832438238453276,0.7416756176154672,-0.48335123523093443,TRO
analysis=spatial_spd|dataset_id=778|region=North America|climatezone=Cold_Without_dry_season_Cold_Summer,778,North America,Cold - Cold Summer,0.20464767616191906,0.795352323838081,-0.5907046476761619,CCS
analysis=spatial_spd|dataset_id=4320|region=Europe|climatezone=Cold_Without_dry_season_Warm_Summer,4320,Europe,Cold - Warm Summer,0.19655978623914497,0.8034402137608551,-0.6068804275217101,CWS
analysis=spatial_spd|dataset_id=1843|region=Asia|climatezone=Cold_Without_dry_season_Warm_Summer,1843,Asia,Cold - Warm Summer,0.1572779605263158,0.8427220394736842,-0.6854440789473684,CWS
analysis=spatial_spd|dataset_id=42566|region=Europe|climatezone=Cold_Without_dry_season_Warm_Summer,42566,Europe,Cold - Warm Summer,0.4758881070876952,0.5241118929123048,-0.048223785824609566,CWS
analysis=spatial_spd|dataset_id=21938|region=Latin America|climatezone=Polar,21938,Latin America,Polar,0.13196683555964991,0.8680331644403501,-0.7360663288807001,POL
analysis=spatial_spd|dataset_id=2342|region=North America|climatezone=Cold_Without_dry_season_Warm_Summer,2342,North America,Cold - Warm Summer,0.1636604774535809,0.8363395225464192,-0.6726790450928383,CWS
analysis=spatial_spd|dataset_id=3871|region=Europe|climatezone=Temperate_Without_dry_season,3871,Europe,Temperate,0.43749999999999994,0.5625,-0.12500000000000006,TMP
analysis=spatial_spd|dataset_id=41228|region=Europe|climatezone=Temperate_Without_dry_season,41228,Europe,Temperate,0.016695957820738138,0.9833040421792619,-0.9666080843585237,TMP
analysis=spatial_spd|dataset_id=24441|region=Europe|climatezone=Cold_Without_dry_season_Warm_Summer,24441,Europe,Cold - Warm Summer,0,1,-1,CWS
analysis=spatial_spd|dataset_id=40795|region=North America|climatezone=Cold_Without_dry_season_Warm_Summer,40795,North America,Cold - Warm Summer,0.3309738833292653,0.6690261166707347,-0.33805223334146944,CWS
analysis=spatial_spd|dataset_id=21915|region=Latin America|climatezone=Tropical,21915,Latin America,Tropical,0.21886730863391543,0.7811326913660845,-0.5622653827321691,TRO
analysis=spatial_spd|dataset_id=14523|region=Europe|climatezone=Temperate_Without_dry_season,14523,Europe,Temperate,0.34361434772675353,0.6563856522732465,-0.312771304546493,TMP
analysis=spatial_spd|dataset_id=25344|region=Europe|climatezone=Temperate_Without_dry_season,25344,Europe,Temperate,0.422037422037422,0.5779625779625779,-0.15592515592515588,TMP
analysis=spatial_spd|dataset_id=41502|region=Europe|climatezone=Temperate_Without_dry_season,41502,Europe,Temperate,0.17927063339731283,0.820729366602687,-0.6414587332053742,TMP
analysis=spatial_spd|dataset_id=772|region=North America|climatezone=Cold_Without_dry_season_Warm_Summer,772,North America,Cold - Warm Summer,0.060565870910698504,0.9394341290893016,-0.878868258178603,CWS
analysis=spatial_spd|dataset_id=46645|region=North America|climatezone=Cold_Without_dry_season_Cold_Summer,46645,North America,Cold - Cold Summer,0.3337704918032787,0.6662295081967213,-0.3324590163934426,CCS
analysis=spatial_spd|dataset_id=3452|region=North America|climatezone=Cold_Without_dry_season_Warm_Summer,3452,North America,Cold - Warm Summer,0.8976992604765818,0.10230073952341823,0.7953985209531635,CWS
analysis=spatial_spd|dataset_id=3910|region=Europe|climatezone=Temperate_Without_dry_season,3910,Europe,Temperate,0.037684482017481015,0.962315517982519,-0.924631035965038,TMP
analysis=spatial_spd|dataset_id=48735|region=Europe|climatezone=Cold_Without_dry_season_Cold_Summer,48735,Europe,Cold - Cold Summer,0.13933064324709232,0.8606693567529076,-0.7213387135058152,CCS
analysis=spatial_spd|dataset_id=48614|region=Latin America|climatezone=Temperate_Without_dry_season,48614,Latin America,Temperate,0,1,-1,TMP
analysis=spatial_spd|dataset_id=22352|region=Europe|climatezone=Cold_Without_dry_season_Warm_Summer,22352,Europe,Cold - Warm Summer,0,1,-1,CWS
analysis=spatial_spd|dataset_id=15876|region=North America|climatezone=Arid,15876,North America,Arid,0,1,-1,ARD
analysis=spatial_spd|dataset_id=45710|region=Europe|climatezone=Cold_Without_dry_season_Cold_Summer,45710,Europe,Cold - Cold Summer,0.44598842018196855,0.5540115798180314,-0.10802315963606285,CCS
analysis=spatial_spd|dataset_id=17945|region=North America|climatezone=Cold_Without_dry_season_Warm_Summer,17945,North America,Cold - Warm Summer,0.16956521739130434,0.8304347826086956,-0.6608695652173913,CWS
analysis=spatial_spd|dataset_id=3875|region=Europe|climatezone=Cold_Without_dry_season_Warm_Summer,3875,Europe,Cold - Warm Summer,0.103,0.897,-0.794,CWS
analysis=spatial_spd|dataset_id=15719|region=North America|climatezone=Polar,15719,North America,Polar,0,1,-1,POL
analysis=spatial_spd|dataset_id=2955|region=North America|climatezone=Polar,2955,North America,Polar,0.24351747463359638,0.7564825253664036,-0.5129650507328072,POL
analysis=spatial_spd|dataset_id=22910|region=Europe|climatezone=Cold_Without_dry_season_Warm_Summer,22910,Europe,Cold - Warm Summer,1,0,1,CWS
analysis=spatial_spd|dataset_id=16061|region=North America|climatezone=Cold_Dry_Summer,16061,North America,Cold - Dry Summer,0,1,-1,CDS
analysis=spatial_spd|dataset_id=549|region=North America|climatezone=Cold_Without_dry_season_Cold_Summer,549,North America,Cold - Cold Summer,0.050477773161611963,0.949522226838388,-0.8990444536767761,CCS
analysis=spatial_spd|dataset_id=45719|region=Europe|climatezone=Cold_Without_dry_season_Warm_Summer,45719,Europe,Cold - Warm Summer,0.26956215931070865,0.7304378406892914,-0.46087568137858276,CWS
analysis=spatial_spd|dataset_id=2610|region=North America|climatezone=Cold_Without_dry_season_Warm_Summer,2610,North America,Cold - Warm Summer,0.5153359868883165,0.48466401311168344,0.030671973776633055,CWS
analysis=spatial_spd|dataset_id=20838|region=North America|climatezone=Cold_Without_dry_season_Cold_Summer,20838,North America,Cold - Cold Summer,0,1,-1,CCS
analysis=spatial_spd|dataset_id=24390|region=Europe|climatezone=Temperate_Dry_Summer,24390,Europe,Temperate - Dry Summer,0.023429610179761664,0.9765703898202384,-0.9531407796404767,TDS
analysis=spatial_spd|dataset_id=21319|region=North America|climatezone=Cold_Without_dry_season_Cold_Summer,21319,North America,Cold - Cold Summer,0.09498152709359606,0.9050184729064039,-0.8100369458128078,CCS
analysis=spatial_spd|dataset_id=15740|region=North America|climatezone=Cold_Without_dry_season_Warm_Summer,15740,North America,Cold - Warm Summer,0.5069672131147541,0.49303278688524593,0.01393442622950819,CWS
analysis=spatial_spd|dataset_id=16275|region=North America|climatezone=Cold_Without_dry_season_Cold_Summer,16275,North America,Cold - Cold Summer,0.11901913875598086,0.8809808612440191,-0.7619617224880382,CCS
analysis=spatial_spd|dataset_id=2303|region=North America|climatezone=Polar,2303,North America,Polar,0.17359568390986985,0.8264043160901301,-0.6528086321802602,POL
analysis=spatial_spd|dataset_id=1574|region=North America|climatezone=Cold_Without_dry_season_Hot_Summer,1574,North America,Cold - Hot Summer,0.34863876472978467,0.6513612352702154,-0.3027224705404307,CHS
analysis=spatial_spd|dataset_id=2962|region=North America|climatezone=Cold_Without_dry_season_Cold_Summer,2962,North America,Cold - Cold Summer,0.09858702633269108,0.9014129736673089,-0.8028259473346178,CCS
analysis=spatial_spd|dataset_id=1780|region=North America|climatezone=Cold_Without_dry_season_Cold_Summer,1780,North America,Cold - Cold Summer,0.35602450646698436,0.6439754935330156,-0.2879509870660313,CCS
analysis=spatial_spd|dataset_id=22797|region=Europe|climatezone=Cold_Without_dry_season_Cold_Summer,22797,Europe,Cold - Cold Summer,0.19515985790408527,0.8048401420959147,-0.6096802841918294,CCS
analysis=spatial_spd|dataset_id=2318|region=North America|climatezone=Cold_Without_dry_season_Warm_Summer,2318,North America,Cold - Warm Summer,0.135936582501468,0.864063417498532,-0.728126834997064,CWS
analysis=spatial_spd|dataset_id=20|region=Europe|climatezone=Cold_Without_dry_season_Cold_Summer,20,Europe,Cold - Cold Summer,0.29123468426013194,0.7087653157398681,-0.4175306314797362,CCS
analysis=spatial_spd|dataset_id=2919|region=North America|climatezone=Cold_Without_dry_season_Hot_Summer,2919,North America,Cold - Hot Summer,1,0,1,CHS
analysis=spatial_spd|dataset_id=20758|region=North America|climatezone=Temperate_Dry_Summer,20758,North America,Temperate - Dry Summer,0.07975188303057155,0.9202481169694285,-0.840496233938857,TDS
analysis=spatial_spd|dataset_id=24097|region=Europe|climatezone=Cold_Without_dry_season_Warm_Summer,24097,Europe,Cold - Warm Summer,0,1,-1,CWS
analysis=spatial_spd|dataset_id=501|region=North America|climatezone=Cold_Without_dry_season_Cold_Summer,501,North America,Cold - Cold Summer,0.16369278510473234,0.8363072148952676,-0.6726144297905352,CCS
analysis=spatial_spd|dataset_id=1848|region=North America|climatezone=Cold_Without_dry_season_Warm_Summer,1848,North America,Cold - Warm Summer,0.44356435643564357,0.5564356435643565,-0.11287128712871292,CWS
analysis=spatial_spd|dataset_id=45385|region=Europe|climatezone=Cold_Without_dry_season_Warm_Summer,45385,Europe,Cold - Warm Summer,0.014942751795070831,0.9850572482049291,-0.9701144964098583,CWS
analysis=spatial_spd|dataset_id=2908|region=Latin America|climatezone=Cold_Dry_Summer,2908,Latin America,Cold - Dry Summer,0.05365249690466364,0.9463475030953363,-0.8926950061906727,CDS
analysis=spatial_spd|dataset_id=22683|region=Europe|climatezone=Cold_Without_dry_season_Cold_Summer,22683,Europe,Cold - Cold Summer,0.07634470792365529,0.9236552920763448,-0.84731058415268945,CCS
analysis=spatial_spd|dataset_id=17711|region=North America|climatezone=Cold_Without_dry_season_Cold_Summer,17711,North America,Cold - Cold Summer,0.19464197122540103,0.8053580287745989,-0.6107160575491979,CCS
analysis=spatial_spd|dataset_id=2023|region=North America|climatezone=Cold_Without_dry_season_Warm_Summer,2023,North America,Cold - Warm Summer,0.3471189591078067,0.6528810408921933,-0.30576208178438663,CWS
analysis=spatial_spd|dataset_id=336|region=North America|climatezone=Cold_Without_dry_season_Cold_Summer,336,North America,Cold - Cold Summer,0.4327054327054327,0.5672945672945673,-0.13458913458913457,CCS
analysis=spatial_spd|dataset_id=14525|region=Europe|climatezone=Temperate_Without_dry_season,14525,Europe,Temperate,0.18604322644441304,0.8139567735555869,-0.6279135471111739,TMP
analysis=spatial_spd|dataset_id=1667|region=North America|climatezone=Cold_Without_dry_season_Warm_Summer,1667,North America,Cold - Warm Summer,0.5126069858894285,0.48739301411057134,0.025213971778857203,CWS
analysis=spatial_spd|dataset_id=41491|region=Europe|climatezone=Cold_Without_dry_season_Warm_Summer,41491,Europe,Cold - Warm Summer,0.20535534527884033,0.7946446547211596,-0.5892893094423193,CWS
analysis=spatial_spd|dataset_id=48621|region=Latin America|climatezone=Temperate_Without_dry_season,48621,Latin America,Temperate,0,1,-1,TMP
analysis=spatial_spd|dataset_id=48889|region=North America|climatezone=Cold_Without_dry_season_Warm_Summer,48889,North America,Cold - Warm Summer,0.8177905308464849,0.18220946915351507,0.6355810616929698,CWS
analysis=spatial_spd|dataset_id=45400|region=Europe|climatezone=Cold_Without_dry_season_Warm_Summer,45400,Europe,Cold - Warm Summer,1,0,1,CWS
analysis=spatial_spd|dataset_id=805|region=North America|climatezone=Cold_Without_dry_season_Hot_Summer,805,North America,Cold - Hot Summer,0.23692660550458716,0.7630733944954128,-0.5261467889908256,CHS
analysis=spatial_spd|dataset_id=22992|region=Europe|climatezone=Cold_Without_dry_season_Cold_Summer,22992,Europe,Cold - Cold Summer,0.547441058079356,0.4525589419206441,0.09488211615871184,CCS
analysis=spatial_spd|dataset_id=15768|region=North America|climatezone=Temperate_Dry_Summer,15768,North America,Temperate - Dry Summer,0.037166085946573744,0.9628339140534261,-0.9256678281068523,TDS
analysis=spatial_spd|dataset_id=41911|region=Europe|climatezone=Temperate_Dry_Summer,41911,Europe,Temperate - Dry Summer,0.035573122529644265,0.9644268774703557,-0.9288537549407114,TDS
analysis=spatial_spd|dataset_id=22316|region=Europe|climatezone=Cold_Without_dry_season_Warm_Summer,22316,Europe,Cold - Warm Summer,0.28368623676612126,0.7163137632338787,-0.4326275264677575,CWS
analysis=spatial_spd|dataset_id=219|region=North America|climatezone=Cold_Without_dry_season_Warm_Summer,219,North America,Cold - Warm Summer,0.05310902193633514,0.9468909780636648,-0.8937819561273297,CWS
analysis=spatial_spd|dataset_id=4364|region=Europe|climatezone=Cold_Without_dry_season_Warm_Summer,4364,Europe,Cold - Warm Summer,1,0,1,CWS
analysis=spatial_spd|dataset_id=21606|region=Latin America|climatezone=Arid,21606,Latin America,Arid,0.40198711063372716,0.5980128893662728,-0.19602577873254567,ARD
analysis=spatial_spd|dataset_id=2586|region=North America|climatezone=Cold_Without_dry_season_Warm_Summer,2586,North America,Cold - Warm Summer,0.2574671445639188,0.7425328554360813,-0.4850657108721625,CWS
analysis=spatial_spd|dataset_id=41614|region=North America|climatezone=Cold_Without_dry_season_Cold_Summer,41614,North America,Cold - Cold Summer,0.2942311816427193,0.7057688183572808,-0.4115376367145615,CCS
analysis=spatial_spd|dataset_id=15138|region=North America|climatezone=Cold_Without_dry_season_Warm_Summer,15138,North America,Cold - Warm Summer,0.22327692942633098,0.776723070573669,-0.5534461411473379,CWS
analysis=spatial_spd|dataset_id=24250|region=Europe|climatezone=Cold_Without_dry_season_Warm_Summer,24250,Europe,Cold - Warm Summer,0,1,-1,CWS
analysis=spatial_spd|dataset_id=24414|region=Europe|climatezone=Cold_Without_dry_season_Warm_Summer,24414,Europe,Cold - Warm Summer,0,1,-1,CWS
analysis=spatial_spd|dataset_id=3493|region=North America|climatezone=Cold_Without_dry_season_Warm_Summer,3493,North America,Cold - Warm Summer,0.33976833976833976,0.6602316602316602,-0.3204633204633205,CWS
analysis=spatial_spd|dataset_id=15855|region=North America|climatezone=Cold_Without_dry_season_Cold_Summer,15855,North America,Cold - Cold Summer,0.04060913705583757,0.9593908629441625,-0.918781725888325,CCS
analysis=spatial_spd|dataset_id=974|region=North America|climatezone=Cold_Without_dry_season_Warm_Summer,974,North America,Cold - Warm Summer,0.29652621846519617,0.7034737815348038,-0.4069475630696076,CWS
analysis=spatial_spd|dataset_id=16054|region=North America|climatezone=Cold_Dry_Summer,16054,North America,Cold - Dry Summer,0.1651702207257763,0.8348297792742237,-0.6696595585484475,CDS
analysis=spatial_spd|dataset_id=45117|region=Europe|climatezone=Cold_Without_dry_season_Cold_Summer,45117,Europe,Cold - Cold Summer,0.11763302314483415,0.8823669768551659,-0.7647339537103317,CCS
analysis=spatial_spd|dataset_id=679|region=North America|climatezone=Cold_Without_dry_season_Warm_Summer,679,North America,Cold - Warm Summer,0.29835142742259757,0.7016485725774025,-0.40329714515480497,CWS
analysis=spatial_spd|dataset_id=15778|region=North America|climatezone=Cold_Dry_Summer,15778,North America,Cold - Dry Summer,0.5177092511013216,0.4822907488986784,0.0354185022026432,CDS
analysis=spatial_spd|dataset_id=47537|region=Europe|climatezone=Temperate_Dry_Summer,47537,Europe,Temperate - Dry Summer,0,1,-1,TDS
analysis=spatial_spd|dataset_id=15214|region=North America|climatezone=Cold_Without_dry_season_Cold_Summer,15214,North America,Cold - Cold Summer,1,0,1,CCS
analysis=spatial_spd|dataset_id=790|region=North America|climatezone=Cold_Without_dry_season_Cold_Summer,790,North America,Cold - Cold Summer,0.4701770736253495,0.5298229263746504,-0.059645852749300954,CCS
analysis=spatial_spd|dataset_id=2663|region=North America|climatezone=Temperate_Without_dry_season,2663,North America,Temperate,0.24869866975130137,0.7513013302486987,-0.5026026604973973,TMP
analysis=spatial_spd|dataset_id=1013|region=North America|climatezone=Cold_Without_dry_season_Warm_Summer,1013,North America,Cold - Warm Summer,0.4523502897617515,0.5476497102382486,-0.09529942047649709,CWS
analysis=spatial_spd|dataset_id=16175|region=North America|climatezone=Cold_Without_dry_season_Hot_Summer,16175,North America,Cold - Hot Summer,0.2206167138388202,0.7793832861611798,-0.5587665723223596,CHS
analysis=spatial_spd|dataset_id=16238|region=North America|climatezone=Cold_Without_dry_season_Cold_Summer,16238,North America,Cold - Cold Summer,0,1,-1,CCS
analysis=spatial_spd|dataset_id=40797|region=North America|climatezone=Cold_Without_dry_season_Warm_Summer,40797,North America,Cold - Warm Summer,0.4217147280820592,0.5782852719179408,-0.1565705438358816,CWS
analysis=spatial_spd|dataset_id=16103|region=North America|climatezone=Cold_Without_dry_season_Warm_Summer,16103,North America,Cold - Warm Summer,0.9069767441860465,0.09302325581395349,0.8139534883720929,CWS
analysis=spatial_spd|dataset_id=40452|region=Europe|climatezone=Cold_Without_dry_season_Warm_Summer,40452,Europe,Cold - Warm Summer,0.07640449438202247,0.9235955056179775,-0.8471910112359551,CWS
analysis=spatial_spd|dataset_id=1569|region=North America|climatezone=Cold_Without_dry_season_Cold_Summer,1569,North America,Cold - Cold Summer,0.09939148073022312,0.9006085192697769,-0.8012170385395538,CCS
analysis=spatial_spd|dataset_id=15|region=Latin America|climatezone=Arid,15,Latin America,Arid,0,1,-1,ARD
analysis=spatial_spd|dataset_id=14549|region=North America|climatezone=Cold_Dry_Summer,14549,North America,Cold - Dry Summer,0.8243992606284658,0.1756007393715342,0.6487985212569316,CDS
analysis=spatial_spd|dataset_id=843|region=North America|climatezone=Cold_Without_dry_season_Cold_Summer,843,North America,Cold - Cold Summer,0.23931226765799254,0.7606877323420075,-0.521375464684015,CCS
analysis=spatial_spd|dataset_id=41748|region=Europe|climatezone=Polar,41748,Europe,Polar,0,1,-1,POL
analysis=spatial_spd|dataset_id=1434|region=Europe|climatezone=Cold_Without_dry_season_Warm_Summer,1434,Europe,Cold - Warm Summer,0.15561913845175648,0.8443808615482435,-0.6887617230964871,CWS
analysis=spatial_spd|dataset_id=808|region=North America|climatezone=Temperate_Dry_Summer,808,North America,Temperate - Dry Summer,0.27780867630700784,0.7221913236929922,-0.4443826473859844,TDS
analysis=spatial_spd|dataset_id=40666|region=North America|climatezone=Temperate_Without_dry_season,40666,North America,Temperate,1,0,1,TMP
analysis=spatial_spd|dataset_id=2335|region=Europe|climatezone=Temperate_Dry_Summer,2335,Europe,Temperate - Dry Summer,1,0,1,TDS
analysis=spatial_spd|dataset_id=4385|region=Europe|climatezone=Temperate_Without_dry_season,4385,Europe,Temperate,0.30777860882572927,0.6922213911742707,-0.38444278234854146,TMP
analysis=spatial_spd|dataset_id=4133|region=Europe|climatezone=Cold_Without_dry_season_Cold_Summer,4133,Europe,Cold - Cold Summer,0.4468881609733271,0.5531118390266729,-0.10622367805334582,CCS
analysis=spatial_spd|dataset_id=25763|region=Europe|climatezone=Polar,25763,Europe,Polar,0.1902103907256333,0.8097896092743666,-0.6195792185487333,POL
analysis=spatial_spd|dataset_id=20285|region=Europe|climatezone=Polar,20285,Europe,Polar,0.21513944223107573,0.7848605577689244,-0.5697211155378487,POL
analysis=spatial_spd|dataset_id=17354|region=North America|climatezone=Cold_Without_dry_season_Cold_Summer,17354,North America,Cold - Cold Summer,0.029917121487770367,0.9700828785122296,-0.9401657570244593,CCS
analysis=spatial_spd|dataset_id=2594|region=Latin America|climatezone=Temperate_Without_dry_season,2594,Latin America,Temperate,0,1,-1,TMP
analysis=spatial_spd|dataset_id=4150|region=Europe|climatezone=Temperate_Without_dry_season,4150,Europe,Temperate,0.14755959137343927,0.8524404086265607,-0.70488081725312135,TMP
analysis=spatial_spd|dataset_id=4011|region=Europe|climatezone=Cold_Without_dry_season_Warm_Summer,4011,Europe,Cold - Warm Summer,0.46006695361071254,0.5399330463892874,-0.07986609277857487,CWS
analysis=spatial_spd|dataset_id=720|region=Europe|climatezone=Polar,720,Europe,Polar,0.09424842919284679,0.9057515708071533,-0.8115031416143065,POL
analysis=spatial_spd|dataset_id=2959|region=North America|climatezone=Cold_Without_dry_season_Hot_Summer,2959,North America,Cold - Hot Summer,0.3142719846227775,0.6857280153772224,-0.3714560307544449,CHS
analysis=spatial_spd|dataset_id=20649|region=North America|climatezone=Polar,20649,North America,Polar,0.20070422535211266,0.7992957746478873,-0.5985915492957746,POL
analysis=spatial_spd|dataset_id=41001|region=North America|climatezone=Cold_Without_dry_season_Hot_Summer,41001,North America,Cold - Hot Summer,0.2038653366583541,0.7961346633416458,-0.5922693266832917,CHS
analysis=spatial_spd|dataset_id=45704|region=Europe|climatezone=Cold_Without_dry_season_Cold_Summer,45704,Europe,Cold - Cold Summer,0.2834484522895881,0.7165515477104119,-0.43310309542082376,CCS
analysis=spatial_spd|dataset_id=1854|region=North America|climatezone=Cold_Without_dry_season_Cold_Summer,1854,North America,Cold - Cold Summer,0.6588602654176425,0.3411397345823576,0.31772053083528495,CCS
analysis=spatial_spd|dataset_id=1157|region=North America|climatezone=Cold_Without_dry_season_Warm_Summer,1157,North America,Cold - Warm Summer,0.019601100412654747,0.9803988995873453,-0.9607977991746905,CWS
analysis=spatial_spd|dataset_id=4360|region=Europe|climatezone=Cold_Without_dry_season_Cold_Summer,4360,Europe,Cold - Cold Summer,0,1,-1,CCS
analysis=spatial_spd|dataset_id=45639|region=Europe|climatezone=Cold_Without_dry_season_Cold_Summer,45639,Europe,Cold - Cold Summer,0.07730894069046917,0.9226910593095309,-0.8453821186190618,CCS
analysis=spatial_spd|dataset_id=45389|region=Europe|climatezone=Cold_Without_dry_season_Warm_Summer,45389,Europe,Cold - Warm Summer,0.25748086290883787,0.7425191370911622,-0.48503827418232437,CWS
analysis=spatial_spd|dataset_id=22950|region=Europe|climatezone=Cold_Without_dry_season_Warm_Summer,22950,Europe,Cold - Warm Summer,1,0,1,CWS
analysis=spatial_spd|dataset_id=539|region=North America|climatezone=Temperate_Without_dry_season,539,North America,Temperate,0.7862271540469974,0.2137728459530026,0.5724543080939948,TMP
analysis=spatial_spd|dataset_id=26520|region=Europe|climatezone=Polar,26520,Europe,Polar,0.07869481765834933,0.9213051823416506,-0.8426103646833013,POL
analysis=spatial_spd|dataset_id=773|region=North America|climatezone=Cold_Without_dry_season_Warm_Summer,773,North America,Cold - Warm Summer,0.06713780918727914,0.9328621908127208,-0.8657243816254416,CWS
analysis=spatial_spd|dataset_id=4524|region=Europe|climatezone=Temperate_Without_dry_season,4524,Europe,Temperate,0.16023738872403562,0.8397626112759644,-0.6795252225519288,TMP
analysis=spatial_spd|dataset_id=15296|region=North America|climatezone=Cold_Without_dry_season_Warm_Summer,15296,North America,Cold - Warm Summer,0.1959114139693356,0.8040885860306644,-0.6081771720613287,CWS
analysis=spatial_spd|dataset_id=16129|region=North America|climatezone=Cold_Without_dry_season_Hot_Summer,16129,North America,Cold - Hot Summer,0.5318681318681319,0.46813186813186813,0.06373626373626373,CHS
analysis=spatial_spd|dataset_id=17377|region=North America|climatezone=Cold_Dry_Summer,17377,North America,Cold - Dry Summer,0.130188679245283,0.8698113207547169,-0.7396226415094339,CDS
analysis=spatial_spd|dataset_id=4466|region=Europe|climatezone=Cold_Without_dry_season_Warm_Summer,4466,Europe,Cold - Warm Summer,0,1,-1,CWS
analysis=spatial_spd|dataset_id=22980|region=Europe|climatezone=Arid,22980,Europe,Arid,0,1,-1,ARD
analysis=spatial_spd|dataset_id=26514|region=Europe|climatezone=Cold_Without_dry_season_Warm_Summer,26514,Europe,Cold - Warm Summer,0.3147777332799359,0.685222266720064,-0.3704445334401281,CWS
analysis=spatial_spd|dataset_id=4314|region=Europe|climatezone=Cold_Without_dry_season_Warm_Summer,4314,Europe,Cold - Warm Summer,0.5791583166332664,0.42084168336673344,0.158316633266533,CWS
analysis=spatial_spd|dataset_id=872|region=Latin America|climatezone=Temperate_Without_dry_season,872,Latin America,Temperate,0.02244844688071,0.97755155311929,-0.95510310623858,TMP
analysis=spatial_spd|dataset_id=723|region=Europe|climatezone=Cold_Without_dry_season_Warm_Summer,723,Europe,Cold - Warm Summer,0.10880040578239919,0.8911995942176009,-0.7823991884352017,CWS
analysis=spatial_spd|dataset_id=48950|region=Europe|climatezone=Cold_Without_dry_season_Warm_Summer,48950,Europe,Cold - Warm Summer,0.05413444378346223,0.9458655562165378,-0.8917311124330756,CWS
analysis=spatial_spd|dataset_id=48818|region=North America|climatezone=Cold_Without_dry_season_Warm_Summer,48818,North America,Cold - Warm Summer,0.3799559471365639,0.6200440528634361,-0.24008810572687223,CWS
analysis=spatial_spd|dataset_id=45105|region=Europe|climatezone=Cold_Dry_Summer,45105,Europe,Cold - Dry Summer,0,1,-1,CDS
analysis=spatial_spd|dataset_id=48363|region=North America|climatezone=Cold_Dry_Summer,48363,North America,Cold - Dry Summer,0.992422390613542,0.007577609386458078,0.9848447812270839,CDS
analysis=spatial_spd|dataset_id=17363|region=North America|climatezone=Temperate_Without_dry_season,17363,North America,Temperate,0.7265642906257163,0.27343570937428374,0.4531285812514325,TMP
analysis=spatial_spd|dataset_id=3058|region=North America|climatezone=Cold_Without_dry_season_Warm_Summer,3058,North America,Cold - Warm Summer,0.4836956521739131,0.5163043478260869,-0.032608695652173836,CWS
analysis=spatial_spd|dataset_id=22847|region=Europe|climatezone=Cold_Without_dry_season_Warm_Summer,22847,Europe,Cold - Warm Summer,0.23701512163050623,0.7629848783694937,-0.5259697567389875,CWS
analysis=spatial_spd|dataset_id=991|region=North America|climatezone=Arid,991,North America,Arid,0.7379278012189404,0.26207219878105953,0.4758556024378809,ARD
analysis=spatial_spd|dataset_id=41764|region=Europe|climatezone=Cold_Without_dry_season_Cold_Summer,41764,Europe,Cold - Cold Summer,0.5621139327385037,0.4378860672614962,0.12422786547700754,CCS
analysis=spatial_spd|dataset_id=24317|region=Europe|climatezone=Cold_Without_dry_season_Cold_Summer,24317,Europe,Cold - Cold Summer,0.04640953276889308,0.953590467231107,-0.9071809344622139,CCS
analysis=spatial_spd|dataset_id=2899|region=Latin America|climatezone=Temperate_Dry_Summer,2899,Latin America,Temperate - Dry Summer,0,1,-1,TDS
analysis=spatial_spd|dataset_id=20397|region=North America|climatezone=Cold_Without_dry_season_Warm_Summer,20397,North America,Cold - Warm Summer,0.49710295647006386,0.5028970435299361,-0.005794087059872277,CWS
analysis=spatial_spd|dataset_id=1824|region=North America|climatezone=Cold_Without_dry_season_Hot_Summer,1824,North America,Cold - Hot Summer,0,1,-1,CHS
analysis=spatial_spd|dataset_id=48685|region=North America|climatezone=Cold_Without_dry_season_Hot_Summer,48685,North America,Cold - Hot Summer,0.2466,0.7534,-0.5067999999999999,CHS
analysis=spatial_spd|dataset_id=25786|region=Latin America|climatezone=Tropical,25786,Latin America,Tropical,0.33103448275862074,0.6689655172413793,-0.3379310344827586,TRO
analysis=spatial_spd|dataset_id=525|region=North America|climatezone=Polar,525,North America,Polar,0.020331728196896735,0.9796682718031032,-0.9593365436062065,POL
analysis=spatial_spd|dataset_id=16269|region=North America|climatezone=Cold_Without_dry_season_Cold_Summer,16269,North America,Cold - Cold Summer,0.2697585071350165,0.7302414928649835,-0.46048298572996704,CCS
analysis=spatial_spd|dataset_id=22723|region=Europe|climatezone=Temperate_Without_dry_season,22723,Europe,Temperate,0.37504621072088723,0.6249537892791127,-0.24990757855822548,TMP
analysis=spatial_spd|dataset_id=4200|region=Europe|climatezone=Cold_Without_dry_season_Cold_Summer,4200,Europe,Cold - Cold Summer,0.5136283185840709,0.48637168141592924,0.02725663716814164,CCS
analysis=spatial_spd|dataset_id=46477|region=Europe|climatezone=Cold_Without_dry_season_Warm_Summer,46477,Europe,Cold - Warm Summer,0,1,-1,CWS
analysis=spatial_spd|dataset_id=374|region=Europe|climatezone=Temperate_Without_dry_season,374,Europe,Temperate,0.3063533507397737,0.6936466492602262,-0.3872932985204525,TMP
analysis=spatial_spd|dataset_id=999|region=North America|climatezone=Cold_Without_dry_season_Hot_Summer,999,North America,Cold - Hot Summer,0.39568081991215226,0.6043191800878477,-0.20863836017569543,CHS
analysis=spatial_spd|dataset_id=1435|region=Europe|climatezone=Cold_Without_dry_season_Warm_Summer,1435,Europe,Cold - Warm Summer,0.05168756027000964,0.9483124397299902,-0.8966248794599806,CWS
analysis=spatial_spd|dataset_id=853|region=North America|climatezone=Cold_Without_dry_season_Cold_Summer,853,North America,Cold - Cold Summer,0.4654768870684611,0.534523112931539,-0.0690462258630779,CCS
analysis=spatial_spd|dataset_id=4369|region=Europe|climatezone=Cold_Without_dry_season_Warm_Summer,4369,Europe,Cold - Warm Summer,0.41743119266055045,0.5825688073394496,-0.16513761467889915,CWS
analysis=spatial_spd|dataset_id=332|region=North America|climatezone=Cold_Without_dry_season_Warm_Summer,332,North America,Cold - Warm Summer,0.368338802937959,0.6316611970620409,-0.2633223941240819,CWS
analysis=spatial_spd|dataset_id=22971|region=Europe|climatezone=Cold_Without_dry_season_Warm_Summer,22971,Europe,Cold - Warm Summer,0.017293233082706767,0.9827067669172933,-0.9654135338345865,CWS
analysis=spatial_spd|dataset_id=3488|region=North America|climatezone=Cold_Without_dry_season_Hot_Summer,3488,North America,Cold - Hot Summer,0.25668449197860965,0.7433155080213902,-0.4866310160427806,CHS
analysis=spatial_spd|dataset_id=1768|region=North America|climatezone=Cold_Without_dry_season_Warm_Summer,1768,North America,Cold - Warm Summer,0,1,-1,CWS
analysis=spatial_spd|dataset_id=45324|region=Europe|climatezone=Temperate_Dry_Summer,45324,Europe,Temperate - Dry Summer,0.35648277793335204,0.6435172220666481,-0.28703444413329604,TDS
analysis=spatial_spd|dataset_id=46680|region=North America|climatezone=Cold_Without_dry_season_Cold_Summer,46680,North America,Cold - Cold Summer,0.278848692896752,0.7211513071032479,-0.4423026142064959,CCS
analysis=spatial_spd|dataset_id=2954|region=North America|climatezone=Cold_Without_dry_season_Cold_Summer,2954,North America,Cold - Cold Summer,0,1,-1,CCS
analysis=spatial_spd|dataset_id=531|region=Europe|climatezone=Cold_Without_dry_season_Warm_Summer,531,Europe,Cold - Warm Summer,0.6430635838150289,0.3569364161849711,0.28612716763005785,CWS
analysis=spatial_spd|dataset_id=19814|region=North America|climatezone=Cold_Dry_Summer,19814,North America,Cold - Dry Summer,0.1927990708478513,0.8072009291521487,-0.6144018583042974,CDS
analysis=spatial_spd|dataset_id=4118|region=Europe|climatezone=Cold_Without_dry_season_Warm_Summer,4118,Europe,Cold - Warm Summer,0.052347320315745745,0.9476526796842543,-0.8953053593685085,CWS
analysis=spatial_spd|dataset_id=1966|region=North America|climatezone=Cold_Without_dry_season_Warm_Summer,1966,North America,Cold - Warm Summer,0.5103392892993375,0.4896607107006625,0.020678578598674946,CWS
analysis=spatial_spd|dataset_id=15191|region=North America|climatezone=Temperate_Without_dry_season,15191,North America,Temperate,1,0,1,TMP
analysis=spatial_spd|dataset_id=45725|region=Europe|climatezone=Cold_Without_dry_season_Warm_Summer,45725,Europe,Cold - Warm Summer,0.2941034897713598,0.7058965102286402,-0.4117930204572804,CWS
analysis=spatial_spd|dataset_id=19834|region=North America|climatezone=Cold_Without_dry_season_Hot_Summer,19834,North America,Cold - Hot Summer,0,1,-1,CHS
analysis=spatial_spd|dataset_id=40793|region=North America|climatezone=Cold_Without_dry_season_Hot_Summer,40793,North America,Cold - Hot Summer,0.2531611514662362,0.7468388485337638,-0.4936776970675276,CHS
analysis=spatial_spd|dataset_id=4375|region=Europe|climatezone=Temperate_Without_dry_season,4375,Europe,Temperate,0.13236549957301452,0.8676345004269855,-0.7352690008539711,TMP
analysis=spatial_spd|dataset_id=15976|region=North America|climatezone=Cold_Without_dry_season_Cold_Summer,15976,North America,Cold - Cold Summer,0.04422604422604423,0.9557739557739557,-0.9115479115479115,CCS
analysis=spatial_spd|dataset_id=517|region=North America|climatezone=Cold_Dry_Summer,517,North America,Cold - Dry Summer,0.1454849498327759,0.8545150501672241,-0.7090301003344481,CDS
analysis=spatial_spd|dataset_id=849|region=North America|climatezone=Cold_Without_dry_season_Warm_Summer,849,North America,Cold - Warm Summer,0.2694748990190421,0.7305251009809579,-0.4610502019619158,CWS
analysis=spatial_spd|dataset_id=41189|region=Europe|climatezone=Temperate_Without_dry_season,41189,Europe,Temperate,0.6602446483180429,0.3397553516819572,0.32048929663608566,TMP
analysis=spatial_spd|dataset_id=1987|region=North America|climatezone=Cold_Without_dry_season_Cold_Summer,1987,North America,Cold - Cold Summer,0.20889564721535828,0.7911043527846418,-0.5822087055692835,CCS
analysis=spatial_spd|dataset_id=22662|region=Europe|climatezone=Cold_Without_dry_season_Cold_Summer,22662,Europe,Cold - Cold Summer,0.021681522524692843,0.9783184774753071,-0.9566369549506143,CCS
analysis=spatial_spd|dataset_id=841|region=North America|climatezone=Cold_Without_dry_season_Cold_Summer,841,North America,Cold - Cold Summer,0,1,-1,CCS
analysis=spatial_spd|dataset_id=17880|region=North America|climatezone=Cold_Without_dry_season_Warm_Summer,17880,North America,Cold - Warm Summer,0.10804911323328785,0.8919508867667121,-0.7839017735334243,CWS
analysis=spatial_spd|dataset_id=24993|region=Europe|climatezone=Cold_Without_dry_season_Cold_Summer,24993,Europe,Cold - Cold Summer,0.4881811395869619,0.511818860413038,-0.023637720826076125,CCS
analysis=spatial_spd|dataset_id=40627|region=Europe|climatezone=Cold_Without_dry_season_Warm_Summer,40627,Europe,Cold - Warm Summer,0.39665471923536444,0.6033452807646357,-0.20669056152927123,CWS
analysis=spatial_spd|dataset_id=15368|region=North America|climatezone=Arid,15368,North America,Arid,0,1,-1,ARD
analysis=spatial_spd|dataset_id=3972|region=Europe|climatezone=Temperate_Without_dry_season,3972,Europe,Temperate,0.4529014844804319,0.5470985155195681,-0.09419703103913624,TMP
analysis=spatial_spd|dataset_id=45393|region=Europe|climatezone=Cold_Without_dry_season_Warm_Summer,45393,Europe,Cold - Warm Summer,0,1,-1,CWS
analysis=spatial_spd|dataset_id=42542|region=Europe|climatezone=Cold_Without_dry_season_Cold_Summer,42542,Europe,Cold - Cold Summer,0,1,-1,CCS
analysis=spatial_spd|dataset_id=45312|region=Europe|climatezone=Polar,45312,Europe,Polar,0.11915240423797882,0.8808475957620213,-0.7616951915240425,POL
analysis=spatial_spd|dataset_id=21790|region=Europe|climatezone=Cold_Without_dry_season_Cold_Summer,21790,Europe,Cold - Cold Summer,0.6524249422632794,0.34757505773672054,0.30484988452655887,CCS
analysis=spatial_spd|dataset_id=45642|region=Europe|climatezone=Cold_Without_dry_season_Cold_Summer,45642,Europe,Cold - Cold Summer,0.008512284774617917,0.9914877152253821,-0.9829754304507642,CCS
analysis=spatial_spd|dataset_id=41634|region=Europe|climatezone=Temperate_Without_dry_season,41634,Europe,Temperate,0,1,-1,TMP
analysis=spatial_spd|dataset_id=1153|region=North America|climatezone=Cold_Without_dry_season_Warm_Summer,1153,North America,Cold - Warm Summer,0.23772841275528486,0.7622715872447151,-0.5245431744894302,CWS
analysis=spatial_spd|dataset_id=22400|region=North America|climatezone=Cold_Without_dry_season_Cold_Summer,22400,North America,Cold - Cold Summer,0.5113871635610766,0.48861283643892345,0.02277432712215316,CCS
analysis=spatial_spd|dataset_id=22346|region=Europe|climatezone=Cold_Without_dry_season_Warm_Summer,22346,Europe,Cold - Warm Summer,0,1,-1,CWS
analysis=spatial_spd|dataset_id=4410|region=Europe|climatezone=Temperate_Without_dry_season,4410,Europe,Temperate,0.6043623144501666,0.39563768554983336,0.20872462890033328,TMP
analysis=spatial_spd|dataset_id=48986|region=Europe|climatezone=Temperate_Without_dry_season,48986,Europe,Temperate,0.6722565460429539,0.3277434539570462,0.34451309208590775,TMP
analysis=spatial_spd|dataset_id=41612|region=North America|climatezone=Polar,41612,North America,Polar,0,1,-1,POL
analysis=spatial_spd|dataset_id=47687|region=North America|climatezone=Arid,47687,North America,Arid,0.561380515508956,0.43861948449104415,0.1227610310179118,ARD
analysis=spatial_spd|dataset_id=22669|region=Europe|climatezone=Temperate_Without_dry_season,22669,Europe,Temperate,0.13157894736842105,0.868421052631579,-0.736842105263158,TMP
analysis=spatial_spd|dataset_id=4258|region=Europe|climatezone=Cold_Without_dry_season_Cold_Summer,4258,Europe,Cold - Cold Summer,0,1,-1,CCS
analysis=spatial_spd|dataset_id=16009|region=North America|climatezone=Temperate_Without_dry_season,16009,North America,Temperate,0.7979166666666667,0.20208333333333334,0.5958333333333334,TMP
analysis=spatial_spd|dataset_id=48358|region=Europe|climatezone=Polar,48358,Europe,Polar,0.07649092480553155,0.9235090751944685,-0.8470181503889369,POL
analysis=spatial_spd|dataset_id=1028|region=North America|climatezone=Polar,1028,North America,Polar,0.09820334830543079,0.9017966516945692,-0.8035933033891385,POL
analysis=spatial_spd|dataset_id=1715|region=North America|climatezone=Cold_Without_dry_season_Warm_Summer,1715,North America,Cold - Warm Summer,0.19559661883231766,0.8044033811676823,-0.6088067623353646,CWS
analysis=spatial_spd|dataset_id=258|region=North America|climatezone=Cold_Without_dry_season_Cold_Summer,258,North America,Cold - Cold Summer,0.07839388145315487,0.921606118546845,-0.8432122370936902,CCS
analysis=spatial_spd|dataset_id=43533|region=Europe|climatezone=Temperate_Without_dry_season,43533,Europe,Temperate,0.362111494819931,0.6378885051800691,-0.27577701036013813,TMP
analysis=spatial_spd|dataset_id=47502|region=Latin America|climatezone=Temperate_Without_dry_season,47502,Latin America,Temperate,0.9754932502596054,0.0245067497403946,0.9509865005192109,TMP
analysis=spatial_spd|dataset_id=2266|region=North America|climatezone=Cold_Without_dry_season_Warm_Summer,2266,North America,Cold - Warm Summer,0.6299072091363311,0.3700927908636688,0.25981441827266233,CWS
analysis=spatial_spd|dataset_id=24055|region=Europe|climatezone=Cold_Without_dry_season_Cold_Summer,24055,Europe,Cold - Cold Summer,0.22510618216139688,0.7748938178386031,-0.5497876356772062,CCS
analysis=spatial_spd|dataset_id=287|region=North America|climatezone=Cold_Without_dry_season_Hot_Summer,287,North America,Cold - Hot Summer,0.13102665910380032,0.8689733408961996,-0.7379466817923993,CHS
analysis=spatial_spd|dataset_id=329|region=North America|climatezone=Cold_Without_dry_season_Warm_Summer,329,North America,Cold - Warm Summer,0.15780445969125215,0.8421955403087478,-0.6843910806174957,CWS
analysis=spatial_spd|dataset_id=1548|region=North America|climatezone=Cold_Without_dry_season_Warm_Summer,1548,North America,Cold - Warm Summer,0.1519262072707542,0.8480737927292458,-0.6961475854584915,CWS
analysis=spatial_spd|dataset_id=285|region=Oceania|climatezone=Cold_Without_dry_season_Cold_Summer,285,Oceania,Cold - Cold Summer,0,1,-1,CCS
analysis=spatial_spd|dataset_id=40914|region=North America|climatezone=Cold_Without_dry_season_Warm_Summer,40914,North America,Cold - Warm Summer,0.5085593889913089,0.4914406110086911,0.01711877798261785,CWS
analysis=spatial_spd|dataset_id=45395|region=Europe|climatezone=Cold_Without_dry_season_Warm_Summer,45395,Europe,Cold - Warm Summer,0.48795052249946685,0.5120494775005332,-0.024098955001066347,CWS
analysis=spatial_spd|dataset_id=46630|region=North America|climatezone=Temperate_Dry_Summer,46630,North America,Temperate - Dry Summer,1,0,1,TDS
analysis=spatial_spd|dataset_id=4549|region=Europe|climatezone=Polar,4549,Europe,Polar,0.3263157894736842,0.6736842105263158,-0.34736842105263155,POL
analysis=spatial_spd|dataset_id=18100|region=Latin America|climatezone=Tropical,18100,Latin America,Tropical,0.35132855335301566,0.6486714466469844,-0.29734289329396874,TRO
analysis=spatial_spd|dataset_id=15366|region=Latin America|climatezone=Polar,15366,Latin America,Polar,0.1353258613532586,0.8646741386467415,-0.7293482772934828,POL
analysis=spatial_spd|dataset_id=15203|region=North America|climatezone=Cold_Without_dry_season_Warm_Summer,15203,North America,Cold - Warm Summer,0.059141601892531266,0.9408583981074687,-0.8817167962149375,CWS
analysis=spatial_spd|dataset_id=15594|region=North America|climatezone=Cold_Dry_Summer,15594,North America,Cold - Dry Summer,0.6862824675324675,0.3137175324675324,0.37256493506493504,CDS
analysis=spatial_spd|dataset_id=15724|region=North America|climatezone=Cold_Without_dry_season_Cold_Summer,15724,North America,Cold - Cold Summer,0.004329004329004329,0.9956709956709957,-0.9913419913419914,CCS
analysis=spatial_spd|dataset_id=17404|region=North America|climatezone=Cold_Without_dry_season_Warm_Summer,17404,North America,Cold - Warm Summer,0.4809184481393508,0.5190815518606493,-0.0381631037212985,CWS
analysis=spatial_spd|dataset_id=16131|region=North America|climatezone=Cold_Dry_Summer,16131,North America,Cold - Dry Summer,1,0,1,CDS
analysis=spatial_spd|dataset_id=3471|region=North America|climatezone=Polar,3471,North America,Polar,0,1,-1,POL
analysis=spatial_spd|dataset_id=1631|region=Latin America|climatezone=Polar,1631,Latin America,Polar,0.10696250956388677,0.8930374904361132,-0.7860749808722265,POL
analysis=spatial_spd|dataset_id=3130|region=North America|climatezone=Cold_Without_dry_season_Warm_Summer,3130,North America,Cold - Warm Summer,0.25835866261398177,0.7416413373860183,-0.48328267477203657,CWS
analysis=spatial_spd|dataset_id=22791|region=Europe|climatezone=Cold_Without_dry_season_Warm_Summer,22791,Europe,Cold - Warm Summer,0.06750324534833405,0.9324967546516659,-0.8649935093033319,CWS
analysis=spatial_spd|dataset_id=4259|region=Europe|climatezone=Cold_Without_dry_season_Cold_Summer,4259,Europe,Cold - Cold Summer,0.24175609756097563,0.7582439024390245,-0.5164878048780489,CCS
analysis=spatial_spd|dataset_id=24863|region=Europe|climatezone=Temperate_Without_dry_season,24863,Europe,Temperate,0,1,-1,TMP
analysis=spatial_spd|dataset_id=4425|region=Europe|climatezone=Cold_Without_dry_season_Warm_Summer,4425,Europe,Cold - Warm Summer,0.24897624897624898,0.7510237510237511,-0.5020475020475021,CWS
analysis=spatial_spd|dataset_id=1633|region=North America|climatezone=Cold_Without_dry_season_Hot_Summer,1633,North America,Cold - Hot Summer,0.07487753673897829,0.9251224632610217,-0.8502449265220433,CHS
analysis=spatial_spd|dataset_id=15392|region=North America|climatezone=Polar,15392,North America,Polar,0,1,-1,POL
analysis=spatial_spd|dataset_id=22344|region=Europe|climatezone=Cold_Without_dry_season_Warm_Summer,22344,Europe,Cold - Warm Summer,0.08782435129740519,0.9121756487025948,-0.8243512974051896,CWS
analysis=spatial_spd|dataset_id=1755|region=North America|climatezone=Cold_Without_dry_season_Cold_Summer,1755,North America,Cold - Cold Summer,0.1391059027777778,0.8608940972222222,-0.7217881944444444,CCS
analysis=spatial_spd|dataset_id=45281|region=Europe|climatezone=Cold_Without_dry_season_Cold_Summer,45281,Europe,Cold - Cold Summer,0,1,-1,CCS
analysis=spatial_spd|dataset_id=2352|region=North America|climatezone=Cold_Without_dry_season_Cold_Summer,2352,North America,Cold - Cold Summer,0.20236586396282213,0.7976341360371779,-0.5952682720743558,CCS
analysis=spatial_spd|dataset_id=32426|region=Oceania|climatezone=Temperate_Without_dry_season,32426,Oceania,Temperate,0.05479162259361117,0.9452083774063889,-0.8904167548127777,TMP
analysis=spatial_spd|dataset_id=4393|region=Europe|climatezone=Cold_Without_dry_season_Cold_Summer,4393,Europe,Cold - Cold Summer,0.6032520325203252,0.39674796747967483,0.2065040650406504,CCS
analysis=spatial_spd|dataset_id=4421|region=Europe|climatezone=Temperate_Without_dry_season,4421,Europe,Temperate,0.7701317715959004,0.22986822840409957,0.5402635431918008,TMP
analysis=spatial_spd|dataset_id=22960|region=Europe|climatezone=Polar,22960,Europe,Polar,0.010300429184549357,0.9896995708154507,-0.9793991416309014,POL
analysis=spatial_spd|dataset_id=4377|region=Europe|climatezone=Cold_Without_dry_season_Warm_Summer,4377,Europe,Cold - Warm Summer,0.09786700125470514,0.9021329987452948,-0.8042659974905897,CWS
analysis=spatial_spd|dataset_id=3048|region=North America|climatezone=Cold_Without_dry_season_Cold_Summer,3048,North America,Cold - Cold Summer,0,1,-1,CCS
analysis=spatial_spd|dataset_id=857|region=North America|climatezone=Cold_Without_dry_season_Warm_Summer,857,North America,Cold - Warm Summer,0.21945747501529678,0.7805425249847032,-0.5610850499694064,CWS
analysis=spatial_spd|dataset_id=699|region=North America|climatezone=Temperate_Without_dry_season,699,North America,Temperate,0,1,-1,TMP
analysis=spatial_spd|dataset_id=1621|region=Latin America|climatezone=Tropical,1621,Latin America,Tropical,0.23078817733990148,0.7692118226600986,-0.5384236453201972,TRO
analysis=spatial_spd|dataset_id=20833|region=North America|climatezone=Cold_Without_dry_season_Warm_Summer,20833,North America,Cold - Warm Summer,0.28516320474777446,0.7148367952522254,-0.429673590504451,CWS
analysis=spatial_spd|dataset_id=15904|region=North America|climatezone=Cold_Without_dry_season_Warm_Summer,15904,North America,Cold - Warm Summer,0.3542600896860987,0.6457399103139013,-0.29147982062780264,CWS
analysis=spatial_spd|dataset_id=2049|region=North America|climatezone=Cold_Without_dry_season_Cold_Summer,2049,North America,Cold - Cold Summer,0.2503642544924721,0.749635745507528,-0.49927149101505586,CCS
analysis=spatial_spd|dataset_id=324|region=North America|climatezone=Cold_Without_dry_season_Warm_Summer,324,North America,Cold - Warm Summer,0.48253557567917205,0.517464424320828,-0.03492884864165591,CWS
analysis=spatial_spd|dataset_id=40111|region=North America|climatezone=Temperate_Without_dry_season,40111,North America,Temperate,0.40388257575757575,0.5961174242424243,-0.19223484848484856,TMP
analysis=spatial_spd|dataset_id=2381|region=North America|climatezone=Cold_Without_dry_season_Cold_Summer,2381,North America,Cold - Cold Summer,0.10267175572519084,0.8973282442748092,-0.7946564885496183,CCS
analysis=spatial_spd|dataset_id=17385|region=North America|climatezone=Cold_Without_dry_season_Cold_Summer,17385,North America,Cold - Cold Summer,0.05192387256930079,0.9480761274306992,-0.8961522548613985,CCS
analysis=spatial_spd|dataset_id=1769|region=North America|climatezone=Cold_Without_dry_season_Cold_Summer,1769,North America,Cold - Cold Summer,0.2635226179018287,0.7364773820981714,-0.4729547641963427,CCS
analysis=spatial_spd|dataset_id=1142|region=North America|climatezone=Cold_Without_dry_season_Cold_Summer,1142,North America,Cold - Cold Summer,0.39553903345724906,0.6044609665427509,-0.2089219330855019,CCS
analysis=spatial_spd|dataset_id=796|region=North America|climatezone=Cold_Without_dry_season_Cold_Summer,796,North America,Cold - Cold Summer,0.6629554655870445,0.33704453441295545,0.3259109311740891,CCS
analysis=spatial_spd|dataset_id=510|region=North America|climatezone=Cold_Without_dry_season_Warm_Summer,510,North America,Cold - Warm Summer,0.20937118968820762,0.7906288103117923,-0.5812576206235847,CWS
analysis=spatial_spd|dataset_id=22942|region=Europe|climatezone=Cold_Without_dry_season_Warm_Summer,22942,Europe,Cold - Warm Summer,0.3473634428943012,0.6526365571056987,-0.30527311421139747,CWS
analysis=spatial_spd|dataset_id=16133|region=North America|climatezone=Arid,16133,North America,Arid,1,0,1,ARD
analysis=spatial_spd|dataset_id=44896|region=Europe|climatezone=Temperate_Without_dry_season,44896,Europe,Temperate,0.20491803278688525,0.7950819672131147,-0.5901639344262295,TMP
analysis=spatial_spd|dataset_id=16219|region=Europe|climatezone=Temperate_Without_dry_season,16219,Europe,Temperate,0.5594195646735051,0.4405804353264949,0.11883912934701019,TMP
analysis=spatial_spd|dataset_id=24952|region=Europe|climatezone=Temperate_Without_dry_season,24952,Europe,Temperate,0.21047398077560492,0.7895260192243951,-0.5790520384487903,TMP
analysis=spatial_spd|dataset_id=41909|region=Europe|climatezone=Temperate_Dry_Summer,41909,Europe,Temperate - Dry Summer,0.28518937252685134,0.7148106274731487,-0.4296212549462974,TDS
analysis=spatial_spd|dataset_id=1762|region=North America|climatezone=Cold_Without_dry_season_Cold_Summer,1762,North America,Cold - Cold Summer,0.06606606606606606,0.933933933933934,-0.867867867867868,CCS
analysis=spatial_spd|dataset_id=1639|region=North America|climatezone=Cold_Without_dry_season_Warm_Summer,1639,North America,Cold - Warm Summer,0.1611095142282265,0.8388904857717735,-0.677780971543547,CWS
analysis=spatial_spd|dataset_id=4473|region=Europe|climatezone=Cold_Without_dry_season_Warm_Summer,4473,Europe,Cold - Warm Summer,0,1,-1,CWS
analysis=spatial_spd|dataset_id=15955|region=Latin America|climatezone=Polar,15955,Latin America,Polar,0.667113194909578,0.332886805090422,0.334226389819156,POL
analysis=spatial_spd|dataset_id=1661|region=North America|climatezone=Cold_Without_dry_season_Hot_Summer,1661,North America,Cold - Hot Summer,0.18028404344193816,0.8197159565580617,-0.6394319131161236,CHS
analysis=spatial_spd|dataset_id=48769|region=Europe|climatezone=Temperate_Without_dry_season,48769,Europe,Temperate,0.6778723404255319,0.3221276595744681,0.3557446808510638,TMP
analysis=spatial_spd|dataset_id=22407|region=North America|climatezone=Cold_Dry_Summer,22407,North America,Cold - Dry Summer,0.14952806756085446,0.8504719324391457,-0.7009438648782912,CDS
analysis=spatial_spd|dataset_id=24032|region=Europe|climatezone=Cold_Without_dry_season_Warm_Summer,24032,Europe,Cold - Warm Summer,0,1,-1,CWS
analysis=spatial_spd|dataset_id=40642|region=Europe|climatezone=Cold_Without_dry_season_Cold_Summer,40642,Europe,Cold - Cold Summer,0.07341772151898733,0.9265822784810127,-0.8531645569620254,CCS
analysis=spatial_spd|dataset_id=41589|region=Europe|climatezone=Polar,41589,Europe,Polar,0.10538373424971362,0.8946162657502863,-0.7892325315005727,POL
analysis=spatial_spd|dataset_id=40958|region=Europe|climatezone=Cold_Without_dry_season_Warm_Summer,40958,Europe,Cold - Warm Summer,0.9858156028368794,0.014184397163120569,0.9716312056737588,CWS
analysis=spatial_spd|dataset_id=2654|region=North America|climatezone=Cold_Without_dry_season_Warm_Summer,2654,North America,Cold - Warm Summer,0.029411764705882353,0.9705882352941178,-0.9411764705882354,CWS
analysis=spatial_spd|dataset_id=1160|region=North America|climatezone=Temperate_Without_dry_season,1160,North America,Temperate,0.2863449087698646,0.7136550912301354,-0.42731018246027075,TMP
analysis=spatial_spd|dataset_id=823|region=North America|climatezone=Cold_Without_dry_season_Warm_Summer,823,North America,Cold - Warm Summer,0.2911023487056404,0.7088976512943598,-0.4177953025887194,CWS
analysis=spatial_spd|dataset_id=342|region=Europe|climatezone=Cold_Without_dry_season_Cold_Summer,342,Europe,Cold - Cold Summer,0.020451070336391437,0.9795489296636085,-0.959097859327217,CCS
analysis=spatial_spd|dataset_id=21903|region=Latin America|climatezone=Tropical,21903,Latin America,Tropical,0.06836414370422043,0.9316358562957795,-0.8632717125915591,TRO
analysis=spatial_spd|dataset_id=1443|region=Latin America|climatezone=Polar,1443,Latin America,Polar,0.28368529246869745,0.7163147075313027,-0.4326294150626052,POL
analysis=spatial_spd|dataset_id=20029|region=Europe|climatezone=Polar,20029,Europe,Polar,0.2400571564658252,0.75994284353417485,-0.5198856870683497,POL
analysis=spatial_spd|dataset_id=17393|region=North America|climatezone=Cold_Dry_Summer,17393,North America,Cold - Dry Summer,0.3684483653347172,0.6315516346652829,-0.26310326933056566,CDS
analysis=spatial_spd|dataset_id=22976|region=Europe|climatezone=Temperate_Dry_Summer,22976,Europe,Temperate - Dry Summer,1,0,1,TDS
analysis=spatial_spd|dataset_id=22709|region=Europe|climatezone=Temperate_Without_dry_season,22709,Europe,Temperate,0.8012449977767897,0.1987550022232103,0.6024899955535794,TMP
analysis=spatial_spd|dataset_id=15902|region=North America|climatezone=Temperate_Without_dry_season,15902,North America,Temperate,0.7717510010921005,0.22824899890789954,0.543502002184201,TMP
analysis=spatial_spd|dataset_id=20295|region=North America|climatezone=Cold_Dry_Summer,20295,North America,Cold - Dry Summer,0.5134173055859803,0.48658269441401975,0.026834611171960565,CDS
analysis=spatial_spd|dataset_id=4192|region=Europe|climatezone=Cold_Without_dry_season_Warm_Summer,4192,Europe,Cold - Warm Summer,0.3445544554455445,0.6554455445544555,-0.31089108910891095,CWS
analysis=spatial_spd|dataset_id=44723|region=Europe|climatezone=Cold_Without_dry_season_Warm_Summer,44723,Europe,Cold - Warm Summer,0.3714657133571661,0.628534286642834,-0.25706857328566785,CWS
analysis=spatial_spd|dataset_id=316|region=North America|climatezone=Cold_Without_dry_season_Hot_Summer,316,North America,Cold - Hot Summer,0.5559183673469388,0.4440816326530612,0.11183673469387756,CHS
analysis=spatial_spd|dataset_id=22049|region=Latin America|climatezone=Temperate_Without_dry_season,22049,Latin America,Temperate,0,1,-1,TMP
analysis=spatial_spd|dataset_id=318|region=North America|climatezone=Cold_Without_dry_season_Cold_Summer,318,North America,Cold - Cold Summer,0.24805396990140116,0.7519460300985988,-0.5038920601971977,CCS
analysis=spatial_spd|dataset_id=3492|region=North America|climatezone=Cold_Without_dry_season_Warm_Summer,3492,North America,Cold - Warm Summer,0.2691053122087605,0.7308946877912396,-0.46178937558247907,CWS
analysis=spatial_spd|dataset_id=678|region=North America|climatezone=Cold_Without_dry_season_Cold_Summer,678,North America,Cold - Cold Summer,0.19630531871701176,0.8036946812829882,-0.6073893625659764,CCS
analysis=spatial_spd|dataset_id=2637|region=North America|climatezone=Cold_Dry_Summer,2637,North America,Cold - Dry Summer,0,1,-1,CDS
analysis=spatial_spd|dataset_id=1704|region=North America|climatezone=Cold_Without_dry_season_Cold_Summer,1704,North America,Cold - Cold Summer,0,1,-1,CCS
analysis=spatial_spd|dataset_id=4286|region=Europe|climatezone=Cold_Without_dry_season_Cold_Summer,4286,Europe,Cold - Cold Summer,0,1,-1,CCS
analysis=spatial_spd|dataset_id=20131|region=Europe|climatezone=Temperate_Without_dry_season,20131,Europe,Temperate,0.2904695858926095,0.7095304141073906,-0.4190608282147811,TMP
analysis=spatial_spd|dataset_id=2286|region=North America|climatezone=Cold_Without_dry_season_Warm_Summer,2286,North America,Cold - Warm Summer,0.3243498817966903,0.6756501182033097,-0.3513002364066194,CWS
analysis=spatial_spd|dataset_id=673|region=North America|climatezone=Cold_Without_dry_season_Cold_Summer,673,North America,Cold - Cold Summer,0.7620331151328456,0.23796688486715442,0.5240662302656911,CCS
analysis=spatial_spd|dataset_id=3473|region=North America|climatezone=Cold_Without_dry_season_Warm_Summer,3473,North America,Cold - Warm Summer,0.518927049385811,0.48107295061418903,0.03785409877162199,CWS
analysis=spatial_spd|dataset_id=17396|region=North America|climatezone=Cold_Without_dry_season_Warm_Summer,17396,North America,Cold - Warm Summer,0.07062876830318691,0.929371231696813,-0.8587424633936261,CWS
analysis=spatial_spd|dataset_id=19323|region=North America|climatezone=Cold_Dry_Summer,19323,North America,Cold - Dry Summer,0.2505233775296581,0.7494766224703419,-0.49895324494068377,CDS
analysis=spatial_spd|dataset_id=533|region=North America|climatezone=Cold_Without_dry_season_Cold_Summer,533,North America,Cold - Cold Summer,1,0,1,CCS
analysis=spatial_spd|dataset_id=4213|region=Europe|climatezone=Cold_Without_dry_season_Warm_Summer,4213,Europe,Cold - Warm Summer,0.8044572250179727,0.1955427749820273,0.6089144500359454,CWS
analysis=spatial_spd|dataset_id=41527|region=Europe|climatezone=Temperate_Without_dry_season,41527,Europe,Temperate,0.7092614302461899,0.29073856975381007,0.41852286049237986,TMP
analysis=spatial_spd|dataset_id=215|region=Europe|climatezone=Temperate_Without_dry_season,215,Europe,Temperate,0.4440789473684211,0.5559210526315789,-0.1118421052631578,TMP
analysis=spatial_spd|dataset_id=4492|region=Europe|climatezone=Temperate_Without_dry_season,4492,Europe,Temperate,0,1,-1,TMP
analysis=spatial_spd|dataset_id=45345|region=Europe|climatezone=Cold_Without_dry_season_Cold_Summer,45345,Europe,Cold - Cold Summer,0.3584569732937686,0.6415430267062314,-0.28308605341246285,CCS
analysis=spatial_spd|dataset_id=16214|region=Europe|climatezone=Cold_Without_dry_season_Warm_Summer,16214,Europe,Cold - Warm Summer,0,1,-1,CWS
analysis=spatial_spd|dataset_id=21314|region=North America|climatezone=Cold_Without_dry_season_Cold_Summer,21314,North America,Cold - Cold Summer,0.10967202841027783,0.8903279715897222,-0.7806559431794444,CCS
analysis=spatial_spd|dataset_id=516|region=North America|climatezone=Cold_Without_dry_season_Warm_Summer,516,North America,Cold - Warm Summer,0.28950695322376735,0.7104930467762326,-0.42098609355246525,CWS
analysis=spatial_spd|dataset_id=14264|region=Latin America|climatezone=Tropical,14264,Latin America,Tropical,0,1,-1,TRO
analysis=spatial_spd|dataset_id=2289|region=North America|climatezone=Cold_Without_dry_season_Warm_Summer,2289,North America,Cold - Warm Summer,0.4840370751802266,0.5159629248197735,-0.031925849639546866,CWS
analysis=spatial_spd|dataset_id=40450|region=Europe|climatezone=Cold_Without_dry_season_Warm_Summer,40450,Europe,Cold - Warm Summer,0.15920055134390074,0.8407994486560992,-0.6815988973121985,CWS
analysis=spatial_spd|dataset_id=40791|region=North America|climatezone=Cold_Without_dry_season_Warm_Summer,40791,North America,Cold - Warm Summer,0.5374587171910308,0.4625412828089693,0.0749174343820615,CWS
analysis=spatial_spd|dataset_id=22757|region=Europe|climatezone=Cold_Without_dry_season_Cold_Summer,22757,Europe,Cold - Cold Summer,0.12221841834988018,0.8777815816501198,-0.7555631633002395,CCS
analysis=spatial_spd|dataset_id=1817|region=North America|climatezone=Cold_Without_dry_season_Warm_Summer,1817,North America,Cold - Warm Summer,0.21113648340066749,0.7888635165993325,-0.577727033198665,CWS
analysis=spatial_spd|dataset_id=46672|region=North America|climatezone=Temperate_Without_dry_season,46672,North America,Temperate,0.19614835948644793,0.8038516405135521,-0.6077032810271041,TMP
analysis=spatial_spd|dataset_id=45701|region=Europe|climatezone=Cold_Without_dry_season_Cold_Summer,45701,Europe,Cold - Cold Summer,0.23633931983186857,0.7636606801681315,-0.527321360336263,CCS
analysis=spatial_spd|dataset_id=2377|region=North America|climatezone=Cold_Without_dry_season_Warm_Summer,2377,North America,Cold - Warm Summer,0.4249159989661411,0.5750840010338588,-0.15016800206771774,CWS
analysis=spatial_spd|dataset_id=2028|region=North America|climatezone=Cold_Without_dry_season_Warm_Summer,2028,North America,Cold - Warm Summer,0,1,-1,CWS
analysis=spatial_spd|dataset_id=275|region=North America|climatezone=Cold_Without_dry_season_Warm_Summer,275,North America,Cold - Warm Summer,0,1,-1,CWS
analysis=spatial_spd|dataset_id=18104|region=Latin America|climatezone=Temperate_Dry_Summer,18104,Latin America,Temperate - Dry Summer,0,1,-1,TDS
analysis=spatial_spd|dataset_id=3042|region=North America|climatezone=Cold_Without_dry_season_Warm_Summer,3042,North America,Cold - Warm Summer,0.37516937669376693,0.6248306233062331,-0.24966124661246614,CWS
analysis=spatial_spd|dataset_id=17292|region=North America|climatezone=Cold_Without_dry_season_Cold_Summer,17292,North America,Cold - Cold Summer,0.2655396618985696,0.7344603381014305,-0.46892067620286093,CCS
analysis=spatial_spd|dataset_id=22101|region=Latin America|climatezone=Polar,22101,Latin America,Polar,0.23402187120291618,0.7659781287970838,-0.5319562575941676,POL
analysis=spatial_spd|dataset_id=4479|region=Europe|climatezone=Cold_Without_dry_season_Warm_Summer,4479,Europe,Cold - Warm Summer,0.16661794796843027,0.8333820520315698,-0.6667641040631396,CWS
analysis=spatial_spd|dataset_id=4017|region=Europe|climatezone=Cold_Without_dry_season_Cold_Summer,4017,Europe,Cold - Cold Summer,0,1,-1,CCS
analysis=spatial_spd|dataset_id=2879|region=North America|climatezone=Cold_Without_dry_season_Cold_Summer,2879,North America,Cold - Cold Summer,0.19590268886043535,0.8040973111395647,-0.6081946222791293,CCS
analysis=spatial_spd|dataset_id=20281|region=North America|climatezone=Arid,20281,North America,Arid,0.5829493087557605,0.4170506912442397,0.16589861751152074,ARD
analysis=spatial_spd|dataset_id=19937|region=North America|climatezone=Cold_Without_dry_season_Hot_Summer,19937,North America,Cold - Hot Summer,0.23670793882010197,0.763292061179898,-0.526584122359796,CHS
analysis=spatial_spd|dataset_id=3582|region=North America|climatezone=Temperate_Without_dry_season,3582,North America,Temperate,0.00489424925712288,0.9951057507428771,-0.9902115014857542,TMP
analysis=spatial_spd|dataset_id=48616|region=North America|climatezone=Cold_Without_dry_season_Cold_Summer,48616,North America,Cold - Cold Summer,0.24216867469879516,0.7578313253012048,-0.5156626506024096,CCS
analysis=spatial_spd|dataset_id=40976|region=North America|climatezone=Temperate_Dry_Summer,40976,North America,Temperate - Dry Summer,0.5461575640405993,0.45384243595940066,0.09231512808119868,TDS
analysis=spatial_spd|dataset_id=19913|region=Europe|climatezone=Cold_Without_dry_season_Cold_Summer,19913,Europe,Cold - Cold Summer,0.2722001325381047,0.7277998674618953,-0.4555997349237906,CCS
analysis=spatial_spd|dataset_id=20678|region=North America|climatezone=Cold_Dry_Summer,20678,North America,Cold - Dry Summer,0.0979301135099043,0.9020698864900958,-0.8041397729801915,CDS
analysis=spatial_spd|dataset_id=15333|region=North America|climatezone=Arid,15333,North America,Arid,1,0,1,ARD
analysis=spatial_spd|dataset_id=497|region=North America|climatezone=Cold_Without_dry_season_Hot_Summer,497,North America,Cold - Hot Summer,0.14583781458378145,0.8541621854162186,-0.7083243708324372,CHS
analysis=spatial_spd|dataset_id=2611|region=North America|climatezone=Cold_Dry_Summer,2611,North America,Cold - Dry Summer,0.9582417582417583,0.04175824175824176,0.9164835164835166,CDS
analysis=spatial_spd|dataset_id=1965|region=North America|climatezone=Cold_Without_dry_season_Warm_Summer,1965,North America,Cold - Warm Summer,0.366549433372411,0.6334505666275888,-0.2669011332551778,CWS
analysis=spatial_spd|dataset_id=1703|region=North America|climatezone=Cold_Without_dry_season_Warm_Summer,1703,North America,Cold - Warm Summer,0.07280413339596055,0.9271958666040395,-0.8543917332080789,CWS
analysis=spatial_spd|dataset_id=2011|region=North America|climatezone=Cold_Without_dry_season_Warm_Summer,2011,North America,Cold - Warm Summer,0.15030518819938962,0.8496948118006105,-0.6993896236012208,CWS
analysis=spatial_spd|dataset_id=40988|region=North America|climatezone=Cold_Without_dry_season_Warm_Summer,40988,North America,Cold - Warm Summer,0.26506729081334107,0.7349327091866589,-0.4698654183733178,CWS
analysis=spatial_spd|dataset_id=14110|region=Europe|climatezone=Temperate_Without_dry_season,14110,Europe,Temperate,0.5090552040148374,0.49094479598516255,0.01811040802967484,TMP
analysis=spatial_spd|dataset_id=2576|region=North America|climatezone=Cold_Without_dry_season_Warm_Summer,2576,North America,Cold - Warm Summer,1,0,1,CWS
analysis=spatial_spd|dataset_id=41485|region=Europe|climatezone=Temperate_Without_dry_season,41485,Europe,Temperate,0.28652624540287525,0.7134737545971247,-0.42694750919424945,TMP
analysis=spatial_spd|dataset_id=15866|region=North America|climatezone=Cold_Without_dry_season_Warm_Summer,15866,North America,Cold - Warm Summer,0.13722004976892999,0.86277995023107,-0.72555990046214,CWS
analysis=spatial_spd|dataset_id=48633|region=Latin America|climatezone=Temperate_Without_dry_season,48633,Latin America,Temperate,0.46352856629536476,0.5364714337046352,-0.07294286740927047,TMP
analysis=spatial_spd|dataset_id=41762|region=North America|climatezone=Cold_Without_dry_season_Warm_Summer,41762,North America,Cold - Warm Summer,0.23954116059379216,0.7604588394062078,-0.5209176788124157,CWS
analysis=spatial_spd|dataset_id=22786|region=Europe|climatezone=Cold_Without_dry_season_Cold_Summer,22786,Europe,Cold - Cold Summer,0.07101853370510086,0.9289814662948991,-0.8579629325897982,CCS
analysis=spatial_spd|dataset_id=14498|region=North America|climatezone=Cold_Without_dry_season_Cold_Summer,14498,North America,Cold - Cold Summer,0.13491475166790218,0.8650852483320979,-0.7301704966641958,CCS
analysis=spatial_spd|dataset_id=24089|region=Europe|climatezone=Cold_Without_dry_season_Warm_Summer,24089,Europe,Cold - Warm Summer,0.0406352171882298,0.9593647828117702,-0.9187295656235404,CWS
analysis=spatial_spd|dataset_id=688|region=North America|climatezone=Polar,688,North America,Polar,0.22590515043345233,0.7740948495665476,-0.5481896991330952,POL
analysis=spatial_spd|dataset_id=20304|region=North America|climatezone=Cold_Without_dry_season_Cold_Summer,20304,North America,Cold - Cold Summer,0,1,-1,CCS
analysis=spatial_spd|dataset_id=45698|region=Europe|climatezone=Cold_Without_dry_season_Cold_Summer,45698,Europe,Cold - Cold Summer,0.9640749294328971,0.0359250705671029,0.9281498588657942,CCS
analysis=spatial_spd|dataset_id=1654|region=Latin America|climatezone=Polar,1654,Latin America,Polar,0.05403834979662986,0.9459616502033701,-0.8919233004067402,POL
analysis=spatial_spd|dataset_id=21708|region=Latin America|climatezone=Temperate_Dry_Summer,21708,Latin America,Temperate - Dry Summer,0.3422007255139057,0.6577992744860943,-0.31559854897218864,TDS
analysis=spatial_spd|dataset_id=1902|region=North America|climatezone=Cold_Dry_Summer,1902,North America,Cold - Dry Summer,0.7027027027027027,0.2972972972972973,0.40540540540540543,CDS
analysis=spatial_spd|dataset_id=24996|region=Europe|climatezone=Cold_Without_dry_season_Cold_Summer,24996,Europe,Cold - Cold Summer,0.16250191629618274,0.8374980837038173,-0.6749961674076346,CCS
analysis=spatial_spd|dataset_id=821|region=North America|climatezone=Cold_Without_dry_season_Warm_Summer,821,North America,Cold - Warm Summer,0.07539764511464574,0.9246023548853544,-0.8492047097707086,CWS
analysis=spatial_spd|dataset_id=22047|region=Latin America|climatezone=Temperate_Without_dry_season,22047,Latin America,Temperate,0.4477167438782263,0.5522832561217736,-0.10456651224354735,TMP
analysis=spatial_spd|dataset_id=20050|region=Europe|climatezone=Cold_Without_dry_season_Cold_Summer,20050,Europe,Cold - Cold Summer,0.09928780896522832,0.9007121910347717,-0.8014243820695435,CCS
analysis=spatial_spd|dataset_id=45351|region=Europe|climatezone=Cold_Without_dry_season_Cold_Summer,45351,Europe,Cold - Cold Summer,0.06004340487099108,0.939956595129009,-0.879913190258018,CCS
analysis=spatial_spd|dataset_id=2050|region=North America|climatezone=Cold_Without_dry_season_Cold_Summer,2050,North America,Cold - Cold Summer,0.09283346085182352,0.9071665391481765,-0.8143330782963529,CCS
analysis=spatial_spd|dataset_id=22805|region=Europe|climatezone=Temperate_Without_dry_season,22805,Europe,Temperate,0.2909346451159522,0.7090653548840478,-0.4181307097680956,TMP
analysis=spatial_spd|dataset_id=1890|region=North America|climatezone=Cold_Without_dry_season_Cold_Summer,1890,North America,Cold - Cold Summer,0.09947414548641544,0.9005258545135846,-0.8010517090271692,CCS
analysis=spatial_spd|dataset_id=2588|region=North America|climatezone=Cold_Without_dry_season_Cold_Summer,2588,North America,Cold - Cold Summer,0.2296422487223169,0.7703577512776831,-0.5407155025553663,CCS
analysis=spatial_spd|dataset_id=14803|region=North America|climatezone=Cold_Without_dry_season_Cold_Summer,14803,North America,Cold - Cold Summer,0.15424657534246577,0.8457534246575342,-0.6915068493150685,CCS
analysis=spatial_spd|dataset_id=15413|region=North America|climatezone=Cold_Dry_Summer,15413,North America,Cold - Dry Summer,0,1,-1,CDS
analysis=spatial_spd|dataset_id=4555|region=Europe|climatezone=Cold_Without_dry_season_Cold_Summer,4555,Europe,Cold - Cold Summer,0.19307891332470892,0.8069210866752909,-0.613842173350582,CCS
analysis=spatial_spd|dataset_id=48982|region=Europe|climatezone=Cold_Without_dry_season_Cold_Summer,48982,Europe,Cold - Cold Summer,0.21231766612641817,0.7876823338735819,-0.5753646677471638,CCS
analysis=spatial_spd|dataset_id=343|region=North America|climatezone=Cold_Dry_Summer,343,North America,Cold - Dry Summer,0,1,-1,CDS
analysis=spatial_spd|dataset_id=2025|region=North America|climatezone=Cold_Without_dry_season_Cold_Summer,2025,North America,Cold - Cold Summer,0.05839141081182896,0.941608589188171,-0.8832171783763421,CCS
analysis=spatial_spd|dataset_id=24048|region=Europe|climatezone=Polar,24048,Europe,Polar,0.4401885680612846,0.5598114319387153,-0.11962286387743071,POL
analysis=spatial_spd|dataset_id=1003|region=North America|climatezone=Cold_Dry_Summer,1003,North America,Cold - Dry Summer,0.08013582342954159,0.9198641765704584,-0.8397283531409168,CDS
analysis=spatial_spd|dataset_id=3563|region=North America|climatezone=Cold_Without_dry_season_Hot_Summer,3563,North America,Cold - Hot Summer,0.12489196197061364,0.8751080380293863,-0.7502160760587726,CHS
analysis=spatial_spd|dataset_id=46292|region=North America|climatezone=Cold_Without_dry_season_Warm_Summer,46292,North America,Cold - Warm Summer,0,1,-1,CWS
analysis=spatial_spd|dataset_id=834|region=North America|climatezone=Cold_Without_dry_season_Cold_Summer,834,North America,Cold - Cold Summer,0.2432856918485943,0.7567143081514056,-0.5134286163028113,CCS
analysis=spatial_spd|dataset_id=20279|region=Europe|climatezone=Polar,20279,Europe,Polar,0.2668348534834077,0.7331651465165921,-0.46633029303318446,POL
analysis=spatial_spd|dataset_id=20012|region=Europe|climatezone=Temperate_Without_dry_season,20012,Europe,Temperate,1,0,1,TMP
analysis=spatial_spd|dataset_id=24080|region=Europe|climatezone=Cold_Without_dry_season_Cold_Summer,24080,Europe,Cold - Cold Summer,0.022569444444444444,0.9774305555555556,-0.9548611111111112,CCS
analysis=spatial_spd|dataset_id=279|region=North America|climatezone=Cold_Without_dry_season_Warm_Summer,279,North America,Cold - Warm Summer,0,1,-1,CWS
analysis=spatial_spd|dataset_id=2004|region=North America|climatezone=Cold_Without_dry_season_Cold_Summer,2004,North America,Cold - Cold Summer,0.07842794759825328,0.9215720524017467,-0.8431441048034933,CCS
analysis=spatial_spd|dataset_id=15101|region=Latin America|climatezone=Temperate_Dry_Summer,15101,Latin America,Temperate - Dry Summer,0,1,-1,TDS
analysis=spatial_spd|dataset_id=3774|region=North America|climatezone=Cold_Without_dry_season_Warm_Summer,3774,North America,Cold - Warm Summer,0.10155382907880134,0.8984461709211986,-0.7968923418423972,CWS
analysis=spatial_spd|dataset_id=15967|region=North America|climatezone=Cold_Dry_Summer,15967,North America,Cold - Dry Summer,0.7354043920728441,0.26459560792715586,0.4708087841456883,CDS
analysis=spatial_spd|dataset_id=1607|region=North America|climatezone=Cold_Without_dry_season_Warm_Summer,1607,North America,Cold - Warm Summer,0.14198544942501762,0.8580145505749824,-0.7160291011499649,CWS
analysis=spatial_spd|dataset_id=17336|region=Europe|climatezone=Temperate_Without_dry_season,17336,Europe,Temperate,0.4717270461951313,0.5282729538048687,-0.056545907609737434,TMP
analysis=spatial_spd|dataset_id=987|region=North America|climatezone=Cold_Without_dry_season_Cold_Summer,987,North America,Cold - Cold Summer,0,1,-1,CCS
analysis=spatial_spd|dataset_id=15646|region=North America|climatezone=Cold_Dry_Summer,15646,North America,Cold - Dry Summer,0.6273447269695707,0.37265527303042933,0.25468945393914133,CDS
analysis=spatial_spd|dataset_id=15061|region=Latin America|climatezone=Temperate_Dry_Summer,15061,Latin America,Temperate - Dry Summer,0,1,-1,TDS
analysis=spatial_spd|dataset_id=20609|region=North America|climatezone=Cold_Without_dry_season_Warm_Summer,20609,North America,Cold - Warm Summer,0.2560046865846514,0.7439953134153485,-0.4879906268306971,CWS
analysis=spatial_spd|dataset_id=40448|region=Europe|climatezone=Polar,40448,Europe,Polar,0.10331384015594541,0.8966861598440546,-0.7933723196881093,POL
analysis=spatial_spd|dataset_id=3046|region=North America|climatezone=Cold_Without_dry_season_Warm_Summer,3046,North America,Cold - Warm Summer,0.9325477448191792,0.0674522551808208,0.8650954896383585,CWS
analysis=spatial_spd|dataset_id=1610|region=Latin America|climatezone=Arid,1610,Latin America,Arid,0.31315789473684214,0.6868421052631579,-0.3736842105263158,ARD
analysis=spatial_spd|dataset_id=331|region=North America|climatezone=Temperate_Without_dry_season,331,North America,Temperate,0.2510412178658625,0.7489587821341376,-0.4979175642682751,TMP
analysis=spatial_spd|dataset_id=1711|region=Latin America|climatezone=Temperate_Dry_Summer,1711,Latin America,Temperate - Dry Summer,0,1,-1,TDS
analysis=spatial_spd|dataset_id=48931|region=Europe|climatezone=Arid,48931,Europe,Arid,0,1,-1,ARD
analysis=spatial_spd|dataset_id=3935|region=Europe|climatezone=Cold_Without_dry_season_Warm_Summer,3935,Europe,Cold - Warm Summer,0,1,-1,CWS
analysis=spatial_spd|dataset_id=15032|region=North America|climatezone=Cold_Without_dry_season_Warm_Summer,15032,North America,Cold - Warm Summer,0.5330617361328737,0.4669382638671263,0.06612347226574739,CWS
analysis=spatial_spd|dataset_id=4445|region=Europe|climatezone=Temperate_Without_dry_season,4445,Europe,Temperate,0,1,-1,TMP
analysis=spatial_spd|dataset_id=4391|region=Europe|climatezone=Cold_Without_dry_season_Cold_Summer,4391,Europe,Cold - Cold Summer,0,1,-1,CCS
analysis=spatial_spd|dataset_id=24867|region=Europe|climatezone=Temperate_Without_dry_season,24867,Europe,Temperate,0.13895694784739238,0.8610430521526076,-0.7220861043052151,TMP
analysis=spatial_spd|dataset_id=3484|region=North America|climatezone=Temperate_Without_dry_season,3484,North America,Temperate,0.20604957925858539,0.7939504207414145,-0.5879008414828292,TMP
analysis=spatial_spd|dataset_id=317|region=Europe|climatezone=Cold_Without_dry_season_Cold_Summer,317,Europe,Cold - Cold Summer,0.2901367890568754,0.7098632109431245,-0.41972642188624915,CCS
analysis=spatial_spd|dataset_id=21926|region=Latin America|climatezone=Polar,21926,Latin America,Polar,0,1,-1,POL
analysis=spatial_spd|dataset_id=42563|region=Europe|climatezone=Temperate_Without_dry_season,42563,Europe,Temperate,0.47233854970244654,0.5276614502975535,-0.05532290059510697,TMP
analysis=spatial_spd|dataset_id=777|region=North America|climatezone=Cold_Without_dry_season_Cold_Summer,777,North America,Cold - Cold Summer,0.18411144578313252,0.8158885542168675,-0.6317771084337349,CCS
analysis=spatial_spd|dataset_id=40566|region=Europe|climatezone=Cold_Without_dry_season_Warm_Summer,40566,Europe,Cold - Warm Summer,0.381804435483871,0.618195564516129,-0.236391129032258,CWS
analysis=spatial_spd|dataset_id=15403|region=North America|climatezone=Cold_Without_dry_season_Warm_Summer,15403,North America,Cold - Warm Summer,0.17547870820234354,0.8245212917976564,-0.6490425835953129,CWS
analysis=spatial_spd|dataset_id=20194|region=North America|climatezone=Arid,20194,North America,Arid,0.5045385779122542,0.4954614220877459,0.009077155824508298,ARD
analysis=spatial_spd|dataset_id=4372|region=Europe|climatezone=Cold_Without_dry_season_Cold_Summer,4372,Europe,Cold - Cold Summer,0.1994156318480643,0.8005843681519358,-0.6011687363038715,CCS
analysis=spatial_spd|dataset_id=4382|region=Europe|climatezone=Cold_Without_dry_season_Warm_Summer,4382,Europe,Cold - Warm Summer,0.4222599830076466,0.5777400169923534,-0.15548003398470683,CWS
analysis=spatial_spd|dataset_id=16193|region=North America|climatezone=Cold_Without_dry_season_Warm_Summer,16193,North America,Cold - Warm Summer,0.07932505818463924,0.9206749418153607,-0.8413498836307215,CWS
analysis=spatial_spd|dataset_id=42720|region=Europe|climatezone=Cold_Without_dry_season_Warm_Summer,42720,Europe,Cold - Warm Summer,0,1,-1,CWS
analysis=spatial_spd|dataset_id=811|region=North America|climatezone=Cold_Dry_Summer,811,North America,Cold - Dry Summer,0.09512485136741974,0.9048751486325802,-0.8097502972651605,CDS
analysis=spatial_spd|dataset_id=22828|region=Europe|climatezone=Cold_Without_dry_season_Warm_Summer,22828,Europe,Cold - Warm Summer,0.378680800942285,0.6213191990577149,-0.24263839811542992,CWS
analysis=spatial_spd|dataset_id=48697|region=Latin America|climatezone=Temperate_Without_dry_season,48697,Latin America,Temperate,0.6371418588399721,0.36285814116002796,0.27428371767994414,TMP
analysis=spatial_spd|dataset_id=1520|region=North America|climatezone=Cold_Without_dry_season_Hot_Summer,1520,North America,Cold - Hot Summer,0,1,-1,CHS
analysis=spatial_spd|dataset_id=1663|region=North America|climatezone=Cold_Without_dry_season_Warm_Summer,1663,North America,Cold - Warm Summer,0.2129916040653999,0.7870083959346001,-0.5740167918692003,CWS
analysis=spatial_spd|dataset_id=14512|region=Europe|climatezone=Temperate_Without_dry_season,14512,Europe,Temperate,0.46477764659582843,0.5352223534041717,-0.07044470680834325,TMP
analysis=spatial_spd|dataset_id=356|region=Latin America|climatezone=Polar,356,Latin America,Polar,0.06512141280353201,0.9348785871964681,-0.8697571743929361,POL
analysis=spatial_spd|dataset_id=15715|region=North America|climatezone=Cold_Dry_Summer,15715,North America,Cold - Dry Summer,0.33165531536867043,0.6683446846313296,-0.33668936926265913,CDS
analysis=spatial_spd|dataset_id=3047|region=North America|climatezone=Cold_Without_dry_season_Warm_Summer,3047,North America,Cold - Warm Summer,0.4262776243093923,0.5737223756906078,-0.1474447513812155,CWS
analysis=spatial_spd|dataset_id=20018|region=Europe|climatezone=Polar,20018,Europe,Polar,0.02293577981651376,0.9770642201834863,-0.9541284403669725,POL
analysis=spatial_spd|dataset_id=281|region=North America|climatezone=Temperate_Without_dry_season,281,North America,Temperate,1,0,1,TMP
analysis=spatial_spd|dataset_id=21603|region=Latin America|climatezone=Arid,21603,Latin America,Arid,0.3574623830825539,0.6425376169174462,-0.28507523383489225,ARD
analysis=spatial_spd|dataset_id=48917|region=Europe|climatezone=Cold_Without_dry_season_Warm_Summer,48917,Europe,Cold - Warm Summer,0.5841910251132153,0.4158089748867847,0.1683820502264306,CWS
analysis=spatial_spd|dataset_id=304|region=North America|climatezone=Temperate_Without_dry_season,304,North America,Temperate,0.26111685625646325,0.7388831437435367,-0.47776628748707345,TMP
analysis=spatial_spd|dataset_id=15035|region=North America|climatezone=Cold_Without_dry_season_Warm_Summer,15035,North America,Cold - Warm Summer,0.32148706190632165,0.6785129380936783,-0.35702587618735665,CWS
analysis=spatial_spd|dataset_id=1849|region=North America|climatezone=Cold_Without_dry_season_Cold_Summer,1849,North America,Cold - Cold Summer,0.19353200135455467,0.8064679986454453,-0.6129359972908905,CCS
analysis=spatial_spd|dataset_id=16212|region=Europe|climatezone=Cold_Without_dry_season_Warm_Summer,16212,Europe,Cold - Warm Summer,0.18973666441593517,0.8102633355840647,-0.6205266711681295,CWS
analysis=spatial_spd|dataset_id=1705|region=North America|climatezone=Temperate_Without_dry_season,1705,North America,Temperate,0.7709526288391464,0.22904737116085372,0.5419052576782927,TMP
analysis=spatial_spd|dataset_id=492|region=North America|climatezone=Temperate_Without_dry_season,492,North America,Temperate,0,1,-1,TMP
analysis=spatial_spd|dataset_id=4203|region=Europe|climatezone=Cold_Without_dry_season_Warm_Summer,4203,Europe,Cold - Warm Summer,0,1,-1,CWS
analysis=spatial_spd|dataset_id=42722|region=North America|climatezone=Cold_Without_dry_season_Warm_Summer,42722,North America,Cold - Warm Summer,0.38928164196123144,0.6107183580387685,-0.22143671607753707,CWS
analysis=spatial_spd|dataset_id=550|region=North America|climatezone=Temperate_Dry_Summer,550,North America,Temperate - Dry Summer,0.639627295149356,0.36037270485064404,0.27925459029871197,TDS
analysis=spatial_spd|dataset_id=3830|region=North America|climatezone=Cold_Without_dry_season_Warm_Summer,3830,North America,Cold - Warm Summer,0.36295681063122925,0.6370431893687708,-0.27408637873754155,CWS
analysis=spatial_spd|dataset_id=17359|region=North America|climatezone=Cold_Without_dry_season_Cold_Summer,17359,North America,Cold - Cold Summer,0,1,-1,CCS
analysis=spatial_spd|dataset_id=40579|region=Europe|climatezone=Cold_Without_dry_season_Cold_Summer,40579,Europe,Cold - Cold Summer,0.1403133903133903,0.8596866096866097,-0.7193732193732194,CCS
analysis=spatial_spd|dataset_id=41183|region=North America|climatezone=Cold_Dry_Summer,41183,North America,Cold - Dry Summer,0.051171875,0.948828125,-0.89765625,CDS
analysis=spatial_spd|dataset_id=15189|region=North America|climatezone=Cold_Without_dry_season_Cold_Summer,15189,North America,Cold - Cold Summer,0.2666917434643596,0.7333082565356404,-0.46661651307128077,CCS
analysis=spatial_spd|dataset_id=534|region=North America|climatezone=Cold_Without_dry_season_Warm_Summer,534,North America,Cold - Warm Summer,0.5338840446688083,0.46611595533119177,0.06776808933761658,CWS
analysis=spatial_spd|dataset_id=4362|region=Europe|climatezone=Cold_Without_dry_season_Warm_Summer,4362,Europe,Cold - Warm Summer,0,1,-1,CWS
analysis=spatial_spd|dataset_id=41770|region=Europe|climatezone=Temperate_Without_dry_season,41770,Europe,Temperate,0.3295478009498245,0.6704521990501755,-0.340904398100351,TMP
analysis=spatial_spd|dataset_id=45101|region=Europe|climatezone=Arid,45101,Europe,Arid,0.052369730295888976,0.947630269704111,-0.895260539408222,ARD
analysis=spatial_spd|dataset_id=4288|region=Europe|climatezone=Cold_Without_dry_season_Cold_Summer,4288,Europe,Cold - Cold Summer,0,1,-1,CCS
analysis=spatial_spd|dataset_id=22814|region=Europe|climatezone=Cold_Without_dry_season_Warm_Summer,22814,Europe,Cold - Warm Summer,0.2171460800902425,0.7828539199097575,-0.565707839819515,CWS
analysis=spatial_spd|dataset_id=2951|region=North America|climatezone=Cold_Without_dry_season_Cold_Summer,2951,North America,Cold - Cold Summer,0.2364080635308491,0.7635919364691508,-0.5271838729383017,CCS
analysis=spatial_spd|dataset_id=4403|region=Europe|climatezone=Cold_Without_dry_season_Warm_Summer,4403,Europe,Cold - Warm Summer,0.19547872340425532,0.8045212765957447,-0.6090425531914894,CWS
analysis=spatial_spd|dataset_id=1006|region=North America|climatezone=Cold_Without_dry_season_Cold_Summer,1006,North America,Cold - Cold Summer,0,1,-1,CCS
analysis=spatial_spd|dataset_id=871|region=North America|climatezone=Cold_Without_dry_season_Warm_Summer,871,North America,Cold - Warm Summer,0.17643298529725124,0.8235670147027488,-0.6471340294054976,CWS
analysis=spatial_spd|dataset_id=17371|region=Latin America|climatezone=Polar,17371,Latin America,Polar,0,1,-1,POL
analysis=spatial_spd|dataset_id=1448|region=North America|climatezone=Cold_Without_dry_season_Warm_Summer,1448,North America,Cold - Warm Summer,0.12454801124949778,0.8754519887505022,-0.7509039775010045,CWS
analysis=spatial_spd|dataset_id=24155|region=Europe|climatezone=Cold_Without_dry_season_Cold_Summer,24155,Europe,Cold - Cold Summer,0,1,-1,CCS
analysis=spatial_spd|dataset_id=40454|region=Europe|climatezone=Temperate_Without_dry_season,40454,Europe,Temperate,0.007457121551081283,0.9925428784489188,-0.9850857568978375,TMP
analysis=spatial_spd|dataset_id=22817|region=Europe|climatezone=Cold_Without_dry_season_Warm_Summer,22817,Europe,Cold - Warm Summer,0,1,-1,CWS
analysis=spatial_spd|dataset_id=25232|region=Europe|climatezone=Temperate_Without_dry_season,25232,Europe,Temperate,0.2864899393165123,0.7135100606834877,-0.42702012136697537,TMP
analysis=spatial_spd|dataset_id=43525|region=Europe|climatezone=Temperate_Without_dry_season,43525,Europe,Temperate,0.723037100949094,0.27696289905090593,0.4460742018981881,TMP
analysis=spatial_spd|dataset_id=20046|region=Europe|climatezone=Polar,20046,Europe,Polar,0.26916572717023673,0.7308342728297632,-0.4616685456595265,POL
analysis=spatial_spd|dataset_id=4209|region=Europe|climatezone=Temperate_Without_dry_season,4209,Europe,Temperate,0.7679425837320574,0.23205741626794257,0.5358851674641147,TMP
analysis=spatial_spd|dataset_id=1622|region=North America|climatezone=Cold_Without_dry_season_Warm_Summer,1622,North America,Cold - Warm Summer,0,1,-1,CWS
analysis=spatial_spd|dataset_id=4467|region=Europe|climatezone=Cold_Without_dry_season_Cold_Summer,4467,Europe,Cold - Cold Summer,0,1,-1,CCS
analysis=spatial_spd|dataset_id=15793|region=North America|climatezone=Cold_Without_dry_season_Warm_Summer,15793,North America,Cold - Warm Summer,0.08556832694763729,0.9144316730523627,-0.8288633461047255,CWS
analysis=spatial_spd|dataset_id=3928|region=Europe|climatezone=Cold_Without_dry_season_Cold_Summer,3928,Europe,Cold - Cold Summer,0,1,-1,CCS
analysis=spatial_spd|dataset_id=4531|region=Europe|climatezone=Cold_Without_dry_season_Warm_Summer,4531,Europe,Cold - Warm Summer,0.058937666747513946,0.9410623332524861,-0.8821246665049721,CWS
analysis=spatial_spd|dataset_id=2314|region=North America|climatezone=Cold_Without_dry_season_Hot_Summer,2314,North America,Cold - Hot Summer,0.5061898211829436,0.4938101788170564,0.012379642365887233,CHS
analysis=spatial_spd|dataset_id=339|region=North America|climatezone=Cold_Without_dry_season_Warm_Summer,339,North America,Cold - Warm Summer,0.27730337078651685,0.7226966292134831,-0.44539325842696625,CWS
analysis=spatial_spd|dataset_id=1807|region=North America|climatezone=Cold_Without_dry_season_Warm_Summer,1807,North America,Cold - Warm Summer,0,1,-1,CWS
analysis=spatial_spd|dataset_id=514|region=North America|climatezone=Polar,514,North America,Polar,0.3160655737704918,0.6839344262295082,-0.36786885245901635,POL
analysis=spatial_spd|dataset_id=3125|region=North America|climatezone=Cold_Without_dry_season_Cold_Summer,3125,North America,Cold - Cold Summer,0.2909346451159522,0.7090653548840478,-0.4181307097680956,CCS
analysis=spatial_spd|dataset_id=20922|region=North America|climatezone=Cold_Without_dry_season_Cold_Summer,20922,North America,Cold - Cold Summer,0.5719412724306688,0.4280587275693312,0.1438825448613376,CCS
analysis=spatial_spd|dataset_id=41606|region=North America|climatezone=Polar,41606,North America,Polar,0.30464584920030463,0.6953541507996954,-0.3907083015993908,POL
analysis=spatial_spd|dataset_id=352|region=North America|climatezone=Cold_Without_dry_season_Hot_Summer,352,North America,Cold - Hot Summer,0.3257720688712763,0.6742279311287237,-0.3484558622574474,CHS
analysis=spatial_spd|dataset_id=17304|region=North America|climatezone=Cold_Without_dry_season_Warm_Summer,17304,North America,Cold - Warm Summer,0.4425045153521975,0.5574954846478025,-0.11499096929560504,CWS
analysis=spatial_spd|dataset_id=22732|region=Europe|climatezone=Cold_Without_dry_season_Warm_Summer,22732,Europe,Cold - Warm Summer,0.23586744639376217,0.7641325536062378,-0.5282651072124755,CWS
analysis=spatial_spd|dataset_id=2609|region=North America|climatezone=Cold_Without_dry_season_Hot_Summer,2609,North America,Cold - Hot Summer,0.2592678405931418,0.7407321594068582,-0.48146431881371643,CHS
analysis=spatial_spd|dataset_id=48798|region=Europe|climatezone=Temperate_Without_dry_season,48798,Europe,Temperate,0.08629755644911848,0.9137024435508816,-0.8274048871017631,TMP
analysis=spatial_spd|dataset_id=21978|region=Latin America|climatezone=Temperate_Without_dry_season,21978,Latin America,Temperate,0.1449468085106383,0.8550531914893618,-0.7101063829787235,TMP
analysis=spatial_spd|dataset_id=22793|region=Europe|climatezone=Cold_Without_dry_season_Cold_Summer,22793,Europe,Cold - Cold Summer,0,1,-1,CCS
analysis=spatial_spd|dataset_id=15766|region=North America|climatezone=Temperate_Dry_Summer,15766,North America,Temperate - Dry Summer,0.027472527472527472,0.9725274725274725,-0.945054945054945,TDS
analysis=spatial_spd|dataset_id=46481|region=Europe|climatezone=Cold_Without_dry_season_Warm_Summer,46481,Europe,Cold - Warm Summer,0,1,-1,CWS
analysis=spatial_spd|dataset_id=17713|region=North America|climatezone=Cold_Without_dry_season_Cold_Summer,17713,North America,Cold - Cold Summer,0.17868641339343208,0.821313586606568,-0.6426271732131359,CCS
analysis=spatial_spd|dataset_id=20651|region=North America|climatezone=Polar,20651,North America,Polar,0,1,-1,POL
analysis=spatial_spd|dataset_id=47520|region=Europe|climatezone=Cold_Without_dry_season_Cold_Summer,47520,Europe,Cold - Cold Summer,0.02175714877745545,0.9782428512225445,-0.956485702445089,CCS
analysis=spatial_spd|dataset_id=4359|region=Europe|climatezone=Temperate_Without_dry_season,4359,Europe,Temperate,0.6331329561527581,0.36686704384724184,0.2662659123055163,TMP
analysis=spatial_spd|dataset_id=1788|region=North America|climatezone=Polar,1788,North America,Polar,0.17276466767698637,0.8272353323230137,-0.6544706646460273,POL
analysis=spatial_spd|dataset_id=45648|region=Oceania|climatezone=Temperate_Without_dry_season,45648,Oceania,Temperate,0.26415874328234806,0.7358412567176519,-0.4716825134353038,TMP
analysis=spatial_spd|dataset_id=4183|region=Europe|climatezone=Cold_Without_dry_season_Cold_Summer,4183,Europe,Cold - Cold Summer,0.28419834072930733,0.7158016592706926,-0.4316033185413853,CCS
analysis=spatial_spd|dataset_id=816|region=North America|climatezone=Temperate_Dry_Summer,816,North America,Temperate - Dry Summer,0.2188796680497925,0.7811203319502074,-0.5622406639004148,TDS
analysis=spatial_spd|dataset_id=3056|region=North America|climatezone=Polar,3056,North America,Polar,0.5107709750566893,0.48922902494331066,0.02154195011337867,POL
analysis=spatial_spd|dataset_id=40803|region=North America|climatezone=Cold_Without_dry_season_Hot_Summer,40803,North America,Cold - Hot Summer,0.3314576634512326,0.6685423365487675,-0.33708467309753487,CHS
analysis=spatial_spd|dataset_id=22652|region=Europe|climatezone=Cold_Without_dry_season_Cold_Summer,22652,Europe,Cold - Cold Summer,0.05870646766169154,0.9412935323383085,-0.882587064676617,CCS
analysis=spatial_spd|dataset_id=24956|region=Europe|climatezone=Cold_Without_dry_season_Warm_Summer,24956,Europe,Cold - Warm Summer,0,1,-1,CWS
analysis=spatial_spd|dataset_id=16278|region=North America|climatezone=Cold_Without_dry_season_Warm_Summer,16278,North America,Cold - Warm Summer,0.04255319148936171,0.9574468085106383,-0.9148936170212767,CWS
analysis=spatial_spd|dataset_id=1632|region=North America|climatezone=Cold_Dry_Summer,1632,North America,Cold - Dry Summer,0.6050368550368551,0.39496314496314494,0.21007371007371017,CDS
analysis=spatial_spd|dataset_id=1904|region=North America|climatezone=Cold_Without_dry_season_Warm_Summer,1904,North America,Cold - Warm Summer,0.08854860186418109,0.9114513981358189,-0.8229027962716378,CWS
analysis=spatial_spd|dataset_id=48948|region=Europe|climatezone=Polar,48948,Europe,Polar,0,1,-1,POL
analysis=spatial_spd|dataset_id=3977|region=Europe|climatezone=Cold_Without_dry_season_Warm_Summer,3977,Europe,Cold - Warm Summer,0.11757425742574258,0.8824257425742575,-0.764851485148515,CWS
analysis=spatial_spd|dataset_id=25837|region=Europe|climatezone=Cold_Without_dry_season_Cold_Summer,25837,Europe,Cold - Cold Summer,0.1906005221932115,0.8093994778067884,-0.6187989556135769,CCS
analysis=spatial_spd|dataset_id=2961|region=North America|climatezone=Cold_Without_dry_season_Hot_Summer,2961,North America,Cold - Hot Summer,0.25090543259557346,0.7490945674044266,-0.49818913480885313,CHS
analysis=spatial_spd|dataset_id=4145|region=Europe|climatezone=Cold_Without_dry_season_Cold_Summer,4145,Europe,Cold - Cold Summer,0,1,-1,CCS
analysis=spatial_spd|dataset_id=1152|region=North America|climatezone=Cold_Without_dry_season_Cold_Summer,1152,North America,Cold - Cold Summer,0.13706041478809738,0.8629395852119027,-0.7258791704238053,CCS
analysis=spatial_spd|dataset_id=3468|region=North America|climatezone=Cold_Without_dry_season_Hot_Summer,3468,North America,Cold - Hot Summer,0.24976765799256506,0.7502323420074349,-0.5004646840148699,CHS
analysis=spatial_spd|dataset_id=15586|region=North America|climatezone=Cold_Dry_Summer,15586,North America,Cold - Dry Summer,0.14285714285714288,0.8571428571428572,-0.7142857142857143,CDS
analysis=spatial_spd|dataset_id=22908|region=Europe|climatezone=Temperate_Without_dry_season,22908,Europe,Temperate,0.5382103200522533,0.46178967994774656,0.07642064010450678,TMP
analysis=spatial_spd|dataset_id=1104|region=North America|climatezone=Cold_Dry_Summer,1104,North America,Cold - Dry Summer,0.04066221318617485,0.9593377868138251,-0.9186755736276503,CDS
analysis=spatial_spd|dataset_id=2623|region=North America|climatezone=Cold_Without_dry_season_Hot_Summer,2623,North America,Cold - Hot Summer,0.17705510388437218,0.8229448961156278,-0.6458897922312556,CHS
analysis=spatial_spd|dataset_id=1626|region=North America|climatezone=Cold_Without_dry_season_Warm_Summer,1626,North America,Cold - Warm Summer,0.35229388860673777,0.6477061113932622,-0.2954122227865244,CWS
analysis=spatial_spd|dataset_id=24091|region=Europe|climatezone=Cold_Without_dry_season_Warm_Summer,24091,Europe,Cold - Warm Summer,0,1,-1,CWS
analysis=spatial_spd|dataset_id=45381|region=Europe|climatezone=Cold_Without_dry_season_Warm_Summer,45381,Europe,Cold - Warm Summer,0.6706992499395112,0.32930075006048876,0.3413984998790225,CWS
analysis=spatial_spd|dataset_id=24303|region=Europe|climatezone=Polar,24303,Europe,Polar,0.7338090010976948,0.26619099890230513,0.4676180021953896,POL
analysis=spatial_spd|dataset_id=228|region=North America|climatezone=Temperate_Dry_Summer,228,North America,Temperate - Dry Summer,0.21821273379935766,0.7817872662006423,-0.5635745324012846,TDS
analysis=spatial_spd|dataset_id=32|region=Latin America|climatezone=Polar,32,Latin America,Polar,0.07904169024712318,0.9209583097528768,-0.8419166195057537,POL
analysis=spatial_spd|dataset_id=1002|region=North America|climatezone=Cold_Without_dry_season_Warm_Summer,1002,North America,Cold - Warm Summer,0.16537313432835818,0.8346268656716418,-0.6692537313432836,CWS
analysis=spatial_spd|dataset_id=2953|region=North America|climatezone=Temperate_Without_dry_season,2953,North America,Temperate,0.17394550205300485,0.826054497946995,-0.6521089958939902,TMP
analysis=spatial_spd|dataset_id=1648|region=North America|climatezone=Temperate_Without_dry_season,1648,North America,Temperate,0.219637413765442,0.780362586234558,-0.560725172469116,TMP
analysis=spatial_spd|dataset_id=15776|region=North America|climatezone=Temperate_Dry_Summer,15776,North America,Temperate - Dry Summer,0.892416225749559,0.10758377425044093,0.7848324514991181,TDS
analysis=spatial_spd|dataset_id=2593|region=North America|climatezone=Cold_Without_dry_season_Hot_Summer,2593,North America,Cold - Hot Summer,0.31987796291950243,0.6801220370804975,-0.360244074160995,CHS
analysis=spatial_spd|dataset_id=45716|region=Europe|climatezone=Polar,45716,Europe,Polar,0.30717542596592273,0.6928245740340773,-0.38564914806815453,POL
analysis=spatial_spd|dataset_id=15394|region=Latin America|climatezone=Tropical,15394,Latin America,Tropical,0.19959028387474392,0.8004097161252561,-0.6008194322505123,TRO
analysis=spatial_spd|dataset_id=1766|region=North America|climatezone=Arid,1766,North America,Arid,0.5467316513761468,0.4532683486238532,0.09346330275229359,ARD
analysis=spatial_spd|dataset_id=22851|region=Europe|climatezone=Cold_Without_dry_season_Warm_Summer,22851,Europe,Cold - Warm Summer,0.23210070810385525,0.7678992918961448,-0.5357985837922896,CWS
analysis=spatial_spd|dataset_id=48925|region=North America|climatezone=Cold_Without_dry_season_Warm_Summer,48925,North America,Cold - Warm Summer,0.024612579762989976,0.9753874202370101,-0.95077484047402006,CWS
analysis=spatial_spd|dataset_id=17368|region=Latin America|climatezone=Polar,17368,Latin America,Polar,0.3395904436860068,0.6604095563139931,-0.3208191126279863,POL
analysis=spatial_spd|dataset_id=4120|region=Europe|climatezone=Cold_Without_dry_season_Warm_Summer,4120,Europe,Cold - Warm Summer,0,1,-1,CWS
analysis=spatial_spd|dataset_id=18123|region=Latin America|climatezone=Arid,18123,Latin America,Arid,0,1,-1,ARD
analysis=spatial_spd|dataset_id=43295|region=Latin America|climatezone=Cold_Dry_Summer,43295,Latin America,Cold - Dry Summer,0.04217185028993147,0.9578281497100685,-0.915656299420137,CDS
analysis=spatial_spd|dataset_id=15259|region=Latin America|climatezone=Polar,15259,Latin America,Polar,0.19746376811594205,0.802536231884058,-0.605072463768116,POL
analysis=spatial_spd|dataset_id=15682|region=North America|climatezone=Cold_Without_dry_season_Warm_Summer,15682,North America,Cold - Warm Summer,0.4066132264529058,0.5933867735470941,-0.1867735470941883,CWS
analysis=spatial_spd|dataset_id=24461|region=Europe|climatezone=Cold_Without_dry_season_Warm_Summer,24461,Europe,Cold - Warm Summer,0.029749830966869513,0.9702501690331305,-0.940500338066261,CWS
analysis=spatial_spd|dataset_id=19995|region=North America|climatezone=Cold_Without_dry_season_Cold_Summer,19995,North America,Cold - Cold Summer,0.1792782305005821,0.820721769499418,-0.6414435389988359,CCS
analysis=spatial_spd|dataset_id=48782|region=Europe|climatezone=Temperate_Without_dry_season,48782,Europe,Temperate,0.2918767507002801,0.7081232492997199,-0.41624649859943985,TMP
analysis=spatial_spd|dataset_id=1970|region=North America|climatezone=Arid,1970,North America,Arid,0.4493597206053551,0.550640279394645,-0.10128055878928988,ARD
analysis=spatial_spd|dataset_id=41835|region=Europe|climatezone=Cold_Without_dry_season_Cold_Summer,41835,Europe,Cold - Cold Summer,0.14835044789163207,0.8516495521083679,-0.7032991042167358,CCS
analysis=spatial_spd|dataset_id=4436|region=Europe|climatezone=Temperate_Without_dry_season,4436,Europe,Temperate,0.23434473854099422,0.7656552614590059,-0.5313105229180116,TMP
analysis=spatial_spd|dataset_id=16073|region=North America|climatezone=Temperate_Dry_Summer,16073,North America,Temperate - Dry Summer,0.02265902265902266,0.9773409773409774,-0.9546819546819547,TDS
analysis=spatial_spd|dataset_id=16236|region=North America|climatezone=Cold_Without_dry_season_Cold_Summer,16236,North America,Cold - Cold Summer,0.05278785879247772,0.9472121412075223,-0.8944242824150446,CCS
analysis=spatial_spd|dataset_id=2880|region=North America|climatezone=Cold_Without_dry_season_Cold_Summer,2880,North America,Cold - Cold Summer,0.26534576534576537,0.7346542346542347,-0.46930846930846937,CCS
analysis=spatial_spd|dataset_id=513|region=North America|climatezone=Cold_Without_dry_season_Hot_Summer,513,North America,Cold - Hot Summer,0.33253145817912655,0.6674685418208735,-0.3349370836417469,CHS
analysis=spatial_spd|dataset_id=1856|region=North America|climatezone=Cold_Without_dry_season_Cold_Summer,1856,North America,Cold - Cold Summer,0.13422818791946312,0.865771812080537,-0.7315436241610739,CCS
analysis=spatial_spd|dataset_id=40844|region=North America|climatezone=Cold_Without_dry_season_Hot_Summer,40844,North America,Cold - Hot Summer,0,1,-1,CHS
analysis=spatial_spd|dataset_id=4308|region=Europe|climatezone=Cold_Without_dry_season_Warm_Summer,4308,Europe,Cold - Warm Summer,0.20262932266361816,0.7973706773363818,-0.5947413546727636,CWS
analysis=spatial_spd|dataset_id=42668|region=Europe|climatezone=Cold_Without_dry_season_Warm_Summer,42668,Europe,Cold - Warm Summer,0.04075235109717869,0.9592476489028213,-0.9184952978056427,CWS
analysis=spatial_spd|dataset_id=1001|region=North America|climatezone=Cold_Dry_Summer,1001,North America,Cold - Dry Summer,0.47002606429192006,0.5299739357080799,-0.05994787141615987,CDS
analysis=spatial_spd|dataset_id=369|region=North America|climatezone=Cold_Without_dry_season_Warm_Summer,369,North America,Cold - Warm Summer,0.1166330870830535,0.8833669129169466,-0.766733825833893,CWS
analysis=spatial_spd|dataset_id=21838|region=Latin America|climatezone=Polar,21838,Latin America,Polar,0.14653323802716225,0.8534667619728378,-0.7069335239456755,POL
analysis=spatial_spd|dataset_id=506|region=North America|climatezone=Cold_Without_dry_season_Cold_Summer,506,North America,Cold - Cold Summer,0.3604603370324702,0.6395396629675297,-0.2790793259350595,CCS
analysis=spatial_spd|dataset_id=1733|region=North America|climatezone=Cold_Without_dry_season_Cold_Summer,1733,North America,Cold - Cold Summer,0.738895326380842,0.26110467361915796,0.47779065276168403,CCS
analysis=spatial_spd|dataset_id=19967|region=North America|climatezone=Cold_Without_dry_season_Warm_Summer,19967,North America,Cold - Warm Summer,0.19487179487179487,0.805128205128205,-0.6102564102564102,CWS
analysis=spatial_spd|dataset_id=PVT_Daihai_Lake_2004|region=Asia|climatezone=Arid,PVT_Daihai_Lake_2004,Asia,Arid,0.25155511321224183,0.7484448867877581,-0.4968897735755163,ARD
analysis=spatial_spd|dataset_id=PVT_Dalianhai_Lake|region=Asia|climatezone=Arid,PVT_Dalianhai_Lake,Asia,Arid,0,1,-1,ARD
analysis=spatial_spd|dataset_id=PVT_Gonghai_Lake|region=Asia|climatezone=Cold_Dry_Winter,PVT_Gonghai_Lake,Asia,Cold - Dry Winter,0.2309433962264151,0.769056603773585,-0.5381132075471698,CDW
analysis=spatial_spd|dataset_id=PVT_Qinghai_Lake_QH2000|region=Asia|climatezone=Cold_Dry_Winter,PVT_Qinghai_Lake_QH2000,Asia,Cold - Dry Winter,0.2957163426925846,0.7042836573074154,-0.40856731461483076,CDW
analysis=spatial_spd|dataset_id=PVT_Sihailongwan_Lake|region=Asia|climatezone=Cold_Dry_Winter,PVT_Sihailongwan_Lake,Asia,Cold - Dry Winter,0.25605050859347595,0.743949491406524,-0.48789898281304805,CDW
analysis=spatial_spd|dataset_id=PVT_Ximen_Co|region=Asia|climatezone=Polar,PVT_Ximen_Co,Asia,Polar,0.278865828705057,0.721134171294943,-0.44226834258988595,POL
analysis=spatial_spd|dataset_id=PVT_Xingyun_Lake|region=Asia|climatezone=Temperate_Dry_Winter,PVT_Xingyun_Lake,Asia,Temperate - Dry Winter,0.6280393171236419,0.3719606828763579,0.256078634247284,TDW
analysis=spatial_spd|dataset_id=PANGAEA.834960|region=Asia|climatezone=Cold_Without_dry_season_Cold_Summer,PANGAEA.834960,Asia,Cold - Cold Summer,0.3827779416101445,0.6172220583898556,-0.23444411677971105,CCS
analysis=spatial_spd|dataset_id=PVT_Akkol_Lake|region=Asia|climatezone=Polar,PVT_Akkol_Lake,Asia,Polar,0,1,-1,POL
analysis=spatial_spd|dataset_id=PVT_Ayongwama_Co|region=Asia|climatezone=Polar,PVT_Ayongwama_Co,Asia,Polar,0.30152949745083757,0.6984705025491624,-0.39694100509832486,POL
analysis=spatial_spd|dataset_id=PVT_Chaiwopu_Lake|region=Asia|climatezone=Arid,PVT_Chaiwopu_Lake,Asia,Arid,0.5238095238095238,0.47619047619047616,0.04761904761904767,ARD
analysis=spatial_spd|dataset_id=PVT_Dahaizi_Lake|region=Asia|climatezone=Temperate_Dry_Winter,PVT_Dahaizi_Lake,Asia,Temperate - Dry Winter,0.45124923826934793,0.548750761730652,-0.09750152346130403,TDW
analysis=spatial_spd|dataset_id=PVT_Dali_Nur_Jiangjunpaozi_Lake|region=Asia|climatezone=Cold_Dry_Winter,PVT_Dali_Nur_Jiangjunpaozi_Lake,Asia,Cold - Dry Winter,0.03233574131406949,0.9676642586859304,-0.935328517371861,CDW
analysis=spatial_spd|dataset_id=PVT_Dali_Nur_Liuzhouwan_Lake|region=Asia|climatezone=Cold_Dry_Winter,PVT_Dali_Nur_Liuzhouwan_Lake,Asia,Cold - Dry Winter,0.17606371829805073,0.8239362817019492,-0.6478725634038984,CDW
analysis=spatial_spd|dataset_id=PVT_Dongganchi|region=Asia|climatezone=Cold_Dry_Winter,PVT_Dongganchi,Asia,Cold - Dry Winter,0.3486020226055919,0.6513979773944081,-0.30279595478881616,CDW
analysis=spatial_spd|dataset_id=PVT_Erhai_Lake|region=Asia|climatezone=Temperate_Dry_Winter,PVT_Erhai_Lake,Asia,Temperate - Dry Winter,0.8350803633822501,0.1649196366177498,0.6701607267645003,TDW
analysis=spatial_spd|dataset_id=PVT_Erhailongwan_Lake|region=Asia|climatezone=Cold_Dry_Winter,PVT_Erhailongwan_Lake,Asia,Cold - Dry Winter,0.1706417506761741,0.8293582493238258,-0.6587164986476517,CDW
analysis=spatial_spd|dataset_id=PVT_Ganhai_Lake|region=Asia|climatezone=Cold_Dry_Winter,PVT_Ganhai_Lake,Asia,Cold - Dry Winter,0.26232856725999415,0.7376714327400059,-0.47534286548001176,CDW
analysis=spatial_spd|dataset_id=PVT_Gantang|region=Asia|climatezone=Temperate_Without_dry_season,PVT_Gantang,Asia,Temperate,0.24421965317919073,0.7557803468208093,-0.5115606936416186,TMP
analysis=spatial_spd|dataset_id=PVT_Guangfulin|region=Asia|climatezone=Temperate_Without_dry_season,PVT_Guangfulin,Asia,Temperate,0.06132075471698113,0.9386792452830188,-0.8773584905660377,TMP
analysis=spatial_spd|dataset_id=PVT_Kendegelukol_Lake|region=Asia|climatezone=Polar,PVT_Kendegelukol_Lake,Asia,Polar,0.1624137377627989,0.8375862622372011,-0.6751725244744022,POL
analysis=spatial_spd|dataset_id=PVT_Koucha_Lake|region=Asia|climatezone=Polar,PVT_Koucha_Lake,Asia,Polar,0.22610722610722614,0.773892773892774,-0.5477855477855479,POL
analysis=spatial_spd|dataset_id=PVT_Kuhai_Lake|region=Asia|climatezone=Polar,PVT_Kuhai_Lake,Asia,Polar,0.07657021877205364,0.9234297812279464,-0.8468595624558928,POL
analysis=spatial_spd|dataset_id=PVT_Longquan_Lake_LC2|region=Asia|climatezone=Temperate_Without_dry_season,PVT_Longquan_Lake_LC2,Asia,Temperate,0,1,-1,TMP
analysis=spatial_spd|dataset_id=PVT_Lop_Nur_Luo4|region=Asia|climatezone=Arid,PVT_Lop_Nur_Luo4,Asia,Arid,0.43721461187214605,0.5627853881278538,-0.12557077625570778,ARD
analysis=spatial_spd|dataset_id=PVT_Luanhaizi_LH2|region=Asia|climatezone=Cold_Dry_Winter,PVT_Luanhaizi_LH2,Asia,Cold - Dry Winter,1.6342539630658605e-4,0.9998365746036935,-0.9996731492073869,CDW
analysis=spatial_spd|dataset_id=PVT_Mengcun|region=Asia|climatezone=Cold_Dry_Winter,PVT_Mengcun,Asia,Cold - Dry Winter,0.07476913911230265,0.9252308608876973,-0.8504617217753947,CDW
analysis=spatial_spd|dataset_id=PVT_Naleng_Co|region=Asia|climatezone=Polar,PVT_Naleng_Co,Asia,Polar,0.1998109045067759,0.800189095493224,-0.6003781909864481,POL
analysis=spatial_spd|dataset_id=PVT_Nantun|region=Asia|climatezone=Temperate_Dry_Winter,PVT_Nantun,Asia,Temperate - Dry Winter,0.16870144284128746,0.8312985571587125,-0.662597114317425,TDW
analysis=spatial_spd|dataset_id=PVT_Qigai_Nuur|region=Asia|climatezone=Arid,PVT_Qigai_Nuur,Asia,Arid,0.10012172854534387,0.8998782714546562,-0.7997565429093123,ARD
analysis=spatial_spd|dataset_id=PVT_Qongjiamong_Co|region=Asia|climatezone=Polar,PVT_Qongjiamong_Co,Asia,Polar,0.38799192734611504,0.612008072653885,-0.22401614530776998,POL
analysis=spatial_spd|dataset_id=PVT_Ren_Co_R1|region=Asia|climatezone=Polar,PVT_Ren_Co_R1,Asia,Polar,0,1,-1,POL
analysis=spatial_spd|dataset_id=PVT_Sanjiaocheng_Section|region=Asia|climatezone=Arid,PVT_Sanjiaocheng_Section,Asia,Arid,0.1901840490797546,0.8098159509202454,-0.6196319018404908,ARD
analysis=spatial_spd|dataset_id=PVT_Sayram_Lake|region=Asia|climatezone=Cold_Without_dry_season_Warm_Summer,PVT_Sayram_Lake,Asia,Cold - Warm Summer,0.1588456712672522,0.8411543287327479,-0.6823086574654957,CWS
analysis=spatial_spd|dataset_id=PVT_Shaamar|region=Asia|climatezone=Cold_Dry_Winter,PVT_Shaamar,Asia,Cold - Dry Winter,0.008412197686645638,0.9915878023133544,-0.9831756046267088,CDW
analysis=spatial_spd|dataset_id=PVT_Shayema_Lake|region=Asia|climatezone=Temperate_Dry_Winter,PVT_Shayema_Lake,Asia,Temperate - Dry Winter,0.28305894848645774,0.7169410515135421,-0.4338821030270844,TDW
analysis=spatial_spd|dataset_id=PVT_Sujiawan|region=Asia|climatezone=Cold_Dry_Winter,PVT_Sujiawan,Asia,Cold - Dry Winter,0.0018874399450926563,0.9981125600549073,-0.9962251201098147,CDW
analysis=spatial_spd|dataset_id=PVT_Tiancai_Lake|region=Asia|climatezone=Cold_Dry_Winter,PVT_Tiancai_Lake,Asia,Cold - Dry Winter,0.10115473441108545,0.8988452655889145,-0.7976905311778291,CDW
analysis=spatial_spd|dataset_id=PVT_Uzunkol_Lake|region=Asia|climatezone=Cold_Without_dry_season_Cold_Summer,PVT_Uzunkol_Lake,Asia,Cold - Cold Summer,0.20903706953279227,0.7909629304672077,-0.5819258609344153,CCS
analysis=spatial_spd|dataset_id=PVT_Wulungu_Lake|region=Asia|climatezone=Arid,PVT_Wulungu_Lake,Asia,Arid,0.27051177904142976,0.7294882209585702,-0.4589764419171405,ARD
analysis=spatial_spd|dataset_id=PVT_Xiehu_Lake_SO4|region=Asia|climatezone=Cold_Dry_Winter,PVT_Xiehu_Lake_SO4,Asia,Cold - Dry Winter,0,1,-1,CDW
analysis=spatial_spd|dataset_id=PVT_Yamant_Nur_Lake|region=Asia|climatezone=Arid,PVT_Yamant_Nur_Lake,Asia,Arid,0.13123644251626898,0.868763557483731,-0.737527114967462,ARD
analysis=spatial_spd|dataset_id=PVT_Yidun_Lake|region=Asia|climatezone=Polar,PVT_Yidun_Lake,Asia,Polar,0.16604316546762588,0.833956834532374,-0.6679136690647481,POL
analysis=spatial_spd|dataset_id=PVT_Zoige_RH|region=Asia|climatezone=Cold_Dry_Winter,PVT_Zoige_RH,Asia,Cold - Dry Winter,0.23209606986899564,0.7679039301310043,-0.5358078602620087,CDW
analysis=spatial_spd|dataset_id=cao_8|region=Asia|climatezone=Cold_Dry_Winter,cao_8,Asia,Cold - Dry Winter,0.051051051051051045,0.9489489489489489,-0.8978978978978979,CDW
analysis=spatial_spd|dataset_id=cao_57|region=Asia|climatezone=Cold_Without_dry_season_Cold_Summer,cao_57,Asia,Cold - Cold Summer,0.0053458068827263614,0.9946541931172737,-0.9893083862345473,CCS
analysis=spatial_spd|dataset_id=cao_80|region=Asia|climatezone=Cold_Without_dry_season_Cold_Summer,cao_80,Asia,Cold - Cold Summer,0.03228982083087222,0.9677101791691277,-0.9354203583382555,CCS
analysis=spatial_spd|dataset_id=cao_101|region=Asia|climatezone=Cold_Without_dry_season_Warm_Summer,cao_101,Asia,Cold - Warm Summer,0.012762275578628596,0.9872377244213714,-0.9744754488427427,CWS
analysis=spatial_spd|dataset_id=cao_124|region=Asia|climatezone=Cold_Without_dry_season_Cold_Summer,cao_124,Asia,Cold - Cold Summer,0.2267226475673006,0.7732773524326995,-0.5465547048653989,CCS
analysis=spatial_spd|dataset_id=cao_134|region=Asia|climatezone=Cold_Without_dry_season_Cold_Summer,cao_134,Asia,Cold - Cold Summer,0,1,-1,CCS
analysis=spatial_spd|dataset_id=cao_158|region=Asia|climatezone=Cold_Without_dry_season_Warm_Summer,cao_158,Asia,Cold - Warm Summer,0.03510351035103511,0.9648964896489649,-0.9297929792979298,CWS
analysis=spatial_spd|dataset_id=PANGAEA.884462|region=Asia|climatezone=Arid,PANGAEA.884462,Asia,Arid,0.1812036633231574,0.8187963366768426,-0.6375926733536852,ARD
analysis=spatial_spd|dataset_id=PANGAEA.896256|region=Asia|climatezone=Arid,PANGAEA.896256,Asia,Arid,0.15294117647058825,0.8470588235294119,-0.6941176470588236,ARD
analysis=spatial_spd|dataset_id=PANGAEA.783359|region=Asia|climatezone=Temperate_Dry_Summer,PANGAEA.783359,Asia,Temperate - Dry Summer,0,1,-1,TDS
analysis=spatial_spd|dataset_id=Lake_Moon|region=Asia|climatezone=Cold_Dry_Winter,Lake_Moon,Asia,Cold - Dry Winter,0.4201465201465201,0.5798534798534798,-0.1597069597069597,CDW
analysis=spatial_spd|dataset_id=47817|region=Asia|climatezone=Arid,47817,Asia,Arid,0.3159722222222222,0.6840277777777778,-0.3680555555555556,ARD
analysis=spatial_spd|dataset_id=876|region=Asia|climatezone=Cold_Without_dry_season_Warm_Summer,876,Asia,Cold - Warm Summer,0.11680572109654351,0.8831942789034566,-0.7663885578069131,CWS
analysis=spatial_spd|dataset_id=46462|region=Asia|climatezone=Cold_Without_dry_season_Warm_Summer,46462,Asia,Cold - Warm Summer,0.24887714663143992,0.7511228533685601,-0.5022457067371202,CWS
analysis=spatial_spd|dataset_id=46466|region=Asia|climatezone=Cold_Without_dry_season_Warm_Summer,46466,Asia,Cold - Warm Summer,0.1837488457987073,0.8162511542012927,-0.6325023084025854,CWS
analysis=spatial_spd|dataset_id=46483|region=Asia|climatezone=Cold_Without_dry_season_Warm_Summer,46483,Asia,Cold - Warm Summer,0,1,-1,CWS
analysis=spatial_spd|dataset_id=3896|region=Asia|climatezone=Cold_Without_dry_season_Cold_Summer,3896,Asia,Cold - Cold Summer,0,1,-1,CCS
analysis=spatial_spd|dataset_id=46479|region=Asia|climatezone=Cold_Without_dry_season_Warm_Summer,46479,Asia,Cold - Warm Summer,0,1,-1,CWS
analysis=spatial_spd|dataset_id=46485|region=Asia|climatezone=Cold_Without_dry_season_Warm_Summer,46485,Asia,Cold - Warm Summer,0.0360082304526749,0.9639917695473251,-0.9279835390946503,CWS
analysis=spatial_spd|dataset_id=46447|region=Asia|climatezone=Cold_Without_dry_season_Cold_Summer,46447,Asia,Cold - Cold Summer,0.04836443909291591,0.9516355609070841,-0.9032711218141682,CCS
analysis=spatial_spd|dataset_id=1444|region=Asia|climatezone=Cold_Without_dry_season_Warm_Summer,1444,Asia,Cold - Warm Summer,0.2473652813680652,0.7526347186319348,-0.5052694372638695,CWS
analysis=spatial_spd|dataset_id=2643|region=Asia|climatezone=Cold_Without_dry_season_Warm_Summer,2643,Asia,Cold - Warm Summer,0,1,-1,CWS
analysis=spatial_spd|dataset_id=1844|region=Asia|climatezone=Cold_Without_dry_season_Warm_Summer,1844,Asia,Cold - Warm Summer,0.19990412272291463,0.8000958772770853,-0.6001917545541706,CWS
analysis=spatial_spd|dataset_id=4543|region=Asia|climatezone=Cold_Without_dry_season_Cold_Summer,4543,Asia,Cold - Cold Summer,0.008221225710014948,0.9917787742899852,-0.9835575485799702,CCS
analysis=spatial_spd|dataset_id=40990|region=Asia|climatezone=Cold_Dry_Winter,40990,Asia,Cold - Dry Winter,0,1,-1,CDW
analysis=spatial_spd|dataset_id=15720|region=Asia|climatezone=Cold_Without_dry_season_Warm_Summer,15720,Asia,Cold - Warm Summer,0.09602327837051407,0.9039767216294858,-0.8079534432589718,CWS
analysis=spatial_spd|dataset_id=4081|region=Asia|climatezone=Cold_Dry_Winter,4081,Asia,Cold - Dry Winter,0,1,-1,CDW
analysis=spatial_spd|dataset_id=3861|region=Asia|climatezone=Arid,3861,Asia,Arid,0,1,-1,ARD
analysis=spatial_spd|dataset_id=41247|region=Asia|climatezone=Temperate_Dry_Winter,41247,Asia,Temperate - Dry Winter,0.6964856230031949,0.3035143769968051,0.39297124600638983,TDW
analysis=spatial_spd|dataset_id=15624|region=Asia|climatezone=Temperate_Without_dry_season,15624,Asia,Temperate,0.14161894443584583,0.8583810555641541,-0.7167621111283082,TMP
analysis=spatial_spd|dataset_id=41245|region=Asia|climatezone=Cold_Dry_Winter,41245,Asia,Cold - Dry Winter,0.18964285714285717,0.8103571428571429,-0.6207142857142858,CDW
analysis=spatial_spd|dataset_id=14612|region=Asia|climatezone=Arid,14612,Asia,Arid,0.1160377358490566,0.8839622641509435,-0.7679245283018868,ARD
analysis=spatial_spd|dataset_id=15649|region=Asia|climatezone=Temperate_Without_dry_season,15649,Asia,Temperate,0.2602414833980164,0.7397585166019837,-0.47951703320396727,TMP
analysis=spatial_spd|dataset_id=14134|region=Asia|climatezone=Temperate_Without_dry_season,14134,Asia,Temperate,0,1,-1,TMP
analysis=spatial_spd|dataset_id=15656|region=Asia|climatezone=Temperate_Without_dry_season,15656,Asia,Temperate,0.08570504527813712,0.9142949547218628,-0.8285899094437257,TMP
analysis=spatial_spd|dataset_id=22330|region=Asia|climatezone=Cold_Without_dry_season_Warm_Summer,22330,Asia,Cold - Warm Summer,0.08869456589631482,0.9113054341036853,-0.8226108682073704,CWS
analysis=spatial_spd|dataset_id=15709|region=Asia|climatezone=Cold_Without_dry_season_Warm_Summer,15709,Asia,Cold - Warm Summer,0.0119119725418938,0.9880880274581062,-0.9761760549162124,CWS
analysis=spatial_spd|dataset_id=15678|region=Asia|climatezone=Cold_Without_dry_season_Hot_Summer,15678,Asia,Cold - Hot Summer,0.5046382189239331,0.49536178107606677,0.009276437847866359,CHS
analysis=spatial_spd|dataset_id=3927|region=Asia|climatezone=Temperate_Dry_Summer,3927,Asia,Temperate - Dry Summer,0,1,-1,TDS
analysis=spatial_spd|dataset_id=4137|region=Asia|climatezone=Arid,4137,Asia,Arid,0.1705357142857143,0.8294642857142858,-0.6589285714285715,ARD
analysis=spatial_spd|dataset_id=4442|region=Asia|climatezone=Cold_Dry_Summer,4442,Asia,Cold - Dry Summer,0,1,-1,CDS
analysis=spatial_spd|dataset_id=4509|region=Asia|climatezone=Cold_Dry_Summer,4509,Asia,Cold - Dry Summer,0,1,-1,CDS
analysis=spatial_spd|dataset_id=24161|region=Asia|climatezone=Cold_Dry_Summer,24161,Asia,Cold - Dry Summer,0,1,-1,CDS
analysis=spatial_spd|dataset_id=24166|region=Asia|climatezone=Temperate_Dry_Summer,24166,Asia,Temperate - Dry Summer,0,1,-1,TDS
analysis=spatial_spd|dataset_id=24175|region=Asia|climatezone=Arid,24175,Asia,Arid,0.05606728073688426,0.9439327192631157,-0.8878654385262315,ARD
analysis=spatial_spd|dataset_id=pg_711911|region=Asia|climatezone=Arid,pg_711911,Asia,Arid,0.2928280613842781,0.7071719386157218,-0.4143438772314437,ARD
analysis=spatial_spd|dataset_id=pg_858056|region=Asia|climatezone=Temperate_Dry_Summer,pg_858056,Asia,Temperate - Dry Summer,0.10757049053688682,0.8924295094631132,-0.7848590189262263,TDS
analysis=spatial_spd|dataset_id=pg_874340|region=Asia|climatezone=Arid,pg_874340,Asia,Arid,0,1,-1,ARD
analysis=spatial_spd|dataset_id=pg_884740|region=Asia|climatezone=Arid,pg_884740,Asia,Arid,0.18125643666323377,0.8187435633367661,-0.6374871266735324,ARD
analysis=spatial_spd|dataset_id=pg_907390|region=Asia|climatezone=Arid,pg_907390,Asia,Arid,0.7655726724715338,0.2344273275284662,0.5311453449430676,ARD
analysis=spatial_spd|dataset_id=pg_711930|region=Asia|climatezone=Temperate_Dry_Summer,pg_711930,Asia,Temperate - Dry Summer,0.13157894736842107,0.868421052631579,-0.736842105263158,TDS
analysis=spatial_spd|dataset_id=pg_738918|region=Asia|climatezone=Cold_Dry_Summer,pg_738918,Asia,Cold - Dry Summer,0,1,-1,CDS
analysis=spatial_spd|dataset_id=ippd_975|region=Oceania|climatezone=Temperate_Without_dry_season,ippd_975,Oceania,Temperate,0.23422575003363377,0.7657742499663662,-0.5315484999327325,TMP
analysis=spatial_spd|dataset_id=ippd_978|region=Oceania|climatezone=Temperate_Without_dry_season,ippd_978,Oceania,Temperate,0.46535472134942946,0.5346452786505704,-0.06929055730114098,TMP
analysis=spatial_spd|dataset_id=ippd_991|region=Oceania|climatezone=Temperate_Without_dry_season,ippd_991,Oceania,Temperate,0.6218715995647442,0.3781284004352557,0.24374319912948855,TMP
analysis=spatial_spd|dataset_id=ippd_1016|region=Oceania|climatezone=Temperate_Without_dry_season,ippd_1016,Oceania,Temperate,0.42630876958986325,0.5736912304101367,-0.14738246082027345,TMP
analysis=spatial_spd|dataset_id=ippd_1070|region=Oceania|climatezone=Tropical,ippd_1070,Oceania,Tropical,0.7307692307692308,0.2692307692307693,0.46153846153846156,TRO
analysis=spatial_spd|dataset_id=ippd_1443|region=Oceania|climatezone=Tropical,ippd_1443,Oceania,Tropical,0.03586800573888092,0.9641319942611191,-0.9282639885222381,TRO
analysis=spatial_spd|dataset_id=ippd_1444|region=Oceania|climatezone=Tropical,ippd_1444,Oceania,Tropical,0.7795255286230015,0.22047447137699844,0.559051057246003,TRO
analysis=spatial_spd|dataset_id=ippd_1999|region=Oceania|climatezone=Tropical,ippd_1999,Oceania,Tropical,0,1,-1,TRO
analysis=spatial_spd|dataset_id=ippd_2000|region=Oceania|climatezone=Temperate_Dry_Winter,ippd_2000,Oceania,Temperate - Dry Winter,0.3450624290578888,0.6549375709421114,-0.30987514188422255,TDW
analysis=spatial_spd|dataset_id=ippd_2008|region=Oceania|climatezone=Temperate_Without_dry_season,ippd_2008,Oceania,Temperate,0.42356774368721156,0.5764322563127885,-0.15286451262557693,TMP
analysis=spatial_spd|dataset_id=ippd_2009|region=Oceania|climatezone=Temperate_Without_dry_season,ippd_2009,Oceania,Temperate,0.4811650485436893,0.5188349514563106,-0.037669902912621345,TMP
analysis=spatial_spd|dataset_id=ippd_2094|region=Oceania|climatezone=Temperate_Without_dry_season,ippd_2094,Oceania,Temperate,0.13785659213569773,0.8621434078643022,-0.7242868157286044,TMP
analysis=spatial_spd|dataset_id=ippd_2113|region=Oceania|climatezone=Temperate_Without_dry_season,ippd_2113,Oceania,Temperate,0.546304163126593,0.45369583687340703,0.09260832625318599,TMP
analysis=spatial_spd|dataset_id=ippd_2122|region=Oceania|climatezone=Temperate_Without_dry_season,ippd_2122,Oceania,Temperate,1,0,1,TMP
analysis=spatial_spd|dataset_id=ippd_2133|region=Oceania|climatezone=Temperate_Dry_Summer,ippd_2133,Oceania,Temperate - Dry Summer,0.15800865800865802,0.841991341991342,-0.6839826839826839,TDS
analysis=spatial_spd|dataset_id=ippd_2163|region=Oceania|climatezone=Temperate_Without_dry_season,ippd_2163,Oceania,Temperate,0.24973387268469235,0.7502661273153076,-0.5005322546306152,TMP
analysis=spatial_spd|dataset_id=ippd_2216|region=Oceania|climatezone=Temperate_Without_dry_season,ippd_2216,Oceania,Temperate,0.21707670043415342,0.7829232995658467,-0.5658465991316933,TMP
analysis=spatial_spd|dataset_id=ippd_2264|region=Oceania|climatezone=Temperate_Without_dry_season,ippd_2264,Oceania,Temperate,0.020192748967416248,0.9798072510325838,-0.9596145020651675,TMP
analysis=spatial_spd|dataset_id=ippd_2268|region=Oceania|climatezone=Temperate_Without_dry_season,ippd_2268,Oceania,Temperate,0,1,-1,TMP
analysis=spatial_spd|dataset_id=ippd_2270|region=Oceania|climatezone=Temperate_Without_dry_season,ippd_2270,Oceania,Temperate,0.24547368421052632,0.7545263157894737,-0.5090526315789474,TMP
analysis=spatial_spd|dataset_id=ippd_2271|region=Oceania|climatezone=Temperate_Without_dry_season,ippd_2271,Oceania,Temperate,0.4809415700800574,0.5190584299199427,-0.038116859839885275,TMP
analysis=spatial_spd|dataset_id=ippd_2283|region=Oceania|climatezone=Temperate_Without_dry_season,ippd_2283,Oceania,Temperate,1,0,1,TMP
analysis=spatial_spd|dataset_id=ippd_2284|region=Oceania|climatezone=Temperate_Without_dry_season,ippd_2284,Oceania,Temperate,0.44179787377203605,0.558202126227964,-0.11640425245592789,TMP
analysis=spatial_spd|dataset_id=ippd_2287|region=Oceania|climatezone=Arid,ippd_2287,Oceania,Arid,0.24239791485664638,0.7576020851433536,-0.5152041702867072,ARD
analysis=spatial_spd|dataset_id=ippd_2306|region=Oceania|climatezone=Temperate_Without_dry_season,ippd_2306,Oceania,Temperate,0.06481481481481483,0.9351851851851852,-0.8703703703703705,TMP
analysis=spatial_spd|dataset_id=ippd_2308|region=Oceania|climatezone=Temperate_Without_dry_season,ippd_2308,Oceania,Temperate,0.16349880051670052,0.8365011994832996,-0.6730023989665991,TMP
analysis=spatial_spd|dataset_id=ippd_2313|region=Oceania|climatezone=Cold_Without_dry_season_Warm_Summer,ippd_2313,Oceania,Cold - Warm Summer,0.7141089108910892,0.28589108910891087,0.4282178217821783,CWS
analysis=spatial_spd|dataset_id=ippd_2357|region=Oceania|climatezone=Temperate_Without_dry_season,ippd_2357,Oceania,Temperate,0.6920324427480916,0.3079675572519084,0.38406488549618323,TMP
