analysis,dataset_id,region,climatezone,model_id,predictor,unique,average_share,individual,individual_percent,predictor_present,total_adjusted_r_squared,model_result_available,has_required_predictors,has_finite_total,has_positive_total,has_finite_individual,has_negative_unique,has_negative_individual,is_importance_eligible,exclusion_reason,signed_allocation
spatial_spd,46516,Europe,Cold_Without_dry_season_Warm_Summer,analysis=spatial_spd|dataset_id=46516|region=Europe|climatezone=Cold_Without_dry_season_Warm_Summer,human,-0.0211,0.0379,0.0168,6.15,TRUE,0.273,TRUE,TRUE,TRUE,TRUE,TRUE,TRUE,FALSE,TRUE,NA,0.06153846153846153
spatial_spd,46516,Europe,Cold_Without_dry_season_Warm_Summer,analysis=spatial_spd|dataset_id=46516|region=Europe|climatezone=Cold_Without_dry_season_Warm_Summer,climate,0.2182,0.03789999999999999,0.2561,93.81,TRUE,0.273,TRUE,TRUE,TRUE,TRUE,TRUE,TRUE,FALSE,TRUE,NA,0.938095238095238
spatial_spd,26606,North America,Cold_Without_dry_season_Warm_Summer,analysis=spatial_spd|dataset_id=26606|region=North America|climatezone=Cold_Without_dry_season_Warm_Summer,human,0.0649,0.13740000000000002,0.2023,30.1,TRUE,0.672,TRUE,TRUE,TRUE,TRUE,TRUE,FALSE,FALSE,TRUE,NA,0.30104166666666665
spatial_spd,26606,North America,Cold_Without_dry_season_Warm_Summer,analysis=spatial_spd|dataset_id=26606|region=North America|climatezone=Cold_Without_dry_season_Warm_Summer,climate,0.3319,0.1375,0.4694,69.85,TRUE,0.672,TRUE,TRUE,TRUE,TRUE,TRUE,FALSE,FALSE,TRUE,NA,0.6985119047619047
spatial_spd,48966,Europe,Temperate_Without_dry_season,analysis=spatial_spd|dataset_id=48966|region=Europe|climatezone=Temperate_Without_dry_season,human,-0.0411,0.028199999999999996,-0.0129,-2.55,TRUE,0.505,TRUE,TRUE,TRUE,TRUE,TRUE,TRUE,TRUE,TRUE,NA,-0.025544554455445543
spatial_spd,48966,Europe,Temperate_Without_dry_season,analysis=spatial_spd|dataset_id=48966|region=Europe|climatezone=Temperate_Without_dry_season,climate,0.4899,0.028299999999999992,0.5182,102.61,TRUE,0.505,TRUE,TRUE,TRUE,TRUE,TRUE,TRUE,TRUE,TRUE,NA,1.0261386138613862
spatial_spd,3565,North America,Cold_Without_dry_season_Warm_Summer,analysis=spatial_spd|dataset_id=3565|region=North America|climatezone=Cold_Without_dry_season_Warm_Summer,human,0.0334,-9.999999999999593e-5,0.0333,4.27,TRUE,0.78,TRUE,TRUE,TRUE,TRUE,TRUE,FALSE,FALSE,TRUE,NA,0.042692307692307696
spatial_spd,3565,North America,Cold_Without_dry_season_Warm_Summer,analysis=spatial_spd|dataset_id=3565|region=North America|climatezone=Cold_Without_dry_season_Warm_Summer,climate,0.7474,-1.9999999999997797e-4,0.7472,95.79,TRUE,0.78,TRUE,TRUE,TRUE,TRUE,TRUE,FALSE,FALSE,TRUE,NA,0.9579487179487178
spatial_spd,3032,North America,Cold_Without_dry_season_Warm_Summer,analysis=spatial_spd|dataset_id=3032|region=North America|climatezone=Cold_Without_dry_season_Warm_Summer,human,0.021,0.1454,0.1664,52.66,TRUE,0.316,TRUE,TRUE,TRUE,TRUE,TRUE,FALSE,FALSE,TRUE,NA,0.5265822784810126
spatial_spd,3032,North America,Cold_Without_dry_season_Warm_Summer,analysis=spatial_spd|dataset_id=3032|region=North America|climatezone=Cold_Without_dry_season_Warm_Summer,climate,0.0039,0.1454,0.1493,47.25,TRUE,0.316,TRUE,TRUE,TRUE,TRUE,TRUE,FALSE,FALSE,TRUE,NA,0.4724683544303797
spatial_spd,4383,Europe,Cold_Without_dry_season_Warm_Summer,analysis=spatial_spd|dataset_id=4383|region=Europe|climatezone=Cold_Without_dry_season_Warm_Summer,human,0.1574,-0.026100000000000012,0.1313,142.72,TRUE,0.092,TRUE,TRUE,TRUE,TRUE,TRUE,TRUE,TRUE,TRUE,NA,1.4271739130434782
spatial_spd,4383,Europe,Cold_Without_dry_season_Warm_Summer,analysis=spatial_spd|dataset_id=4383|region=Europe|climatezone=Cold_Without_dry_season_Warm_Summer,climate,-0.013,-0.026100000000000005,-0.0391,-42.5,TRUE,0.092,TRUE,TRUE,TRUE,TRUE,TRUE,TRUE,TRUE,TRUE,NA,-0.42500000000000004
spatial_spd,45377,Europe,Cold_Without_dry_season_Warm_Summer,analysis=spatial_spd|dataset_id=45377|region=Europe|climatezone=Cold_Without_dry_season_Warm_Summer,human,0.0507,0.019200000000000002,0.0699,27.09,TRUE,0.258,TRUE,TRUE,TRUE,TRUE,TRUE,FALSE,FALSE,TRUE,NA,0.27093023255813953
spatial_spd,45377,Europe,Cold_Without_dry_season_Warm_Summer,analysis=spatial_spd|dataset_id=45377|region=Europe|climatezone=Cold_Without_dry_season_Warm_Summer,climate,0.1692,0.019200000000000023,0.1884,73.02,TRUE,0.258,TRUE,TRUE,TRUE,TRUE,TRUE,FALSE,FALSE,TRUE,NA,0.7302325581395349
spatial_spd,236,North America,Cold_Without_dry_season_Warm_Summer,analysis=spatial_spd|dataset_id=236|region=North America|climatezone=Cold_Without_dry_season_Warm_Summer,human,-0.022,0.0337,0.0117,4.15,TRUE,0.282,TRUE,TRUE,TRUE,TRUE,TRUE,TRUE,FALSE,TRUE,NA,0.041489361702127664
spatial_spd,236,North America,Cold_Without_dry_season_Warm_Summer,analysis=spatial_spd|dataset_id=236|region=North America|climatezone=Cold_Without_dry_season_Warm_Summer,climate,0.237,0.03370000000000001,0.2707,95.99,TRUE,0.282,TRUE,TRUE,TRUE,TRUE,TRUE,TRUE,FALSE,TRUE,NA,0.9599290780141845
spatial_spd,4170,Europe,Cold_Without_dry_season_Warm_Summer,analysis=spatial_spd|dataset_id=4170|region=Europe|climatezone=Cold_Without_dry_season_Warm_Summer,human,-0.0026,-0.023100000000000002,-0.0257,-5.2,TRUE,0.494,TRUE,TRUE,TRUE,TRUE,TRUE,TRUE,TRUE,TRUE,NA,-0.05202429149797571
spatial_spd,4170,Europe,Cold_Without_dry_season_Warm_Summer,analysis=spatial_spd|dataset_id=4170|region=Europe|climatezone=Cold_Without_dry_season_Warm_Summer,climate,0.5425,-0.0232,0.5193,105.12,TRUE,0.494,TRUE,TRUE,TRUE,TRUE,TRUE,TRUE,TRUE,TRUE,NA,1.0512145748987853
spatial_spd,25372,Europe,Temperate_Without_dry_season,analysis=spatial_spd|dataset_id=25372|region=Europe|climatezone=Temperate_Without_dry_season,human,0.1091,-0.0218,0.0873,18.69,TRUE,0.467,TRUE,TRUE,TRUE,TRUE,TRUE,FALSE,FALSE,TRUE,NA,0.18693790149892933
spatial_spd,25372,Europe,Temperate_Without_dry_season,analysis=spatial_spd|dataset_id=25372|region=Europe|climatezone=Temperate_Without_dry_season,climate,0.401,-0.021699999999999997,0.3793,81.22,TRUE,0.467,TRUE,TRUE,TRUE,TRUE,TRUE,FALSE,FALSE,TRUE,NA,0.8122055674518202
spatial_spd,2642,North America,Cold_Dry_Summer,analysis=spatial_spd|dataset_id=2642|region=North America|climatezone=Cold_Dry_Summer,human,0.0754,-0.006199999999999997,0.0692,8.95,TRUE,0.773,TRUE,TRUE,TRUE,TRUE,TRUE,FALSE,FALSE,TRUE,NA,0.08952134540750323
spatial_spd,2642,North America,Cold_Dry_Summer,analysis=spatial_spd|dataset_id=2642|region=North America|climatezone=Cold_Dry_Summer,climate,0.71,-0.006199999999999983,0.7038,91.05,TRUE,0.773,TRUE,TRUE,TRUE,TRUE,TRUE,FALSE,FALSE,TRUE,NA,0.9104786545924968
spatial_spd,46544,Europe,Cold_Without_dry_season_Warm_Summer,analysis=spatial_spd|dataset_id=46544|region=Europe|climatezone=Cold_Without_dry_season_Warm_Summer,human,0.0421,-0.0213,0.0208,5.23,TRUE,0.398,TRUE,TRUE,TRUE,TRUE,TRUE,FALSE,FALSE,TRUE,NA,0.05226130653266331
spatial_spd,46544,Europe,Cold_Without_dry_season_Warm_Summer,analysis=spatial_spd|dataset_id=46544|region=Europe|climatezone=Cold_Without_dry_season_Warm_Summer,climate,0.3985,-0.02130000000000004,0.3772,94.77,TRUE,0.398,TRUE,TRUE,TRUE,TRUE,TRUE,FALSE,FALSE,TRUE,NA,0.9477386934673366
spatial_spd,982,North America,Cold_Without_dry_season_Warm_Summer,analysis=spatial_spd|dataset_id=982|region=North America|climatezone=Cold_Without_dry_season_Warm_Summer,human,0.0146,0.053900000000000003,0.0685,15.6,TRUE,0.439,TRUE,TRUE,TRUE,TRUE,TRUE,FALSE,FALSE,TRUE,NA,0.1560364464692483
spatial_spd,982,North America,Cold_Without_dry_season_Warm_Summer,analysis=spatial_spd|dataset_id=982|region=North America|climatezone=Cold_Without_dry_season_Warm_Summer,climate,0.317,0.053900000000000003,0.3709,84.49,TRUE,0.439,TRUE,TRUE,TRUE,TRUE,TRUE,FALSE,FALSE,TRUE,NA,0.844874715261959
spatial_spd,26448,Europe,Cold_Without_dry_season_Cold_Summer,analysis=spatial_spd|dataset_id=26448|region=Europe|climatezone=Cold_Without_dry_season_Cold_Summer,human,0.0211,0.10399999999999998,0.1251,32.83,TRUE,0.381,TRUE,TRUE,TRUE,TRUE,TRUE,FALSE,FALSE,TRUE,NA,0.32834645669291335
spatial_spd,26448,Europe,Cold_Without_dry_season_Cold_Summer,analysis=spatial_spd|dataset_id=26448|region=Europe|climatezone=Cold_Without_dry_season_Cold_Summer,climate,0.1518,0.10389999999999999,0.2557,67.11,TRUE,0.381,TRUE,TRUE,TRUE,TRUE,TRUE,FALSE,FALSE,TRUE,NA,0.6711286089238845
spatial_spd,4042,Europe,Cold_Without_dry_season_Warm_Summer,analysis=spatial_spd|dataset_id=4042|region=Europe|climatezone=Cold_Without_dry_season_Warm_Summer,human,0.4394,-0.04139999999999999,0.398,63.28,TRUE,0.629,TRUE,TRUE,TRUE,TRUE,TRUE,FALSE,FALSE,TRUE,NA,0.6327503974562798
spatial_spd,4042,Europe,Cold_Without_dry_season_Warm_Summer,analysis=spatial_spd|dataset_id=4042|region=Europe|climatezone=Cold_Without_dry_season_Warm_Summer,climate,0.2723,-0.04139999999999999,0.2309,36.71,TRUE,0.629,TRUE,TRUE,TRUE,TRUE,TRUE,FALSE,FALSE,TRUE,NA,0.3670906200317965
spatial_spd,3487,North America,Cold_Without_dry_season_Hot_Summer,analysis=spatial_spd|dataset_id=3487|region=North America|climatezone=Cold_Without_dry_season_Hot_Summer,human,-0.0519,0.0104,-0.0415,-15.15,TRUE,0.274,TRUE,TRUE,TRUE,TRUE,TRUE,TRUE,TRUE,TRUE,NA,-0.15145985401459855
spatial_spd,3487,North America,Cold_Without_dry_season_Hot_Summer,analysis=spatial_spd|dataset_id=3487|region=North America|climatezone=Cold_Without_dry_season_Hot_Summer,climate,0.3056,0.01040000000000002,0.316,115.33,TRUE,0.274,TRUE,TRUE,TRUE,TRUE,TRUE,TRUE,TRUE,TRUE,NA,1.1532846715328466
spatial_spd,21675,Latin America,Tropical,analysis=spatial_spd|dataset_id=21675|region=Latin America|climatezone=Tropical,human,0.2097,0.12280000000000002,0.3325,57.73,TRUE,0.576,TRUE,TRUE,TRUE,TRUE,TRUE,FALSE,FALSE,TRUE,NA,0.5772569444444445
spatial_spd,21675,Latin America,Tropical,analysis=spatial_spd|dataset_id=21675|region=Latin America|climatezone=Tropical,climate,0.1204,0.1228,0.2432,42.22,TRUE,0.576,TRUE,TRUE,TRUE,TRUE,TRUE,FALSE,FALSE,TRUE,NA,0.4222222222222223
spatial_spd,26499,Europe,Polar,analysis=spatial_spd|dataset_id=26499|region=Europe|climatezone=Polar,human,0.1233,0.09049999999999998,0.2138,62.15,TRUE,0.344,TRUE,TRUE,TRUE,TRUE,TRUE,FALSE,FALSE,TRUE,NA,0.6215116279069768
spatial_spd,26499,Europe,Polar,analysis=spatial_spd|dataset_id=26499|region=Europe|climatezone=Polar,climate,0.0398,0.0905,0.1303,37.88,TRUE,0.344,TRUE,TRUE,TRUE,TRUE,TRUE,FALSE,FALSE,TRUE,NA,0.3787790697674419
spatial_spd,24840,Europe,Temperate_Without_dry_season,analysis=spatial_spd|dataset_id=24840|region=Europe|climatezone=Temperate_Without_dry_season,human,0.4007,-0.06619999999999998,0.3345,80.8,TRUE,0.414,TRUE,TRUE,TRUE,TRUE,TRUE,FALSE,FALSE,TRUE,NA,0.8079710144927537
spatial_spd,24840,Europe,Temperate_Without_dry_season,analysis=spatial_spd|dataset_id=24840|region=Europe|climatezone=Temperate_Without_dry_season,climate,0.1459,-0.0661,0.0798,19.28,TRUE,0.414,TRUE,TRUE,TRUE,TRUE,TRUE,FALSE,FALSE,TRUE,NA,0.1927536231884058
spatial_spd,2395,Latin America,Tropical,analysis=spatial_spd|dataset_id=2395|region=Latin America|climatezone=Tropical,human,0.0562,0.10869999999999999,0.1649,75.3,TRUE,0.219,TRUE,TRUE,TRUE,TRUE,TRUE,TRUE,FALSE,TRUE,NA,0.7529680365296804
spatial_spd,2395,Latin America,Tropical,analysis=spatial_spd|dataset_id=2395|region=Latin America|climatezone=Tropical,climate,-0.0546,0.1087,0.0541,24.7,TRUE,0.219,TRUE,TRUE,TRUE,TRUE,TRUE,TRUE,FALSE,TRUE,NA,0.24703196347031964
spatial_spd,45347,Europe,Polar,analysis=spatial_spd|dataset_id=45347|region=Europe|climatezone=Polar,human,0.0833,-0.028199999999999996,0.0551,10.44,TRUE,0.528,TRUE,TRUE,TRUE,TRUE,TRUE,FALSE,FALSE,TRUE,NA,0.1043560606060606
spatial_spd,45347,Europe,Polar,analysis=spatial_spd|dataset_id=45347|region=Europe|climatezone=Polar,climate,0.5013,-0.028199999999999947,0.4731,89.6,TRUE,0.528,TRUE,TRUE,TRUE,TRUE,TRUE,FALSE,FALSE,TRUE,NA,0.8960227272727272
spatial_spd,15922,North America,Cold_Without_dry_season_Warm_Summer,analysis=spatial_spd|dataset_id=15922|region=North America|climatezone=Cold_Without_dry_season_Warm_Summer,human,0.0272,0.1623,0.1895,34.39,TRUE,0.551,TRUE,TRUE,TRUE,TRUE,TRUE,FALSE,FALSE,TRUE,NA,0.3439201451905626
spatial_spd,15922,North America,Cold_Without_dry_season_Warm_Summer,analysis=spatial_spd|dataset_id=15922|region=North America|climatezone=Cold_Without_dry_season_Warm_Summer,climate,0.1991,0.1624,0.3615,65.61,TRUE,0.551,TRUE,TRUE,TRUE,TRUE,TRUE,FALSE,FALSE,TRUE,NA,0.6560798548094373
spatial_spd,1010,North America,Cold_Without_dry_season_Cold_Summer,analysis=spatial_spd|dataset_id=1010|region=North America|climatezone=Cold_Without_dry_season_Cold_Summer,human,-0.0049,0.1624,0.1575,45.39,TRUE,0.347,TRUE,TRUE,TRUE,TRUE,TRUE,TRUE,FALSE,TRUE,NA,0.4538904899135447
spatial_spd,1010,North America,Cold_Without_dry_season_Cold_Summer,analysis=spatial_spd|dataset_id=1010|region=North America|climatezone=Cold_Without_dry_season_Cold_Summer,climate,0.0274,0.1624,0.1898,54.7,TRUE,0.347,TRUE,TRUE,TRUE,TRUE,TRUE,TRUE,FALSE,TRUE,NA,0.5469740634005764
spatial_spd,4542,Europe,Cold_Without_dry_season_Cold_Summer,analysis=spatial_spd|dataset_id=4542|region=Europe|climatezone=Cold_Without_dry_season_Cold_Summer,human,-0.0347,0.0407,0.006,1.17,TRUE,0.512,TRUE,TRUE,TRUE,TRUE,TRUE,TRUE,FALSE,TRUE,NA,0.01171875
spatial_spd,4542,Europe,Cold_Without_dry_season_Cold_Summer,analysis=spatial_spd|dataset_id=4542|region=Europe|climatezone=Cold_Without_dry_season_Cold_Summer,climate,0.4652,0.040700000000000014,0.5059,98.81,TRUE,0.512,TRUE,TRUE,TRUE,TRUE,TRUE,TRUE,FALSE,TRUE,NA,0.9880859375000001
spatial_spd,14944,North America,Cold_Dry_Summer,analysis=spatial_spd|dataset_id=14944|region=North America|climatezone=Cold_Dry_Summer,human,0.3829,0.08489999999999998,0.4678,77.19,TRUE,0.606,TRUE,TRUE,TRUE,TRUE,TRUE,FALSE,FALSE,TRUE,NA,0.7719471947194719
spatial_spd,14944,North America,Cold_Dry_Summer,analysis=spatial_spd|dataset_id=14944|region=North America|climatezone=Cold_Dry_Summer,climate,0.053,0.0849,0.1379,22.76,TRUE,0.606,TRUE,TRUE,TRUE,TRUE,TRUE,FALSE,FALSE,TRUE,NA,0.22755775577557755
spatial_spd,17402,North America,Cold_Without_dry_season_Cold_Summer,analysis=spatial_spd|dataset_id=17402|region=North America|climatezone=Cold_Without_dry_season_Cold_Summer,human,0.0887,-5.000000000000004e-4,0.0882,35.71,TRUE,0.247,TRUE,TRUE,TRUE,TRUE,TRUE,FALSE,FALSE,TRUE,NA,0.357085020242915
spatial_spd,17402,North America,Cold_Without_dry_season_Cold_Summer,analysis=spatial_spd|dataset_id=17402|region=North America|climatezone=Cold_Without_dry_season_Cold_Summer,climate,0.1598,-5.999999999999894e-4,0.1592,64.45,TRUE,0.247,TRUE,TRUE,TRUE,TRUE,TRUE,FALSE,FALSE,TRUE,NA,0.6445344129554657
spatial_spd,234,North America,Cold_Dry_Summer,analysis=spatial_spd|dataset_id=234|region=North America|climatezone=Cold_Dry_Summer,human,-0.0072,0.07139999999999999,0.0642,15.07,TRUE,0.426,TRUE,TRUE,TRUE,TRUE,TRUE,TRUE,FALSE,TRUE,NA,0.15070422535211267
spatial_spd,234,North America,Cold_Dry_Summer,analysis=spatial_spd|dataset_id=234|region=North America|climatezone=Cold_Dry_Summer,climate,0.2908,0.07140000000000002,0.3622,85.02,TRUE,0.426,TRUE,TRUE,TRUE,TRUE,TRUE,TRUE,FALSE,TRUE,NA,0.8502347417840377
spatial_spd,16081,North America,Cold_Without_dry_season_Warm_Summer,analysis=spatial_spd|dataset_id=16081|region=North America|climatezone=Cold_Without_dry_season_Warm_Summer,human,-0.039,0.017,-0.022,-7.46,TRUE,0.295,TRUE,TRUE,TRUE,TRUE,TRUE,TRUE,TRUE,TRUE,NA,-0.07457627118644068
spatial_spd,16081,North America,Cold_Without_dry_season_Warm_Summer,analysis=spatial_spd|dataset_id=16081|region=North America|climatezone=Cold_Without_dry_season_Warm_Summer,climate,0.3003,0.017000000000000015,0.3173,107.56,TRUE,0.295,TRUE,TRUE,TRUE,TRUE,TRUE,TRUE,TRUE,TRUE,NA,1.0755932203389833
spatial_spd,41421,Europe,Temperate_Without_dry_season,analysis=spatial_spd|dataset_id=41421|region=Europe|climatezone=Temperate_Without_dry_season,human,0,0.016,0.016,4.3,TRUE,0.372,TRUE,TRUE,TRUE,TRUE,TRUE,FALSE,FALSE,TRUE,NA,0.043010752688172046
spatial_spd,41421,Europe,Temperate_Without_dry_season,analysis=spatial_spd|dataset_id=41421|region=Europe|climatezone=Temperate_Without_dry_season,climate,0.3402,0.016000000000000014,0.3562,95.75,TRUE,0.372,TRUE,TRUE,TRUE,TRUE,TRUE,FALSE,FALSE,TRUE,NA,0.9575268817204302
spatial_spd,1451,North America,Cold_Without_dry_season_Warm_Summer,analysis=spatial_spd|dataset_id=1451|region=North America|climatezone=Cold_Without_dry_season_Warm_Summer,human,0.0506,0.0449,0.0955,26.68,TRUE,0.358,TRUE,TRUE,TRUE,TRUE,TRUE,FALSE,FALSE,TRUE,NA,0.2667597765363129
spatial_spd,1451,North America,Cold_Without_dry_season_Warm_Summer,analysis=spatial_spd|dataset_id=1451|region=North America|climatezone=Cold_Without_dry_season_Warm_Summer,climate,0.2174,0.04500000000000001,0.2624,73.3,TRUE,0.358,TRUE,TRUE,TRUE,TRUE,TRUE,FALSE,FALSE,TRUE,NA,0.7329608938547487
spatial_spd,785,North America,Cold_Without_dry_season_Warm_Summer,analysis=spatial_spd|dataset_id=785|region=North America|climatezone=Cold_Without_dry_season_Warm_Summer,human,-0.0028,0.2159,0.2131,33.77,TRUE,0.631,TRUE,TRUE,TRUE,TRUE,TRUE,TRUE,FALSE,TRUE,NA,0.33771790808240887
spatial_spd,785,North America,Cold_Without_dry_season_Warm_Summer,analysis=spatial_spd|dataset_id=785|region=North America|climatezone=Cold_Without_dry_season_Warm_Summer,climate,0.2019,0.2159,0.4178,66.21,TRUE,0.631,TRUE,TRUE,TRUE,TRUE,TRUE,TRUE,FALSE,TRUE,NA,0.6621236133122028
spatial_spd,2311,North America,Cold_Without_dry_season_Cold_Summer,analysis=spatial_spd|dataset_id=2311|region=North America|climatezone=Cold_Without_dry_season_Cold_Summer,human,0.0243,0.04819999999999999,0.0725,9.22,TRUE,0.786,TRUE,TRUE,TRUE,TRUE,TRUE,FALSE,FALSE,TRUE,NA,0.09223918575063612
spatial_spd,2311,North America,Cold_Without_dry_season_Cold_Summer,analysis=spatial_spd|dataset_id=2311|region=North America|climatezone=Cold_Without_dry_season_Cold_Summer,climate,0.6654,0.04820000000000002,0.7136,90.79,TRUE,0.786,TRUE,TRUE,TRUE,TRUE,TRUE,FALSE,FALSE,TRUE,NA,0.9078880407124682
spatial_spd,3900,Europe,Temperate_Without_dry_season,analysis=spatial_spd|dataset_id=3900|region=Europe|climatezone=Temperate_Without_dry_season,human,-0.0276,-0.016800000000000002,-0.0444,-35.24,TRUE,0.126,TRUE,TRUE,TRUE,TRUE,TRUE,TRUE,TRUE,TRUE,NA,-0.3523809523809524
spatial_spd,3900,Europe,Temperate_Without_dry_season,analysis=spatial_spd|dataset_id=3900|region=Europe|climatezone=Temperate_Without_dry_season,climate,0.1872,-0.01680000000000001,0.1704,135.24,TRUE,0.126,TRUE,TRUE,TRUE,TRUE,TRUE,TRUE,TRUE,TRUE,NA,1.3523809523809522
spatial_spd,2053,North America,Cold_Without_dry_season_Warm_Summer,analysis=spatial_spd|dataset_id=2053|region=North America|climatezone=Cold_Without_dry_season_Warm_Summer,human,-0.0568,0.031400000000000004,-0.0254,-7.56,TRUE,0.336,TRUE,TRUE,TRUE,TRUE,TRUE,TRUE,TRUE,TRUE,NA,-0.07559523809523809
spatial_spd,2053,North America,Cold_Without_dry_season_Warm_Summer,analysis=spatial_spd|dataset_id=2053|region=North America|climatezone=Cold_Without_dry_season_Warm_Summer,climate,0.3303,0.03140000000000004,0.3617,107.65,TRUE,0.336,TRUE,TRUE,TRUE,TRUE,TRUE,TRUE,TRUE,TRUE,NA,1.0764880952380953
spatial_spd,1149,North America,Cold_Without_dry_season_Warm_Summer,analysis=spatial_spd|dataset_id=1149|region=North America|climatezone=Cold_Without_dry_season_Warm_Summer,human,0.0696,0.1539,0.2235,37.75,TRUE,0.592,TRUE,TRUE,TRUE,TRUE,TRUE,FALSE,FALSE,TRUE,NA,0.3775337837837838
spatial_spd,1149,North America,Cold_Without_dry_season_Warm_Summer,analysis=spatial_spd|dataset_id=1149|region=North America|climatezone=Cold_Without_dry_season_Warm_Summer,climate,0.215,0.15380000000000002,0.3688,62.3,TRUE,0.592,TRUE,TRUE,TRUE,TRUE,TRUE,FALSE,FALSE,TRUE,NA,0.622972972972973
spatial_spd,46998,Latin America,Temperate_Without_dry_season,analysis=spatial_spd|dataset_id=46998|region=Latin America|climatezone=Temperate_Without_dry_season,human,-0.0159,0.0288,0.0129,16.54,TRUE,0.078,TRUE,TRUE,TRUE,TRUE,TRUE,TRUE,FALSE,TRUE,NA,0.16538461538461538
spatial_spd,46998,Latin America,Temperate_Without_dry_season,analysis=spatial_spd|dataset_id=46998|region=Latin America|climatezone=Temperate_Without_dry_season,climate,0.0362,0.028900000000000002,0.0651,83.46,TRUE,0.078,TRUE,TRUE,TRUE,TRUE,TRUE,TRUE,FALSE,TRUE,NA,0.8346153846153846
spatial_spd,46490,Europe,Cold_Without_dry_season_Warm_Summer,analysis=spatial_spd|dataset_id=46490|region=Europe|climatezone=Cold_Without_dry_season_Warm_Summer,human,0.1041,-0.048999999999999995,0.0551,13.21,TRUE,0.417,TRUE,TRUE,TRUE,TRUE,TRUE,FALSE,FALSE,TRUE,NA,0.13213429256594725
spatial_spd,46490,Europe,Cold_Without_dry_season_Warm_Summer,analysis=spatial_spd|dataset_id=46490|region=Europe|climatezone=Cold_Without_dry_season_Warm_Summer,climate,0.4106,-0.049000000000000044,0.3616,86.71,TRUE,0.417,TRUE,TRUE,TRUE,TRUE,TRUE,FALSE,FALSE,TRUE,NA,0.8671462829736211
spatial_spd,210,North America,Arid,analysis=spatial_spd|dataset_id=210|region=North America|climatezone=Arid,human,0.0397,0.1092,0.1489,27.37,TRUE,0.544,TRUE,TRUE,TRUE,TRUE,TRUE,FALSE,FALSE,TRUE,NA,0.2737132352941176
spatial_spd,210,North America,Arid,analysis=spatial_spd|dataset_id=210|region=North America|climatezone=Arid,climate,0.2855,0.10920000000000002,0.3947,72.56,TRUE,0.544,TRUE,TRUE,TRUE,TRUE,TRUE,FALSE,FALSE,TRUE,NA,0.7255514705882352
spatial_spd,4136,Europe,Cold_Without_dry_season_Cold_Summer,analysis=spatial_spd|dataset_id=4136|region=Europe|climatezone=Cold_Without_dry_season_Cold_Summer,human,0.0167,-0.0058,0.0109,4.52,TRUE,0.241,TRUE,TRUE,TRUE,TRUE,TRUE,FALSE,FALSE,TRUE,NA,0.045228215767634854
spatial_spd,4136,Europe,Cold_Without_dry_season_Cold_Summer,analysis=spatial_spd|dataset_id=4136|region=Europe|climatezone=Cold_Without_dry_season_Cold_Summer,climate,0.2359,-0.0058,0.2301,95.48,TRUE,0.241,TRUE,TRUE,TRUE,TRUE,TRUE,FALSE,FALSE,TRUE,NA,0.9547717842323652
spatial_spd,45192,Europe,Temperate_Dry_Summer,analysis=spatial_spd|dataset_id=45192|region=Europe|climatezone=Temperate_Dry_Summer,human,0.0152,-0.0158,-6e-4,-0.1,TRUE,0.591,TRUE,TRUE,TRUE,TRUE,TRUE,FALSE,TRUE,TRUE,NA,-0.0010152284263959391
spatial_spd,45192,Europe,Temperate_Dry_Summer,analysis=spatial_spd|dataset_id=45192|region=Europe|climatezone=Temperate_Dry_Summer,climate,0.6073,-0.015799999999999925,0.5915,100.08,TRUE,0.591,TRUE,TRUE,TRUE,TRUE,TRUE,FALSE,TRUE,TRUE,NA,1.0008460236886634
spatial_spd,15232,North America,Cold_Without_dry_season_Cold_Summer,analysis=spatial_spd|dataset_id=15232|region=North America|climatezone=Cold_Without_dry_season_Cold_Summer,human,0.0116,0.0178,0.0294,22.11,TRUE,0.133,TRUE,TRUE,TRUE,TRUE,TRUE,FALSE,FALSE,TRUE,NA,0.22105263157894736
spatial_spd,15232,North America,Cold_Without_dry_season_Cold_Summer,analysis=spatial_spd|dataset_id=15232|region=North America|climatezone=Cold_Without_dry_season_Cold_Summer,climate,0.0854,0.017799999999999996,0.1032,77.59,TRUE,0.133,TRUE,TRUE,TRUE,TRUE,TRUE,FALSE,FALSE,TRUE,NA,0.7759398496240602
spatial_spd,41467,Europe,Temperate_Without_dry_season,analysis=spatial_spd|dataset_id=41467|region=Europe|climatezone=Temperate_Without_dry_season,human,0.2012,-0.033899999999999986,0.1673,34.71,TRUE,0.482,TRUE,TRUE,TRUE,TRUE,TRUE,FALSE,FALSE,TRUE,NA,0.34709543568464735
spatial_spd,41467,Europe,Temperate_Without_dry_season,analysis=spatial_spd|dataset_id=41467|region=Europe|climatezone=Temperate_Without_dry_season,climate,0.3482,-0.033899999999999986,0.3143,65.21,TRUE,0.482,TRUE,TRUE,TRUE,TRUE,TRUE,FALSE,FALSE,TRUE,NA,0.6520746887966806
spatial_spd,3938,Europe,Cold_Without_dry_season_Warm_Summer,analysis=spatial_spd|dataset_id=3938|region=Europe|climatezone=Cold_Without_dry_season_Warm_Summer,human,-0.0347,0.0125,-0.0222,-12.07,TRUE,0.184,TRUE,TRUE,TRUE,TRUE,TRUE,TRUE,TRUE,TRUE,NA,-0.12065217391304349
spatial_spd,3938,Europe,Cold_Without_dry_season_Warm_Summer,analysis=spatial_spd|dataset_id=3938|region=Europe|climatezone=Cold_Without_dry_season_Warm_Summer,climate,0.1942,0.012499999999999983,0.2067,112.34,TRUE,0.184,TRUE,TRUE,TRUE,TRUE,TRUE,TRUE,TRUE,TRUE,NA,1.1233695652173914
spatial_spd,2619,North America,Temperate_Dry_Summer,analysis=spatial_spd|dataset_id=2619|region=North America|climatezone=Temperate_Dry_Summer,human,0.0517,0.07119999999999999,0.1229,62.07,TRUE,0.198,TRUE,TRUE,TRUE,TRUE,TRUE,FALSE,FALSE,TRUE,NA,0.6207070707070707
spatial_spd,2619,North America,Temperate_Dry_Summer,analysis=spatial_spd|dataset_id=2619|region=North America|climatezone=Temperate_Dry_Summer,climate,0.0035,0.0712,0.0747,37.73,TRUE,0.198,TRUE,TRUE,TRUE,TRUE,TRUE,FALSE,FALSE,TRUE,NA,0.37727272727272726
spatial_spd,22988,Europe,Polar,analysis=spatial_spd|dataset_id=22988|region=Europe|climatezone=Polar,human,-0.0136,0.0352,0.0216,6.19,TRUE,0.349,TRUE,TRUE,TRUE,TRUE,TRUE,TRUE,FALSE,TRUE,NA,0.06189111747851003
spatial_spd,22988,Europe,Polar,analysis=spatial_spd|dataset_id=22988|region=Europe|climatezone=Polar,climate,0.2924,0.0353,0.3277,93.9,TRUE,0.349,TRUE,TRUE,TRUE,TRUE,TRUE,TRUE,FALSE,TRUE,NA,0.9389684813753582
spatial_spd,46803,North America,Cold_Without_dry_season_Cold_Summer,analysis=spatial_spd|dataset_id=46803|region=North America|climatezone=Cold_Without_dry_season_Cold_Summer,human,0.0616,0.13169999999999998,0.1933,36.47,TRUE,0.53,TRUE,TRUE,TRUE,TRUE,TRUE,FALSE,FALSE,TRUE,NA,0.36471698113207546
spatial_spd,46803,North America,Cold_Without_dry_season_Cold_Summer,analysis=spatial_spd|dataset_id=46803|region=North America|climatezone=Cold_Without_dry_season_Cold_Summer,climate,0.2051,0.13169999999999998,0.3368,63.55,TRUE,0.53,TRUE,TRUE,TRUE,TRUE,TRUE,FALSE,FALSE,TRUE,NA,0.6354716981132075
spatial_spd,24195,Europe,Cold_Without_dry_season_Cold_Summer,analysis=spatial_spd|dataset_id=24195|region=Europe|climatezone=Cold_Without_dry_season_Cold_Summer,human,-0.0149,-0.004299999999999998,-0.0192,-5.96,TRUE,0.322,TRUE,TRUE,TRUE,TRUE,TRUE,TRUE,TRUE,TRUE,NA,-0.059627329192546576
spatial_spd,24195,Europe,Cold_Without_dry_season_Cold_Summer,analysis=spatial_spd|dataset_id=24195|region=Europe|climatezone=Cold_Without_dry_season_Cold_Summer,climate,0.3456,-0.004400000000000015,0.3412,105.96,TRUE,0.322,TRUE,TRUE,TRUE,TRUE,TRUE,TRUE,TRUE,TRUE,NA,1.0596273291925467
spatial_spd,306,North America,Cold_Without_dry_season_Cold_Summer,analysis=spatial_spd|dataset_id=306|region=North America|climatezone=Cold_Without_dry_season_Cold_Summer,human,0.0151,-0.007500000000000001,0.0076,1.19,TRUE,0.638,TRUE,TRUE,TRUE,TRUE,TRUE,FALSE,FALSE,TRUE,NA,0.011912225705329153
spatial_spd,306,North America,Cold_Without_dry_season_Cold_Summer,analysis=spatial_spd|dataset_id=306|region=North America|climatezone=Cold_Without_dry_season_Cold_Summer,climate,0.6381,-0.007600000000000051,0.6305,98.82,TRUE,0.638,TRUE,TRUE,TRUE,TRUE,TRUE,FALSE,FALSE,TRUE,NA,0.988244514106583
spatial_spd,847,North America,Cold_Without_dry_season_Hot_Summer,analysis=spatial_spd|dataset_id=847|region=North America|climatezone=Cold_Without_dry_season_Hot_Summer,human,0.033,0.0187,0.0517,84.75,TRUE,0.061,TRUE,TRUE,TRUE,TRUE,TRUE,TRUE,FALSE,TRUE,NA,0.8475409836065575
spatial_spd,847,North America,Cold_Without_dry_season_Hot_Summer,analysis=spatial_spd|dataset_id=847|region=North America|climatezone=Cold_Without_dry_season_Hot_Summer,climate,-0.009,0.0187,0.0097,15.9,TRUE,0.061,TRUE,TRUE,TRUE,TRUE,TRUE,TRUE,FALSE,TRUE,NA,0.15901639344262297
spatial_spd,45322,Europe,Temperate_Dry_Summer,analysis=spatial_spd|dataset_id=45322|region=Europe|climatezone=Temperate_Dry_Summer,human,-0.036,0.047,0.011,4.95,TRUE,0.222,TRUE,TRUE,TRUE,TRUE,TRUE,TRUE,FALSE,TRUE,NA,0.04954954954954954
spatial_spd,45322,Europe,Temperate_Dry_Summer,analysis=spatial_spd|dataset_id=45322|region=Europe|climatezone=Temperate_Dry_Summer,climate,0.1635,0.046999999999999986,0.2105,94.82,TRUE,0.222,TRUE,TRUE,TRUE,TRUE,TRUE,TRUE,FALSE,TRUE,NA,0.9481981981981982
spatial_spd,18108,North America,Cold_Without_dry_season_Cold_Summer,analysis=spatial_spd|dataset_id=18108|region=North America|climatezone=Cold_Without_dry_season_Cold_Summer,human,0.1463,-0.07160000000000001,0.0747,36.44,TRUE,0.205,TRUE,TRUE,TRUE,TRUE,TRUE,FALSE,FALSE,TRUE,NA,0.36439024390243907
spatial_spd,18108,North America,Cold_Without_dry_season_Cold_Summer,analysis=spatial_spd|dataset_id=18108|region=North America|climatezone=Cold_Without_dry_season_Cold_Summer,climate,0.2021,-0.0716,0.1305,63.66,TRUE,0.205,TRUE,TRUE,TRUE,TRUE,TRUE,FALSE,FALSE,TRUE,NA,0.6365853658536585
spatial_spd,42745,North America,Cold_Without_dry_season_Cold_Summer,analysis=spatial_spd|dataset_id=42745|region=North America|climatezone=Cold_Without_dry_season_Cold_Summer,human,0.0032,-0.0047,-0.0015,-1.32,TRUE,0.114,TRUE,TRUE,TRUE,TRUE,TRUE,FALSE,TRUE,TRUE,NA,-0.013157894736842105
spatial_spd,42745,North America,Cold_Without_dry_season_Cold_Summer,analysis=spatial_spd|dataset_id=42745|region=North America|climatezone=Cold_Without_dry_season_Cold_Summer,climate,0.12,-0.004699999999999996,0.1153,101.14,TRUE,0.114,TRUE,TRUE,TRUE,TRUE,TRUE,FALSE,TRUE,TRUE,NA,1.0114035087719297
spatial_spd,17689,North America,Cold_Without_dry_season_Warm_Summer,analysis=spatial_spd|dataset_id=17689|region=North America|climatezone=Cold_Without_dry_season_Warm_Summer,human,-0.0216,0.1408,0.1192,28.25,TRUE,0.422,TRUE,TRUE,TRUE,TRUE,TRUE,TRUE,FALSE,TRUE,NA,0.28246445497630335
spatial_spd,17689,North America,Cold_Without_dry_season_Warm_Summer,analysis=spatial_spd|dataset_id=17689|region=North America|climatezone=Cold_Without_dry_season_Warm_Summer,climate,0.1625,0.1408,0.3033,71.87,TRUE,0.422,TRUE,TRUE,TRUE,TRUE,TRUE,TRUE,FALSE,TRUE,NA,0.7187203791469194
spatial_spd,340,North America,Cold_Without_dry_season_Warm_Summer,analysis=spatial_spd|dataset_id=340|region=North America|climatezone=Cold_Without_dry_season_Warm_Summer,human,0.0906,-2.999999999999947e-4,0.0903,23.15,TRUE,0.39,TRUE,TRUE,TRUE,TRUE,TRUE,FALSE,FALSE,TRUE,NA,0.23153846153846155
spatial_spd,340,North America,Cold_Without_dry_season_Warm_Summer,analysis=spatial_spd|dataset_id=340|region=North America|climatezone=Cold_Without_dry_season_Warm_Summer,climate,0.2994,-1.9999999999997797e-4,0.2992,76.72,TRUE,0.39,TRUE,TRUE,TRUE,TRUE,TRUE,FALSE,FALSE,TRUE,NA,0.7671794871794873
spatial_spd,40634,Europe,Cold_Without_dry_season_Cold_Summer,analysis=spatial_spd|dataset_id=40634|region=Europe|climatezone=Cold_Without_dry_season_Cold_Summer,human,-0.0429,0.0555,0.0126,6,TRUE,0.21,TRUE,TRUE,TRUE,TRUE,TRUE,TRUE,FALSE,TRUE,NA,0.060000000000000005
spatial_spd,40634,Europe,Cold_Without_dry_season_Cold_Summer,analysis=spatial_spd|dataset_id=40634|region=Europe|climatezone=Cold_Without_dry_season_Cold_Summer,climate,0.1417,0.055499999999999994,0.1972,93.9,TRUE,0.21,TRUE,TRUE,TRUE,TRUE,TRUE,TRUE,FALSE,TRUE,NA,0.939047619047619
spatial_spd,15970,North America,Cold_Without_dry_season_Cold_Summer,analysis=spatial_spd|dataset_id=15970|region=North America|climatezone=Cold_Without_dry_season_Cold_Summer,human,-0.009,0.0404,0.0314,5.71,TRUE,0.55,TRUE,TRUE,TRUE,TRUE,TRUE,TRUE,FALSE,TRUE,NA,0.05709090909090908
spatial_spd,15970,North America,Cold_Without_dry_season_Cold_Summer,analysis=spatial_spd|dataset_id=15970|region=North America|climatezone=Cold_Without_dry_season_Cold_Summer,climate,0.4782,0.040399999999999936,0.5186,94.29,TRUE,0.55,TRUE,TRUE,TRUE,TRUE,TRUE,TRUE,FALSE,TRUE,NA,0.9429090909090907
spatial_spd,17391,North America,Cold_Without_dry_season_Cold_Summer,analysis=spatial_spd|dataset_id=17391|region=North America|climatezone=Cold_Without_dry_season_Cold_Summer,human,-0.0697,0.0411,-0.0286,-14.16,TRUE,0.202,TRUE,TRUE,TRUE,TRUE,TRUE,TRUE,TRUE,TRUE,NA,-0.14158415841584157
spatial_spd,17391,North America,Cold_Without_dry_season_Cold_Summer,analysis=spatial_spd|dataset_id=17391|region=North America|climatezone=Cold_Without_dry_season_Cold_Summer,climate,0.1897,0.0411,0.2308,114.26,TRUE,0.202,TRUE,TRUE,TRUE,TRUE,TRUE,TRUE,TRUE,TRUE,NA,1.1425742574257425
spatial_spd,4539,Europe,Cold_Without_dry_season_Cold_Summer,analysis=spatial_spd|dataset_id=4539|region=Europe|climatezone=Cold_Without_dry_season_Cold_Summer,human,0.016,0.019200000000000002,0.0352,14.31,TRUE,0.246,TRUE,TRUE,TRUE,TRUE,TRUE,FALSE,FALSE,TRUE,NA,0.14308943089430895
spatial_spd,4539,Europe,Cold_Without_dry_season_Cold_Summer,analysis=spatial_spd|dataset_id=4539|region=Europe|climatezone=Cold_Without_dry_season_Cold_Summer,climate,0.1914,0.019200000000000023,0.2106,85.61,TRUE,0.246,TRUE,TRUE,TRUE,TRUE,TRUE,FALSE,FALSE,TRUE,NA,0.8560975609756099
spatial_spd,25285,Europe,Temperate_Without_dry_season,analysis=spatial_spd|dataset_id=25285|region=Europe|climatezone=Temperate_Without_dry_season,human,0.0389,0.014700000000000005,0.0536,12.7,TRUE,0.422,TRUE,TRUE,TRUE,TRUE,TRUE,FALSE,FALSE,TRUE,NA,0.12701421800947868
spatial_spd,25285,Europe,Temperate_Without_dry_season,analysis=spatial_spd|dataset_id=25285|region=Europe|climatezone=Temperate_Without_dry_season,climate,0.3541,0.01469999999999999,0.3688,87.39,TRUE,0.422,TRUE,TRUE,TRUE,TRUE,TRUE,FALSE,FALSE,TRUE,NA,0.8739336492890996
spatial_spd,20293,Europe,Cold_Without_dry_season_Cold_Summer,analysis=spatial_spd|dataset_id=20293|region=Europe|climatezone=Cold_Without_dry_season_Cold_Summer,human,0.0418,0.0114,0.0532,10.92,TRUE,0.487,TRUE,TRUE,TRUE,TRUE,TRUE,FALSE,FALSE,TRUE,NA,0.10924024640657085
spatial_spd,20293,Europe,Cold_Without_dry_season_Cold_Summer,analysis=spatial_spd|dataset_id=20293|region=Europe|climatezone=Cold_Without_dry_season_Cold_Summer,climate,0.4223,0.011399999999999966,0.4337,89.06,TRUE,0.487,TRUE,TRUE,TRUE,TRUE,TRUE,FALSE,FALSE,TRUE,NA,0.8905544147843942
spatial_spd,4251,Europe,Temperate_Without_dry_season,analysis=spatial_spd|dataset_id=4251|region=Europe|climatezone=Temperate_Without_dry_season,human,0.1156,0.17650000000000005,0.2921,52.54,TRUE,0.556,TRUE,TRUE,TRUE,TRUE,TRUE,FALSE,FALSE,TRUE,NA,0.5253597122302158
spatial_spd,4251,Europe,Temperate_Without_dry_season,analysis=spatial_spd|dataset_id=4251|region=Europe|climatezone=Temperate_Without_dry_season,climate,0.0879,0.17650000000000002,0.2644,47.55,TRUE,0.556,TRUE,TRUE,TRUE,TRUE,TRUE,FALSE,FALSE,TRUE,NA,0.47553956834532374
spatial_spd,22773,Europe,Cold_Without_dry_season_Cold_Summer,analysis=spatial_spd|dataset_id=22773|region=Europe|climatezone=Cold_Without_dry_season_Cold_Summer,human,0.255,-0.062200000000000005,0.1928,54.16,TRUE,0.356,TRUE,TRUE,TRUE,TRUE,TRUE,FALSE,FALSE,TRUE,NA,0.5415730337078651
spatial_spd,22773,Europe,Cold_Without_dry_season_Cold_Summer,analysis=spatial_spd|dataset_id=22773|region=Europe|climatezone=Cold_Without_dry_season_Cold_Summer,climate,0.2248,-0.06209999999999999,0.1627,45.7,TRUE,0.356,TRUE,TRUE,TRUE,TRUE,TRUE,FALSE,FALSE,TRUE,NA,0.4570224719101124
spatial_spd,784,Europe,Temperate_Without_dry_season,analysis=spatial_spd|dataset_id=784|region=Europe|climatezone=Temperate_Without_dry_season,human,-0.0066,-0.015600000000000001,-0.0222,-6.38,TRUE,0.348,TRUE,TRUE,TRUE,TRUE,TRUE,TRUE,TRUE,TRUE,NA,-0.06379310344827586
spatial_spd,784,Europe,Temperate_Without_dry_season,analysis=spatial_spd|dataset_id=784|region=Europe|climatezone=Temperate_Without_dry_season,climate,0.3861,-0.015699999999999992,0.3704,106.44,TRUE,0.348,TRUE,TRUE,TRUE,TRUE,TRUE,TRUE,TRUE,TRUE,NA,1.064367816091954
spatial_spd,4472,Europe,Cold_Without_dry_season_Cold_Summer,analysis=spatial_spd|dataset_id=4472|region=Europe|climatezone=Cold_Without_dry_season_Cold_Summer,human,0.0523,-0.0359,0.0164,4.95,TRUE,0.331,TRUE,TRUE,TRUE,TRUE,TRUE,FALSE,FALSE,TRUE,NA,0.04954682779456194
spatial_spd,4472,Europe,Cold_Without_dry_season_Cold_Summer,analysis=spatial_spd|dataset_id=4472|region=Europe|climatezone=Cold_Without_dry_season_Cold_Summer,climate,0.3505,-0.03589999999999999,0.3146,95.05,TRUE,0.331,TRUE,TRUE,TRUE,TRUE,TRUE,FALSE,FALSE,TRUE,NA,0.950453172205438
spatial_spd,45383,Europe,Cold_Without_dry_season_Warm_Summer,analysis=spatial_spd|dataset_id=45383|region=Europe|climatezone=Cold_Without_dry_season_Warm_Summer,human,0.02,0.0592,0.0792,10.88,TRUE,0.728,TRUE,TRUE,TRUE,TRUE,TRUE,FALSE,FALSE,TRUE,NA,0.10879120879120881
spatial_spd,45383,Europe,Cold_Without_dry_season_Warm_Summer,analysis=spatial_spd|dataset_id=45383|region=Europe|climatezone=Cold_Without_dry_season_Warm_Summer,climate,0.5893,0.05919999999999992,0.6485,89.08,TRUE,0.728,TRUE,TRUE,TRUE,TRUE,TRUE,FALSE,FALSE,TRUE,NA,0.8907967032967032
spatial_spd,40564,Europe,Cold_Without_dry_season_Warm_Summer,analysis=spatial_spd|dataset_id=40564|region=Europe|climatezone=Cold_Without_dry_season_Warm_Summer,human,-0.0391,0.057300000000000004,0.0182,4.5,TRUE,0.404,TRUE,TRUE,TRUE,TRUE,TRUE,TRUE,FALSE,TRUE,NA,0.04504950495049505
spatial_spd,40564,Europe,Cold_Without_dry_season_Warm_Summer,analysis=spatial_spd|dataset_id=40564|region=Europe|climatezone=Cold_Without_dry_season_Warm_Summer,climate,0.3287,0.05730000000000002,0.386,95.54,TRUE,0.404,TRUE,TRUE,TRUE,TRUE,TRUE,TRUE,FALSE,TRUE,NA,0.9554455445544554
spatial_spd,13051,North America,Cold_Without_dry_season_Warm_Summer,analysis=spatial_spd|dataset_id=13051|region=North America|climatezone=Cold_Without_dry_season_Warm_Summer,human,-0.0608,0.0637,0.0029,1.03,TRUE,0.282,TRUE,TRUE,TRUE,TRUE,TRUE,TRUE,FALSE,TRUE,NA,0.010283687943262412
spatial_spd,13051,North America,Cold_Without_dry_season_Warm_Summer,analysis=spatial_spd|dataset_id=13051|region=North America|climatezone=Cold_Without_dry_season_Warm_Summer,climate,0.215,0.06360000000000002,0.2786,98.79,TRUE,0.282,TRUE,TRUE,TRUE,TRUE,TRUE,TRUE,FALSE,TRUE,NA,0.9879432624113477
spatial_spd,4197,Europe,Temperate_Without_dry_season,analysis=spatial_spd|dataset_id=4197|region=Europe|climatezone=Temperate_Without_dry_season,human,0.1136,-0.055400000000000005,0.0582,149.23,TRUE,0.039,TRUE,TRUE,TRUE,TRUE,TRUE,FALSE,TRUE,TRUE,NA,1.4923076923076923
spatial_spd,4197,Europe,Temperate_Without_dry_season,analysis=spatial_spd|dataset_id=4197|region=Europe|climatezone=Temperate_Without_dry_season,climate,0.036,-0.0554,-0.0194,-49.74,TRUE,0.039,TRUE,TRUE,TRUE,TRUE,TRUE,FALSE,TRUE,TRUE,NA,-0.49743589743589745
spatial_spd,15783,North America,Polar,analysis=spatial_spd|dataset_id=15783|region=North America|climatezone=Polar,human,0.1269,-0.025900000000000006,0.101,38.4,TRUE,0.263,TRUE,TRUE,TRUE,TRUE,TRUE,FALSE,FALSE,TRUE,NA,0.3840304182509506
spatial_spd,15783,North America,Polar,analysis=spatial_spd|dataset_id=15783|region=North America|climatezone=Polar,climate,0.1883,-0.025900000000000006,0.1624,61.75,TRUE,0.263,TRUE,TRUE,TRUE,TRUE,TRUE,FALSE,FALSE,TRUE,NA,0.6174904942965779
spatial_spd,4373,Europe,Temperate_Without_dry_season,analysis=spatial_spd|dataset_id=4373|region=Europe|climatezone=Temperate_Without_dry_season,human,0.0876,-0.019599999999999992,0.068,52.31,TRUE,0.13,TRUE,TRUE,TRUE,TRUE,TRUE,FALSE,FALSE,TRUE,NA,0.5230769230769231
spatial_spd,4373,Europe,Temperate_Without_dry_season,analysis=spatial_spd|dataset_id=4373|region=Europe|climatezone=Temperate_Without_dry_season,climate,0.0816,-0.019600000000000006,0.062,47.69,TRUE,0.13,TRUE,TRUE,TRUE,TRUE,TRUE,FALSE,FALSE,TRUE,NA,0.4769230769230769
spatial_spd,45722,Europe,Cold_Without_dry_season_Warm_Summer,analysis=spatial_spd|dataset_id=45722|region=Europe|climatezone=Cold_Without_dry_season_Warm_Summer,human,0.285,-0.02479999999999999,0.2602,36.6,TRUE,0.711,TRUE,TRUE,TRUE,TRUE,TRUE,FALSE,FALSE,TRUE,NA,0.3659634317862166
spatial_spd,45722,Europe,Cold_Without_dry_season_Warm_Summer,analysis=spatial_spd|dataset_id=45722|region=Europe|climatezone=Cold_Without_dry_season_Warm_Summer,climate,0.4759,-0.02479999999999999,0.4511,63.45,TRUE,0.711,TRUE,TRUE,TRUE,TRUE,TRUE,FALSE,FALSE,TRUE,NA,0.6344585091420535
spatial_spd,2270,North America,Cold_Without_dry_season_Hot_Summer,analysis=spatial_spd|dataset_id=2270|region=North America|climatezone=Cold_Without_dry_season_Hot_Summer,human,-0.019,0.1106,0.0916,20.18,TRUE,0.454,TRUE,TRUE,TRUE,TRUE,TRUE,TRUE,FALSE,TRUE,NA,0.20176211453744494
spatial_spd,2270,North America,Cold_Without_dry_season_Hot_Summer,analysis=spatial_spd|dataset_id=2270|region=North America|climatezone=Cold_Without_dry_season_Hot_Summer,climate,0.2518,0.11059999999999998,0.3624,79.82,TRUE,0.454,TRUE,TRUE,TRUE,TRUE,TRUE,TRUE,FALSE,TRUE,NA,0.798237885462555
spatial_spd,15201,North America,Cold_Without_dry_season_Cold_Summer,analysis=spatial_spd|dataset_id=15201|region=North America|climatezone=Cold_Without_dry_season_Cold_Summer,human,0.0836,0.002700000000000008,0.0863,31.38,TRUE,0.275,TRUE,TRUE,TRUE,TRUE,TRUE,FALSE,FALSE,TRUE,NA,0.3138181818181818
spatial_spd,15201,North America,Cold_Without_dry_season_Cold_Summer,analysis=spatial_spd|dataset_id=15201|region=North America|climatezone=Cold_Without_dry_season_Cold_Summer,climate,0.1859,0.002799999999999997,0.1887,68.62,TRUE,0.275,TRUE,TRUE,TRUE,TRUE,TRUE,FALSE,FALSE,TRUE,NA,0.6861818181818181
spatial_spd,260,North America,Cold_Without_dry_season_Warm_Summer,analysis=spatial_spd|dataset_id=260|region=North America|climatezone=Cold_Without_dry_season_Warm_Summer,human,-0.0368,0.0826,0.0458,11.57,TRUE,0.396,TRUE,TRUE,TRUE,TRUE,TRUE,TRUE,FALSE,TRUE,NA,0.11565656565656565
spatial_spd,260,North America,Cold_Without_dry_season_Warm_Summer,analysis=spatial_spd|dataset_id=260|region=North America|climatezone=Cold_Without_dry_season_Warm_Summer,climate,0.2679,0.0827,0.3506,88.54,TRUE,0.396,TRUE,TRUE,TRUE,TRUE,TRUE,TRUE,FALSE,TRUE,NA,0.8853535353535353
spatial_spd,21539,Latin America,Tropical,analysis=spatial_spd|dataset_id=21539|region=Latin America|climatezone=Tropical,human,-0.0027,0.18460000000000001,0.1819,34.19,TRUE,0.532,TRUE,TRUE,TRUE,TRUE,TRUE,TRUE,FALSE,TRUE,NA,0.3419172932330827
spatial_spd,21539,Latin America,Tropical,analysis=spatial_spd|dataset_id=21539|region=Latin America|climatezone=Tropical,climate,0.1655,0.1847,0.3502,65.83,TRUE,0.532,TRUE,TRUE,TRUE,TRUE,TRUE,TRUE,FALSE,TRUE,NA,0.6582706766917293
spatial_spd,15829,North America,Polar,analysis=spatial_spd|dataset_id=15829|region=North America|climatezone=Polar,human,0.0078,0.008499999999999999,0.0163,3.08,TRUE,0.53,TRUE,TRUE,TRUE,TRUE,TRUE,FALSE,FALSE,TRUE,NA,0.030754716981132073
spatial_spd,15829,North America,Polar,analysis=spatial_spd|dataset_id=15829|region=North America|climatezone=Polar,climate,0.5049,0.008499999999999952,0.5134,96.87,TRUE,0.53,TRUE,TRUE,TRUE,TRUE,TRUE,FALSE,FALSE,TRUE,NA,0.9686792452830187
spatial_spd,14799,North America,Cold_Dry_Summer,analysis=spatial_spd|dataset_id=14799|region=North America|climatezone=Cold_Dry_Summer,human,0.0045,-9.99999999999994e-5,0.0044,4.04,TRUE,0.109,TRUE,TRUE,TRUE,TRUE,TRUE,FALSE,FALSE,TRUE,NA,0.04036697247706422
spatial_spd,14799,North America,Cold_Dry_Summer,analysis=spatial_spd|dataset_id=14799|region=North America|climatezone=Cold_Dry_Summer,climate,0.1047,0,0.1047,96.06,TRUE,0.109,TRUE,TRUE,TRUE,TRUE,TRUE,FALSE,FALSE,TRUE,NA,0.9605504587155963
spatial_spd,4056,Europe,Temperate_Without_dry_season,analysis=spatial_spd|dataset_id=4056|region=Europe|climatezone=Temperate_Without_dry_season,human,0.7653,-0.19119999999999993,0.5741,83.81,TRUE,0.685,TRUE,TRUE,TRUE,TRUE,TRUE,FALSE,FALSE,TRUE,NA,0.8381021897810219
spatial_spd,4056,Europe,Temperate_Without_dry_season,analysis=spatial_spd|dataset_id=4056|region=Europe|climatezone=Temperate_Without_dry_season,climate,0.3018,-0.1911,0.1107,16.16,TRUE,0.685,TRUE,TRUE,TRUE,TRUE,TRUE,FALSE,FALSE,TRUE,NA,0.16160583941605838
spatial_spd,2617,North America,Cold_Without_dry_season_Hot_Summer,analysis=spatial_spd|dataset_id=2617|region=North America|climatezone=Cold_Without_dry_season_Hot_Summer,human,0.0386,0.136,0.1746,43.11,TRUE,0.405,TRUE,TRUE,TRUE,TRUE,TRUE,FALSE,FALSE,TRUE,NA,0.4311111111111111
spatial_spd,2617,North America,Cold_Without_dry_season_Hot_Summer,analysis=spatial_spd|dataset_id=2617|region=North America|climatezone=Cold_Without_dry_season_Hot_Summer,climate,0.0945,0.1359,0.2304,56.89,TRUE,0.405,TRUE,TRUE,TRUE,TRUE,TRUE,FALSE,FALSE,TRUE,NA,0.5688888888888889
spatial_spd,42671,Europe,Cold_Without_dry_season_Warm_Summer,analysis=spatial_spd|dataset_id=42671|region=Europe|climatezone=Cold_Without_dry_season_Warm_Summer,human,0.0914,-0.039299999999999995,0.0521,10.72,TRUE,0.486,TRUE,TRUE,TRUE,TRUE,TRUE,FALSE,FALSE,TRUE,NA,0.10720164609053498
spatial_spd,42671,Europe,Cold_Without_dry_season_Warm_Summer,analysis=spatial_spd|dataset_id=42671|region=Europe|climatezone=Cold_Without_dry_season_Warm_Summer,climate,0.4729,-0.0393,0.4336,89.22,TRUE,0.486,TRUE,TRUE,TRUE,TRUE,TRUE,FALSE,FALSE,TRUE,NA,0.8921810699588477
spatial_spd,4058,Europe,Cold_Without_dry_season_Cold_Summer,analysis=spatial_spd|dataset_id=4058|region=Europe|climatezone=Cold_Without_dry_season_Cold_Summer,human,-0.0091,-0.027100000000000003,-0.0362,-43.61,TRUE,0.083,TRUE,TRUE,TRUE,TRUE,TRUE,TRUE,TRUE,TRUE,NA,-0.43614457831325304
spatial_spd,4058,Europe,Cold_Without_dry_season_Cold_Summer,analysis=spatial_spd|dataset_id=4058|region=Europe|climatezone=Cold_Without_dry_season_Cold_Summer,climate,0.1464,-0.0271,0.1193,143.73,TRUE,0.083,TRUE,TRUE,TRUE,TRUE,TRUE,TRUE,TRUE,TRUE,NA,1.4373493975903615
spatial_spd,20613,North America,Cold_Without_dry_season_Warm_Summer,analysis=spatial_spd|dataset_id=20613|region=North America|climatezone=Cold_Without_dry_season_Warm_Summer,human,0.0981,-0.023400000000000004,0.0747,16.38,TRUE,0.456,TRUE,TRUE,TRUE,TRUE,TRUE,FALSE,FALSE,TRUE,NA,0.16381578947368422
spatial_spd,20613,North America,Cold_Without_dry_season_Warm_Summer,analysis=spatial_spd|dataset_id=20613|region=North America|climatezone=Cold_Without_dry_season_Warm_Summer,climate,0.4043,-0.023399999999999976,0.3809,83.53,TRUE,0.456,TRUE,TRUE,TRUE,TRUE,TRUE,FALSE,FALSE,TRUE,NA,0.8353070175438596
spatial_spd,15738,North America,Cold_Without_dry_season_Cold_Summer,analysis=spatial_spd|dataset_id=15738|region=North America|climatezone=Cold_Without_dry_season_Cold_Summer,human,0.0494,0.031100000000000003,0.0805,16.4,TRUE,0.491,TRUE,TRUE,TRUE,TRUE,TRUE,FALSE,FALSE,TRUE,NA,0.16395112016293278
spatial_spd,15738,North America,Cold_Without_dry_season_Cold_Summer,analysis=spatial_spd|dataset_id=15738|region=North America|climatezone=Cold_Without_dry_season_Cold_Summer,climate,0.3797,0.031100000000000017,0.4108,83.67,TRUE,0.491,TRUE,TRUE,TRUE,TRUE,TRUE,FALSE,FALSE,TRUE,NA,0.8366598778004073
spatial_spd,2287,North America,Cold_Without_dry_season_Warm_Summer,analysis=spatial_spd|dataset_id=2287|region=North America|climatezone=Cold_Without_dry_season_Warm_Summer,human,0.132,0.068,0.2,33.61,TRUE,0.595,TRUE,TRUE,TRUE,TRUE,TRUE,FALSE,FALSE,TRUE,NA,0.33613445378151263
spatial_spd,2287,North America,Cold_Without_dry_season_Warm_Summer,analysis=spatial_spd|dataset_id=2287|region=North America|climatezone=Cold_Without_dry_season_Warm_Summer,climate,0.3265,0.068,0.3945,66.3,TRUE,0.595,TRUE,TRUE,TRUE,TRUE,TRUE,FALSE,FALSE,TRUE,NA,0.6630252100840337
spatial_spd,22842,Europe,Cold_Without_dry_season_Cold_Summer,analysis=spatial_spd|dataset_id=22842|region=Europe|climatezone=Cold_Without_dry_season_Cold_Summer,human,-0.0735,0.039599999999999996,-0.0339,-30.27,TRUE,0.112,TRUE,TRUE,TRUE,TRUE,TRUE,TRUE,TRUE,TRUE,NA,-0.3026785714285714
spatial_spd,22842,Europe,Cold_Without_dry_season_Cold_Summer,analysis=spatial_spd|dataset_id=22842|region=Europe|climatezone=Cold_Without_dry_season_Cold_Summer,climate,0.106,0.03960000000000001,0.1456,130,TRUE,0.112,TRUE,TRUE,TRUE,TRUE,TRUE,TRUE,TRUE,TRUE,NA,1.3
spatial_spd,15288,North America,Temperate_Without_dry_season,analysis=spatial_spd|dataset_id=15288|region=North America|climatezone=Temperate_Without_dry_season,human,0.0247,0.1499,0.1746,52.43,TRUE,0.333,TRUE,TRUE,TRUE,TRUE,TRUE,FALSE,FALSE,TRUE,NA,0.5243243243243243
spatial_spd,15288,North America,Temperate_Without_dry_season,analysis=spatial_spd|dataset_id=15288|region=North America|climatezone=Temperate_Without_dry_season,climate,0.0085,0.1499,0.1584,47.57,TRUE,0.333,TRUE,TRUE,TRUE,TRUE,TRUE,FALSE,FALSE,TRUE,NA,0.4756756756756757
spatial_spd,21762,Latin America,Polar,analysis=spatial_spd|dataset_id=21762|region=Latin America|climatezone=Polar,human,-0.0345,0.099,0.0645,17.34,TRUE,0.372,TRUE,TRUE,TRUE,TRUE,TRUE,TRUE,FALSE,TRUE,NA,0.17338709677419356
spatial_spd,21762,Latin America,Polar,analysis=spatial_spd|dataset_id=21762|region=Latin America|climatezone=Polar,climate,0.2089,0.099,0.3079,82.77,TRUE,0.372,TRUE,TRUE,TRUE,TRUE,TRUE,TRUE,FALSE,TRUE,NA,0.8276881720430108
spatial_spd,1148,North America,Temperate_Dry_Summer,analysis=spatial_spd|dataset_id=1148|region=North America|climatezone=Temperate_Dry_Summer,human,0.1034,0.010899999999999993,0.1143,25.01,TRUE,0.457,TRUE,TRUE,TRUE,TRUE,TRUE,FALSE,FALSE,TRUE,NA,0.250109409190372
spatial_spd,1148,North America,Temperate_Dry_Summer,analysis=spatial_spd|dataset_id=1148|region=North America|climatezone=Temperate_Dry_Summer,climate,0.3315,0.010899999999999965,0.3424,74.92,TRUE,0.457,TRUE,TRUE,TRUE,TRUE,TRUE,FALSE,FALSE,TRUE,NA,0.7492341356673959
spatial_spd,48721,North America,Cold_Dry_Summer,analysis=spatial_spd|dataset_id=48721|region=North America|climatezone=Cold_Dry_Summer,human,-0.0244,0.10020000000000001,0.0758,32.53,TRUE,0.233,TRUE,TRUE,TRUE,TRUE,TRUE,TRUE,FALSE,TRUE,NA,0.3253218884120172
spatial_spd,48721,North America,Cold_Dry_Summer,analysis=spatial_spd|dataset_id=48721|region=North America|climatezone=Cold_Dry_Summer,climate,0.0567,0.1003,0.157,67.38,TRUE,0.233,TRUE,TRUE,TRUE,TRUE,TRUE,TRUE,FALSE,TRUE,NA,0.6738197424892703
spatial_spd,24467,Europe,Temperate_Without_dry_season,analysis=spatial_spd|dataset_id=24467|region=Europe|climatezone=Temperate_Without_dry_season,human,0.0769,0.0228,0.0997,36.65,TRUE,0.272,TRUE,TRUE,TRUE,TRUE,TRUE,FALSE,FALSE,TRUE,NA,0.3665441176470588
spatial_spd,24467,Europe,Temperate_Without_dry_season,analysis=spatial_spd|dataset_id=24467|region=Europe|climatezone=Temperate_Without_dry_season,climate,0.1499,0.022799999999999987,0.1727,63.49,TRUE,0.272,TRUE,TRUE,TRUE,TRUE,TRUE,FALSE,FALSE,TRUE,NA,0.6349264705882353
spatial_spd,1450,North America,Cold_Without_dry_season_Warm_Summer,analysis=spatial_spd|dataset_id=1450|region=North America|climatezone=Cold_Without_dry_season_Warm_Summer,human,0.0854,0.07599999999999998,0.1614,68.68,TRUE,0.235,TRUE,TRUE,TRUE,TRUE,TRUE,TRUE,FALSE,TRUE,NA,0.6868085106382978
spatial_spd,1450,North America,Cold_Without_dry_season_Warm_Summer,analysis=spatial_spd|dataset_id=1450|region=North America|climatezone=Cold_Without_dry_season_Warm_Summer,climate,-0.0028,0.076,0.0732,31.15,TRUE,0.235,TRUE,TRUE,TRUE,TRUE,TRUE,TRUE,FALSE,TRUE,NA,0.3114893617021277
spatial_spd,23004,Europe,Cold_Without_dry_season_Warm_Summer,analysis=spatial_spd|dataset_id=23004|region=Europe|climatezone=Cold_Without_dry_season_Warm_Summer,human,0.0296,-0.0293,3e-4,0.16,TRUE,0.188,TRUE,TRUE,TRUE,TRUE,TRUE,FALSE,FALSE,TRUE,NA,0.0015957446808510637
spatial_spd,23004,Europe,Cold_Without_dry_season_Warm_Summer,analysis=spatial_spd|dataset_id=23004|region=Europe|climatezone=Cold_Without_dry_season_Warm_Summer,climate,0.217,-0.029299999999999993,0.1877,99.84,TRUE,0.188,TRUE,TRUE,TRUE,TRUE,TRUE,FALSE,FALSE,TRUE,NA,0.998404255319149
spatial_spd,2292,North America,Cold_Without_dry_season_Warm_Summer,analysis=spatial_spd|dataset_id=2292|region=North America|climatezone=Cold_Without_dry_season_Warm_Summer,human,0.1223,-0.013400000000000009,0.1089,45.56,TRUE,0.239,TRUE,TRUE,TRUE,TRUE,TRUE,FALSE,FALSE,TRUE,NA,0.4556485355648536
spatial_spd,2292,North America,Cold_Without_dry_season_Warm_Summer,analysis=spatial_spd|dataset_id=2292|region=North America|climatezone=Cold_Without_dry_season_Warm_Summer,climate,0.1431,-0.013399999999999995,0.1297,54.27,TRUE,0.239,TRUE,TRUE,TRUE,TRUE,TRUE,FALSE,FALSE,TRUE,NA,0.5426778242677824
spatial_spd,2391,North America,Cold_Without_dry_season_Warm_Summer,analysis=spatial_spd|dataset_id=2391|region=North America|climatezone=Cold_Without_dry_season_Warm_Summer,human,0.0419,0.008399999999999998,0.0503,17.23,TRUE,0.292,TRUE,TRUE,TRUE,TRUE,TRUE,FALSE,FALSE,TRUE,NA,0.17226027397260274
spatial_spd,2391,North America,Cold_Without_dry_season_Warm_Summer,analysis=spatial_spd|dataset_id=2391|region=North America|climatezone=Cold_Without_dry_season_Warm_Summer,climate,0.233,0.00839999999999999,0.2414,82.67,TRUE,0.292,TRUE,TRUE,TRUE,TRUE,TRUE,FALSE,FALSE,TRUE,NA,0.8267123287671233
spatial_spd,1024,North America,Polar,analysis=spatial_spd|dataset_id=1024|region=North America|climatezone=Polar,human,0.0671,0.10839999999999998,0.1755,25.96,TRUE,0.676,TRUE,TRUE,TRUE,TRUE,TRUE,FALSE,FALSE,TRUE,NA,0.2596153846153846
spatial_spd,1024,North America,Polar,analysis=spatial_spd|dataset_id=1024|region=North America|climatezone=Polar,climate,0.3926,0.1084,0.501,74.11,TRUE,0.676,TRUE,TRUE,TRUE,TRUE,TRUE,FALSE,FALSE,TRUE,NA,0.7411242603550295
spatial_spd,1642,North America,Temperate_Dry_Summer,analysis=spatial_spd|dataset_id=1642|region=North America|climatezone=Temperate_Dry_Summer,human,0.1595,-0.010599999999999998,0.1489,98.61,TRUE,0.151,TRUE,TRUE,TRUE,TRUE,TRUE,FALSE,FALSE,TRUE,NA,0.9860927152317881
spatial_spd,1642,North America,Temperate_Dry_Summer,analysis=spatial_spd|dataset_id=1642|region=North America|climatezone=Temperate_Dry_Summer,climate,0.0123,-0.0106,0.0017,1.13,TRUE,0.151,TRUE,TRUE,TRUE,TRUE,TRUE,FALSE,FALSE,TRUE,NA,0.011258278145695364
spatial_spd,15785,North America,Polar,analysis=spatial_spd|dataset_id=15785|region=North America|climatezone=Polar,human,-0.0408,0.0376,-0.0032,-0.96,TRUE,0.333,TRUE,TRUE,TRUE,TRUE,TRUE,TRUE,TRUE,TRUE,NA,-0.00960960960960961
spatial_spd,15785,North America,Polar,analysis=spatial_spd|dataset_id=15785|region=North America|climatezone=Polar,climate,0.2987,0.03759999999999997,0.3363,100.99,TRUE,0.333,TRUE,TRUE,TRUE,TRUE,TRUE,TRUE,TRUE,TRUE,NA,1.0099099099099098
spatial_spd,1735,North America,Cold_Without_dry_season_Hot_Summer,analysis=spatial_spd|dataset_id=1735|region=North America|climatezone=Cold_Without_dry_season_Hot_Summer,human,0.0495,0.13429999999999997,0.1838,53.59,TRUE,0.343,TRUE,TRUE,TRUE,TRUE,TRUE,FALSE,FALSE,TRUE,NA,0.5358600583090378
spatial_spd,1735,North America,Cold_Without_dry_season_Hot_Summer,analysis=spatial_spd|dataset_id=1735|region=North America|climatezone=Cold_Without_dry_season_Hot_Summer,climate,0.0248,0.1343,0.1591,46.38,TRUE,0.343,TRUE,TRUE,TRUE,TRUE,TRUE,FALSE,FALSE,TRUE,NA,0.46384839650145765
spatial_spd,22711,Europe,Temperate_Without_dry_season,analysis=spatial_spd|dataset_id=22711|region=Europe|climatezone=Temperate_Without_dry_season,human,0.0439,0.1317,0.1756,37.28,TRUE,0.471,TRUE,TRUE,TRUE,TRUE,TRUE,FALSE,FALSE,TRUE,NA,0.372823779193206
spatial_spd,22711,Europe,Temperate_Without_dry_season,analysis=spatial_spd|dataset_id=22711|region=Europe|climatezone=Temperate_Without_dry_season,climate,0.1637,0.13179999999999997,0.2955,62.74,TRUE,0.471,TRUE,TRUE,TRUE,TRUE,TRUE,FALSE,FALSE,TRUE,NA,0.6273885350318471
spatial_spd,24348,Europe,Cold_Without_dry_season_Cold_Summer,analysis=spatial_spd|dataset_id=24348|region=Europe|climatezone=Cold_Without_dry_season_Cold_Summer,human,-0.0494,0.0285,-0.0209,-11,TRUE,0.19,TRUE,TRUE,TRUE,TRUE,TRUE,TRUE,TRUE,TRUE,NA,-0.10999999999999999
spatial_spd,24348,Europe,Cold_Without_dry_season_Cold_Summer,analysis=spatial_spd|dataset_id=24348|region=Europe|climatezone=Cold_Without_dry_season_Cold_Summer,climate,0.1826,0.028599999999999987,0.2112,111.16,TRUE,0.19,TRUE,TRUE,TRUE,TRUE,TRUE,TRUE,TRUE,TRUE,NA,1.111578947368421
spatial_spd,40992,North America,Cold_Without_dry_season_Warm_Summer,analysis=spatial_spd|dataset_id=40992|region=North America|climatezone=Cold_Without_dry_season_Warm_Summer,human,0.0794,-0.022199999999999998,0.0572,17.6,TRUE,0.325,TRUE,TRUE,TRUE,TRUE,TRUE,FALSE,FALSE,TRUE,NA,0.176
spatial_spd,40992,North America,Cold_Without_dry_season_Warm_Summer,analysis=spatial_spd|dataset_id=40992|region=North America|climatezone=Cold_Without_dry_season_Warm_Summer,climate,0.2898,-0.022199999999999998,0.2676,82.34,TRUE,0.325,TRUE,TRUE,TRUE,TRUE,TRUE,FALSE,FALSE,TRUE,NA,0.8233846153846154
spatial_spd,1786,North America,Cold_Without_dry_season_Warm_Summer,analysis=spatial_spd|dataset_id=1786|region=North America|climatezone=Cold_Without_dry_season_Warm_Summer,human,-0.0569,0.0781,0.0212,8.58,TRUE,0.247,TRUE,TRUE,TRUE,TRUE,TRUE,TRUE,FALSE,TRUE,NA,0.08582995951417004
spatial_spd,1786,North America,Cold_Without_dry_season_Warm_Summer,analysis=spatial_spd|dataset_id=1786|region=North America|climatezone=Cold_Without_dry_season_Warm_Summer,climate,0.1479,0.0781,0.226,91.5,TRUE,0.247,TRUE,TRUE,TRUE,TRUE,TRUE,TRUE,FALSE,TRUE,NA,0.9149797570850203
spatial_spd,878,North America,Cold_Without_dry_season_Warm_Summer,analysis=spatial_spd|dataset_id=878|region=North America|climatezone=Cold_Without_dry_season_Warm_Summer,human,0.0416,0.04920000000000001,0.0908,70.39,TRUE,0.129,TRUE,TRUE,TRUE,TRUE,TRUE,TRUE,FALSE,TRUE,NA,0.7038759689922481
spatial_spd,878,North America,Cold_Without_dry_season_Warm_Summer,analysis=spatial_spd|dataset_id=878|region=North America|climatezone=Cold_Without_dry_season_Warm_Summer,climate,-0.0108,0.049199999999999994,0.0384,29.77,TRUE,0.129,TRUE,TRUE,TRUE,TRUE,TRUE,TRUE,FALSE,TRUE,NA,0.2976744186046511
spatial_spd,44951,Europe,Cold_Without_dry_season_Warm_Summer,analysis=spatial_spd|dataset_id=44951|region=Europe|climatezone=Cold_Without_dry_season_Warm_Summer,human,-0.0057,0.006,3e-4,0.1,TRUE,0.308,TRUE,TRUE,TRUE,TRUE,TRUE,TRUE,FALSE,TRUE,NA,9.740259740259739e-4
spatial_spd,44951,Europe,Cold_Without_dry_season_Warm_Summer,analysis=spatial_spd|dataset_id=44951|region=Europe|climatezone=Cold_Without_dry_season_Warm_Summer,climate,0.3016,0.006099999999999994,0.3077,99.9,TRUE,0.308,TRUE,TRUE,TRUE,TRUE,TRUE,TRUE,FALSE,TRUE,NA,0.9990259740259739
spatial_spd,328,North America,Temperate_Without_dry_season,analysis=spatial_spd|dataset_id=328|region=North America|climatezone=Temperate_Without_dry_season,human,0.1173,0.02489999999999999,0.1422,45.87,TRUE,0.31,TRUE,TRUE,TRUE,TRUE,TRUE,FALSE,FALSE,TRUE,NA,0.4587096774193548
spatial_spd,328,North America,Temperate_Without_dry_season,analysis=spatial_spd|dataset_id=328|region=North America|climatezone=Temperate_Without_dry_season,climate,0.143,0.025000000000000022,0.168,54.19,TRUE,0.31,TRUE,TRUE,TRUE,TRUE,TRUE,FALSE,FALSE,TRUE,NA,0.5419354838709678
spatial_spd,40997,Asia,Cold_Dry_Winter,analysis=spatial_spd|dataset_id=40997|region=Asia|climatezone=Cold_Dry_Winter,human,0.0187,-0.026600000000000002,-0.0079,-2.48,TRUE,0.318,TRUE,TRUE,TRUE,TRUE,TRUE,FALSE,TRUE,TRUE,NA,-0.024842767295597486
spatial_spd,40997,Asia,Cold_Dry_Winter,analysis=spatial_spd|dataset_id=40997|region=Asia|climatezone=Cold_Dry_Winter,climate,0.3529,-0.026600000000000013,0.3263,102.61,TRUE,0.318,TRUE,TRUE,TRUE,TRUE,TRUE,FALSE,TRUE,TRUE,NA,1.0261006289308174
spatial_spd,42692,Europe,Cold_Without_dry_season_Warm_Summer,analysis=spatial_spd|dataset_id=42692|region=Europe|climatezone=Cold_Without_dry_season_Warm_Summer,human,0.0458,-0.0461,-3e-4,-0.11,TRUE,0.273,TRUE,TRUE,TRUE,TRUE,TRUE,FALSE,TRUE,TRUE,NA,-0.0010989010989010987
spatial_spd,42692,Europe,Cold_Without_dry_season_Warm_Summer,analysis=spatial_spd|dataset_id=42692|region=Europe|climatezone=Cold_Without_dry_season_Warm_Summer,climate,0.3189,-0.04600000000000004,0.2729,99.96,TRUE,0.273,TRUE,TRUE,TRUE,TRUE,TRUE,FALSE,TRUE,TRUE,NA,0.9996336996336995
spatial_spd,1968,North America,Cold_Without_dry_season_Warm_Summer,analysis=spatial_spd|dataset_id=1968|region=North America|climatezone=Cold_Without_dry_season_Warm_Summer,human,0.189,0.056499999999999995,0.2455,40.51,TRUE,0.606,TRUE,TRUE,TRUE,TRUE,TRUE,FALSE,FALSE,TRUE,NA,0.4051155115511551
spatial_spd,1968,North America,Cold_Without_dry_season_Warm_Summer,analysis=spatial_spd|dataset_id=1968|region=North America|climatezone=Cold_Without_dry_season_Warm_Summer,climate,0.3038,0.056499999999999995,0.3603,59.46,TRUE,0.606,TRUE,TRUE,TRUE,TRUE,TRUE,FALSE,FALSE,TRUE,NA,0.5945544554455446
spatial_spd,309,North America,Cold_Without_dry_season_Warm_Summer,analysis=spatial_spd|dataset_id=309|region=North America|climatezone=Cold_Without_dry_season_Warm_Summer,human,-0.0018,0.11499999999999999,0.1132,29.87,TRUE,0.379,TRUE,TRUE,TRUE,TRUE,TRUE,TRUE,FALSE,TRUE,NA,0.29868073878627965
spatial_spd,309,North America,Cold_Without_dry_season_Warm_Summer,analysis=spatial_spd|dataset_id=309|region=North America|climatezone=Cold_Without_dry_season_Warm_Summer,climate,0.1507,0.11499999999999999,0.2657,70.11,TRUE,0.379,TRUE,TRUE,TRUE,TRUE,TRUE,TRUE,FALSE,TRUE,NA,0.7010554089709762
spatial_spd,34553,Oceania,Temperate_Without_dry_season,analysis=spatial_spd|dataset_id=34553|region=Oceania|climatezone=Temperate_Without_dry_season,human,-0.041,-0.015099999999999995,-0.0561,-10.62,TRUE,0.528,TRUE,TRUE,TRUE,TRUE,TRUE,TRUE,TRUE,TRUE,NA,-0.10624999999999998
spatial_spd,34553,Oceania,Temperate_Without_dry_season,analysis=spatial_spd|dataset_id=34553|region=Oceania|climatezone=Temperate_Without_dry_season,climate,0.5989,-0.015100000000000002,0.5838,110.57,TRUE,0.528,TRUE,TRUE,TRUE,TRUE,TRUE,TRUE,TRUE,TRUE,NA,1.1056818181818182
spatial_spd,46730,North America,Cold_Without_dry_season_Cold_Summer,analysis=spatial_spd|dataset_id=46730|region=North America|climatezone=Cold_Without_dry_season_Cold_Summer,human,0.0508,-5.999999999999964e-4,0.0502,19.76,TRUE,0.254,TRUE,TRUE,TRUE,TRUE,TRUE,FALSE,FALSE,TRUE,NA,0.19763779527559056
spatial_spd,46730,North America,Cold_Without_dry_season_Cold_Summer,analysis=spatial_spd|dataset_id=46730|region=North America|climatezone=Cold_Without_dry_season_Cold_Summer,climate,0.2046,-6.000000000000172e-4,0.204,80.31,TRUE,0.254,TRUE,TRUE,TRUE,TRUE,TRUE,FALSE,FALSE,TRUE,NA,0.8031496062992125
spatial_spd,232,North America,Temperate_Without_dry_season,analysis=spatial_spd|dataset_id=232|region=North America|climatezone=Temperate_Without_dry_season,human,-0.0196,0.1175,0.0979,20.96,TRUE,0.467,TRUE,TRUE,TRUE,TRUE,TRUE,TRUE,FALSE,TRUE,NA,0.20963597430406852
spatial_spd,232,North America,Temperate_Without_dry_season,analysis=spatial_spd|dataset_id=232|region=North America|climatezone=Temperate_Without_dry_season,climate,0.2514,0.11759999999999998,0.369,79.01,TRUE,0.467,TRUE,TRUE,TRUE,TRUE,TRUE,TRUE,FALSE,TRUE,NA,0.7901498929336188
spatial_spd,1719,North America,Cold_Without_dry_season_Warm_Summer,analysis=spatial_spd|dataset_id=1719|region=North America|climatezone=Cold_Without_dry_season_Warm_Summer,human,0.1282,-0.026600000000000013,0.1016,21.08,TRUE,0.482,TRUE,TRUE,TRUE,TRUE,TRUE,FALSE,FALSE,TRUE,NA,0.2107883817427386
spatial_spd,1719,North America,Cold_Without_dry_season_Warm_Summer,analysis=spatial_spd|dataset_id=1719|region=North America|climatezone=Cold_Without_dry_season_Warm_Summer,climate,0.4071,-0.026600000000000013,0.3805,78.94,TRUE,0.482,TRUE,TRUE,TRUE,TRUE,TRUE,FALSE,FALSE,TRUE,NA,0.7894190871369295
spatial_spd,41027,North America,Cold_Without_dry_season_Warm_Summer,analysis=spatial_spd|dataset_id=41027|region=North America|climatezone=Cold_Without_dry_season_Warm_Summer,human,0.0395,0.14959999999999998,0.1891,29.5,TRUE,0.641,TRUE,TRUE,TRUE,TRUE,TRUE,FALSE,FALSE,TRUE,NA,0.29500780031201246
spatial_spd,41027,North America,Cold_Without_dry_season_Warm_Summer,analysis=spatial_spd|dataset_id=41027|region=North America|climatezone=Cold_Without_dry_season_Warm_Summer,climate,0.3018,0.1496,0.4514,70.42,TRUE,0.641,TRUE,TRUE,TRUE,TRUE,TRUE,FALSE,FALSE,TRUE,NA,0.7042121684867395
spatial_spd,45728,Europe,Cold_Without_dry_season_Warm_Summer,analysis=spatial_spd|dataset_id=45728|region=Europe|climatezone=Cold_Without_dry_season_Warm_Summer,human,-0.0097,0.032799999999999996,0.0231,20.09,TRUE,0.115,TRUE,TRUE,TRUE,TRUE,TRUE,TRUE,FALSE,TRUE,NA,0.2008695652173913
spatial_spd,45728,Europe,Cold_Without_dry_season_Warm_Summer,analysis=spatial_spd|dataset_id=45728|region=Europe|climatezone=Cold_Without_dry_season_Warm_Summer,climate,0.0589,0.0328,0.0917,79.74,TRUE,0.115,TRUE,TRUE,TRUE,TRUE,TRUE,TRUE,FALSE,TRUE,NA,0.7973913043478261
spatial_spd,29236,Europe,Cold_Without_dry_season_Warm_Summer,analysis=spatial_spd|dataset_id=29236|region=Europe|climatezone=Cold_Without_dry_season_Warm_Summer,human,-0.0509,0.0809,0.03,9.62,TRUE,0.312,TRUE,TRUE,TRUE,TRUE,TRUE,TRUE,FALSE,TRUE,NA,0.09615384615384615
spatial_spd,29236,Europe,Cold_Without_dry_season_Warm_Summer,analysis=spatial_spd|dataset_id=29236|region=Europe|climatezone=Cold_Without_dry_season_Warm_Summer,climate,0.2011,0.08089999999999997,0.282,90.38,TRUE,0.312,TRUE,TRUE,TRUE,TRUE,TRUE,TRUE,FALSE,TRUE,NA,0.9038461538461537
spatial_spd,1841,North America,Cold_Without_dry_season_Warm_Summer,analysis=spatial_spd|dataset_id=1841|region=North America|climatezone=Cold_Without_dry_season_Warm_Summer,human,0.1793,-0.026699999999999974,0.1526,42.99,TRUE,0.355,TRUE,TRUE,TRUE,TRUE,TRUE,FALSE,FALSE,TRUE,NA,0.42985915492957755
spatial_spd,1841,North America,Cold_Without_dry_season_Warm_Summer,analysis=spatial_spd|dataset_id=1841|region=North America|climatezone=Cold_Without_dry_season_Warm_Summer,climate,0.2289,-0.026599999999999985,0.2023,56.99,TRUE,0.355,TRUE,TRUE,TRUE,TRUE,TRUE,FALSE,FALSE,TRUE,NA,0.5698591549295775
spatial_spd,24118,Europe,Cold_Without_dry_season_Warm_Summer,analysis=spatial_spd|dataset_id=24118|region=Europe|climatezone=Cold_Without_dry_season_Warm_Summer,human,0.1477,-0.0944,0.0533,12.48,TRUE,0.427,TRUE,TRUE,TRUE,TRUE,TRUE,FALSE,FALSE,TRUE,NA,0.12482435597189696
spatial_spd,24118,Europe,Cold_Without_dry_season_Warm_Summer,analysis=spatial_spd|dataset_id=24118|region=Europe|climatezone=Cold_Without_dry_season_Warm_Summer,climate,0.4685,-0.09440000000000004,0.3741,87.61,TRUE,0.427,TRUE,TRUE,TRUE,TRUE,TRUE,FALSE,FALSE,TRUE,NA,0.876112412177986
spatial_spd,21807,Latin America,Tropical,analysis=spatial_spd|dataset_id=21807|region=Latin America|climatezone=Tropical,human,0.1051,0.1124,0.2175,28.51,TRUE,0.763,TRUE,TRUE,TRUE,TRUE,TRUE,FALSE,FALSE,TRUE,NA,0.28505897771952815
spatial_spd,21807,Latin America,Tropical,analysis=spatial_spd|dataset_id=21807|region=Latin America|climatezone=Tropical,climate,0.4331,0.11249999999999999,0.5456,71.51,TRUE,0.763,TRUE,TRUE,TRUE,TRUE,TRUE,FALSE,FALSE,TRUE,NA,0.7150720838794233
spatial_spd,41631,Europe,Cold_Without_dry_season_Warm_Summer,analysis=spatial_spd|dataset_id=41631|region=Europe|climatezone=Cold_Without_dry_season_Warm_Summer,human,0.0278,0.0708,0.0986,16.27,TRUE,0.606,TRUE,TRUE,TRUE,TRUE,TRUE,FALSE,FALSE,TRUE,NA,0.1627062706270627
spatial_spd,41631,Europe,Cold_Without_dry_season_Warm_Summer,analysis=spatial_spd|dataset_id=41631|region=Europe|climatezone=Cold_Without_dry_season_Warm_Summer,climate,0.4362,0.07080000000000003,0.507,83.66,TRUE,0.606,TRUE,TRUE,TRUE,TRUE,TRUE,FALSE,FALSE,TRUE,NA,0.8366336633663367
spatial_spd,24061,Europe,Cold_Without_dry_season_Cold_Summer,analysis=spatial_spd|dataset_id=24061|region=Europe|climatezone=Cold_Without_dry_season_Cold_Summer,human,-0.0264,0.028,0.0016,0.75,TRUE,0.214,TRUE,TRUE,TRUE,TRUE,TRUE,TRUE,FALSE,TRUE,NA,0.007476635514018692
spatial_spd,24061,Europe,Cold_Without_dry_season_Cold_Summer,analysis=spatial_spd|dataset_id=24061|region=Europe|climatezone=Cold_Without_dry_season_Cold_Summer,climate,0.1839,0.028099999999999986,0.212,99.07,TRUE,0.214,TRUE,TRUE,TRUE,TRUE,TRUE,TRUE,FALSE,TRUE,NA,0.9906542056074766
spatial_spd,4198,Europe,Temperate_Without_dry_season,analysis=spatial_spd|dataset_id=4198|region=Europe|climatezone=Temperate_Without_dry_season,human,0.0233,-0.0028000000000000004,0.0205,33.06,TRUE,0.062,TRUE,TRUE,TRUE,TRUE,TRUE,FALSE,FALSE,TRUE,NA,0.3306451612903226
spatial_spd,4198,Europe,Temperate_Without_dry_season,analysis=spatial_spd|dataset_id=4198|region=Europe|climatezone=Temperate_Without_dry_season,climate,0.0446,-0.002800000000000004,0.0418,67.42,TRUE,0.062,TRUE,TRUE,TRUE,TRUE,TRUE,FALSE,FALSE,TRUE,NA,0.6741935483870968
spatial_spd,15667,North America,Cold_Without_dry_season_Cold_Summer,analysis=spatial_spd|dataset_id=15667|region=North America|climatezone=Cold_Without_dry_season_Cold_Summer,human,0.4429,-0.07440000000000002,0.3685,115.16,TRUE,0.32,TRUE,TRUE,TRUE,TRUE,TRUE,FALSE,TRUE,TRUE,NA,1.1515625
spatial_spd,15667,North America,Cold_Without_dry_season_Cold_Summer,analysis=spatial_spd|dataset_id=15667|region=North America|climatezone=Cold_Without_dry_season_Cold_Summer,climate,0.0254,-0.0744,-0.049,-15.31,TRUE,0.32,TRUE,TRUE,TRUE,TRUE,TRUE,FALSE,TRUE,TRUE,NA,-0.153125
spatial_spd,859,North America,Cold_Without_dry_season_Cold_Summer,analysis=spatial_spd|dataset_id=859|region=North America|climatezone=Cold_Without_dry_season_Cold_Summer,human,0.0189,0.004199999999999999,0.0231,5.14,TRUE,0.449,TRUE,TRUE,TRUE,TRUE,TRUE,FALSE,FALSE,TRUE,NA,0.05144766146993318
spatial_spd,859,North America,Cold_Without_dry_season_Cold_Summer,analysis=spatial_spd|dataset_id=859|region=North America|climatezone=Cold_Without_dry_season_Cold_Summer,climate,0.4214,0.0040999999999999925,0.4255,94.77,TRUE,0.449,TRUE,TRUE,TRUE,TRUE,TRUE,FALSE,FALSE,TRUE,NA,0.9476614699331848
spatial_spd,15462,North America,Cold_Without_dry_season_Cold_Summer,analysis=spatial_spd|dataset_id=15462|region=North America|climatezone=Cold_Without_dry_season_Cold_Summer,human,0.0554,0.022399999999999996,0.0778,15.38,TRUE,0.506,TRUE,TRUE,TRUE,TRUE,TRUE,FALSE,FALSE,TRUE,NA,0.15375494071146245
spatial_spd,15462,North America,Cold_Without_dry_season_Cold_Summer,analysis=spatial_spd|dataset_id=15462|region=North America|climatezone=Cold_Without_dry_season_Cold_Summer,climate,0.4062,0.022399999999999975,0.4286,84.7,TRUE,0.506,TRUE,TRUE,TRUE,TRUE,TRUE,FALSE,FALSE,TRUE,NA,0.8470355731225296
spatial_spd,14274,Europe,Temperate_Without_dry_season,analysis=spatial_spd|dataset_id=14274|region=Europe|climatezone=Temperate_Without_dry_season,human,0.0197,0.13920000000000002,0.1589,31.47,TRUE,0.505,TRUE,TRUE,TRUE,TRUE,TRUE,FALSE,FALSE,TRUE,NA,0.31465346534653466
spatial_spd,14274,Europe,Temperate_Without_dry_season,analysis=spatial_spd|dataset_id=14274|region=Europe|climatezone=Temperate_Without_dry_season,climate,0.2068,0.13919999999999996,0.346,68.51,TRUE,0.505,TRUE,TRUE,TRUE,TRUE,TRUE,FALSE,FALSE,TRUE,NA,0.6851485148514851
spatial_spd,203,North America,Temperate_Without_dry_season,analysis=spatial_spd|dataset_id=203|region=North America|climatezone=Temperate_Without_dry_season,human,0.1412,0.019800000000000012,0.161,44.11,TRUE,0.365,TRUE,TRUE,TRUE,TRUE,TRUE,FALSE,FALSE,TRUE,NA,0.4410958904109589
spatial_spd,203,North America,Temperate_Without_dry_season,analysis=spatial_spd|dataset_id=203|region=North America|climatezone=Temperate_Without_dry_season,climate,0.1844,0.019799999999999984,0.2042,55.95,TRUE,0.365,TRUE,TRUE,TRUE,TRUE,TRUE,FALSE,FALSE,TRUE,NA,0.5594520547945205
spatial_spd,17320,North America,Cold_Without_dry_season_Cold_Summer,analysis=spatial_spd|dataset_id=17320|region=North America|climatezone=Cold_Without_dry_season_Cold_Summer,human,0.2242,-0.05230000000000001,0.1719,55.27,TRUE,0.311,TRUE,TRUE,TRUE,TRUE,TRUE,FALSE,FALSE,TRUE,NA,0.552733118971061
spatial_spd,17320,North America,Cold_Without_dry_season_Cold_Summer,analysis=spatial_spd|dataset_id=17320|region=North America|climatezone=Cold_Without_dry_season_Cold_Summer,climate,0.1915,-0.052199999999999996,0.1393,44.79,TRUE,0.311,TRUE,TRUE,TRUE,TRUE,TRUE,FALSE,FALSE,TRUE,NA,0.4479099678456592
spatial_spd,308,North America,Cold_Without_dry_season_Warm_Summer,analysis=spatial_spd|dataset_id=308|region=North America|climatezone=Cold_Without_dry_season_Warm_Summer,human,0.0998,0.1008,0.2006,38.28,TRUE,0.524,TRUE,TRUE,TRUE,TRUE,TRUE,FALSE,FALSE,TRUE,NA,0.382824427480916
spatial_spd,308,North America,Cold_Without_dry_season_Warm_Summer,analysis=spatial_spd|dataset_id=308|region=North America|climatezone=Cold_Without_dry_season_Warm_Summer,climate,0.2228,0.10089999999999999,0.3237,61.77,TRUE,0.524,TRUE,TRUE,TRUE,TRUE,TRUE,FALSE,FALSE,TRUE,NA,0.6177480916030534
spatial_spd,2385,North America,Cold_Without_dry_season_Hot_Summer,analysis=spatial_spd|dataset_id=2385|region=North America|climatezone=Cold_Without_dry_season_Hot_Summer,human,0.1331,0.0020000000000000018,0.1351,100.82,TRUE,0.134,TRUE,TRUE,TRUE,TRUE,TRUE,TRUE,TRUE,TRUE,NA,1.0082089552238804
spatial_spd,2385,North America,Cold_Without_dry_season_Hot_Summer,analysis=spatial_spd|dataset_id=2385|region=North America|climatezone=Cold_Without_dry_season_Hot_Summer,climate,-0.0034,0.0021,-0.0013,-0.97,TRUE,0.134,TRUE,TRUE,TRUE,TRUE,TRUE,TRUE,TRUE,TRUE,NA,-0.009701492537313432
spatial_spd,26608,Europe,Temperate_Dry_Summer,analysis=spatial_spd|dataset_id=26608|region=Europe|climatezone=Temperate_Dry_Summer,human,0.0144,-0.0248,-0.0104,-1.69,TRUE,0.614,TRUE,TRUE,TRUE,TRUE,TRUE,FALSE,TRUE,TRUE,NA,-0.016938110749185668
spatial_spd,26608,Europe,Temperate_Dry_Summer,analysis=spatial_spd|dataset_id=26608|region=Europe|climatezone=Temperate_Dry_Summer,climate,0.6491,-0.024700000000000055,0.6244,101.69,TRUE,0.614,TRUE,TRUE,TRUE,TRUE,TRUE,FALSE,TRUE,TRUE,NA,1.0169381107491857
spatial_spd,20188,North America,Polar,analysis=spatial_spd|dataset_id=20188|region=North America|climatezone=Polar,human,-0.0328,0.032100000000000004,-7e-4,-0.24,TRUE,0.296,TRUE,TRUE,TRUE,TRUE,TRUE,TRUE,TRUE,TRUE,NA,-0.002364864864864865
spatial_spd,20188,North America,Polar,analysis=spatial_spd|dataset_id=20188|region=North America|climatezone=Polar,climate,0.2651,0.03199999999999997,0.2971,100.37,TRUE,0.296,TRUE,TRUE,TRUE,TRUE,TRUE,TRUE,TRUE,TRUE,NA,1.003716216216216
spatial_spd,3879,Europe,Temperate_Without_dry_season,analysis=spatial_spd|dataset_id=3879|region=Europe|climatezone=Temperate_Without_dry_season,human,0.112,0.023000000000000007,0.135,36.78,TRUE,0.367,TRUE,TRUE,TRUE,TRUE,TRUE,FALSE,FALSE,TRUE,NA,0.36784741144414174
spatial_spd,3879,Europe,Temperate_Without_dry_season,analysis=spatial_spd|dataset_id=3879|region=Europe|climatezone=Temperate_Without_dry_season,climate,0.2089,0.022999999999999993,0.2319,63.19,TRUE,0.367,TRUE,TRUE,TRUE,TRUE,TRUE,FALSE,FALSE,TRUE,NA,0.6318801089918256
spatial_spd,15925,North America,Cold_Without_dry_season_Warm_Summer,analysis=spatial_spd|dataset_id=15925|region=North America|climatezone=Cold_Without_dry_season_Warm_Summer,human,-0.0386,0.1063,0.0677,18.6,TRUE,0.364,TRUE,TRUE,TRUE,TRUE,TRUE,TRUE,FALSE,TRUE,NA,0.185989010989011
spatial_spd,15925,North America,Cold_Without_dry_season_Warm_Summer,analysis=spatial_spd|dataset_id=15925|region=North America|climatezone=Cold_Without_dry_season_Warm_Summer,climate,0.1904,0.1063,0.2967,81.51,TRUE,0.364,TRUE,TRUE,TRUE,TRUE,TRUE,TRUE,FALSE,TRUE,NA,0.8151098901098902
spatial_spd,15919,North America,Cold_Without_dry_season_Warm_Summer,analysis=spatial_spd|dataset_id=15919|region=North America|climatezone=Cold_Without_dry_season_Warm_Summer,human,0.0294,0.2069,0.2363,28.06,TRUE,0.842,TRUE,TRUE,TRUE,TRUE,TRUE,FALSE,FALSE,TRUE,NA,0.2806413301662708
spatial_spd,15919,North America,Cold_Without_dry_season_Warm_Summer,analysis=spatial_spd|dataset_id=15919|region=North America|climatezone=Cold_Without_dry_season_Warm_Summer,climate,0.3984,0.20700000000000007,0.6054,71.9,TRUE,0.842,TRUE,TRUE,TRUE,TRUE,TRUE,FALSE,FALSE,TRUE,NA,0.7190023752969122
spatial_spd,1432,North America,Cold_Dry_Summer,analysis=spatial_spd|dataset_id=1432|region=North America|climatezone=Cold_Dry_Summer,human,0.0024,0.0896,0.092,13.71,TRUE,0.671,TRUE,TRUE,TRUE,TRUE,TRUE,FALSE,FALSE,TRUE,NA,0.13710879284649774
spatial_spd,1432,North America,Cold_Dry_Summer,analysis=spatial_spd|dataset_id=1432|region=North America|climatezone=Cold_Dry_Summer,climate,0.4899,0.08960000000000001,0.5795,86.36,TRUE,0.671,TRUE,TRUE,TRUE,TRUE,TRUE,FALSE,FALSE,TRUE,NA,0.8636363636363636
spatial_spd,48895,North America,Cold_Without_dry_season_Warm_Summer,analysis=spatial_spd|dataset_id=48895|region=North America|climatezone=Cold_Without_dry_season_Warm_Summer,human,0.0617,0.1162,0.1779,27.67,TRUE,0.643,TRUE,TRUE,TRUE,TRUE,TRUE,FALSE,FALSE,TRUE,NA,0.27667185069984446
spatial_spd,48895,North America,Cold_Without_dry_season_Warm_Summer,analysis=spatial_spd|dataset_id=48895|region=North America|climatezone=Cold_Without_dry_season_Warm_Summer,climate,0.3492,0.11619999999999997,0.4654,72.38,TRUE,0.643,TRUE,TRUE,TRUE,TRUE,TRUE,FALSE,FALSE,TRUE,NA,0.7237947122861585
spatial_spd,2373,North America,Cold_Without_dry_season_Warm_Summer,analysis=spatial_spd|dataset_id=2373|region=North America|climatezone=Cold_Without_dry_season_Warm_Summer,human,0.0036,0.0391,0.0427,7.85,TRUE,0.544,TRUE,TRUE,TRUE,TRUE,TRUE,FALSE,FALSE,TRUE,NA,0.07849264705882353
spatial_spd,2373,North America,Cold_Without_dry_season_Warm_Summer,analysis=spatial_spd|dataset_id=2373|region=North America|climatezone=Cold_Without_dry_season_Warm_Summer,climate,0.4624,0.03899999999999998,0.5014,92.17,TRUE,0.544,TRUE,TRUE,TRUE,TRUE,TRUE,FALSE,FALSE,TRUE,NA,0.9216911764705881
spatial_spd,518,North America,Cold_Without_dry_season_Warm_Summer,analysis=spatial_spd|dataset_id=518|region=North America|climatezone=Cold_Without_dry_season_Warm_Summer,human,0.2464,-0.0456,0.2008,110.33,TRUE,0.182,TRUE,TRUE,TRUE,TRUE,TRUE,FALSE,TRUE,TRUE,NA,1.1032967032967034
spatial_spd,518,North America,Cold_Without_dry_season_Warm_Summer,analysis=spatial_spd|dataset_id=518|region=North America|climatezone=Cold_Without_dry_season_Warm_Summer,climate,0.0269,-0.0456,-0.0187,-10.27,TRUE,0.182,TRUE,TRUE,TRUE,TRUE,TRUE,FALSE,TRUE,TRUE,NA,-0.10274725274725276
spatial_spd,1445,North America,Cold_Without_dry_season_Cold_Summer,analysis=spatial_spd|dataset_id=1445|region=North America|climatezone=Cold_Without_dry_season_Cold_Summer,human,0.0333,0.0822,0.1155,74.52,TRUE,0.155,TRUE,TRUE,TRUE,TRUE,TRUE,TRUE,FALSE,TRUE,NA,0.7451612903225807
spatial_spd,1445,North America,Cold_Without_dry_season_Cold_Summer,analysis=spatial_spd|dataset_id=1445|region=North America|climatezone=Cold_Without_dry_season_Cold_Summer,climate,-0.0428,0.0822,0.0394,25.42,TRUE,0.155,TRUE,TRUE,TRUE,TRUE,TRUE,TRUE,FALSE,TRUE,NA,0.25419354838709673
spatial_spd,1835,North America,Polar,analysis=spatial_spd|dataset_id=1835|region=North America|climatezone=Polar,human,0.0939,-0.01759999999999999,0.0763,12.89,TRUE,0.592,TRUE,TRUE,TRUE,TRUE,TRUE,FALSE,FALSE,TRUE,NA,0.12888513513513516
spatial_spd,1835,North America,Polar,analysis=spatial_spd|dataset_id=1835|region=North America|climatezone=Polar,climate,0.5336,-0.01759999999999995,0.516,87.16,TRUE,0.592,TRUE,TRUE,TRUE,TRUE,TRUE,FALSE,FALSE,TRUE,NA,0.8716216216216217
spatial_spd,15325,North America,Cold_Without_dry_season_Warm_Summer,analysis=spatial_spd|dataset_id=15325|region=North America|climatezone=Cold_Without_dry_season_Warm_Summer,human,-0.0542,0.048,-0.0062,-6.14,TRUE,0.101,TRUE,TRUE,TRUE,TRUE,TRUE,TRUE,TRUE,TRUE,NA,-0.06138613861386138
spatial_spd,15325,North America,Cold_Without_dry_season_Warm_Summer,analysis=spatial_spd|dataset_id=15325|region=North America|climatezone=Cold_Without_dry_season_Warm_Summer,climate,0.0592,0.048,0.1072,106.14,TRUE,0.101,TRUE,TRUE,TRUE,TRUE,TRUE,TRUE,TRUE,TRUE,NA,1.0613861386138614
spatial_spd,1823,North America,Polar,analysis=spatial_spd|dataset_id=1823|region=North America|climatezone=Polar,human,0.0193,-0.014500000000000002,0.0048,1.95,TRUE,0.246,TRUE,TRUE,TRUE,TRUE,TRUE,FALSE,FALSE,TRUE,NA,0.01951219512195122
spatial_spd,1823,North America,Polar,analysis=spatial_spd|dataset_id=1823|region=North America|climatezone=Polar,climate,0.2562,-0.014499999999999985,0.2417,98.25,TRUE,0.246,TRUE,TRUE,TRUE,TRUE,TRUE,FALSE,FALSE,TRUE,NA,0.982520325203252
spatial_spd,966,North America,Cold_Dry_Summer,analysis=spatial_spd|dataset_id=966|region=North America|climatezone=Cold_Dry_Summer,human,0.2383,-0.0019000000000000128,0.2364,61.4,TRUE,0.385,TRUE,TRUE,TRUE,TRUE,TRUE,FALSE,FALSE,TRUE,NA,0.614025974025974
spatial_spd,966,North America,Cold_Dry_Summer,analysis=spatial_spd|dataset_id=966|region=North America|climatezone=Cold_Dry_Summer,climate,0.1503,-0.001899999999999985,0.1484,38.55,TRUE,0.385,TRUE,TRUE,TRUE,TRUE,TRUE,FALSE,FALSE,TRUE,NA,0.38545454545454544
spatial_spd,4378,Europe,Cold_Without_dry_season_Warm_Summer,analysis=spatial_spd|dataset_id=4378|region=Europe|climatezone=Cold_Without_dry_season_Warm_Summer,human,-0.0498,0.004199999999999995,-0.0456,-14.48,TRUE,0.315,TRUE,TRUE,TRUE,TRUE,TRUE,TRUE,TRUE,TRUE,NA,-0.14476190476190476
spatial_spd,4378,Europe,Cold_Without_dry_season_Warm_Summer,analysis=spatial_spd|dataset_id=4378|region=Europe|climatezone=Cold_Without_dry_season_Warm_Summer,climate,0.3566,0.004100000000000048,0.3607,114.51,TRUE,0.315,TRUE,TRUE,TRUE,TRUE,TRUE,TRUE,TRUE,TRUE,NA,1.1450793650793651
spatial_spd,40567,Europe,Cold_Without_dry_season_Warm_Summer,analysis=spatial_spd|dataset_id=40567|region=Europe|climatezone=Cold_Without_dry_season_Warm_Summer,human,0.1185,-0.023799999999999988,0.0947,91.94,TRUE,0.103,TRUE,TRUE,TRUE,TRUE,TRUE,FALSE,FALSE,TRUE,NA,0.9194174757281555
spatial_spd,40567,Europe,Cold_Without_dry_season_Warm_Summer,analysis=spatial_spd|dataset_id=40567|region=Europe|climatezone=Cold_Without_dry_season_Warm_Summer,climate,0.0325,-0.0239,0.0086,8.35,TRUE,0.103,TRUE,TRUE,TRUE,TRUE,TRUE,FALSE,FALSE,TRUE,NA,0.08349514563106797
spatial_spd,532,North America,Cold_Without_dry_season_Warm_Summer,analysis=spatial_spd|dataset_id=532|region=North America|climatezone=Cold_Without_dry_season_Warm_Summer,human,0.1827,0.10269999999999999,0.2854,42.09,TRUE,0.678,TRUE,TRUE,TRUE,TRUE,TRUE,FALSE,FALSE,TRUE,NA,0.42094395280235986
spatial_spd,532,North America,Cold_Without_dry_season_Warm_Summer,analysis=spatial_spd|dataset_id=532|region=North America|climatezone=Cold_Without_dry_season_Warm_Summer,climate,0.2894,0.1028,0.3922,57.85,TRUE,0.678,TRUE,TRUE,TRUE,TRUE,TRUE,FALSE,FALSE,TRUE,NA,0.5784660766961651
spatial_spd,44941,Europe,Cold_Without_dry_season_Cold_Summer,analysis=spatial_spd|dataset_id=44941|region=Europe|climatezone=Cold_Without_dry_season_Cold_Summer,human,0.1012,-0.03459999999999999,0.0666,20.24,TRUE,0.329,TRUE,TRUE,TRUE,TRUE,TRUE,FALSE,FALSE,TRUE,NA,0.20243161094224926
spatial_spd,44941,Europe,Cold_Without_dry_season_Cold_Summer,analysis=spatial_spd|dataset_id=44941|region=Europe|climatezone=Cold_Without_dry_season_Cold_Summer,climate,0.2965,-0.034499999999999975,0.262,79.64,TRUE,0.329,TRUE,TRUE,TRUE,TRUE,TRUE,FALSE,FALSE,TRUE,NA,0.7963525835866261
spatial_spd,48738,Europe,Cold_Without_dry_season_Warm_Summer,analysis=spatial_spd|dataset_id=48738|region=Europe|climatezone=Cold_Without_dry_season_Warm_Summer,human,0.0076,0.0056,0.0132,2.25,TRUE,0.586,TRUE,TRUE,TRUE,TRUE,TRUE,FALSE,FALSE,TRUE,NA,0.022525597269624574
spatial_spd,48738,Europe,Cold_Without_dry_season_Warm_Summer,analysis=spatial_spd|dataset_id=48738|region=Europe|climatezone=Cold_Without_dry_season_Warm_Summer,climate,0.5671,0.005599999999999938,0.5727,97.73,TRUE,0.586,TRUE,TRUE,TRUE,TRUE,TRUE,FALSE,FALSE,TRUE,NA,0.9773037542662116
spatial_spd,4168,Europe,Cold_Without_dry_season_Cold_Summer,analysis=spatial_spd|dataset_id=4168|region=Europe|climatezone=Cold_Without_dry_season_Cold_Summer,human,0.0615,0.0092,0.0707,37.61,TRUE,0.188,TRUE,TRUE,TRUE,TRUE,TRUE,FALSE,FALSE,TRUE,NA,0.376063829787234
spatial_spd,4168,Europe,Cold_Without_dry_season_Cold_Summer,analysis=spatial_spd|dataset_id=4168|region=Europe|climatezone=Cold_Without_dry_season_Cold_Summer,climate,0.1085,0.009300000000000003,0.1178,62.66,TRUE,0.188,TRUE,TRUE,TRUE,TRUE,TRUE,FALSE,FALSE,TRUE,NA,0.6265957446808511
spatial_spd,15713,North America,Cold_Without_dry_season_Cold_Summer,analysis=spatial_spd|dataset_id=15713|region=North America|climatezone=Cold_Without_dry_season_Cold_Summer,human,0.296,-0.018399999999999972,0.2776,215.19,TRUE,0.129,TRUE,TRUE,TRUE,TRUE,TRUE,TRUE,TRUE,TRUE,NA,2.151937984496124
spatial_spd,15713,North America,Cold_Without_dry_season_Cold_Summer,analysis=spatial_spd|dataset_id=15713|region=North America|climatezone=Cold_Without_dry_season_Cold_Summer,climate,-0.1302,-0.0184,-0.1486,-115.19,TRUE,0.129,TRUE,TRUE,TRUE,TRUE,TRUE,TRUE,TRUE,TRUE,NA,-1.1519379844961242
spatial_spd,22650,Europe,Cold_Without_dry_season_Cold_Summer,analysis=spatial_spd|dataset_id=22650|region=Europe|climatezone=Cold_Without_dry_season_Cold_Summer,human,-0.0276,0.0282,6e-4,0.31,TRUE,0.195,TRUE,TRUE,TRUE,TRUE,TRUE,TRUE,FALSE,TRUE,NA,0.0030769230769230765
spatial_spd,22650,Europe,Cold_Without_dry_season_Cold_Summer,analysis=spatial_spd|dataset_id=22650|region=Europe|climatezone=Cold_Without_dry_season_Cold_Summer,climate,0.1667,0.028100000000000014,0.1948,99.9,TRUE,0.195,TRUE,TRUE,TRUE,TRUE,TRUE,TRUE,FALSE,TRUE,NA,0.9989743589743589
spatial_spd,26439,Europe,Cold_Without_dry_season_Warm_Summer,analysis=spatial_spd|dataset_id=26439|region=Europe|climatezone=Cold_Without_dry_season_Warm_Summer,human,-0.0554,0.026899999999999997,-0.0285,-29.08,TRUE,0.098,TRUE,TRUE,TRUE,TRUE,TRUE,TRUE,TRUE,TRUE,NA,-0.29081632653061223
spatial_spd,26439,Europe,Cold_Without_dry_season_Warm_Summer,analysis=spatial_spd|dataset_id=26439|region=Europe|climatezone=Cold_Without_dry_season_Warm_Summer,climate,0.0998,0.026900000000000007,0.1267,129.29,TRUE,0.098,TRUE,TRUE,TRUE,TRUE,TRUE,TRUE,TRUE,TRUE,NA,1.292857142857143
spatial_spd,4497,Europe,Cold_Without_dry_season_Warm_Summer,analysis=spatial_spd|dataset_id=4497|region=Europe|climatezone=Cold_Without_dry_season_Warm_Summer,human,0.0079,0.0125,0.0204,4.19,TRUE,0.487,TRUE,TRUE,TRUE,TRUE,TRUE,FALSE,FALSE,TRUE,NA,0.041889117043121156
spatial_spd,4497,Europe,Cold_Without_dry_season_Warm_Summer,analysis=spatial_spd|dataset_id=4497|region=Europe|climatezone=Cold_Without_dry_season_Warm_Summer,climate,0.4542,0.012500000000000011,0.4667,95.83,TRUE,0.487,TRUE,TRUE,TRUE,TRUE,TRUE,FALSE,FALSE,TRUE,NA,0.9583162217659138
spatial_spd,2634,North America,Arid,analysis=spatial_spd|dataset_id=2634|region=North America|climatezone=Arid,human,0.04,-0.041,-0.001,-0.29,TRUE,0.344,TRUE,TRUE,TRUE,TRUE,TRUE,FALSE,TRUE,TRUE,NA,-0.002906976744186047
spatial_spd,2634,North America,Arid,analysis=spatial_spd|dataset_id=2634|region=North America|climatezone=Arid,climate,0.3864,-0.041000000000000036,0.3454,100.41,TRUE,0.344,TRUE,TRUE,TRUE,TRUE,TRUE,FALSE,TRUE,TRUE,NA,1.0040697674418606
spatial_spd,2332,North America,Cold_Without_dry_season_Warm_Summer,analysis=spatial_spd|dataset_id=2332|region=North America|climatezone=Cold_Without_dry_season_Warm_Summer,human,0.1565,-0.041800000000000004,0.1147,35.73,TRUE,0.321,TRUE,TRUE,TRUE,TRUE,TRUE,FALSE,FALSE,TRUE,NA,0.3573208722741433
spatial_spd,2332,North America,Cold_Without_dry_season_Warm_Summer,analysis=spatial_spd|dataset_id=2332|region=North America|climatezone=Cold_Without_dry_season_Warm_Summer,climate,0.2485,-0.04189999999999999,0.2066,64.36,TRUE,0.321,TRUE,TRUE,TRUE,TRUE,TRUE,FALSE,FALSE,TRUE,NA,0.643613707165109
spatial_spd,1776,North America,Temperate_Without_dry_season,analysis=spatial_spd|dataset_id=1776|region=North America|climatezone=Temperate_Without_dry_season,human,0.0075,0.0394,0.0469,17.18,TRUE,0.273,TRUE,TRUE,TRUE,TRUE,TRUE,FALSE,FALSE,TRUE,NA,0.17179487179487177
spatial_spd,1776,North America,Temperate_Without_dry_season,analysis=spatial_spd|dataset_id=1776|region=North America|climatezone=Temperate_Without_dry_season,climate,0.1864,0.03939999999999999,0.2258,82.71,TRUE,0.273,TRUE,TRUE,TRUE,TRUE,TRUE,FALSE,FALSE,TRUE,NA,0.827106227106227
spatial_spd,4092,Europe,Cold_Without_dry_season_Cold_Summer,analysis=spatial_spd|dataset_id=4092|region=Europe|climatezone=Cold_Without_dry_season_Cold_Summer,human,0.0513,0.1431,0.1944,33.52,TRUE,0.58,TRUE,TRUE,TRUE,TRUE,TRUE,FALSE,FALSE,TRUE,NA,0.3351724137931035
spatial_spd,4092,Europe,Cold_Without_dry_season_Cold_Summer,analysis=spatial_spd|dataset_id=4092|region=Europe|climatezone=Cold_Without_dry_season_Cold_Summer,climate,0.2422,0.14309999999999998,0.3853,66.43,TRUE,0.58,TRUE,TRUE,TRUE,TRUE,TRUE,FALSE,FALSE,TRUE,NA,0.6643103448275862
spatial_spd,18110,North America,Cold_Without_dry_season_Warm_Summer,analysis=spatial_spd|dataset_id=18110|region=North America|climatezone=Cold_Without_dry_season_Warm_Summer,human,0.1755,0.1392,0.3147,56.81,TRUE,0.554,TRUE,TRUE,TRUE,TRUE,TRUE,FALSE,FALSE,TRUE,NA,0.5680505415162455
spatial_spd,18110,North America,Cold_Without_dry_season_Warm_Summer,analysis=spatial_spd|dataset_id=18110|region=North America|climatezone=Cold_Without_dry_season_Warm_Summer,climate,0.1003,0.1392,0.2395,43.23,TRUE,0.554,TRUE,TRUE,TRUE,TRUE,TRUE,FALSE,FALSE,TRUE,NA,0.43231046931407935
spatial_spd,3839,North America,Cold_Without_dry_season_Warm_Summer,analysis=spatial_spd|dataset_id=3839|region=North America|climatezone=Cold_Without_dry_season_Warm_Summer,human,0.1319,0.1036,0.2355,70.93,TRUE,0.332,TRUE,TRUE,TRUE,TRUE,TRUE,TRUE,FALSE,TRUE,NA,0.7093373493975903
spatial_spd,3839,North America,Cold_Without_dry_season_Warm_Summer,analysis=spatial_spd|dataset_id=3839|region=North America|climatezone=Cold_Without_dry_season_Warm_Summer,climate,-0.0071,0.1037,0.0966,29.1,TRUE,0.332,TRUE,TRUE,TRUE,TRUE,TRUE,TRUE,FALSE,TRUE,NA,0.29096385542168673
spatial_spd,2048,North America,Cold_Without_dry_season_Warm_Summer,analysis=spatial_spd|dataset_id=2048|region=North America|climatezone=Cold_Without_dry_season_Warm_Summer,human,0.1468,-6.000000000000172e-4,0.1462,28.84,TRUE,0.507,TRUE,TRUE,TRUE,TRUE,TRUE,FALSE,FALSE,TRUE,NA,0.2883629191321499
spatial_spd,2048,North America,Cold_Without_dry_season_Warm_Summer,analysis=spatial_spd|dataset_id=2048|region=North America|climatezone=Cold_Without_dry_season_Warm_Summer,climate,0.3613,-5.999999999999894e-4,0.3607,71.14,TRUE,0.507,TRUE,TRUE,TRUE,TRUE,TRUE,FALSE,FALSE,TRUE,NA,0.711439842209073
spatial_spd,302,North America,Cold_Without_dry_season_Cold_Summer,analysis=spatial_spd|dataset_id=302|region=North America|climatezone=Cold_Without_dry_season_Cold_Summer,human,-0.0754,0.05829999999999999,-0.0171,-106.88,TRUE,0.016,TRUE,TRUE,TRUE,TRUE,TRUE,TRUE,TRUE,TRUE,NA,-1.06875
spatial_spd,302,North America,Cold_Without_dry_season_Cold_Summer,analysis=spatial_spd|dataset_id=302|region=North America|climatezone=Cold_Without_dry_season_Cold_Summer,climate,-0.0255,0.058300000000000005,0.0328,205,TRUE,0.016,TRUE,TRUE,TRUE,TRUE,TRUE,TRUE,TRUE,TRUE,NA,2.0500000000000003
spatial_spd,15103,Latin America,Temperate_Dry_Summer,analysis=spatial_spd|dataset_id=15103|region=Latin America|climatezone=Temperate_Dry_Summer,human,-0.0151,-0.0084,-0.0235,-5.13,TRUE,0.458,TRUE,TRUE,TRUE,TRUE,TRUE,TRUE,TRUE,TRUE,NA,-0.051310043668122265
spatial_spd,15103,Latin America,Temperate_Dry_Summer,analysis=spatial_spd|dataset_id=15103|region=Latin America|climatezone=Temperate_Dry_Summer,climate,0.49,-0.008500000000000008,0.4815,105.13,TRUE,0.458,TRUE,TRUE,TRUE,TRUE,TRUE,TRUE,TRUE,TRUE,NA,1.0513100436681222
spatial_spd,1391,North America,Cold_Without_dry_season_Warm_Summer,analysis=spatial_spd|dataset_id=1391|region=North America|climatezone=Cold_Without_dry_season_Warm_Summer,human,0.1983,-0.0524,0.1459,34.49,TRUE,0.423,TRUE,TRUE,TRUE,TRUE,TRUE,FALSE,FALSE,TRUE,NA,0.34491725768321513
spatial_spd,1391,North America,Cold_Without_dry_season_Warm_Summer,analysis=spatial_spd|dataset_id=1391|region=North America|climatezone=Cold_Without_dry_season_Warm_Summer,climate,0.3298,-0.05249999999999999,0.2773,65.56,TRUE,0.423,TRUE,TRUE,TRUE,TRUE,TRUE,FALSE,FALSE,TRUE,NA,0.6555555555555556
spatial_spd,208,North America,Polar,analysis=spatial_spd|dataset_id=208|region=North America|climatezone=Polar,human,-0.0291,0.0373,0.0082,1.89,TRUE,0.434,TRUE,TRUE,TRUE,TRUE,TRUE,TRUE,FALSE,TRUE,NA,0.018894009216589864
spatial_spd,208,North America,Polar,analysis=spatial_spd|dataset_id=208|region=North America|climatezone=Polar,climate,0.3882,0.0373,0.4255,98.04,TRUE,0.434,TRUE,TRUE,TRUE,TRUE,TRUE,TRUE,FALSE,TRUE,NA,0.9804147465437788
spatial_spd,24053,Europe,Cold_Without_dry_season_Cold_Summer,analysis=spatial_spd|dataset_id=24053|region=Europe|climatezone=Cold_Without_dry_season_Cold_Summer,human,-0.0307,0.0709,0.0402,16.08,TRUE,0.25,TRUE,TRUE,TRUE,TRUE,TRUE,TRUE,FALSE,TRUE,NA,0.1608
spatial_spd,24053,Europe,Cold_Without_dry_season_Cold_Summer,analysis=spatial_spd|dataset_id=24053|region=Europe|climatezone=Cold_Without_dry_season_Cold_Summer,climate,0.1383,0.07100000000000001,0.2093,83.72,TRUE,0.25,TRUE,TRUE,TRUE,TRUE,TRUE,TRUE,FALSE,TRUE,NA,0.8372
spatial_spd,1862,North America,Cold_Without_dry_season_Warm_Summer,analysis=spatial_spd|dataset_id=1862|region=North America|climatezone=Cold_Without_dry_season_Warm_Summer,human,-0.0358,0.1878,0.152,27.05,TRUE,0.562,TRUE,TRUE,TRUE,TRUE,TRUE,TRUE,FALSE,TRUE,NA,0.27046263345195726
spatial_spd,1862,North America,Cold_Without_dry_season_Warm_Summer,analysis=spatial_spd|dataset_id=1862|region=North America|climatezone=Cold_Without_dry_season_Warm_Summer,climate,0.2221,0.1878,0.4099,72.94,TRUE,0.562,TRUE,TRUE,TRUE,TRUE,TRUE,TRUE,FALSE,TRUE,NA,0.7293594306049821
spatial_spd,15244,North America,Cold_Without_dry_season_Hot_Summer,analysis=spatial_spd|dataset_id=15244|region=North America|climatezone=Cold_Without_dry_season_Hot_Summer,human,0.0453,0.06459999999999999,0.1099,29.39,TRUE,0.374,TRUE,TRUE,TRUE,TRUE,TRUE,FALSE,FALSE,TRUE,NA,0.2938502673796791
spatial_spd,15244,North America,Cold_Without_dry_season_Hot_Summer,analysis=spatial_spd|dataset_id=15244|region=North America|climatezone=Cold_Without_dry_season_Hot_Summer,climate,0.1995,0.06469999999999998,0.2642,70.64,TRUE,0.374,TRUE,TRUE,TRUE,TRUE,TRUE,FALSE,FALSE,TRUE,NA,0.7064171122994652
spatial_spd,2297,North America,Polar,analysis=spatial_spd|dataset_id=2297|region=North America|climatezone=Polar,human,0.0137,0.0085,0.0222,4.55,TRUE,0.488,TRUE,TRUE,TRUE,TRUE,TRUE,FALSE,FALSE,TRUE,NA,0.04549180327868853
spatial_spd,2297,North America,Polar,analysis=spatial_spd|dataset_id=2297|region=North America|climatezone=Polar,climate,0.4575,0.008500000000000008,0.466,95.49,TRUE,0.488,TRUE,TRUE,TRUE,TRUE,TRUE,FALSE,FALSE,TRUE,NA,0.9549180327868854
spatial_spd,1883,North America,Cold_Without_dry_season_Warm_Summer,analysis=spatial_spd|dataset_id=1883|region=North America|climatezone=Cold_Without_dry_season_Warm_Summer,human,-0.0054,0.024100000000000003,0.0187,2.76,TRUE,0.677,TRUE,TRUE,TRUE,TRUE,TRUE,TRUE,FALSE,TRUE,NA,0.027621861152141804
spatial_spd,1883,North America,Cold_Without_dry_season_Warm_Summer,analysis=spatial_spd|dataset_id=1883|region=North America|climatezone=Cold_Without_dry_season_Warm_Summer,climate,0.6341,0.02410000000000001,0.6582,97.22,TRUE,0.677,TRUE,TRUE,TRUE,TRUE,TRUE,TRUE,FALSE,TRUE,NA,0.9722304283604135
spatial_spd,3149,North America,Cold_Without_dry_season_Cold_Summer,analysis=spatial_spd|dataset_id=3149|region=North America|climatezone=Cold_Without_dry_season_Cold_Summer,human,0.1169,0.0363,0.1532,34.35,TRUE,0.446,TRUE,TRUE,TRUE,TRUE,TRUE,FALSE,FALSE,TRUE,NA,0.3434977578475336
spatial_spd,3149,North America,Cold_Without_dry_season_Cold_Summer,analysis=spatial_spd|dataset_id=3149|region=North America|climatezone=Cold_Without_dry_season_Cold_Summer,climate,0.2567,0.0363,0.293,65.7,TRUE,0.446,TRUE,TRUE,TRUE,TRUE,TRUE,FALSE,FALSE,TRUE,NA,0.6569506726457398
spatial_spd,701,North America,Cold_Without_dry_season_Cold_Summer,analysis=spatial_spd|dataset_id=701|region=North America|climatezone=Cold_Without_dry_season_Cold_Summer,human,0.2245,-0.039599999999999996,0.1849,42.41,TRUE,0.436,TRUE,TRUE,TRUE,TRUE,TRUE,FALSE,FALSE,TRUE,NA,0.42408256880733947
spatial_spd,701,North America,Cold_Without_dry_season_Cold_Summer,analysis=spatial_spd|dataset_id=701|region=North America|climatezone=Cold_Without_dry_season_Cold_Summer,climate,0.2911,-0.039600000000000024,0.2515,57.68,TRUE,0.436,TRUE,TRUE,TRUE,TRUE,TRUE,FALSE,FALSE,TRUE,NA,0.5768348623853211
spatial_spd,20223,Europe,Cold_Without_dry_season_Warm_Summer,analysis=spatial_spd|dataset_id=20223|region=Europe|climatezone=Cold_Without_dry_season_Warm_Summer,human,0.0049,-0.0211,-0.0162,-9.53,TRUE,0.17,TRUE,TRUE,TRUE,TRUE,TRUE,FALSE,TRUE,TRUE,NA,-0.095294117647058807
spatial_spd,20223,Europe,Cold_Without_dry_season_Warm_Summer,analysis=spatial_spd|dataset_id=20223|region=Europe|climatezone=Cold_Without_dry_season_Warm_Summer,climate,0.2077,-0.021100000000000008,0.1866,109.76,TRUE,0.17,TRUE,TRUE,TRUE,TRUE,TRUE,FALSE,TRUE,TRUE,NA,1.0976470588235292
spatial_spd,42649,Europe,Temperate_Without_dry_season,analysis=spatial_spd|dataset_id=42649|region=Europe|climatezone=Temperate_Without_dry_season,human,0.1494,-0.0446,0.1048,18.04,TRUE,0.581,TRUE,TRUE,TRUE,TRUE,TRUE,FALSE,FALSE,TRUE,NA,0.18037865748709125
spatial_spd,42649,Europe,Temperate_Without_dry_season,analysis=spatial_spd|dataset_id=42649|region=Europe|climatezone=Temperate_Without_dry_season,climate,0.5203,-0.044499999999999984,0.4758,81.89,TRUE,0.581,TRUE,TRUE,TRUE,TRUE,TRUE,FALSE,FALSE,TRUE,NA,0.8189328743545612
spatial_spd,2324,North America,Cold_Without_dry_season_Cold_Summer,analysis=spatial_spd|dataset_id=2324|region=North America|climatezone=Cold_Without_dry_season_Cold_Summer,human,-0.0122,0.2055,0.1933,26.09,TRUE,0.741,TRUE,TRUE,TRUE,TRUE,TRUE,TRUE,FALSE,TRUE,NA,0.260863697705803
spatial_spd,2324,North America,Cold_Without_dry_season_Cold_Summer,analysis=spatial_spd|dataset_id=2324|region=North America|climatezone=Cold_Without_dry_season_Cold_Summer,climate,0.3422,0.20539999999999997,0.5476,73.9,TRUE,0.741,TRUE,TRUE,TRUE,TRUE,TRUE,TRUE,FALSE,TRUE,NA,0.7390013495276653
spatial_spd,1698,North America,Cold_Without_dry_season_Warm_Summer,analysis=spatial_spd|dataset_id=1698|region=North America|climatezone=Cold_Without_dry_season_Warm_Summer,human,0.098,0.04849999999999999,0.1465,65.4,TRUE,0.224,TRUE,TRUE,TRUE,TRUE,TRUE,FALSE,FALSE,TRUE,NA,0.6540178571428571
spatial_spd,1698,North America,Cold_Without_dry_season_Warm_Summer,analysis=spatial_spd|dataset_id=1698|region=North America|climatezone=Cold_Without_dry_season_Warm_Summer,climate,0.0287,0.0485,0.0772,34.46,TRUE,0.224,TRUE,TRUE,TRUE,TRUE,TRUE,FALSE,FALSE,TRUE,NA,0.34464285714285714
spatial_spd,15081,North America,Temperate_Without_dry_season,analysis=spatial_spd|dataset_id=15081|region=North America|climatezone=Temperate_Without_dry_season,human,0.3154,0.09179999999999999,0.4072,56.24,TRUE,0.724,TRUE,TRUE,TRUE,TRUE,TRUE,FALSE,FALSE,TRUE,NA,0.5624309392265193
spatial_spd,15081,North America,Temperate_Without_dry_season,analysis=spatial_spd|dataset_id=15081|region=North America|climatezone=Temperate_Without_dry_season,climate,0.2247,0.09179999999999999,0.3165,43.72,TRUE,0.724,TRUE,TRUE,TRUE,TRUE,TRUE,FALSE,FALSE,TRUE,NA,0.4371546961325967
spatial_spd,16217,Europe,Temperate_Without_dry_season,analysis=spatial_spd|dataset_id=16217|region=Europe|climatezone=Temperate_Without_dry_season,human,0.1048,0.088,0.1928,50.87,TRUE,0.379,TRUE,TRUE,TRUE,TRUE,TRUE,FALSE,FALSE,TRUE,NA,0.5087071240105541
spatial_spd,16217,Europe,Temperate_Without_dry_season,analysis=spatial_spd|dataset_id=16217|region=Europe|climatezone=Temperate_Without_dry_season,climate,0.0983,0.08810000000000001,0.1864,49.18,TRUE,0.379,TRUE,TRUE,TRUE,TRUE,TRUE,FALSE,FALSE,TRUE,NA,0.49182058047493404
spatial_spd,41016,North America,Cold_Without_dry_season_Hot_Summer,analysis=spatial_spd|dataset_id=41016|region=North America|climatezone=Cold_Without_dry_season_Hot_Summer,human,0.1262,-0.0013000000000000095,0.1249,17.77,TRUE,0.703,TRUE,TRUE,TRUE,TRUE,TRUE,FALSE,FALSE,TRUE,NA,0.17766714082503557
spatial_spd,41016,North America,Cold_Without_dry_season_Hot_Summer,analysis=spatial_spd|dataset_id=41016|region=North America|climatezone=Cold_Without_dry_season_Hot_Summer,climate,0.5791,-0.0013999999999999568,0.5777,82.18,TRUE,0.703,TRUE,TRUE,TRUE,TRUE,TRUE,FALSE,FALSE,TRUE,NA,0.8217638691322903
spatial_spd,21772,North America,Temperate_Without_dry_season,analysis=spatial_spd|dataset_id=21772|region=North America|climatezone=Temperate_Without_dry_season,human,0.2069,-0.03970000000000001,0.1672,95.54,TRUE,0.175,TRUE,TRUE,TRUE,TRUE,TRUE,FALSE,FALSE,TRUE,NA,0.9554285714285714
spatial_spd,21772,North America,Temperate_Without_dry_season,analysis=spatial_spd|dataset_id=21772|region=North America|climatezone=Temperate_Without_dry_season,climate,0.0474,-0.039599999999999996,0.0078,4.46,TRUE,0.175,TRUE,TRUE,TRUE,TRUE,TRUE,FALSE,FALSE,TRUE,NA,0.044571428571428574
spatial_spd,45731,Europe,Cold_Dry_Summer,analysis=spatial_spd|dataset_id=45731|region=Europe|climatezone=Cold_Dry_Summer,human,0.1728,0.1003,0.2731,74.41,TRUE,0.367,TRUE,TRUE,TRUE,TRUE,TRUE,TRUE,FALSE,TRUE,NA,0.744141689373297
spatial_spd,45731,Europe,Cold_Dry_Summer,analysis=spatial_spd|dataset_id=45731|region=Europe|climatezone=Cold_Dry_Summer,climate,-0.0067,0.1003,0.0936,25.5,TRUE,0.367,TRUE,TRUE,TRUE,TRUE,TRUE,TRUE,FALSE,TRUE,NA,0.2550408719346049
spatial_spd,41448,Europe,Cold_Without_dry_season_Cold_Summer,analysis=spatial_spd|dataset_id=41448|region=Europe|climatezone=Cold_Without_dry_season_Cold_Summer,human,-0.0187,0.0694,0.0507,23.15,TRUE,0.219,TRUE,TRUE,TRUE,TRUE,TRUE,TRUE,FALSE,TRUE,NA,0.2315068493150685
spatial_spd,41448,Europe,Cold_Without_dry_season_Cold_Summer,analysis=spatial_spd|dataset_id=41448|region=Europe|climatezone=Cold_Without_dry_season_Cold_Summer,climate,0.0987,0.06930000000000001,0.168,76.71,TRUE,0.219,TRUE,TRUE,TRUE,TRUE,TRUE,TRUE,FALSE,TRUE,NA,0.767123287671233
spatial_spd,1571,North America,Cold_Without_dry_season_Warm_Summer,analysis=spatial_spd|dataset_id=1571|region=North America|climatezone=Cold_Without_dry_season_Warm_Summer,human,0.0097,0.0552,0.0649,34.89,TRUE,0.186,TRUE,TRUE,TRUE,TRUE,TRUE,FALSE,FALSE,TRUE,NA,0.3489247311827957
spatial_spd,1571,North America,Cold_Without_dry_season_Warm_Summer,analysis=spatial_spd|dataset_id=1571|region=North America|climatezone=Cold_Without_dry_season_Warm_Summer,climate,0.0658,0.0552,0.121,65.05,TRUE,0.186,TRUE,TRUE,TRUE,TRUE,TRUE,FALSE,FALSE,TRUE,NA,0.6505376344086021
spatial_spd,24861,Europe,Temperate_Without_dry_season,analysis=spatial_spd|dataset_id=24861|region=Europe|climatezone=Temperate_Without_dry_season,human,0.0111,-0.014700000000000001,-0.0036,-0.77,TRUE,0.467,TRUE,TRUE,TRUE,TRUE,TRUE,FALSE,TRUE,TRUE,NA,-0.007708779443254817
spatial_spd,24861,Europe,Temperate_Without_dry_season,analysis=spatial_spd|dataset_id=24861|region=Europe|climatezone=Temperate_Without_dry_season,climate,0.485,-0.01479999999999998,0.4702,100.69,TRUE,0.467,TRUE,TRUE,TRUE,TRUE,TRUE,FALSE,TRUE,TRUE,NA,1.0068522483940043
spatial_spd,21895,Latin America,Tropical,analysis=spatial_spd|dataset_id=21895|region=Latin America|climatezone=Tropical,human,-0.0106,0.0155,0.0049,2.1,TRUE,0.233,TRUE,TRUE,TRUE,TRUE,TRUE,TRUE,FALSE,TRUE,NA,0.021030042918454932
spatial_spd,21895,Latin America,Tropical,analysis=spatial_spd|dataset_id=21895|region=Latin America|climatezone=Tropical,climate,0.2128,0.015500000000000014,0.2283,97.98,TRUE,0.233,TRUE,TRUE,TRUE,TRUE,TRUE,TRUE,FALSE,TRUE,NA,0.9798283261802575
spatial_spd,22656,Europe,Cold_Without_dry_season_Warm_Summer,analysis=spatial_spd|dataset_id=22656|region=Europe|climatezone=Cold_Without_dry_season_Warm_Summer,human,0.0208,0.022199999999999998,0.043,10.46,TRUE,0.411,TRUE,TRUE,TRUE,TRUE,TRUE,FALSE,FALSE,TRUE,NA,0.10462287104622871
spatial_spd,22656,Europe,Cold_Without_dry_season_Warm_Summer,analysis=spatial_spd|dataset_id=22656|region=Europe|climatezone=Cold_Without_dry_season_Warm_Summer,climate,0.3462,0.022199999999999998,0.3684,89.64,TRUE,0.411,TRUE,TRUE,TRUE,TRUE,TRUE,FALSE,FALSE,TRUE,NA,0.8963503649635037
spatial_spd,2661,North America,Cold_Without_dry_season_Cold_Summer,analysis=spatial_spd|dataset_id=2661|region=North America|climatezone=Cold_Without_dry_season_Cold_Summer,human,-0.0721,0.007199999999999998,-0.0649,-23.95,TRUE,0.271,TRUE,TRUE,TRUE,TRUE,TRUE,TRUE,TRUE,TRUE,NA,-0.23948339483394832
spatial_spd,2661,North America,Cold_Without_dry_season_Cold_Summer,analysis=spatial_spd|dataset_id=2661|region=North America|climatezone=Cold_Without_dry_season_Cold_Summer,climate,0.3283,0.00720000000000004,0.3355,123.8,TRUE,0.271,TRUE,TRUE,TRUE,TRUE,TRUE,TRUE,TRUE,TRUE,NA,1.2380073800738007
spatial_spd,47604,Europe,Polar,analysis=spatial_spd|dataset_id=47604|region=Europe|climatezone=Polar,human,-0.023,0.0246,0.0016,0.38,TRUE,0.42,TRUE,TRUE,TRUE,TRUE,TRUE,TRUE,FALSE,TRUE,NA,0.00380952380952381
spatial_spd,47604,Europe,Polar,analysis=spatial_spd|dataset_id=47604|region=Europe|climatezone=Polar,climate,0.3941,0.02460000000000001,0.4187,99.69,TRUE,0.42,TRUE,TRUE,TRUE,TRUE,TRUE,TRUE,FALSE,TRUE,NA,0.996904761904762
spatial_spd,1617,North America,Cold_Without_dry_season_Cold_Summer,analysis=spatial_spd|dataset_id=1617|region=North America|climatezone=Cold_Without_dry_season_Cold_Summer,human,-0.0233,0.028200000000000003,0.0049,1.76,TRUE,0.278,TRUE,TRUE,TRUE,TRUE,TRUE,TRUE,FALSE,TRUE,NA,0.01762589928057554
spatial_spd,1617,North America,Cold_Without_dry_season_Cold_Summer,analysis=spatial_spd|dataset_id=1617|region=North America|climatezone=Cold_Without_dry_season_Cold_Summer,climate,0.245,0.028200000000000003,0.2732,98.27,TRUE,0.278,TRUE,TRUE,TRUE,TRUE,TRUE,TRUE,FALSE,TRUE,NA,0.9827338129496402
spatial_spd,48960,Europe,Temperate_Without_dry_season,analysis=spatial_spd|dataset_id=48960|region=Europe|climatezone=Temperate_Without_dry_season,human,0,0.0015,0.0015,0.59,TRUE,0.254,TRUE,TRUE,TRUE,TRUE,TRUE,FALSE,FALSE,TRUE,NA,0.005905511811023622
spatial_spd,48960,Europe,Temperate_Without_dry_season,analysis=spatial_spd|dataset_id=48960|region=Europe|climatezone=Temperate_Without_dry_season,climate,0.2511,0.0014000000000000123,0.2525,99.41,TRUE,0.254,TRUE,TRUE,TRUE,TRUE,TRUE,FALSE,FALSE,TRUE,NA,0.9940944881889764
spatial_spd,22944,Europe,Cold_Without_dry_season_Warm_Summer,analysis=spatial_spd|dataset_id=22944|region=Europe|climatezone=Cold_Without_dry_season_Warm_Summer,human,0.1441,-0.041800000000000004,0.1023,487.14,TRUE,0.021,TRUE,TRUE,TRUE,TRUE,TRUE,TRUE,TRUE,TRUE,NA,4.871428571428571
spatial_spd,22944,Europe,Cold_Without_dry_season_Warm_Summer,analysis=spatial_spd|dataset_id=22944|region=Europe|climatezone=Cold_Without_dry_season_Warm_Summer,climate,-0.0393,-0.041800000000000004,-0.0811,-386.19,TRUE,0.021,TRUE,TRUE,TRUE,TRUE,TRUE,TRUE,TRUE,TRUE,NA,-3.861904761904762
spatial_spd,346,North America,Cold_Without_dry_season_Warm_Summer,analysis=spatial_spd|dataset_id=346|region=North America|climatezone=Cold_Without_dry_season_Warm_Summer,human,0.1373,-0.005500000000000005,0.1318,30.51,TRUE,0.432,TRUE,TRUE,TRUE,TRUE,TRUE,FALSE,FALSE,TRUE,NA,0.3050925925925926
spatial_spd,346,North America,Cold_Without_dry_season_Warm_Summer,analysis=spatial_spd|dataset_id=346|region=North America|climatezone=Cold_Without_dry_season_Warm_Summer,climate,0.306,-0.005500000000000005,0.3005,69.56,TRUE,0.432,TRUE,TRUE,TRUE,TRUE,TRUE,FALSE,FALSE,TRUE,NA,0.6956018518518519
spatial_spd,15762,North America,Cold_Dry_Summer,analysis=spatial_spd|dataset_id=15762|region=North America|climatezone=Cold_Dry_Summer,human,0.0455,0.004200000000000002,0.0497,24.97,TRUE,0.199,TRUE,TRUE,TRUE,TRUE,TRUE,FALSE,FALSE,TRUE,NA,0.24974874371859296
spatial_spd,15762,North America,Cold_Dry_Summer,analysis=spatial_spd|dataset_id=15762|region=North America|climatezone=Cold_Dry_Summer,climate,0.1447,0.004299999999999998,0.149,74.87,TRUE,0.199,TRUE,TRUE,TRUE,TRUE,TRUE,FALSE,FALSE,TRUE,NA,0.7487437185929647
spatial_spd,2629,North America,Cold_Without_dry_season_Warm_Summer,analysis=spatial_spd|dataset_id=2629|region=North America|climatezone=Cold_Without_dry_season_Warm_Summer,human,-0.0286,0.0376,0.009,21.95,TRUE,0.041,TRUE,TRUE,TRUE,TRUE,TRUE,TRUE,FALSE,TRUE,NA,0.2195121951219512
spatial_spd,2629,North America,Cold_Without_dry_season_Warm_Summer,analysis=spatial_spd|dataset_id=2629|region=North America|climatezone=Cold_Without_dry_season_Warm_Summer,climate,-0.006,0.0376,0.0316,77.07,TRUE,0.041,TRUE,TRUE,TRUE,TRUE,TRUE,TRUE,FALSE,TRUE,NA,0.7707317073170732
spatial_spd,17419,North America,Cold_Without_dry_season_Cold_Summer,analysis=spatial_spd|dataset_id=17419|region=North America|climatezone=Cold_Without_dry_season_Cold_Summer,human,0.0688,-0.024800000000000003,0.044,23.28,TRUE,0.189,TRUE,TRUE,TRUE,TRUE,TRUE,FALSE,FALSE,TRUE,NA,0.2328042328042328
spatial_spd,17419,North America,Cold_Without_dry_season_Cold_Summer,analysis=spatial_spd|dataset_id=17419|region=North America|climatezone=Cold_Without_dry_season_Cold_Summer,climate,0.1697,-0.02479999999999999,0.1449,76.67,TRUE,0.189,TRUE,TRUE,TRUE,TRUE,TRUE,FALSE,FALSE,TRUE,NA,0.7666666666666667
spatial_spd,3043,Oceania,Temperate_Without_dry_season,analysis=spatial_spd|dataset_id=3043|region=Oceania|climatezone=Temperate_Without_dry_season,human,0.1159,-0.0903,0.0256,4.4,TRUE,0.582,TRUE,TRUE,TRUE,TRUE,TRUE,FALSE,FALSE,TRUE,NA,0.04398625429553265
spatial_spd,3043,Oceania,Temperate_Without_dry_season,analysis=spatial_spd|dataset_id=3043|region=Oceania|climatezone=Temperate_Without_dry_season,climate,0.6471,-0.09020000000000006,0.5569,95.69,TRUE,0.582,TRUE,TRUE,TRUE,TRUE,TRUE,FALSE,FALSE,TRUE,NA,0.9568728522336769
spatial_spd,3884,Europe,Temperate_Without_dry_season,analysis=spatial_spd|dataset_id=3884|region=Europe|climatezone=Temperate_Without_dry_season,human,-0.034,0.023400000000000004,-0.0106,-2.78,TRUE,0.381,TRUE,TRUE,TRUE,TRUE,TRUE,TRUE,TRUE,TRUE,NA,-0.027821522309711286
spatial_spd,3884,Europe,Temperate_Without_dry_season,analysis=spatial_spd|dataset_id=3884|region=Europe|climatezone=Temperate_Without_dry_season,climate,0.3677,0.023499999999999965,0.3912,102.68,TRUE,0.381,TRUE,TRUE,TRUE,TRUE,TRUE,TRUE,TRUE,TRUE,NA,1.0267716535433071
spatial_spd,45391,Europe,Cold_Without_dry_season_Warm_Summer,analysis=spatial_spd|dataset_id=45391|region=Europe|climatezone=Cold_Without_dry_season_Warm_Summer,human,0.0394,0.0196,0.059,17.4,TRUE,0.339,TRUE,TRUE,TRUE,TRUE,TRUE,FALSE,FALSE,TRUE,NA,0.17404129793510323
spatial_spd,45391,Europe,Cold_Without_dry_season_Warm_Summer,analysis=spatial_spd|dataset_id=45391|region=Europe|climatezone=Cold_Without_dry_season_Warm_Summer,climate,0.2603,0.019600000000000006,0.2799,82.57,TRUE,0.339,TRUE,TRUE,TRUE,TRUE,TRUE,FALSE,FALSE,TRUE,NA,0.8256637168141592
spatial_spd,40951,Europe,Cold_Without_dry_season_Warm_Summer,analysis=spatial_spd|dataset_id=40951|region=Europe|climatezone=Cold_Without_dry_season_Warm_Summer,human,0.0511,-0.0327,0.0184,8,TRUE,0.23,TRUE,TRUE,TRUE,TRUE,TRUE,FALSE,FALSE,TRUE,NA,0.08
spatial_spd,40951,Europe,Cold_Without_dry_season_Warm_Summer,analysis=spatial_spd|dataset_id=40951|region=Europe|climatezone=Cold_Without_dry_season_Warm_Summer,climate,0.2444,-0.032799999999999996,0.2116,92,TRUE,0.23,TRUE,TRUE,TRUE,TRUE,TRUE,FALSE,FALSE,TRUE,NA,0.92
spatial_spd,22966,Europe,Cold_Without_dry_season_Warm_Summer,analysis=spatial_spd|dataset_id=22966|region=Europe|climatezone=Cold_Without_dry_season_Warm_Summer,human,-0.0137,0.0377,0.024,5.25,TRUE,0.457,TRUE,TRUE,TRUE,TRUE,TRUE,TRUE,FALSE,TRUE,NA,0.0525164113785558
spatial_spd,22966,Europe,Cold_Without_dry_season_Warm_Summer,analysis=spatial_spd|dataset_id=22966|region=Europe|climatezone=Cold_Without_dry_season_Warm_Summer,climate,0.3955,0.037699999999999956,0.4332,94.79,TRUE,0.457,TRUE,TRUE,TRUE,TRUE,TRUE,TRUE,FALSE,TRUE,NA,0.9479212253829321
spatial_spd,3035,North America,Cold_Without_dry_season_Warm_Summer,analysis=spatial_spd|dataset_id=3035|region=North America|climatezone=Cold_Without_dry_season_Warm_Summer,human,0.1038,0.1567,0.2605,44.99,TRUE,0.579,TRUE,TRUE,TRUE,TRUE,TRUE,FALSE,FALSE,TRUE,NA,0.4499136442141624
spatial_spd,3035,North America,Cold_Without_dry_season_Warm_Summer,analysis=spatial_spd|dataset_id=3035|region=North America|climatezone=Cold_Without_dry_season_Warm_Summer,climate,0.1621,0.15669999999999998,0.3188,55.06,TRUE,0.579,TRUE,TRUE,TRUE,TRUE,TRUE,FALSE,FALSE,TRUE,NA,0.5506044905008636
spatial_spd,47110,Oceania,Temperate_Without_dry_season,analysis=spatial_spd|dataset_id=47110|region=Oceania|climatezone=Temperate_Without_dry_season,human,-0.0697,0.0016000000000000042,-0.0681,-21.15,TRUE,0.322,TRUE,TRUE,TRUE,TRUE,TRUE,TRUE,TRUE,TRUE,NA,-0.21149068322981365
spatial_spd,47110,Oceania,Temperate_Without_dry_season,analysis=spatial_spd|dataset_id=47110|region=Oceania|climatezone=Temperate_Without_dry_season,climate,0.3888,0.0016000000000000458,0.3904,121.24,TRUE,0.322,TRUE,TRUE,TRUE,TRUE,TRUE,TRUE,TRUE,TRUE,NA,1.2124223602484472
spatial_spd,1154,Latin America,Temperate_Dry_Winter,analysis=spatial_spd|dataset_id=1154|region=Latin America|climatezone=Temperate_Dry_Winter,human,0.0949,0.0646,0.1595,34.08,TRUE,0.468,TRUE,TRUE,TRUE,TRUE,TRUE,FALSE,FALSE,TRUE,NA,0.3408119658119658
spatial_spd,1154,Latin America,Temperate_Dry_Winter,analysis=spatial_spd|dataset_id=1154|region=Latin America|climatezone=Temperate_Dry_Winter,climate,0.2438,0.06460000000000002,0.3084,65.9,TRUE,0.468,TRUE,TRUE,TRUE,TRUE,TRUE,FALSE,FALSE,TRUE,NA,0.658974358974359
spatial_spd,47555,North America,Temperate_Without_dry_season,analysis=spatial_spd|dataset_id=47555|region=North America|climatezone=Temperate_Without_dry_season,human,0.2926,-0.06330000000000002,0.2293,131.78,TRUE,0.174,TRUE,TRUE,TRUE,TRUE,TRUE,FALSE,TRUE,TRUE,NA,1.3178160919540232
spatial_spd,47555,North America,Temperate_Without_dry_season,analysis=spatial_spd|dataset_id=47555|region=North America|climatezone=Temperate_Without_dry_season,climate,0.0076,-0.0633,-0.0557,-32.01,TRUE,0.174,TRUE,TRUE,TRUE,TRUE,TRUE,FALSE,TRUE,TRUE,NA,-0.3201149425287356
spatial_spd,527,North America,Cold_Dry_Summer,analysis=spatial_spd|dataset_id=527|region=North America|climatezone=Cold_Dry_Summer,human,0.0383,0.1651,0.2034,48.31,TRUE,0.421,TRUE,TRUE,TRUE,TRUE,TRUE,FALSE,FALSE,TRUE,NA,0.4831353919239905
spatial_spd,527,North America,Cold_Dry_Summer,analysis=spatial_spd|dataset_id=527|region=North America|climatezone=Cold_Dry_Summer,climate,0.0522,0.165,0.2172,51.59,TRUE,0.421,TRUE,TRUE,TRUE,TRUE,TRUE,FALSE,FALSE,TRUE,NA,0.5159144893111639
spatial_spd,46280,Europe,Cold_Without_dry_season_Warm_Summer,analysis=spatial_spd|dataset_id=46280|region=Europe|climatezone=Cold_Without_dry_season_Warm_Summer,human,-0.0221,0.0598,0.0377,67.32,TRUE,0.056,TRUE,TRUE,TRUE,TRUE,TRUE,TRUE,FALSE,TRUE,NA,0.6732142857142857
spatial_spd,46280,Europe,Cold_Without_dry_season_Warm_Summer,analysis=spatial_spd|dataset_id=46280|region=Europe|climatezone=Cold_Without_dry_season_Warm_Summer,climate,-0.0415,0.059800000000000006,0.0183,32.68,TRUE,0.056,TRUE,TRUE,TRUE,TRUE,TRUE,TRUE,FALSE,TRUE,NA,0.3267857142857143
spatial_spd,21913,Latin America,Tropical,analysis=spatial_spd|dataset_id=21913|region=Latin America|climatezone=Tropical,human,0.2414,0.028299999999999992,0.2697,56.07,TRUE,0.481,TRUE,TRUE,TRUE,TRUE,TRUE,FALSE,FALSE,TRUE,NA,0.5607068607068607
spatial_spd,21913,Latin America,Tropical,analysis=spatial_spd|dataset_id=21913|region=Latin America|climatezone=Tropical,climate,0.1829,0.028299999999999992,0.2112,43.91,TRUE,0.481,TRUE,TRUE,TRUE,TRUE,TRUE,FALSE,FALSE,TRUE,NA,0.4390852390852391
spatial_spd,971,North America,Cold_Without_dry_season_Warm_Summer,analysis=spatial_spd|dataset_id=971|region=North America|climatezone=Cold_Without_dry_season_Warm_Summer,human,0.1094,0.010099999999999998,0.1195,34.34,TRUE,0.348,TRUE,TRUE,TRUE,TRUE,TRUE,FALSE,FALSE,TRUE,NA,0.34339080459770116
spatial_spd,971,North America,Cold_Without_dry_season_Warm_Summer,analysis=spatial_spd|dataset_id=971|region=North America|climatezone=Cold_Without_dry_season_Warm_Summer,climate,0.2181,0.010099999999999998,0.2282,65.57,TRUE,0.348,TRUE,TRUE,TRUE,TRUE,TRUE,FALSE,FALSE,TRUE,NA,0.6557471264367816
spatial_spd,4184,Europe,Cold_Dry_Summer,analysis=spatial_spd|dataset_id=4184|region=Europe|climatezone=Cold_Dry_Summer,human,0.0483,-0.0383,0.01,1.5,TRUE,0.665,TRUE,TRUE,TRUE,TRUE,TRUE,FALSE,FALSE,TRUE,NA,0.015037593984962405
spatial_spd,4184,Europe,Cold_Dry_Summer,analysis=spatial_spd|dataset_id=4184|region=Europe|climatezone=Cold_Dry_Summer,climate,0.6935,-0.0383,0.6552,98.53,TRUE,0.665,TRUE,TRUE,TRUE,TRUE,TRUE,FALSE,FALSE,TRUE,NA,0.9852631578947368
spatial_spd,844,North America,Cold_Without_dry_season_Cold_Summer,analysis=spatial_spd|dataset_id=844|region=North America|climatezone=Cold_Without_dry_season_Cold_Summer,human,0.0414,-0.001799999999999996,0.0396,101.54,TRUE,0.039,TRUE,TRUE,TRUE,TRUE,TRUE,FALSE,TRUE,TRUE,NA,1.0153846153846156
spatial_spd,844,North America,Cold_Without_dry_season_Cold_Summer,analysis=spatial_spd|dataset_id=844|region=North America|climatezone=Cold_Without_dry_season_Cold_Summer,climate,8e-4,-0.0018,-0.001,-2.56,TRUE,0.039,TRUE,TRUE,TRUE,TRUE,TRUE,FALSE,TRUE,TRUE,NA,-0.02564102564102564
spatial_spd,1440,Europe,Arid,analysis=spatial_spd|dataset_id=1440|region=Europe|climatezone=Arid,human,0.0166,-0.0224,-0.0058,-1.86,TRUE,0.312,TRUE,TRUE,TRUE,TRUE,TRUE,FALSE,TRUE,TRUE,NA,-0.01858974358974359
spatial_spd,1440,Europe,Arid,analysis=spatial_spd|dataset_id=1440|region=Europe|climatezone=Arid,climate,0.3402,-0.022299999999999986,0.3179,101.89,TRUE,0.312,TRUE,TRUE,TRUE,TRUE,TRUE,FALSE,TRUE,TRUE,NA,1.0189102564102566
spatial_spd,45319,Europe,Arid,analysis=spatial_spd|dataset_id=45319|region=Europe|climatezone=Arid,human,-0.0083,-0.017,-0.0253,-5.61,TRUE,0.451,TRUE,TRUE,TRUE,TRUE,TRUE,TRUE,TRUE,TRUE,NA,-0.05609756097560975
spatial_spd,45319,Europe,Arid,analysis=spatial_spd|dataset_id=45319|region=Europe|climatezone=Arid,climate,0.4931,-0.01699999999999996,0.4761,105.57,TRUE,0.451,TRUE,TRUE,TRUE,TRUE,TRUE,TRUE,TRUE,TRUE,NA,1.0556541019955654
spatial_spd,45320,Europe,Arid,analysis=spatial_spd|dataset_id=45320|region=Europe|climatezone=Arid,human,-0.0063,-0.0014000000000000002,-0.0077,-1.35,TRUE,0.57,TRUE,TRUE,TRUE,TRUE,TRUE,TRUE,TRUE,TRUE,NA,-0.013508771929824564
spatial_spd,45320,Europe,Arid,analysis=spatial_spd|dataset_id=45320|region=Europe|climatezone=Arid,climate,0.5786,-0.0012999999999999678,0.5773,101.28,TRUE,0.57,TRUE,TRUE,TRUE,TRUE,TRUE,TRUE,TRUE,TRUE,NA,1.0128070175438597
spatial_spd,48816,North America,Cold_Without_dry_season_Warm_Summer,analysis=spatial_spd|dataset_id=48816|region=North America|climatezone=Cold_Without_dry_season_Warm_Summer,human,-0.0357,0.0857,0.05,26.6,TRUE,0.188,TRUE,TRUE,TRUE,TRUE,TRUE,TRUE,FALSE,TRUE,NA,0.26595744680851063
spatial_spd,48816,North America,Cold_Without_dry_season_Warm_Summer,analysis=spatial_spd|dataset_id=48816|region=North America|climatezone=Cold_Without_dry_season_Warm_Summer,climate,0.0525,0.0857,0.1382,73.51,TRUE,0.188,TRUE,TRUE,TRUE,TRUE,TRUE,TRUE,FALSE,TRUE,NA,0.7351063829787233
spatial_spd,42683,Europe,Cold_Without_dry_season_Warm_Summer,analysis=spatial_spd|dataset_id=42683|region=Europe|climatezone=Cold_Without_dry_season_Warm_Summer,human,-0.0119,-0.0013999999999999985,-0.0133,-3.13,TRUE,0.425,TRUE,TRUE,TRUE,TRUE,TRUE,TRUE,TRUE,TRUE,NA,-0.03129411764705882
spatial_spd,42683,Europe,Cold_Without_dry_season_Warm_Summer,analysis=spatial_spd|dataset_id=42683|region=Europe|climatezone=Cold_Without_dry_season_Warm_Summer,climate,0.4399,-0.0014000000000000123,0.4385,103.18,TRUE,0.425,TRUE,TRUE,TRUE,TRUE,TRUE,TRUE,TRUE,TRUE,NA,1.031764705882353
spatial_spd,21818,Latin America,Polar,analysis=spatial_spd|dataset_id=21818|region=Latin America|climatezone=Polar,human,0.0969,0.06830000000000001,0.1652,36.07,TRUE,0.458,TRUE,TRUE,TRUE,TRUE,TRUE,FALSE,FALSE,TRUE,NA,0.3606986899563319
spatial_spd,21818,Latin America,Polar,analysis=spatial_spd|dataset_id=21818|region=Latin America|climatezone=Polar,climate,0.2247,0.06819999999999998,0.2929,63.95,TRUE,0.458,TRUE,TRUE,TRUE,TRUE,TRUE,FALSE,FALSE,TRUE,NA,0.6395196506550218
spatial_spd,15276,North America,Temperate_Without_dry_season,analysis=spatial_spd|dataset_id=15276|region=North America|climatezone=Temperate_Without_dry_season,human,0.0534,-0.0021000000000000046,0.0513,22.9,TRUE,0.224,TRUE,TRUE,TRUE,TRUE,TRUE,FALSE,FALSE,TRUE,NA,0.22901785714285713
spatial_spd,15276,North America,Temperate_Without_dry_season,analysis=spatial_spd|dataset_id=15276|region=North America|climatezone=Temperate_Without_dry_season,climate,0.1752,-0.0020999999999999908,0.1731,77.28,TRUE,0.224,TRUE,TRUE,TRUE,TRUE,TRUE,FALSE,FALSE,TRUE,NA,0.7727678571428571
spatial_spd,2626,North America,Cold_Without_dry_season_Warm_Summer,analysis=spatial_spd|dataset_id=2626|region=North America|climatezone=Cold_Without_dry_season_Warm_Summer,human,0.0744,0.08450000000000002,0.1589,27.3,TRUE,0.582,TRUE,TRUE,TRUE,TRUE,TRUE,FALSE,FALSE,TRUE,NA,0.2730240549828179
spatial_spd,2626,North America,Cold_Without_dry_season_Warm_Summer,analysis=spatial_spd|dataset_id=2626|region=North America|climatezone=Cold_Without_dry_season_Warm_Summer,climate,0.3388,0.08450000000000002,0.4233,72.73,TRUE,0.582,TRUE,TRUE,TRUE,TRUE,TRUE,FALSE,FALSE,TRUE,NA,0.7273195876288661
spatial_spd,2591,North America,Cold_Without_dry_season_Warm_Summer,analysis=spatial_spd|dataset_id=2591|region=North America|climatezone=Cold_Without_dry_season_Warm_Summer,human,0.0817,0.0849,0.1666,45.15,TRUE,0.369,TRUE,TRUE,TRUE,TRUE,TRUE,FALSE,FALSE,TRUE,NA,0.4514905149051491
spatial_spd,2591,North America,Cold_Without_dry_season_Warm_Summer,analysis=spatial_spd|dataset_id=2591|region=North America|climatezone=Cold_Without_dry_season_Warm_Summer,climate,0.1171,0.085,0.2021,54.77,TRUE,0.369,TRUE,TRUE,TRUE,TRUE,TRUE,FALSE,FALSE,TRUE,NA,0.5476964769647696
spatial_spd,4239,Europe,Cold_Without_dry_season_Cold_Summer,analysis=spatial_spd|dataset_id=4239|region=Europe|climatezone=Cold_Without_dry_season_Cold_Summer,human,0.0738,0.007300000000000001,0.0811,21.29,TRUE,0.381,TRUE,TRUE,TRUE,TRUE,TRUE,FALSE,FALSE,TRUE,NA,0.21286089238845146
spatial_spd,4239,Europe,Cold_Without_dry_season_Cold_Summer,analysis=spatial_spd|dataset_id=4239|region=Europe|climatezone=Cold_Without_dry_season_Cold_Summer,climate,0.2929,0.007400000000000018,0.3003,78.82,TRUE,0.381,TRUE,TRUE,TRUE,TRUE,TRUE,FALSE,FALSE,TRUE,NA,0.7881889763779528
spatial_spd,2367,North America,Cold_Without_dry_season_Cold_Summer,analysis=spatial_spd|dataset_id=2367|region=North America|climatezone=Cold_Without_dry_season_Cold_Summer,human,0.1072,0.0417,0.1489,43.41,TRUE,0.343,TRUE,TRUE,TRUE,TRUE,TRUE,FALSE,FALSE,TRUE,NA,0.4341107871720116
spatial_spd,2367,North America,Cold_Without_dry_season_Cold_Summer,analysis=spatial_spd|dataset_id=2367|region=North America|climatezone=Cold_Without_dry_season_Cold_Summer,climate,0.1522,0.04169999999999999,0.1939,56.53,TRUE,0.343,TRUE,TRUE,TRUE,TRUE,TRUE,FALSE,FALSE,TRUE,NA,0.5653061224489795
spatial_spd,45343,Europe,Cold_Without_dry_season_Cold_Summer,analysis=spatial_spd|dataset_id=45343|region=Europe|climatezone=Cold_Without_dry_season_Cold_Summer,human,0.1147,0.0097,0.1244,35.44,TRUE,0.351,TRUE,TRUE,TRUE,TRUE,TRUE,FALSE,FALSE,TRUE,NA,0.3544159544159544
spatial_spd,45343,Europe,Cold_Without_dry_season_Cold_Summer,analysis=spatial_spd|dataset_id=45343|region=Europe|climatezone=Cold_Without_dry_season_Cold_Summer,climate,0.2171,0.009600000000000025,0.2267,64.59,TRUE,0.351,TRUE,TRUE,TRUE,TRUE,TRUE,FALSE,FALSE,TRUE,NA,0.6458689458689459
spatial_spd,26319,Europe,Cold_Without_dry_season_Cold_Summer,analysis=spatial_spd|dataset_id=26319|region=Europe|climatezone=Cold_Without_dry_season_Cold_Summer,human,-0.0059,0.07300000000000001,0.0671,17.52,TRUE,0.383,TRUE,TRUE,TRUE,TRUE,TRUE,TRUE,FALSE,TRUE,NA,0.17519582245430812
spatial_spd,26319,Europe,Cold_Without_dry_season_Cold_Summer,analysis=spatial_spd|dataset_id=26319|region=Europe|climatezone=Cold_Without_dry_season_Cold_Summer,climate,0.2431,0.07309999999999997,0.3162,82.56,TRUE,0.383,TRUE,TRUE,TRUE,TRUE,TRUE,TRUE,FALSE,TRUE,NA,0.8255874673629242
spatial_spd,684,North America,Cold_Without_dry_season_Hot_Summer,analysis=spatial_spd|dataset_id=684|region=North America|climatezone=Cold_Without_dry_season_Hot_Summer,human,0.2205,0.08399999999999999,0.3045,58,TRUE,0.525,TRUE,TRUE,TRUE,TRUE,TRUE,FALSE,FALSE,TRUE,NA,0.58
spatial_spd,684,North America,Cold_Without_dry_season_Hot_Summer,analysis=spatial_spd|dataset_id=684|region=North America|climatezone=Cold_Without_dry_season_Hot_Summer,climate,0.137,0.08399999999999999,0.221,42.1,TRUE,0.525,TRUE,TRUE,TRUE,TRUE,TRUE,FALSE,FALSE,TRUE,NA,0.4209523809523809
spatial_spd,19909,Europe,Cold_Without_dry_season_Cold_Summer,analysis=spatial_spd|dataset_id=19909|region=Europe|climatezone=Cold_Without_dry_season_Cold_Summer,human,-0.0481,0.017899999999999996,-0.0302,-137.27,TRUE,0.022,TRUE,TRUE,TRUE,TRUE,TRUE,TRUE,TRUE,TRUE,NA,-1.3727272727272728
spatial_spd,19909,Europe,Cold_Without_dry_season_Cold_Summer,analysis=spatial_spd|dataset_id=19909|region=Europe|climatezone=Cold_Without_dry_season_Cold_Summer,climate,0.0347,0.017999999999999995,0.0527,239.55,TRUE,0.022,TRUE,TRUE,TRUE,TRUE,TRUE,TRUE,TRUE,TRUE,NA,2.3954545454545455
spatial_spd,45329,Europe,Cold_Without_dry_season_Warm_Summer,analysis=spatial_spd|dataset_id=45329|region=Europe|climatezone=Cold_Without_dry_season_Warm_Summer,human,0.3818,-0.04679999999999995,0.335,70.82,TRUE,0.473,TRUE,TRUE,TRUE,TRUE,TRUE,FALSE,FALSE,TRUE,NA,0.7082452431289641
spatial_spd,45329,Europe,Cold_Without_dry_season_Warm_Summer,analysis=spatial_spd|dataset_id=45329|region=Europe|climatezone=Cold_Without_dry_season_Warm_Summer,climate,0.1853,-0.0469,0.1384,29.26,TRUE,0.473,TRUE,TRUE,TRUE,TRUE,TRUE,FALSE,FALSE,TRUE,NA,0.292600422832981
spatial_spd,26505,Europe,Cold_Without_dry_season_Warm_Summer,analysis=spatial_spd|dataset_id=26505|region=Europe|climatezone=Cold_Without_dry_season_Warm_Summer,human,-0.0492,0.036000000000000004,-0.0132,-220,TRUE,0.006,TRUE,TRUE,TRUE,TRUE,TRUE,TRUE,TRUE,TRUE,NA,-2.1999999999999997
spatial_spd,26505,Europe,Cold_Without_dry_season_Warm_Summer,analysis=spatial_spd|dataset_id=26505|region=Europe|climatezone=Cold_Without_dry_season_Warm_Summer,climate,-0.0167,0.036000000000000004,0.0193,321.67,TRUE,0.006,TRUE,TRUE,TRUE,TRUE,TRUE,TRUE,TRUE,TRUE,NA,3.216666666666667
spatial_spd,1590,North America,Cold_Without_dry_season_Cold_Summer,analysis=spatial_spd|dataset_id=1590|region=North America|climatezone=Cold_Without_dry_season_Cold_Summer,human,0.0229,0.0163,0.0392,6.14,TRUE,0.638,TRUE,TRUE,TRUE,TRUE,TRUE,FALSE,FALSE,TRUE,NA,0.061442006269592474
spatial_spd,1590,North America,Cold_Without_dry_season_Cold_Summer,analysis=spatial_spd|dataset_id=1590|region=North America|climatezone=Cold_Without_dry_season_Cold_Summer,climate,0.5824,0.01639999999999997,0.5988,93.86,TRUE,0.638,TRUE,TRUE,TRUE,TRUE,TRUE,FALSE,FALSE,TRUE,NA,0.9385579937304075
spatial_spd,24110,Europe,Cold_Without_dry_season_Warm_Summer,analysis=spatial_spd|dataset_id=24110|region=Europe|climatezone=Cold_Without_dry_season_Warm_Summer,human,0.272,0.007000000000000006,0.279,90.58,TRUE,0.308,TRUE,TRUE,TRUE,TRUE,TRUE,FALSE,FALSE,TRUE,NA,0.9058441558441559
spatial_spd,24110,Europe,Cold_Without_dry_season_Warm_Summer,analysis=spatial_spd|dataset_id=24110|region=Europe|climatezone=Cold_Without_dry_season_Warm_Summer,climate,0.0222,0.0069,0.0291,9.45,TRUE,0.308,TRUE,TRUE,TRUE,TRUE,TRUE,FALSE,FALSE,TRUE,NA,0.09448051948051948
spatial_spd,43513,Europe,Cold_Without_dry_season_Cold_Summer,analysis=spatial_spd|dataset_id=43513|region=Europe|climatezone=Cold_Without_dry_season_Cold_Summer,human,-0.012,0.0685,0.0565,14.02,TRUE,0.403,TRUE,TRUE,TRUE,TRUE,TRUE,TRUE,FALSE,TRUE,NA,0.1401985111662531
spatial_spd,43513,Europe,Cold_Without_dry_season_Cold_Summer,analysis=spatial_spd|dataset_id=43513|region=Europe|climatezone=Cold_Without_dry_season_Cold_Summer,climate,0.2784,0.0685,0.3469,86.08,TRUE,0.403,TRUE,TRUE,TRUE,TRUE,TRUE,TRUE,FALSE,TRUE,NA,0.8607940446650123
spatial_spd,813,North America,Cold_Without_dry_season_Hot_Summer,analysis=spatial_spd|dataset_id=813|region=North America|climatezone=Cold_Without_dry_season_Hot_Summer,human,0.1029,0.016299999999999995,0.1192,25.58,TRUE,0.466,TRUE,TRUE,TRUE,TRUE,TRUE,FALSE,FALSE,TRUE,NA,0.255793991416309
spatial_spd,813,North America,Cold_Without_dry_season_Hot_Summer,analysis=spatial_spd|dataset_id=813|region=North America|climatezone=Cold_Without_dry_season_Hot_Summer,climate,0.331,0.01629999999999998,0.3473,74.53,TRUE,0.466,TRUE,TRUE,TRUE,TRUE,TRUE,FALSE,FALSE,TRUE,NA,0.7452789699570815
spatial_spd,16016,North America,Arid,analysis=spatial_spd|dataset_id=16016|region=North America|climatezone=Arid,human,-0.0349,0.0127,-0.0222,-19.3,TRUE,0.115,TRUE,TRUE,TRUE,TRUE,TRUE,TRUE,TRUE,TRUE,NA,-0.19304347826086957
spatial_spd,16016,North America,Arid,analysis=spatial_spd|dataset_id=16016|region=North America|climatezone=Arid,climate,0.1249,0.012700000000000003,0.1376,119.65,TRUE,0.115,TRUE,TRUE,TRUE,TRUE,TRUE,TRUE,TRUE,TRUE,NA,1.1965217391304348
spatial_spd,298,North America,Cold_Without_dry_season_Warm_Summer,analysis=spatial_spd|dataset_id=298|region=North America|climatezone=Cold_Without_dry_season_Warm_Summer,human,0.0241,0.0795,0.1036,40.47,TRUE,0.256,TRUE,TRUE,TRUE,TRUE,TRUE,FALSE,FALSE,TRUE,NA,0.4046875
spatial_spd,298,North America,Cold_Without_dry_season_Warm_Summer,analysis=spatial_spd|dataset_id=298|region=North America|climatezone=Cold_Without_dry_season_Warm_Summer,climate,0.0734,0.0795,0.1529,59.73,TRUE,0.256,TRUE,TRUE,TRUE,TRUE,TRUE,FALSE,FALSE,TRUE,NA,0.597265625
spatial_spd,782,North America,Cold_Without_dry_season_Warm_Summer,analysis=spatial_spd|dataset_id=782|region=North America|climatezone=Cold_Without_dry_season_Warm_Summer,human,0.0878,0.03979999999999999,0.1276,140.22,TRUE,0.091,TRUE,TRUE,TRUE,TRUE,TRUE,TRUE,TRUE,TRUE,NA,1.402197802197802
spatial_spd,782,North America,Cold_Without_dry_season_Warm_Summer,analysis=spatial_spd|dataset_id=782|region=North America|climatezone=Cold_Without_dry_season_Warm_Summer,climate,-0.0761,0.0398,-0.0363,-39.89,TRUE,0.091,TRUE,TRUE,TRUE,TRUE,TRUE,TRUE,TRUE,TRUE,NA,-0.3989010989010989
spatial_spd,15831,North America,Temperate_Without_dry_season,analysis=spatial_spd|dataset_id=15831|region=North America|climatezone=Temperate_Without_dry_season,human,0.0487,0.042100000000000005,0.0908,38.31,TRUE,0.237,TRUE,TRUE,TRUE,TRUE,TRUE,FALSE,FALSE,TRUE,NA,0.3831223628691984
spatial_spd,15831,North America,Temperate_Without_dry_season,analysis=spatial_spd|dataset_id=15831|region=North America|climatezone=Temperate_Without_dry_season,climate,0.1044,0.0422,0.1466,61.86,TRUE,0.237,TRUE,TRUE,TRUE,TRUE,TRUE,FALSE,FALSE,TRUE,NA,0.6185654008438819
spatial_spd,48624,Latin America,Temperate_Dry_Summer,analysis=spatial_spd|dataset_id=48624|region=Latin America|climatezone=Temperate_Dry_Summer,human,0.0473,0.024199999999999992,0.0715,28.49,TRUE,0.251,TRUE,TRUE,TRUE,TRUE,TRUE,FALSE,FALSE,TRUE,NA,0.28486055776892427
spatial_spd,48624,Latin America,Temperate_Dry_Summer,analysis=spatial_spd|dataset_id=48624|region=Latin America|climatezone=Temperate_Dry_Summer,climate,0.155,0.0242,0.1792,71.39,TRUE,0.251,TRUE,TRUE,TRUE,TRUE,TRUE,FALSE,FALSE,TRUE,NA,0.7139442231075697
spatial_spd,1770,North America,Cold_Without_dry_season_Cold_Summer,analysis=spatial_spd|dataset_id=1770|region=North America|climatezone=Cold_Without_dry_season_Cold_Summer,human,0.0376,0.0011999999999999997,0.0388,8.45,TRUE,0.459,TRUE,TRUE,TRUE,TRUE,TRUE,FALSE,FALSE,TRUE,NA,0.08453159041394336
spatial_spd,1770,North America,Cold_Without_dry_season_Cold_Summer,analysis=spatial_spd|dataset_id=1770|region=North America|climatezone=Cold_Without_dry_season_Cold_Summer,climate,0.4193,0.0011999999999999789,0.4205,91.61,TRUE,0.459,TRUE,TRUE,TRUE,TRUE,TRUE,FALSE,FALSE,TRUE,NA,0.9161220043572984
spatial_spd,4517,Europe,Cold_Without_dry_season_Warm_Summer,analysis=spatial_spd|dataset_id=4517|region=Europe|climatezone=Cold_Without_dry_season_Warm_Summer,human,-0.0248,0.0086,-0.0162,-3.68,TRUE,0.44,TRUE,TRUE,TRUE,TRUE,TRUE,TRUE,TRUE,TRUE,NA,-0.03681818181818182
spatial_spd,4517,Europe,Cold_Without_dry_season_Warm_Summer,analysis=spatial_spd|dataset_id=4517|region=Europe|climatezone=Cold_Without_dry_season_Warm_Summer,climate,0.448,0.008599999999999997,0.4566,103.77,TRUE,0.44,TRUE,TRUE,TRUE,TRUE,TRUE,TRUE,TRUE,TRUE,NA,1.0377272727272728
spatial_spd,4398,Europe,Cold_Without_dry_season_Warm_Summer,analysis=spatial_spd|dataset_id=4398|region=Europe|climatezone=Cold_Without_dry_season_Warm_Summer,human,0.0238,0.0319,0.0557,63.3,TRUE,0.088,TRUE,TRUE,TRUE,TRUE,TRUE,FALSE,FALSE,TRUE,NA,0.6329545454545454
spatial_spd,4398,Europe,Cold_Without_dry_season_Warm_Summer,analysis=spatial_spd|dataset_id=4398|region=Europe|climatezone=Cold_Without_dry_season_Warm_Summer,climate,0,0.0318,0.0318,36.14,TRUE,0.088,TRUE,TRUE,TRUE,TRUE,TRUE,FALSE,FALSE,TRUE,NA,0.3613636363636364
spatial_spd,22849,Europe,Cold_Without_dry_season_Warm_Summer,analysis=spatial_spd|dataset_id=22849|region=Europe|climatezone=Cold_Without_dry_season_Warm_Summer,human,0.0234,-9.99999999999994e-5,0.0233,8.86,TRUE,0.263,TRUE,TRUE,TRUE,TRUE,TRUE,FALSE,FALSE,TRUE,NA,0.08859315589353613
spatial_spd,22849,Europe,Cold_Without_dry_season_Warm_Summer,analysis=spatial_spd|dataset_id=22849|region=Europe|climatezone=Cold_Without_dry_season_Warm_Summer,climate,0.2399,-9.999999999998899e-5,0.2398,91.18,TRUE,0.263,TRUE,TRUE,TRUE,TRUE,TRUE,FALSE,FALSE,TRUE,NA,0.911787072243346
spatial_spd,24356,Europe,Temperate_Without_dry_season,analysis=spatial_spd|dataset_id=24356|region=Europe|climatezone=Temperate_Without_dry_season,human,0.05,-0.061700000000000005,-0.0117,-2.05,TRUE,0.572,TRUE,TRUE,TRUE,TRUE,TRUE,FALSE,TRUE,TRUE,NA,-0.020454545454545458
spatial_spd,24356,Europe,Temperate_Without_dry_season,analysis=spatial_spd|dataset_id=24356|region=Europe|climatezone=Temperate_Without_dry_season,climate,0.6452,-0.061799999999999966,0.5834,101.99,TRUE,0.572,TRUE,TRUE,TRUE,TRUE,TRUE,FALSE,TRUE,TRUE,NA,1.01993006993007
spatial_spd,1701,North America,Cold_Without_dry_season_Warm_Summer,analysis=spatial_spd|dataset_id=1701|region=North America|climatezone=Cold_Without_dry_season_Warm_Summer,human,-0.0246,0.0711,0.0465,20.13,TRUE,0.231,TRUE,TRUE,TRUE,TRUE,TRUE,TRUE,FALSE,TRUE,NA,0.20129870129870128
spatial_spd,1701,North America,Cold_Without_dry_season_Warm_Summer,analysis=spatial_spd|dataset_id=1701|region=North America|climatezone=Cold_Without_dry_season_Warm_Summer,climate,0.1133,0.0712,0.1845,79.87,TRUE,0.231,TRUE,TRUE,TRUE,TRUE,TRUE,TRUE,FALSE,TRUE,NA,0.7987012987012987
spatial_spd,1707,North America,Cold_Without_dry_season_Cold_Summer,analysis=spatial_spd|dataset_id=1707|region=North America|climatezone=Cold_Without_dry_season_Cold_Summer,human,0.142,0.03900000000000001,0.181,45.82,TRUE,0.395,TRUE,TRUE,TRUE,TRUE,TRUE,FALSE,FALSE,TRUE,NA,0.45822784810126577
spatial_spd,1707,North America,Cold_Without_dry_season_Cold_Summer,analysis=spatial_spd|dataset_id=1707|region=North America|climatezone=Cold_Without_dry_season_Cold_Summer,climate,0.1748,0.03899999999999998,0.2138,54.13,TRUE,0.395,TRUE,TRUE,TRUE,TRUE,TRUE,FALSE,FALSE,TRUE,NA,0.5412658227848101
spatial_spd,23006,Europe,Cold_Without_dry_season_Warm_Summer,analysis=spatial_spd|dataset_id=23006|region=Europe|climatezone=Cold_Without_dry_season_Warm_Summer,human,0.0669,-0.0449,0.022,25,TRUE,0.088,TRUE,TRUE,TRUE,TRUE,TRUE,FALSE,FALSE,TRUE,NA,0.25
spatial_spd,23006,Europe,Cold_Without_dry_season_Warm_Summer,analysis=spatial_spd|dataset_id=23006|region=Europe|climatezone=Cold_Without_dry_season_Warm_Summer,climate,0.1114,-0.044899999999999995,0.0665,75.57,TRUE,0.088,TRUE,TRUE,TRUE,TRUE,TRUE,FALSE,FALSE,TRUE,NA,0.7556818181818182
spatial_spd,4154,Europe,Cold_Without_dry_season_Warm_Summer,analysis=spatial_spd|dataset_id=4154|region=Europe|climatezone=Cold_Without_dry_season_Warm_Summer,human,0.0202,0.036199999999999996,0.0564,35.92,TRUE,0.157,TRUE,TRUE,TRUE,TRUE,TRUE,FALSE,FALSE,TRUE,NA,0.3592356687898089
spatial_spd,4154,Europe,Cold_Without_dry_season_Warm_Summer,analysis=spatial_spd|dataset_id=4154|region=Europe|climatezone=Cold_Without_dry_season_Warm_Summer,climate,0.0645,0.036199999999999996,0.1007,64.14,TRUE,0.157,TRUE,TRUE,TRUE,TRUE,TRUE,FALSE,FALSE,TRUE,NA,0.6414012738853503
spatial_spd,1761,North America,Cold_Without_dry_season_Cold_Summer,analysis=spatial_spd|dataset_id=1761|region=North America|climatezone=Cold_Without_dry_season_Cold_Summer,human,0.0474,0.1407,0.1881,48.6,TRUE,0.387,TRUE,TRUE,TRUE,TRUE,TRUE,FALSE,FALSE,TRUE,NA,0.48604651162790696
spatial_spd,1761,North America,Cold_Without_dry_season_Cold_Summer,analysis=spatial_spd|dataset_id=1761|region=North America|climatezone=Cold_Without_dry_season_Cold_Summer,climate,0.0583,0.1408,0.1991,51.45,TRUE,0.387,TRUE,TRUE,TRUE,TRUE,TRUE,FALSE,FALSE,TRUE,NA,0.5144702842377261
spatial_spd,4355,Europe,Polar,analysis=spatial_spd|dataset_id=4355|region=Europe|climatezone=Polar,human,0.0047,0.0351,0.0398,9.48,TRUE,0.42,TRUE,TRUE,TRUE,TRUE,TRUE,FALSE,FALSE,TRUE,NA,0.09476190476190477
spatial_spd,4355,Europe,Polar,analysis=spatial_spd|dataset_id=4355|region=Europe|climatezone=Polar,climate,0.3456,0.034999999999999976,0.3806,90.62,TRUE,0.42,TRUE,TRUE,TRUE,TRUE,TRUE,FALSE,FALSE,TRUE,NA,0.9061904761904762
spatial_spd,40582,Europe,Polar,analysis=spatial_spd|dataset_id=40582|region=Europe|climatezone=Polar,human,0.1145,-0.0382,0.0763,138.73,TRUE,0.055,TRUE,TRUE,TRUE,TRUE,TRUE,FALSE,TRUE,TRUE,NA,1.3872727272727274
spatial_spd,40582,Europe,Polar,analysis=spatial_spd|dataset_id=40582|region=Europe|climatezone=Polar,climate,0.0173,-0.0382,-0.0209,-38,TRUE,0.055,TRUE,TRUE,TRUE,TRUE,TRUE,FALSE,TRUE,TRUE,NA,-0.37999999999999995
spatial_spd,15130,Latin America,Temperate_Without_dry_season,analysis=spatial_spd|dataset_id=15130|region=Latin America|climatezone=Temperate_Without_dry_season,human,0.0559,-0.0368,0.0191,7.35,TRUE,0.26,TRUE,TRUE,TRUE,TRUE,TRUE,FALSE,FALSE,TRUE,NA,0.07346153846153845
spatial_spd,15130,Latin America,Temperate_Without_dry_season,analysis=spatial_spd|dataset_id=15130|region=Latin America|climatezone=Temperate_Without_dry_season,climate,0.2782,-0.0368,0.2414,92.85,TRUE,0.26,TRUE,TRUE,TRUE,TRUE,TRUE,FALSE,FALSE,TRUE,NA,0.9284615384615384
spatial_spd,4041,Europe,Cold_Without_dry_season_Cold_Summer,analysis=spatial_spd|dataset_id=4041|region=Europe|climatezone=Cold_Without_dry_season_Cold_Summer,human,0.1543,0.10460000000000003,0.2589,42.79,TRUE,0.605,TRUE,TRUE,TRUE,TRUE,TRUE,FALSE,FALSE,TRUE,NA,0.4279338842975207
spatial_spd,4041,Europe,Cold_Without_dry_season_Cold_Summer,analysis=spatial_spd|dataset_id=4041|region=Europe|climatezone=Cold_Without_dry_season_Cold_Summer,climate,0.2414,0.10459999999999997,0.346,57.19,TRUE,0.605,TRUE,TRUE,TRUE,TRUE,TRUE,FALSE,FALSE,TRUE,NA,0.5719008264462809
spatial_spd,22812,Europe,Cold_Without_dry_season_Warm_Summer,analysis=spatial_spd|dataset_id=22812|region=Europe|climatezone=Cold_Without_dry_season_Warm_Summer,human,0.0957,-0.0638,0.0319,10.63,TRUE,0.3,TRUE,TRUE,TRUE,TRUE,TRUE,FALSE,FALSE,TRUE,NA,0.10633333333333334
spatial_spd,22812,Europe,Cold_Without_dry_season_Warm_Summer,analysis=spatial_spd|dataset_id=22812|region=Europe|climatezone=Cold_Without_dry_season_Warm_Summer,climate,0.3322,-0.06379999999999997,0.2684,89.47,TRUE,0.3,TRUE,TRUE,TRUE,TRUE,TRUE,FALSE,FALSE,TRUE,NA,0.8946666666666668
spatial_spd,363,Europe,Cold_Without_dry_season_Warm_Summer,analysis=spatial_spd|dataset_id=363|region=Europe|climatezone=Cold_Without_dry_season_Warm_Summer,human,0.0405,0.06589999999999999,0.1064,34.43,TRUE,0.309,TRUE,TRUE,TRUE,TRUE,TRUE,FALSE,FALSE,TRUE,NA,0.344336569579288
spatial_spd,363,Europe,Cold_Without_dry_season_Warm_Summer,analysis=spatial_spd|dataset_id=363|region=Europe|climatezone=Cold_Without_dry_season_Warm_Summer,climate,0.1364,0.06590000000000001,0.2023,65.47,TRUE,0.309,TRUE,TRUE,TRUE,TRUE,TRUE,FALSE,FALSE,TRUE,NA,0.6546925566343043
spatial_spd,1646,Latin America,Polar,analysis=spatial_spd|dataset_id=1646|region=Latin America|climatezone=Polar,human,0.1226,0.01390000000000001,0.1365,28.98,TRUE,0.471,TRUE,TRUE,TRUE,TRUE,TRUE,FALSE,FALSE,TRUE,NA,0.2898089171974523
spatial_spd,1646,Latin America,Polar,analysis=spatial_spd|dataset_id=1646|region=Latin America|climatezone=Polar,climate,0.3206,0.013799999999999979,0.3344,71,TRUE,0.471,TRUE,TRUE,TRUE,TRUE,TRUE,FALSE,FALSE,TRUE,NA,0.7099787685774946
spatial_spd,1679,Latin America,Polar,analysis=spatial_spd|dataset_id=1679|region=Latin America|climatezone=Polar,human,0.1993,-0.02560000000000001,0.1737,31.64,TRUE,0.549,TRUE,TRUE,TRUE,TRUE,TRUE,FALSE,FALSE,TRUE,NA,0.31639344262295077
spatial_spd,1679,Latin America,Polar,analysis=spatial_spd|dataset_id=1679|region=Latin America|climatezone=Polar,climate,0.4005,-0.02560000000000001,0.3749,68.29,TRUE,0.549,TRUE,TRUE,TRUE,TRUE,TRUE,FALSE,FALSE,TRUE,NA,0.6828779599271402
spatial_spd,1829,North America,Cold_Without_dry_season_Warm_Summer,analysis=spatial_spd|dataset_id=1829|region=North America|climatezone=Cold_Without_dry_season_Warm_Summer,human,0.0618,0.012799999999999999,0.0746,22.07,TRUE,0.338,TRUE,TRUE,TRUE,TRUE,TRUE,FALSE,FALSE,TRUE,NA,0.2207100591715976
spatial_spd,1829,North America,Cold_Without_dry_season_Warm_Summer,analysis=spatial_spd|dataset_id=1829|region=North America|climatezone=Cold_Without_dry_season_Warm_Summer,climate,0.2505,0.012699999999999989,0.2632,77.87,TRUE,0.338,TRUE,TRUE,TRUE,TRUE,TRUE,FALSE,FALSE,TRUE,NA,0.778698224852071
spatial_spd,3558,North America,Cold_Without_dry_season_Hot_Summer,analysis=spatial_spd|dataset_id=3558|region=North America|climatezone=Cold_Without_dry_season_Hot_Summer,human,0.1192,0.022499999999999992,0.1417,33.19,TRUE,0.427,TRUE,TRUE,TRUE,TRUE,TRUE,FALSE,FALSE,TRUE,NA,0.33185011709601875
spatial_spd,3558,North America,Cold_Without_dry_season_Hot_Summer,analysis=spatial_spd|dataset_id=3558|region=North America|climatezone=Cold_Without_dry_season_Hot_Summer,climate,0.2627,0.02260000000000001,0.2853,66.81,TRUE,0.427,TRUE,TRUE,TRUE,TRUE,TRUE,FALSE,FALSE,TRUE,NA,0.6681498829039813
spatial_spd,14948,North America,Polar,analysis=spatial_spd|dataset_id=14948|region=North America|climatezone=Polar,human,0.0093,0.0172,0.0265,6.66,TRUE,0.398,TRUE,TRUE,TRUE,TRUE,TRUE,FALSE,FALSE,TRUE,NA,0.06658291457286432
spatial_spd,14948,North America,Polar,analysis=spatial_spd|dataset_id=14948|region=North America|climatezone=Polar,climate,0.3544,0.017199999999999993,0.3716,93.37,TRUE,0.398,TRUE,TRUE,TRUE,TRUE,TRUE,FALSE,FALSE,TRUE,NA,0.9336683417085426
spatial_spd,41399,Europe,Cold_Without_dry_season_Warm_Summer,analysis=spatial_spd|dataset_id=41399|region=Europe|climatezone=Cold_Without_dry_season_Warm_Summer,human,0.0138,-0.025099999999999997,-0.0113,-1.98,TRUE,0.571,TRUE,TRUE,TRUE,TRUE,TRUE,FALSE,TRUE,TRUE,NA,-0.01978984238178634
spatial_spd,41399,Europe,Cold_Without_dry_season_Warm_Summer,analysis=spatial_spd|dataset_id=41399|region=Europe|climatezone=Cold_Without_dry_season_Warm_Summer,climate,0.6075,-0.02510000000000001,0.5824,102,TRUE,0.571,TRUE,TRUE,TRUE,TRUE,TRUE,FALSE,TRUE,TRUE,NA,1.0199649737302978
spatial_spd,1670,North America,Temperate_Without_dry_season,analysis=spatial_spd|dataset_id=1670|region=North America|climatezone=Temperate_Without_dry_season,human,0.1228,0.030100000000000002,0.1529,84.94,TRUE,0.18,TRUE,TRUE,TRUE,TRUE,TRUE,TRUE,FALSE,TRUE,NA,0.8494444444444446
spatial_spd,1670,North America,Temperate_Without_dry_season,analysis=spatial_spd|dataset_id=1670|region=North America|climatezone=Temperate_Without_dry_season,climate,-0.0033,0.030000000000000002,0.0267,14.83,TRUE,0.18,TRUE,TRUE,TRUE,TRUE,TRUE,TRUE,FALSE,TRUE,NA,0.14833333333333334
spatial_spd,1393,North America,Cold_Without_dry_season_Cold_Summer,analysis=spatial_spd|dataset_id=1393|region=North America|climatezone=Cold_Without_dry_season_Cold_Summer,human,-0.0159,-0.019399999999999997,-0.0353,-5.24,TRUE,0.674,TRUE,TRUE,TRUE,TRUE,TRUE,TRUE,TRUE,TRUE,NA,-0.052373887240356076
spatial_spd,1393,North America,Cold_Without_dry_season_Cold_Summer,analysis=spatial_spd|dataset_id=1393|region=North America|climatezone=Cold_Without_dry_season_Cold_Summer,climate,0.7287,-0.019399999999999973,0.7093,105.24,TRUE,0.674,TRUE,TRUE,TRUE,TRUE,TRUE,TRUE,TRUE,TRUE,NA,1.052373887240356
spatial_spd,42570,Europe,Cold_Without_dry_season_Warm_Summer,analysis=spatial_spd|dataset_id=42570|region=Europe|climatezone=Cold_Without_dry_season_Warm_Summer,human,0.1508,-0.02869999999999999,0.1221,23.75,TRUE,0.514,TRUE,TRUE,TRUE,TRUE,TRUE,FALSE,FALSE,TRUE,NA,0.2375486381322957
spatial_spd,42570,Europe,Cold_Without_dry_season_Warm_Summer,analysis=spatial_spd|dataset_id=42570|region=Europe|climatezone=Cold_Without_dry_season_Warm_Summer,climate,0.4204,-0.028700000000000003,0.3917,76.21,TRUE,0.514,TRUE,TRUE,TRUE,TRUE,TRUE,FALSE,FALSE,TRUE,NA,0.7620622568093385
spatial_spd,46611,North America,Cold_Without_dry_season_Cold_Summer,analysis=spatial_spd|dataset_id=46611|region=North America|climatezone=Cold_Without_dry_season_Cold_Summer,human,0.2039,-0.02210000000000001,0.1818,41.04,TRUE,0.443,TRUE,TRUE,TRUE,TRUE,TRUE,FALSE,FALSE,TRUE,NA,0.41038374717832954
spatial_spd,46611,North America,Cold_Without_dry_season_Cold_Summer,analysis=spatial_spd|dataset_id=46611|region=North America|climatezone=Cold_Without_dry_season_Cold_Summer,climate,0.2831,-0.022199999999999998,0.2609,58.89,TRUE,0.443,TRUE,TRUE,TRUE,TRUE,TRUE,FALSE,FALSE,TRUE,NA,0.588939051918736
spatial_spd,1763,North America,Cold_Without_dry_season_Warm_Summer,analysis=spatial_spd|dataset_id=1763|region=North America|climatezone=Cold_Without_dry_season_Warm_Summer,human,0.1355,-0.008000000000000007,0.1275,60.71,TRUE,0.21,TRUE,TRUE,TRUE,TRUE,TRUE,FALSE,FALSE,TRUE,NA,0.6071428571428572
spatial_spd,1763,North America,Cold_Without_dry_season_Warm_Summer,analysis=spatial_spd|dataset_id=1763|region=North America|climatezone=Cold_Without_dry_season_Warm_Summer,climate,0.0904,-0.00789999999999999,0.0825,39.29,TRUE,0.21,TRUE,TRUE,TRUE,TRUE,TRUE,FALSE,FALSE,TRUE,NA,0.3928571428571429
spatial_spd,19901,Europe,Cold_Without_dry_season_Warm_Summer,analysis=spatial_spd|dataset_id=19901|region=Europe|climatezone=Cold_Without_dry_season_Warm_Summer,human,0.0021,-0.016300000000000002,-0.0142,-40.57,TRUE,0.035,TRUE,TRUE,TRUE,TRUE,TRUE,FALSE,TRUE,TRUE,NA,-0.4057142857142857
spatial_spd,19901,Europe,Cold_Without_dry_season_Warm_Summer,analysis=spatial_spd|dataset_id=19901|region=Europe|climatezone=Cold_Without_dry_season_Warm_Summer,climate,0.0655,-0.016400000000000005,0.0491,140.29,TRUE,0.035,TRUE,TRUE,TRUE,TRUE,TRUE,FALSE,TRUE,TRUE,NA,1.4028571428571426
spatial_spd,1980,North America,Cold_Without_dry_season_Warm_Summer,analysis=spatial_spd|dataset_id=1980|region=North America|climatezone=Cold_Without_dry_season_Warm_Summer,human,-0.0613,0.1196,0.0583,15.1,TRUE,0.386,TRUE,TRUE,TRUE,TRUE,TRUE,TRUE,FALSE,TRUE,NA,0.1510362694300518
spatial_spd,1980,North America,Cold_Without_dry_season_Warm_Summer,analysis=spatial_spd|dataset_id=1980|region=North America|climatezone=Cold_Without_dry_season_Warm_Summer,climate,0.2079,0.11960000000000001,0.3275,84.84,TRUE,0.386,TRUE,TRUE,TRUE,TRUE,TRUE,TRUE,FALSE,TRUE,NA,0.8484455958549223
spatial_spd,20001,North America,Temperate_Dry_Summer,analysis=spatial_spd|dataset_id=20001|region=North America|climatezone=Temperate_Dry_Summer,human,9e-4,0.022699999999999998,0.0236,6.94,TRUE,0.34,TRUE,TRUE,TRUE,TRUE,TRUE,FALSE,FALSE,TRUE,NA,0.06941176470588234
spatial_spd,20001,North America,Temperate_Dry_Summer,analysis=spatial_spd|dataset_id=20001|region=North America|climatezone=Temperate_Dry_Summer,climate,0.2933,0.022699999999999998,0.316,92.94,TRUE,0.34,TRUE,TRUE,TRUE,TRUE,TRUE,FALSE,FALSE,TRUE,NA,0.9294117647058823
spatial_spd,973,North America,Cold_Without_dry_season_Warm_Summer,analysis=spatial_spd|dataset_id=973|region=North America|climatezone=Cold_Without_dry_season_Warm_Summer,human,0.0767,0.15960000000000002,0.2363,37.51,TRUE,0.63,TRUE,TRUE,TRUE,TRUE,TRUE,FALSE,FALSE,TRUE,NA,0.37507936507936507
spatial_spd,973,North America,Cold_Without_dry_season_Warm_Summer,analysis=spatial_spd|dataset_id=973|region=North America|climatezone=Cold_Without_dry_season_Warm_Summer,climate,0.2344,0.15960000000000002,0.394,62.54,TRUE,0.63,TRUE,TRUE,TRUE,TRUE,TRUE,FALSE,FALSE,TRUE,NA,0.6253968253968254
spatial_spd,1658,North America,Cold_Without_dry_season_Warm_Summer,analysis=spatial_spd|dataset_id=1658|region=North America|climatezone=Cold_Without_dry_season_Warm_Summer,human,-0.0253,0.0398,0.0145,7,TRUE,0.207,TRUE,TRUE,TRUE,TRUE,TRUE,TRUE,FALSE,TRUE,NA,0.07004830917874397
spatial_spd,1658,North America,Cold_Without_dry_season_Warm_Summer,analysis=spatial_spd|dataset_id=1658|region=North America|climatezone=Cold_Without_dry_season_Warm_Summer,climate,0.1529,0.03989999999999999,0.1928,93.14,TRUE,0.207,TRUE,TRUE,TRUE,TRUE,TRUE,TRUE,FALSE,TRUE,NA,0.9314009661835749
spatial_spd,22367,Europe,Polar,analysis=spatial_spd|dataset_id=22367|region=Europe|climatezone=Polar,human,0.0066,0.027299999999999998,0.0339,6.57,TRUE,0.516,TRUE,TRUE,TRUE,TRUE,TRUE,FALSE,FALSE,TRUE,NA,0.06569767441860465
spatial_spd,22367,Europe,Polar,analysis=spatial_spd|dataset_id=22367|region=Europe|climatezone=Polar,climate,0.4544,0.02739999999999998,0.4818,93.37,TRUE,0.516,TRUE,TRUE,TRUE,TRUE,TRUE,FALSE,FALSE,TRUE,NA,0.9337209302325581
spatial_spd,4545,Europe,Cold_Without_dry_season_Warm_Summer,analysis=spatial_spd|dataset_id=4545|region=Europe|climatezone=Cold_Without_dry_season_Warm_Summer,human,-0.0159,0.008700000000000001,-0.0072,-1.81,TRUE,0.398,TRUE,TRUE,TRUE,TRUE,TRUE,TRUE,TRUE,TRUE,NA,-0.018090452261306532
spatial_spd,4545,Europe,Cold_Without_dry_season_Warm_Summer,analysis=spatial_spd|dataset_id=4545|region=Europe|climatezone=Cold_Without_dry_season_Warm_Summer,climate,0.3966,0.008699999999999986,0.4053,101.83,TRUE,0.398,TRUE,TRUE,TRUE,TRUE,TRUE,TRUE,TRUE,TRUE,NA,1.0183417085427136
spatial_spd,15247,Latin America,Temperate_Dry_Winter,analysis=spatial_spd|dataset_id=15247|region=Latin America|climatezone=Temperate_Dry_Winter,human,-0.0423,0.07730000000000001,0.035,12.54,TRUE,0.279,TRUE,TRUE,TRUE,TRUE,TRUE,TRUE,FALSE,TRUE,NA,0.12544802867383512
spatial_spd,15247,Latin America,Temperate_Dry_Winter,analysis=spatial_spd|dataset_id=15247|region=Latin America|climatezone=Temperate_Dry_Winter,climate,0.1666,0.0774,0.244,87.46,TRUE,0.279,TRUE,TRUE,TRUE,TRUE,TRUE,TRUE,FALSE,TRUE,NA,0.8745519713261648
spatial_spd,15356,North America,Cold_Without_dry_season_Cold_Summer,analysis=spatial_spd|dataset_id=15356|region=North America|climatezone=Cold_Without_dry_season_Cold_Summer,human,-0.0159,0.06760000000000001,0.0517,42.73,TRUE,0.121,TRUE,TRUE,TRUE,TRUE,TRUE,TRUE,FALSE,TRUE,NA,0.4272727272727273
spatial_spd,15356,North America,Cold_Without_dry_season_Cold_Summer,analysis=spatial_spd|dataset_id=15356|region=North America|climatezone=Cold_Without_dry_season_Cold_Summer,climate,0.0021,0.0676,0.0697,57.6,TRUE,0.121,TRUE,TRUE,TRUE,TRUE,TRUE,TRUE,FALSE,TRUE,NA,0.5760330578512397
spatial_spd,14556,Europe,Temperate_Without_dry_season,analysis=spatial_spd|dataset_id=14556|region=Europe|climatezone=Temperate_Without_dry_season,human,0.2972,0.05329999999999996,0.3505,83.25,TRUE,0.421,TRUE,TRUE,TRUE,TRUE,TRUE,FALSE,FALSE,TRUE,NA,0.832541567695962
spatial_spd,14556,Europe,Temperate_Without_dry_season,analysis=spatial_spd|dataset_id=14556|region=Europe|climatezone=Temperate_Without_dry_season,climate,0.0175,0.0532,0.0707,16.79,TRUE,0.421,TRUE,TRUE,TRUE,TRUE,TRUE,FALSE,FALSE,TRUE,NA,0.16793349168646082
spatial_spd,48777,Europe,Temperate_Without_dry_season,analysis=spatial_spd|dataset_id=48777|region=Europe|climatezone=Temperate_Without_dry_season,human,0.0797,-0.01879999999999999,0.0609,19.09,TRUE,0.319,TRUE,TRUE,TRUE,TRUE,TRUE,FALSE,FALSE,TRUE,NA,0.19090909090909092
spatial_spd,48777,Europe,Temperate_Without_dry_season,analysis=spatial_spd|dataset_id=48777|region=Europe|climatezone=Temperate_Without_dry_season,climate,0.277,-0.01880000000000004,0.2582,80.94,TRUE,0.319,TRUE,TRUE,TRUE,TRUE,TRUE,FALSE,FALSE,TRUE,NA,0.8094043887147335
spatial_spd,3054,North America,Arid,analysis=spatial_spd|dataset_id=3054|region=North America|climatezone=Arid,human,0.0409,0.1298,0.1707,35.71,TRUE,0.478,TRUE,TRUE,TRUE,TRUE,TRUE,FALSE,FALSE,TRUE,NA,0.35711297071129705
spatial_spd,3054,North America,Arid,analysis=spatial_spd|dataset_id=3054|region=North America|climatezone=Arid,climate,0.1777,0.1297,0.3074,64.31,TRUE,0.478,TRUE,TRUE,TRUE,TRUE,TRUE,FALSE,FALSE,TRUE,NA,0.6430962343096235
spatial_spd,776,North America,Cold_Without_dry_season_Warm_Summer,analysis=spatial_spd|dataset_id=776|region=North America|climatezone=Cold_Without_dry_season_Warm_Summer,human,0.3225,-0.015600000000000003,0.3069,71.71,TRUE,0.428,TRUE,TRUE,TRUE,TRUE,TRUE,FALSE,FALSE,TRUE,NA,0.7170560747663551
spatial_spd,776,North America,Cold_Without_dry_season_Warm_Summer,analysis=spatial_spd|dataset_id=776|region=North America|climatezone=Cold_Without_dry_season_Warm_Summer,climate,0.1369,-0.015699999999999992,0.1212,28.32,TRUE,0.428,TRUE,TRUE,TRUE,TRUE,TRUE,FALSE,FALSE,TRUE,NA,0.28317757009345795
spatial_spd,1880,Latin America,Temperate_Without_dry_season,analysis=spatial_spd|dataset_id=1880|region=Latin America|climatezone=Temperate_Without_dry_season,human,0.0019,-0.0146,-0.0127,-2.41,TRUE,0.528,TRUE,TRUE,TRUE,TRUE,TRUE,FALSE,TRUE,TRUE,NA,-0.024053030303030302
spatial_spd,1880,Latin America,Temperate_Without_dry_season,analysis=spatial_spd|dataset_id=1880|region=Latin America|climatezone=Temperate_Without_dry_season,climate,0.555,-0.014700000000000046,0.5403,102.33,TRUE,0.528,TRUE,TRUE,TRUE,TRUE,TRUE,FALSE,TRUE,TRUE,NA,1.0232954545454545
spatial_spd,4311,Europe,Temperate_Without_dry_season,analysis=spatial_spd|dataset_id=4311|region=Europe|climatezone=Temperate_Without_dry_season,human,0.0936,0.013700000000000004,0.1073,22.64,TRUE,0.474,TRUE,TRUE,TRUE,TRUE,TRUE,FALSE,FALSE,TRUE,NA,0.22637130801687766
spatial_spd,4311,Europe,Temperate_Without_dry_season,analysis=spatial_spd|dataset_id=4311|region=Europe|climatezone=Temperate_Without_dry_season,climate,0.3524,0.013800000000000034,0.3662,77.26,TRUE,0.474,TRUE,TRUE,TRUE,TRUE,TRUE,FALSE,FALSE,TRUE,NA,0.7725738396624473
spatial_spd,48976,Europe,Temperate_Without_dry_season,analysis=spatial_spd|dataset_id=48976|region=Europe|climatezone=Temperate_Without_dry_season,human,0.1872,-0.03620000000000001,0.151,26.08,TRUE,0.579,TRUE,TRUE,TRUE,TRUE,TRUE,FALSE,FALSE,TRUE,NA,0.2607944732297064
spatial_spd,48976,Europe,Temperate_Without_dry_season,analysis=spatial_spd|dataset_id=48976|region=Europe|climatezone=Temperate_Without_dry_season,climate,0.4637,-0.03620000000000001,0.4275,73.83,TRUE,0.579,TRUE,TRUE,TRUE,TRUE,TRUE,FALSE,FALSE,TRUE,NA,0.7383419689119172
spatial_spd,3482,North America,Cold_Without_dry_season_Warm_Summer,analysis=spatial_spd|dataset_id=3482|region=North America|climatezone=Cold_Without_dry_season_Warm_Summer,human,0.0395,0.12329999999999999,0.1628,23.8,TRUE,0.684,TRUE,TRUE,TRUE,TRUE,TRUE,FALSE,FALSE,TRUE,NA,0.23801169590643273
spatial_spd,3482,North America,Cold_Without_dry_season_Warm_Summer,analysis=spatial_spd|dataset_id=3482|region=North America|climatezone=Cold_Without_dry_season_Warm_Summer,climate,0.3977,0.12330000000000002,0.521,76.17,TRUE,0.684,TRUE,TRUE,TRUE,TRUE,TRUE,FALSE,FALSE,TRUE,NA,0.7616959064327485
spatial_spd,15185,North America,Cold_Without_dry_season_Cold_Summer,analysis=spatial_spd|dataset_id=15185|region=North America|climatezone=Cold_Without_dry_season_Cold_Summer,human,0.004,0.0986,0.1026,17.84,TRUE,0.575,TRUE,TRUE,TRUE,TRUE,TRUE,FALSE,FALSE,TRUE,NA,0.17843478260869566
spatial_spd,15185,North America,Cold_Without_dry_season_Cold_Summer,analysis=spatial_spd|dataset_id=15185|region=North America|climatezone=Cold_Without_dry_season_Cold_Summer,climate,0.3738,0.09849999999999998,0.4723,82.14,TRUE,0.575,TRUE,TRUE,TRUE,TRUE,TRUE,FALSE,FALSE,TRUE,NA,0.8213913043478261
spatial_spd,21580,Latin America,Tropical,analysis=spatial_spd|dataset_id=21580|region=Latin America|climatezone=Tropical,human,0.0465,0.017,0.0635,22.84,TRUE,0.278,TRUE,TRUE,TRUE,TRUE,TRUE,FALSE,FALSE,TRUE,NA,0.22841726618705036
spatial_spd,21580,Latin America,Tropical,analysis=spatial_spd|dataset_id=21580|region=Latin America|climatezone=Tropical,climate,0.1975,0.016999999999999987,0.2145,77.16,TRUE,0.278,TRUE,TRUE,TRUE,TRUE,TRUE,FALSE,FALSE,TRUE,NA,0.7715827338129495
spatial_spd,42681,Europe,Cold_Without_dry_season_Warm_Summer,analysis=spatial_spd|dataset_id=42681|region=Europe|climatezone=Cold_Without_dry_season_Warm_Summer,human,0.0388,-0.024900000000000002,0.0139,2.78,TRUE,0.5,TRUE,TRUE,TRUE,TRUE,TRUE,FALSE,FALSE,TRUE,NA,0.0278
spatial_spd,42681,Europe,Cold_Without_dry_season_Warm_Summer,analysis=spatial_spd|dataset_id=42681|region=Europe|climatezone=Cold_Without_dry_season_Warm_Summer,climate,0.5106,-0.024900000000000033,0.4857,97.14,TRUE,0.5,TRUE,TRUE,TRUE,TRUE,TRUE,FALSE,FALSE,TRUE,NA,0.9714
spatial_spd,24319,Europe,Cold_Without_dry_season_Cold_Summer,analysis=spatial_spd|dataset_id=24319|region=Europe|climatezone=Cold_Without_dry_season_Cold_Summer,human,-0.0041,-0.0116,-0.0157,-4.41,TRUE,0.356,TRUE,TRUE,TRUE,TRUE,TRUE,TRUE,TRUE,TRUE,NA,-0.044101123595505616
spatial_spd,24319,Europe,Cold_Without_dry_season_Cold_Summer,analysis=spatial_spd|dataset_id=24319|region=Europe|climatezone=Cold_Without_dry_season_Cold_Summer,climate,0.3831,-0.0116,0.3715,104.35,TRUE,0.356,TRUE,TRUE,TRUE,TRUE,TRUE,TRUE,TRUE,TRUE,NA,1.0435393258426966
spatial_spd,15734,North America,Cold_Dry_Summer,analysis=spatial_spd|dataset_id=15734|region=North America|climatezone=Cold_Dry_Summer,human,0.0333,0.0963,0.1296,36.61,TRUE,0.354,TRUE,TRUE,TRUE,TRUE,TRUE,FALSE,FALSE,TRUE,NA,0.36610169491525424
spatial_spd,15734,North America,Cold_Dry_Summer,analysis=spatial_spd|dataset_id=15734|region=North America|climatezone=Cold_Dry_Summer,climate,0.1277,0.0963,0.224,63.28,TRUE,0.354,TRUE,TRUE,TRUE,TRUE,TRUE,FALSE,FALSE,TRUE,NA,0.632768361581921
spatial_spd,691,North America,Cold_Without_dry_season_Cold_Summer,analysis=spatial_spd|dataset_id=691|region=North America|climatezone=Cold_Without_dry_season_Cold_Summer,human,0.0093,0.0923,0.1016,15.83,TRUE,0.642,TRUE,TRUE,TRUE,TRUE,TRUE,FALSE,FALSE,TRUE,NA,0.15825545171339564
spatial_spd,691,North America,Cold_Without_dry_season_Cold_Summer,analysis=spatial_spd|dataset_id=691|region=North America|climatezone=Cold_Without_dry_season_Cold_Summer,climate,0.4479,0.0922,0.5401,84.13,TRUE,0.642,TRUE,TRUE,TRUE,TRUE,TRUE,FALSE,FALSE,TRUE,NA,0.8412772585669782
spatial_spd,860,North America,Cold_Without_dry_season_Warm_Summer,analysis=spatial_spd|dataset_id=860|region=North America|climatezone=Cold_Without_dry_season_Warm_Summer,human,-0.0029,0.008,0.0051,2.36,TRUE,0.216,TRUE,TRUE,TRUE,TRUE,TRUE,TRUE,FALSE,TRUE,NA,0.023611111111111114
spatial_spd,860,North America,Cold_Without_dry_season_Warm_Summer,analysis=spatial_spd|dataset_id=860|region=North America|climatezone=Cold_Without_dry_season_Warm_Summer,climate,0.2033,0.00799999999999998,0.2113,97.82,TRUE,0.216,TRUE,TRUE,TRUE,TRUE,TRUE,TRUE,FALSE,TRUE,NA,0.9782407407407407
spatial_spd,22745,Europe,Cold_Without_dry_season_Cold_Summer,analysis=spatial_spd|dataset_id=22745|region=Europe|climatezone=Cold_Without_dry_season_Cold_Summer,human,0.0452,0.0414,0.0866,47.85,TRUE,0.181,TRUE,TRUE,TRUE,TRUE,TRUE,FALSE,FALSE,TRUE,NA,0.47845303867403316
spatial_spd,22745,Europe,Cold_Without_dry_season_Cold_Summer,analysis=spatial_spd|dataset_id=22745|region=Europe|climatezone=Cold_Without_dry_season_Cold_Summer,climate,0.0527,0.041400000000000006,0.0941,51.99,TRUE,0.181,TRUE,TRUE,TRUE,TRUE,TRUE,FALSE,FALSE,TRUE,NA,0.519889502762431
spatial_spd,24321,Europe,Cold_Without_dry_season_Warm_Summer,analysis=spatial_spd|dataset_id=24321|region=Europe|climatezone=Cold_Without_dry_season_Warm_Summer,human,0.1493,-0.006199999999999983,0.1431,26.21,TRUE,0.546,TRUE,TRUE,TRUE,TRUE,TRUE,FALSE,FALSE,TRUE,NA,0.2620879120879121
spatial_spd,24321,Europe,Cold_Without_dry_season_Warm_Summer,analysis=spatial_spd|dataset_id=24321|region=Europe|climatezone=Cold_Without_dry_season_Warm_Summer,climate,0.4089,-0.006099999999999994,0.4028,73.77,TRUE,0.546,TRUE,TRUE,TRUE,TRUE,TRUE,FALSE,FALSE,TRUE,NA,0.7377289377289377
spatial_spd,1604,North America,Polar,analysis=spatial_spd|dataset_id=1604|region=North America|climatezone=Polar,human,-0.0048,-0.0161,-0.0209,-5.4,TRUE,0.387,TRUE,TRUE,TRUE,TRUE,TRUE,TRUE,TRUE,TRUE,NA,-0.05400516795865633
spatial_spd,1604,North America,Polar,analysis=spatial_spd|dataset_id=1604|region=North America|climatezone=Polar,climate,0.4243,-0.016199999999999992,0.4081,105.45,TRUE,0.387,TRUE,TRUE,TRUE,TRUE,TRUE,TRUE,TRUE,TRUE,NA,1.0545219638242895
spatial_spd,45349,Europe,Cold_Without_dry_season_Cold_Summer,analysis=spatial_spd|dataset_id=45349|region=Europe|climatezone=Cold_Without_dry_season_Cold_Summer,human,0.0882,-0.018299999999999997,0.0699,20.09,TRUE,0.348,TRUE,TRUE,TRUE,TRUE,TRUE,FALSE,FALSE,TRUE,NA,0.20086206896551725
spatial_spd,45349,Europe,Cold_Without_dry_season_Cold_Summer,analysis=spatial_spd|dataset_id=45349|region=Europe|climatezone=Cold_Without_dry_season_Cold_Summer,climate,0.2965,-0.018399999999999972,0.2781,79.91,TRUE,0.348,TRUE,TRUE,TRUE,TRUE,TRUE,FALSE,FALSE,TRUE,NA,0.7991379310344828
spatial_spd,294,Latin America,Temperate_Without_dry_season,analysis=spatial_spd|dataset_id=294|region=Latin America|climatezone=Temperate_Without_dry_season,human,-0.0579,0.0707,0.0128,3.22,TRUE,0.398,TRUE,TRUE,TRUE,TRUE,TRUE,TRUE,FALSE,TRUE,NA,0.032160804020100506
spatial_spd,294,Latin America,Temperate_Without_dry_season,analysis=spatial_spd|dataset_id=294|region=Latin America|climatezone=Temperate_Without_dry_season,climate,0.3141,0.07069999999999999,0.3848,96.68,TRUE,0.398,TRUE,TRUE,TRUE,TRUE,TRUE,TRUE,FALSE,TRUE,NA,0.9668341708542713
spatial_spd,21917,Latin America,Polar,analysis=spatial_spd|dataset_id=21917|region=Latin America|climatezone=Polar,human,-0.0905,0.059699999999999996,-0.0308,-22,TRUE,0.14,TRUE,TRUE,TRUE,TRUE,TRUE,TRUE,TRUE,TRUE,NA,-0.21999999999999997
spatial_spd,21917,Latin America,Polar,analysis=spatial_spd|dataset_id=21917|region=Latin America|climatezone=Polar,climate,0.1114,0.0597,0.1711,122.21,TRUE,0.14,TRUE,TRUE,TRUE,TRUE,TRUE,TRUE,TRUE,TRUE,NA,1.222142857142857
spatial_spd,24042,Europe,Cold_Without_dry_season_Warm_Summer,analysis=spatial_spd|dataset_id=24042|region=Europe|climatezone=Cold_Without_dry_season_Warm_Summer,human,-0.0426,0.036699999999999997,-0.0059,-12.29,TRUE,0.048,TRUE,TRUE,TRUE,TRUE,TRUE,TRUE,TRUE,TRUE,NA,-0.12291666666666666
spatial_spd,24042,Europe,Cold_Without_dry_season_Warm_Summer,analysis=spatial_spd|dataset_id=24042|region=Europe|climatezone=Cold_Without_dry_season_Warm_Summer,climate,0.017,0.0366,0.0536,111.67,TRUE,0.048,TRUE,TRUE,TRUE,TRUE,TRUE,TRUE,TRUE,TRUE,NA,1.1166666666666667
spatial_spd,48984,Europe,Cold_Without_dry_season_Warm_Summer,analysis=spatial_spd|dataset_id=48984|region=Europe|climatezone=Cold_Without_dry_season_Warm_Summer,human,-0.0429,0.0184,-0.0245,-4.95,TRUE,0.495,TRUE,TRUE,TRUE,TRUE,TRUE,TRUE,TRUE,TRUE,NA,-0.049494949494949494
spatial_spd,48984,Europe,Cold_Without_dry_season_Warm_Summer,analysis=spatial_spd|dataset_id=48984|region=Europe|climatezone=Cold_Without_dry_season_Warm_Summer,climate,0.501,0.018399999999999972,0.5194,104.93,TRUE,0.495,TRUE,TRUE,TRUE,TRUE,TRUE,TRUE,TRUE,TRUE,NA,1.0492929292929292
spatial_spd,672,North America,Cold_Without_dry_season_Warm_Summer,analysis=spatial_spd|dataset_id=672|region=North America|climatezone=Cold_Without_dry_season_Warm_Summer,human,-0.0185,0.2792,0.2607,38.17,TRUE,0.683,TRUE,TRUE,TRUE,TRUE,TRUE,TRUE,FALSE,TRUE,NA,0.3816983894582723
spatial_spd,672,North America,Cold_Without_dry_season_Warm_Summer,analysis=spatial_spd|dataset_id=672|region=North America|climatezone=Cold_Without_dry_season_Warm_Summer,climate,0.1426,0.2793,0.4219,61.77,TRUE,0.683,TRUE,TRUE,TRUE,TRUE,TRUE,TRUE,FALSE,TRUE,NA,0.6177159590043924
spatial_spd,15732,North America,Cold_Without_dry_season_Warm_Summer,analysis=spatial_spd|dataset_id=15732|region=North America|climatezone=Cold_Without_dry_season_Warm_Summer,human,-0.0113,0.0259,0.0146,6.7,TRUE,0.218,TRUE,TRUE,TRUE,TRUE,TRUE,TRUE,FALSE,TRUE,NA,0.06697247706422019
spatial_spd,15732,North America,Cold_Without_dry_season_Warm_Summer,analysis=spatial_spd|dataset_id=15732|region=North America|climatezone=Cold_Without_dry_season_Warm_Summer,climate,0.1778,0.02589999999999998,0.2037,93.44,TRUE,0.218,TRUE,TRUE,TRUE,TRUE,TRUE,TRUE,FALSE,TRUE,NA,0.9344036697247706
spatial_spd,45713,Europe,Cold_Without_dry_season_Cold_Summer,analysis=spatial_spd|dataset_id=45713|region=Europe|climatezone=Cold_Without_dry_season_Cold_Summer,human,0.1551,0.031,0.1861,39.85,TRUE,0.467,TRUE,TRUE,TRUE,TRUE,TRUE,FALSE,FALSE,TRUE,NA,0.3985010706638115
spatial_spd,45713,Europe,Cold_Without_dry_season_Cold_Summer,analysis=spatial_spd|dataset_id=45713|region=Europe|climatezone=Cold_Without_dry_season_Cold_Summer,climate,0.2504,0.030999999999999972,0.2814,60.26,TRUE,0.467,TRUE,TRUE,TRUE,TRUE,TRUE,FALSE,FALSE,TRUE,NA,0.6025695931477515
spatial_spd,1390,North America,Cold_Without_dry_season_Cold_Summer,analysis=spatial_spd|dataset_id=1390|region=North America|climatezone=Cold_Without_dry_season_Cold_Summer,human,-0.0355,0.041999999999999996,0.0065,1.51,TRUE,0.43,TRUE,TRUE,TRUE,TRUE,TRUE,TRUE,FALSE,TRUE,NA,0.015116279069767442
spatial_spd,1390,North America,Cold_Without_dry_season_Cold_Summer,analysis=spatial_spd|dataset_id=1390|region=North America|climatezone=Cold_Without_dry_season_Cold_Summer,climate,0.3818,0.04200000000000004,0.4238,98.56,TRUE,0.43,TRUE,TRUE,TRUE,TRUE,TRUE,TRUE,FALSE,TRUE,NA,0.9855813953488373
spatial_spd,2671,North America,Cold_Without_dry_season_Cold_Summer,analysis=spatial_spd|dataset_id=2671|region=North America|climatezone=Cold_Without_dry_season_Cold_Summer,human,-0.0295,0.09040000000000001,0.0609,22.47,TRUE,0.271,TRUE,TRUE,TRUE,TRUE,TRUE,TRUE,FALSE,TRUE,NA,0.2247232472324723
spatial_spd,2671,North America,Cold_Without_dry_season_Cold_Summer,analysis=spatial_spd|dataset_id=2671|region=North America|climatezone=Cold_Without_dry_season_Cold_Summer,climate,0.1199,0.0905,0.2104,77.64,TRUE,0.271,TRUE,TRUE,TRUE,TRUE,TRUE,TRUE,FALSE,TRUE,NA,0.7763837638376383
spatial_spd,16075,North America,Cold_Dry_Summer,analysis=spatial_spd|dataset_id=16075|region=North America|climatezone=Cold_Dry_Summer,human,7e-4,-0.0045,-0.0038,-1.54,TRUE,0.247,TRUE,TRUE,TRUE,TRUE,TRUE,FALSE,TRUE,TRUE,NA,-0.015384615384615385
spatial_spd,16075,North America,Cold_Dry_Summer,analysis=spatial_spd|dataset_id=16075|region=North America|climatezone=Cold_Dry_Summer,climate,0.2551,-0.004500000000000004,0.2506,101.46,TRUE,0.247,TRUE,TRUE,TRUE,TRUE,TRUE,FALSE,TRUE,TRUE,NA,1.014574898785425
spatial_spd,4367,Europe,Cold_Without_dry_season_Warm_Summer,analysis=spatial_spd|dataset_id=4367|region=Europe|climatezone=Cold_Without_dry_season_Warm_Summer,human,-0.0031,8.999999999999998e-4,-0.0022,-1.17,TRUE,0.188,TRUE,TRUE,TRUE,TRUE,TRUE,TRUE,TRUE,TRUE,NA,-0.01170212765957447
spatial_spd,4367,Europe,Cold_Without_dry_season_Warm_Summer,analysis=spatial_spd|dataset_id=4367|region=Europe|climatezone=Cold_Without_dry_season_Warm_Summer,climate,0.1895,9.000000000000119e-4,0.1904,101.28,TRUE,0.188,TRUE,TRUE,TRUE,TRUE,TRUE,TRUE,TRUE,TRUE,NA,1.0127659574468086
spatial_spd,19820,North America,Temperate_Dry_Summer,analysis=spatial_spd|dataset_id=19820|region=North America|climatezone=Temperate_Dry_Summer,human,-0.0465,0.065,0.0185,7.09,TRUE,0.261,TRUE,TRUE,TRUE,TRUE,TRUE,TRUE,FALSE,TRUE,NA,0.07088122605363983
spatial_spd,19820,North America,Temperate_Dry_Summer,analysis=spatial_spd|dataset_id=19820|region=North America|climatezone=Temperate_Dry_Summer,climate,0.1775,0.06490000000000001,0.2424,92.87,TRUE,0.261,TRUE,TRUE,TRUE,TRUE,TRUE,TRUE,FALSE,TRUE,NA,0.928735632183908
spatial_spd,22894,Europe,Cold_Without_dry_season_Cold_Summer,analysis=spatial_spd|dataset_id=22894|region=Europe|climatezone=Cold_Without_dry_season_Cold_Summer,human,0.0088,-0.0061,0.0027,1.26,TRUE,0.214,TRUE,TRUE,TRUE,TRUE,TRUE,FALSE,FALSE,TRUE,NA,0.012616822429906542
spatial_spd,22894,Europe,Cold_Without_dry_season_Cold_Summer,analysis=spatial_spd|dataset_id=22894|region=Europe|climatezone=Cold_Without_dry_season_Cold_Summer,climate,0.2169,-0.006100000000000022,0.2108,98.5,TRUE,0.214,TRUE,TRUE,TRUE,TRUE,TRUE,FALSE,FALSE,TRUE,NA,0.9850467289719625
spatial_spd,2645,North America,Cold_Without_dry_season_Hot_Summer,analysis=spatial_spd|dataset_id=2645|region=North America|climatezone=Cold_Without_dry_season_Hot_Summer,human,0.035,0.12489999999999998,0.1599,41.11,TRUE,0.389,TRUE,TRUE,TRUE,TRUE,TRUE,FALSE,FALSE,TRUE,NA,0.4110539845758354
spatial_spd,2645,North America,Cold_Without_dry_season_Hot_Summer,analysis=spatial_spd|dataset_id=2645|region=North America|climatezone=Cold_Without_dry_season_Hot_Summer,climate,0.1042,0.1249,0.2291,58.89,TRUE,0.389,TRUE,TRUE,TRUE,TRUE,TRUE,FALSE,FALSE,TRUE,NA,0.5889460154241645
spatial_spd,22890,Europe,Cold_Without_dry_season_Warm_Summer,analysis=spatial_spd|dataset_id=22890|region=Europe|climatezone=Cold_Without_dry_season_Warm_Summer,human,0.0782,-0.05410000000000001,0.0241,8.01,TRUE,0.301,TRUE,TRUE,TRUE,TRUE,TRUE,FALSE,FALSE,TRUE,NA,0.08006644518272425
spatial_spd,22890,Europe,Cold_Without_dry_season_Warm_Summer,analysis=spatial_spd|dataset_id=22890|region=Europe|climatezone=Cold_Without_dry_season_Warm_Summer,climate,0.3306,-0.05409999999999998,0.2765,91.86,TRUE,0.301,TRUE,TRUE,TRUE,TRUE,TRUE,FALSE,FALSE,TRUE,NA,0.9186046511627908
spatial_spd,253,North America,Cold_Without_dry_season_Cold_Summer,analysis=spatial_spd|dataset_id=253|region=North America|climatezone=Cold_Without_dry_season_Cold_Summer,human,-0.0282,0.0087,-0.0195,-5.96,TRUE,0.327,TRUE,TRUE,TRUE,TRUE,TRUE,TRUE,TRUE,TRUE,NA,-0.059633027522935776
spatial_spd,253,North America,Cold_Without_dry_season_Cold_Summer,analysis=spatial_spd|dataset_id=253|region=North America|climatezone=Cold_Without_dry_season_Cold_Summer,climate,0.3381,0.008799999999999975,0.3469,106.09,TRUE,0.327,TRUE,TRUE,TRUE,TRUE,TRUE,TRUE,TRUE,TRUE,NA,1.0608562691131498
spatial_spd,2647,North America,Cold_Without_dry_season_Cold_Summer,analysis=spatial_spd|dataset_id=2647|region=North America|climatezone=Cold_Without_dry_season_Cold_Summer,human,0.1288,-0.0754,0.0534,12.99,TRUE,0.411,TRUE,TRUE,TRUE,TRUE,TRUE,FALSE,FALSE,TRUE,NA,0.1299270072992701
spatial_spd,2647,North America,Cold_Without_dry_season_Cold_Summer,analysis=spatial_spd|dataset_id=2647|region=North America|climatezone=Cold_Without_dry_season_Cold_Summer,climate,0.4329,-0.07540000000000002,0.3575,86.98,TRUE,0.411,TRUE,TRUE,TRUE,TRUE,TRUE,FALSE,FALSE,TRUE,NA,0.8698296836982968
spatial_spd,13097,North America,Cold_Without_dry_season_Warm_Summer,analysis=spatial_spd|dataset_id=13097|region=North America|climatezone=Cold_Without_dry_season_Warm_Summer,human,0.0368,0.08910000000000001,0.1259,45.78,TRUE,0.275,TRUE,TRUE,TRUE,TRUE,TRUE,FALSE,FALSE,TRUE,NA,0.45781818181818185
spatial_spd,13097,North America,Cold_Without_dry_season_Warm_Summer,analysis=spatial_spd|dataset_id=13097|region=North America|climatezone=Cold_Without_dry_season_Warm_Summer,climate,0.06,0.08910000000000001,0.1491,54.22,TRUE,0.275,TRUE,TRUE,TRUE,TRUE,TRUE,FALSE,FALSE,TRUE,NA,0.5421818181818182
spatial_spd,15789,North America,Polar,analysis=spatial_spd|dataset_id=15789|region=North America|climatezone=Polar,human,-0.0112,0.075,0.0638,51.87,TRUE,0.123,TRUE,TRUE,TRUE,TRUE,TRUE,TRUE,FALSE,TRUE,NA,0.5186991869918699
spatial_spd,15789,North America,Polar,analysis=spatial_spd|dataset_id=15789|region=North America|climatezone=Polar,climate,-0.0157,0.075,0.0593,48.21,TRUE,0.123,TRUE,TRUE,TRUE,TRUE,TRUE,TRUE,FALSE,TRUE,NA,0.4821138211382114
spatial_spd,221,North America,Cold_Without_dry_season_Warm_Summer,analysis=spatial_spd|dataset_id=221|region=North America|climatezone=Cold_Without_dry_season_Warm_Summer,human,-0.0405,0.22340000000000002,0.1829,49.57,TRUE,0.369,TRUE,TRUE,TRUE,TRUE,TRUE,TRUE,FALSE,TRUE,NA,0.4956639566395664
spatial_spd,221,North America,Cold_Without_dry_season_Warm_Summer,analysis=spatial_spd|dataset_id=221|region=North America|climatezone=Cold_Without_dry_season_Warm_Summer,climate,-0.0377,0.2234,0.1857,50.33,TRUE,0.369,TRUE,TRUE,TRUE,TRUE,TRUE,TRUE,FALSE,TRUE,NA,0.5032520325203252
spatial_spd,15132,Latin America,Temperate_Without_dry_season,analysis=spatial_spd|dataset_id=15132|region=Latin America|climatezone=Temperate_Without_dry_season,human,-0.0261,0.006600000000000002,-0.0195,-60.94,TRUE,0.032,TRUE,TRUE,TRUE,TRUE,TRUE,TRUE,TRUE,TRUE,NA,-0.609375
spatial_spd,15132,Latin America,Temperate_Without_dry_season,analysis=spatial_spd|dataset_id=15132|region=Latin America|climatezone=Temperate_Without_dry_season,climate,0.0448,0.006600000000000002,0.0514,160.63,TRUE,0.032,TRUE,TRUE,TRUE,TRUE,TRUE,TRUE,TRUE,TRUE,NA,1.60625
spatial_spd,1814,North America,Cold_Without_dry_season_Warm_Summer,analysis=spatial_spd|dataset_id=1814|region=North America|climatezone=Cold_Without_dry_season_Warm_Summer,human,0.1043,0.0844,0.1887,39.07,TRUE,0.483,TRUE,TRUE,TRUE,TRUE,TRUE,FALSE,FALSE,TRUE,NA,0.3906832298136646
spatial_spd,1814,North America,Cold_Without_dry_season_Warm_Summer,analysis=spatial_spd|dataset_id=1814|region=North America|climatezone=Cold_Without_dry_season_Warm_Summer,climate,0.2095,0.08430000000000001,0.2938,60.83,TRUE,0.483,TRUE,TRUE,TRUE,TRUE,TRUE,FALSE,FALSE,TRUE,NA,0.6082815734989648
spatial_spd,22936,Europe,Cold_Without_dry_season_Warm_Summer,analysis=spatial_spd|dataset_id=22936|region=Europe|climatezone=Cold_Without_dry_season_Warm_Summer,human,0.0345,0.005999999999999998,0.0405,13.78,TRUE,0.294,TRUE,TRUE,TRUE,TRUE,TRUE,FALSE,FALSE,TRUE,NA,0.13775510204081634
spatial_spd,22936,Europe,Cold_Without_dry_season_Warm_Summer,analysis=spatial_spd|dataset_id=22936|region=Europe|climatezone=Cold_Without_dry_season_Warm_Summer,climate,0.248,0.005900000000000016,0.2539,86.36,TRUE,0.294,TRUE,TRUE,TRUE,TRUE,TRUE,FALSE,FALSE,TRUE,NA,0.8636054421768709
spatial_spd,3041,North America,Cold_Without_dry_season_Warm_Summer,analysis=spatial_spd|dataset_id=3041|region=North America|climatezone=Cold_Without_dry_season_Warm_Summer,human,0.0696,0.2113,0.2809,38.27,TRUE,0.734,TRUE,TRUE,TRUE,TRUE,TRUE,FALSE,FALSE,TRUE,NA,0.38269754768392367
spatial_spd,3041,North America,Cold_Without_dry_season_Warm_Summer,analysis=spatial_spd|dataset_id=3041|region=North America|climatezone=Cold_Without_dry_season_Warm_Summer,climate,0.2419,0.2113,0.4532,61.74,TRUE,0.734,TRUE,TRUE,TRUE,TRUE,TRUE,FALSE,FALSE,TRUE,NA,0.6174386920980927
spatial_spd,24057,Europe,Polar,analysis=spatial_spd|dataset_id=24057|region=Europe|climatezone=Polar,human,0.07,-0.027300000000000005,0.0427,21.35,TRUE,0.2,TRUE,TRUE,TRUE,TRUE,TRUE,FALSE,FALSE,TRUE,NA,0.2135
spatial_spd,24057,Europe,Polar,analysis=spatial_spd|dataset_id=24057|region=Europe|climatezone=Polar,climate,0.1844,-0.02730000000000002,0.1571,78.55,TRUE,0.2,TRUE,TRUE,TRUE,TRUE,TRUE,FALSE,FALSE,TRUE,NA,0.7854999999999999
spatial_spd,1630,Oceania,Temperate_Without_dry_season,analysis=spatial_spd|dataset_id=1630|region=Oceania|climatezone=Temperate_Without_dry_season,human,0.1814,-0.0067000000000000115,0.1747,64.46,TRUE,0.271,TRUE,TRUE,TRUE,TRUE,TRUE,FALSE,FALSE,TRUE,NA,0.6446494464944649
spatial_spd,1630,Oceania,Temperate_Without_dry_season,analysis=spatial_spd|dataset_id=1630|region=Oceania|climatezone=Temperate_Without_dry_season,climate,0.1029,-0.006600000000000009,0.0963,35.54,TRUE,0.271,TRUE,TRUE,TRUE,TRUE,TRUE,FALSE,FALSE,TRUE,NA,0.355350553505535
spatial_spd,2622,North America,Cold_Without_dry_season_Cold_Summer,analysis=spatial_spd|dataset_id=2622|region=North America|climatezone=Cold_Without_dry_season_Cold_Summer,human,0.1388,-0.0514,0.0874,30.35,TRUE,0.288,TRUE,TRUE,TRUE,TRUE,TRUE,FALSE,FALSE,TRUE,NA,0.30347222222222225
spatial_spd,2622,North America,Cold_Without_dry_season_Cold_Summer,analysis=spatial_spd|dataset_id=2622|region=North America|climatezone=Cold_Without_dry_season_Cold_Summer,climate,0.2518,-0.05140000000000003,0.2004,69.58,TRUE,0.288,TRUE,TRUE,TRUE,TRUE,TRUE,FALSE,FALSE,TRUE,NA,0.6958333333333334
spatial_spd,40875,North America,Cold_Without_dry_season_Warm_Summer,analysis=spatial_spd|dataset_id=40875|region=North America|climatezone=Cold_Without_dry_season_Warm_Summer,human,0.1499,0.044499999999999984,0.1944,40.08,TRUE,0.485,TRUE,TRUE,TRUE,TRUE,TRUE,FALSE,FALSE,TRUE,NA,0.4008247422680412
spatial_spd,40875,North America,Cold_Without_dry_season_Warm_Summer,analysis=spatial_spd|dataset_id=40875|region=North America|climatezone=Cold_Without_dry_season_Warm_Summer,climate,0.2462,0.04440000000000002,0.2906,59.92,TRUE,0.485,TRUE,TRUE,TRUE,TRUE,TRUE,FALSE,FALSE,TRUE,NA,0.5991752577319588
spatial_spd,2888,North America,Cold_Without_dry_season_Warm_Summer,analysis=spatial_spd|dataset_id=2888|region=North America|climatezone=Cold_Without_dry_season_Warm_Summer,human,-9e-4,-0.0178,-0.0187,-3.93,TRUE,0.476,TRUE,TRUE,TRUE,TRUE,TRUE,TRUE,TRUE,TRUE,NA,-0.03928571428571429
spatial_spd,2888,North America,Cold_Without_dry_season_Warm_Summer,analysis=spatial_spd|dataset_id=2888|region=North America|climatezone=Cold_Without_dry_season_Warm_Summer,climate,0.5122,-0.017799999999999983,0.4944,103.87,TRUE,0.476,TRUE,TRUE,TRUE,TRUE,TRUE,TRUE,TRUE,TRUE,NA,1.038655462184874
spatial_spd,17400,North America,Polar,analysis=spatial_spd|dataset_id=17400|region=North America|climatezone=Polar,human,0.0081,0.0592,0.0673,23.61,TRUE,0.285,TRUE,TRUE,TRUE,TRUE,TRUE,FALSE,FALSE,TRUE,NA,0.236140350877193
spatial_spd,17400,North America,Polar,analysis=spatial_spd|dataset_id=17400|region=North America|climatezone=Polar,climate,0.1581,0.05930000000000002,0.2174,76.28,TRUE,0.285,TRUE,TRUE,TRUE,TRUE,TRUE,FALSE,FALSE,TRUE,NA,0.7628070175438597
spatial_spd,24190,Europe,Cold_Without_dry_season_Cold_Summer,analysis=spatial_spd|dataset_id=24190|region=Europe|climatezone=Cold_Without_dry_season_Cold_Summer,human,-0.0322,0.0267,-0.0055,-2.57,TRUE,0.214,TRUE,TRUE,TRUE,TRUE,TRUE,TRUE,TRUE,TRUE,NA,-0.02570093457943925
spatial_spd,24190,Europe,Cold_Without_dry_season_Cold_Summer,analysis=spatial_spd|dataset_id=24190|region=Europe|climatezone=Cold_Without_dry_season_Cold_Summer,climate,0.1931,0.0267,0.2198,102.71,TRUE,0.214,TRUE,TRUE,TRUE,TRUE,TRUE,TRUE,TRUE,TRUE,NA,1.0271028037383179
spatial_spd,20034,Europe,Cold_Without_dry_season_Cold_Summer,analysis=spatial_spd|dataset_id=20034|region=Europe|climatezone=Cold_Without_dry_season_Cold_Summer,human,-0.0457,0.059399999999999994,0.0137,10.62,TRUE,0.129,TRUE,TRUE,TRUE,TRUE,TRUE,TRUE,FALSE,TRUE,NA,0.1062015503875969
spatial_spd,20034,Europe,Cold_Without_dry_season_Cold_Summer,analysis=spatial_spd|dataset_id=20034|region=Europe|climatezone=Cold_Without_dry_season_Cold_Summer,climate,0.0556,0.05940000000000001,0.115,89.15,TRUE,0.129,TRUE,TRUE,TRUE,TRUE,TRUE,TRUE,FALSE,TRUE,NA,0.8914728682170543
spatial_spd,1030,North America,Cold_Without_dry_season_Cold_Summer,analysis=spatial_spd|dataset_id=1030|region=North America|climatezone=Cold_Without_dry_season_Cold_Summer,human,-0.0163,0.0236,0.0073,3.12,TRUE,0.234,TRUE,TRUE,TRUE,TRUE,TRUE,TRUE,FALSE,TRUE,NA,0.031196581196581197
spatial_spd,1030,North America,Cold_Without_dry_season_Cold_Summer,analysis=spatial_spd|dataset_id=1030|region=North America|climatezone=Cold_Without_dry_season_Cold_Summer,climate,0.2032,0.02360000000000001,0.2268,96.92,TRUE,0.234,TRUE,TRUE,TRUE,TRUE,TRUE,TRUE,FALSE,TRUE,NA,0.9692307692307692
spatial_spd,1961,North America,Cold_Without_dry_season_Warm_Summer,analysis=spatial_spd|dataset_id=1961|region=North America|climatezone=Cold_Without_dry_season_Warm_Summer,human,0.1263,-0.01899999999999999,0.1073,29.48,TRUE,0.364,TRUE,TRUE,TRUE,TRUE,TRUE,FALSE,FALSE,TRUE,NA,0.2947802197802198
spatial_spd,1961,North America,Cold_Without_dry_season_Warm_Summer,analysis=spatial_spd|dataset_id=1961|region=North America|climatezone=Cold_Without_dry_season_Warm_Summer,climate,0.2759,-0.018899999999999972,0.257,70.6,TRUE,0.364,TRUE,TRUE,TRUE,TRUE,TRUE,FALSE,FALSE,TRUE,NA,0.7060439560439561
spatial_spd,41025,North America,Cold_Without_dry_season_Hot_Summer,analysis=spatial_spd|dataset_id=41025|region=North America|climatezone=Cold_Without_dry_season_Hot_Summer,human,-0.0035,-0.0277,-0.0312,-29.43,TRUE,0.106,TRUE,TRUE,TRUE,TRUE,TRUE,TRUE,TRUE,TRUE,NA,-0.2943396226415094
spatial_spd,41025,North America,Cold_Without_dry_season_Hot_Summer,analysis=spatial_spd|dataset_id=41025|region=North America|climatezone=Cold_Without_dry_season_Hot_Summer,climate,0.1651,-0.02779999999999999,0.1373,129.53,TRUE,0.106,TRUE,TRUE,TRUE,TRUE,TRUE,TRUE,TRUE,TRUE,NA,1.2952830188679245
spatial_spd,2644,North America,Cold_Dry_Summer,analysis=spatial_spd|dataset_id=2644|region=North America|climatezone=Cold_Dry_Summer,human,-0.0643,0.0797,0.0154,6.16,TRUE,0.25,TRUE,TRUE,TRUE,TRUE,TRUE,TRUE,FALSE,TRUE,NA,0.0616
spatial_spd,2644,North America,Cold_Dry_Summer,analysis=spatial_spd|dataset_id=2644|region=North America|climatezone=Cold_Dry_Summer,climate,0.1551,0.07970000000000002,0.2348,93.92,TRUE,0.25,TRUE,TRUE,TRUE,TRUE,TRUE,TRUE,FALSE,TRUE,NA,0.9392
spatial_spd,1897,North America,Cold_Without_dry_season_Hot_Summer,analysis=spatial_spd|dataset_id=1897|region=North America|climatezone=Cold_Without_dry_season_Hot_Summer,human,-0.0617,0.0092,-0.0525,-18.17,TRUE,0.289,TRUE,TRUE,TRUE,TRUE,TRUE,TRUE,TRUE,TRUE,NA,-0.18166089965397925
spatial_spd,1897,North America,Cold_Without_dry_season_Hot_Summer,analysis=spatial_spd|dataset_id=1897|region=North America|climatezone=Cold_Without_dry_season_Hot_Summer,climate,0.3325,0.009299999999999975,0.3418,118.27,TRUE,0.289,TRUE,TRUE,TRUE,TRUE,TRUE,TRUE,TRUE,TRUE,NA,1.1826989619377164
spatial_spd,2378,North America,Cold_Without_dry_season_Warm_Summer,analysis=spatial_spd|dataset_id=2378|region=North America|climatezone=Cold_Without_dry_season_Warm_Summer,human,0.0636,0.1065,0.1701,36.9,TRUE,0.461,TRUE,TRUE,TRUE,TRUE,TRUE,FALSE,FALSE,TRUE,NA,0.3689804772234273
spatial_spd,2378,North America,Cold_Without_dry_season_Warm_Summer,analysis=spatial_spd|dataset_id=2378|region=North America|climatezone=Cold_Without_dry_season_Warm_Summer,climate,0.1841,0.1066,0.2907,63.06,TRUE,0.461,TRUE,TRUE,TRUE,TRUE,TRUE,FALSE,FALSE,TRUE,NA,0.63058568329718
spatial_spd,1650,North America,Cold_Without_dry_season_Cold_Summer,analysis=spatial_spd|dataset_id=1650|region=North America|climatezone=Cold_Without_dry_season_Cold_Summer,human,0.0035,0.056799999999999996,0.0603,13.4,TRUE,0.45,TRUE,TRUE,TRUE,TRUE,TRUE,FALSE,FALSE,TRUE,NA,0.134
spatial_spd,1650,North America,Cold_Without_dry_season_Cold_Summer,analysis=spatial_spd|dataset_id=1650|region=North America|climatezone=Cold_Without_dry_season_Cold_Summer,climate,0.3323,0.056900000000000006,0.3892,86.49,TRUE,0.45,TRUE,TRUE,TRUE,TRUE,TRUE,FALSE,FALSE,TRUE,NA,0.8648888888888888
spatial_spd,15309,North America,Cold_Without_dry_season_Warm_Summer,analysis=spatial_spd|dataset_id=15309|region=North America|climatezone=Cold_Without_dry_season_Warm_Summer,human,-0.0763,0.09820000000000001,0.0219,14.22,TRUE,0.154,TRUE,TRUE,TRUE,TRUE,TRUE,TRUE,FALSE,TRUE,NA,0.1422077922077922
spatial_spd,15309,North America,Cold_Without_dry_season_Warm_Summer,analysis=spatial_spd|dataset_id=15309|region=North America|climatezone=Cold_Without_dry_season_Warm_Summer,climate,0.0341,0.09810000000000002,0.1322,85.84,TRUE,0.154,TRUE,TRUE,TRUE,TRUE,TRUE,TRUE,FALSE,TRUE,NA,0.8584415584415586
spatial_spd,355,Latin America,Polar,analysis=spatial_spd|dataset_id=355|region=Latin America|climatezone=Polar,human,-0.0198,0.0993,0.0795,37.32,TRUE,0.213,TRUE,TRUE,TRUE,TRUE,TRUE,TRUE,FALSE,TRUE,NA,0.3732394366197183
spatial_spd,355,Latin America,Polar,analysis=spatial_spd|dataset_id=355|region=Latin America|climatezone=Polar,climate,0.0344,0.0994,0.1338,62.82,TRUE,0.213,TRUE,TRUE,TRUE,TRUE,TRUE,TRUE,FALSE,TRUE,NA,0.6281690140845071
spatial_spd,2351,North America,Cold_Without_dry_season_Cold_Summer,analysis=spatial_spd|dataset_id=2351|region=North America|climatezone=Cold_Without_dry_season_Cold_Summer,human,-0.0339,0.106,0.0721,14.74,TRUE,0.489,TRUE,TRUE,TRUE,TRUE,TRUE,TRUE,FALSE,TRUE,NA,0.1474437627811861
spatial_spd,2351,North America,Cold_Without_dry_season_Cold_Summer,analysis=spatial_spd|dataset_id=2351|region=North America|climatezone=Cold_Without_dry_season_Cold_Summer,climate,0.3111,0.10600000000000004,0.4171,85.3,TRUE,0.489,TRUE,TRUE,TRUE,TRUE,TRUE,TRUE,FALSE,TRUE,NA,0.8529652351738242
spatial_spd,46457,Europe,Cold_Without_dry_season_Cold_Summer,analysis=spatial_spd|dataset_id=46457|region=Europe|climatezone=Cold_Without_dry_season_Cold_Summer,human,0.0021,0.0174,0.0195,5.77,TRUE,0.338,TRUE,TRUE,TRUE,TRUE,TRUE,FALSE,FALSE,TRUE,NA,0.05769230769230769
spatial_spd,46457,Europe,Cold_Without_dry_season_Cold_Summer,analysis=spatial_spd|dataset_id=46457|region=Europe|climatezone=Cold_Without_dry_season_Cold_Summer,climate,0.3012,0.01739999999999997,0.3186,94.26,TRUE,0.338,TRUE,TRUE,TRUE,TRUE,TRUE,FALSE,FALSE,TRUE,NA,0.942603550295858
spatial_spd,1656,North America,Cold_Without_dry_season_Cold_Summer,analysis=spatial_spd|dataset_id=1656|region=North America|climatezone=Cold_Without_dry_season_Cold_Summer,human,0.2748,-0.03699999999999998,0.2378,64.27,TRUE,0.37,TRUE,TRUE,TRUE,TRUE,TRUE,FALSE,FALSE,TRUE,NA,0.6427027027027027
spatial_spd,1656,North America,Cold_Without_dry_season_Cold_Summer,analysis=spatial_spd|dataset_id=1656|region=North America|climatezone=Cold_Without_dry_season_Cold_Summer,climate,0.1693,-0.037099999999999994,0.1322,35.73,TRUE,0.37,TRUE,TRUE,TRUE,TRUE,TRUE,FALSE,FALSE,TRUE,NA,0.3572972972972973
spatial_spd,3031,North America,Cold_Without_dry_season_Hot_Summer,analysis=spatial_spd|dataset_id=3031|region=North America|climatezone=Cold_Without_dry_season_Hot_Summer,human,0.0448,0.07239999999999999,0.1172,26.88,TRUE,0.436,TRUE,TRUE,TRUE,TRUE,TRUE,FALSE,FALSE,TRUE,NA,0.26880733944954127
spatial_spd,3031,North America,Cold_Without_dry_season_Hot_Summer,analysis=spatial_spd|dataset_id=3031|region=North America|climatezone=Cold_Without_dry_season_Hot_Summer,climate,0.2462,0.0723,0.3185,73.05,TRUE,0.436,TRUE,TRUE,TRUE,TRUE,TRUE,FALSE,FALSE,TRUE,NA,0.7305045871559633
spatial_spd,41222,Europe,Temperate_Without_dry_season,analysis=spatial_spd|dataset_id=41222|region=Europe|climatezone=Temperate_Without_dry_season,human,0.0022,0.0344,0.0366,12.84,TRUE,0.285,TRUE,TRUE,TRUE,TRUE,TRUE,FALSE,FALSE,TRUE,NA,0.12842105263157896
spatial_spd,41222,Europe,Temperate_Without_dry_season,analysis=spatial_spd|dataset_id=41222|region=Europe|climatezone=Temperate_Without_dry_season,climate,0.2143,0.034400000000000014,0.2487,87.26,TRUE,0.285,TRUE,TRUE,TRUE,TRUE,TRUE,FALSE,FALSE,TRUE,NA,0.8726315789473685
spatial_spd,23008,Europe,Cold_Without_dry_season_Warm_Summer,analysis=spatial_spd|dataset_id=23008|region=Europe|climatezone=Cold_Without_dry_season_Warm_Summer,human,-0.0316,0.012000000000000004,-0.0196,-6.9,TRUE,0.284,TRUE,TRUE,TRUE,TRUE,TRUE,TRUE,TRUE,TRUE,NA,-0.06901408450704226
spatial_spd,23008,Europe,Cold_Without_dry_season_Warm_Summer,analysis=spatial_spd|dataset_id=23008|region=Europe|climatezone=Cold_Without_dry_season_Warm_Summer,climate,0.2913,0.01200000000000001,0.3033,106.8,TRUE,0.284,TRUE,TRUE,TRUE,TRUE,TRUE,TRUE,TRUE,TRUE,NA,1.0679577464788734
spatial_spd,20306,North America,Arid,analysis=spatial_spd|dataset_id=20306|region=North America|climatezone=Arid,human,0.0944,-0.007900000000000004,0.0865,104.22,TRUE,0.083,TRUE,TRUE,TRUE,TRUE,TRUE,FALSE,TRUE,TRUE,NA,1.042168674698795
spatial_spd,20306,North America,Arid,analysis=spatial_spd|dataset_id=20306|region=North America|climatezone=Arid,climate,0.0041,-0.0079,-0.0038,-4.58,TRUE,0.083,TRUE,TRUE,TRUE,TRUE,TRUE,FALSE,TRUE,TRUE,NA,-0.04578313253012048
spatial_spd,543,North America,Cold_Without_dry_season_Cold_Summer,analysis=spatial_spd|dataset_id=543|region=North America|climatezone=Cold_Without_dry_season_Cold_Summer,human,0.1556,-0.012199999999999989,0.1434,52.53,TRUE,0.273,TRUE,TRUE,TRUE,TRUE,TRUE,FALSE,FALSE,TRUE,NA,0.5252747252747252
spatial_spd,543,North America,Cold_Without_dry_season_Cold_Summer,analysis=spatial_spd|dataset_id=543|region=North America|climatezone=Cold_Without_dry_season_Cold_Summer,climate,0.1421,-0.012200000000000016,0.1299,47.58,TRUE,0.273,TRUE,TRUE,TRUE,TRUE,TRUE,FALSE,FALSE,TRUE,NA,0.47582417582417574
spatial_spd,4147,Europe,Temperate_Without_dry_season,analysis=spatial_spd|dataset_id=4147|region=Europe|climatezone=Temperate_Without_dry_season,human,0.0814,-0.017100000000000004,0.0643,24.54,TRUE,0.262,TRUE,TRUE,TRUE,TRUE,TRUE,FALSE,FALSE,TRUE,NA,0.24541984732824426
spatial_spd,4147,Europe,Temperate_Without_dry_season,analysis=spatial_spd|dataset_id=4147|region=Europe|climatezone=Temperate_Without_dry_season,climate,0.2147,-0.017100000000000004,0.1976,75.42,TRUE,0.262,TRUE,TRUE,TRUE,TRUE,TRUE,FALSE,FALSE,TRUE,NA,0.7541984732824427
spatial_spd,17406,North America,Cold_Without_dry_season_Warm_Summer,analysis=spatial_spd|dataset_id=17406|region=North America|climatezone=Cold_Without_dry_season_Warm_Summer,human,0.0383,0.10750000000000001,0.1458,37.29,TRUE,0.391,TRUE,TRUE,TRUE,TRUE,TRUE,FALSE,FALSE,TRUE,NA,0.3728900255754476
spatial_spd,17406,North America,Cold_Without_dry_season_Warm_Summer,analysis=spatial_spd|dataset_id=17406|region=North America|climatezone=Cold_Without_dry_season_Warm_Summer,climate,0.1375,0.10749999999999998,0.245,62.66,TRUE,0.391,TRUE,TRUE,TRUE,TRUE,TRUE,FALSE,FALSE,TRUE,NA,0.6265984654731458
spatial_spd,48935,Europe,Arid,analysis=spatial_spd|dataset_id=48935|region=Europe|climatezone=Arid,human,0.0309,-0.038,-0.0071,-1.63,TRUE,0.436,TRUE,TRUE,TRUE,TRUE,TRUE,FALSE,TRUE,TRUE,NA,-0.01628440366972477
spatial_spd,48935,Europe,Arid,analysis=spatial_spd|dataset_id=48935|region=Europe|climatezone=Arid,climate,0.481,-0.03789999999999999,0.4431,101.63,TRUE,0.436,TRUE,TRUE,TRUE,TRUE,TRUE,FALSE,TRUE,TRUE,NA,1.0162844036697247
spatial_spd,40861,North America,Cold_Without_dry_season_Hot_Summer,analysis=spatial_spd|dataset_id=40861|region=North America|climatezone=Cold_Without_dry_season_Hot_Summer,human,-0.0182,0.0716,0.0534,24.95,TRUE,0.214,TRUE,TRUE,TRUE,TRUE,TRUE,TRUE,FALSE,TRUE,NA,0.24953271028037385
spatial_spd,40861,North America,Cold_Without_dry_season_Hot_Summer,analysis=spatial_spd|dataset_id=40861|region=North America|climatezone=Cold_Without_dry_season_Hot_Summer,climate,0.0895,0.0716,0.1611,75.28,TRUE,0.214,TRUE,TRUE,TRUE,TRUE,TRUE,TRUE,FALSE,TRUE,NA,0.752803738317757
spatial_spd,39474,North America,Cold_Without_dry_season_Warm_Summer,analysis=spatial_spd|dataset_id=39474|region=North America|climatezone=Cold_Without_dry_season_Warm_Summer,human,0.4176,-0.08270000000000005,0.3349,69.48,TRUE,0.482,TRUE,TRUE,TRUE,TRUE,TRUE,FALSE,FALSE,TRUE,NA,0.6948132780082987
spatial_spd,39474,North America,Cold_Without_dry_season_Warm_Summer,analysis=spatial_spd|dataset_id=39474|region=North America|climatezone=Cold_Without_dry_season_Warm_Summer,climate,0.2298,-0.0827,0.1471,30.52,TRUE,0.482,TRUE,TRUE,TRUE,TRUE,TRUE,FALSE,FALSE,TRUE,NA,0.30518672199170127
spatial_spd,48361,North America,Cold_Dry_Summer,analysis=spatial_spd|dataset_id=48361|region=North America|climatezone=Cold_Dry_Summer,human,-0.0077,-0.012599999999999998,-0.0203,-4.56,TRUE,0.445,TRUE,TRUE,TRUE,TRUE,TRUE,TRUE,TRUE,TRUE,NA,-0.04561797752808988
spatial_spd,48361,North America,Cold_Dry_Summer,analysis=spatial_spd|dataset_id=48361|region=North America|climatezone=Cold_Dry_Summer,climate,0.4777,-0.0126,0.4651,104.52,TRUE,0.445,TRUE,TRUE,TRUE,TRUE,TRUE,TRUE,TRUE,TRUE,NA,1.0451685393258427
spatial_spd,25,North America,Cold_Without_dry_season_Cold_Summer,analysis=spatial_spd|dataset_id=25|region=North America|climatezone=Cold_Without_dry_season_Cold_Summer,human,0.0422,0.0552,0.0974,15.58,TRUE,0.625,TRUE,TRUE,TRUE,TRUE,TRUE,FALSE,FALSE,TRUE,NA,0.15584
spatial_spd,25,North America,Cold_Without_dry_season_Cold_Summer,analysis=spatial_spd|dataset_id=25|region=North America|climatezone=Cold_Without_dry_season_Cold_Summer,climate,0.4721,0.05529999999999996,0.5274,84.38,TRUE,0.625,TRUE,TRUE,TRUE,TRUE,TRUE,FALSE,FALSE,TRUE,NA,0.8438399999999999
spatial_spd,1107,North America,Polar,analysis=spatial_spd|dataset_id=1107|region=North America|climatezone=Polar,human,-0.0348,-0.0182,-0.053,-14.97,TRUE,0.354,TRUE,TRUE,TRUE,TRUE,TRUE,TRUE,TRUE,TRUE,NA,-0.1497175141242938
spatial_spd,1107,North America,Polar,analysis=spatial_spd|dataset_id=1107|region=North America|climatezone=Polar,climate,0.4246,-0.018100000000000005,0.4065,114.83,TRUE,0.354,TRUE,TRUE,TRUE,TRUE,TRUE,TRUE,TRUE,TRUE,NA,1.1483050847457628
spatial_spd,14289,Europe,Temperate_Without_dry_season,analysis=spatial_spd|dataset_id=14289|region=Europe|climatezone=Temperate_Without_dry_season,human,0.1271,0.01200000000000001,0.1391,73.99,TRUE,0.188,TRUE,TRUE,TRUE,TRUE,TRUE,FALSE,FALSE,TRUE,NA,0.7398936170212767
spatial_spd,14289,Europe,Temperate_Without_dry_season,analysis=spatial_spd|dataset_id=14289|region=Europe|climatezone=Temperate_Without_dry_season,climate,0.0368,0.012000000000000004,0.0488,25.96,TRUE,0.188,TRUE,TRUE,TRUE,TRUE,TRUE,FALSE,FALSE,TRUE,NA,0.2595744680851064
spatial_spd,25767,Europe,Polar,analysis=spatial_spd|dataset_id=25767|region=Europe|climatezone=Polar,human,-0.0388,0.0698,0.031,24.22,TRUE,0.128,TRUE,TRUE,TRUE,TRUE,TRUE,TRUE,FALSE,TRUE,NA,0.2421875
spatial_spd,25767,Europe,Polar,analysis=spatial_spd|dataset_id=25767|region=Europe|climatezone=Polar,climate,0.0266,0.0699,0.0965,75.39,TRUE,0.128,TRUE,TRUE,TRUE,TRUE,TRUE,TRUE,FALSE,TRUE,NA,0.75390625
spatial_spd,15350,North America,Cold_Without_dry_season_Warm_Summer,analysis=spatial_spd|dataset_id=15350|region=North America|climatezone=Cold_Without_dry_season_Warm_Summer,human,0.1651,0.1625,0.3276,75.48,TRUE,0.434,TRUE,TRUE,TRUE,TRUE,TRUE,TRUE,FALSE,TRUE,NA,0.7548387096774194
spatial_spd,15350,North America,Cold_Without_dry_season_Warm_Summer,analysis=spatial_spd|dataset_id=15350|region=North America|climatezone=Cold_Without_dry_season_Warm_Summer,climate,-0.056,0.1625,0.1065,24.54,TRUE,0.434,TRUE,TRUE,TRUE,TRUE,TRUE,TRUE,FALSE,TRUE,NA,0.24539170506912442
spatial_spd,16231,North America,Cold_Without_dry_season_Warm_Summer,analysis=spatial_spd|dataset_id=16231|region=North America|climatezone=Cold_Without_dry_season_Warm_Summer,human,0.0121,0.1357,0.1478,55.15,TRUE,0.268,TRUE,TRUE,TRUE,TRUE,TRUE,TRUE,FALSE,TRUE,NA,0.5514925373134327
spatial_spd,16231,North America,Cold_Without_dry_season_Warm_Summer,analysis=spatial_spd|dataset_id=16231|region=North America|climatezone=Cold_Without_dry_season_Warm_Summer,climate,-0.0159,0.13570000000000002,0.1198,44.7,TRUE,0.268,TRUE,TRUE,TRUE,TRUE,TRUE,TRUE,FALSE,TRUE,NA,0.4470149253731343
spatial_spd,2590,North America,Cold_Without_dry_season_Cold_Summer,analysis=spatial_spd|dataset_id=2590|region=North America|climatezone=Cold_Without_dry_season_Cold_Summer,human,-0.1084,0.0904,-0.018,-100,TRUE,0.018,TRUE,TRUE,TRUE,TRUE,TRUE,TRUE,TRUE,TRUE,NA,-1
spatial_spd,2590,North America,Cold_Without_dry_season_Cold_Summer,analysis=spatial_spd|dataset_id=2590|region=North America|climatezone=Cold_Without_dry_season_Cold_Summer,climate,-0.0538,0.09029999999999999,0.0365,202.78,TRUE,0.018,TRUE,TRUE,TRUE,TRUE,TRUE,TRUE,TRUE,TRUE,NA,2.0277777777777777
spatial_spd,17381,North America,Cold_Without_dry_season_Cold_Summer,analysis=spatial_spd|dataset_id=17381|region=North America|climatezone=Cold_Without_dry_season_Cold_Summer,human,-0.035,0.019600000000000003,-0.0154,-2.94,TRUE,0.523,TRUE,TRUE,TRUE,TRUE,TRUE,TRUE,TRUE,TRUE,NA,-0.029445506692160613
spatial_spd,17381,North America,Cold_Without_dry_season_Cold_Summer,analysis=spatial_spd|dataset_id=17381|region=North America|climatezone=Cold_Without_dry_season_Cold_Summer,climate,0.5184,0.019600000000000062,0.538,102.87,TRUE,0.523,TRUE,TRUE,TRUE,TRUE,TRUE,TRUE,TRUE,TRUE,NA,1.02868068833652
spatial_spd,4397,Europe,Cold_Without_dry_season_Warm_Summer,analysis=spatial_spd|dataset_id=4397|region=Europe|climatezone=Cold_Without_dry_season_Warm_Summer,human,0.024,0.0383,0.0623,34.23,TRUE,0.182,TRUE,TRUE,TRUE,TRUE,TRUE,FALSE,FALSE,TRUE,NA,0.3423076923076923
spatial_spd,4397,Europe,Cold_Without_dry_season_Warm_Summer,analysis=spatial_spd|dataset_id=4397|region=Europe|climatezone=Cold_Without_dry_season_Warm_Summer,climate,0.0816,0.0382,0.1198,65.82,TRUE,0.182,TRUE,TRUE,TRUE,TRUE,TRUE,FALSE,FALSE,TRUE,NA,0.6582417582417582
spatial_spd,15292,North America,Cold_Without_dry_season_Warm_Summer,analysis=spatial_spd|dataset_id=15292|region=North America|climatezone=Cold_Without_dry_season_Warm_Summer,human,0.0266,0.11750000000000001,0.1441,25.06,TRUE,0.575,TRUE,TRUE,TRUE,TRUE,TRUE,FALSE,FALSE,TRUE,NA,0.2506086956521739
spatial_spd,15292,North America,Cold_Without_dry_season_Warm_Summer,analysis=spatial_spd|dataset_id=15292|region=North America|climatezone=Cold_Without_dry_season_Warm_Summer,climate,0.3134,0.1175,0.4309,74.94,TRUE,0.575,TRUE,TRUE,TRUE,TRUE,TRUE,FALSE,FALSE,TRUE,NA,0.7493913043478262
spatial_spd,15306,Latin America,Polar,analysis=spatial_spd|dataset_id=15306|region=Latin America|climatezone=Polar,human,-0.0408,0.0616,0.0208,5.86,TRUE,0.355,TRUE,TRUE,TRUE,TRUE,TRUE,TRUE,FALSE,TRUE,NA,0.05859154929577465
spatial_spd,15306,Latin America,Polar,analysis=spatial_spd|dataset_id=15306|region=Latin America|climatezone=Polar,climate,0.2729,0.0615,0.3344,94.2,TRUE,0.355,TRUE,TRUE,TRUE,TRUE,TRUE,TRUE,FALSE,TRUE,NA,0.9419718309859154
spatial_spd,3500,North America,Temperate_Without_dry_season,analysis=spatial_spd|dataset_id=3500|region=North America|climatezone=Temperate_Without_dry_season,human,0.185,-0.0547,0.1303,40.47,TRUE,0.322,TRUE,TRUE,TRUE,TRUE,TRUE,FALSE,FALSE,TRUE,NA,0.4046583850931677
spatial_spd,3500,North America,Temperate_Without_dry_season,analysis=spatial_spd|dataset_id=3500|region=North America|climatezone=Temperate_Without_dry_season,climate,0.246,-0.0547,0.1913,59.41,TRUE,0.322,TRUE,TRUE,TRUE,TRUE,TRUE,FALSE,FALSE,TRUE,NA,0.5940993788819876
spatial_spd,4330,Europe,Cold_Without_dry_season_Warm_Summer,analysis=spatial_spd|dataset_id=4330|region=Europe|climatezone=Cold_Without_dry_season_Warm_Summer,human,-0.0366,0.0173,-0.0193,-4.86,TRUE,0.397,TRUE,TRUE,TRUE,TRUE,TRUE,TRUE,TRUE,TRUE,NA,-0.04861460957178841
spatial_spd,4330,Europe,Cold_Without_dry_season_Warm_Summer,analysis=spatial_spd|dataset_id=4330|region=Europe|climatezone=Cold_Without_dry_season_Warm_Summer,climate,0.399,0.01739999999999997,0.4164,104.89,TRUE,0.397,TRUE,TRUE,TRUE,TRUE,TRUE,TRUE,TRUE,TRUE,NA,1.048866498740554
spatial_spd,2476,North America,Cold_Without_dry_season_Cold_Summer,analysis=spatial_spd|dataset_id=2476|region=North America|climatezone=Cold_Without_dry_season_Cold_Summer,human,-0.0632,0.022700000000000005,-0.0405,-48.8,TRUE,0.083,TRUE,TRUE,TRUE,TRUE,TRUE,TRUE,TRUE,TRUE,NA,-0.4879518072289157
spatial_spd,2476,North America,Cold_Without_dry_season_Cold_Summer,analysis=spatial_spd|dataset_id=2476|region=North America|climatezone=Cold_Without_dry_season_Cold_Summer,climate,0.1007,0.0228,0.1235,148.8,TRUE,0.083,TRUE,TRUE,TRUE,TRUE,TRUE,TRUE,TRUE,TRUE,NA,1.4879518072289155
spatial_spd,21700,Latin America,Temperate_Without_dry_season,analysis=spatial_spd|dataset_id=21700|region=Latin America|climatezone=Temperate_Without_dry_season,human,0.1625,0.043399999999999994,0.2059,29.75,TRUE,0.692,TRUE,TRUE,TRUE,TRUE,TRUE,FALSE,FALSE,TRUE,NA,0.2975433526011561
spatial_spd,21700,Latin America,Temperate_Without_dry_season,analysis=spatial_spd|dataset_id=21700|region=Latin America|climatezone=Temperate_Without_dry_season,climate,0.4426,0.043399999999999994,0.486,70.23,TRUE,0.692,TRUE,TRUE,TRUE,TRUE,TRUE,FALSE,FALSE,TRUE,NA,0.7023121387283238
spatial_spd,2382,North America,Cold_Without_dry_season_Warm_Summer,analysis=spatial_spd|dataset_id=2382|region=North America|climatezone=Cold_Without_dry_season_Warm_Summer,human,-0.0661,0.11710000000000001,0.051,17.71,TRUE,0.288,TRUE,TRUE,TRUE,TRUE,TRUE,TRUE,FALSE,TRUE,NA,0.17708333333333334
spatial_spd,2382,North America,Cold_Without_dry_season_Warm_Summer,analysis=spatial_spd|dataset_id=2382|region=North America|climatezone=Cold_Without_dry_season_Warm_Summer,climate,0.12,0.11710000000000001,0.2371,82.33,TRUE,0.288,TRUE,TRUE,TRUE,TRUE,TRUE,TRUE,FALSE,TRUE,NA,0.823263888888889
spatial_spd,24593,Europe,Temperate_Without_dry_season,analysis=spatial_spd|dataset_id=24593|region=Europe|climatezone=Temperate_Without_dry_season,human,0.1737,0.051199999999999996,0.2249,46.18,TRUE,0.487,TRUE,TRUE,TRUE,TRUE,TRUE,FALSE,FALSE,TRUE,NA,0.46180698151950716
spatial_spd,24593,Europe,Temperate_Without_dry_season,analysis=spatial_spd|dataset_id=24593|region=Europe|climatezone=Temperate_Without_dry_season,climate,0.2106,0.05119999999999997,0.2618,53.76,TRUE,0.487,TRUE,TRUE,TRUE,TRUE,TRUE,FALSE,FALSE,TRUE,NA,0.5375770020533881
spatial_spd,2343,North America,Cold_Without_dry_season_Warm_Summer,analysis=spatial_spd|dataset_id=2343|region=North America|climatezone=Cold_Without_dry_season_Warm_Summer,human,0.0055,0.0813,0.0868,17.22,TRUE,0.504,TRUE,TRUE,TRUE,TRUE,TRUE,FALSE,FALSE,TRUE,NA,0.17222222222222222
spatial_spd,2343,North America,Cold_Without_dry_season_Warm_Summer,analysis=spatial_spd|dataset_id=2343|region=North America|climatezone=Cold_Without_dry_season_Warm_Summer,climate,0.3357,0.08129999999999998,0.417,82.74,TRUE,0.504,TRUE,TRUE,TRUE,TRUE,TRUE,FALSE,FALSE,TRUE,NA,0.8273809523809523
spatial_spd,4501,Europe,Cold_Without_dry_season_Cold_Summer,analysis=spatial_spd|dataset_id=4501|region=Europe|climatezone=Cold_Without_dry_season_Cold_Summer,human,0.0727,-0.050100000000000006,0.0226,8.16,TRUE,0.277,TRUE,TRUE,TRUE,TRUE,TRUE,FALSE,FALSE,TRUE,NA,0.0815884476534296
spatial_spd,4501,Europe,Cold_Without_dry_season_Cold_Summer,analysis=spatial_spd|dataset_id=4501|region=Europe|climatezone=Cold_Without_dry_season_Cold_Summer,climate,0.3045,-0.05009999999999998,0.2544,91.84,TRUE,0.277,TRUE,TRUE,TRUE,TRUE,TRUE,FALSE,FALSE,TRUE,NA,0.9184115523465703
spatial_spd,41756,Europe,Cold_Without_dry_season_Cold_Summer,analysis=spatial_spd|dataset_id=41756|region=Europe|climatezone=Cold_Without_dry_season_Cold_Summer,human,0.0385,-0.0381,4e-4,0.12,TRUE,0.339,TRUE,TRUE,TRUE,TRUE,TRUE,FALSE,FALSE,TRUE,NA,0.0011799410029498525
spatial_spd,41756,Europe,Cold_Without_dry_season_Cold_Summer,analysis=spatial_spd|dataset_id=41756|region=Europe|climatezone=Cold_Without_dry_season_Cold_Summer,climate,0.3767,-0.038199999999999956,0.3385,99.85,TRUE,0.339,TRUE,TRUE,TRUE,TRUE,TRUE,FALSE,FALSE,TRUE,NA,0.9985250737463127
spatial_spd,22689,Europe,Cold_Without_dry_season_Warm_Summer,analysis=spatial_spd|dataset_id=22689|region=Europe|climatezone=Cold_Without_dry_season_Warm_Summer,human,0.0618,-0.0363,0.0255,12.94,TRUE,0.197,TRUE,TRUE,TRUE,TRUE,TRUE,FALSE,FALSE,TRUE,NA,0.12944162436548223
spatial_spd,22689,Europe,Cold_Without_dry_season_Warm_Summer,analysis=spatial_spd|dataset_id=22689|region=Europe|climatezone=Cold_Without_dry_season_Warm_Summer,climate,0.2078,-0.0363,0.1715,87.06,TRUE,0.197,TRUE,TRUE,TRUE,TRUE,TRUE,FALSE,FALSE,TRUE,NA,0.8705583756345178
spatial_spd,15136,North America,Cold_Without_dry_season_Warm_Summer,analysis=spatial_spd|dataset_id=15136|region=North America|climatezone=Cold_Without_dry_season_Warm_Summer,human,-0.0451,0.1105,0.0654,21.44,TRUE,0.305,TRUE,TRUE,TRUE,TRUE,TRUE,TRUE,FALSE,TRUE,NA,0.21442622950819673
spatial_spd,15136,North America,Cold_Without_dry_season_Warm_Summer,analysis=spatial_spd|dataset_id=15136|region=North America|climatezone=Cold_Without_dry_season_Warm_Summer,climate,0.1294,0.11040000000000003,0.2398,78.62,TRUE,0.305,TRUE,TRUE,TRUE,TRUE,TRUE,TRUE,FALSE,TRUE,NA,0.7862295081967213
spatial_spd,20616,North America,Cold_Without_dry_season_Cold_Summer,analysis=spatial_spd|dataset_id=20616|region=North America|climatezone=Cold_Without_dry_season_Cold_Summer,human,0.1835,0.017100000000000004,0.2006,32.46,TRUE,0.618,TRUE,TRUE,TRUE,TRUE,TRUE,FALSE,FALSE,TRUE,NA,0.32459546925566346
spatial_spd,20616,North America,Cold_Without_dry_season_Cold_Summer,analysis=spatial_spd|dataset_id=20616|region=North America|climatezone=Cold_Without_dry_season_Cold_Summer,climate,0.4007,0.017100000000000004,0.4178,67.61,TRUE,0.618,TRUE,TRUE,TRUE,TRUE,TRUE,FALSE,FALSE,TRUE,NA,0.6760517799352751
spatial_spd,3926,Europe,Polar,analysis=spatial_spd|dataset_id=3926|region=Europe|climatezone=Polar,human,0.1404,-0.0761,0.0643,15.31,TRUE,0.42,TRUE,TRUE,TRUE,TRUE,TRUE,FALSE,FALSE,TRUE,NA,0.1530952380952381
spatial_spd,3926,Europe,Polar,analysis=spatial_spd|dataset_id=3926|region=Europe|climatezone=Polar,climate,0.4323,-0.0761,0.3562,84.81,TRUE,0.42,TRUE,TRUE,TRUE,TRUE,TRUE,FALSE,FALSE,TRUE,NA,0.8480952380952381
spatial_spd,45379,Europe,Cold_Without_dry_season_Warm_Summer,analysis=spatial_spd|dataset_id=45379|region=Europe|climatezone=Cold_Without_dry_season_Warm_Summer,human,0.1561,0.032800000000000024,0.1889,38.32,TRUE,0.493,TRUE,TRUE,TRUE,TRUE,TRUE,FALSE,FALSE,TRUE,NA,0.3831643002028398
spatial_spd,45379,Europe,Cold_Without_dry_season_Warm_Summer,analysis=spatial_spd|dataset_id=45379|region=Europe|climatezone=Cold_Without_dry_season_Warm_Summer,climate,0.2717,0.032799999999999996,0.3045,61.76,TRUE,0.493,TRUE,TRUE,TRUE,TRUE,TRUE,FALSE,FALSE,TRUE,NA,0.6176470588235294
spatial_spd,21770,North America,Temperate_Without_dry_season,analysis=spatial_spd|dataset_id=21770|region=North America|climatezone=Temperate_Without_dry_season,human,-0.0223,0.1328,0.1105,27.83,TRUE,0.397,TRUE,TRUE,TRUE,TRUE,TRUE,TRUE,FALSE,TRUE,NA,0.2783375314861461
spatial_spd,21770,North America,Temperate_Without_dry_season,analysis=spatial_spd|dataset_id=21770|region=North America|climatezone=Temperate_Without_dry_season,climate,0.1539,0.1328,0.2867,72.22,TRUE,0.397,TRUE,TRUE,TRUE,TRUE,TRUE,TRUE,FALSE,TRUE,NA,0.7221662468513854
spatial_spd,25773,Europe,Cold_Without_dry_season_Warm_Summer,analysis=spatial_spd|dataset_id=25773|region=Europe|climatezone=Cold_Without_dry_season_Warm_Summer,human,0.0022,0.1266,0.1288,71.56,TRUE,0.18,TRUE,TRUE,TRUE,TRUE,TRUE,TRUE,FALSE,TRUE,NA,0.7155555555555556
spatial_spd,25773,Europe,Cold_Without_dry_season_Warm_Summer,analysis=spatial_spd|dataset_id=25773|region=Europe|climatezone=Cold_Without_dry_season_Warm_Summer,climate,-0.0754,0.12669999999999998,0.0513,28.5,TRUE,0.18,TRUE,TRUE,TRUE,TRUE,TRUE,TRUE,FALSE,TRUE,NA,0.285
spatial_spd,4256,Europe,Temperate_Dry_Summer,analysis=spatial_spd|dataset_id=4256|region=Europe|climatezone=Temperate_Dry_Summer,human,-0.0186,0.03949999999999999,0.0209,9.54,TRUE,0.219,TRUE,TRUE,TRUE,TRUE,TRUE,TRUE,FALSE,TRUE,NA,0.09543378995433789
spatial_spd,4256,Europe,Temperate_Dry_Summer,analysis=spatial_spd|dataset_id=4256|region=Europe|climatezone=Temperate_Dry_Summer,climate,0.1589,0.039599999999999996,0.1985,90.64,TRUE,0.219,TRUE,TRUE,TRUE,TRUE,TRUE,TRUE,FALSE,TRUE,NA,0.906392694063927
spatial_spd,1782,North America,Cold_Without_dry_season_Hot_Summer,analysis=spatial_spd|dataset_id=1782|region=North America|climatezone=Cold_Without_dry_season_Hot_Summer,human,0.4862,-0.03560000000000002,0.4506,71.52,TRUE,0.63,TRUE,TRUE,TRUE,TRUE,TRUE,FALSE,FALSE,TRUE,NA,0.7152380952380952
spatial_spd,1782,North America,Cold_Without_dry_season_Hot_Summer,analysis=spatial_spd|dataset_id=1782|region=North America|climatezone=Cold_Without_dry_season_Hot_Summer,climate,0.2147,-0.03559999999999999,0.1791,28.43,TRUE,0.63,TRUE,TRUE,TRUE,TRUE,TRUE,FALSE,FALSE,TRUE,NA,0.2842857142857143
spatial_spd,2620,North America,Arid,analysis=spatial_spd|dataset_id=2620|region=North America|climatezone=Arid,human,0.0774,0.055300000000000016,0.1327,26.07,TRUE,0.509,TRUE,TRUE,TRUE,TRUE,TRUE,FALSE,FALSE,TRUE,NA,0.2607072691552063
spatial_spd,2620,North America,Arid,analysis=spatial_spd|dataset_id=2620|region=North America|climatezone=Arid,climate,0.3214,0.05529999999999996,0.3767,74.01,TRUE,0.509,TRUE,TRUE,TRUE,TRUE,TRUE,FALSE,FALSE,TRUE,NA,0.7400785854616896
spatial_spd,4024,Europe,Cold_Without_dry_season_Cold_Summer,analysis=spatial_spd|dataset_id=4024|region=Europe|climatezone=Cold_Without_dry_season_Cold_Summer,human,-0.0728,0.009099999999999997,-0.0637,-151.67,TRUE,0.042,TRUE,TRUE,TRUE,TRUE,TRUE,TRUE,TRUE,TRUE,NA,-1.5166666666666668
spatial_spd,4024,Europe,Cold_Without_dry_season_Cold_Summer,analysis=spatial_spd|dataset_id=4024|region=Europe|climatezone=Cold_Without_dry_season_Cold_Summer,climate,0.0971,0.008999999999999994,0.1061,252.62,TRUE,0.042,TRUE,TRUE,TRUE,TRUE,TRUE,TRUE,TRUE,TRUE,NA,2.526190476190476
spatial_spd,489,North America,Cold_Without_dry_season_Hot_Summer,analysis=spatial_spd|dataset_id=489|region=North America|climatezone=Cold_Without_dry_season_Hot_Summer,human,-0.0736,0.014600000000000002,-0.059,-27.57,TRUE,0.214,TRUE,TRUE,TRUE,TRUE,TRUE,TRUE,TRUE,TRUE,NA,-0.2757009345794392
spatial_spd,489,North America,Cold_Without_dry_season_Hot_Summer,analysis=spatial_spd|dataset_id=489|region=North America|climatezone=Cold_Without_dry_season_Hot_Summer,climate,0.2585,0.01469999999999999,0.2732,127.66,TRUE,0.214,TRUE,TRUE,TRUE,TRUE,TRUE,TRUE,TRUE,TRUE,NA,1.2766355140186916
spatial_spd,24256,Europe,Cold_Without_dry_season_Warm_Summer,analysis=spatial_spd|dataset_id=24256|region=Europe|climatezone=Cold_Without_dry_season_Warm_Summer,human,-0.0152,0.0675,0.0523,11.1,TRUE,0.471,TRUE,TRUE,TRUE,TRUE,TRUE,TRUE,FALSE,TRUE,NA,0.11104033970276009
spatial_spd,24256,Europe,Cold_Without_dry_season_Warm_Summer,analysis=spatial_spd|dataset_id=24256|region=Europe|climatezone=Cold_Without_dry_season_Warm_Summer,climate,0.3508,0.0675,0.4183,88.81,TRUE,0.471,TRUE,TRUE,TRUE,TRUE,TRUE,TRUE,FALSE,TRUE,NA,0.8881104033970276
spatial_spd,1716,North America,Cold_Without_dry_season_Warm_Summer,analysis=spatial_spd|dataset_id=1716|region=North America|climatezone=Cold_Without_dry_season_Warm_Summer,human,-0.0269,0.1109,0.084,21.88,TRUE,0.384,TRUE,TRUE,TRUE,TRUE,TRUE,TRUE,FALSE,TRUE,NA,0.21875
spatial_spd,1716,North America,Cold_Without_dry_season_Warm_Summer,analysis=spatial_spd|dataset_id=1716|region=North America|climatezone=Cold_Without_dry_season_Warm_Summer,climate,0.189,0.11099999999999999,0.3,78.12,TRUE,0.384,TRUE,TRUE,TRUE,TRUE,TRUE,TRUE,FALSE,TRUE,NA,0.78125
spatial_spd,26431,Europe,Cold_Without_dry_season_Warm_Summer,analysis=spatial_spd|dataset_id=26431|region=Europe|climatezone=Cold_Without_dry_season_Warm_Summer,human,-0.0342,0.0469,0.0127,5.83,TRUE,0.218,TRUE,TRUE,TRUE,TRUE,TRUE,TRUE,FALSE,TRUE,NA,0.05825688073394495
spatial_spd,26431,Europe,Cold_Without_dry_season_Warm_Summer,analysis=spatial_spd|dataset_id=26431|region=Europe|climatezone=Cold_Without_dry_season_Warm_Summer,climate,0.1588,0.047000000000000014,0.2058,94.4,TRUE,0.218,TRUE,TRUE,TRUE,TRUE,TRUE,TRUE,FALSE,TRUE,NA,0.9440366972477064
spatial_spd,17296,North America,Cold_Without_dry_season_Cold_Summer,analysis=spatial_spd|dataset_id=17296|region=North America|climatezone=Cold_Without_dry_season_Cold_Summer,human,-0.004,0.0051,0.0011,1.1,TRUE,0.1,TRUE,TRUE,TRUE,TRUE,TRUE,TRUE,FALSE,TRUE,NA,0.011
spatial_spd,17296,North America,Cold_Without_dry_season_Cold_Summer,analysis=spatial_spd|dataset_id=17296|region=North America|climatezone=Cold_Without_dry_season_Cold_Summer,climate,0.0933,0.00520000000000001,0.0985,98.5,TRUE,0.1,TRUE,TRUE,TRUE,TRUE,TRUE,TRUE,FALSE,TRUE,NA,0.985
spatial_spd,19266,North America,Polar,analysis=spatial_spd|dataset_id=19266|region=North America|climatezone=Polar,human,0.0347,-0.0402,-0.0055,-1.88,TRUE,0.292,TRUE,TRUE,TRUE,TRUE,TRUE,FALSE,TRUE,TRUE,NA,-0.018835616438356163
spatial_spd,19266,North America,Polar,analysis=spatial_spd|dataset_id=19266|region=North America|climatezone=Polar,climate,0.3379,-0.04019999999999996,0.2977,101.95,TRUE,0.292,TRUE,TRUE,TRUE,TRUE,TRUE,FALSE,TRUE,TRUE,NA,1.0195205479452056
spatial_spd,15872,North America,Temperate_Without_dry_season,analysis=spatial_spd|dataset_id=15872|region=North America|climatezone=Temperate_Without_dry_season,human,0.0648,0.0165,0.0813,21.74,TRUE,0.374,TRUE,TRUE,TRUE,TRUE,TRUE,FALSE,FALSE,TRUE,NA,0.21737967914438502
spatial_spd,15872,North America,Temperate_Without_dry_season,analysis=spatial_spd|dataset_id=15872|region=North America|climatezone=Temperate_Without_dry_season,climate,0.2762,0.016500000000000015,0.2927,78.26,TRUE,0.374,TRUE,TRUE,TRUE,TRUE,TRUE,FALSE,FALSE,TRUE,NA,0.7826203208556151
spatial_spd,537,Latin America,Polar,analysis=spatial_spd|dataset_id=537|region=Latin America|climatezone=Polar,human,0.082,0.14700000000000002,0.229,35.56,TRUE,0.644,TRUE,TRUE,TRUE,TRUE,TRUE,FALSE,FALSE,TRUE,NA,0.3555900621118012
spatial_spd,537,Latin America,Polar,analysis=spatial_spd|dataset_id=537|region=Latin America|climatezone=Polar,climate,0.268,0.14699999999999996,0.415,64.44,TRUE,0.644,TRUE,TRUE,TRUE,TRUE,TRUE,FALSE,FALSE,TRUE,NA,0.6444099378881987
spatial_spd,47011,Latin America,Temperate_Without_dry_season,analysis=spatial_spd|dataset_id=47011|region=Latin America|climatezone=Temperate_Without_dry_season,human,0.1635,0.02779999999999999,0.1913,41.68,TRUE,0.459,TRUE,TRUE,TRUE,TRUE,TRUE,FALSE,FALSE,TRUE,NA,0.4167755991285403
spatial_spd,47011,Latin America,Temperate_Without_dry_season,analysis=spatial_spd|dataset_id=47011|region=Latin America|climatezone=Temperate_Without_dry_season,climate,0.2403,0.02779999999999999,0.2681,58.41,TRUE,0.459,TRUE,TRUE,TRUE,TRUE,TRUE,FALSE,FALSE,TRUE,NA,0.5840958605664488
spatial_spd,14951,North America,Cold_Dry_Summer,analysis=spatial_spd|dataset_id=14951|region=North America|climatezone=Cold_Dry_Summer,human,-0.0036,0.018,0.0144,2.87,TRUE,0.501,TRUE,TRUE,TRUE,TRUE,TRUE,TRUE,FALSE,TRUE,NA,0.02874251497005988
spatial_spd,14951,North America,Cold_Dry_Summer,analysis=spatial_spd|dataset_id=14951|region=North America|climatezone=Cold_Dry_Summer,climate,0.4683,0.018000000000000016,0.4863,97.07,TRUE,0.501,TRUE,TRUE,TRUE,TRUE,TRUE,TRUE,FALSE,TRUE,NA,0.9706586826347305
spatial_spd,15420,North America,Polar,analysis=spatial_spd|dataset_id=15420|region=North America|climatezone=Polar,human,0.1367,0.0869,0.2236,51.52,TRUE,0.434,TRUE,TRUE,TRUE,TRUE,TRUE,FALSE,FALSE,TRUE,NA,0.5152073732718894
spatial_spd,15420,North America,Polar,analysis=spatial_spd|dataset_id=15420|region=North America|climatezone=Polar,climate,0.1239,0.08700000000000001,0.2109,48.59,TRUE,0.434,TRUE,TRUE,TRUE,TRUE,TRUE,FALSE,FALSE,TRUE,NA,0.4859447004608295
spatial_spd,3138,North America,Cold_Without_dry_season_Warm_Summer,analysis=spatial_spd|dataset_id=3138|region=North America|climatezone=Cold_Without_dry_season_Warm_Summer,human,0.0213,0.0673,0.0886,15.07,TRUE,0.588,TRUE,TRUE,TRUE,TRUE,TRUE,FALSE,FALSE,TRUE,NA,0.15068027210884355
spatial_spd,3138,North America,Cold_Without_dry_season_Warm_Summer,analysis=spatial_spd|dataset_id=3138|region=North America|climatezone=Cold_Without_dry_season_Warm_Summer,climate,0.4321,0.06730000000000003,0.4994,84.93,TRUE,0.588,TRUE,TRUE,TRUE,TRUE,TRUE,FALSE,FALSE,TRUE,NA,0.8493197278911565
spatial_spd,1691,North America,Cold_Without_dry_season_Cold_Summer,analysis=spatial_spd|dataset_id=1691|region=North America|climatezone=Cold_Without_dry_season_Cold_Summer,human,0.0039,0.0776,0.0815,14.53,TRUE,0.561,TRUE,TRUE,TRUE,TRUE,TRUE,FALSE,FALSE,TRUE,NA,0.14527629233511585
spatial_spd,1691,North America,Cold_Without_dry_season_Cold_Summer,analysis=spatial_spd|dataset_id=1691|region=North America|climatezone=Cold_Without_dry_season_Cold_Summer,climate,0.4017,0.0776,0.4793,85.44,TRUE,0.561,TRUE,TRUE,TRUE,TRUE,TRUE,FALSE,FALSE,TRUE,NA,0.8543672014260248
spatial_spd,22660,Europe,Cold_Without_dry_season_Cold_Summer,analysis=spatial_spd|dataset_id=22660|region=Europe|climatezone=Cold_Without_dry_season_Cold_Summer,human,0.0639,0.0446,0.1085,29.56,TRUE,0.367,TRUE,TRUE,TRUE,TRUE,TRUE,FALSE,FALSE,TRUE,NA,0.2956403269754768
spatial_spd,22660,Europe,Cold_Without_dry_season_Cold_Summer,analysis=spatial_spd|dataset_id=22660|region=Europe|climatezone=Cold_Without_dry_season_Cold_Summer,climate,0.2139,0.04469999999999999,0.2586,70.46,TRUE,0.367,TRUE,TRUE,TRUE,TRUE,TRUE,FALSE,FALSE,TRUE,NA,0.7046321525885558
spatial_spd,4148,Europe,Temperate_Without_dry_season,analysis=spatial_spd|dataset_id=4148|region=Europe|climatezone=Temperate_Without_dry_season,human,0.032,-0.0315,5e-4,0.1,TRUE,0.514,TRUE,TRUE,TRUE,TRUE,TRUE,FALSE,FALSE,TRUE,NA,9.727626459143969e-4
spatial_spd,4148,Europe,Temperate_Without_dry_season,analysis=spatial_spd|dataset_id=4148|region=Europe|climatezone=Temperate_Without_dry_season,climate,0.5453,-0.03149999999999997,0.5138,99.96,TRUE,0.514,TRUE,TRUE,TRUE,TRUE,TRUE,FALSE,FALSE,TRUE,NA,0.9996108949416342
spatial_spd,206,North America,Polar,analysis=spatial_spd|dataset_id=206|region=North America|climatezone=Polar,human,-0.0015,0.0238,0.0223,14.11,TRUE,0.158,TRUE,TRUE,TRUE,TRUE,TRUE,TRUE,FALSE,TRUE,NA,0.14113924050632912
spatial_spd,206,North America,Polar,analysis=spatial_spd|dataset_id=206|region=North America|climatezone=Polar,climate,0.1115,0.0238,0.1353,85.63,TRUE,0.158,TRUE,TRUE,TRUE,TRUE,TRUE,TRUE,FALSE,TRUE,NA,0.8563291139240506
spatial_spd,1105,North America,Cold_Without_dry_season_Warm_Summer,analysis=spatial_spd|dataset_id=1105|region=North America|climatezone=Cold_Without_dry_season_Warm_Summer,human,0.0409,0.1844,0.2253,36.16,TRUE,0.623,TRUE,TRUE,TRUE,TRUE,TRUE,FALSE,FALSE,TRUE,NA,0.361637239165329
spatial_spd,1105,North America,Cold_Without_dry_season_Warm_Summer,analysis=spatial_spd|dataset_id=1105|region=North America|climatezone=Cold_Without_dry_season_Warm_Summer,climate,0.2128,0.1844,0.3972,63.76,TRUE,0.623,TRUE,TRUE,TRUE,TRUE,TRUE,FALSE,FALSE,TRUE,NA,0.6375601926163724
spatial_spd,1524,North America,Cold_Without_dry_season_Warm_Summer,analysis=spatial_spd|dataset_id=1524|region=North America|climatezone=Cold_Without_dry_season_Warm_Summer,human,0.0611,0.17770000000000002,0.2388,36.8,TRUE,0.649,TRUE,TRUE,TRUE,TRUE,TRUE,FALSE,FALSE,TRUE,NA,0.3679506933744222
spatial_spd,1524,North America,Cold_Without_dry_season_Warm_Summer,analysis=spatial_spd|dataset_id=1524|region=North America|climatezone=Cold_Without_dry_season_Warm_Summer,climate,0.2326,0.1777,0.4103,63.22,TRUE,0.649,TRUE,TRUE,TRUE,TRUE,TRUE,FALSE,FALSE,TRUE,NA,0.6322033898305085
spatial_spd,2652,North America,Polar,analysis=spatial_spd|dataset_id=2652|region=North America|climatezone=Polar,human,0.0016,-0.0032,-0.0016,-0.46,TRUE,0.347,TRUE,TRUE,TRUE,TRUE,TRUE,FALSE,TRUE,TRUE,NA,-0.004610951008645533
spatial_spd,2652,North America,Polar,analysis=spatial_spd|dataset_id=2652|region=North America|climatezone=Polar,climate,0.352,-0.0032999999999999696,0.3487,100.49,TRUE,0.347,TRUE,TRUE,TRUE,TRUE,TRUE,FALSE,TRUE,TRUE,NA,1.004899135446686
spatial_spd,47590,Europe,Temperate_Dry_Summer,analysis=spatial_spd|dataset_id=47590|region=Europe|climatezone=Temperate_Dry_Summer,human,0.083,0.006099999999999994,0.0891,19.67,TRUE,0.453,TRUE,TRUE,TRUE,TRUE,TRUE,FALSE,FALSE,TRUE,NA,0.1966887417218543
spatial_spd,47590,Europe,Temperate_Dry_Summer,analysis=spatial_spd|dataset_id=47590|region=Europe|climatezone=Temperate_Dry_Summer,climate,0.3581,0.006000000000000005,0.3641,80.38,TRUE,0.453,TRUE,TRUE,TRUE,TRUE,TRUE,FALSE,FALSE,TRUE,NA,0.8037527593818984
spatial_spd,48072,Europe,Cold_Without_dry_season_Warm_Summer,analysis=spatial_spd|dataset_id=48072|region=Europe|climatezone=Cold_Without_dry_season_Warm_Summer,human,0.0224,-0.0094,0.013,7.93,TRUE,0.164,TRUE,TRUE,TRUE,TRUE,TRUE,FALSE,FALSE,TRUE,NA,0.07926829268292682
spatial_spd,48072,Europe,Cold_Without_dry_season_Warm_Summer,analysis=spatial_spd|dataset_id=48072|region=Europe|climatezone=Cold_Without_dry_season_Warm_Summer,climate,0.1603,-0.009500000000000008,0.1508,91.95,TRUE,0.164,TRUE,TRUE,TRUE,TRUE,TRUE,FALSE,FALSE,TRUE,NA,0.9195121951219511
spatial_spd,20872,North America,Cold_Without_dry_season_Cold_Summer,analysis=spatial_spd|dataset_id=20872|region=North America|climatezone=Cold_Without_dry_season_Cold_Summer,human,0.0358,0.0628,0.0986,22.88,TRUE,0.431,TRUE,TRUE,TRUE,TRUE,TRUE,FALSE,FALSE,TRUE,NA,0.22877030162412992
spatial_spd,20872,North America,Cold_Without_dry_season_Cold_Summer,analysis=spatial_spd|dataset_id=20872|region=North America|climatezone=Cold_Without_dry_season_Cold_Summer,climate,0.2691,0.06290000000000001,0.332,77.03,TRUE,0.431,TRUE,TRUE,TRUE,TRUE,TRUE,FALSE,FALSE,TRUE,NA,0.7703016241299304
spatial_spd,209,North America,Cold_Without_dry_season_Cold_Summer,analysis=spatial_spd|dataset_id=209|region=North America|climatezone=Cold_Without_dry_season_Cold_Summer,human,-0.026,0.1035,0.0775,17,TRUE,0.456,TRUE,TRUE,TRUE,TRUE,TRUE,TRUE,FALSE,TRUE,NA,0.1699561403508772
spatial_spd,209,North America,Cold_Without_dry_season_Cold_Summer,analysis=spatial_spd|dataset_id=209|region=North America|climatezone=Cold_Without_dry_season_Cold_Summer,climate,0.2746,0.10349999999999998,0.3781,82.92,TRUE,0.456,TRUE,TRUE,TRUE,TRUE,TRUE,TRUE,FALSE,TRUE,NA,0.8291666666666666
spatial_spd,2065,North America,Cold_Without_dry_season_Warm_Summer,analysis=spatial_spd|dataset_id=2065|region=North America|climatezone=Cold_Without_dry_season_Warm_Summer,human,0.1023,0.0456,0.1479,42.87,TRUE,0.345,TRUE,TRUE,TRUE,TRUE,TRUE,FALSE,FALSE,TRUE,NA,0.4286956521739131
spatial_spd,2065,North America,Cold_Without_dry_season_Warm_Summer,analysis=spatial_spd|dataset_id=2065|region=North America|climatezone=Cold_Without_dry_season_Warm_Summer,climate,0.1516,0.04569999999999999,0.1973,57.19,TRUE,0.345,TRUE,TRUE,TRUE,TRUE,TRUE,FALSE,FALSE,TRUE,NA,0.5718840579710145
spatial_spd,25318,Europe,Temperate_Without_dry_season,analysis=spatial_spd|dataset_id=25318|region=Europe|climatezone=Temperate_Without_dry_season,human,-0.0116,0.0036999999999999984,-0.0079,-2.49,TRUE,0.317,TRUE,TRUE,TRUE,TRUE,TRUE,TRUE,TRUE,TRUE,NA,-0.0249211356466877
spatial_spd,25318,Europe,Temperate_Without_dry_season,analysis=spatial_spd|dataset_id=25318|region=Europe|climatezone=Temperate_Without_dry_season,climate,0.321,0.003599999999999992,0.3246,102.4,TRUE,0.317,TRUE,TRUE,TRUE,TRUE,TRUE,TRUE,TRUE,TRUE,NA,1.02397476340694
spatial_spd,4485,Europe,Cold_Without_dry_season_Warm_Summer,analysis=spatial_spd|dataset_id=4485|region=Europe|climatezone=Cold_Without_dry_season_Warm_Summer,human,-0.044,0.0812,0.0372,48.95,TRUE,0.076,TRUE,TRUE,TRUE,TRUE,TRUE,TRUE,FALSE,TRUE,NA,0.4894736842105263
spatial_spd,4485,Europe,Cold_Without_dry_season_Warm_Summer,analysis=spatial_spd|dataset_id=4485|region=Europe|climatezone=Cold_Without_dry_season_Warm_Summer,climate,-0.042,0.0811,0.0391,51.45,TRUE,0.076,TRUE,TRUE,TRUE,TRUE,TRUE,TRUE,FALSE,TRUE,NA,0.5144736842105264
spatial_spd,969,North America,Temperate_Without_dry_season,analysis=spatial_spd|dataset_id=969|region=North America|climatezone=Temperate_Without_dry_season,human,-0.0508,0.1278,0.077,23.12,TRUE,0.333,TRUE,TRUE,TRUE,TRUE,TRUE,TRUE,FALSE,TRUE,NA,0.2312312312312312
spatial_spd,969,North America,Temperate_Without_dry_season,analysis=spatial_spd|dataset_id=969|region=North America|climatezone=Temperate_Without_dry_season,climate,0.1279,0.12779999999999997,0.2557,76.79,TRUE,0.333,TRUE,TRUE,TRUE,TRUE,TRUE,TRUE,FALSE,TRUE,NA,0.7678678678678678
spatial_spd,20372,North America,Cold_Dry_Summer,analysis=spatial_spd|dataset_id=20372|region=North America|climatezone=Cold_Dry_Summer,human,-0.0639,0.1352,0.0713,19.06,TRUE,0.374,TRUE,TRUE,TRUE,TRUE,TRUE,TRUE,FALSE,TRUE,NA,0.19064171122994653
spatial_spd,20372,North America,Cold_Dry_Summer,analysis=spatial_spd|dataset_id=20372|region=North America|climatezone=Cold_Dry_Summer,climate,0.1678,0.1351,0.3029,80.99,TRUE,0.374,TRUE,TRUE,TRUE,TRUE,TRUE,TRUE,FALSE,TRUE,NA,0.8098930481283423
spatial_spd,41543,Europe,Temperate_Dry_Summer,analysis=spatial_spd|dataset_id=41543|region=Europe|climatezone=Temperate_Dry_Summer,human,0.1142,-0.0291,0.0851,39.04,TRUE,0.218,TRUE,TRUE,TRUE,TRUE,TRUE,FALSE,FALSE,TRUE,NA,0.3903669724770642
spatial_spd,41543,Europe,Temperate_Dry_Summer,analysis=spatial_spd|dataset_id=41543|region=Europe|climatezone=Temperate_Dry_Summer,climate,0.162,-0.029200000000000004,0.1328,60.92,TRUE,0.218,TRUE,TRUE,TRUE,TRUE,TRUE,FALSE,FALSE,TRUE,NA,0.6091743119266055
spatial_spd,41469,Europe,Cold_Without_dry_season_Warm_Summer,analysis=spatial_spd|dataset_id=41469|region=Europe|climatezone=Cold_Without_dry_season_Warm_Summer,human,-0.0347,0.069,0.0343,15.88,TRUE,0.216,TRUE,TRUE,TRUE,TRUE,TRUE,TRUE,FALSE,TRUE,NA,0.1587962962962963
spatial_spd,41469,Europe,Cold_Without_dry_season_Warm_Summer,analysis=spatial_spd|dataset_id=41469|region=Europe|climatezone=Cold_Without_dry_season_Warm_Summer,climate,0.1123,0.06899999999999999,0.1813,83.94,TRUE,0.216,TRUE,TRUE,TRUE,TRUE,TRUE,TRUE,FALSE,TRUE,NA,0.8393518518518518
spatial_spd,1773,North America,Cold_Without_dry_season_Warm_Summer,analysis=spatial_spd|dataset_id=1773|region=North America|climatezone=Cold_Without_dry_season_Warm_Summer,human,0.1215,0.05249999999999999,0.174,53.54,TRUE,0.325,TRUE,TRUE,TRUE,TRUE,TRUE,FALSE,FALSE,TRUE,NA,0.5353846153846153
spatial_spd,1773,North America,Cold_Without_dry_season_Warm_Summer,analysis=spatial_spd|dataset_id=1773|region=North America|climatezone=Cold_Without_dry_season_Warm_Summer,climate,0.0986,0.05250000000000002,0.1511,46.49,TRUE,0.325,TRUE,TRUE,TRUE,TRUE,TRUE,FALSE,FALSE,TRUE,NA,0.46492307692307694
spatial_spd,254,North America,Cold_Without_dry_season_Warm_Summer,analysis=spatial_spd|dataset_id=254|region=North America|climatezone=Cold_Without_dry_season_Warm_Summer,human,0.1826,0.12759999999999996,0.3102,59.65,TRUE,0.52,TRUE,TRUE,TRUE,TRUE,TRUE,FALSE,FALSE,TRUE,NA,0.5965384615384615
spatial_spd,254,North America,Cold_Without_dry_season_Warm_Summer,analysis=spatial_spd|dataset_id=254|region=North America|climatezone=Cold_Without_dry_season_Warm_Summer,climate,0.0825,0.1276,0.2101,40.4,TRUE,0.52,TRUE,TRUE,TRUE,TRUE,TRUE,FALSE,FALSE,TRUE,NA,0.40403846153846157
spatial_spd,1693,North America,Cold_Without_dry_season_Cold_Summer,analysis=spatial_spd|dataset_id=1693|region=North America|climatezone=Cold_Without_dry_season_Cold_Summer,human,-0.024,0.0161,-0.0079,-2.47,TRUE,0.32,TRUE,TRUE,TRUE,TRUE,TRUE,TRUE,TRUE,TRUE,NA,-0.0246875
spatial_spd,1693,North America,Cold_Without_dry_season_Cold_Summer,analysis=spatial_spd|dataset_id=1693|region=North America|climatezone=Cold_Without_dry_season_Cold_Summer,climate,0.3114,0.016100000000000003,0.3275,102.34,TRUE,0.32,TRUE,TRUE,TRUE,TRUE,TRUE,TRUE,TRUE,TRUE,NA,1.0234375
spatial_spd,45188,Europe,Temperate_Dry_Summer,analysis=spatial_spd|dataset_id=45188|region=Europe|climatezone=Temperate_Dry_Summer,human,0.0016,0.009999999999999998,0.0116,77.33,TRUE,0.015,TRUE,TRUE,TRUE,TRUE,TRUE,TRUE,FALSE,TRUE,NA,0.7733333333333333
spatial_spd,45188,Europe,Temperate_Dry_Summer,analysis=spatial_spd|dataset_id=45188|region=Europe|climatezone=Temperate_Dry_Summer,climate,-0.0067,0.01,0.0033,22,TRUE,0.015,TRUE,TRUE,TRUE,TRUE,TRUE,TRUE,FALSE,TRUE,NA,0.22
spatial_spd,1981,North America,Cold_Without_dry_season_Warm_Summer,analysis=spatial_spd|dataset_id=1981|region=North America|climatezone=Cold_Without_dry_season_Warm_Summer,human,0.1462,0.05030000000000001,0.1965,99.75,TRUE,0.197,TRUE,TRUE,TRUE,TRUE,TRUE,TRUE,FALSE,TRUE,NA,0.9974619289340102
spatial_spd,1981,North America,Cold_Without_dry_season_Warm_Summer,analysis=spatial_spd|dataset_id=1981|region=North America|climatezone=Cold_Without_dry_season_Warm_Summer,climate,-0.0499,0.0502,3e-4,0.15,TRUE,0.197,TRUE,TRUE,TRUE,TRUE,TRUE,TRUE,FALSE,TRUE,NA,0.0015228426395939084
spatial_spd,4279,Europe,Temperate_Without_dry_season,analysis=spatial_spd|dataset_id=4279|region=Europe|climatezone=Temperate_Without_dry_season,human,0.0905,0.05299999999999999,0.1435,34.58,TRUE,0.415,TRUE,TRUE,TRUE,TRUE,TRUE,FALSE,FALSE,TRUE,NA,0.3457831325301205
spatial_spd,4279,Europe,Temperate_Without_dry_season,analysis=spatial_spd|dataset_id=4279|region=Europe|climatezone=Temperate_Without_dry_season,climate,0.2185,0.05300000000000002,0.2715,65.42,TRUE,0.415,TRUE,TRUE,TRUE,TRUE,TRUE,FALSE,FALSE,TRUE,NA,0.6542168674698796
spatial_spd,22759,Europe,Cold_Without_dry_season_Warm_Summer,analysis=spatial_spd|dataset_id=22759|region=Europe|climatezone=Cold_Without_dry_season_Warm_Summer,human,-0.011,0.0723,0.0613,64.53,TRUE,0.095,TRUE,TRUE,TRUE,TRUE,TRUE,TRUE,FALSE,TRUE,NA,0.6452631578947369
spatial_spd,22759,Europe,Cold_Without_dry_season_Warm_Summer,analysis=spatial_spd|dataset_id=22759|region=Europe|climatezone=Cold_Without_dry_season_Warm_Summer,climate,-0.0383,0.07239999999999999,0.0341,35.89,TRUE,0.095,TRUE,TRUE,TRUE,TRUE,TRUE,TRUE,FALSE,TRUE,NA,0.3589473684210526
spatial_spd,2882,North America,Cold_Without_dry_season_Cold_Summer,analysis=spatial_spd|dataset_id=2882|region=North America|climatezone=Cold_Without_dry_season_Cold_Summer,human,-0.0202,0.027999999999999997,0.0078,1.17,TRUE,0.665,TRUE,TRUE,TRUE,TRUE,TRUE,TRUE,FALSE,TRUE,NA,0.011729323308270676
spatial_spd,2882,North America,Cold_Without_dry_season_Cold_Summer,analysis=spatial_spd|dataset_id=2882|region=North America|climatezone=Cold_Without_dry_season_Cold_Summer,climate,0.6289,0.027900000000000036,0.6568,98.77,TRUE,0.665,TRUE,TRUE,TRUE,TRUE,TRUE,TRUE,FALSE,TRUE,NA,0.9876691729323308
spatial_spd,1577,Europe,Temperate_Without_dry_season,analysis=spatial_spd|dataset_id=1577|region=Europe|climatezone=Temperate_Without_dry_season,human,0.1578,0.009300000000000003,0.1671,35.03,TRUE,0.477,TRUE,TRUE,TRUE,TRUE,TRUE,FALSE,FALSE,TRUE,NA,0.35031446540880506
spatial_spd,1577,Europe,Temperate_Without_dry_season,analysis=spatial_spd|dataset_id=1577|region=Europe|climatezone=Temperate_Without_dry_season,climate,0.3003,0.009199999999999986,0.3095,64.88,TRUE,0.477,TRUE,TRUE,TRUE,TRUE,TRUE,FALSE,FALSE,TRUE,NA,0.6488469601677149
spatial_spd,20515,North America,Cold_Without_dry_season_Hot_Summer,analysis=spatial_spd|dataset_id=20515|region=North America|climatezone=Cold_Without_dry_season_Hot_Summer,human,-0.0119,0.143,0.1311,32.94,TRUE,0.398,TRUE,TRUE,TRUE,TRUE,TRUE,TRUE,FALSE,TRUE,NA,0.3293969849246231
spatial_spd,20515,North America,Cold_Without_dry_season_Hot_Summer,analysis=spatial_spd|dataset_id=20515|region=North America|climatezone=Cold_Without_dry_season_Hot_Summer,climate,0.124,0.14290000000000003,0.2669,67.06,TRUE,0.398,TRUE,TRUE,TRUE,TRUE,TRUE,TRUE,FALSE,TRUE,NA,0.6706030150753769
spatial_spd,2265,North America,Cold_Without_dry_season_Warm_Summer,analysis=spatial_spd|dataset_id=2265|region=North America|climatezone=Cold_Without_dry_season_Warm_Summer,human,0.0558,0.08009999999999999,0.1359,21.33,TRUE,0.637,TRUE,TRUE,TRUE,TRUE,TRUE,FALSE,FALSE,TRUE,NA,0.21334379905808476
spatial_spd,2265,North America,Cold_Without_dry_season_Warm_Summer,analysis=spatial_spd|dataset_id=2265|region=North America|climatezone=Cold_Without_dry_season_Warm_Summer,climate,0.4212,0.08009999999999995,0.5013,78.7,TRUE,0.637,TRUE,TRUE,TRUE,TRUE,TRUE,FALSE,FALSE,TRUE,NA,0.7869701726844583
spatial_spd,2925,North America,Polar,analysis=spatial_spd|dataset_id=2925|region=North America|climatezone=Polar,human,0.0227,0.013799999999999996,0.0365,10.52,TRUE,0.347,TRUE,TRUE,TRUE,TRUE,TRUE,FALSE,FALSE,TRUE,NA,0.10518731988472622
spatial_spd,2925,North America,Polar,analysis=spatial_spd|dataset_id=2925|region=North America|climatezone=Polar,climate,0.2971,0.013700000000000045,0.3108,89.57,TRUE,0.347,TRUE,TRUE,TRUE,TRUE,TRUE,FALSE,FALSE,TRUE,NA,0.895677233429395
spatial_spd,17334,Europe,Temperate_Without_dry_season,analysis=spatial_spd|dataset_id=17334|region=Europe|climatezone=Temperate_Without_dry_season,human,0.2701,0.04730000000000001,0.3174,58.24,TRUE,0.545,TRUE,TRUE,TRUE,TRUE,TRUE,FALSE,FALSE,TRUE,NA,0.5823853211009175
spatial_spd,17334,Europe,Temperate_Without_dry_season,analysis=spatial_spd|dataset_id=17334|region=Europe|climatezone=Temperate_Without_dry_season,climate,0.1803,0.04720000000000002,0.2275,41.74,TRUE,0.545,TRUE,TRUE,TRUE,TRUE,TRUE,FALSE,FALSE,TRUE,NA,0.41743119266055045
spatial_spd,47005,Europe,Temperate_Without_dry_season,analysis=spatial_spd|dataset_id=47005|region=Europe|climatezone=Temperate_Without_dry_season,human,0.2543,0.05479999999999996,0.3091,58.99,TRUE,0.524,TRUE,TRUE,TRUE,TRUE,TRUE,FALSE,FALSE,TRUE,NA,0.5898854961832061
spatial_spd,47005,Europe,Temperate_Without_dry_season,analysis=spatial_spd|dataset_id=47005|region=Europe|climatezone=Temperate_Without_dry_season,climate,0.1604,0.054700000000000026,0.2151,41.05,TRUE,0.524,TRUE,TRUE,TRUE,TRUE,TRUE,FALSE,FALSE,TRUE,NA,0.41049618320610687
spatial_spd,40799,North America,Cold_Without_dry_season_Warm_Summer,analysis=spatial_spd|dataset_id=40799|region=North America|climatezone=Cold_Without_dry_season_Warm_Summer,human,-0.0707,0.0492,-0.0215,-16.41,TRUE,0.131,TRUE,TRUE,TRUE,TRUE,TRUE,TRUE,TRUE,TRUE,NA,-0.16412213740458012
spatial_spd,40799,North America,Cold_Without_dry_season_Warm_Summer,analysis=spatial_spd|dataset_id=40799|region=North America|climatezone=Cold_Without_dry_season_Warm_Summer,climate,0.1033,0.049199999999999994,0.1525,116.41,TRUE,0.131,TRUE,TRUE,TRUE,TRUE,TRUE,TRUE,TRUE,TRUE,NA,1.16412213740458
spatial_spd,41585,North America,Polar,analysis=spatial_spd|dataset_id=41585|region=North America|climatezone=Polar,human,0.111,0.0339,0.1449,50.31,TRUE,0.288,TRUE,TRUE,TRUE,TRUE,TRUE,FALSE,FALSE,TRUE,NA,0.503125
spatial_spd,41585,North America,Polar,analysis=spatial_spd|dataset_id=41585|region=North America|climatezone=Polar,climate,0.1094,0.034,0.1434,49.79,TRUE,0.288,TRUE,TRUE,TRUE,TRUE,TRUE,FALSE,FALSE,TRUE,NA,0.49791666666666673
spatial_spd,15302,North America,Cold_Without_dry_season_Hot_Summer,analysis=spatial_spd|dataset_id=15302|region=North America|climatezone=Cold_Without_dry_season_Hot_Summer,human,-0.0101,0.0596,0.0495,14.47,TRUE,0.342,TRUE,TRUE,TRUE,TRUE,TRUE,TRUE,FALSE,TRUE,NA,0.14473684210526316
spatial_spd,15302,North America,Cold_Without_dry_season_Hot_Summer,analysis=spatial_spd|dataset_id=15302|region=North America|climatezone=Cold_Without_dry_season_Hot_Summer,climate,0.2326,0.059500000000000025,0.2921,85.41,TRUE,0.342,TRUE,TRUE,TRUE,TRUE,TRUE,TRUE,FALSE,TRUE,NA,0.854093567251462
spatial_spd,40854,North America,Cold_Without_dry_season_Hot_Summer,analysis=spatial_spd|dataset_id=40854|region=North America|climatezone=Cold_Without_dry_season_Hot_Summer,human,0.0611,0.05009999999999999,0.1112,101.09,TRUE,0.11,TRUE,TRUE,TRUE,TRUE,TRUE,TRUE,TRUE,TRUE,NA,1.0109090909090908
spatial_spd,40854,North America,Cold_Without_dry_season_Hot_Summer,analysis=spatial_spd|dataset_id=40854|region=North America|climatezone=Cold_Without_dry_season_Hot_Summer,climate,-0.0513,0.0501,-0.0012,-1.09,TRUE,0.11,TRUE,TRUE,TRUE,TRUE,TRUE,TRUE,TRUE,TRUE,NA,-0.010909090909090908
spatial_spd,2615,North America,Cold_Without_dry_season_Warm_Summer,analysis=spatial_spd|dataset_id=2615|region=North America|climatezone=Cold_Without_dry_season_Warm_Summer,human,0.0144,0.1051,0.1195,36.54,TRUE,0.327,TRUE,TRUE,TRUE,TRUE,TRUE,FALSE,FALSE,TRUE,NA,0.36544342507645255
spatial_spd,2615,North America,Cold_Without_dry_season_Warm_Summer,analysis=spatial_spd|dataset_id=2615|region=North America|climatezone=Cold_Without_dry_season_Warm_Summer,climate,0.102,0.10510000000000001,0.2071,63.33,TRUE,0.327,TRUE,TRUE,TRUE,TRUE,TRUE,FALSE,FALSE,TRUE,NA,0.6333333333333333
spatial_spd,14884,North America,Cold_Without_dry_season_Cold_Summer,analysis=spatial_spd|dataset_id=14884|region=North America|climatezone=Cold_Without_dry_season_Cold_Summer,human,-0.0232,-0.0039000000000000007,-0.0271,-8.83,TRUE,0.307,TRUE,TRUE,TRUE,TRUE,TRUE,TRUE,TRUE,TRUE,NA,-0.08827361563517915
spatial_spd,14884,North America,Cold_Without_dry_season_Cold_Summer,analysis=spatial_spd|dataset_id=14884|region=North America|climatezone=Cold_Without_dry_season_Cold_Summer,climate,0.3384,-0.003899999999999959,0.3345,108.96,TRUE,0.307,TRUE,TRUE,TRUE,TRUE,TRUE,TRUE,TRUE,TRUE,NA,1.0895765472312704
spatial_spd,856,North America,Cold_Without_dry_season_Cold_Summer,analysis=spatial_spd|dataset_id=856|region=North America|climatezone=Cold_Without_dry_season_Cold_Summer,human,-0.0716,0.0619,-0.0097,-6.69,TRUE,0.145,TRUE,TRUE,TRUE,TRUE,TRUE,TRUE,TRUE,TRUE,NA,-0.06689655172413794
spatial_spd,856,North America,Cold_Without_dry_season_Cold_Summer,analysis=spatial_spd|dataset_id=856|region=North America|climatezone=Cold_Without_dry_season_Cold_Summer,climate,0.093,0.06190000000000001,0.1549,106.83,TRUE,0.145,TRUE,TRUE,TRUE,TRUE,TRUE,TRUE,TRUE,TRUE,NA,1.0682758620689656
spatial_spd,12,Europe,Cold_Without_dry_season_Warm_Summer,analysis=spatial_spd|dataset_id=12|region=Europe|climatezone=Cold_Without_dry_season_Warm_Summer,human,0.2607,-0.10039999999999999,0.1603,32.85,TRUE,0.488,TRUE,TRUE,TRUE,TRUE,TRUE,FALSE,FALSE,TRUE,NA,0.3284836065573771
spatial_spd,12,Europe,Cold_Without_dry_season_Warm_Summer,analysis=spatial_spd|dataset_id=12|region=Europe|climatezone=Cold_Without_dry_season_Warm_Summer,climate,0.4279,-0.10049999999999998,0.3274,67.09,TRUE,0.488,TRUE,TRUE,TRUE,TRUE,TRUE,FALSE,FALSE,TRUE,NA,0.6709016393442624
spatial_spd,1820,North America,Cold_Without_dry_season_Warm_Summer,analysis=spatial_spd|dataset_id=1820|region=North America|climatezone=Cold_Without_dry_season_Warm_Summer,human,0.0028,0.1801,0.1829,27.97,TRUE,0.654,TRUE,TRUE,TRUE,TRUE,TRUE,FALSE,FALSE,TRUE,NA,0.2796636085626911
spatial_spd,1820,North America,Cold_Without_dry_season_Warm_Summer,analysis=spatial_spd|dataset_id=1820|region=North America|climatezone=Cold_Without_dry_season_Warm_Summer,climate,0.2907,0.18,0.4707,71.97,TRUE,0.654,TRUE,TRUE,TRUE,TRUE,TRUE,FALSE,FALSE,TRUE,NA,0.7197247706422019
spatial_spd,15929,North America,Cold_Without_dry_season_Warm_Summer,analysis=spatial_spd|dataset_id=15929|region=North America|climatezone=Cold_Without_dry_season_Warm_Summer,human,-0.0085,0.2354,0.2269,31.17,TRUE,0.728,TRUE,TRUE,TRUE,TRUE,TRUE,TRUE,FALSE,TRUE,NA,0.3116758241758242
spatial_spd,15929,North America,Cold_Without_dry_season_Warm_Summer,analysis=spatial_spd|dataset_id=15929|region=North America|climatezone=Cold_Without_dry_season_Warm_Summer,climate,0.2655,0.2354,0.5009,68.8,TRUE,0.728,TRUE,TRUE,TRUE,TRUE,TRUE,TRUE,FALSE,TRUE,NA,0.6880494505494505
spatial_spd,41842,Europe,Polar,analysis=spatial_spd|dataset_id=41842|region=Europe|climatezone=Polar,human,0.0537,0.011400000000000007,0.0651,23.09,TRUE,0.282,TRUE,TRUE,TRUE,TRUE,TRUE,FALSE,FALSE,TRUE,NA,0.23085106382978726
spatial_spd,41842,Europe,Polar,analysis=spatial_spd|dataset_id=41842|region=Europe|climatezone=Polar,climate,0.2051,0.011399999999999993,0.2165,76.77,TRUE,0.282,TRUE,TRUE,TRUE,TRUE,TRUE,FALSE,FALSE,TRUE,NA,0.7677304964539008
spatial_spd,45387,Europe,Cold_Without_dry_season_Warm_Summer,analysis=spatial_spd|dataset_id=45387|region=Europe|climatezone=Cold_Without_dry_season_Warm_Summer,human,0.2998,-0.07730000000000001,0.2225,35.09,TRUE,0.634,TRUE,TRUE,TRUE,TRUE,TRUE,FALSE,FALSE,TRUE,NA,0.3509463722397476
spatial_spd,45387,Europe,Cold_Without_dry_season_Warm_Summer,analysis=spatial_spd|dataset_id=45387|region=Europe|climatezone=Cold_Without_dry_season_Warm_Summer,climate,0.4891,-0.07739999999999997,0.4117,64.94,TRUE,0.634,TRUE,TRUE,TRUE,TRUE,TRUE,FALSE,FALSE,TRUE,NA,0.6493690851735016
spatial_spd,15142,North America,Cold_Without_dry_season_Hot_Summer,analysis=spatial_spd|dataset_id=15142|region=North America|climatezone=Cold_Without_dry_season_Hot_Summer,human,-0.0063,0.126,0.1197,30.77,TRUE,0.389,TRUE,TRUE,TRUE,TRUE,TRUE,TRUE,FALSE,TRUE,NA,0.3077120822622108
spatial_spd,15142,North America,Cold_Without_dry_season_Hot_Summer,analysis=spatial_spd|dataset_id=15142|region=North America|climatezone=Cold_Without_dry_season_Hot_Summer,climate,0.1434,0.12610000000000002,0.2695,69.28,TRUE,0.389,TRUE,TRUE,TRUE,TRUE,TRUE,TRUE,FALSE,TRUE,NA,0.6928020565552699
spatial_spd,852,North America,Temperate_Without_dry_season,analysis=spatial_spd|dataset_id=852|region=North America|climatezone=Temperate_Without_dry_season,human,0.0157,0.020000000000000004,0.0357,32.75,TRUE,0.109,TRUE,TRUE,TRUE,TRUE,TRUE,FALSE,FALSE,TRUE,NA,0.32752293577981656
spatial_spd,852,North America,Temperate_Without_dry_season,analysis=spatial_spd|dataset_id=852|region=North America|climatezone=Temperate_Without_dry_season,climate,0.0535,0.0201,0.0736,67.52,TRUE,0.109,TRUE,TRUE,TRUE,TRUE,TRUE,FALSE,FALSE,TRUE,NA,0.6752293577981652
spatial_spd,4269,Europe,Cold_Without_dry_season_Warm_Summer,analysis=spatial_spd|dataset_id=4269|region=Europe|climatezone=Cold_Without_dry_season_Warm_Summer,human,0.0644,-0.0485,0.0159,3.52,TRUE,0.452,TRUE,TRUE,TRUE,TRUE,TRUE,FALSE,FALSE,TRUE,NA,0.035176991150442476
spatial_spd,4269,Europe,Cold_Without_dry_season_Warm_Summer,analysis=spatial_spd|dataset_id=4269|region=Europe|climatezone=Cold_Without_dry_season_Warm_Summer,climate,0.4849,-0.0484,0.4365,96.57,TRUE,0.452,TRUE,TRUE,TRUE,TRUE,TRUE,FALSE,FALSE,TRUE,NA,0.9657079646017699
spatial_spd,25370,Europe,Temperate_Without_dry_season,analysis=spatial_spd|dataset_id=25370|region=Europe|climatezone=Temperate_Without_dry_season,human,0.2587,0.018900000000000028,0.2776,45.29,TRUE,0.613,TRUE,TRUE,TRUE,TRUE,TRUE,FALSE,FALSE,TRUE,NA,0.45285481239804243
spatial_spd,25370,Europe,Temperate_Without_dry_season,analysis=spatial_spd|dataset_id=25370|region=Europe|climatezone=Temperate_Without_dry_season,climate,0.3169,0.018899999999999972,0.3358,54.78,TRUE,0.613,TRUE,TRUE,TRUE,TRUE,TRUE,FALSE,FALSE,TRUE,NA,0.5477977161500815
spatial_spd,25221,Europe,Temperate_Without_dry_season,analysis=spatial_spd|dataset_id=25221|region=Europe|climatezone=Temperate_Without_dry_season,human,0.1872,-0.021600000000000008,0.1656,73.93,TRUE,0.224,TRUE,TRUE,TRUE,TRUE,TRUE,FALSE,FALSE,TRUE,NA,0.7392857142857142
spatial_spd,25221,Europe,Temperate_Without_dry_season,analysis=spatial_spd|dataset_id=25221|region=Europe|climatezone=Temperate_Without_dry_season,climate,0.0799,-0.0216,0.0583,26.03,TRUE,0.224,TRUE,TRUE,TRUE,TRUE,TRUE,FALSE,FALSE,TRUE,NA,0.2602678571428571
spatial_spd,41018,North America,Temperate_Without_dry_season,analysis=spatial_spd|dataset_id=41018|region=North America|climatezone=Temperate_Without_dry_season,human,-0.0186,0.0654,0.0468,12.41,TRUE,0.377,TRUE,TRUE,TRUE,TRUE,TRUE,TRUE,FALSE,TRUE,NA,0.12413793103448276
spatial_spd,41018,North America,Temperate_Without_dry_season,analysis=spatial_spd|dataset_id=41018|region=North America|climatezone=Temperate_Without_dry_season,climate,0.2648,0.06540000000000001,0.3302,87.59,TRUE,0.377,TRUE,TRUE,TRUE,TRUE,TRUE,TRUE,FALSE,TRUE,NA,0.8758620689655172
spatial_spd,21774,North America,Temperate_Without_dry_season,analysis=spatial_spd|dataset_id=21774|region=North America|climatezone=Temperate_Without_dry_season,human,0.227,-0.1037,0.1233,28.48,TRUE,0.433,TRUE,TRUE,TRUE,TRUE,TRUE,FALSE,FALSE,TRUE,NA,0.2847575057736721
spatial_spd,21774,North America,Temperate_Without_dry_season,analysis=spatial_spd|dataset_id=21774|region=North America|climatezone=Temperate_Without_dry_season,climate,0.4132,-0.10370000000000001,0.3095,71.48,TRUE,0.433,TRUE,TRUE,TRUE,TRUE,TRUE,FALSE,FALSE,TRUE,NA,0.7147806004618937
spatial_spd,4012,Europe,Temperate_Without_dry_season,analysis=spatial_spd|dataset_id=4012|region=Europe|climatezone=Temperate_Without_dry_season,human,-0.0316,0.030400000000000003,-0.0012,-0.27,TRUE,0.437,TRUE,TRUE,TRUE,TRUE,TRUE,TRUE,TRUE,TRUE,NA,-0.002745995423340961
spatial_spd,4012,Europe,Temperate_Without_dry_season,analysis=spatial_spd|dataset_id=4012|region=Europe|climatezone=Temperate_Without_dry_season,climate,0.4075,0.030400000000000038,0.4379,100.21,TRUE,0.437,TRUE,TRUE,TRUE,TRUE,TRUE,TRUE,TRUE,TRUE,NA,1.0020594965675058
spatial_spd,41241,Europe,Temperate_Without_dry_season,analysis=spatial_spd|dataset_id=41241|region=Europe|climatezone=Temperate_Without_dry_season,human,-0.0291,0.08130000000000001,0.0522,38.96,TRUE,0.134,TRUE,TRUE,TRUE,TRUE,TRUE,TRUE,FALSE,TRUE,NA,0.3895522388059702
spatial_spd,41241,Europe,Temperate_Without_dry_season,analysis=spatial_spd|dataset_id=41241|region=Europe|climatezone=Temperate_Without_dry_season,climate,9e-4,0.0813,0.0822,61.34,TRUE,0.134,TRUE,TRUE,TRUE,TRUE,TRUE,TRUE,FALSE,TRUE,NA,0.6134328358208955
spatial_spd,41499,North America,Cold_Dry_Summer,analysis=spatial_spd|dataset_id=41499|region=North America|climatezone=Cold_Dry_Summer,human,0.0117,0.0054,0.0171,4.56,TRUE,0.375,TRUE,TRUE,TRUE,TRUE,TRUE,FALSE,FALSE,TRUE,NA,0.0456
spatial_spd,41499,North America,Cold_Dry_Summer,analysis=spatial_spd|dataset_id=41499|region=North America|climatezone=Cold_Dry_Summer,climate,0.3528,0.005299999999999971,0.3581,95.49,TRUE,0.375,TRUE,TRUE,TRUE,TRUE,TRUE,FALSE,FALSE,TRUE,NA,0.9549333333333333
spatial_spd,47564,Latin America,Tropical,analysis=spatial_spd|dataset_id=47564|region=Latin America|climatezone=Tropical,human,0.003,0.09319999999999999,0.0962,25.86,TRUE,0.372,TRUE,TRUE,TRUE,TRUE,TRUE,FALSE,FALSE,TRUE,NA,0.2586021505376344
spatial_spd,47564,Latin America,Tropical,analysis=spatial_spd|dataset_id=47564|region=Latin America|climatezone=Tropical,climate,0.183,0.0932,0.2762,74.25,TRUE,0.372,TRUE,TRUE,TRUE,TRUE,TRUE,FALSE,FALSE,TRUE,NA,0.7424731182795699
spatial_spd,778,North America,Cold_Without_dry_season_Cold_Summer,analysis=spatial_spd|dataset_id=778|region=North America|climatezone=Cold_Without_dry_season_Cold_Summer,human,-0.0282,0.0828,0.0546,20.45,TRUE,0.267,TRUE,TRUE,TRUE,TRUE,TRUE,TRUE,FALSE,TRUE,NA,0.20449438202247192
spatial_spd,778,North America,Cold_Without_dry_season_Cold_Summer,analysis=spatial_spd|dataset_id=778|region=North America|climatezone=Cold_Without_dry_season_Cold_Summer,climate,0.1294,0.08280000000000001,0.2122,79.48,TRUE,0.267,TRUE,TRUE,TRUE,TRUE,TRUE,TRUE,FALSE,TRUE,NA,0.7947565543071161
spatial_spd,4320,Europe,Cold_Without_dry_season_Warm_Summer,analysis=spatial_spd|dataset_id=4320|region=Europe|climatezone=Cold_Without_dry_season_Warm_Summer,human,0.0629,0.0548,0.1177,19.65,TRUE,0.599,TRUE,TRUE,TRUE,TRUE,TRUE,FALSE,FALSE,TRUE,NA,0.1964941569282137
spatial_spd,4320,Europe,Cold_Without_dry_season_Warm_Summer,analysis=spatial_spd|dataset_id=4320|region=Europe|climatezone=Cold_Without_dry_season_Warm_Summer,climate,0.4264,0.054700000000000026,0.4811,80.32,TRUE,0.599,TRUE,TRUE,TRUE,TRUE,TRUE,FALSE,FALSE,TRUE,NA,0.8031719532554258
spatial_spd,1843,Asia,Cold_Without_dry_season_Warm_Summer,analysis=spatial_spd|dataset_id=1843|region=Asia|climatezone=Cold_Without_dry_season_Warm_Summer,human,0.1351,-0.0586,0.0765,15.74,TRUE,0.486,TRUE,TRUE,TRUE,TRUE,TRUE,FALSE,FALSE,TRUE,NA,0.1574074074074074
spatial_spd,1843,Asia,Cold_Without_dry_season_Warm_Summer,analysis=spatial_spd|dataset_id=1843|region=Asia|climatezone=Cold_Without_dry_season_Warm_Summer,climate,0.4686,-0.05870000000000003,0.4099,84.34,TRUE,0.486,TRUE,TRUE,TRUE,TRUE,TRUE,FALSE,FALSE,TRUE,NA,0.8434156378600823
spatial_spd,42566,Europe,Cold_Without_dry_season_Warm_Summer,analysis=spatial_spd|dataset_id=42566|region=Europe|climatezone=Cold_Without_dry_season_Warm_Summer,human,0.48,-0.2027,0.2773,47.56,TRUE,0.583,TRUE,TRUE,TRUE,TRUE,TRUE,FALSE,FALSE,TRUE,NA,0.4756432246998285
spatial_spd,42566,Europe,Cold_Without_dry_season_Warm_Summer,analysis=spatial_spd|dataset_id=42566|region=Europe|climatezone=Cold_Without_dry_season_Warm_Summer,climate,0.5081,-0.2027,0.3054,52.38,TRUE,0.583,TRUE,TRUE,TRUE,TRUE,TRUE,FALSE,FALSE,TRUE,NA,0.5238421955403088
spatial_spd,21938,Latin America,Polar,analysis=spatial_spd|dataset_id=21938|region=Latin America|climatezone=Polar,human,-0.0072,0.0645,0.0573,13.2,TRUE,0.434,TRUE,TRUE,TRUE,TRUE,TRUE,TRUE,FALSE,TRUE,NA,0.13202764976958525
spatial_spd,21938,Latin America,Polar,analysis=spatial_spd|dataset_id=21938|region=Latin America|climatezone=Polar,climate,0.3125,0.06440000000000001,0.3769,86.84,TRUE,0.434,TRUE,TRUE,TRUE,TRUE,TRUE,TRUE,FALSE,TRUE,NA,0.8684331797235023
spatial_spd,2342,North America,Cold_Without_dry_season_Warm_Summer,analysis=spatial_spd|dataset_id=2342|region=North America|climatezone=Cold_Without_dry_season_Warm_Summer,human,-0.0166,0.0783,0.0617,16.37,TRUE,0.377,TRUE,TRUE,TRUE,TRUE,TRUE,TRUE,FALSE,TRUE,NA,0.1636604774535809
spatial_spd,2342,North America,Cold_Without_dry_season_Warm_Summer,analysis=spatial_spd|dataset_id=2342|region=North America|climatezone=Cold_Without_dry_season_Warm_Summer,climate,0.237,0.07830000000000004,0.3153,83.63,TRUE,0.377,TRUE,TRUE,TRUE,TRUE,TRUE,TRUE,FALSE,TRUE,NA,0.8363395225464192
spatial_spd,3871,Europe,Temperate_Without_dry_season,analysis=spatial_spd|dataset_id=3871|region=Europe|climatezone=Temperate_Without_dry_season,human,-0.0172,0.038900000000000004,0.0217,43.4,TRUE,0.05,TRUE,TRUE,TRUE,TRUE,TRUE,TRUE,FALSE,TRUE,NA,0.434
spatial_spd,3871,Europe,Temperate_Without_dry_season,analysis=spatial_spd|dataset_id=3871|region=Europe|climatezone=Temperate_Without_dry_season,climate,-0.0111,0.039,0.0279,55.8,TRUE,0.05,TRUE,TRUE,TRUE,TRUE,TRUE,TRUE,FALSE,TRUE,NA,0.5579999999999999
spatial_spd,41228,Europe,Temperate_Without_dry_season,analysis=spatial_spd|dataset_id=41228|region=Europe|climatezone=Temperate_Without_dry_season,human,-0.0434,0.049100000000000005,0.0057,1.67,TRUE,0.341,TRUE,TRUE,TRUE,TRUE,TRUE,TRUE,FALSE,TRUE,NA,0.016715542521994135
spatial_spd,41228,Europe,Temperate_Without_dry_season,analysis=spatial_spd|dataset_id=41228|region=Europe|climatezone=Temperate_Without_dry_season,climate,0.2866,0.04909999999999998,0.3357,98.45,TRUE,0.341,TRUE,TRUE,TRUE,TRUE,TRUE,TRUE,FALSE,TRUE,NA,0.984457478005865
spatial_spd,24441,Europe,Cold_Without_dry_season_Warm_Summer,analysis=spatial_spd|dataset_id=24441|region=Europe|climatezone=Cold_Without_dry_season_Warm_Summer,human,-0.0371,0.012,-0.0251,-5.74,TRUE,0.437,TRUE,TRUE,TRUE,TRUE,TRUE,TRUE,TRUE,TRUE,NA,-0.0574370709382151
spatial_spd,24441,Europe,Cold_Without_dry_season_Warm_Summer,analysis=spatial_spd|dataset_id=24441|region=Europe|climatezone=Cold_Without_dry_season_Warm_Summer,climate,0.4501,0.01200000000000001,0.4621,105.74,TRUE,0.437,TRUE,TRUE,TRUE,TRUE,TRUE,TRUE,TRUE,TRUE,NA,1.057437070938215
spatial_spd,40795,North America,Cold_Without_dry_season_Warm_Summer,analysis=spatial_spd|dataset_id=40795|region=North America|climatezone=Cold_Without_dry_season_Warm_Summer,human,0.0112,0.1244,0.1356,33.07,TRUE,0.41,TRUE,TRUE,TRUE,TRUE,TRUE,FALSE,FALSE,TRUE,NA,0.3307317073170732
spatial_spd,40795,North America,Cold_Without_dry_season_Warm_Summer,analysis=spatial_spd|dataset_id=40795|region=North America|climatezone=Cold_Without_dry_season_Warm_Summer,climate,0.1497,0.12440000000000001,0.2741,66.85,TRUE,0.41,TRUE,TRUE,TRUE,TRUE,TRUE,FALSE,FALSE,TRUE,NA,0.6685365853658537
spatial_spd,21915,Latin America,Tropical,analysis=spatial_spd|dataset_id=21915|region=Latin America|climatezone=Tropical,human,0.119,0.015100000000000002,0.1341,21.88,TRUE,0.613,TRUE,TRUE,TRUE,TRUE,TRUE,FALSE,FALSE,TRUE,NA,0.21876019575856442
spatial_spd,21915,Latin America,Tropical,analysis=spatial_spd|dataset_id=21915|region=Latin America|climatezone=Tropical,climate,0.4635,0.015100000000000002,0.4786,78.08,TRUE,0.613,TRUE,TRUE,TRUE,TRUE,TRUE,FALSE,FALSE,TRUE,NA,0.7807504078303427
spatial_spd,14523,Europe,Temperate_Without_dry_season,analysis=spatial_spd|dataset_id=14523|region=Europe|climatezone=Temperate_Without_dry_season,human,0.0504,0.1,0.1504,34.34,TRUE,0.438,TRUE,TRUE,TRUE,TRUE,TRUE,FALSE,FALSE,TRUE,NA,0.34337899543378997
spatial_spd,14523,Europe,Temperate_Without_dry_season,analysis=spatial_spd|dataset_id=14523|region=Europe|climatezone=Temperate_Without_dry_season,climate,0.1872,0.1001,0.2873,65.59,TRUE,0.438,TRUE,TRUE,TRUE,TRUE,TRUE,FALSE,FALSE,TRUE,NA,0.6559360730593607
spatial_spd,25344,Europe,Temperate_Without_dry_season,analysis=spatial_spd|dataset_id=25344|region=Europe|climatezone=Temperate_Without_dry_season,human,0.1428,-0.021000000000000005,0.1218,42.15,TRUE,0.289,TRUE,TRUE,TRUE,TRUE,TRUE,FALSE,FALSE,TRUE,NA,0.4214532871972319
spatial_spd,25344,Europe,Temperate_Without_dry_season,analysis=spatial_spd|dataset_id=25344|region=Europe|climatezone=Temperate_Without_dry_season,climate,0.1878,-0.02099999999999999,0.1668,57.72,TRUE,0.289,TRUE,TRUE,TRUE,TRUE,TRUE,FALSE,FALSE,TRUE,NA,0.5771626297577855
spatial_spd,41502,Europe,Temperate_Without_dry_season,analysis=spatial_spd|dataset_id=41502|region=Europe|climatezone=Temperate_Without_dry_season,human,0.0012,0.0455,0.0467,17.96,TRUE,0.26,TRUE,TRUE,TRUE,TRUE,TRUE,FALSE,FALSE,TRUE,NA,0.1796153846153846
spatial_spd,41502,Europe,Temperate_Without_dry_season,analysis=spatial_spd|dataset_id=41502|region=Europe|climatezone=Temperate_Without_dry_season,climate,0.1684,0.045399999999999996,0.2138,82.23,TRUE,0.26,TRUE,TRUE,TRUE,TRUE,TRUE,FALSE,FALSE,TRUE,NA,0.8223076923076923
spatial_spd,772,North America,Cold_Without_dry_season_Warm_Summer,analysis=spatial_spd|dataset_id=772|region=North America|climatezone=Cold_Without_dry_season_Warm_Summer,human,0.0153,-0.001599999999999999,0.0137,6.06,TRUE,0.226,TRUE,TRUE,TRUE,TRUE,TRUE,FALSE,FALSE,TRUE,NA,0.060619469026548675
spatial_spd,772,North America,Cold_Without_dry_season_Warm_Summer,analysis=spatial_spd|dataset_id=772|region=North America|climatezone=Cold_Without_dry_season_Warm_Summer,climate,0.2141,-0.001600000000000018,0.2125,94.03,TRUE,0.226,TRUE,TRUE,TRUE,TRUE,TRUE,FALSE,FALSE,TRUE,NA,0.9402654867256637
spatial_spd,46645,North America,Cold_Without_dry_season_Cold_Summer,analysis=spatial_spd|dataset_id=46645|region=North America|climatezone=Cold_Without_dry_season_Cold_Summer,human,-0.0199,0.0708,0.0509,33.49,TRUE,0.152,TRUE,TRUE,TRUE,TRUE,TRUE,TRUE,FALSE,TRUE,NA,0.3348684210526316
spatial_spd,46645,North America,Cold_Without_dry_season_Cold_Summer,analysis=spatial_spd|dataset_id=46645|region=North America|climatezone=Cold_Without_dry_season_Cold_Summer,climate,0.0308,0.0708,0.1016,66.84,TRUE,0.152,TRUE,TRUE,TRUE,TRUE,TRUE,TRUE,FALSE,TRUE,NA,0.6684210526315789
spatial_spd,3452,North America,Cold_Without_dry_season_Warm_Summer,analysis=spatial_spd|dataset_id=3452|region=North America|climatezone=Cold_Without_dry_season_Warm_Summer,human,0.277,-0.058500000000000024,0.2185,89.92,TRUE,0.243,TRUE,TRUE,TRUE,TRUE,TRUE,FALSE,FALSE,TRUE,NA,0.8991769547325104
spatial_spd,3452,North America,Cold_Without_dry_season_Warm_Summer,analysis=spatial_spd|dataset_id=3452|region=North America|climatezone=Cold_Without_dry_season_Warm_Summer,climate,0.0834,-0.0585,0.0249,10.25,TRUE,0.243,TRUE,TRUE,TRUE,TRUE,TRUE,FALSE,FALSE,TRUE,NA,0.10246913580246914
spatial_spd,3910,Europe,Temperate_Without_dry_season,analysis=spatial_spd|dataset_id=3910|region=Europe|climatezone=Temperate_Without_dry_season,human,-5e-4,0.0268,0.0263,3.77,TRUE,0.698,TRUE,TRUE,TRUE,TRUE,TRUE,TRUE,FALSE,TRUE,NA,0.03767908309455588
spatial_spd,3910,Europe,Temperate_Without_dry_season,analysis=spatial_spd|dataset_id=3910|region=Europe|climatezone=Temperate_Without_dry_season,climate,0.6448,0.026799999999999935,0.6716,96.22,TRUE,0.698,TRUE,TRUE,TRUE,TRUE,TRUE,TRUE,FALSE,TRUE,NA,0.9621776504297994
spatial_spd,48735,Europe,Cold_Without_dry_season_Cold_Summer,analysis=spatial_spd|dataset_id=48735|region=Europe|climatezone=Cold_Without_dry_season_Cold_Summer,human,0.0897,-0.031,0.0587,13.94,TRUE,0.421,TRUE,TRUE,TRUE,TRUE,TRUE,FALSE,FALSE,TRUE,NA,0.13942992874109264
spatial_spd,48735,Europe,Cold_Without_dry_season_Cold_Summer,analysis=spatial_spd|dataset_id=48735|region=Europe|climatezone=Cold_Without_dry_season_Cold_Summer,climate,0.3936,-0.031000000000000028,0.3626,86.13,TRUE,0.421,TRUE,TRUE,TRUE,TRUE,TRUE,FALSE,FALSE,TRUE,NA,0.8612826603325415
spatial_spd,48614,Latin America,Temperate_Without_dry_season,analysis=spatial_spd|dataset_id=48614|region=Latin America|climatezone=Temperate_Without_dry_season,human,-0.0424,0.0138,-0.0286,-17.02,TRUE,0.168,TRUE,TRUE,TRUE,TRUE,TRUE,TRUE,TRUE,TRUE,NA,-0.17023809523809522
spatial_spd,48614,Latin America,Temperate_Without_dry_season,analysis=spatial_spd|dataset_id=48614|region=Latin America|climatezone=Temperate_Without_dry_season,climate,0.1827,0.013800000000000007,0.1965,116.96,TRUE,0.168,TRUE,TRUE,TRUE,TRUE,TRUE,TRUE,TRUE,TRUE,NA,1.1696428571428572
spatial_spd,22352,Europe,Cold_Without_dry_season_Warm_Summer,analysis=spatial_spd|dataset_id=22352|region=Europe|climatezone=Cold_Without_dry_season_Warm_Summer,human,-0.081,0.0121,-0.0689,-29.7,TRUE,0.232,TRUE,TRUE,TRUE,TRUE,TRUE,TRUE,TRUE,TRUE,NA,-0.2969827586206897
spatial_spd,22352,Europe,Cold_Without_dry_season_Warm_Summer,analysis=spatial_spd|dataset_id=22352|region=Europe|climatezone=Cold_Without_dry_season_Warm_Summer,climate,0.2888,0.0121,0.3009,129.7,TRUE,0.232,TRUE,TRUE,TRUE,TRUE,TRUE,TRUE,TRUE,TRUE,NA,1.2969827586206897
spatial_spd,15876,North America,Arid,analysis=spatial_spd|dataset_id=15876|region=North America|climatezone=Arid,human,-0.0476,0.026700000000000005,-0.0209,-5.57,TRUE,0.375,TRUE,TRUE,TRUE,TRUE,TRUE,TRUE,TRUE,TRUE,NA,-0.05573333333333333
spatial_spd,15876,North America,Arid,analysis=spatial_spd|dataset_id=15876|region=North America|climatezone=Arid,climate,0.3695,0.026600000000000013,0.3961,105.63,TRUE,0.375,TRUE,TRUE,TRUE,TRUE,TRUE,TRUE,TRUE,TRUE,NA,1.0562666666666667
spatial_spd,45710,Europe,Cold_Without_dry_season_Cold_Summer,analysis=spatial_spd|dataset_id=45710|region=Europe|climatezone=Cold_Without_dry_season_Cold_Summer,human,0.1679,0.10170000000000001,0.2696,44.56,TRUE,0.605,TRUE,TRUE,TRUE,TRUE,TRUE,FALSE,FALSE,TRUE,NA,0.44561983471074385
spatial_spd,45710,Europe,Cold_Without_dry_season_Cold_Summer,analysis=spatial_spd|dataset_id=45710|region=Europe|climatezone=Cold_Without_dry_season_Cold_Summer,climate,0.2332,0.10169999999999998,0.3349,55.36,TRUE,0.605,TRUE,TRUE,TRUE,TRUE,TRUE,FALSE,FALSE,TRUE,NA,0.5535537190082644
spatial_spd,17945,North America,Cold_Without_dry_season_Warm_Summer,analysis=spatial_spd|dataset_id=17945|region=North America|climatezone=Cold_Without_dry_season_Warm_Summer,human,0.0619,0.023900000000000005,0.0858,16.96,TRUE,0.506,TRUE,TRUE,TRUE,TRUE,TRUE,FALSE,FALSE,TRUE,NA,0.16956521739130434
spatial_spd,17945,North America,Cold_Without_dry_season_Warm_Summer,analysis=spatial_spd|dataset_id=17945|region=North America|climatezone=Cold_Without_dry_season_Warm_Summer,climate,0.3963,0.023900000000000032,0.4202,83.04,TRUE,0.506,TRUE,TRUE,TRUE,TRUE,TRUE,FALSE,FALSE,TRUE,NA,0.8304347826086956
spatial_spd,3875,Europe,Cold_Without_dry_season_Warm_Summer,analysis=spatial_spd|dataset_id=3875|region=Europe|climatezone=Cold_Without_dry_season_Warm_Summer,human,-0,0.103,0.103,10.3,TRUE,1,TRUE,TRUE,TRUE,TRUE,TRUE,FALSE,FALSE,TRUE,NA,0.103
spatial_spd,3875,Europe,Cold_Without_dry_season_Warm_Summer,analysis=spatial_spd|dataset_id=3875|region=Europe|climatezone=Cold_Without_dry_season_Warm_Summer,climate,0.7941,0.10289999999999999,0.897,89.7,TRUE,1,TRUE,TRUE,TRUE,TRUE,TRUE,FALSE,FALSE,TRUE,NA,0.897
spatial_spd,15719,North America,Polar,analysis=spatial_spd|dataset_id=15719|region=North America|climatezone=Polar,human,-0.0419,0.0231,-0.0188,-4.95,TRUE,0.38,TRUE,TRUE,TRUE,TRUE,TRUE,TRUE,TRUE,TRUE,NA,-0.049473684210526316
spatial_spd,15719,North America,Polar,analysis=spatial_spd|dataset_id=15719|region=North America|climatezone=Polar,climate,0.3763,0.022999999999999965,0.3993,105.08,TRUE,0.38,TRUE,TRUE,TRUE,TRUE,TRUE,TRUE,TRUE,TRUE,NA,1.0507894736842105
spatial_spd,2955,North America,Polar,analysis=spatial_spd|dataset_id=2955|region=North America|climatezone=Polar,human,0.1364,-0.028399999999999995,0.108,24.32,TRUE,0.444,TRUE,TRUE,TRUE,TRUE,TRUE,FALSE,FALSE,TRUE,NA,0.24324324324324323
spatial_spd,2955,North America,Polar,analysis=spatial_spd|dataset_id=2955|region=North America|climatezone=Polar,climate,0.3639,-0.02839999999999998,0.3355,75.56,TRUE,0.444,TRUE,TRUE,TRUE,TRUE,TRUE,FALSE,FALSE,TRUE,NA,0.7556306306306306
spatial_spd,22910,Europe,Cold_Without_dry_season_Warm_Summer,analysis=spatial_spd|dataset_id=22910|region=Europe|climatezone=Cold_Without_dry_season_Warm_Summer,human,0.3936,-0.07380000000000003,0.3198,104.85,TRUE,0.305,TRUE,TRUE,TRUE,TRUE,TRUE,FALSE,TRUE,TRUE,NA,1.0485245901639344
spatial_spd,22910,Europe,Cold_Without_dry_season_Warm_Summer,analysis=spatial_spd|dataset_id=22910|region=Europe|climatezone=Cold_Without_dry_season_Warm_Summer,climate,0.0588,-0.0737,-0.0149,-4.89,TRUE,0.305,TRUE,TRUE,TRUE,TRUE,TRUE,FALSE,TRUE,TRUE,NA,-0.04885245901639344
spatial_spd,16061,North America,Cold_Dry_Summer,analysis=spatial_spd|dataset_id=16061|region=North America|climatezone=Cold_Dry_Summer,human,-0.0271,0.0144,-0.0127,-3.94,TRUE,0.322,TRUE,TRUE,TRUE,TRUE,TRUE,TRUE,TRUE,TRUE,NA,-0.03944099378881987
spatial_spd,16061,North America,Cold_Dry_Summer,analysis=spatial_spd|dataset_id=16061|region=North America|climatezone=Cold_Dry_Summer,climate,0.3206,0.01429999999999998,0.3349,104.01,TRUE,0.322,TRUE,TRUE,TRUE,TRUE,TRUE,TRUE,TRUE,TRUE,NA,1.040062111801242
spatial_spd,549,North America,Cold_Without_dry_season_Cold_Summer,analysis=spatial_spd|dataset_id=549|region=North America|climatezone=Cold_Without_dry_season_Cold_Summer,human,-0.0016,0.0259,0.0243,5.05,TRUE,0.481,TRUE,TRUE,TRUE,TRUE,TRUE,TRUE,FALSE,TRUE,NA,0.050519750519750516
spatial_spd,549,North America,Cold_Without_dry_season_Cold_Summer,analysis=spatial_spd|dataset_id=549|region=North America|climatezone=Cold_Without_dry_season_Cold_Summer,climate,0.43120000000000003,0.02589999999999998,0.4571,95.03,TRUE,0.481,TRUE,TRUE,TRUE,TRUE,TRUE,TRUE,FALSE,TRUE,NA,0.9503118503118504
spatial_spd,45719,Europe,Cold_Without_dry_season_Warm_Summer,analysis=spatial_spd|dataset_id=45719|region=Europe|climatezone=Cold_Without_dry_season_Warm_Summer,human,0.1115,0.04179999999999999,0.1533,26.94,TRUE,0.569,TRUE,TRUE,TRUE,TRUE,TRUE,FALSE,FALSE,TRUE,NA,0.2694200351493849
spatial_spd,45719,Europe,Cold_Without_dry_season_Warm_Summer,analysis=spatial_spd|dataset_id=45719|region=Europe|climatezone=Cold_Without_dry_season_Warm_Summer,climate,0.3737,0.041700000000000015,0.4154,73.01,TRUE,0.569,TRUE,TRUE,TRUE,TRUE,TRUE,FALSE,FALSE,TRUE,NA,0.7300527240773287
spatial_spd,2610,North America,Cold_Without_dry_season_Warm_Summer,analysis=spatial_spd|dataset_id=2610|region=North America|climatezone=Cold_Without_dry_season_Warm_Summer,human,0.1548,0.0653,0.2201,51.55,TRUE,0.427,TRUE,TRUE,TRUE,TRUE,TRUE,FALSE,FALSE,TRUE,NA,0.5154566744730679
spatial_spd,2610,North America,Cold_Without_dry_season_Warm_Summer,analysis=spatial_spd|dataset_id=2610|region=North America|climatezone=Cold_Without_dry_season_Warm_Summer,climate,0.1417,0.0653,0.207,48.48,TRUE,0.427,TRUE,TRUE,TRUE,TRUE,TRUE,FALSE,FALSE,TRUE,NA,0.4847775175644028
spatial_spd,20838,North America,Cold_Without_dry_season_Cold_Summer,analysis=spatial_spd|dataset_id=20838|region=North America|climatezone=Cold_Without_dry_season_Cold_Summer,human,-0.0281,0.0217,-0.0064,-3.09,TRUE,0.207,TRUE,TRUE,TRUE,TRUE,TRUE,TRUE,TRUE,TRUE,NA,-0.03091787439613527
spatial_spd,20838,North America,Cold_Without_dry_season_Cold_Summer,analysis=spatial_spd|dataset_id=20838|region=North America|climatezone=Cold_Without_dry_season_Cold_Summer,climate,0.1919,0.021700000000000025,0.2136,103.19,TRUE,0.207,TRUE,TRUE,TRUE,TRUE,TRUE,TRUE,TRUE,TRUE,NA,1.0318840579710147
spatial_spd,24390,Europe,Temperate_Dry_Summer,analysis=spatial_spd|dataset_id=24390|region=Europe|climatezone=Temperate_Dry_Summer,human,-0.0052,0.0168,0.0116,2.34,TRUE,0.495,TRUE,TRUE,TRUE,TRUE,TRUE,TRUE,FALSE,TRUE,NA,0.023434343434343433
spatial_spd,24390,Europe,Temperate_Dry_Summer,analysis=spatial_spd|dataset_id=24390|region=Europe|climatezone=Temperate_Dry_Summer,climate,0.4668,0.016699999999999993,0.4835,97.68,TRUE,0.495,TRUE,TRUE,TRUE,TRUE,TRUE,TRUE,FALSE,TRUE,NA,0.9767676767676767
spatial_spd,21319,North America,Cold_Without_dry_season_Cold_Summer,analysis=spatial_spd|dataset_id=21319|region=North America|climatezone=Cold_Without_dry_season_Cold_Summer,human,0.0196,0.0421,0.0617,9.49,TRUE,0.65,TRUE,TRUE,TRUE,TRUE,TRUE,FALSE,FALSE,TRUE,NA,0.09492307692307692
spatial_spd,21319,North America,Cold_Without_dry_season_Cold_Summer,analysis=spatial_spd|dataset_id=21319|region=North America|climatezone=Cold_Without_dry_season_Cold_Summer,climate,0.5457,0.042200000000000015,0.5879,90.45,TRUE,0.65,TRUE,TRUE,TRUE,TRUE,TRUE,FALSE,FALSE,TRUE,NA,0.9044615384615384
spatial_spd,15740,North America,Cold_Without_dry_season_Warm_Summer,analysis=spatial_spd|dataset_id=15740|region=North America|climatezone=Cold_Without_dry_season_Warm_Summer,human,0.0338,0.08990000000000001,0.1237,50.7,TRUE,0.244,TRUE,TRUE,TRUE,TRUE,TRUE,FALSE,FALSE,TRUE,NA,0.5069672131147541
spatial_spd,15740,North America,Cold_Without_dry_season_Warm_Summer,analysis=spatial_spd|dataset_id=15740|region=North America|climatezone=Cold_Without_dry_season_Warm_Summer,climate,0.0304,0.08990000000000001,0.1203,49.3,TRUE,0.244,TRUE,TRUE,TRUE,TRUE,TRUE,FALSE,FALSE,TRUE,NA,0.49303278688524593
spatial_spd,16275,North America,Cold_Without_dry_season_Cold_Summer,analysis=spatial_spd|dataset_id=16275|region=North America|climatezone=Cold_Without_dry_season_Cold_Summer,human,0.0068,0.0529,0.0597,11.89,TRUE,0.502,TRUE,TRUE,TRUE,TRUE,TRUE,FALSE,FALSE,TRUE,NA,0.11892430278884462
spatial_spd,16275,North America,Cold_Without_dry_season_Cold_Summer,analysis=spatial_spd|dataset_id=16275|region=North America|climatezone=Cold_Without_dry_season_Cold_Summer,climate,0.3891,0.052800000000000014,0.4419,88.03,TRUE,0.502,TRUE,TRUE,TRUE,TRUE,TRUE,FALSE,FALSE,TRUE,NA,0.8802788844621514
spatial_spd,2303,North America,Polar,analysis=spatial_spd|dataset_id=2303|region=North America|climatezone=Polar,human,0.0378,0.0169,0.0547,17.37,TRUE,0.315,TRUE,TRUE,TRUE,TRUE,TRUE,FALSE,FALSE,TRUE,NA,0.17365079365079364
spatial_spd,2303,North America,Polar,analysis=spatial_spd|dataset_id=2303|region=North America|climatezone=Polar,climate,0.2435,0.016900000000000026,0.2604,82.67,TRUE,0.315,TRUE,TRUE,TRUE,TRUE,TRUE,FALSE,FALSE,TRUE,NA,0.8266666666666668
spatial_spd,1574,North America,Cold_Without_dry_season_Hot_Summer,analysis=spatial_spd|dataset_id=1574|region=North America|climatezone=Cold_Without_dry_season_Hot_Summer,human,0.0627,0.023099999999999996,0.0858,34.88,TRUE,0.246,TRUE,TRUE,TRUE,TRUE,TRUE,FALSE,FALSE,TRUE,NA,0.3487804878048781
spatial_spd,1574,North America,Cold_Without_dry_season_Hot_Summer,analysis=spatial_spd|dataset_id=1574|region=North America|climatezone=Cold_Without_dry_season_Hot_Summer,climate,0.1372,0.02310000000000001,0.1603,65.16,TRUE,0.246,TRUE,TRUE,TRUE,TRUE,TRUE,FALSE,FALSE,TRUE,NA,0.6516260162601626
spatial_spd,2962,North America,Cold_Without_dry_season_Cold_Summer,analysis=spatial_spd|dataset_id=2962|region=North America|climatezone=Cold_Without_dry_season_Cold_Summer,human,-0.0097,0.0711,0.0614,9.86,TRUE,0.623,TRUE,TRUE,TRUE,TRUE,TRUE,TRUE,FALSE,TRUE,NA,0.0985553772070626
spatial_spd,2962,North America,Cold_Without_dry_season_Cold_Summer,analysis=spatial_spd|dataset_id=2962|region=North America|climatezone=Cold_Without_dry_season_Cold_Summer,climate,0.4903,0.0711,0.5614,90.11,TRUE,0.623,TRUE,TRUE,TRUE,TRUE,TRUE,TRUE,FALSE,TRUE,NA,0.901123595505618
spatial_spd,1780,North America,Cold_Without_dry_season_Cold_Summer,analysis=spatial_spd|dataset_id=1780|region=North America|climatezone=Cold_Without_dry_season_Cold_Summer,human,0.0105,0.1464,0.1569,35.58,TRUE,0.441,TRUE,TRUE,TRUE,TRUE,TRUE,FALSE,FALSE,TRUE,NA,0.3557823129251701
spatial_spd,1780,North America,Cold_Without_dry_season_Cold_Summer,analysis=spatial_spd|dataset_id=1780|region=North America|climatezone=Cold_Without_dry_season_Cold_Summer,climate,0.1374,0.1464,0.2838,64.35,TRUE,0.441,TRUE,TRUE,TRUE,TRUE,TRUE,FALSE,FALSE,TRUE,NA,0.6435374149659864
spatial_spd,22797,Europe,Cold_Without_dry_season_Cold_Summer,analysis=spatial_spd|dataset_id=22797|region=Europe|climatezone=Cold_Without_dry_season_Cold_Summer,human,0.0703,0.017600000000000005,0.0879,19.53,TRUE,0.45,TRUE,TRUE,TRUE,TRUE,TRUE,FALSE,FALSE,TRUE,NA,0.19533333333333333
spatial_spd,22797,Europe,Cold_Without_dry_season_Cold_Summer,analysis=spatial_spd|dataset_id=22797|region=Europe|climatezone=Cold_Without_dry_season_Cold_Summer,climate,0.3449,0.017600000000000005,0.3625,80.56,TRUE,0.45,TRUE,TRUE,TRUE,TRUE,TRUE,FALSE,FALSE,TRUE,NA,0.8055555555555555
spatial_spd,2318,North America,Cold_Without_dry_season_Warm_Summer,analysis=spatial_spd|dataset_id=2318|region=North America|climatezone=Cold_Without_dry_season_Warm_Summer,human,0.0066,0.0397,0.0463,13.58,TRUE,0.341,TRUE,TRUE,TRUE,TRUE,TRUE,FALSE,FALSE,TRUE,NA,0.13577712609970674
spatial_spd,2318,North America,Cold_Without_dry_season_Warm_Summer,analysis=spatial_spd|dataset_id=2318|region=North America|climatezone=Cold_Without_dry_season_Warm_Summer,climate,0.2547,0.039600000000000024,0.2943,86.3,TRUE,0.341,TRUE,TRUE,TRUE,TRUE,TRUE,FALSE,FALSE,TRUE,NA,0.863049853372434
spatial_spd,20,Europe,Cold_Without_dry_season_Cold_Summer,analysis=spatial_spd|dataset_id=20|region=Europe|climatezone=Cold_Without_dry_season_Cold_Summer,human,0.0481,0.07550000000000001,0.1236,29.15,TRUE,0.424,TRUE,TRUE,TRUE,TRUE,TRUE,FALSE,FALSE,TRUE,NA,0.29150943396226414
spatial_spd,20,Europe,Cold_Without_dry_season_Cold_Summer,analysis=spatial_spd|dataset_id=20|region=Europe|climatezone=Cold_Without_dry_season_Cold_Summer,climate,0.2253,0.07550000000000001,0.3008,70.94,TRUE,0.424,TRUE,TRUE,TRUE,TRUE,TRUE,FALSE,FALSE,TRUE,NA,0.709433962264151
spatial_spd,2919,North America,Cold_Without_dry_season_Hot_Summer,analysis=spatial_spd|dataset_id=2919|region=North America|climatezone=Cold_Without_dry_season_Hot_Summer,human,0.1905,5.999999999999894e-4,0.1911,124.09,TRUE,0.154,TRUE,TRUE,TRUE,TRUE,TRUE,TRUE,TRUE,TRUE,NA,1.240909090909091
spatial_spd,2919,North America,Cold_Without_dry_season_Hot_Summer,analysis=spatial_spd|dataset_id=2919|region=North America|climatezone=Cold_Without_dry_season_Hot_Summer,climate,-0.0378,6.000000000000033e-4,-0.0372,-24.16,TRUE,0.154,TRUE,TRUE,TRUE,TRUE,TRUE,TRUE,TRUE,TRUE,NA,-0.24155844155844156
spatial_spd,20758,North America,Temperate_Dry_Summer,analysis=spatial_spd|dataset_id=20758|region=North America|climatezone=Temperate_Dry_Summer,human,0.0322,-0.0142,0.018,7.96,TRUE,0.226,TRUE,TRUE,TRUE,TRUE,TRUE,FALSE,FALSE,TRUE,NA,0.07964601769911503
spatial_spd,20758,North America,Temperate_Dry_Summer,analysis=spatial_spd|dataset_id=20758|region=North America|climatezone=Temperate_Dry_Summer,climate,0.2219,-0.01419999999999999,0.2077,91.9,TRUE,0.226,TRUE,TRUE,TRUE,TRUE,TRUE,FALSE,FALSE,TRUE,NA,0.9190265486725663
spatial_spd,24097,Europe,Cold_Without_dry_season_Warm_Summer,analysis=spatial_spd|dataset_id=24097|region=Europe|climatezone=Cold_Without_dry_season_Warm_Summer,human,-0.0108,-0.0086,-0.0194,-16.72,TRUE,0.116,TRUE,TRUE,TRUE,TRUE,TRUE,TRUE,TRUE,TRUE,NA,-0.16724137931034483
spatial_spd,24097,Europe,Cold_Without_dry_season_Warm_Summer,analysis=spatial_spd|dataset_id=24097|region=Europe|climatezone=Cold_Without_dry_season_Warm_Summer,climate,0.1443,-0.008600000000000024,0.1357,116.98,TRUE,0.116,TRUE,TRUE,TRUE,TRUE,TRUE,TRUE,TRUE,TRUE,NA,1.1698275862068963
spatial_spd,501,North America,Cold_Without_dry_season_Cold_Summer,analysis=spatial_spd|dataset_id=501|region=North America|climatezone=Cold_Without_dry_season_Cold_Summer,human,-0.0222,0.0644,0.0422,16.36,TRUE,0.258,TRUE,TRUE,TRUE,TRUE,TRUE,TRUE,FALSE,TRUE,NA,0.1635658914728682
spatial_spd,501,North America,Cold_Without_dry_season_Cold_Summer,analysis=spatial_spd|dataset_id=501|region=North America|climatezone=Cold_Without_dry_season_Cold_Summer,climate,0.1512,0.06440000000000001,0.21560000000000001,83.57,TRUE,0.258,TRUE,TRUE,TRUE,TRUE,TRUE,TRUE,FALSE,TRUE,NA,0.8356589147286823
spatial_spd,1848,North America,Cold_Without_dry_season_Warm_Summer,analysis=spatial_spd|dataset_id=1848|region=North America|climatezone=Cold_Without_dry_season_Warm_Summer,human,0.0068,0.1948,0.2016,44.41,TRUE,0.454,TRUE,TRUE,TRUE,TRUE,TRUE,FALSE,FALSE,TRUE,NA,0.4440528634361233
spatial_spd,1848,North America,Cold_Without_dry_season_Warm_Summer,analysis=spatial_spd|dataset_id=1848|region=North America|climatezone=Cold_Without_dry_season_Warm_Summer,climate,0.0581,0.19480000000000003,0.2529,55.7,TRUE,0.454,TRUE,TRUE,TRUE,TRUE,TRUE,FALSE,FALSE,TRUE,NA,0.5570484581497798
spatial_spd,45385,Europe,Cold_Without_dry_season_Warm_Summer,analysis=spatial_spd|dataset_id=45385|region=Europe|climatezone=Cold_Without_dry_season_Warm_Summer,human,-0.0354,0.0431,0.0077,1.5,TRUE,0.515,TRUE,TRUE,TRUE,TRUE,TRUE,TRUE,FALSE,TRUE,NA,0.014951456310679612
spatial_spd,45385,Europe,Cold_Without_dry_season_Warm_Summer,analysis=spatial_spd|dataset_id=45385|region=Europe|climatezone=Cold_Without_dry_season_Warm_Summer,climate,0.4645,0.04310000000000003,0.5076,98.56,TRUE,0.515,TRUE,TRUE,TRUE,TRUE,TRUE,TRUE,FALSE,TRUE,NA,0.9856310679611652
spatial_spd,2908,Latin America,Cold_Dry_Summer,analysis=spatial_spd|dataset_id=2908|region=Latin America|climatezone=Cold_Dry_Summer,human,0.0587,-0.03270000000000001,0.026,5.36,TRUE,0.485,TRUE,TRUE,TRUE,TRUE,TRUE,FALSE,FALSE,TRUE,NA,0.05360824742268041
spatial_spd,2908,Latin America,Cold_Dry_Summer,analysis=spatial_spd|dataset_id=2908|region=Latin America|climatezone=Cold_Dry_Summer,climate,0.4913,-0.03270000000000001,0.4586,94.56,TRUE,0.485,TRUE,TRUE,TRUE,TRUE,TRUE,FALSE,FALSE,TRUE,NA,0.9455670103092784
spatial_spd,22683,Europe,Cold_Without_dry_season_Cold_Summer,analysis=spatial_spd|dataset_id=22683|region=Europe|climatezone=Cold_Without_dry_season_Cold_Summer,human,-0.0344,0.0476,0.0132,7.63,TRUE,0.173,TRUE,TRUE,TRUE,TRUE,TRUE,TRUE,FALSE,TRUE,NA,0.07630057803468208
spatial_spd,22683,Europe,Cold_Without_dry_season_Cold_Summer,analysis=spatial_spd|dataset_id=22683|region=Europe|climatezone=Cold_Without_dry_season_Cold_Summer,climate,0.1121,0.0476,0.1597,92.31,TRUE,0.173,TRUE,TRUE,TRUE,TRUE,TRUE,TRUE,FALSE,TRUE,NA,0.9231213872832371
spatial_spd,17711,North America,Cold_Without_dry_season_Cold_Summer,analysis=spatial_spd|dataset_id=17711|region=North America|climatezone=Cold_Without_dry_season_Cold_Summer,human,0.0691,0.048600000000000004,0.1177,19.45,TRUE,0.605,TRUE,TRUE,TRUE,TRUE,TRUE,FALSE,FALSE,TRUE,NA,0.19454545454545455
spatial_spd,17711,North America,Cold_Without_dry_season_Cold_Summer,analysis=spatial_spd|dataset_id=17711|region=North America|climatezone=Cold_Without_dry_season_Cold_Summer,climate,0.4384,0.04859999999999998,0.487,80.5,TRUE,0.605,TRUE,TRUE,TRUE,TRUE,TRUE,FALSE,FALSE,TRUE,NA,0.8049586776859504
spatial_spd,2023,North America,Cold_Without_dry_season_Warm_Summer,analysis=spatial_spd|dataset_id=2023|region=North America|climatezone=Cold_Without_dry_season_Warm_Summer,human,-0.0095,0.1589,0.1494,34.74,TRUE,0.43,TRUE,TRUE,TRUE,TRUE,TRUE,TRUE,FALSE,TRUE,NA,0.34744186046511627
spatial_spd,2023,North America,Cold_Without_dry_season_Warm_Summer,analysis=spatial_spd|dataset_id=2023|region=North America|climatezone=Cold_Without_dry_season_Warm_Summer,climate,0.1221,0.15890000000000004,0.281,65.35,TRUE,0.43,TRUE,TRUE,TRUE,TRUE,TRUE,TRUE,FALSE,TRUE,NA,0.6534883720930234
spatial_spd,336,North America,Cold_Without_dry_season_Cold_Summer,analysis=spatial_spd|dataset_id=336|region=North America|climatezone=Cold_Without_dry_season_Cold_Summer,human,0.1208,0.0377,0.1585,43.31,TRUE,0.366,TRUE,TRUE,TRUE,TRUE,TRUE,FALSE,FALSE,TRUE,NA,0.4330601092896175
spatial_spd,336,North America,Cold_Without_dry_season_Cold_Summer,analysis=spatial_spd|dataset_id=336|region=North America|climatezone=Cold_Without_dry_season_Cold_Summer,climate,0.1701,0.03770000000000001,0.2078,56.78,TRUE,0.366,TRUE,TRUE,TRUE,TRUE,TRUE,FALSE,FALSE,TRUE,NA,0.5677595628415301
spatial_spd,14525,Europe,Temperate_Without_dry_season,analysis=spatial_spd|dataset_id=14525|region=Europe|climatezone=Temperate_Without_dry_season,human,-0.0025,0.1342,0.1317,18.6,TRUE,0.708,TRUE,TRUE,TRUE,TRUE,TRUE,TRUE,FALSE,TRUE,NA,0.1860169491525424
spatial_spd,14525,Europe,Temperate_Without_dry_season,analysis=spatial_spd|dataset_id=14525|region=Europe|climatezone=Temperate_Without_dry_season,climate,0.442,0.13420000000000004,0.5762,81.38,TRUE,0.708,TRUE,TRUE,TRUE,TRUE,TRUE,TRUE,FALSE,TRUE,NA,0.8138418079096046
spatial_spd,1667,North America,Cold_Without_dry_season_Warm_Summer,analysis=spatial_spd|dataset_id=1667|region=North America|climatezone=Cold_Without_dry_season_Warm_Summer,human,0.1296,0.092,0.2216,51.3,TRUE,0.432,TRUE,TRUE,TRUE,TRUE,TRUE,FALSE,FALSE,TRUE,NA,0.512962962962963
spatial_spd,1667,North America,Cold_Without_dry_season_Warm_Summer,analysis=spatial_spd|dataset_id=1667|region=North America|climatezone=Cold_Without_dry_season_Warm_Summer,climate,0.1187,0.092,0.2107,48.77,TRUE,0.432,TRUE,TRUE,TRUE,TRUE,TRUE,FALSE,FALSE,TRUE,NA,0.4877314814814815
spatial_spd,41491,Europe,Cold_Without_dry_season_Warm_Summer,analysis=spatial_spd|dataset_id=41491|region=Europe|climatezone=Cold_Without_dry_season_Warm_Summer,human,0.1232,-0.02120000000000001,0.102,20.52,TRUE,0.497,TRUE,TRUE,TRUE,TRUE,TRUE,FALSE,FALSE,TRUE,NA,0.20523138832997986
spatial_spd,41491,Europe,Cold_Without_dry_season_Warm_Summer,analysis=spatial_spd|dataset_id=41491|region=Europe|climatezone=Cold_Without_dry_season_Warm_Summer,climate,0.4159,-0.021199999999999997,0.3947,79.42,TRUE,0.497,TRUE,TRUE,TRUE,TRUE,TRUE,FALSE,FALSE,TRUE,NA,0.7941649899396378
spatial_spd,48621,Latin America,Temperate_Without_dry_season,analysis=spatial_spd|dataset_id=48621|region=Latin America|climatezone=Temperate_Without_dry_season,human,-0.079,0.0347,-0.0443,-43.01,TRUE,0.103,TRUE,TRUE,TRUE,TRUE,TRUE,TRUE,TRUE,TRUE,NA,-0.4300970873786408
spatial_spd,48621,Latin America,Temperate_Without_dry_season,analysis=spatial_spd|dataset_id=48621|region=Latin America|climatezone=Temperate_Without_dry_season,climate,0.1124,0.03470000000000001,0.1471,142.82,TRUE,0.103,TRUE,TRUE,TRUE,TRUE,TRUE,TRUE,TRUE,TRUE,NA,1.4281553398058253
spatial_spd,48889,North America,Cold_Without_dry_season_Warm_Summer,analysis=spatial_spd|dataset_id=48889|region=North America|climatezone=Cold_Without_dry_season_Warm_Summer,human,0.2105,0.07449999999999998,0.285,81.9,TRUE,0.348,TRUE,TRUE,TRUE,TRUE,TRUE,TRUE,FALSE,TRUE,NA,0.8189655172413793
spatial_spd,48889,North America,Cold_Without_dry_season_Warm_Summer,analysis=spatial_spd|dataset_id=48889|region=North America|climatezone=Cold_Without_dry_season_Warm_Summer,climate,-0.011,0.0745,0.0635,18.25,TRUE,0.348,TRUE,TRUE,TRUE,TRUE,TRUE,TRUE,FALSE,TRUE,NA,0.1824712643678161
spatial_spd,45400,Europe,Cold_Without_dry_season_Warm_Summer,analysis=spatial_spd|dataset_id=45400|region=Europe|climatezone=Cold_Without_dry_season_Warm_Summer,human,-0.0045,0.0453,0.0408,204,TRUE,0.02,TRUE,TRUE,TRUE,TRUE,TRUE,TRUE,TRUE,TRUE,NA,2.04
spatial_spd,45400,Europe,Cold_Without_dry_season_Warm_Summer,analysis=spatial_spd|dataset_id=45400|region=Europe|climatezone=Cold_Without_dry_season_Warm_Summer,climate,-0.0656,0.045200000000000004,-0.0204,-102,TRUE,0.02,TRUE,TRUE,TRUE,TRUE,TRUE,TRUE,TRUE,TRUE,NA,-1.02
spatial_spd,805,North America,Cold_Without_dry_season_Hot_Summer,analysis=spatial_spd|dataset_id=805|region=North America|climatezone=Cold_Without_dry_season_Hot_Summer,human,0.0818,0.021500000000000005,0.1033,23.69,TRUE,0.436,TRUE,TRUE,TRUE,TRUE,TRUE,FALSE,FALSE,TRUE,NA,0.23692660550458716
spatial_spd,805,North America,Cold_Without_dry_season_Hot_Summer,analysis=spatial_spd|dataset_id=805|region=North America|climatezone=Cold_Without_dry_season_Hot_Summer,climate,0.3112,0.02150000000000002,0.3327,76.31,TRUE,0.436,TRUE,TRUE,TRUE,TRUE,TRUE,FALSE,FALSE,TRUE,NA,0.7630733944954128
spatial_spd,22992,Europe,Cold_Without_dry_season_Cold_Summer,analysis=spatial_spd|dataset_id=22992|region=Europe|climatezone=Cold_Without_dry_season_Cold_Summer,human,0.10780000000000001,-0.0126,0.0952,54.71,TRUE,0.174,TRUE,TRUE,TRUE,TRUE,TRUE,FALSE,FALSE,TRUE,NA,0.5471264367816093
spatial_spd,22992,Europe,Cold_Without_dry_season_Cold_Summer,analysis=spatial_spd|dataset_id=22992|region=Europe|climatezone=Cold_Without_dry_season_Cold_Summer,climate,0.0914,-0.012699999999999989,0.0787,45.23,TRUE,0.174,TRUE,TRUE,TRUE,TRUE,TRUE,FALSE,FALSE,TRUE,NA,0.4522988505747127
spatial_spd,15768,North America,Temperate_Dry_Summer,analysis=spatial_spd|dataset_id=15768|region=North America|climatezone=Temperate_Dry_Summer,human,-0.0166,0.0262,0.0096,3.72,TRUE,0.258,TRUE,TRUE,TRUE,TRUE,TRUE,TRUE,FALSE,TRUE,NA,0.03720930232558139
spatial_spd,15768,North America,Temperate_Dry_Summer,analysis=spatial_spd|dataset_id=15768|region=North America|climatezone=Temperate_Dry_Summer,climate,0.2225,0.0262,0.2487,96.4,TRUE,0.258,TRUE,TRUE,TRUE,TRUE,TRUE,TRUE,FALSE,TRUE,NA,0.963953488372093
spatial_spd,41911,Europe,Temperate_Dry_Summer,analysis=spatial_spd|dataset_id=41911|region=Europe|climatezone=Temperate_Dry_Summer,human,-0.0278,0.029599999999999998,0.0018,3.53,TRUE,0.051,TRUE,TRUE,TRUE,TRUE,TRUE,TRUE,FALSE,TRUE,NA,0.03529411764705882
spatial_spd,41911,Europe,Temperate_Dry_Summer,analysis=spatial_spd|dataset_id=41911|region=Europe|climatezone=Temperate_Dry_Summer,climate,0.0193,0.029500000000000002,0.0488,95.69,TRUE,0.051,TRUE,TRUE,TRUE,TRUE,TRUE,TRUE,FALSE,TRUE,NA,0.9568627450980394
spatial_spd,22316,Europe,Cold_Without_dry_season_Warm_Summer,analysis=spatial_spd|dataset_id=22316|region=Europe|climatezone=Cold_Without_dry_season_Warm_Summer,human,0.0654,0.052500000000000005,0.1179,28.34,TRUE,0.416,TRUE,TRUE,TRUE,TRUE,TRUE,FALSE,FALSE,TRUE,NA,0.2834134615384616
spatial_spd,22316,Europe,Cold_Without_dry_season_Warm_Summer,analysis=spatial_spd|dataset_id=22316|region=Europe|climatezone=Cold_Without_dry_season_Warm_Summer,climate,0.2452,0.05250000000000002,0.2977,71.56,TRUE,0.416,TRUE,TRUE,TRUE,TRUE,TRUE,FALSE,FALSE,TRUE,NA,0.7156250000000001
spatial_spd,219,North America,Cold_Without_dry_season_Warm_Summer,analysis=spatial_spd|dataset_id=219|region=North America|climatezone=Cold_Without_dry_season_Warm_Summer,human,0.0227,0.009499999999999998,0.0322,5.31,TRUE,0.606,TRUE,TRUE,TRUE,TRUE,TRUE,FALSE,FALSE,TRUE,NA,0.05313531353135314
spatial_spd,219,North America,Cold_Without_dry_season_Warm_Summer,analysis=spatial_spd|dataset_id=219|region=North America|climatezone=Cold_Without_dry_season_Warm_Summer,climate,0.5646,0.009500000000000064,0.5741,94.74,TRUE,0.606,TRUE,TRUE,TRUE,TRUE,TRUE,FALSE,FALSE,TRUE,NA,0.9473597359735975
spatial_spd,4364,Europe,Cold_Without_dry_season_Warm_Summer,analysis=spatial_spd|dataset_id=4364|region=Europe|climatezone=Cold_Without_dry_season_Warm_Summer,human,0.0236,0.0063999999999999994,0.03,214.29,TRUE,0.014,TRUE,TRUE,TRUE,TRUE,TRUE,TRUE,TRUE,TRUE,NA,2.142857142857143
spatial_spd,4364,Europe,Cold_Without_dry_season_Warm_Summer,analysis=spatial_spd|dataset_id=4364|region=Europe|climatezone=Cold_Without_dry_season_Warm_Summer,climate,-0.0226,0.0063999999999999994,-0.0162,-115.71,TRUE,0.014,TRUE,TRUE,TRUE,TRUE,TRUE,TRUE,TRUE,TRUE,NA,-1.157142857142857
spatial_spd,21606,Latin America,Arid,analysis=spatial_spd|dataset_id=21606|region=Latin America|climatezone=Arid,human,0.2334,0.066,0.2994,40.19,TRUE,0.745,TRUE,TRUE,TRUE,TRUE,TRUE,FALSE,FALSE,TRUE,NA,0.40187919463087246
spatial_spd,21606,Latin America,Arid,analysis=spatial_spd|dataset_id=21606|region=Latin America|climatezone=Arid,climate,0.3795,0.06590000000000001,0.4454,59.79,TRUE,0.745,TRUE,TRUE,TRUE,TRUE,TRUE,FALSE,FALSE,TRUE,NA,0.5978523489932887
spatial_spd,2586,North America,Cold_Without_dry_season_Warm_Summer,analysis=spatial_spd|dataset_id=2586|region=North America|climatezone=Cold_Without_dry_season_Warm_Summer,human,-0.003,0.0461,0.0431,25.81,TRUE,0.167,TRUE,TRUE,TRUE,TRUE,TRUE,TRUE,FALSE,TRUE,NA,0.25808383233532933
spatial_spd,2586,North America,Cold_Without_dry_season_Warm_Summer,analysis=spatial_spd|dataset_id=2586|region=North America|climatezone=Cold_Without_dry_season_Warm_Summer,climate,0.0781,0.04619999999999999,0.1243,74.43,TRUE,0.167,TRUE,TRUE,TRUE,TRUE,TRUE,TRUE,FALSE,TRUE,NA,0.7443113772455089
spatial_spd,41614,North America,Cold_Without_dry_season_Cold_Summer,analysis=spatial_spd|dataset_id=41614|region=North America|climatezone=Cold_Without_dry_season_Cold_Summer,human,-0.0038,0.141,0.1372,29.44,TRUE,0.466,TRUE,TRUE,TRUE,TRUE,TRUE,TRUE,FALSE,TRUE,NA,0.2944206008583691
spatial_spd,41614,North America,Cold_Without_dry_season_Cold_Summer,analysis=spatial_spd|dataset_id=41614|region=North America|climatezone=Cold_Without_dry_season_Cold_Summer,climate,0.1881,0.14100000000000001,0.3291,70.62,TRUE,0.466,TRUE,TRUE,TRUE,TRUE,TRUE,TRUE,FALSE,TRUE,NA,0.7062231759656652
spatial_spd,15138,North America,Cold_Without_dry_season_Warm_Summer,analysis=spatial_spd|dataset_id=15138|region=North America|climatezone=Cold_Without_dry_season_Warm_Summer,human,-0.0389,0.093,0.0541,22.36,TRUE,0.242,TRUE,TRUE,TRUE,TRUE,TRUE,TRUE,FALSE,TRUE,NA,0.22355371900826448
spatial_spd,15138,North America,Cold_Without_dry_season_Warm_Summer,analysis=spatial_spd|dataset_id=15138|region=North America|climatezone=Cold_Without_dry_season_Warm_Summer,climate,0.0952,0.093,0.1882,77.77,TRUE,0.242,TRUE,TRUE,TRUE,TRUE,TRUE,TRUE,FALSE,TRUE,NA,0.7776859504132232
spatial_spd,24250,Europe,Cold_Without_dry_season_Warm_Summer,analysis=spatial_spd|dataset_id=24250|region=Europe|climatezone=Cold_Without_dry_season_Warm_Summer,human,-0.0147,-0.0187,-0.0334,-6.23,TRUE,0.536,TRUE,TRUE,TRUE,TRUE,TRUE,TRUE,TRUE,TRUE,NA,-0.062313432835820894
spatial_spd,24250,Europe,Cold_Without_dry_season_Warm_Summer,analysis=spatial_spd|dataset_id=24250|region=Europe|climatezone=Cold_Without_dry_season_Warm_Summer,climate,0.5884,-0.01870000000000005,0.5697,106.29,TRUE,0.536,TRUE,TRUE,TRUE,TRUE,TRUE,TRUE,TRUE,TRUE,NA,1.0628731343283582
spatial_spd,24414,Europe,Cold_Without_dry_season_Warm_Summer,analysis=spatial_spd|dataset_id=24414|region=Europe|climatezone=Cold_Without_dry_season_Warm_Summer,human,-0.0232,-0.0023,-0.0255,-7.12,TRUE,0.358,TRUE,TRUE,TRUE,TRUE,TRUE,TRUE,TRUE,TRUE,NA,-0.0712290502793296
spatial_spd,24414,Europe,Cold_Without_dry_season_Warm_Summer,analysis=spatial_spd|dataset_id=24414|region=Europe|climatezone=Cold_Without_dry_season_Warm_Summer,climate,0.3864,-0.0024000000000000132,0.384,107.26,TRUE,0.358,TRUE,TRUE,TRUE,TRUE,TRUE,TRUE,TRUE,TRUE,NA,1.0726256983240223
spatial_spd,3493,North America,Cold_Without_dry_season_Warm_Summer,analysis=spatial_spd|dataset_id=3493|region=North America|climatezone=Cold_Without_dry_season_Warm_Summer,human,0.0633,0.08630000000000002,0.1496,34,TRUE,0.44,TRUE,TRUE,TRUE,TRUE,TRUE,FALSE,FALSE,TRUE,NA,0.34
spatial_spd,3493,North America,Cold_Without_dry_season_Warm_Summer,analysis=spatial_spd|dataset_id=3493|region=North America|climatezone=Cold_Without_dry_season_Warm_Summer,climate,0.2044,0.08630000000000002,0.2907,66.07,TRUE,0.44,TRUE,TRUE,TRUE,TRUE,TRUE,FALSE,FALSE,TRUE,NA,0.6606818181818183
spatial_spd,15855,North America,Cold_Without_dry_season_Cold_Summer,analysis=spatial_spd|dataset_id=15855|region=North America|climatezone=Cold_Without_dry_season_Cold_Summer,human,-0.0321,0.0329,8e-4,4,TRUE,0.02,TRUE,TRUE,TRUE,TRUE,TRUE,TRUE,FALSE,TRUE,NA,0.04
spatial_spd,15855,North America,Cold_Without_dry_season_Cold_Summer,analysis=spatial_spd|dataset_id=15855|region=North America|climatezone=Cold_Without_dry_season_Cold_Summer,climate,-0.014,0.0329,0.0189,94.5,TRUE,0.02,TRUE,TRUE,TRUE,TRUE,TRUE,TRUE,FALSE,TRUE,NA,0.945
spatial_spd,974,North America,Cold_Without_dry_season_Warm_Summer,analysis=spatial_spd|dataset_id=974|region=North America|climatezone=Cold_Without_dry_season_Warm_Summer,human,0.0452,0.17930000000000001,0.2245,29.66,TRUE,0.757,TRUE,TRUE,TRUE,TRUE,TRUE,FALSE,FALSE,TRUE,NA,0.2965653896961691
spatial_spd,974,North America,Cold_Without_dry_season_Warm_Summer,analysis=spatial_spd|dataset_id=974|region=North America|climatezone=Cold_Without_dry_season_Warm_Summer,climate,0.3533,0.17929999999999996,0.5326,70.36,TRUE,0.757,TRUE,TRUE,TRUE,TRUE,TRUE,FALSE,FALSE,TRUE,NA,0.703566710700132
spatial_spd,16054,North America,Cold_Dry_Summer,analysis=spatial_spd|dataset_id=16054|region=North America|climatezone=Cold_Dry_Summer,human,0.0166,0.0717,0.0883,16.5,TRUE,0.535,TRUE,TRUE,TRUE,TRUE,TRUE,FALSE,FALSE,TRUE,NA,0.16504672897196263
spatial_spd,16054,North America,Cold_Dry_Summer,analysis=spatial_spd|dataset_id=16054|region=North America|climatezone=Cold_Dry_Summer,climate,0.3747,0.0716,0.4463,83.42,TRUE,0.535,TRUE,TRUE,TRUE,TRUE,TRUE,FALSE,FALSE,TRUE,NA,0.8342056074766354
spatial_spd,45117,Europe,Cold_Without_dry_season_Cold_Summer,analysis=spatial_spd|dataset_id=45117|region=Europe|climatezone=Cold_Without_dry_season_Cold_Summer,human,0.0119,0.037399999999999996,0.0493,11.77,TRUE,0.419,TRUE,TRUE,TRUE,TRUE,TRUE,FALSE,FALSE,TRUE,NA,0.11766109785202863
spatial_spd,45117,Europe,Cold_Without_dry_season_Cold_Summer,analysis=spatial_spd|dataset_id=45117|region=Europe|climatezone=Cold_Without_dry_season_Cold_Summer,climate,0.3324,0.037400000000000044,0.3698,88.26,TRUE,0.419,TRUE,TRUE,TRUE,TRUE,TRUE,FALSE,FALSE,TRUE,NA,0.8825775656324583
spatial_spd,679,North America,Cold_Without_dry_season_Warm_Summer,analysis=spatial_spd|dataset_id=679|region=North America|climatezone=Cold_Without_dry_season_Warm_Summer,human,0.1591,-0.08489999999999999,0.0742,29.8,TRUE,0.249,TRUE,TRUE,TRUE,TRUE,TRUE,FALSE,FALSE,TRUE,NA,0.29799196787148596
spatial_spd,679,North America,Cold_Without_dry_season_Warm_Summer,analysis=spatial_spd|dataset_id=679|region=North America|climatezone=Cold_Without_dry_season_Warm_Summer,climate,0.2594,-0.08490000000000003,0.1745,70.08,TRUE,0.249,TRUE,TRUE,TRUE,TRUE,TRUE,FALSE,FALSE,TRUE,NA,0.7008032128514056
spatial_spd,15778,North America,Cold_Dry_Summer,analysis=spatial_spd|dataset_id=15778|region=North America|climatezone=Cold_Dry_Summer,human,0.4243,-0.1305,0.2938,51.73,TRUE,0.568,TRUE,TRUE,TRUE,TRUE,TRUE,FALSE,FALSE,TRUE,NA,0.5172535211267606
spatial_spd,15778,North America,Cold_Dry_Summer,analysis=spatial_spd|dataset_id=15778|region=North America|climatezone=Cold_Dry_Summer,climate,0.4042,-0.1305,0.2737,48.19,TRUE,0.568,TRUE,TRUE,TRUE,TRUE,TRUE,FALSE,FALSE,TRUE,NA,0.48186619718309864
spatial_spd,47537,Europe,Temperate_Dry_Summer,analysis=spatial_spd|dataset_id=47537|region=Europe|climatezone=Temperate_Dry_Summer,human,0.027,-0.0302,-0.0032,-0.5,TRUE,0.637,TRUE,TRUE,TRUE,TRUE,TRUE,FALSE,TRUE,TRUE,NA,-0.005023547880690738
spatial_spd,47537,Europe,Temperate_Dry_Summer,analysis=spatial_spd|dataset_id=47537|region=Europe|climatezone=Temperate_Dry_Summer,climate,0.6702,-0.030100000000000016,0.6401,100.49,TRUE,0.637,TRUE,TRUE,TRUE,TRUE,TRUE,FALSE,TRUE,TRUE,NA,1.004866562009419
spatial_spd,15214,North America,Cold_Without_dry_season_Cold_Summer,analysis=spatial_spd|dataset_id=15214|region=North America|climatezone=Cold_Without_dry_season_Cold_Summer,human,-0.0169,0.07919999999999999,0.0623,107.41,TRUE,0.058,TRUE,TRUE,TRUE,TRUE,TRUE,TRUE,TRUE,TRUE,NA,1.0741379310344827
spatial_spd,15214,North America,Cold_Without_dry_season_Cold_Summer,analysis=spatial_spd|dataset_id=15214|region=North America|climatezone=Cold_Without_dry_season_Cold_Summer,climate,-0.0839,0.0792,-0.0047,-8.1,TRUE,0.058,TRUE,TRUE,TRUE,TRUE,TRUE,TRUE,TRUE,TRUE,NA,-0.08103448275862069
spatial_spd,790,North America,Cold_Without_dry_season_Cold_Summer,analysis=spatial_spd|dataset_id=790|region=North America|climatezone=Cold_Without_dry_season_Cold_Summer,human,0.08,0.1218,0.2018,47.04,TRUE,0.429,TRUE,TRUE,TRUE,TRUE,TRUE,FALSE,FALSE,TRUE,NA,0.4703962703962704
spatial_spd,790,North America,Cold_Without_dry_season_Cold_Summer,analysis=spatial_spd|dataset_id=790|region=North America|climatezone=Cold_Without_dry_season_Cold_Summer,climate,0.1056,0.12179999999999999,0.2274,53.01,TRUE,0.429,TRUE,TRUE,TRUE,TRUE,TRUE,FALSE,FALSE,TRUE,NA,0.5300699300699301
spatial_spd,2663,North America,Temperate_Without_dry_season,analysis=spatial_spd|dataset_id=2663|region=North America|climatezone=Temperate_Without_dry_season,human,-0.0193,0.14830000000000002,0.129,24.86,TRUE,0.519,TRUE,TRUE,TRUE,TRUE,TRUE,TRUE,FALSE,TRUE,NA,0.24855491329479767
spatial_spd,2663,North America,Temperate_Without_dry_season,analysis=spatial_spd|dataset_id=2663|region=North America|climatezone=Temperate_Without_dry_season,climate,0.2414,0.1483,0.3897,75.09,TRUE,0.519,TRUE,TRUE,TRUE,TRUE,TRUE,TRUE,FALSE,TRUE,NA,0.7508670520231213
spatial_spd,1013,North America,Cold_Without_dry_season_Warm_Summer,analysis=spatial_spd|dataset_id=1013|region=North America|climatezone=Cold_Without_dry_season_Warm_Summer,human,0.1572,-0.016699999999999993,0.1405,45.18,TRUE,0.311,TRUE,TRUE,TRUE,TRUE,TRUE,FALSE,FALSE,TRUE,NA,0.45176848874598075
spatial_spd,1013,North America,Cold_Without_dry_season_Warm_Summer,analysis=spatial_spd|dataset_id=1013|region=North America|climatezone=Cold_Without_dry_season_Warm_Summer,climate,0.1867,-0.016600000000000004,0.1701,54.69,TRUE,0.311,TRUE,TRUE,TRUE,TRUE,TRUE,FALSE,FALSE,TRUE,NA,0.5469453376205787
spatial_spd,16175,North America,Cold_Without_dry_season_Hot_Summer,analysis=spatial_spd|dataset_id=16175|region=North America|climatezone=Cold_Without_dry_season_Hot_Summer,human,-4e-4,0.14850000000000002,0.1481,22.07,TRUE,0.671,TRUE,TRUE,TRUE,TRUE,TRUE,TRUE,FALSE,TRUE,NA,0.22071535022354694
spatial_spd,16175,North America,Cold_Without_dry_season_Hot_Summer,analysis=spatial_spd|dataset_id=16175|region=North America|climatezone=Cold_Without_dry_season_Hot_Summer,climate,0.3747,0.14850000000000002,0.5232,77.97,TRUE,0.671,TRUE,TRUE,TRUE,TRUE,TRUE,TRUE,FALSE,TRUE,NA,0.7797317436661698
spatial_spd,16238,North America,Cold_Without_dry_season_Cold_Summer,analysis=spatial_spd|dataset_id=16238|region=North America|climatezone=Cold_Without_dry_season_Cold_Summer,human,-0.0754,0.013399999999999995,-0.062,-32.63,TRUE,0.19,TRUE,TRUE,TRUE,TRUE,TRUE,TRUE,TRUE,TRUE,NA,-0.3263157894736842
spatial_spd,16238,North America,Cold_Without_dry_season_Cold_Summer,analysis=spatial_spd|dataset_id=16238|region=North America|climatezone=Cold_Without_dry_season_Cold_Summer,climate,0.2388,0.013399999999999967,0.2522,132.74,TRUE,0.19,TRUE,TRUE,TRUE,TRUE,TRUE,TRUE,TRUE,TRUE,NA,1.3273684210526315
spatial_spd,40797,North America,Cold_Without_dry_season_Warm_Summer,analysis=spatial_spd|dataset_id=40797|region=North America|climatezone=Cold_Without_dry_season_Warm_Summer,human,0.1616,0.05630000000000002,0.2179,42.15,TRUE,0.517,TRUE,TRUE,TRUE,TRUE,TRUE,FALSE,FALSE,TRUE,NA,0.4214700193423598
spatial_spd,40797,North America,Cold_Without_dry_season_Warm_Summer,analysis=spatial_spd|dataset_id=40797|region=North America|climatezone=Cold_Without_dry_season_Warm_Summer,climate,0.2425,0.05630000000000002,0.2988,57.79,TRUE,0.517,TRUE,TRUE,TRUE,TRUE,TRUE,FALSE,FALSE,TRUE,NA,0.5779497098646035
spatial_spd,16103,North America,Cold_Without_dry_season_Warm_Summer,analysis=spatial_spd|dataset_id=16103|region=North America|climatezone=Cold_Without_dry_season_Warm_Summer,human,0.0876,-0.001799999999999996,0.0858,90.32,TRUE,0.095,TRUE,TRUE,TRUE,TRUE,TRUE,FALSE,FALSE,TRUE,NA,0.9031578947368422
spatial_spd,16103,North America,Cold_Without_dry_season_Warm_Summer,analysis=spatial_spd|dataset_id=16103|region=North America|climatezone=Cold_Without_dry_season_Warm_Summer,climate,0.0106,-0.0017999999999999995,0.0088,9.26,TRUE,0.095,TRUE,TRUE,TRUE,TRUE,TRUE,FALSE,FALSE,TRUE,NA,0.09263157894736843
spatial_spd,40452,Europe,Cold_Without_dry_season_Warm_Summer,analysis=spatial_spd|dataset_id=40452|region=Europe|climatezone=Cold_Without_dry_season_Warm_Summer,human,-0.0105,0.0241,0.0136,7.64,TRUE,0.178,TRUE,TRUE,TRUE,TRUE,TRUE,TRUE,FALSE,TRUE,NA,0.07640449438202247
spatial_spd,40452,Europe,Cold_Without_dry_season_Warm_Summer,analysis=spatial_spd|dataset_id=40452|region=Europe|climatezone=Cold_Without_dry_season_Warm_Summer,climate,0.1402,0.0242,0.1644,92.36,TRUE,0.178,TRUE,TRUE,TRUE,TRUE,TRUE,TRUE,FALSE,TRUE,NA,0.9235955056179775
spatial_spd,1569,North America,Cold_Without_dry_season_Cold_Summer,analysis=spatial_spd|dataset_id=1569|region=North America|climatezone=Cold_Without_dry_season_Cold_Summer,human,0.074,-0.029899999999999996,0.0441,9.93,TRUE,0.444,TRUE,TRUE,TRUE,TRUE,TRUE,FALSE,FALSE,TRUE,NA,0.09932432432432432
spatial_spd,1569,North America,Cold_Without_dry_season_Cold_Summer,analysis=spatial_spd|dataset_id=1569|region=North America|climatezone=Cold_Without_dry_season_Cold_Summer,climate,0.4295,-0.029899999999999982,0.3996,90,TRUE,0.444,TRUE,TRUE,TRUE,TRUE,TRUE,FALSE,FALSE,TRUE,NA,0.9
spatial_spd,15,Latin America,Arid,analysis=spatial_spd|dataset_id=15|region=Latin America|climatezone=Arid,human,-0.045,0.029699999999999997,-0.0153,-24.29,TRUE,0.063,TRUE,TRUE,TRUE,TRUE,TRUE,TRUE,TRUE,TRUE,NA,-0.24285714285714285
spatial_spd,15,Latin America,Arid,analysis=spatial_spd|dataset_id=15|region=Latin America|climatezone=Arid,climate,0.0487,0.0298,0.0785,124.6,TRUE,0.063,TRUE,TRUE,TRUE,TRUE,TRUE,TRUE,TRUE,TRUE,NA,1.246031746031746
spatial_spd,14549,North America,Cold_Dry_Summer,analysis=spatial_spd|dataset_id=14549|region=North America|climatezone=Cold_Dry_Summer,human,0.1193,0.014499999999999999,0.1338,82.59,TRUE,0.162,TRUE,TRUE,TRUE,TRUE,TRUE,FALSE,FALSE,TRUE,NA,0.825925925925926
spatial_spd,14549,North America,Cold_Dry_Summer,analysis=spatial_spd|dataset_id=14549|region=North America|climatezone=Cold_Dry_Summer,climate,0.0141,0.014400000000000001,0.0285,17.59,TRUE,0.162,TRUE,TRUE,TRUE,TRUE,TRUE,FALSE,FALSE,TRUE,NA,0.17592592592592593
spatial_spd,843,North America,Cold_Without_dry_season_Cold_Summer,analysis=spatial_spd|dataset_id=843|region=North America|climatezone=Cold_Without_dry_season_Cold_Summer,human,0.099,0.00399999999999999,0.103,23.95,TRUE,0.43,TRUE,TRUE,TRUE,TRUE,TRUE,FALSE,FALSE,TRUE,NA,0.23953488372093024
spatial_spd,843,North America,Cold_Without_dry_season_Cold_Summer,analysis=spatial_spd|dataset_id=843|region=North America|climatezone=Cold_Without_dry_season_Cold_Summer,climate,0.3235,0.0039000000000000146,0.3274,76.14,TRUE,0.43,TRUE,TRUE,TRUE,TRUE,TRUE,FALSE,FALSE,TRUE,NA,0.7613953488372094
spatial_spd,41748,Europe,Polar,analysis=spatial_spd|dataset_id=41748|region=Europe|climatezone=Polar,human,0.0192,-0.0369,-0.0177,-4.28,TRUE,0.414,TRUE,TRUE,TRUE,TRUE,TRUE,FALSE,TRUE,TRUE,NA,-0.0427536231884058
spatial_spd,41748,Europe,Polar,analysis=spatial_spd|dataset_id=41748|region=Europe|climatezone=Polar,climate,0.4681,-0.03689999999999999,0.43120000000000003,104.15,TRUE,0.414,TRUE,TRUE,TRUE,TRUE,TRUE,FALSE,TRUE,TRUE,NA,1.041545893719807
spatial_spd,1434,Europe,Cold_Without_dry_season_Warm_Summer,analysis=spatial_spd|dataset_id=1434|region=Europe|climatezone=Cold_Without_dry_season_Warm_Summer,human,0.0726,0.025300000000000003,0.0979,15.56,TRUE,0.629,TRUE,TRUE,TRUE,TRUE,TRUE,FALSE,FALSE,TRUE,NA,0.15564387917329095
spatial_spd,1434,Europe,Cold_Without_dry_season_Warm_Summer,analysis=spatial_spd|dataset_id=1434|region=Europe|climatezone=Cold_Without_dry_season_Warm_Summer,climate,0.5058,0.025399999999999978,0.5312,84.45,TRUE,0.629,TRUE,TRUE,TRUE,TRUE,TRUE,FALSE,FALSE,TRUE,NA,0.8445151033386328
spatial_spd,808,North America,Temperate_Dry_Summer,analysis=spatial_spd|dataset_id=808|region=North America|climatezone=Temperate_Dry_Summer,human,0.0855,0.014399999999999996,0.0999,27.75,TRUE,0.36,TRUE,TRUE,TRUE,TRUE,TRUE,FALSE,FALSE,TRUE,NA,0.2775
spatial_spd,808,North America,Temperate_Dry_Summer,analysis=spatial_spd|dataset_id=808|region=North America|climatezone=Temperate_Dry_Summer,climate,0.2453,0.014399999999999996,0.2597,72.14,TRUE,0.36,TRUE,TRUE,TRUE,TRUE,TRUE,FALSE,FALSE,TRUE,NA,0.7213888888888889
spatial_spd,40666,North America,Temperate_Without_dry_season,analysis=spatial_spd|dataset_id=40666|region=North America|climatezone=Temperate_Without_dry_season,human,-0.0108,0.1261,0.1153,128.11,TRUE,0.09,TRUE,TRUE,TRUE,TRUE,TRUE,TRUE,TRUE,TRUE,NA,1.281111111111111
spatial_spd,40666,North America,Temperate_Without_dry_season,analysis=spatial_spd|dataset_id=40666|region=North America|climatezone=Temperate_Without_dry_season,climate,-0.1516,0.12610000000000002,-0.0255,-28.33,TRUE,0.09,TRUE,TRUE,TRUE,TRUE,TRUE,TRUE,TRUE,TRUE,NA,-0.2833333333333333
spatial_spd,2335,Europe,Temperate_Dry_Summer,analysis=spatial_spd|dataset_id=2335|region=Europe|climatezone=Temperate_Dry_Summer,human,0.3097,-0.09469999999999998,0.215,135.22,TRUE,0.159,TRUE,TRUE,TRUE,TRUE,TRUE,FALSE,TRUE,TRUE,NA,1.3522012578616351
spatial_spd,2335,Europe,Temperate_Dry_Summer,analysis=spatial_spd|dataset_id=2335|region=Europe|climatezone=Temperate_Dry_Summer,climate,0.0383,-0.0947,-0.0564,-35.47,TRUE,0.159,TRUE,TRUE,TRUE,TRUE,TRUE,FALSE,TRUE,TRUE,NA,-0.35471698113207545
spatial_spd,4385,Europe,Temperate_Without_dry_season,analysis=spatial_spd|dataset_id=4385|region=Europe|climatezone=Temperate_Without_dry_season,human,0.0165,0.0658,0.0823,30.82,TRUE,0.267,TRUE,TRUE,TRUE,TRUE,TRUE,FALSE,FALSE,TRUE,NA,0.3082397003745318
spatial_spd,4385,Europe,Temperate_Without_dry_season,analysis=spatial_spd|dataset_id=4385|region=Europe|climatezone=Temperate_Without_dry_season,climate,0.1192,0.06589999999999999,0.1851,69.33,TRUE,0.267,TRUE,TRUE,TRUE,TRUE,TRUE,FALSE,FALSE,TRUE,NA,0.693258426966292
spatial_spd,4133,Europe,Cold_Without_dry_season_Cold_Summer,analysis=spatial_spd|dataset_id=4133|region=Europe|climatezone=Cold_Without_dry_season_Cold_Summer,human,0.202,-0.01100000000000001,0.191,44.73,TRUE,0.427,TRUE,TRUE,TRUE,TRUE,TRUE,FALSE,FALSE,TRUE,NA,0.44730679156908665
spatial_spd,4133,Europe,Cold_Without_dry_season_Cold_Summer,analysis=spatial_spd|dataset_id=4133|region=Europe|climatezone=Cold_Without_dry_season_Cold_Summer,climate,0.2474,-0.01100000000000001,0.2364,55.36,TRUE,0.427,TRUE,TRUE,TRUE,TRUE,TRUE,FALSE,FALSE,TRUE,NA,0.5536299765807963
spatial_spd,25763,Europe,Polar,analysis=spatial_spd|dataset_id=25763|region=Europe|climatezone=Polar,human,0.057,-0.012700000000000003,0.0443,19.01,TRUE,0.233,TRUE,TRUE,TRUE,TRUE,TRUE,FALSE,FALSE,TRUE,NA,0.19012875536480686
spatial_spd,25763,Europe,Polar,analysis=spatial_spd|dataset_id=25763|region=Europe|climatezone=Polar,climate,0.2013,-0.012700000000000017,0.1886,80.94,TRUE,0.233,TRUE,TRUE,TRUE,TRUE,TRUE,FALSE,FALSE,TRUE,NA,0.8094420600858369
spatial_spd,20285,Europe,Polar,analysis=spatial_spd|dataset_id=20285|region=Europe|climatezone=Polar,human,-0.0317,0.11810000000000001,0.0864,21.49,TRUE,0.402,TRUE,TRUE,TRUE,TRUE,TRUE,TRUE,FALSE,TRUE,NA,0.21492537313432836
spatial_spd,20285,Europe,Polar,analysis=spatial_spd|dataset_id=20285|region=Europe|climatezone=Polar,climate,0.1972,0.118,0.3152,78.41,TRUE,0.402,TRUE,TRUE,TRUE,TRUE,TRUE,TRUE,FALSE,TRUE,NA,0.7840796019900497
spatial_spd,17354,North America,Cold_Without_dry_season_Cold_Summer,analysis=spatial_spd|dataset_id=17354|region=North America|climatezone=Cold_Without_dry_season_Cold_Summer,human,-0.046,0.0608,0.0148,2.99,TRUE,0.495,TRUE,TRUE,TRUE,TRUE,TRUE,TRUE,FALSE,TRUE,NA,0.0298989898989899
spatial_spd,17354,North America,Cold_Without_dry_season_Cold_Summer,analysis=spatial_spd|dataset_id=17354|region=North America|climatezone=Cold_Without_dry_season_Cold_Summer,climate,0.4191,0.06080000000000002,0.4799,96.95,TRUE,0.495,TRUE,TRUE,TRUE,TRUE,TRUE,TRUE,FALSE,TRUE,NA,0.9694949494949495
spatial_spd,2594,Latin America,Temperate_Without_dry_season,analysis=spatial_spd|dataset_id=2594|region=Latin America|climatezone=Temperate_Without_dry_season,human,-0.0035,-0.0028,-0.0063,-1.67,TRUE,0.377,TRUE,TRUE,TRUE,TRUE,TRUE,TRUE,TRUE,TRUE,NA,-0.016710875331564987
spatial_spd,2594,Latin America,Temperate_Without_dry_season,analysis=spatial_spd|dataset_id=2594|region=Latin America|climatezone=Temperate_Without_dry_season,climate,0.3865,-0.0029000000000000137,0.3836,101.75,TRUE,0.377,TRUE,TRUE,TRUE,TRUE,TRUE,TRUE,TRUE,TRUE,NA,1.0175066312997347
spatial_spd,4150,Europe,Temperate_Without_dry_season,analysis=spatial_spd|dataset_id=4150|region=Europe|climatezone=Temperate_Without_dry_season,human,-0.0096,0.0746,0.065,14.77,TRUE,0.44,TRUE,TRUE,TRUE,TRUE,TRUE,TRUE,FALSE,TRUE,NA,0.14772727272727273
spatial_spd,4150,Europe,Temperate_Without_dry_season,analysis=spatial_spd|dataset_id=4150|region=Europe|climatezone=Temperate_Without_dry_season,climate,0.3009,0.0746,0.3755,85.34,TRUE,0.44,TRUE,TRUE,TRUE,TRUE,TRUE,TRUE,FALSE,TRUE,NA,0.8534090909090909
spatial_spd,4011,Europe,Cold_Without_dry_season_Warm_Summer,analysis=spatial_spd|dataset_id=4011|region=Europe|climatezone=Cold_Without_dry_season_Warm_Summer,human,0.083,0.01319999999999999,0.0962,46.03,TRUE,0.209,TRUE,TRUE,TRUE,TRUE,TRUE,FALSE,FALSE,TRUE,NA,0.4602870813397129
spatial_spd,4011,Europe,Cold_Without_dry_season_Warm_Summer,analysis=spatial_spd|dataset_id=4011|region=Europe|climatezone=Cold_Without_dry_season_Warm_Summer,climate,0.0997,0.013200000000000003,0.1129,54.02,TRUE,0.209,TRUE,TRUE,TRUE,TRUE,TRUE,FALSE,FALSE,TRUE,NA,0.5401913875598087
spatial_spd,720,Europe,Polar,analysis=spatial_spd|dataset_id=720|region=Europe|climatezone=Polar,human,-0.0098,0.048799999999999996,0.039,9.42,TRUE,0.414,TRUE,TRUE,TRUE,TRUE,TRUE,TRUE,FALSE,TRUE,NA,0.09420289855072464
spatial_spd,720,Europe,Polar,analysis=spatial_spd|dataset_id=720|region=Europe|climatezone=Polar,climate,0.3261,0.04870000000000002,0.3748,90.53,TRUE,0.414,TRUE,TRUE,TRUE,TRUE,TRUE,TRUE,FALSE,TRUE,NA,0.9053140096618358
spatial_spd,2959,North America,Cold_Without_dry_season_Hot_Summer,analysis=spatial_spd|dataset_id=2959|region=North America|climatezone=Cold_Without_dry_season_Hot_Summer,human,0.0264,0.039,0.0654,31.44,TRUE,0.208,TRUE,TRUE,TRUE,TRUE,TRUE,FALSE,FALSE,TRUE,NA,0.3144230769230769
spatial_spd,2959,North America,Cold_Without_dry_season_Hot_Summer,analysis=spatial_spd|dataset_id=2959|region=North America|climatezone=Cold_Without_dry_season_Hot_Summer,climate,0.1037,0.03899999999999999,0.1427,68.61,TRUE,0.208,TRUE,TRUE,TRUE,TRUE,TRUE,FALSE,FALSE,TRUE,NA,0.6860576923076923
spatial_spd,20649,North America,Polar,analysis=spatial_spd|dataset_id=20649|region=North America|climatezone=Polar,human,-0.0254,0.1109,0.0855,20.07,TRUE,0.426,TRUE,TRUE,TRUE,TRUE,TRUE,TRUE,FALSE,TRUE,NA,0.2007042253521127
spatial_spd,20649,North America,Polar,analysis=spatial_spd|dataset_id=20649|region=North America|climatezone=Polar,climate,0.2296,0.11090000000000003,0.3405,79.93,TRUE,0.426,TRUE,TRUE,TRUE,TRUE,TRUE,TRUE,FALSE,TRUE,NA,0.7992957746478874
spatial_spd,41001,North America,Cold_Without_dry_season_Hot_Summer,analysis=spatial_spd|dataset_id=41001|region=North America|climatezone=Cold_Without_dry_season_Hot_Summer,human,-0.0159,0.048600000000000004,0.0327,20.44,TRUE,0.16,TRUE,TRUE,TRUE,TRUE,TRUE,TRUE,FALSE,TRUE,NA,0.204375
spatial_spd,41001,North America,Cold_Without_dry_season_Hot_Summer,analysis=spatial_spd|dataset_id=41001|region=North America|climatezone=Cold_Without_dry_season_Hot_Summer,climate,0.0791,0.048600000000000004,0.1277,79.81,TRUE,0.16,TRUE,TRUE,TRUE,TRUE,TRUE,TRUE,FALSE,TRUE,NA,0.7981250000000001
spatial_spd,45704,Europe,Cold_Without_dry_season_Cold_Summer,analysis=spatial_spd|dataset_id=45704|region=Europe|climatezone=Cold_Without_dry_season_Cold_Summer,human,0.0562,0.054599999999999996,0.1108,28.34,TRUE,0.391,TRUE,TRUE,TRUE,TRUE,TRUE,FALSE,FALSE,TRUE,NA,0.28337595907928387
spatial_spd,45704,Europe,Cold_Without_dry_season_Cold_Summer,analysis=spatial_spd|dataset_id=45704|region=Europe|climatezone=Cold_Without_dry_season_Cold_Summer,climate,0.2255,0.05460000000000001,0.2801,71.64,TRUE,0.391,TRUE,TRUE,TRUE,TRUE,TRUE,FALSE,FALSE,TRUE,NA,0.7163682864450128
spatial_spd,1854,North America,Cold_Without_dry_season_Cold_Summer,analysis=spatial_spd|dataset_id=1854|region=North America|climatezone=Cold_Without_dry_season_Cold_Summer,human,0.3551,-0.017500000000000016,0.3376,65.94,TRUE,0.512,TRUE,TRUE,TRUE,TRUE,TRUE,FALSE,FALSE,TRUE,NA,0.659375
spatial_spd,1854,North America,Cold_Without_dry_season_Cold_Summer,analysis=spatial_spd|dataset_id=1854|region=North America|climatezone=Cold_Without_dry_season_Cold_Summer,climate,0.1923,-0.017499999999999988,0.1748,34.14,TRUE,0.512,TRUE,TRUE,TRUE,TRUE,TRUE,FALSE,FALSE,TRUE,NA,0.34140625
spatial_spd,1157,North America,Cold_Without_dry_season_Warm_Summer,analysis=spatial_spd|dataset_id=1157|region=North America|climatezone=Cold_Without_dry_season_Warm_Summer,human,-0.0624,0.0681,0.0057,1.96,TRUE,0.291,TRUE,TRUE,TRUE,TRUE,TRUE,TRUE,FALSE,TRUE,NA,0.019587628865979385
spatial_spd,1157,North America,Cold_Without_dry_season_Warm_Summer,analysis=spatial_spd|dataset_id=1157|region=North America|climatezone=Cold_Without_dry_season_Warm_Summer,climate,0.2171,0.06800000000000003,0.2851,97.97,TRUE,0.291,TRUE,TRUE,TRUE,TRUE,TRUE,TRUE,FALSE,TRUE,NA,0.9797250859106531
spatial_spd,4360,Europe,Cold_Without_dry_season_Cold_Summer,analysis=spatial_spd|dataset_id=4360|region=Europe|climatezone=Cold_Without_dry_season_Cold_Summer,human,-0.0296,0.014300000000000002,-0.0153,-3.86,TRUE,0.396,TRUE,TRUE,TRUE,TRUE,TRUE,TRUE,TRUE,TRUE,NA,-0.038636363636363635
spatial_spd,4360,Europe,Cold_Without_dry_season_Cold_Summer,analysis=spatial_spd|dataset_id=4360|region=Europe|climatezone=Cold_Without_dry_season_Cold_Summer,climate,0.3965,0.01429999999999998,0.4108,103.74,TRUE,0.396,TRUE,TRUE,TRUE,TRUE,TRUE,TRUE,TRUE,TRUE,NA,1.0373737373737373
spatial_spd,45639,Europe,Cold_Without_dry_season_Cold_Summer,analysis=spatial_spd|dataset_id=45639|region=Europe|climatezone=Cold_Without_dry_season_Cold_Summer,human,0.0561,-0.029899999999999996,0.0262,7.73,TRUE,0.339,TRUE,TRUE,TRUE,TRUE,TRUE,FALSE,FALSE,TRUE,NA,0.07728613569321534
spatial_spd,45639,Europe,Cold_Without_dry_season_Cold_Summer,analysis=spatial_spd|dataset_id=45639|region=Europe|climatezone=Cold_Without_dry_season_Cold_Summer,climate,0.3427,-0.030000000000000027,0.3127,92.24,TRUE,0.339,TRUE,TRUE,TRUE,TRUE,TRUE,FALSE,FALSE,TRUE,NA,0.922418879056047
spatial_spd,45389,Europe,Cold_Without_dry_season_Warm_Summer,analysis=spatial_spd|dataset_id=45389|region=Europe|climatezone=Cold_Without_dry_season_Warm_Summer,human,-0.0234,0.0974,0.074,25.78,TRUE,0.287,TRUE,TRUE,TRUE,TRUE,TRUE,TRUE,FALSE,TRUE,NA,0.2578397212543554
spatial_spd,45389,Europe,Cold_Without_dry_season_Warm_Summer,analysis=spatial_spd|dataset_id=45389|region=Europe|climatezone=Cold_Without_dry_season_Warm_Summer,climate,0.116,0.0974,0.2134,74.36,TRUE,0.287,TRUE,TRUE,TRUE,TRUE,TRUE,TRUE,FALSE,TRUE,NA,0.7435540069686412
spatial_spd,22950,Europe,Cold_Without_dry_season_Warm_Summer,analysis=spatial_spd|dataset_id=22950|region=Europe|climatezone=Cold_Without_dry_season_Warm_Summer,human,0.1223,-0.04830000000000001,0.074,154.17,TRUE,0.048,TRUE,TRUE,TRUE,TRUE,TRUE,FALSE,TRUE,TRUE,NA,1.5416666666666665
spatial_spd,22950,Europe,Cold_Without_dry_season_Warm_Summer,analysis=spatial_spd|dataset_id=22950|region=Europe|climatezone=Cold_Without_dry_season_Warm_Summer,climate,0.0228,-0.048299999999999996,-0.0255,-53.12,TRUE,0.048,TRUE,TRUE,TRUE,TRUE,TRUE,FALSE,TRUE,TRUE,NA,-0.53125
spatial_spd,539,North America,Temperate_Without_dry_season,analysis=spatial_spd|dataset_id=539|region=North America|climatezone=Temperate_Without_dry_season,human,0.3044,-0.0635,0.2409,78.73,TRUE,0.306,TRUE,TRUE,TRUE,TRUE,TRUE,FALSE,FALSE,TRUE,NA,0.7872549019607843
spatial_spd,539,North America,Temperate_Without_dry_season,analysis=spatial_spd|dataset_id=539|region=North America|climatezone=Temperate_Without_dry_season,climate,0.1291,-0.06359999999999999,0.0655,21.41,TRUE,0.306,TRUE,TRUE,TRUE,TRUE,TRUE,FALSE,FALSE,TRUE,NA,0.21405228758169936
spatial_spd,26520,Europe,Polar,analysis=spatial_spd|dataset_id=26520|region=Europe|climatezone=Polar,human,-0.0063,0.0309,0.0246,7.86,TRUE,0.313,TRUE,TRUE,TRUE,TRUE,TRUE,TRUE,FALSE,TRUE,NA,0.07859424920127796
spatial_spd,26520,Europe,Polar,analysis=spatial_spd|dataset_id=26520|region=Europe|climatezone=Polar,climate,0.2571,0.030899999999999983,0.288,92.01,TRUE,0.313,TRUE,TRUE,TRUE,TRUE,TRUE,TRUE,FALSE,TRUE,NA,0.9201277955271565
spatial_spd,773,North America,Cold_Without_dry_season_Warm_Summer,analysis=spatial_spd|dataset_id=773|region=North America|climatezone=Cold_Without_dry_season_Warm_Summer,human,0.014,0.0259,0.0399,6.72,TRUE,0.594,TRUE,TRUE,TRUE,TRUE,TRUE,FALSE,FALSE,TRUE,NA,0.06717171717171717
spatial_spd,773,North America,Cold_Without_dry_season_Warm_Summer,analysis=spatial_spd|dataset_id=773|region=North America|climatezone=Cold_Without_dry_season_Warm_Summer,climate,0.5285,0.025900000000000034,0.5544,93.33,TRUE,0.594,TRUE,TRUE,TRUE,TRUE,TRUE,FALSE,FALSE,TRUE,NA,0.9333333333333333
spatial_spd,4524,Europe,Temperate_Without_dry_season,analysis=spatial_spd|dataset_id=4524|region=Europe|climatezone=Temperate_Without_dry_season,human,0.0382,0.0698,0.108,16.02,TRUE,0.674,TRUE,TRUE,TRUE,TRUE,TRUE,FALSE,FALSE,TRUE,NA,0.1602373887240356
spatial_spd,4524,Europe,Temperate_Without_dry_season,analysis=spatial_spd|dataset_id=4524|region=Europe|climatezone=Temperate_Without_dry_season,climate,0.4962,0.06979999999999997,0.566,83.98,TRUE,0.674,TRUE,TRUE,TRUE,TRUE,TRUE,FALSE,FALSE,TRUE,NA,0.8397626112759643
spatial_spd,15296,North America,Cold_Without_dry_season_Warm_Summer,analysis=spatial_spd|dataset_id=15296|region=North America|climatezone=Cold_Without_dry_season_Warm_Summer,human,-0.1021,0.1251,0.023,19.66,TRUE,0.117,TRUE,TRUE,TRUE,TRUE,TRUE,TRUE,FALSE,TRUE,NA,0.19658119658119658
spatial_spd,15296,North America,Cold_Without_dry_season_Warm_Summer,analysis=spatial_spd|dataset_id=15296|region=North America|climatezone=Cold_Without_dry_season_Warm_Summer,climate,-0.0307,0.1251,0.0944,80.68,TRUE,0.117,TRUE,TRUE,TRUE,TRUE,TRUE,TRUE,FALSE,TRUE,NA,0.8068376068376067
spatial_spd,16129,North America,Cold_Without_dry_season_Hot_Summer,analysis=spatial_spd|dataset_id=16129|region=North America|climatezone=Cold_Without_dry_season_Hot_Summer,human,0.0086,0.1608,0.1694,53.27,TRUE,0.318,TRUE,TRUE,TRUE,TRUE,TRUE,TRUE,FALSE,TRUE,NA,0.5327044025157233
spatial_spd,16129,North America,Cold_Without_dry_season_Hot_Summer,analysis=spatial_spd|dataset_id=16129|region=North America|climatezone=Cold_Without_dry_season_Hot_Summer,climate,-0.0117,0.1608,0.1491,46.89,TRUE,0.318,TRUE,TRUE,TRUE,TRUE,TRUE,TRUE,FALSE,TRUE,NA,0.4688679245283019
spatial_spd,17377,North America,Cold_Dry_Summer,analysis=spatial_spd|dataset_id=17377|region=North America|climatezone=Cold_Dry_Summer,human,-0.0588,0.11399999999999999,0.0552,13.02,TRUE,0.424,TRUE,TRUE,TRUE,TRUE,TRUE,TRUE,FALSE,TRUE,NA,0.13018867924528302
spatial_spd,17377,North America,Cold_Dry_Summer,analysis=spatial_spd|dataset_id=17377|region=North America|climatezone=Cold_Dry_Summer,climate,0.2548,0.11399999999999999,0.3688,86.98,TRUE,0.424,TRUE,TRUE,TRUE,TRUE,TRUE,TRUE,FALSE,TRUE,NA,0.869811320754717
spatial_spd,4466,Europe,Cold_Without_dry_season_Warm_Summer,analysis=spatial_spd|dataset_id=4466|region=Europe|climatezone=Cold_Without_dry_season_Warm_Summer,human,-0.0174,-0.0137,-0.0311,-8.69,TRUE,0.358,TRUE,TRUE,TRUE,TRUE,TRUE,TRUE,TRUE,TRUE,NA,-0.08687150837988827
spatial_spd,4466,Europe,Cold_Without_dry_season_Warm_Summer,analysis=spatial_spd|dataset_id=4466|region=Europe|climatezone=Cold_Without_dry_season_Warm_Summer,climate,0.4029,-0.013799999999999979,0.3891,108.69,TRUE,0.358,TRUE,TRUE,TRUE,TRUE,TRUE,TRUE,TRUE,TRUE,NA,1.0868715083798883
spatial_spd,22980,Europe,Arid,analysis=spatial_spd|dataset_id=22980|region=Europe|climatezone=Arid,human,-0.0521,0.0104,-0.0417,-22.91,TRUE,0.182,TRUE,TRUE,TRUE,TRUE,TRUE,TRUE,TRUE,TRUE,NA,-0.22912087912087914
spatial_spd,22980,Europe,Arid,analysis=spatial_spd|dataset_id=22980|region=Europe|climatezone=Arid,climate,0.2134,0.010399999999999993,0.2238,122.97,TRUE,0.182,TRUE,TRUE,TRUE,TRUE,TRUE,TRUE,TRUE,TRUE,NA,1.2296703296703297
spatial_spd,26514,Europe,Cold_Without_dry_season_Warm_Summer,analysis=spatial_spd|dataset_id=26514|region=Europe|climatezone=Cold_Without_dry_season_Warm_Summer,human,0.0781,5.000000000000004e-4,0.0786,31.44,TRUE,0.25,TRUE,TRUE,TRUE,TRUE,TRUE,FALSE,FALSE,TRUE,NA,0.3144
spatial_spd,26514,Europe,Cold_Without_dry_season_Warm_Summer,analysis=spatial_spd|dataset_id=26514|region=Europe|climatezone=Cold_Without_dry_season_Warm_Summer,climate,0.1706,5.000000000000004e-4,0.1711,68.44,TRUE,0.25,TRUE,TRUE,TRUE,TRUE,TRUE,FALSE,FALSE,TRUE,NA,0.6844
spatial_spd,4314,Europe,Cold_Without_dry_season_Warm_Summer,analysis=spatial_spd|dataset_id=4314|region=Europe|climatezone=Cold_Without_dry_season_Warm_Summer,human,0.2269,0.06209999999999999,0.289,57.92,TRUE,0.499,TRUE,TRUE,TRUE,TRUE,TRUE,FALSE,FALSE,TRUE,NA,0.5791583166332664
spatial_spd,4314,Europe,Cold_Without_dry_season_Warm_Summer,analysis=spatial_spd|dataset_id=4314|region=Europe|climatezone=Cold_Without_dry_season_Warm_Summer,climate,0.1479,0.06209999999999999,0.21,42.08,TRUE,0.499,TRUE,TRUE,TRUE,TRUE,TRUE,FALSE,FALSE,TRUE,NA,0.42084168336673344
spatial_spd,872,Latin America,Temperate_Without_dry_season,analysis=spatial_spd|dataset_id=872|region=Latin America|climatezone=Temperate_Without_dry_season,human,0.0036,0.005,0.0086,2.25,TRUE,0.383,TRUE,TRUE,TRUE,TRUE,TRUE,FALSE,FALSE,TRUE,NA,0.022454308093994776
spatial_spd,872,Latin America,Temperate_Without_dry_season,analysis=spatial_spd|dataset_id=872|region=Latin America|climatezone=Temperate_Without_dry_season,climate,0.3695,0.0050000000000000044,0.3745,97.78,TRUE,0.383,TRUE,TRUE,TRUE,TRUE,TRUE,FALSE,FALSE,TRUE,NA,0.9778067885117493
spatial_spd,723,Europe,Cold_Without_dry_season_Warm_Summer,analysis=spatial_spd|dataset_id=723|region=Europe|climatezone=Cold_Without_dry_season_Warm_Summer,human,0.1006,-0.057699999999999994,0.0429,10.89,TRUE,0.394,TRUE,TRUE,TRUE,TRUE,TRUE,FALSE,FALSE,TRUE,NA,0.10888324873096446
spatial_spd,723,Europe,Cold_Without_dry_season_Warm_Summer,analysis=spatial_spd|dataset_id=723|region=Europe|climatezone=Cold_Without_dry_season_Warm_Summer,climate,0.4091,-0.05770000000000003,0.3514,89.19,TRUE,0.394,TRUE,TRUE,TRUE,TRUE,TRUE,FALSE,FALSE,TRUE,NA,0.8918781725888324
spatial_spd,48950,Europe,Cold_Without_dry_season_Warm_Summer,analysis=spatial_spd|dataset_id=48950|region=Europe|climatezone=Cold_Without_dry_season_Warm_Summer,human,-0.0201,0.0292,0.0091,5.42,TRUE,0.168,TRUE,TRUE,TRUE,TRUE,TRUE,TRUE,FALSE,TRUE,NA,0.05416666666666667
spatial_spd,48950,Europe,Cold_Without_dry_season_Warm_Summer,analysis=spatial_spd|dataset_id=48950|region=Europe|climatezone=Cold_Without_dry_season_Warm_Summer,climate,0.1297,0.029299999999999993,0.159,94.64,TRUE,0.168,TRUE,TRUE,TRUE,TRUE,TRUE,TRUE,FALSE,TRUE,NA,0.9464285714285714
spatial_spd,48818,North America,Cold_Without_dry_season_Warm_Summer,analysis=spatial_spd|dataset_id=48818|region=North America|climatezone=Cold_Without_dry_season_Warm_Summer,human,0.0908,0.047200000000000006,0.138,38.02,TRUE,0.363,TRUE,TRUE,TRUE,TRUE,TRUE,FALSE,FALSE,TRUE,NA,0.3801652892561984
spatial_spd,48818,North America,Cold_Without_dry_season_Warm_Summer,analysis=spatial_spd|dataset_id=48818|region=North America|climatezone=Cold_Without_dry_season_Warm_Summer,climate,0.178,0.04720000000000002,0.2252,62.04,TRUE,0.363,TRUE,TRUE,TRUE,TRUE,TRUE,FALSE,FALSE,TRUE,NA,0.6203856749311295
spatial_spd,45105,Europe,Cold_Dry_Summer,analysis=spatial_spd|dataset_id=45105|region=Europe|climatezone=Cold_Dry_Summer,human,0.0048,-0.0259,-0.0211,-4.06,TRUE,0.52,TRUE,TRUE,TRUE,TRUE,TRUE,FALSE,TRUE,TRUE,NA,-0.04057692307692308
spatial_spd,45105,Europe,Cold_Dry_Summer,analysis=spatial_spd|dataset_id=45105|region=Europe|climatezone=Cold_Dry_Summer,climate,0.5673,-0.025900000000000034,0.5414,104.12,TRUE,0.52,TRUE,TRUE,TRUE,TRUE,TRUE,FALSE,TRUE,TRUE,NA,1.041153846153846
spatial_spd,48363,North America,Cold_Dry_Summer,analysis=spatial_spd|dataset_id=48363|region=North America|climatezone=Cold_Dry_Summer,human,0.4084,-0.0023999999999999577,0.406,99.27,TRUE,0.409,TRUE,TRUE,TRUE,TRUE,TRUE,FALSE,FALSE,TRUE,NA,0.9926650366748168
spatial_spd,48363,North America,Cold_Dry_Summer,analysis=spatial_spd|dataset_id=48363|region=North America|climatezone=Cold_Dry_Summer,climate,0.0055,-0.0024,0.0031,0.76,TRUE,0.409,TRUE,TRUE,TRUE,TRUE,TRUE,FALSE,FALSE,TRUE,NA,0.007579462102689487
spatial_spd,17363,North America,Temperate_Without_dry_season,analysis=spatial_spd|dataset_id=17363|region=North America|climatezone=Temperate_Without_dry_season,human,0.331,-0.014000000000000012,0.317,72.71,TRUE,0.436,TRUE,TRUE,TRUE,TRUE,TRUE,FALSE,FALSE,TRUE,NA,0.7270642201834863
spatial_spd,17363,North America,Temperate_Without_dry_season,analysis=spatial_spd|dataset_id=17363|region=North America|climatezone=Temperate_Without_dry_season,climate,0.1334,-0.014099999999999988,0.1193,27.36,TRUE,0.436,TRUE,TRUE,TRUE,TRUE,TRUE,FALSE,FALSE,TRUE,NA,0.2736238532110092
spatial_spd,3058,North America,Cold_Without_dry_season_Warm_Summer,analysis=spatial_spd|dataset_id=3058|region=North America|climatezone=Cold_Without_dry_season_Warm_Summer,human,0.0414,0.0565,0.0979,48.47,TRUE,0.202,TRUE,TRUE,TRUE,TRUE,TRUE,FALSE,FALSE,TRUE,NA,0.48465346534653464
spatial_spd,3058,North America,Cold_Without_dry_season_Warm_Summer,analysis=spatial_spd|dataset_id=3058|region=North America|climatezone=Cold_Without_dry_season_Warm_Summer,climate,0.048,0.056499999999999995,0.1045,51.73,TRUE,0.202,TRUE,TRUE,TRUE,TRUE,TRUE,FALSE,FALSE,TRUE,NA,0.5173267326732672
spatial_spd,22847,Europe,Cold_Without_dry_season_Warm_Summer,analysis=spatial_spd|dataset_id=22847|region=Europe|climatezone=Cold_Without_dry_season_Warm_Summer,human,0.0343,0.0378,0.0721,23.72,TRUE,0.304,TRUE,TRUE,TRUE,TRUE,TRUE,FALSE,FALSE,TRUE,NA,0.23717105263157895
spatial_spd,22847,Europe,Cold_Without_dry_season_Warm_Summer,analysis=spatial_spd|dataset_id=22847|region=Europe|climatezone=Cold_Without_dry_season_Warm_Summer,climate,0.1942,0.03789999999999999,0.2321,76.35,TRUE,0.304,TRUE,TRUE,TRUE,TRUE,TRUE,FALSE,FALSE,TRUE,NA,0.7634868421052632
spatial_spd,991,North America,Arid,analysis=spatial_spd|dataset_id=991|region=North America|climatezone=Arid,human,0.1872,-0.029799999999999993,0.1574,73.9,TRUE,0.213,TRUE,TRUE,TRUE,TRUE,TRUE,FALSE,FALSE,TRUE,NA,0.7389671361502348
spatial_spd,991,North America,Arid,analysis=spatial_spd|dataset_id=991|region=North America|climatezone=Arid,climate,0.0856,-0.029699999999999997,0.0559,26.24,TRUE,0.213,TRUE,TRUE,TRUE,TRUE,TRUE,FALSE,FALSE,TRUE,NA,0.2624413145539906
spatial_spd,41764,Europe,Cold_Without_dry_season_Cold_Summer,analysis=spatial_spd|dataset_id=41764|region=Europe|climatezone=Cold_Without_dry_season_Cold_Summer,human,-0.0016,0.0835,0.0819,56.1,TRUE,0.146,TRUE,TRUE,TRUE,TRUE,TRUE,TRUE,FALSE,TRUE,NA,0.560958904109589
spatial_spd,41764,Europe,Cold_Without_dry_season_Cold_Summer,analysis=spatial_spd|dataset_id=41764|region=Europe|climatezone=Cold_Without_dry_season_Cold_Summer,climate,-0.0197,0.08349999999999999,0.0638,43.7,TRUE,0.146,TRUE,TRUE,TRUE,TRUE,TRUE,TRUE,FALSE,TRUE,NA,0.436986301369863
spatial_spd,24317,Europe,Cold_Without_dry_season_Cold_Summer,analysis=spatial_spd|dataset_id=24317|region=Europe|climatezone=Cold_Without_dry_season_Cold_Summer,human,0.0842,-0.06939999999999999,0.0148,4.64,TRUE,0.319,TRUE,TRUE,TRUE,TRUE,TRUE,FALSE,FALSE,TRUE,NA,0.04639498432601881
spatial_spd,24317,Europe,Cold_Without_dry_season_Cold_Summer,analysis=spatial_spd|dataset_id=24317|region=Europe|climatezone=Cold_Without_dry_season_Cold_Summer,climate,0.3735,-0.06940000000000002,0.3041,95.33,TRUE,0.319,TRUE,TRUE,TRUE,TRUE,TRUE,FALSE,FALSE,TRUE,NA,0.9532915360501567
spatial_spd,2899,Latin America,Temperate_Dry_Summer,analysis=spatial_spd|dataset_id=2899|region=Latin America|climatezone=Temperate_Dry_Summer,human,0.0144,-0.0419,-0.0275,-13.03,TRUE,0.211,TRUE,TRUE,TRUE,TRUE,TRUE,FALSE,TRUE,TRUE,NA,-0.13033175355450238
spatial_spd,2899,Latin America,Temperate_Dry_Summer,analysis=spatial_spd|dataset_id=2899|region=Latin America|climatezone=Temperate_Dry_Summer,climate,0.2802,-0.04200000000000001,0.2382,112.89,TRUE,0.211,TRUE,TRUE,TRUE,TRUE,TRUE,FALSE,TRUE,TRUE,NA,1.128909952606635
spatial_spd,20397,North America,Cold_Without_dry_season_Warm_Summer,analysis=spatial_spd|dataset_id=20397|region=North America|climatezone=Cold_Without_dry_season_Warm_Summer,human,0.2856,0.04899999999999999,0.3346,49.72,TRUE,0.673,TRUE,TRUE,TRUE,TRUE,TRUE,FALSE,FALSE,TRUE,NA,0.49717682020802373
spatial_spd,20397,North America,Cold_Without_dry_season_Warm_Summer,analysis=spatial_spd|dataset_id=20397|region=North America|climatezone=Cold_Without_dry_season_Warm_Summer,climate,0.2895,0.049000000000000044,0.3385,50.3,TRUE,0.673,TRUE,TRUE,TRUE,TRUE,TRUE,FALSE,FALSE,TRUE,NA,0.5029717682020802
spatial_spd,1824,North America,Cold_Without_dry_season_Hot_Summer,analysis=spatial_spd|dataset_id=1824|region=North America|climatezone=Cold_Without_dry_season_Hot_Summer,human,-0.0135,-0.014900000000000002,-0.0284,-8.5,TRUE,0.334,TRUE,TRUE,TRUE,TRUE,TRUE,TRUE,TRUE,TRUE,NA,-0.08502994011976048
spatial_spd,1824,North America,Cold_Without_dry_season_Hot_Summer,analysis=spatial_spd|dataset_id=1824|region=North America|climatezone=Cold_Without_dry_season_Hot_Summer,climate,0.3775,-0.014900000000000024,0.3626,108.56,TRUE,0.334,TRUE,TRUE,TRUE,TRUE,TRUE,TRUE,TRUE,TRUE,NA,1.08562874251497
spatial_spd,48685,North America,Cold_Without_dry_season_Hot_Summer,analysis=spatial_spd|dataset_id=48685|region=North America|climatezone=Cold_Without_dry_season_Hot_Summer,human,0,0.2466,0.2466,24.66,TRUE,1,TRUE,TRUE,TRUE,TRUE,TRUE,FALSE,FALSE,TRUE,NA,0.2466
spatial_spd,48685,North America,Cold_Without_dry_season_Hot_Summer,analysis=spatial_spd|dataset_id=48685|region=North America|climatezone=Cold_Without_dry_season_Hot_Summer,climate,0.5067,0.24669999999999992,0.7534,75.34,TRUE,1,TRUE,TRUE,TRUE,TRUE,TRUE,FALSE,FALSE,TRUE,NA,0.7534
spatial_spd,25786,Latin America,Tropical,analysis=spatial_spd|dataset_id=25786|region=Latin America|climatezone=Tropical,human,0.0739,0.10370000000000001,0.1776,33.13,TRUE,0.536,TRUE,TRUE,TRUE,TRUE,TRUE,FALSE,FALSE,TRUE,NA,0.33134328358208953
spatial_spd,25786,Latin America,Tropical,analysis=spatial_spd|dataset_id=25786|region=Latin America|climatezone=Tropical,climate,0.2553,0.10359999999999997,0.3589,66.96,TRUE,0.536,TRUE,TRUE,TRUE,TRUE,TRUE,FALSE,FALSE,TRUE,NA,0.6695895522388059
spatial_spd,525,North America,Polar,analysis=spatial_spd|dataset_id=525|region=North America|climatezone=Polar,human,0.0205,-0.0167,0.0038,2.03,TRUE,0.187,TRUE,TRUE,TRUE,TRUE,TRUE,FALSE,FALSE,TRUE,NA,0.020320855614973262
spatial_spd,525,North America,Polar,analysis=spatial_spd|dataset_id=525|region=North America|climatezone=Polar,climate,0.1997,-0.016599999999999976,0.1831,97.91,TRUE,0.187,TRUE,TRUE,TRUE,TRUE,TRUE,FALSE,FALSE,TRUE,NA,0.9791443850267381
spatial_spd,16269,North America,Cold_Without_dry_season_Cold_Summer,analysis=spatial_spd|dataset_id=16269|region=North America|climatezone=Cold_Without_dry_season_Cold_Summer,human,0.0415,0.056799999999999996,0.0983,27.01,TRUE,0.364,TRUE,TRUE,TRUE,TRUE,TRUE,FALSE,FALSE,TRUE,NA,0.27005494505494504
spatial_spd,16269,North America,Cold_Without_dry_season_Cold_Summer,analysis=spatial_spd|dataset_id=16269|region=North America|climatezone=Cold_Without_dry_season_Cold_Summer,climate,0.2093,0.05679999999999999,0.2661,73.1,TRUE,0.364,TRUE,TRUE,TRUE,TRUE,TRUE,FALSE,FALSE,TRUE,NA,0.7310439560439561
spatial_spd,22723,Europe,Temperate_Without_dry_season,analysis=spatial_spd|dataset_id=22723|region=Europe|climatezone=Temperate_Without_dry_season,human,0.1004,0.1025,0.2029,37.5,TRUE,0.541,TRUE,TRUE,TRUE,TRUE,TRUE,FALSE,FALSE,TRUE,NA,0.37504621072088723
spatial_spd,22723,Europe,Temperate_Without_dry_season,analysis=spatial_spd|dataset_id=22723|region=Europe|climatezone=Temperate_Without_dry_season,climate,0.2355,0.10260000000000002,0.3381,62.5,TRUE,0.541,TRUE,TRUE,TRUE,TRUE,TRUE,FALSE,FALSE,TRUE,NA,0.6249537892791127
spatial_spd,4200,Europe,Cold_Without_dry_season_Cold_Summer,analysis=spatial_spd|dataset_id=4200|region=Europe|climatezone=Cold_Without_dry_season_Cold_Summer,human,0.3205,-0.030299999999999994,0.2902,51.36,TRUE,0.565,TRUE,TRUE,TRUE,TRUE,TRUE,FALSE,FALSE,TRUE,NA,0.5136283185840709
spatial_spd,4200,Europe,Cold_Without_dry_season_Cold_Summer,analysis=spatial_spd|dataset_id=4200|region=Europe|climatezone=Cold_Without_dry_season_Cold_Summer,climate,0.305,-0.030200000000000005,0.2748,48.64,TRUE,0.565,TRUE,TRUE,TRUE,TRUE,TRUE,FALSE,FALSE,TRUE,NA,0.48637168141592924
spatial_spd,46477,Europe,Cold_Without_dry_season_Warm_Summer,analysis=spatial_spd|dataset_id=46477|region=Europe|climatezone=Cold_Without_dry_season_Warm_Summer,human,-0.0638,0.027499999999999997,-0.0363,-26.3,TRUE,0.138,TRUE,TRUE,TRUE,TRUE,TRUE,TRUE,TRUE,TRUE,NA,-0.26304347826086955
spatial_spd,46477,Europe,Cold_Without_dry_season_Warm_Summer,analysis=spatial_spd|dataset_id=46477|region=Europe|climatezone=Cold_Without_dry_season_Warm_Summer,climate,0.1465,0.027499999999999997,0.174,126.09,TRUE,0.138,TRUE,TRUE,TRUE,TRUE,TRUE,TRUE,TRUE,TRUE,NA,1.2608695652173911
spatial_spd,374,Europe,Temperate_Without_dry_season,analysis=spatial_spd|dataset_id=374|region=Europe|climatezone=Temperate_Without_dry_season,human,0.0145,0.1263,0.1408,30.61,TRUE,0.46,TRUE,TRUE,TRUE,TRUE,TRUE,FALSE,FALSE,TRUE,NA,0.3060869565217391
spatial_spd,374,Europe,Temperate_Without_dry_season,analysis=spatial_spd|dataset_id=374|region=Europe|climatezone=Temperate_Without_dry_season,climate,0.1925,0.12629999999999997,0.3188,69.3,TRUE,0.46,TRUE,TRUE,TRUE,TRUE,TRUE,FALSE,FALSE,TRUE,NA,0.6930434782608694
spatial_spd,999,North America,Cold_Without_dry_season_Hot_Summer,analysis=spatial_spd|dataset_id=999|region=North America|climatezone=Cold_Without_dry_season_Hot_Summer,human,0.0766,0.0315,0.1081,39.6,TRUE,0.273,TRUE,TRUE,TRUE,TRUE,TRUE,FALSE,FALSE,TRUE,NA,0.39597069597069595
spatial_spd,999,North America,Cold_Without_dry_season_Hot_Summer,analysis=spatial_spd|dataset_id=999|region=North America|climatezone=Cold_Without_dry_season_Hot_Summer,climate,0.1335,0.03159999999999999,0.1651,60.48,TRUE,0.273,TRUE,TRUE,TRUE,TRUE,TRUE,FALSE,FALSE,TRUE,NA,0.6047619047619047
spatial_spd,1435,Europe,Cold_Without_dry_season_Warm_Summer,analysis=spatial_spd|dataset_id=1435|region=Europe|climatezone=Cold_Without_dry_season_Warm_Summer,human,0.0397,-0.012899999999999998,0.0268,5.16,TRUE,0.519,TRUE,TRUE,TRUE,TRUE,TRUE,FALSE,FALSE,TRUE,NA,0.05163776493256262
spatial_spd,1435,Europe,Cold_Without_dry_season_Warm_Summer,analysis=spatial_spd|dataset_id=1435|region=Europe|climatezone=Cold_Without_dry_season_Warm_Summer,climate,0.5046,-0.012900000000000023,0.4917,94.74,TRUE,0.519,TRUE,TRUE,TRUE,TRUE,TRUE,FALSE,FALSE,TRUE,NA,0.9473988439306359
spatial_spd,853,North America,Cold_Without_dry_season_Cold_Summer,analysis=spatial_spd|dataset_id=853|region=North America|climatezone=Cold_Without_dry_season_Cold_Summer,human,0.2304,-0.0713,0.1591,46.52,TRUE,0.342,TRUE,TRUE,TRUE,TRUE,TRUE,FALSE,FALSE,TRUE,NA,0.46520467836257307
spatial_spd,853,North America,Cold_Without_dry_season_Cold_Summer,analysis=spatial_spd|dataset_id=853|region=North America|climatezone=Cold_Without_dry_season_Cold_Summer,climate,0.2541,-0.07139999999999999,0.1827,53.42,TRUE,0.342,TRUE,TRUE,TRUE,TRUE,TRUE,FALSE,FALSE,TRUE,NA,0.5342105263157895
spatial_spd,4369,Europe,Cold_Without_dry_season_Warm_Summer,analysis=spatial_spd|dataset_id=4369|region=Europe|climatezone=Cold_Without_dry_season_Warm_Summer,human,0.0754,0.03380000000000001,0.1092,41.68,TRUE,0.262,TRUE,TRUE,TRUE,TRUE,TRUE,FALSE,FALSE,TRUE,NA,0.416793893129771
spatial_spd,4369,Europe,Cold_Without_dry_season_Warm_Summer,analysis=spatial_spd|dataset_id=4369|region=Europe|climatezone=Cold_Without_dry_season_Warm_Summer,climate,0.1186,0.03380000000000001,0.1524,58.17,TRUE,0.262,TRUE,TRUE,TRUE,TRUE,TRUE,FALSE,FALSE,TRUE,NA,0.5816793893129771
spatial_spd,332,North America,Cold_Without_dry_season_Warm_Summer,analysis=spatial_spd|dataset_id=332|region=North America|climatezone=Cold_Without_dry_season_Warm_Summer,human,0.0555,0.1802,0.2357,36.83,TRUE,0.64,TRUE,TRUE,TRUE,TRUE,TRUE,FALSE,FALSE,TRUE,NA,0.36828125
spatial_spd,332,North America,Cold_Without_dry_season_Warm_Summer,analysis=spatial_spd|dataset_id=332|region=North America|climatezone=Cold_Without_dry_season_Warm_Summer,climate,0.224,0.1802,0.4042,63.16,TRUE,0.64,TRUE,TRUE,TRUE,TRUE,TRUE,FALSE,FALSE,TRUE,NA,0.6315625
spatial_spd,22971,Europe,Cold_Without_dry_season_Warm_Summer,analysis=spatial_spd|dataset_id=22971|region=Europe|climatezone=Cold_Without_dry_season_Warm_Summer,human,0.001,0.0036,0.0046,1.73,TRUE,0.266,TRUE,TRUE,TRUE,TRUE,TRUE,FALSE,FALSE,TRUE,NA,0.017293233082706767
spatial_spd,22971,Europe,Cold_Without_dry_season_Warm_Summer,analysis=spatial_spd|dataset_id=22971|region=Europe|climatezone=Cold_Without_dry_season_Warm_Summer,climate,0.2578,0.0036000000000000476,0.2614,98.27,TRUE,0.266,TRUE,TRUE,TRUE,TRUE,TRUE,FALSE,FALSE,TRUE,NA,0.9827067669172933
spatial_spd,3488,North America,Cold_Without_dry_season_Hot_Summer,analysis=spatial_spd|dataset_id=3488|region=North America|climatezone=Cold_Without_dry_season_Hot_Summer,human,0.0163,0.1565,0.1728,25.68,TRUE,0.673,TRUE,TRUE,TRUE,TRUE,TRUE,FALSE,FALSE,TRUE,NA,0.2567607726597325
spatial_spd,3488,North America,Cold_Without_dry_season_Hot_Summer,analysis=spatial_spd|dataset_id=3488|region=North America|climatezone=Cold_Without_dry_season_Hot_Summer,climate,0.344,0.15639999999999998,0.5004,74.35,TRUE,0.673,TRUE,TRUE,TRUE,TRUE,TRUE,FALSE,FALSE,TRUE,NA,0.7435364041604754
spatial_spd,1768,North America,Cold_Without_dry_season_Warm_Summer,analysis=spatial_spd|dataset_id=1768|region=North America|climatezone=Cold_Without_dry_season_Warm_Summer,human,-0.0521,0.011299999999999998,-0.0408,-33.44,TRUE,0.122,TRUE,TRUE,TRUE,TRUE,TRUE,TRUE,TRUE,TRUE,NA,-0.3344262295081967
spatial_spd,1768,North America,Cold_Without_dry_season_Warm_Summer,analysis=spatial_spd|dataset_id=1768|region=North America|climatezone=Cold_Without_dry_season_Warm_Summer,climate,0.1516,0.011299999999999977,0.1629,133.52,TRUE,0.122,TRUE,TRUE,TRUE,TRUE,TRUE,TRUE,TRUE,TRUE,NA,1.3352459016393443
spatial_spd,45324,Europe,Temperate_Dry_Summer,analysis=spatial_spd|dataset_id=45324|region=Europe|climatezone=Temperate_Dry_Summer,human,0.1833,-0.055999999999999994,0.1273,35.66,TRUE,0.357,TRUE,TRUE,TRUE,TRUE,TRUE,FALSE,FALSE,TRUE,NA,0.3565826330532213
spatial_spd,45324,Europe,Temperate_Dry_Summer,analysis=spatial_spd|dataset_id=45324|region=Europe|climatezone=Temperate_Dry_Summer,climate,0.2857,-0.055900000000000005,0.2298,64.37,TRUE,0.357,TRUE,TRUE,TRUE,TRUE,TRUE,FALSE,FALSE,TRUE,NA,0.6436974789915967
spatial_spd,46680,North America,Cold_Without_dry_season_Cold_Summer,analysis=spatial_spd|dataset_id=46680|region=North America|climatezone=Cold_Without_dry_season_Cold_Summer,human,0.0975,0.008099999999999996,0.1056,27.86,TRUE,0.379,TRUE,TRUE,TRUE,TRUE,TRUE,FALSE,FALSE,TRUE,NA,0.27862796833773085
spatial_spd,46680,North America,Cold_Without_dry_season_Cold_Summer,analysis=spatial_spd|dataset_id=46680|region=North America|climatezone=Cold_Without_dry_season_Cold_Summer,climate,0.265,0.008099999999999996,0.2731,72.06,TRUE,0.379,TRUE,TRUE,TRUE,TRUE,TRUE,FALSE,FALSE,TRUE,NA,0.720580474934037
spatial_spd,2954,North America,Cold_Without_dry_season_Cold_Summer,analysis=spatial_spd|dataset_id=2954|region=North America|climatezone=Cold_Without_dry_season_Cold_Summer,human,-0.014,-0.0235,-0.0375,-17.2,TRUE,0.218,TRUE,TRUE,TRUE,TRUE,TRUE,TRUE,TRUE,TRUE,NA,-0.1720183486238532
spatial_spd,2954,North America,Cold_Without_dry_season_Cold_Summer,analysis=spatial_spd|dataset_id=2954|region=North America|climatezone=Cold_Without_dry_season_Cold_Summer,climate,0.2787,-0.023399999999999976,0.2553,117.11,TRUE,0.218,TRUE,TRUE,TRUE,TRUE,TRUE,TRUE,TRUE,TRUE,NA,1.1711009174311928
spatial_spd,531,Europe,Cold_Without_dry_season_Warm_Summer,analysis=spatial_spd|dataset_id=531|region=Europe|climatezone=Cold_Without_dry_season_Warm_Summer,human,0.1192,0.014300000000000007,0.1335,64.18,TRUE,0.208,TRUE,TRUE,TRUE,TRUE,TRUE,FALSE,FALSE,TRUE,NA,0.6418269230769231
spatial_spd,531,Europe,Cold_Without_dry_season_Warm_Summer,analysis=spatial_spd|dataset_id=531|region=Europe|climatezone=Cold_Without_dry_season_Warm_Summer,climate,0.0598,0.0143,0.0741,35.62,TRUE,0.208,TRUE,TRUE,TRUE,TRUE,TRUE,FALSE,FALSE,TRUE,NA,0.35625
spatial_spd,19814,North America,Cold_Dry_Summer,analysis=spatial_spd|dataset_id=19814|region=North America|climatezone=Cold_Dry_Summer,human,0.0115,0.0217,0.0332,19.3,TRUE,0.172,TRUE,TRUE,TRUE,TRUE,TRUE,FALSE,FALSE,TRUE,NA,0.1930232558139535
spatial_spd,19814,North America,Cold_Dry_Summer,analysis=spatial_spd|dataset_id=19814|region=North America|climatezone=Cold_Dry_Summer,climate,0.1172,0.021800000000000014,0.139,80.81,TRUE,0.172,TRUE,TRUE,TRUE,TRUE,TRUE,FALSE,FALSE,TRUE,NA,0.808139534883721
spatial_spd,4118,Europe,Cold_Without_dry_season_Warm_Summer,analysis=spatial_spd|dataset_id=4118|region=Europe|climatezone=Cold_Without_dry_season_Warm_Summer,human,7e-4,0.0119,0.0126,5.23,TRUE,0.241,TRUE,TRUE,TRUE,TRUE,TRUE,FALSE,FALSE,TRUE,NA,0.05228215767634855
spatial_spd,4118,Europe,Cold_Without_dry_season_Warm_Summer,analysis=spatial_spd|dataset_id=4118|region=Europe|climatezone=Cold_Without_dry_season_Warm_Summer,climate,0.2162,0.011899999999999994,0.2281,94.65,TRUE,0.241,TRUE,TRUE,TRUE,TRUE,TRUE,FALSE,FALSE,TRUE,NA,0.9464730290456431
spatial_spd,1966,North America,Cold_Without_dry_season_Warm_Summer,analysis=spatial_spd|dataset_id=1966|region=North America|climatezone=Cold_Without_dry_season_Warm_Summer,human,0.1519,0.10229999999999997,0.2542,51.04,TRUE,0.498,TRUE,TRUE,TRUE,TRUE,TRUE,FALSE,FALSE,TRUE,NA,0.510441767068273
spatial_spd,1966,North America,Cold_Without_dry_season_Warm_Summer,analysis=spatial_spd|dataset_id=1966|region=North America|climatezone=Cold_Without_dry_season_Warm_Summer,climate,0.1415,0.10240000000000002,0.2439,48.98,TRUE,0.498,TRUE,TRUE,TRUE,TRUE,TRUE,FALSE,FALSE,TRUE,NA,0.48975903614457833
spatial_spd,15191,North America,Temperate_Without_dry_season,analysis=spatial_spd|dataset_id=15191|region=North America|climatezone=Temperate_Without_dry_season,human,0.0282,0.11130000000000001,0.1395,112.5,TRUE,0.124,TRUE,TRUE,TRUE,TRUE,TRUE,TRUE,TRUE,TRUE,NA,1.1250000000000002
spatial_spd,15191,North America,Temperate_Without_dry_season,analysis=spatial_spd|dataset_id=15191|region=North America|climatezone=Temperate_Without_dry_season,climate,-0.1272,0.11130000000000001,-0.0159,-12.82,TRUE,0.124,TRUE,TRUE,TRUE,TRUE,TRUE,TRUE,TRUE,TRUE,NA,-0.1282258064516129
spatial_spd,45725,Europe,Cold_Without_dry_season_Warm_Summer,analysis=spatial_spd|dataset_id=45725|region=Europe|climatezone=Cold_Without_dry_season_Warm_Summer,human,0.0862,0.036000000000000004,0.1222,29.38,TRUE,0.416,TRUE,TRUE,TRUE,TRUE,TRUE,FALSE,FALSE,TRUE,NA,0.29375
spatial_spd,45725,Europe,Cold_Without_dry_season_Warm_Summer,analysis=spatial_spd|dataset_id=45725|region=Europe|climatezone=Cold_Without_dry_season_Warm_Summer,climate,0.2573,0.03600000000000003,0.2933,70.5,TRUE,0.416,TRUE,TRUE,TRUE,TRUE,TRUE,FALSE,FALSE,TRUE,NA,0.7050480769230769
spatial_spd,19834,North America,Cold_Without_dry_season_Hot_Summer,analysis=spatial_spd|dataset_id=19834|region=North America|climatezone=Cold_Without_dry_season_Hot_Summer,human,-0.0178,-0.018199999999999997,-0.036,-62.07,TRUE,0.058,TRUE,TRUE,TRUE,TRUE,TRUE,TRUE,TRUE,TRUE,NA,-0.6206896551724137
spatial_spd,19834,North America,Cold_Without_dry_season_Hot_Summer,analysis=spatial_spd|dataset_id=19834|region=North America|climatezone=Cold_Without_dry_season_Hot_Summer,climate,0.1118,-0.018199999999999994,0.0936,161.38,TRUE,0.058,TRUE,TRUE,TRUE,TRUE,TRUE,TRUE,TRUE,TRUE,NA,1.6137931034482758
spatial_spd,40793,North America,Cold_Without_dry_season_Hot_Summer,analysis=spatial_spd|dataset_id=40793|region=North America|climatezone=Cold_Without_dry_season_Hot_Summer,human,-0.0179,0.112,0.0941,25.3,TRUE,0.372,TRUE,TRUE,TRUE,TRUE,TRUE,TRUE,FALSE,TRUE,NA,0.25295698924731186
spatial_spd,40793,North America,Cold_Without_dry_season_Hot_Summer,analysis=spatial_spd|dataset_id=40793|region=North America|climatezone=Cold_Without_dry_season_Hot_Summer,climate,0.1655,0.1121,0.2776,74.62,TRUE,0.372,TRUE,TRUE,TRUE,TRUE,TRUE,TRUE,FALSE,TRUE,NA,0.746236559139785
spatial_spd,4375,Europe,Temperate_Without_dry_season,analysis=spatial_spd|dataset_id=4375|region=Europe|climatezone=Temperate_Without_dry_season,human,0.0337,0.0283,0.062,13.25,TRUE,0.468,TRUE,TRUE,TRUE,TRUE,TRUE,FALSE,FALSE,TRUE,NA,0.13247863247863248
spatial_spd,4375,Europe,Temperate_Without_dry_season,analysis=spatial_spd|dataset_id=4375|region=Europe|climatezone=Temperate_Without_dry_season,climate,0.3781,0.028299999999999992,0.4064,86.84,TRUE,0.468,TRUE,TRUE,TRUE,TRUE,TRUE,FALSE,FALSE,TRUE,NA,0.8683760683760683
spatial_spd,15976,North America,Cold_Without_dry_season_Cold_Summer,analysis=spatial_spd|dataset_id=15976|region=North America|climatezone=Cold_Without_dry_season_Cold_Summer,human,0.0453,-0.0345,0.0108,4.43,TRUE,0.244,TRUE,TRUE,TRUE,TRUE,TRUE,FALSE,FALSE,TRUE,NA,0.04426229508196722
spatial_spd,15976,North America,Cold_Without_dry_season_Cold_Summer,analysis=spatial_spd|dataset_id=15976|region=North America|climatezone=Cold_Without_dry_season_Cold_Summer,climate,0.2679,-0.03450000000000003,0.2334,95.66,TRUE,0.244,TRUE,TRUE,TRUE,TRUE,TRUE,FALSE,FALSE,TRUE,NA,0.9565573770491803
spatial_spd,517,North America,Cold_Dry_Summer,analysis=spatial_spd|dataset_id=517|region=North America|climatezone=Cold_Dry_Summer,human,0.0971,-0.01880000000000001,0.0783,14.55,TRUE,0.538,TRUE,TRUE,TRUE,TRUE,TRUE,FALSE,FALSE,TRUE,NA,0.14553903345724906
spatial_spd,517,North America,Cold_Dry_Summer,analysis=spatial_spd|dataset_id=517|region=North America|climatezone=Cold_Dry_Summer,climate,0.4787,-0.01880000000000004,0.4599,85.48,TRUE,0.538,TRUE,TRUE,TRUE,TRUE,TRUE,FALSE,FALSE,TRUE,NA,0.8548327137546468
spatial_spd,849,North America,Cold_Without_dry_season_Warm_Summer,analysis=spatial_spd|dataset_id=849|region=North America|climatezone=Cold_Without_dry_season_Warm_Summer,human,0.0012,0.1389,0.1401,26.94,TRUE,0.52,TRUE,TRUE,TRUE,TRUE,TRUE,FALSE,FALSE,TRUE,NA,0.26942307692307693
spatial_spd,849,North America,Cold_Without_dry_season_Warm_Summer,analysis=spatial_spd|dataset_id=849|region=North America|climatezone=Cold_Without_dry_season_Warm_Summer,climate,0.2408,0.13900000000000004,0.3798,73.04,TRUE,0.52,TRUE,TRUE,TRUE,TRUE,TRUE,FALSE,FALSE,TRUE,NA,0.7303846153846154
spatial_spd,41189,Europe,Temperate_Without_dry_season,analysis=spatial_spd|dataset_id=41189|region=Europe|climatezone=Temperate_Without_dry_season,human,0.1168,0.09910000000000001,0.2159,66.02,TRUE,0.327,TRUE,TRUE,TRUE,TRUE,TRUE,FALSE,FALSE,TRUE,NA,0.6602446483180429
spatial_spd,41189,Europe,Temperate_Without_dry_season,analysis=spatial_spd|dataset_id=41189|region=Europe|climatezone=Temperate_Without_dry_season,climate,0.012,0.09910000000000001,0.1111,33.98,TRUE,0.327,TRUE,TRUE,TRUE,TRUE,TRUE,FALSE,FALSE,TRUE,NA,0.3397553516819572
spatial_spd,1987,North America,Cold_Without_dry_season_Cold_Summer,analysis=spatial_spd|dataset_id=1987|region=North America|climatezone=Cold_Without_dry_season_Cold_Summer,human,0.0164,0.0935,0.1099,20.89,TRUE,0.526,TRUE,TRUE,TRUE,TRUE,TRUE,FALSE,FALSE,TRUE,NA,0.20893536121673004
spatial_spd,1987,North America,Cold_Without_dry_season_Cold_Summer,analysis=spatial_spd|dataset_id=1987|region=North America|climatezone=Cold_Without_dry_season_Cold_Summer,climate,0.3227,0.09350000000000003,0.4162,79.13,TRUE,0.526,TRUE,TRUE,TRUE,TRUE,TRUE,FALSE,FALSE,TRUE,NA,0.791254752851711
spatial_spd,22662,Europe,Cold_Without_dry_season_Cold_Summer,analysis=spatial_spd|dataset_id=22662|region=Europe|climatezone=Cold_Without_dry_season_Cold_Summer,human,-0.0249,0.0339,0.009,2.17,TRUE,0.415,TRUE,TRUE,TRUE,TRUE,TRUE,TRUE,FALSE,TRUE,NA,0.021686746987951807
spatial_spd,22662,Europe,Cold_Without_dry_season_Cold_Summer,analysis=spatial_spd|dataset_id=22662|region=Europe|climatezone=Cold_Without_dry_season_Cold_Summer,climate,0.3722,0.03390000000000004,0.4061,97.86,TRUE,0.415,TRUE,TRUE,TRUE,TRUE,TRUE,TRUE,FALSE,TRUE,NA,0.97855421686747
spatial_spd,841,North America,Cold_Without_dry_season_Cold_Summer,analysis=spatial_spd|dataset_id=841|region=North America|climatezone=Cold_Without_dry_season_Cold_Summer,human,-0.0172,0.0168,-4e-4,-0.14,TRUE,0.294,TRUE,TRUE,TRUE,TRUE,TRUE,TRUE,TRUE,TRUE,NA,-0.001360544217687075
spatial_spd,841,North America,Cold_Without_dry_season_Cold_Summer,analysis=spatial_spd|dataset_id=841|region=North America|climatezone=Cold_Without_dry_season_Cold_Summer,climate,0.2774,0.016699999999999993,0.2941,100.03,TRUE,0.294,TRUE,TRUE,TRUE,TRUE,TRUE,TRUE,TRUE,TRUE,NA,1.0003401360544217
spatial_spd,17880,North America,Cold_Without_dry_season_Warm_Summer,analysis=spatial_spd|dataset_id=17880|region=North America|climatezone=Cold_Without_dry_season_Warm_Summer,human,-0.0304,0.07,0.0396,10.79,TRUE,0.367,TRUE,TRUE,TRUE,TRUE,TRUE,TRUE,FALSE,TRUE,NA,0.10790190735694824
spatial_spd,17880,North America,Cold_Without_dry_season_Warm_Summer,analysis=spatial_spd|dataset_id=17880|region=North America|climatezone=Cold_Without_dry_season_Warm_Summer,climate,0.2569,0.07,0.3269,89.07,TRUE,0.367,TRUE,TRUE,TRUE,TRUE,TRUE,TRUE,FALSE,TRUE,NA,0.8907356948228884
spatial_spd,24993,Europe,Cold_Without_dry_season_Cold_Summer,analysis=spatial_spd|dataset_id=24993|region=Europe|climatezone=Cold_Without_dry_season_Cold_Summer,human,0.1981,0.19430000000000003,0.3924,48.81,TRUE,0.804,TRUE,TRUE,TRUE,TRUE,TRUE,FALSE,FALSE,TRUE,NA,0.4880597014925373
spatial_spd,24993,Europe,Cold_Without_dry_season_Cold_Summer,analysis=spatial_spd|dataset_id=24993|region=Europe|climatezone=Cold_Without_dry_season_Cold_Summer,climate,0.2171,0.1943,0.4114,51.17,TRUE,0.804,TRUE,TRUE,TRUE,TRUE,TRUE,FALSE,FALSE,TRUE,NA,0.5116915422885572
spatial_spd,40627,Europe,Cold_Without_dry_season_Warm_Summer,analysis=spatial_spd|dataset_id=40627|region=Europe|climatezone=Cold_Without_dry_season_Warm_Summer,human,0.0208,0.012400000000000001,0.0332,39.52,TRUE,0.084,TRUE,TRUE,TRUE,TRUE,TRUE,FALSE,FALSE,TRUE,NA,0.3952380952380952
spatial_spd,40627,Europe,Cold_Without_dry_season_Warm_Summer,analysis=spatial_spd|dataset_id=40627|region=Europe|climatezone=Cold_Without_dry_season_Warm_Summer,climate,0.0381,0.012400000000000001,0.0505,60.12,TRUE,0.084,TRUE,TRUE,TRUE,TRUE,TRUE,FALSE,FALSE,TRUE,NA,0.6011904761904762
spatial_spd,15368,North America,Arid,analysis=spatial_spd|dataset_id=15368|region=North America|climatezone=Arid,human,0.0166,-0.0205,-0.0039,-1.51,TRUE,0.259,TRUE,TRUE,TRUE,TRUE,TRUE,FALSE,TRUE,TRUE,NA,-0.015057915057915056
spatial_spd,15368,North America,Arid,analysis=spatial_spd|dataset_id=15368|region=North America|climatezone=Arid,climate,0.2837,-0.020500000000000018,0.2632,101.62,TRUE,0.259,TRUE,TRUE,TRUE,TRUE,TRUE,FALSE,TRUE,TRUE,NA,1.016216216216216
spatial_spd,3972,Europe,Temperate_Without_dry_season,analysis=spatial_spd|dataset_id=3972|region=Europe|climatezone=Temperate_Without_dry_season,human,0.2087,-0.04089999999999999,0.1678,45.35,TRUE,0.37,TRUE,TRUE,TRUE,TRUE,TRUE,FALSE,FALSE,TRUE,NA,0.45351351351351354
spatial_spd,3972,Europe,Temperate_Without_dry_season,analysis=spatial_spd|dataset_id=3972|region=Europe|climatezone=Temperate_Without_dry_season,climate,0.2436,-0.04090000000000002,0.2027,54.78,TRUE,0.37,TRUE,TRUE,TRUE,TRUE,TRUE,FALSE,FALSE,TRUE,NA,0.5478378378378378
spatial_spd,45393,Europe,Cold_Without_dry_season_Warm_Summer,analysis=spatial_spd|dataset_id=45393|region=Europe|climatezone=Cold_Without_dry_season_Warm_Summer,human,-0.0393,0.0137,-0.0256,-5.57,TRUE,0.46,TRUE,TRUE,TRUE,TRUE,TRUE,TRUE,TRUE,TRUE,NA,-0.05565217391304348
spatial_spd,45393,Europe,Cold_Without_dry_season_Warm_Summer,analysis=spatial_spd|dataset_id=45393|region=Europe|climatezone=Cold_Without_dry_season_Warm_Summer,climate,0.4723,0.01369999999999999,0.486,105.65,TRUE,0.46,TRUE,TRUE,TRUE,TRUE,TRUE,TRUE,TRUE,TRUE,NA,1.0565217391304347
spatial_spd,42542,Europe,Cold_Without_dry_season_Cold_Summer,analysis=spatial_spd|dataset_id=42542|region=Europe|climatezone=Cold_Without_dry_season_Cold_Summer,human,-0.0315,0.0116,-0.0199,-7.03,TRUE,0.283,TRUE,TRUE,TRUE,TRUE,TRUE,TRUE,TRUE,TRUE,NA,-0.07031802120141344
spatial_spd,42542,Europe,Cold_Without_dry_season_Cold_Summer,analysis=spatial_spd|dataset_id=42542|region=Europe|climatezone=Cold_Without_dry_season_Cold_Summer,climate,0.2913,0.0116,0.3029,107.03,TRUE,0.283,TRUE,TRUE,TRUE,TRUE,TRUE,TRUE,TRUE,TRUE,NA,1.0703180212014136
spatial_spd,45312,Europe,Polar,analysis=spatial_spd|dataset_id=45312|region=Europe|climatezone=Polar,human,0.0689,0.004199999999999995,0.0731,11.92,TRUE,0.613,TRUE,TRUE,TRUE,TRUE,TRUE,FALSE,FALSE,TRUE,NA,0.11924959216965743
spatial_spd,45312,Europe,Polar,analysis=spatial_spd|dataset_id=45312|region=Europe|climatezone=Polar,climate,0.5361,0.0042999999999999705,0.5404,88.16,TRUE,0.613,TRUE,TRUE,TRUE,TRUE,TRUE,FALSE,FALSE,TRUE,NA,0.8815660685154976
spatial_spd,21790,Europe,Cold_Without_dry_season_Cold_Summer,analysis=spatial_spd|dataset_id=21790|region=Europe|climatezone=Cold_Without_dry_season_Cold_Summer,human,0.3431,-0.0040999999999999925,0.339,65.19,TRUE,0.52,TRUE,TRUE,TRUE,TRUE,TRUE,FALSE,FALSE,TRUE,NA,0.6519230769230769
spatial_spd,21790,Europe,Cold_Without_dry_season_Cold_Summer,analysis=spatial_spd|dataset_id=21790|region=Europe|climatezone=Cold_Without_dry_season_Cold_Summer,climate,0.1847,-0.0040999999999999925,0.1806,34.73,TRUE,0.52,TRUE,TRUE,TRUE,TRUE,TRUE,FALSE,FALSE,TRUE,NA,0.3473076923076923
spatial_spd,45642,Europe,Cold_Without_dry_season_Cold_Summer,analysis=spatial_spd|dataset_id=45642|region=Europe|climatezone=Cold_Without_dry_season_Cold_Summer,human,0.0367,-0.0323,0.0044,0.85,TRUE,0.517,TRUE,TRUE,TRUE,TRUE,TRUE,FALSE,FALSE,TRUE,NA,0.00851063829787234
spatial_spd,45642,Europe,Cold_Without_dry_season_Cold_Summer,analysis=spatial_spd|dataset_id=45642|region=Europe|climatezone=Cold_Without_dry_season_Cold_Summer,climate,0.5448,-0.032299999999999995,0.5125,99.13,TRUE,0.517,TRUE,TRUE,TRUE,TRUE,TRUE,FALSE,FALSE,TRUE,NA,0.9912959381044486
spatial_spd,41634,Europe,Temperate_Without_dry_season,analysis=spatial_spd|dataset_id=41634|region=Europe|climatezone=Temperate_Without_dry_season,human,0.0023,-0.0184,-0.0161,-7.42,TRUE,0.217,TRUE,TRUE,TRUE,TRUE,TRUE,FALSE,TRUE,TRUE,NA,-0.07419354838709677
spatial_spd,41634,Europe,Temperate_Without_dry_season,analysis=spatial_spd|dataset_id=41634|region=Europe|climatezone=Temperate_Without_dry_season,climate,0.2512,-0.01849999999999999,0.2327,107.24,TRUE,0.217,TRUE,TRUE,TRUE,TRUE,TRUE,FALSE,TRUE,TRUE,NA,1.0723502304147465
spatial_spd,1153,North America,Cold_Without_dry_season_Warm_Summer,analysis=spatial_spd|dataset_id=1153|region=North America|climatezone=Cold_Without_dry_season_Warm_Summer,human,0.0162,0.11650000000000002,0.1327,23.78,TRUE,0.558,TRUE,TRUE,TRUE,TRUE,TRUE,FALSE,FALSE,TRUE,NA,0.23781362007168458
spatial_spd,1153,North America,Cold_Without_dry_season_Warm_Summer,analysis=spatial_spd|dataset_id=1153|region=North America|climatezone=Cold_Without_dry_season_Warm_Summer,climate,0.3091,0.1164,0.4255,76.25,TRUE,0.558,TRUE,TRUE,TRUE,TRUE,TRUE,FALSE,FALSE,TRUE,NA,0.7625448028673835
spatial_spd,22400,North America,Cold_Without_dry_season_Cold_Summer,analysis=spatial_spd|dataset_id=22400|region=North America|climatezone=Cold_Without_dry_season_Cold_Summer,human,-0.0151,0.0645,0.0494,50.93,TRUE,0.097,TRUE,TRUE,TRUE,TRUE,TRUE,TRUE,FALSE,TRUE,NA,0.5092783505154639
spatial_spd,22400,North America,Cold_Without_dry_season_Cold_Summer,analysis=spatial_spd|dataset_id=22400|region=North America|climatezone=Cold_Without_dry_season_Cold_Summer,climate,-0.0174,0.06459999999999999,0.0472,48.66,TRUE,0.097,TRUE,TRUE,TRUE,TRUE,TRUE,TRUE,FALSE,TRUE,NA,0.4865979381443299
spatial_spd,22346,Europe,Cold_Without_dry_season_Warm_Summer,analysis=spatial_spd|dataset_id=22346|region=Europe|climatezone=Cold_Without_dry_season_Warm_Summer,human,-0.0661,0.03300000000000001,-0.0331,-19.59,TRUE,0.169,TRUE,TRUE,TRUE,TRUE,TRUE,TRUE,TRUE,TRUE,NA,-0.19585798816568045
spatial_spd,22346,Europe,Cold_Without_dry_season_Warm_Summer,analysis=spatial_spd|dataset_id=22346|region=Europe|climatezone=Cold_Without_dry_season_Warm_Summer,climate,0.1692,0.033,0.2022,119.64,TRUE,0.169,TRUE,TRUE,TRUE,TRUE,TRUE,TRUE,TRUE,TRUE,NA,1.1964497041420117
spatial_spd,4410,Europe,Temperate_Without_dry_season,analysis=spatial_spd|dataset_id=4410|region=Europe|climatezone=Temperate_Without_dry_season,human,0.266,-0.0665,0.1995,60.45,TRUE,0.33,TRUE,TRUE,TRUE,TRUE,TRUE,FALSE,FALSE,TRUE,NA,0.6045454545454545
spatial_spd,4410,Europe,Temperate_Without_dry_season,analysis=spatial_spd|dataset_id=4410|region=Europe|climatezone=Temperate_Without_dry_season,climate,0.1972,-0.06659999999999999,0.1306,39.58,TRUE,0.33,TRUE,TRUE,TRUE,TRUE,TRUE,FALSE,FALSE,TRUE,NA,0.3957575757575757
spatial_spd,48986,Europe,Temperate_Without_dry_season,analysis=spatial_spd|dataset_id=48986|region=Europe|climatezone=Temperate_Without_dry_season,human,0.296,-0.06749999999999998,0.2285,67.21,TRUE,0.34,TRUE,TRUE,TRUE,TRUE,TRUE,FALSE,FALSE,TRUE,NA,0.6720588235294117
spatial_spd,48986,Europe,Temperate_Without_dry_season,analysis=spatial_spd|dataset_id=48986|region=Europe|climatezone=Temperate_Without_dry_season,climate,0.1789,-0.0675,0.1114,32.76,TRUE,0.34,TRUE,TRUE,TRUE,TRUE,TRUE,FALSE,FALSE,TRUE,NA,0.3276470588235294
spatial_spd,41612,North America,Polar,analysis=spatial_spd|dataset_id=41612|region=North America|climatezone=Polar,human,-0.0506,0.039599999999999996,-0.011,-16.67,TRUE,0.066,TRUE,TRUE,TRUE,TRUE,TRUE,TRUE,TRUE,TRUE,NA,-0.16666666666666666
spatial_spd,41612,North America,Polar,analysis=spatial_spd|dataset_id=41612|region=North America|climatezone=Polar,climate,0.037,0.0396,0.0766,116.06,TRUE,0.066,TRUE,TRUE,TRUE,TRUE,TRUE,TRUE,TRUE,TRUE,NA,1.1606060606060606
spatial_spd,47687,North America,Arid,analysis=spatial_spd|dataset_id=47687|region=North America|climatezone=Arid,human,0.2038,-0.0753,0.1285,56.11,TRUE,0.229,TRUE,TRUE,TRUE,TRUE,TRUE,FALSE,FALSE,TRUE,NA,0.5611353711790393
spatial_spd,47687,North America,Arid,analysis=spatial_spd|dataset_id=47687|region=North America|climatezone=Arid,climate,0.1757,-0.07529999999999999,0.1004,43.84,TRUE,0.229,TRUE,TRUE,TRUE,TRUE,TRUE,FALSE,FALSE,TRUE,NA,0.43842794759825326
spatial_spd,22669,Europe,Temperate_Without_dry_season,analysis=spatial_spd|dataset_id=22669|region=Europe|climatezone=Temperate_Without_dry_season,human,0.0698,-0.024300000000000002,0.0455,13.15,TRUE,0.346,TRUE,TRUE,TRUE,TRUE,TRUE,FALSE,FALSE,TRUE,NA,0.1315028901734104
spatial_spd,22669,Europe,Temperate_Without_dry_season,analysis=spatial_spd|dataset_id=22669|region=Europe|climatezone=Temperate_Without_dry_season,climate,0.3246,-0.02429999999999999,0.3003,86.79,TRUE,0.346,TRUE,TRUE,TRUE,TRUE,TRUE,FALSE,FALSE,TRUE,NA,0.8679190751445087
spatial_spd,4258,Europe,Cold_Without_dry_season_Cold_Summer,analysis=spatial_spd|dataset_id=4258|region=Europe|climatezone=Cold_Without_dry_season_Cold_Summer,human,-0.1463,0.041700000000000015,-0.1046,-153.82,TRUE,0.068,TRUE,TRUE,TRUE,TRUE,TRUE,TRUE,TRUE,TRUE,NA,-1.538235294117647
spatial_spd,4258,Europe,Cold_Without_dry_season_Cold_Summer,analysis=spatial_spd|dataset_id=4258|region=Europe|climatezone=Cold_Without_dry_season_Cold_Summer,climate,0.1307,0.04169999999999999,0.1724,253.53,TRUE,0.068,TRUE,TRUE,TRUE,TRUE,TRUE,TRUE,TRUE,TRUE,NA,2.5352941176470587
spatial_spd,16009,North America,Temperate_Without_dry_season,analysis=spatial_spd|dataset_id=16009|region=North America|climatezone=Temperate_Without_dry_season,human,0.1612,0.030299999999999994,0.1915,79.79,TRUE,0.24,TRUE,TRUE,TRUE,TRUE,TRUE,FALSE,FALSE,TRUE,NA,0.7979166666666667
spatial_spd,16009,North America,Temperate_Without_dry_season,analysis=spatial_spd|dataset_id=16009|region=North America|climatezone=Temperate_Without_dry_season,climate,0.0182,0.0303,0.0485,20.21,TRUE,0.24,TRUE,TRUE,TRUE,TRUE,TRUE,FALSE,FALSE,TRUE,NA,0.20208333333333334
spatial_spd,48358,Europe,Polar,analysis=spatial_spd|dataset_id=48358|region=Europe|climatezone=Polar,human,0.0331,0.0023000000000000034,0.0354,7.65,TRUE,0.463,TRUE,TRUE,TRUE,TRUE,TRUE,FALSE,FALSE,TRUE,NA,0.07645788336933045
spatial_spd,48358,Europe,Polar,analysis=spatial_spd|dataset_id=48358|region=Europe|climatezone=Polar,climate,0.425,0.0024000000000000132,0.4274,92.31,TRUE,0.463,TRUE,TRUE,TRUE,TRUE,TRUE,FALSE,FALSE,TRUE,NA,0.923110151187905
spatial_spd,1028,North America,Polar,analysis=spatial_spd|dataset_id=1028|region=North America|climatezone=Polar,human,-0.0124,0.0605,0.0481,9.82,TRUE,0.49,TRUE,TRUE,TRUE,TRUE,TRUE,TRUE,FALSE,TRUE,NA,0.09816326530612245
spatial_spd,1028,North America,Polar,analysis=spatial_spd|dataset_id=1028|region=North America|climatezone=Polar,climate,0.3813,0.06040000000000001,0.4417,90.14,TRUE,0.49,TRUE,TRUE,TRUE,TRUE,TRUE,TRUE,FALSE,TRUE,NA,0.9014285714285714
spatial_spd,1715,North America,Cold_Without_dry_season_Warm_Summer,analysis=spatial_spd|dataset_id=1715|region=North America|climatezone=Cold_Without_dry_season_Warm_Summer,human,0.0149,0.08460000000000001,0.0995,19.55,TRUE,0.509,TRUE,TRUE,TRUE,TRUE,TRUE,FALSE,FALSE,TRUE,NA,0.19548133595284872
spatial_spd,1715,North America,Cold_Without_dry_season_Warm_Summer,analysis=spatial_spd|dataset_id=1715|region=North America|climatezone=Cold_Without_dry_season_Warm_Summer,climate,0.3246,0.08460000000000001,0.4092,80.39,TRUE,0.509,TRUE,TRUE,TRUE,TRUE,TRUE,FALSE,FALSE,TRUE,NA,0.8039292730844794
spatial_spd,258,North America,Cold_Without_dry_season_Cold_Summer,analysis=spatial_spd|dataset_id=258|region=North America|climatezone=Cold_Without_dry_season_Cold_Summer,human,0.0348,0.014400000000000003,0.0492,7.83,TRUE,0.628,TRUE,TRUE,TRUE,TRUE,TRUE,FALSE,FALSE,TRUE,NA,0.07834394904458598
spatial_spd,258,North America,Cold_Without_dry_season_Cold_Summer,analysis=spatial_spd|dataset_id=258|region=North America|climatezone=Cold_Without_dry_season_Cold_Summer,climate,0.564,0.01440000000000008,0.5784,92.1,TRUE,0.628,TRUE,TRUE,TRUE,TRUE,TRUE,FALSE,FALSE,TRUE,NA,0.9210191082802548
spatial_spd,43533,Europe,Temperate_Without_dry_season,analysis=spatial_spd|dataset_id=43533|region=Europe|climatezone=Temperate_Without_dry_season,human,0.0798,-0.006399999999999989,0.0734,36.16,TRUE,0.203,TRUE,TRUE,TRUE,TRUE,TRUE,FALSE,FALSE,TRUE,NA,0.361576354679803
spatial_spd,43533,Europe,Temperate_Without_dry_season,analysis=spatial_spd|dataset_id=43533|region=Europe|climatezone=Temperate_Without_dry_season,climate,0.1358,-0.006500000000000006,0.1293,63.69,TRUE,0.203,TRUE,TRUE,TRUE,TRUE,TRUE,FALSE,FALSE,TRUE,NA,0.6369458128078818
spatial_spd,47502,Latin America,Temperate_Without_dry_season,analysis=spatial_spd|dataset_id=47502|region=Latin America|climatezone=Temperate_Without_dry_season,human,0.4103,0.05940000000000001,0.4697,97.45,TRUE,0.482,TRUE,TRUE,TRUE,TRUE,TRUE,TRUE,FALSE,TRUE,NA,0.97448132780083
spatial_spd,47502,Latin America,Temperate_Without_dry_season,analysis=spatial_spd|dataset_id=47502|region=Latin America|climatezone=Temperate_Without_dry_season,climate,-0.0476,0.0594,0.0118,2.45,TRUE,0.482,TRUE,TRUE,TRUE,TRUE,TRUE,TRUE,FALSE,TRUE,NA,0.024481327800829875
spatial_spd,2266,North America,Cold_Without_dry_season_Warm_Summer,analysis=spatial_spd|dataset_id=2266|region=North America|climatezone=Cold_Without_dry_season_Warm_Summer,human,0.1585,0.017999999999999988,0.1765,63.04,TRUE,0.28,TRUE,TRUE,TRUE,TRUE,TRUE,FALSE,FALSE,TRUE,NA,0.6303571428571427
spatial_spd,2266,North America,Cold_Without_dry_season_Warm_Summer,analysis=spatial_spd|dataset_id=2266|region=North America|climatezone=Cold_Without_dry_season_Warm_Summer,climate,0.0857,0.018000000000000002,0.1037,37.04,TRUE,0.28,TRUE,TRUE,TRUE,TRUE,TRUE,FALSE,FALSE,TRUE,NA,0.37035714285714283
spatial_spd,24055,Europe,Cold_Without_dry_season_Cold_Summer,analysis=spatial_spd|dataset_id=24055|region=Europe|climatezone=Cold_Without_dry_season_Cold_Summer,human,0.0901,0.005299999999999999,0.0954,22.5,TRUE,0.424,TRUE,TRUE,TRUE,TRUE,TRUE,FALSE,FALSE,TRUE,NA,0.225
spatial_spd,24055,Europe,Cold_Without_dry_season_Cold_Summer,analysis=spatial_spd|dataset_id=24055|region=Europe|climatezone=Cold_Without_dry_season_Cold_Summer,climate,0.3231,0.005300000000000027,0.3284,77.45,TRUE,0.424,TRUE,TRUE,TRUE,TRUE,TRUE,FALSE,FALSE,TRUE,NA,0.7745283018867926
spatial_spd,287,North America,Cold_Without_dry_season_Hot_Summer,analysis=spatial_spd|dataset_id=287|region=North America|climatezone=Cold_Without_dry_season_Hot_Summer,human,-0.0043,0.0736,0.0693,13.1,TRUE,0.529,TRUE,TRUE,TRUE,TRUE,TRUE,TRUE,FALSE,TRUE,NA,0.13100189035916823
spatial_spd,287,North America,Cold_Without_dry_season_Hot_Summer,analysis=spatial_spd|dataset_id=287|region=North America|climatezone=Cold_Without_dry_season_Hot_Summer,climate,0.386,0.0736,0.4596,86.88,TRUE,0.529,TRUE,TRUE,TRUE,TRUE,TRUE,TRUE,FALSE,TRUE,NA,0.8688090737240075
spatial_spd,329,North America,Cold_Without_dry_season_Warm_Summer,analysis=spatial_spd|dataset_id=329|region=North America|climatezone=Cold_Without_dry_season_Warm_Summer,human,-0.048,0.1032,0.0552,15.77,TRUE,0.35,TRUE,TRUE,TRUE,TRUE,TRUE,TRUE,FALSE,TRUE,NA,0.15771428571428572
spatial_spd,329,North America,Cold_Without_dry_season_Warm_Summer,analysis=spatial_spd|dataset_id=329|region=North America|climatezone=Cold_Without_dry_season_Warm_Summer,climate,0.1915,0.10309999999999997,0.2946,84.17,TRUE,0.35,TRUE,TRUE,TRUE,TRUE,TRUE,TRUE,FALSE,TRUE,NA,0.8417142857142856
spatial_spd,1548,North America,Cold_Without_dry_season_Warm_Summer,analysis=spatial_spd|dataset_id=1548|region=North America|climatezone=Cold_Without_dry_season_Warm_Summer,human,0.0448,0.011200000000000002,0.056,15.18,TRUE,0.369,TRUE,TRUE,TRUE,TRUE,TRUE,FALSE,FALSE,TRUE,NA,0.15176151761517614
spatial_spd,1548,North America,Cold_Without_dry_season_Warm_Summer,analysis=spatial_spd|dataset_id=1548|region=North America|climatezone=Cold_Without_dry_season_Warm_Summer,climate,0.3014,0.011199999999999988,0.3126,84.72,TRUE,0.369,TRUE,TRUE,TRUE,TRUE,TRUE,FALSE,FALSE,TRUE,NA,0.8471544715447155
spatial_spd,285,Oceania,Cold_Without_dry_season_Cold_Summer,analysis=spatial_spd|dataset_id=285|region=Oceania|climatezone=Cold_Without_dry_season_Cold_Summer,human,-0.0809,0.062,-0.0189,-99.47,TRUE,0.019,TRUE,TRUE,TRUE,TRUE,TRUE,TRUE,TRUE,TRUE,NA,-0.9947368421052631
spatial_spd,285,Oceania,Cold_Without_dry_season_Cold_Summer,analysis=spatial_spd|dataset_id=285|region=Oceania|climatezone=Cold_Without_dry_season_Cold_Summer,climate,-0.0245,0.062,0.0375,197.37,TRUE,0.019,TRUE,TRUE,TRUE,TRUE,TRUE,TRUE,TRUE,TRUE,NA,1.9736842105263157
spatial_spd,40914,North America,Cold_Without_dry_season_Warm_Summer,analysis=spatial_spd|dataset_id=40914|region=North America|climatezone=Cold_Without_dry_season_Warm_Summer,human,0.065,0.1281,0.1931,50.82,TRUE,0.38,TRUE,TRUE,TRUE,TRUE,TRUE,FALSE,FALSE,TRUE,NA,0.508157894736842
spatial_spd,40914,North America,Cold_Without_dry_season_Warm_Summer,analysis=spatial_spd|dataset_id=40914|region=North America|climatezone=Cold_Without_dry_season_Warm_Summer,climate,0.0585,0.1281,0.1866,49.11,TRUE,0.38,TRUE,TRUE,TRUE,TRUE,TRUE,FALSE,FALSE,TRUE,NA,0.49105263157894735
spatial_spd,45395,Europe,Cold_Without_dry_season_Warm_Summer,analysis=spatial_spd|dataset_id=45395|region=Europe|climatezone=Cold_Without_dry_season_Warm_Summer,human,0.1736,0.0552,0.2288,48.78,TRUE,0.469,TRUE,TRUE,TRUE,TRUE,TRUE,FALSE,FALSE,TRUE,NA,0.48784648187633267
spatial_spd,45395,Europe,Cold_Without_dry_season_Warm_Summer,analysis=spatial_spd|dataset_id=45395|region=Europe|climatezone=Cold_Without_dry_season_Warm_Summer,climate,0.1849,0.0552,0.2401,51.19,TRUE,0.469,TRUE,TRUE,TRUE,TRUE,TRUE,FALSE,FALSE,TRUE,NA,0.5119402985074627
spatial_spd,46630,North America,Temperate_Dry_Summer,analysis=spatial_spd|dataset_id=46630|region=North America|climatezone=Temperate_Dry_Summer,human,0.022,0.0165,0.0385,192.5,TRUE,0.02,TRUE,TRUE,TRUE,TRUE,TRUE,TRUE,TRUE,TRUE,NA,1.925
spatial_spd,46630,North America,Temperate_Dry_Summer,analysis=spatial_spd|dataset_id=46630|region=North America|climatezone=Temperate_Dry_Summer,climate,-0.0351,0.016399999999999998,-0.0187,-93.5,TRUE,0.02,TRUE,TRUE,TRUE,TRUE,TRUE,TRUE,TRUE,TRUE,NA,-0.935
spatial_spd,4549,Europe,Polar,analysis=spatial_spd|dataset_id=4549|region=Europe|climatezone=Polar,human,-0.0018,0.042100000000000005,0.0403,32.5,TRUE,0.124,TRUE,TRUE,TRUE,TRUE,TRUE,TRUE,FALSE,TRUE,NA,0.325
spatial_spd,4549,Europe,Polar,analysis=spatial_spd|dataset_id=4549|region=Europe|climatezone=Polar,climate,0.0411,0.0421,0.0832,67.1,TRUE,0.124,TRUE,TRUE,TRUE,TRUE,TRUE,TRUE,FALSE,TRUE,NA,0.6709677419354838
spatial_spd,18100,Latin America,Tropical,analysis=spatial_spd|dataset_id=18100|region=Latin America|climatezone=Tropical,human,0.0734,0.009899999999999992,0.0833,35.15,TRUE,0.237,TRUE,TRUE,TRUE,TRUE,TRUE,FALSE,FALSE,TRUE,NA,0.35147679324894515
spatial_spd,18100,Latin America,Tropical,analysis=spatial_spd|dataset_id=18100|region=Latin America|climatezone=Tropical,climate,0.1439,0.009899999999999992,0.1538,64.89,TRUE,0.237,TRUE,TRUE,TRUE,TRUE,TRUE,FALSE,FALSE,TRUE,NA,0.6489451476793249
spatial_spd,15366,Latin America,Polar,analysis=spatial_spd|dataset_id=15366|region=Latin America|climatezone=Polar,human,0.0322,0.032999999999999995,0.0652,13.53,TRUE,0.482,TRUE,TRUE,TRUE,TRUE,TRUE,FALSE,FALSE,TRUE,NA,0.13526970954356846
spatial_spd,15366,Latin America,Polar,analysis=spatial_spd|dataset_id=15366|region=Latin America|climatezone=Polar,climate,0.3836,0.03300000000000003,0.4166,86.43,TRUE,0.482,TRUE,TRUE,TRUE,TRUE,TRUE,FALSE,FALSE,TRUE,NA,0.8643153526970955
spatial_spd,15203,North America,Cold_Without_dry_season_Warm_Summer,analysis=spatial_spd|dataset_id=15203|region=North America|climatezone=Cold_Without_dry_season_Warm_Summer,human,-0.031,0.0485,0.0175,5.91,TRUE,0.296,TRUE,TRUE,TRUE,TRUE,TRUE,TRUE,FALSE,TRUE,NA,0.05912162162162163
spatial_spd,15203,North America,Cold_Without_dry_season_Warm_Summer,analysis=spatial_spd|dataset_id=15203|region=North America|climatezone=Cold_Without_dry_season_Warm_Summer,climate,0.2298,0.04859999999999998,0.2784,94.05,TRUE,0.296,TRUE,TRUE,TRUE,TRUE,TRUE,TRUE,FALSE,TRUE,NA,0.9405405405405405
spatial_spd,15594,North America,Cold_Dry_Summer,analysis=spatial_spd|dataset_id=15594|region=North America|climatezone=Cold_Dry_Summer,human,0.3259,0.012299999999999978,0.3382,68.6,TRUE,0.493,TRUE,TRUE,TRUE,TRUE,TRUE,FALSE,FALSE,TRUE,NA,0.6860040567951319
spatial_spd,15594,North America,Cold_Dry_Summer,analysis=spatial_spd|dataset_id=15594|region=North America|climatezone=Cold_Dry_Summer,climate,0.1423,0.012299999999999978,0.1546,31.36,TRUE,0.493,TRUE,TRUE,TRUE,TRUE,TRUE,FALSE,FALSE,TRUE,NA,0.3135902636916835
spatial_spd,15724,North America,Cold_Without_dry_season_Cold_Summer,analysis=spatial_spd|dataset_id=15724|region=North America|climatezone=Cold_Without_dry_season_Cold_Summer,human,0.0087,-0.006499999999999999,0.0022,0.43,TRUE,0.508,TRUE,TRUE,TRUE,TRUE,TRUE,FALSE,FALSE,TRUE,NA,0.004330708661417323
spatial_spd,15724,North America,Cold_Without_dry_season_Cold_Summer,analysis=spatial_spd|dataset_id=15724|region=North America|climatezone=Cold_Without_dry_season_Cold_Summer,climate,0.5124,-0.006399999999999961,0.506,99.61,TRUE,0.508,TRUE,TRUE,TRUE,TRUE,TRUE,FALSE,FALSE,TRUE,NA,0.9960629921259843
spatial_spd,17404,North America,Cold_Without_dry_season_Warm_Summer,analysis=spatial_spd|dataset_id=17404|region=North America|climatezone=Cold_Without_dry_season_Warm_Summer,human,0.0823,0.22140000000000004,0.3037,48.13,TRUE,0.631,TRUE,TRUE,TRUE,TRUE,TRUE,FALSE,FALSE,TRUE,NA,0.48129952456418384
spatial_spd,17404,North America,Cold_Without_dry_season_Warm_Summer,analysis=spatial_spd|dataset_id=17404|region=North America|climatezone=Cold_Without_dry_season_Warm_Summer,climate,0.1064,0.22139999999999999,0.3278,51.95,TRUE,0.631,TRUE,TRUE,TRUE,TRUE,TRUE,FALSE,FALSE,TRUE,NA,0.5194928684627574
spatial_spd,16131,North America,Cold_Dry_Summer,analysis=spatial_spd|dataset_id=16131|region=North America|climatezone=Cold_Dry_Summer,human,0.0053,0.1037,0.109,187.93,TRUE,0.058,TRUE,TRUE,TRUE,TRUE,TRUE,TRUE,TRUE,TRUE,NA,1.879310344827586
spatial_spd,16131,North America,Cold_Dry_Summer,analysis=spatial_spd|dataset_id=16131|region=North America|climatezone=Cold_Dry_Summer,climate,-0.1551,0.10369999999999999,-0.0514,-88.62,TRUE,0.058,TRUE,TRUE,TRUE,TRUE,TRUE,TRUE,TRUE,TRUE,NA,-0.8862068965517241
spatial_spd,3471,North America,Polar,analysis=spatial_spd|dataset_id=3471|region=North America|climatezone=Polar,human,-0.0226,0.009799999999999998,-0.0128,-2.81,TRUE,0.456,TRUE,TRUE,TRUE,TRUE,TRUE,TRUE,TRUE,TRUE,NA,-0.028070175438596492
spatial_spd,3471,North America,Polar,analysis=spatial_spd|dataset_id=3471|region=North America|climatezone=Polar,climate,0.4591,0.009799999999999975,0.4689,102.83,TRUE,0.456,TRUE,TRUE,TRUE,TRUE,TRUE,TRUE,TRUE,TRUE,NA,1.0282894736842105
spatial_spd,1631,Latin America,Polar,analysis=spatial_spd|dataset_id=1631|region=Latin America|climatezone=Polar,human,0.0781,-0.008199999999999999,0.0699,10.7,TRUE,0.653,TRUE,TRUE,TRUE,TRUE,TRUE,FALSE,FALSE,TRUE,NA,0.10704441041347626
spatial_spd,1631,Latin America,Polar,analysis=spatial_spd|dataset_id=1631|region=Latin America|climatezone=Polar,climate,0.5918,-0.008199999999999985,0.5836,89.37,TRUE,0.653,TRUE,TRUE,TRUE,TRUE,TRUE,FALSE,FALSE,TRUE,NA,0.8937212863705972
spatial_spd,3130,North America,Cold_Without_dry_season_Warm_Summer,analysis=spatial_spd|dataset_id=3130|region=North America|climatezone=Cold_Without_dry_season_Warm_Summer,human,0.0554,0.0381,0.0935,25.83,TRUE,0.362,TRUE,TRUE,TRUE,TRUE,TRUE,FALSE,FALSE,TRUE,NA,0.2582872928176796
spatial_spd,3130,North America,Cold_Without_dry_season_Warm_Summer,analysis=spatial_spd|dataset_id=3130|region=North America|climatezone=Cold_Without_dry_season_Warm_Summer,climate,0.2302,0.03820000000000004,0.2684,74.14,TRUE,0.362,TRUE,TRUE,TRUE,TRUE,TRUE,FALSE,FALSE,TRUE,NA,0.7414364640883979
spatial_spd,22791,Europe,Cold_Without_dry_season_Warm_Summer,analysis=spatial_spd|dataset_id=22791|region=Europe|climatezone=Cold_Without_dry_season_Warm_Summer,human,-0.0052,0.0208,0.0156,6.75,TRUE,0.231,TRUE,TRUE,TRUE,TRUE,TRUE,TRUE,FALSE,TRUE,NA,0.06753246753246753
spatial_spd,22791,Europe,Cold_Without_dry_season_Warm_Summer,analysis=spatial_spd|dataset_id=22791|region=Europe|climatezone=Cold_Without_dry_season_Warm_Summer,climate,0.1946,0.020900000000000002,0.2155,93.29,TRUE,0.231,TRUE,TRUE,TRUE,TRUE,TRUE,TRUE,FALSE,TRUE,NA,0.9329004329004329
spatial_spd,4259,Europe,Cold_Without_dry_season_Cold_Summer,analysis=spatial_spd|dataset_id=4259|region=Europe|climatezone=Cold_Without_dry_season_Cold_Summer,human,0.0854,0.03849999999999999,0.1239,24.2,TRUE,0.512,TRUE,TRUE,TRUE,TRUE,TRUE,FALSE,FALSE,TRUE,NA,0.24199218749999998
spatial_spd,4259,Europe,Cold_Without_dry_season_Cold_Summer,analysis=spatial_spd|dataset_id=4259|region=Europe|climatezone=Cold_Without_dry_season_Cold_Summer,climate,0.3501,0.03849999999999998,0.3886,75.9,TRUE,0.512,TRUE,TRUE,TRUE,TRUE,TRUE,FALSE,FALSE,TRUE,NA,0.7589843749999999
spatial_spd,24863,Europe,Temperate_Without_dry_season,analysis=spatial_spd|dataset_id=24863|region=Europe|climatezone=Temperate_Without_dry_season,human,-0.0114,0.0055000000000000005,-0.0059,-1.57,TRUE,0.376,TRUE,TRUE,TRUE,TRUE,TRUE,TRUE,TRUE,TRUE,NA,-0.015691489361702126
spatial_spd,24863,Europe,Temperate_Without_dry_season,analysis=spatial_spd|dataset_id=24863|region=Europe|climatezone=Temperate_Without_dry_season,climate,0.3758,0.005599999999999994,0.3814,101.44,TRUE,0.376,TRUE,TRUE,TRUE,TRUE,TRUE,TRUE,TRUE,TRUE,NA,1.0143617021276596
spatial_spd,4425,Europe,Cold_Without_dry_season_Warm_Summer,analysis=spatial_spd|dataset_id=4425|region=Europe|climatezone=Cold_Without_dry_season_Warm_Summer,human,-0.0074,0.09860000000000001,0.0912,24.92,TRUE,0.366,TRUE,TRUE,TRUE,TRUE,TRUE,TRUE,FALSE,TRUE,NA,0.24918032786885247
spatial_spd,4425,Europe,Cold_Without_dry_season_Warm_Summer,analysis=spatial_spd|dataset_id=4425|region=Europe|climatezone=Cold_Without_dry_season_Warm_Summer,climate,0.1764,0.09870000000000001,0.2751,75.16,TRUE,0.366,TRUE,TRUE,TRUE,TRUE,TRUE,TRUE,FALSE,TRUE,NA,0.7516393442622952
spatial_spd,1633,North America,Cold_Without_dry_season_Hot_Summer,analysis=spatial_spd|dataset_id=1633|region=North America|climatezone=Cold_Without_dry_season_Hot_Summer,human,-0.0443,0.0764,0.0321,7.48,TRUE,0.429,TRUE,TRUE,TRUE,TRUE,TRUE,TRUE,FALSE,TRUE,NA,0.07482517482517481
spatial_spd,1633,North America,Cold_Without_dry_season_Hot_Summer,analysis=spatial_spd|dataset_id=1633|region=North America|climatezone=Cold_Without_dry_season_Hot_Summer,climate,0.3202,0.07640000000000002,0.3966,92.45,TRUE,0.429,TRUE,TRUE,TRUE,TRUE,TRUE,TRUE,FALSE,TRUE,NA,0.9244755244755245
spatial_spd,15392,North America,Polar,analysis=spatial_spd|dataset_id=15392|region=North America|climatezone=Polar,human,-0.006,-0.013699999999999999,-0.0197,-3.87,TRUE,0.509,TRUE,TRUE,TRUE,TRUE,TRUE,TRUE,TRUE,TRUE,NA,-0.0387033398821218
spatial_spd,15392,North America,Polar,analysis=spatial_spd|dataset_id=15392|region=North America|climatezone=Polar,climate,0.5428,-0.013699999999999934,0.5291,103.95,TRUE,0.509,TRUE,TRUE,TRUE,TRUE,TRUE,TRUE,TRUE,TRUE,NA,1.0394891944990177
spatial_spd,22344,Europe,Cold_Without_dry_season_Warm_Summer,analysis=spatial_spd|dataset_id=22344|region=Europe|climatezone=Cold_Without_dry_season_Warm_Summer,human,-0.0184,0.0316,0.0132,8.8,TRUE,0.15,TRUE,TRUE,TRUE,TRUE,TRUE,TRUE,FALSE,TRUE,NA,0.08800000000000001
spatial_spd,22344,Europe,Cold_Without_dry_season_Warm_Summer,analysis=spatial_spd|dataset_id=22344|region=Europe|climatezone=Cold_Without_dry_season_Warm_Summer,climate,0.1055,0.0316,0.1371,91.4,TRUE,0.15,TRUE,TRUE,TRUE,TRUE,TRUE,TRUE,FALSE,TRUE,NA,0.914
spatial_spd,1755,North America,Cold_Without_dry_season_Cold_Summer,analysis=spatial_spd|dataset_id=1755|region=North America|climatezone=Cold_Without_dry_season_Cold_Summer,human,-0.0118,0.07590000000000001,0.0641,13.9,TRUE,0.461,TRUE,TRUE,TRUE,TRUE,TRUE,TRUE,FALSE,TRUE,NA,0.13904555314533623
spatial_spd,1755,North America,Cold_Without_dry_season_Cold_Summer,analysis=spatial_spd|dataset_id=1755|region=North America|climatezone=Cold_Without_dry_season_Cold_Summer,climate,0.3208,0.07590000000000002,0.3967,86.05,TRUE,0.461,TRUE,TRUE,TRUE,TRUE,TRUE,TRUE,FALSE,TRUE,NA,0.8605206073752711
spatial_spd,45281,Europe,Cold_Without_dry_season_Cold_Summer,analysis=spatial_spd|dataset_id=45281|region=Europe|climatezone=Cold_Without_dry_season_Cold_Summer,human,-0.0291,-0.020900000000000002,-0.05,-23.92,TRUE,0.209,TRUE,TRUE,TRUE,TRUE,TRUE,TRUE,TRUE,TRUE,NA,-0.23923444976076558
spatial_spd,45281,Europe,Cold_Without_dry_season_Cold_Summer,analysis=spatial_spd|dataset_id=45281|region=Europe|climatezone=Cold_Without_dry_season_Cold_Summer,climate,0.2795,-0.02090000000000003,0.2586,123.73,TRUE,0.209,TRUE,TRUE,TRUE,TRUE,TRUE,TRUE,TRUE,TRUE,NA,1.2373205741626794
spatial_spd,2352,North America,Cold_Without_dry_season_Cold_Summer,analysis=spatial_spd|dataset_id=2352|region=North America|climatezone=Cold_Without_dry_season_Cold_Summer,human,0.0406,0.1031,0.1437,20.24,TRUE,0.71,TRUE,TRUE,TRUE,TRUE,TRUE,FALSE,FALSE,TRUE,NA,0.2023943661971831
spatial_spd,2352,North America,Cold_Without_dry_season_Cold_Summer,analysis=spatial_spd|dataset_id=2352|region=North America|climatezone=Cold_Without_dry_season_Cold_Summer,climate,0.4633,0.10310000000000002,0.5664,79.77,TRUE,0.71,TRUE,TRUE,TRUE,TRUE,TRUE,FALSE,FALSE,TRUE,NA,0.7977464788732395
spatial_spd,32426,Oceania,Temperate_Without_dry_season,analysis=spatial_spd|dataset_id=32426|region=Oceania|climatezone=Temperate_Without_dry_season,human,0.0253,5.999999999999998e-4,0.0259,5.48,TRUE,0.473,TRUE,TRUE,TRUE,TRUE,TRUE,FALSE,FALSE,TRUE,NA,0.054756871035940805
spatial_spd,32426,Oceania,Temperate_Without_dry_season,analysis=spatial_spd|dataset_id=32426|region=Oceania|climatezone=Temperate_Without_dry_season,climate,0.4462,5.999999999999894e-4,0.4468,94.46,TRUE,0.473,TRUE,TRUE,TRUE,TRUE,TRUE,FALSE,FALSE,TRUE,NA,0.9446088794926004
spatial_spd,4393,Europe,Cold_Without_dry_season_Cold_Summer,analysis=spatial_spd|dataset_id=4393|region=Europe|climatezone=Cold_Without_dry_season_Cold_Summer,human,0.044,0.1044,0.1484,60.33,TRUE,0.246,TRUE,TRUE,TRUE,TRUE,TRUE,TRUE,FALSE,TRUE,NA,0.6032520325203252
spatial_spd,4393,Europe,Cold_Without_dry_season_Cold_Summer,analysis=spatial_spd|dataset_id=4393|region=Europe|climatezone=Cold_Without_dry_season_Cold_Summer,climate,-0.0068,0.1044,0.0976,39.67,TRUE,0.246,TRUE,TRUE,TRUE,TRUE,TRUE,TRUE,FALSE,TRUE,NA,0.39674796747967483
spatial_spd,4421,Europe,Temperate_Without_dry_season,analysis=spatial_spd|dataset_id=4421|region=Europe|climatezone=Temperate_Without_dry_season,human,0.0523,0.1055,0.1578,76.98,TRUE,0.205,TRUE,TRUE,TRUE,TRUE,TRUE,TRUE,FALSE,TRUE,NA,0.7697560975609756
spatial_spd,4421,Europe,Temperate_Without_dry_season,analysis=spatial_spd|dataset_id=4421|region=Europe|climatezone=Temperate_Without_dry_season,climate,-0.0583,0.1054,0.0471,22.98,TRUE,0.205,TRUE,TRUE,TRUE,TRUE,TRUE,TRUE,FALSE,TRUE,NA,0.22975609756097565
spatial_spd,22960,Europe,Polar,analysis=spatial_spd|dataset_id=22960|region=Europe|climatezone=Polar,human,-0.0013,0.0049,0.0036,1.03,TRUE,0.35,TRUE,TRUE,TRUE,TRUE,TRUE,TRUE,FALSE,TRUE,NA,0.010285714285714287
spatial_spd,22960,Europe,Polar,analysis=spatial_spd|dataset_id=22960|region=Europe|climatezone=Polar,climate,0.341,0.00489999999999996,0.3459,98.83,TRUE,0.35,TRUE,TRUE,TRUE,TRUE,TRUE,TRUE,FALSE,TRUE,NA,0.9882857142857143
spatial_spd,4377,Europe,Cold_Without_dry_season_Warm_Summer,analysis=spatial_spd|dataset_id=4377|region=Europe|climatezone=Cold_Without_dry_season_Warm_Summer,human,-0.0193,0.0427,0.0234,9.79,TRUE,0.239,TRUE,TRUE,TRUE,TRUE,TRUE,TRUE,FALSE,TRUE,NA,0.09790794979079498
spatial_spd,4377,Europe,Cold_Without_dry_season_Warm_Summer,analysis=spatial_spd|dataset_id=4377|region=Europe|climatezone=Cold_Without_dry_season_Warm_Summer,climate,0.1729,0.042800000000000005,0.2157,90.25,TRUE,0.239,TRUE,TRUE,TRUE,TRUE,TRUE,TRUE,FALSE,TRUE,NA,0.9025104602510461
spatial_spd,3048,North America,Cold_Without_dry_season_Cold_Summer,analysis=spatial_spd|dataset_id=3048|region=North America|climatezone=Cold_Without_dry_season_Cold_Summer,human,0.0012,-0.0184,-0.0172,-14.45,TRUE,0.119,TRUE,TRUE,TRUE,TRUE,TRUE,FALSE,TRUE,TRUE,NA,-0.14453781512605043
spatial_spd,3048,North America,Cold_Without_dry_season_Cold_Summer,analysis=spatial_spd|dataset_id=3048|region=North America|climatezone=Cold_Without_dry_season_Cold_Summer,climate,0.1545,-0.01830000000000001,0.1362,114.45,TRUE,0.119,TRUE,TRUE,TRUE,TRUE,TRUE,FALSE,TRUE,TRUE,NA,1.1445378151260504
spatial_spd,857,North America,Cold_Without_dry_season_Warm_Summer,analysis=spatial_spd|dataset_id=857|region=North America|climatezone=Cold_Without_dry_season_Warm_Summer,human,0.0452,0.062400000000000004,0.1076,21.96,TRUE,0.49,TRUE,TRUE,TRUE,TRUE,TRUE,FALSE,FALSE,TRUE,NA,0.21959183673469387
spatial_spd,857,North America,Cold_Without_dry_season_Warm_Summer,analysis=spatial_spd|dataset_id=857|region=North America|climatezone=Cold_Without_dry_season_Warm_Summer,climate,0.3203,0.06240000000000001,0.3827,78.1,TRUE,0.49,TRUE,TRUE,TRUE,TRUE,TRUE,FALSE,FALSE,TRUE,NA,0.7810204081632652
spatial_spd,699,North America,Temperate_Without_dry_season,analysis=spatial_spd|dataset_id=699|region=North America|climatezone=Temperate_Without_dry_season,human,-0.0928,0.04329999999999999,-0.0495,-41.25,TRUE,0.12,TRUE,TRUE,TRUE,TRUE,TRUE,TRUE,TRUE,TRUE,NA,-0.41250000000000003
spatial_spd,699,North America,Temperate_Without_dry_season,analysis=spatial_spd|dataset_id=699|region=North America|climatezone=Temperate_Without_dry_season,climate,0.1262,0.043300000000000005,0.1695,141.25,TRUE,0.12,TRUE,TRUE,TRUE,TRUE,TRUE,TRUE,TRUE,TRUE,NA,1.4125
spatial_spd,1621,Latin America,Tropical,analysis=spatial_spd|dataset_id=1621|region=Latin America|climatezone=Tropical,human,-0.0131,0.1068,0.0937,23.08,TRUE,0.406,TRUE,TRUE,TRUE,TRUE,TRUE,TRUE,FALSE,TRUE,NA,0.23078817733990148
spatial_spd,1621,Latin America,Tropical,analysis=spatial_spd|dataset_id=1621|region=Latin America|climatezone=Tropical,climate,0.2055,0.10680000000000003,0.3123,76.92,TRUE,0.406,TRUE,TRUE,TRUE,TRUE,TRUE,TRUE,FALSE,TRUE,NA,0.7692118226600986
spatial_spd,20833,North America,Cold_Without_dry_season_Warm_Summer,analysis=spatial_spd|dataset_id=20833|region=North America|climatezone=Cold_Without_dry_season_Warm_Summer,human,-0.0076,0.1037,0.0961,28.52,TRUE,0.337,TRUE,TRUE,TRUE,TRUE,TRUE,TRUE,FALSE,TRUE,NA,0.28516320474777446
spatial_spd,20833,North America,Cold_Without_dry_season_Warm_Summer,analysis=spatial_spd|dataset_id=20833|region=North America|climatezone=Cold_Without_dry_season_Warm_Summer,climate,0.1372,0.10370000000000001,0.2409,71.48,TRUE,0.337,TRUE,TRUE,TRUE,TRUE,TRUE,TRUE,FALSE,TRUE,NA,0.7148367952522254
spatial_spd,15904,North America,Cold_Without_dry_season_Warm_Summer,analysis=spatial_spd|dataset_id=15904|region=North America|climatezone=Cold_Without_dry_season_Warm_Summer,human,-0.0531,0.0689,0.0158,35.11,TRUE,0.045,TRUE,TRUE,TRUE,TRUE,TRUE,TRUE,FALSE,TRUE,NA,0.35111111111111115
spatial_spd,15904,North America,Cold_Without_dry_season_Warm_Summer,analysis=spatial_spd|dataset_id=15904|region=North America|climatezone=Cold_Without_dry_season_Warm_Summer,climate,-0.0401,0.06889999999999999,0.0288,64,TRUE,0.045,TRUE,TRUE,TRUE,TRUE,TRUE,TRUE,FALSE,TRUE,NA,0.64
spatial_spd,2049,North America,Cold_Without_dry_season_Cold_Summer,analysis=spatial_spd|dataset_id=2049|region=North America|climatezone=Cold_Without_dry_season_Cold_Summer,human,0.0203,0.0828,0.1031,25.02,TRUE,0.412,TRUE,TRUE,TRUE,TRUE,TRUE,FALSE,FALSE,TRUE,NA,0.25024271844660195
spatial_spd,2049,North America,Cold_Without_dry_season_Cold_Summer,analysis=spatial_spd|dataset_id=2049|region=North America|climatezone=Cold_Without_dry_season_Cold_Summer,climate,0.2259,0.08279999999999998,0.3087,74.93,TRUE,0.412,TRUE,TRUE,TRUE,TRUE,TRUE,FALSE,FALSE,TRUE,NA,0.7492718446601941
spatial_spd,324,North America,Cold_Without_dry_season_Warm_Summer,analysis=spatial_spd|dataset_id=324|region=North America|climatezone=Cold_Without_dry_season_Warm_Summer,human,0.1161,-0.004199999999999995,0.1119,48.23,TRUE,0.232,TRUE,TRUE,TRUE,TRUE,TRUE,FALSE,FALSE,TRUE,NA,0.48232758620689653
spatial_spd,324,North America,Cold_Without_dry_season_Warm_Summer,analysis=spatial_spd|dataset_id=324|region=North America|climatezone=Cold_Without_dry_season_Warm_Summer,climate,0.1243,-0.004299999999999998,0.12,51.72,TRUE,0.232,TRUE,TRUE,TRUE,TRUE,TRUE,FALSE,FALSE,TRUE,NA,0.5172413793103448
spatial_spd,40111,North America,Temperate_Without_dry_season,analysis=spatial_spd|dataset_id=40111|region=North America|climatezone=Temperate_Without_dry_season,human,-0.0069,0.0922,0.0853,40.43,TRUE,0.211,TRUE,TRUE,TRUE,TRUE,TRUE,TRUE,FALSE,TRUE,NA,0.4042654028436019
spatial_spd,40111,North America,Temperate_Without_dry_season,analysis=spatial_spd|dataset_id=40111|region=North America|climatezone=Temperate_Without_dry_season,climate,0.0337,0.0922,0.1259,59.67,TRUE,0.211,TRUE,TRUE,TRUE,TRUE,TRUE,TRUE,FALSE,TRUE,NA,0.5966824644549764
spatial_spd,2381,North America,Cold_Without_dry_season_Cold_Summer,analysis=spatial_spd|dataset_id=2381|region=North America|climatezone=Cold_Without_dry_season_Cold_Summer,human,-0.0376,0.0645,0.0269,10.27,TRUE,0.262,TRUE,TRUE,TRUE,TRUE,TRUE,TRUE,FALSE,TRUE,NA,0.10267175572519084
spatial_spd,2381,North America,Cold_Without_dry_season_Cold_Summer,analysis=spatial_spd|dataset_id=2381|region=North America|climatezone=Cold_Without_dry_season_Cold_Summer,climate,0.1706,0.0645,0.2351,89.73,TRUE,0.262,TRUE,TRUE,TRUE,TRUE,TRUE,TRUE,FALSE,TRUE,NA,0.8973282442748092
spatial_spd,17385,North America,Cold_Without_dry_season_Cold_Summer,analysis=spatial_spd|dataset_id=17385|region=North America|climatezone=Cold_Without_dry_season_Cold_Summer,human,-0.0161,0.0412,0.0251,5.2,TRUE,0.483,TRUE,TRUE,TRUE,TRUE,TRUE,TRUE,FALSE,TRUE,NA,0.05196687370600414
spatial_spd,17385,North America,Cold_Without_dry_season_Cold_Summer,analysis=spatial_spd|dataset_id=17385|region=North America|climatezone=Cold_Without_dry_season_Cold_Summer,climate,0.4171,0.04119999999999996,0.4583,94.89,TRUE,0.483,TRUE,TRUE,TRUE,TRUE,TRUE,TRUE,FALSE,TRUE,NA,0.9488612836438923
spatial_spd,1769,North America,Cold_Without_dry_season_Cold_Summer,analysis=spatial_spd|dataset_id=1769|region=North America|climatezone=Cold_Without_dry_season_Cold_Summer,human,0.0626,0.07429999999999999,0.1369,26.38,TRUE,0.519,TRUE,TRUE,TRUE,TRUE,TRUE,FALSE,FALSE,TRUE,NA,0.263776493256262
spatial_spd,1769,North America,Cold_Without_dry_season_Cold_Summer,analysis=spatial_spd|dataset_id=1769|region=North America|climatezone=Cold_Without_dry_season_Cold_Summer,climate,0.3082,0.07440000000000002,0.3826,73.72,TRUE,0.519,TRUE,TRUE,TRUE,TRUE,TRUE,FALSE,FALSE,TRUE,NA,0.7371868978805395
spatial_spd,1142,North America,Cold_Without_dry_season_Cold_Summer,analysis=spatial_spd|dataset_id=1142|region=North America|climatezone=Cold_Without_dry_season_Cold_Summer,human,0.1105,0.04909999999999999,0.1596,39.6,TRUE,0.403,TRUE,TRUE,TRUE,TRUE,TRUE,FALSE,FALSE,TRUE,NA,0.39602977667493794
spatial_spd,1142,North America,Cold_Without_dry_season_Cold_Summer,analysis=spatial_spd|dataset_id=1142|region=North America|climatezone=Cold_Without_dry_season_Cold_Summer,climate,0.1948,0.049100000000000005,0.2439,60.52,TRUE,0.403,TRUE,TRUE,TRUE,TRUE,TRUE,FALSE,FALSE,TRUE,NA,0.6052109181141438
spatial_spd,796,North America,Cold_Without_dry_season_Cold_Summer,analysis=spatial_spd|dataset_id=796|region=North America|climatezone=Cold_Without_dry_season_Cold_Summer,human,0.2123,-0.01579999999999998,0.1965,66.39,TRUE,0.296,TRUE,TRUE,TRUE,TRUE,TRUE,FALSE,FALSE,TRUE,NA,0.6638513513513514
spatial_spd,796,North America,Cold_Without_dry_season_Cold_Summer,analysis=spatial_spd|dataset_id=796|region=North America|climatezone=Cold_Without_dry_season_Cold_Summer,climate,0.1157,-0.015799999999999995,0.0999,33.75,TRUE,0.296,TRUE,TRUE,TRUE,TRUE,TRUE,FALSE,FALSE,TRUE,NA,0.3375
spatial_spd,510,North America,Cold_Without_dry_season_Warm_Summer,analysis=spatial_spd|dataset_id=510|region=North America|climatezone=Cold_Without_dry_season_Warm_Summer,human,0.0417,0.0785,0.1202,20.94,TRUE,0.574,TRUE,TRUE,TRUE,TRUE,TRUE,FALSE,FALSE,TRUE,NA,0.2094076655052265
spatial_spd,510,North America,Cold_Without_dry_season_Warm_Summer,analysis=spatial_spd|dataset_id=510|region=North America|climatezone=Cold_Without_dry_season_Warm_Summer,climate,0.3754,0.07850000000000001,0.4539,79.08,TRUE,0.574,TRUE,TRUE,TRUE,TRUE,TRUE,FALSE,FALSE,TRUE,NA,0.7907665505226482
spatial_spd,22942,Europe,Cold_Without_dry_season_Warm_Summer,analysis=spatial_spd|dataset_id=22942|region=Europe|climatezone=Cold_Without_dry_season_Warm_Summer,human,0.2221,-0.07519999999999999,0.1469,34.73,TRUE,0.423,TRUE,TRUE,TRUE,TRUE,TRUE,FALSE,FALSE,TRUE,NA,0.34728132387706856
spatial_spd,22942,Europe,Cold_Without_dry_season_Warm_Summer,analysis=spatial_spd|dataset_id=22942|region=Europe|climatezone=Cold_Without_dry_season_Warm_Summer,climate,0.3512,-0.07519999999999999,0.276,65.25,TRUE,0.423,TRUE,TRUE,TRUE,TRUE,TRUE,FALSE,FALSE,TRUE,NA,0.6524822695035462
spatial_spd,16133,North America,Arid,analysis=spatial_spd|dataset_id=16133|region=North America|climatezone=Arid,human,0.075,0.0464,0.1214,216.79,TRUE,0.056,TRUE,TRUE,TRUE,TRUE,TRUE,TRUE,TRUE,TRUE,NA,2.1678571428571427
spatial_spd,16133,North America,Arid,analysis=spatial_spd|dataset_id=16133|region=North America|climatezone=Arid,climate,-0.1122,0.0464,-0.0658,-117.5,TRUE,0.056,TRUE,TRUE,TRUE,TRUE,TRUE,TRUE,TRUE,TRUE,NA,-1.1749999999999998
spatial_spd,44896,Europe,Temperate_Without_dry_season,analysis=spatial_spd|dataset_id=44896|region=Europe|climatezone=Temperate_Without_dry_season,human,0.0228,0.029699999999999997,0.0525,20.51,TRUE,0.256,TRUE,TRUE,TRUE,TRUE,TRUE,FALSE,FALSE,TRUE,NA,0.205078125
spatial_spd,44896,Europe,Temperate_Without_dry_season,analysis=spatial_spd|dataset_id=44896|region=Europe|climatezone=Temperate_Without_dry_season,climate,0.1739,0.029799999999999993,0.2037,79.57,TRUE,0.256,TRUE,TRUE,TRUE,TRUE,TRUE,FALSE,FALSE,TRUE,NA,0.795703125
spatial_spd,16219,Europe,Temperate_Without_dry_season,analysis=spatial_spd|dataset_id=16219|region=Europe|climatezone=Temperate_Without_dry_season,human,0.2242,-6.000000000000172e-4,0.2236,55.9,TRUE,0.4,TRUE,TRUE,TRUE,TRUE,TRUE,FALSE,FALSE,TRUE,NA,0.5589999999999999
spatial_spd,16219,Europe,Temperate_Without_dry_season,analysis=spatial_spd|dataset_id=16219|region=Europe|climatezone=Temperate_Without_dry_season,climate,0.1767,-5.999999999999894e-4,0.1761,44.02,TRUE,0.4,TRUE,TRUE,TRUE,TRUE,TRUE,FALSE,FALSE,TRUE,NA,0.44025
spatial_spd,24952,Europe,Temperate_Without_dry_season,analysis=spatial_spd|dataset_id=24952|region=Europe|climatezone=Temperate_Without_dry_season,human,0.096,-0.0325,0.0635,21.03,TRUE,0.302,TRUE,TRUE,TRUE,TRUE,TRUE,FALSE,FALSE,TRUE,NA,0.21026490066225167
spatial_spd,24952,Europe,Temperate_Without_dry_season,analysis=spatial_spd|dataset_id=24952|region=Europe|climatezone=Temperate_Without_dry_season,climate,0.2706,-0.03240000000000001,0.2382,78.87,TRUE,0.302,TRUE,TRUE,TRUE,TRUE,TRUE,FALSE,FALSE,TRUE,NA,0.7887417218543047
spatial_spd,41909,Europe,Temperate_Dry_Summer,analysis=spatial_spd|dataset_id=41909|region=Europe|climatezone=Temperate_Dry_Summer,human,0.1589,-0.05800000000000001,0.1009,28.5,TRUE,0.354,TRUE,TRUE,TRUE,TRUE,TRUE,FALSE,FALSE,TRUE,NA,0.28502824858757064
spatial_spd,41909,Europe,Temperate_Dry_Summer,analysis=spatial_spd|dataset_id=41909|region=Europe|climatezone=Temperate_Dry_Summer,climate,0.3109,-0.057999999999999996,0.2529,71.44,TRUE,0.354,TRUE,TRUE,TRUE,TRUE,TRUE,FALSE,FALSE,TRUE,NA,0.7144067796610171
spatial_spd,1762,North America,Cold_Without_dry_season_Cold_Summer,analysis=spatial_spd|dataset_id=1762|region=North America|climatezone=Cold_Without_dry_season_Cold_Summer,human,-0.0222,0.0376,0.0154,6.61,TRUE,0.233,TRUE,TRUE,TRUE,TRUE,TRUE,TRUE,FALSE,TRUE,NA,0.06609442060085836
spatial_spd,1762,North America,Cold_Without_dry_season_Cold_Summer,analysis=spatial_spd|dataset_id=1762|region=North America|climatezone=Cold_Without_dry_season_Cold_Summer,climate,0.18,0.03770000000000001,0.2177,93.43,TRUE,0.233,TRUE,TRUE,TRUE,TRUE,TRUE,TRUE,FALSE,TRUE,NA,0.9343347639484978
spatial_spd,1639,North America,Cold_Without_dry_season_Warm_Summer,analysis=spatial_spd|dataset_id=1639|region=North America|climatezone=Cold_Without_dry_season_Warm_Summer,human,-0.011,0.1231,0.1121,16.11,TRUE,0.696,TRUE,TRUE,TRUE,TRUE,TRUE,TRUE,FALSE,TRUE,NA,0.16106321839080462
spatial_spd,1639,North America,Cold_Without_dry_season_Warm_Summer,analysis=spatial_spd|dataset_id=1639|region=North America|climatezone=Cold_Without_dry_season_Warm_Summer,climate,0.4606,0.12309999999999999,0.5837,83.86,TRUE,0.696,TRUE,TRUE,TRUE,TRUE,TRUE,TRUE,FALSE,TRUE,NA,0.8386494252873564
spatial_spd,4473,Europe,Cold_Without_dry_season_Warm_Summer,analysis=spatial_spd|dataset_id=4473|region=Europe|climatezone=Cold_Without_dry_season_Warm_Summer,human,5e-4,-0.006,-0.0055,-3.5,TRUE,0.157,TRUE,TRUE,TRUE,TRUE,TRUE,FALSE,TRUE,TRUE,NA,-0.03503184713375796
spatial_spd,4473,Europe,Cold_Without_dry_season_Warm_Summer,analysis=spatial_spd|dataset_id=4473|region=Europe|climatezone=Cold_Without_dry_season_Warm_Summer,climate,0.169,-0.006100000000000022,0.1629,103.76,TRUE,0.157,TRUE,TRUE,TRUE,TRUE,TRUE,FALSE,TRUE,TRUE,NA,1.0375796178343948
spatial_spd,15955,Latin America,Polar,analysis=spatial_spd|dataset_id=15955|region=Latin America|climatezone=Polar,human,0.1149,-0.015300000000000008,0.0996,66.85,TRUE,0.149,TRUE,TRUE,TRUE,TRUE,TRUE,FALSE,FALSE,TRUE,NA,0.6684563758389261
spatial_spd,15955,Latin America,Polar,analysis=spatial_spd|dataset_id=15955|region=Latin America|climatezone=Polar,climate,0.065,-0.015300000000000001,0.0497,33.36,TRUE,0.149,TRUE,TRUE,TRUE,TRUE,TRUE,FALSE,FALSE,TRUE,NA,0.33355704697986577
spatial_spd,1661,North America,Cold_Without_dry_season_Hot_Summer,analysis=spatial_spd|dataset_id=1661|region=North America|climatezone=Cold_Without_dry_season_Hot_Summer,human,-0.0228,0.13069999999999998,0.1079,18.01,TRUE,0.599,TRUE,TRUE,TRUE,TRUE,TRUE,TRUE,FALSE,TRUE,NA,0.18013355592654423
spatial_spd,1661,North America,Cold_Without_dry_season_Hot_Summer,analysis=spatial_spd|dataset_id=1661|region=North America|climatezone=Cold_Without_dry_season_Hot_Summer,climate,0.36,0.1306,0.4906,81.9,TRUE,0.599,TRUE,TRUE,TRUE,TRUE,TRUE,TRUE,FALSE,TRUE,NA,0.8190317195325543
spatial_spd,48769,Europe,Temperate_Without_dry_season,analysis=spatial_spd|dataset_id=48769|region=Europe|climatezone=Temperate_Without_dry_season,human,0.1,0.05929999999999999,0.1593,67.79,TRUE,0.235,TRUE,TRUE,TRUE,TRUE,TRUE,FALSE,FALSE,TRUE,NA,0.6778723404255319
spatial_spd,48769,Europe,Temperate_Without_dry_season,analysis=spatial_spd|dataset_id=48769|region=Europe|climatezone=Temperate_Without_dry_season,climate,0.0164,0.059300000000000005,0.0757,32.21,TRUE,0.235,TRUE,TRUE,TRUE,TRUE,TRUE,FALSE,FALSE,TRUE,NA,0.3221276595744681
spatial_spd,22407,North America,Cold_Dry_Summer,analysis=spatial_spd|dataset_id=22407|region=North America|climatezone=Cold_Dry_Summer,human,0.0331,0.0271,0.0602,14.94,TRUE,0.403,TRUE,TRUE,TRUE,TRUE,TRUE,FALSE,FALSE,TRUE,NA,0.14937965260545905
spatial_spd,22407,North America,Cold_Dry_Summer,analysis=spatial_spd|dataset_id=22407|region=North America|climatezone=Cold_Dry_Summer,climate,0.3153,0.027099999999999957,0.3424,84.96,TRUE,0.403,TRUE,TRUE,TRUE,TRUE,TRUE,FALSE,FALSE,TRUE,NA,0.8496277915632754
spatial_spd,24032,Europe,Cold_Without_dry_season_Warm_Summer,analysis=spatial_spd|dataset_id=24032|region=Europe|climatezone=Cold_Without_dry_season_Warm_Summer,human,-0.029,-0.001299999999999999,-0.0303,-7.18,TRUE,0.422,TRUE,TRUE,TRUE,TRUE,TRUE,TRUE,TRUE,TRUE,NA,-0.07180094786729858
spatial_spd,24032,Europe,Cold_Without_dry_season_Warm_Summer,analysis=spatial_spd|dataset_id=24032|region=Europe|climatezone=Cold_Without_dry_season_Warm_Summer,climate,0.4532,-0.0012999999999999678,0.4519,107.09,TRUE,0.422,TRUE,TRUE,TRUE,TRUE,TRUE,TRUE,TRUE,TRUE,NA,1.0708530805687204
spatial_spd,40642,Europe,Cold_Without_dry_season_Cold_Summer,analysis=spatial_spd|dataset_id=40642|region=Europe|climatezone=Cold_Without_dry_season_Cold_Summer,human,-0.0209,0.023799999999999998,0.0029,7.25,TRUE,0.04,TRUE,TRUE,TRUE,TRUE,TRUE,TRUE,FALSE,TRUE,NA,0.0725
spatial_spd,40642,Europe,Cold_Without_dry_season_Cold_Summer,analysis=spatial_spd|dataset_id=40642|region=Europe|climatezone=Cold_Without_dry_season_Cold_Summer,climate,0.0128,0.0238,0.0366,91.5,TRUE,0.04,TRUE,TRUE,TRUE,TRUE,TRUE,TRUE,FALSE,TRUE,NA,0.915
spatial_spd,41589,Europe,Polar,analysis=spatial_spd|dataset_id=41589|region=Europe|climatezone=Polar,human,0.0625,-0.0349,0.0276,10.53,TRUE,0.262,TRUE,TRUE,TRUE,TRUE,TRUE,FALSE,FALSE,TRUE,NA,0.10534351145038168
spatial_spd,41589,Europe,Polar,analysis=spatial_spd|dataset_id=41589|region=Europe|climatezone=Polar,climate,0.2693,-0.034999999999999976,0.2343,89.43,TRUE,0.262,TRUE,TRUE,TRUE,TRUE,TRUE,FALSE,FALSE,TRUE,NA,0.8942748091603053
spatial_spd,40958,Europe,Cold_Without_dry_season_Warm_Summer,analysis=spatial_spd|dataset_id=40958|region=Europe|climatezone=Cold_Without_dry_season_Warm_Summer,human,0.1813,-0.0562,0.1251,98.5,TRUE,0.127,TRUE,TRUE,TRUE,TRUE,TRUE,FALSE,FALSE,TRUE,NA,0.9850393700787401
spatial_spd,40958,Europe,Cold_Without_dry_season_Warm_Summer,analysis=spatial_spd|dataset_id=40958|region=Europe|climatezone=Cold_Without_dry_season_Warm_Summer,climate,0.0581,-0.056299999999999996,0.0018,1.42,TRUE,0.127,TRUE,TRUE,TRUE,TRUE,TRUE,FALSE,FALSE,TRUE,NA,0.014173228346456693
spatial_spd,2654,North America,Cold_Without_dry_season_Warm_Summer,analysis=spatial_spd|dataset_id=2654|region=North America|climatezone=Cold_Without_dry_season_Warm_Summer,human,-0.0363,0.0481,0.0118,2.94,TRUE,0.401,TRUE,TRUE,TRUE,TRUE,TRUE,TRUE,FALSE,TRUE,NA,0.029426433915211967
spatial_spd,2654,North America,Cold_Without_dry_season_Warm_Summer,analysis=spatial_spd|dataset_id=2654|region=North America|climatezone=Cold_Without_dry_season_Warm_Summer,climate,0.3414,0.04800000000000004,0.3894,97.11,TRUE,0.401,TRUE,TRUE,TRUE,TRUE,TRUE,TRUE,FALSE,TRUE,NA,0.971072319201995
spatial_spd,1160,North America,Temperate_Without_dry_season,analysis=spatial_spd|dataset_id=1160|region=North America|climatezone=Temperate_Without_dry_season,human,0.0227,0.0746,0.0973,28.62,TRUE,0.34,TRUE,TRUE,TRUE,TRUE,TRUE,FALSE,FALSE,TRUE,NA,0.28617647058823525
spatial_spd,1160,North America,Temperate_Without_dry_season,analysis=spatial_spd|dataset_id=1160|region=North America|climatezone=Temperate_Without_dry_season,climate,0.168,0.07449999999999998,0.2425,71.32,TRUE,0.34,TRUE,TRUE,TRUE,TRUE,TRUE,FALSE,FALSE,TRUE,NA,0.713235294117647
spatial_spd,823,North America,Cold_Without_dry_season_Warm_Summer,analysis=spatial_spd|dataset_id=823|region=North America|climatezone=Cold_Without_dry_season_Warm_Summer,human,0.0641,0.1057,0.1698,29.13,TRUE,0.583,TRUE,TRUE,TRUE,TRUE,TRUE,FALSE,FALSE,TRUE,NA,0.2912521440823328
spatial_spd,823,North America,Cold_Without_dry_season_Warm_Summer,analysis=spatial_spd|dataset_id=823|region=North America|climatezone=Cold_Without_dry_season_Warm_Summer,climate,0.3077,0.1058,0.4135,70.93,TRUE,0.583,TRUE,TRUE,TRUE,TRUE,TRUE,FALSE,FALSE,TRUE,NA,0.70926243567753
spatial_spd,342,Europe,Cold_Without_dry_season_Cold_Summer,analysis=spatial_spd|dataset_id=342|region=Europe|climatezone=Cold_Without_dry_season_Cold_Summer,human,-0.0117,0.0224,0.0107,2.05,TRUE,0.523,TRUE,TRUE,TRUE,TRUE,TRUE,TRUE,FALSE,TRUE,NA,0.020458891013384318
spatial_spd,342,Europe,Cold_Without_dry_season_Cold_Summer,analysis=spatial_spd|dataset_id=342|region=Europe|climatezone=Cold_Without_dry_season_Cold_Summer,climate,0.4901,0.022399999999999975,0.5125,97.99,TRUE,0.523,TRUE,TRUE,TRUE,TRUE,TRUE,TRUE,FALSE,TRUE,NA,0.9799235181644358
spatial_spd,21903,Latin America,Tropical,analysis=spatial_spd|dataset_id=21903|region=Latin America|climatezone=Tropical,human,0.0491,-0.0295,0.0196,6.83,TRUE,0.287,TRUE,TRUE,TRUE,TRUE,TRUE,FALSE,FALSE,TRUE,NA,0.06829268292682927
spatial_spd,21903,Latin America,Tropical,analysis=spatial_spd|dataset_id=21903|region=Latin America|climatezone=Tropical,climate,0.2966,-0.02949999999999997,0.2671,93.07,TRUE,0.287,TRUE,TRUE,TRUE,TRUE,TRUE,FALSE,FALSE,TRUE,NA,0.9306620209059234
spatial_spd,1443,Latin America,Polar,analysis=spatial_spd|dataset_id=1443|region=Latin America|climatezone=Polar,human,0.0848,0.06699999999999999,0.1518,28.37,TRUE,0.535,TRUE,TRUE,TRUE,TRUE,TRUE,FALSE,FALSE,TRUE,NA,0.2837383177570093
spatial_spd,1443,Latin America,Polar,analysis=spatial_spd|dataset_id=1443|region=Latin America|climatezone=Polar,climate,0.3163,0.06699999999999995,0.3833,71.64,TRUE,0.535,TRUE,TRUE,TRUE,TRUE,TRUE,FALSE,FALSE,TRUE,NA,0.716448598130841
spatial_spd,20029,Europe,Polar,analysis=spatial_spd|dataset_id=20029|region=Europe|climatezone=Polar,human,0.0239,0.0769,0.1008,24,TRUE,0.42,TRUE,TRUE,TRUE,TRUE,TRUE,FALSE,FALSE,TRUE,NA,0.24000000000000002
spatial_spd,20029,Europe,Polar,analysis=spatial_spd|dataset_id=20029|region=Europe|climatezone=Polar,climate,0.2423,0.07680000000000001,0.3191,75.98,TRUE,0.42,TRUE,TRUE,TRUE,TRUE,TRUE,FALSE,FALSE,TRUE,NA,0.7597619047619047
spatial_spd,17393,North America,Cold_Dry_Summer,analysis=spatial_spd|dataset_id=17393|region=North America|climatezone=Cold_Dry_Summer,human,-0.0552,0.12619999999999998,0.071,36.79,TRUE,0.193,TRUE,TRUE,TRUE,TRUE,TRUE,TRUE,FALSE,TRUE,NA,0.36787564766839376
spatial_spd,17393,North America,Cold_Dry_Summer,analysis=spatial_spd|dataset_id=17393|region=North America|climatezone=Cold_Dry_Summer,climate,-0.0045,0.1262,0.1217,63.06,TRUE,0.193,TRUE,TRUE,TRUE,TRUE,TRUE,TRUE,FALSE,TRUE,NA,0.6305699481865285
spatial_spd,22976,Europe,Temperate_Dry_Summer,analysis=spatial_spd|dataset_id=22976|region=Europe|climatezone=Temperate_Dry_Summer,human,0.0529,0.021400000000000002,0.0743,195.53,TRUE,0.038,TRUE,TRUE,TRUE,TRUE,TRUE,TRUE,TRUE,TRUE,NA,1.955263157894737
spatial_spd,22976,Europe,Temperate_Dry_Summer,analysis=spatial_spd|dataset_id=22976|region=Europe|climatezone=Temperate_Dry_Summer,climate,-0.0577,0.021400000000000002,-0.0363,-95.53,TRUE,0.038,TRUE,TRUE,TRUE,TRUE,TRUE,TRUE,TRUE,TRUE,NA,-0.9552631578947368
spatial_spd,22709,Europe,Temperate_Without_dry_season,analysis=spatial_spd|dataset_id=22709|region=Europe|climatezone=Temperate_Without_dry_season,human,0.2687,0.0917,0.3604,80.09,TRUE,0.45,TRUE,TRUE,TRUE,TRUE,TRUE,TRUE,FALSE,TRUE,NA,0.8008888888888889
spatial_spd,22709,Europe,Temperate_Without_dry_season,analysis=spatial_spd|dataset_id=22709|region=Europe|climatezone=Temperate_Without_dry_season,climate,-0.0023,0.09169999999999999,0.0894,19.87,TRUE,0.45,TRUE,TRUE,TRUE,TRUE,TRUE,TRUE,FALSE,TRUE,NA,0.19866666666666666
spatial_spd,15902,North America,Temperate_Without_dry_season,analysis=spatial_spd|dataset_id=15902|region=North America|climatezone=Temperate_Without_dry_season,human,0.1142,0.0978,0.212,77.09,TRUE,0.275,TRUE,TRUE,TRUE,TRUE,TRUE,TRUE,FALSE,TRUE,NA,0.7709090909090909
spatial_spd,15902,North America,Temperate_Without_dry_season,analysis=spatial_spd|dataset_id=15902|region=North America|climatezone=Temperate_Without_dry_season,climate,-0.0351,0.0978,0.0627,22.8,TRUE,0.275,TRUE,TRUE,TRUE,TRUE,TRUE,TRUE,FALSE,TRUE,NA,0.228
spatial_spd,20295,North America,Cold_Dry_Summer,analysis=spatial_spd|dataset_id=20295|region=North America|climatezone=Cold_Dry_Summer,human,0.2317,-0.04419999999999999,0.1875,51.37,TRUE,0.365,TRUE,TRUE,TRUE,TRUE,TRUE,FALSE,FALSE,TRUE,NA,0.5136986301369864
spatial_spd,20295,North America,Cold_Dry_Summer,analysis=spatial_spd|dataset_id=20295|region=North America|climatezone=Cold_Dry_Summer,climate,0.2219,-0.04419999999999999,0.1777,48.68,TRUE,0.365,TRUE,TRUE,TRUE,TRUE,TRUE,FALSE,FALSE,TRUE,NA,0.48684931506849316
spatial_spd,4192,Europe,Cold_Without_dry_season_Warm_Summer,analysis=spatial_spd|dataset_id=4192|region=Europe|climatezone=Cold_Without_dry_season_Warm_Summer,human,0.02,0.06699999999999999,0.087,34.52,TRUE,0.252,TRUE,TRUE,TRUE,TRUE,TRUE,FALSE,FALSE,TRUE,NA,0.34523809523809523
spatial_spd,4192,Europe,Cold_Without_dry_season_Warm_Summer,analysis=spatial_spd|dataset_id=4192|region=Europe|climatezone=Cold_Without_dry_season_Warm_Summer,climate,0.0986,0.066900000000000015,0.1655,65.67,TRUE,0.252,TRUE,TRUE,TRUE,TRUE,TRUE,FALSE,FALSE,TRUE,NA,0.6567460317460317
spatial_spd,44723,Europe,Cold_Without_dry_season_Warm_Summer,analysis=spatial_spd|dataset_id=44723|region=Europe|climatezone=Cold_Without_dry_season_Warm_Summer,human,0.0175,0.0968,0.1143,37.11,TRUE,0.308,TRUE,TRUE,TRUE,TRUE,TRUE,FALSE,FALSE,TRUE,NA,0.3711038961038961
spatial_spd,44723,Europe,Cold_Without_dry_season_Warm_Summer,analysis=spatial_spd|dataset_id=44723|region=Europe|climatezone=Cold_Without_dry_season_Warm_Summer,climate,0.0966,0.09679999999999998,0.1934,62.79,TRUE,0.308,TRUE,TRUE,TRUE,TRUE,TRUE,FALSE,FALSE,TRUE,NA,0.6279220779220779
spatial_spd,316,North America,Cold_Without_dry_season_Hot_Summer,analysis=spatial_spd|dataset_id=316|region=North America|climatezone=Cold_Without_dry_season_Hot_Summer,human,0.1734,-0.03720000000000001,0.1362,55.59,TRUE,0.245,TRUE,TRUE,TRUE,TRUE,TRUE,FALSE,FALSE,TRUE,NA,0.5559183673469388
spatial_spd,316,North America,Cold_Without_dry_season_Hot_Summer,analysis=spatial_spd|dataset_id=316|region=North America|climatezone=Cold_Without_dry_season_Hot_Summer,climate,0.146,-0.0372,0.1088,44.41,TRUE,0.245,TRUE,TRUE,TRUE,TRUE,TRUE,FALSE,FALSE,TRUE,NA,0.4440816326530612
spatial_spd,22049,Latin America,Temperate_Without_dry_season,analysis=spatial_spd|dataset_id=22049|region=Latin America|climatezone=Temperate_Without_dry_season,human,-0.0567,0.0245,-0.0322,-24.39,TRUE,0.132,TRUE,TRUE,TRUE,TRUE,TRUE,TRUE,TRUE,TRUE,NA,-0.24393939393939393
spatial_spd,22049,Latin America,Temperate_Without_dry_season,analysis=spatial_spd|dataset_id=22049|region=Latin America|climatezone=Temperate_Without_dry_season,climate,0.14,0.024399999999999977,0.1644,124.55,TRUE,0.132,TRUE,TRUE,TRUE,TRUE,TRUE,TRUE,TRUE,TRUE,NA,1.2454545454545454
spatial_spd,318,North America,Cold_Without_dry_season_Cold_Summer,analysis=spatial_spd|dataset_id=318|region=North America|climatezone=Cold_Without_dry_season_Cold_Summer,human,0.1858,-0.04239999999999999,0.1434,24.81,TRUE,0.578,TRUE,TRUE,TRUE,TRUE,TRUE,FALSE,FALSE,TRUE,NA,0.24809688581314882
spatial_spd,318,North America,Cold_Without_dry_season_Cold_Summer,analysis=spatial_spd|dataset_id=318|region=North America|climatezone=Cold_Without_dry_season_Cold_Summer,climate,0.4771,-0.04240000000000005,0.4347,75.21,TRUE,0.578,TRUE,TRUE,TRUE,TRUE,TRUE,FALSE,FALSE,TRUE,NA,0.7520761245674741
spatial_spd,3492,North America,Cold_Without_dry_season_Warm_Summer,analysis=spatial_spd|dataset_id=3492|region=North America|climatezone=Cold_Without_dry_season_Warm_Summer,human,0.0392,0.0763,0.1155,26.92,TRUE,0.429,TRUE,TRUE,TRUE,TRUE,TRUE,FALSE,FALSE,TRUE,NA,0.2692307692307693
spatial_spd,3492,North America,Cold_Without_dry_season_Warm_Summer,analysis=spatial_spd|dataset_id=3492|region=North America|climatezone=Cold_Without_dry_season_Warm_Summer,climate,0.2374,0.07629999999999998,0.3137,73.12,TRUE,0.429,TRUE,TRUE,TRUE,TRUE,TRUE,FALSE,FALSE,TRUE,NA,0.7312354312354312
spatial_spd,678,North America,Cold_Without_dry_season_Cold_Summer,analysis=spatial_spd|dataset_id=678|region=North America|climatezone=Cold_Without_dry_season_Cold_Summer,human,-6e-4,0.0973,0.0967,19.61,TRUE,0.493,TRUE,TRUE,TRUE,TRUE,TRUE,TRUE,FALSE,TRUE,NA,0.19614604462474644
spatial_spd,678,North America,Cold_Without_dry_season_Cold_Summer,analysis=spatial_spd|dataset_id=678|region=North America|climatezone=Cold_Without_dry_season_Cold_Summer,climate,0.2986,0.0973,0.3959,80.3,TRUE,0.493,TRUE,TRUE,TRUE,TRUE,TRUE,TRUE,FALSE,TRUE,NA,0.8030425963488843
spatial_spd,2637,North America,Cold_Dry_Summer,analysis=spatial_spd|dataset_id=2637|region=North America|climatezone=Cold_Dry_Summer,human,-0.0216,-0.006699999999999998,-0.0283,-7.18,TRUE,0.394,TRUE,TRUE,TRUE,TRUE,TRUE,TRUE,TRUE,TRUE,NA,-0.07182741116751268
spatial_spd,2637,North America,Cold_Dry_Summer,analysis=spatial_spd|dataset_id=2637|region=North America|climatezone=Cold_Dry_Summer,climate,0.4291,-0.006599999999999995,0.4225,107.23,TRUE,0.394,TRUE,TRUE,TRUE,TRUE,TRUE,TRUE,TRUE,TRUE,NA,1.0723350253807107
spatial_spd,1704,North America,Cold_Without_dry_season_Cold_Summer,analysis=spatial_spd|dataset_id=1704|region=North America|climatezone=Cold_Without_dry_season_Cold_Summer,human,-0.0292,-0.010600000000000002,-0.0398,-41.89,TRUE,0.095,TRUE,TRUE,TRUE,TRUE,TRUE,TRUE,TRUE,TRUE,NA,-0.4189473684210526
spatial_spd,1704,North America,Cold_Without_dry_season_Cold_Summer,analysis=spatial_spd|dataset_id=1704|region=North America|climatezone=Cold_Without_dry_season_Cold_Summer,climate,0.1455,-0.010699999999999987,0.1348,141.89,TRUE,0.095,TRUE,TRUE,TRUE,TRUE,TRUE,TRUE,TRUE,TRUE,NA,1.4189473684210527
spatial_spd,4286,Europe,Cold_Without_dry_season_Cold_Summer,analysis=spatial_spd|dataset_id=4286|region=Europe|climatezone=Cold_Without_dry_season_Cold_Summer,human,-0.0623,0.041,-0.0213,-30.87,TRUE,0.069,TRUE,TRUE,TRUE,TRUE,TRUE,TRUE,TRUE,TRUE,NA,-0.30869565217391304
spatial_spd,4286,Europe,Cold_Without_dry_season_Cold_Summer,analysis=spatial_spd|dataset_id=4286|region=Europe|climatezone=Cold_Without_dry_season_Cold_Summer,climate,0.0495,0.04089999999999999,0.0904,131.01,TRUE,0.069,TRUE,TRUE,TRUE,TRUE,TRUE,TRUE,TRUE,TRUE,NA,1.3101449275362318
spatial_spd,20131,Europe,Temperate_Without_dry_season,analysis=spatial_spd|dataset_id=20131|region=Europe|climatezone=Temperate_Without_dry_season,human,0.1976,-0.05099999999999999,0.1466,29.03,TRUE,0.505,TRUE,TRUE,TRUE,TRUE,TRUE,FALSE,FALSE,TRUE,NA,0.29029702970297033
spatial_spd,20131,Europe,Temperate_Without_dry_season,analysis=spatial_spd|dataset_id=20131|region=Europe|climatezone=Temperate_Without_dry_season,climate,0.4091,-0.051000000000000045,0.3581,70.91,TRUE,0.505,TRUE,TRUE,TRUE,TRUE,TRUE,FALSE,FALSE,TRUE,NA,0.7091089108910891
spatial_spd,2286,North America,Cold_Without_dry_season_Warm_Summer,analysis=spatial_spd|dataset_id=2286|region=North America|climatezone=Cold_Without_dry_season_Warm_Summer,human,0.0518,0.15400000000000003,0.2058,32.41,TRUE,0.635,TRUE,TRUE,TRUE,TRUE,TRUE,FALSE,FALSE,TRUE,NA,0.3240944881889764
spatial_spd,2286,North America,Cold_Without_dry_season_Warm_Summer,analysis=spatial_spd|dataset_id=2286|region=North America|climatezone=Cold_Without_dry_season_Warm_Summer,climate,0.2747,0.15400000000000003,0.4287,67.51,TRUE,0.635,TRUE,TRUE,TRUE,TRUE,TRUE,FALSE,FALSE,TRUE,NA,0.6751181102362205
spatial_spd,673,North America,Cold_Without_dry_season_Cold_Summer,analysis=spatial_spd|dataset_id=673|region=North America|climatezone=Cold_Without_dry_season_Cold_Summer,human,0.1662,0.031700000000000006,0.1979,76.12,TRUE,0.26,TRUE,TRUE,TRUE,TRUE,TRUE,FALSE,FALSE,TRUE,NA,0.7611538461538461
spatial_spd,673,North America,Cold_Without_dry_season_Cold_Summer,analysis=spatial_spd|dataset_id=673|region=North America|climatezone=Cold_Without_dry_season_Cold_Summer,climate,0.0301,0.031700000000000006,0.0618,23.77,TRUE,0.26,TRUE,TRUE,TRUE,TRUE,TRUE,FALSE,FALSE,TRUE,NA,0.23769230769230767
spatial_spd,3473,North America,Cold_Without_dry_season_Warm_Summer,analysis=spatial_spd|dataset_id=3473|region=North America|climatezone=Cold_Without_dry_season_Warm_Summer,human,0.0848,0.12219999999999999,0.207,51.88,TRUE,0.399,TRUE,TRUE,TRUE,TRUE,TRUE,FALSE,FALSE,TRUE,NA,0.5187969924812029
spatial_spd,3473,North America,Cold_Without_dry_season_Warm_Summer,analysis=spatial_spd|dataset_id=3473|region=North America|climatezone=Cold_Without_dry_season_Warm_Summer,climate,0.0697,0.12219999999999999,0.1919,48.1,TRUE,0.399,TRUE,TRUE,TRUE,TRUE,TRUE,FALSE,FALSE,TRUE,NA,0.4809523809523809
spatial_spd,17396,North America,Cold_Without_dry_season_Warm_Summer,analysis=spatial_spd|dataset_id=17396|region=North America|climatezone=Cold_Without_dry_season_Warm_Summer,human,-0.0194,0.0604,0.041,7.06,TRUE,0.581,TRUE,TRUE,TRUE,TRUE,TRUE,TRUE,FALSE,TRUE,NA,0.07056798623063684
spatial_spd,17396,North America,Cold_Without_dry_season_Warm_Summer,analysis=spatial_spd|dataset_id=17396|region=North America|climatezone=Cold_Without_dry_season_Warm_Summer,climate,0.4792,0.060299999999999965,0.5395,92.86,TRUE,0.581,TRUE,TRUE,TRUE,TRUE,TRUE,TRUE,FALSE,TRUE,NA,0.9285714285714286
spatial_spd,19323,North America,Cold_Dry_Summer,analysis=spatial_spd|dataset_id=19323|region=North America|climatezone=Cold_Dry_Summer,human,-0.0103,0.11800000000000001,0.1077,25.05,TRUE,0.43,TRUE,TRUE,TRUE,TRUE,TRUE,TRUE,FALSE,TRUE,NA,0.25046511627906975
spatial_spd,19323,North America,Cold_Dry_Summer,analysis=spatial_spd|dataset_id=19323|region=North America|climatezone=Cold_Dry_Summer,climate,0.2042,0.118,0.3222,74.93,TRUE,0.43,TRUE,TRUE,TRUE,TRUE,TRUE,TRUE,FALSE,TRUE,NA,0.7493023255813953
spatial_spd,533,North America,Cold_Without_dry_season_Cold_Summer,analysis=spatial_spd|dataset_id=533|region=North America|climatezone=Cold_Without_dry_season_Cold_Summer,human,0.2573,0.016200000000000048,0.2735,103.6,TRUE,0.264,TRUE,TRUE,TRUE,TRUE,TRUE,TRUE,TRUE,TRUE,NA,1.0359848484848486
spatial_spd,533,North America,Cold_Without_dry_season_Cold_Summer,analysis=spatial_spd|dataset_id=533|region=North America|climatezone=Cold_Without_dry_season_Cold_Summer,climate,-0.0257,0.016300000000000002,-0.0094,-3.56,TRUE,0.264,TRUE,TRUE,TRUE,TRUE,TRUE,TRUE,TRUE,TRUE,NA,-0.035606060606060606
spatial_spd,4213,Europe,Cold_Without_dry_season_Warm_Summer,analysis=spatial_spd|dataset_id=4213|region=Europe|climatezone=Cold_Without_dry_season_Warm_Summer,human,0.3009,-0.0771,0.2238,80.5,TRUE,0.278,TRUE,TRUE,TRUE,TRUE,TRUE,FALSE,FALSE,TRUE,NA,0.8050359712230215
spatial_spd,4213,Europe,Cold_Without_dry_season_Warm_Summer,analysis=spatial_spd|dataset_id=4213|region=Europe|climatezone=Cold_Without_dry_season_Warm_Summer,climate,0.1315,-0.0771,0.0544,19.57,TRUE,0.278,TRUE,TRUE,TRUE,TRUE,TRUE,FALSE,FALSE,TRUE,NA,0.19568345323741004
spatial_spd,41527,Europe,Temperate_Without_dry_season,analysis=spatial_spd|dataset_id=41527|region=Europe|climatezone=Temperate_Without_dry_season,human,0.0635,0.057499999999999996,0.121,70.76,TRUE,0.171,TRUE,TRUE,TRUE,TRUE,TRUE,TRUE,FALSE,TRUE,NA,0.7076023391812865
spatial_spd,41527,Europe,Temperate_Without_dry_season,analysis=spatial_spd|dataset_id=41527|region=Europe|climatezone=Temperate_Without_dry_season,climate,-0.0079,0.057499999999999996,0.0496,29.01,TRUE,0.171,TRUE,TRUE,TRUE,TRUE,TRUE,TRUE,FALSE,TRUE,NA,0.29005847953216374
spatial_spd,215,Europe,Temperate_Without_dry_season,analysis=spatial_spd|dataset_id=215|region=Europe|climatezone=Temperate_Without_dry_season,human,0.4649,-0.12739999999999996,0.3375,44.41,TRUE,0.76,TRUE,TRUE,TRUE,TRUE,TRUE,FALSE,FALSE,TRUE,NA,0.4440789473684211
spatial_spd,215,Europe,Temperate_Without_dry_season,analysis=spatial_spd|dataset_id=215|region=Europe|climatezone=Temperate_Without_dry_season,climate,0.55,-0.12750000000000006,0.4225,55.59,TRUE,0.76,TRUE,TRUE,TRUE,TRUE,TRUE,FALSE,FALSE,TRUE,NA,0.5559210526315789
spatial_spd,4492,Europe,Temperate_Without_dry_season,analysis=spatial_spd|dataset_id=4492|region=Europe|climatezone=Temperate_Without_dry_season,human,-0.0333,-1.999999999999988e-4,-0.0335,-14.57,TRUE,0.23,TRUE,TRUE,TRUE,TRUE,TRUE,TRUE,TRUE,TRUE,NA,-0.14565217391304347
spatial_spd,4492,Europe,Temperate_Without_dry_season,analysis=spatial_spd|dataset_id=4492|region=Europe|climatezone=Temperate_Without_dry_season,climate,0.2633,-1.9999999999997797e-4,0.2631,114.39,TRUE,0.23,TRUE,TRUE,TRUE,TRUE,TRUE,TRUE,TRUE,TRUE,NA,1.1439130434782607
spatial_spd,45345,Europe,Cold_Without_dry_season_Cold_Summer,analysis=spatial_spd|dataset_id=45345|region=Europe|climatezone=Cold_Without_dry_season_Cold_Summer,human,0.159,0.022199999999999998,0.1812,35.88,TRUE,0.505,TRUE,TRUE,TRUE,TRUE,TRUE,FALSE,FALSE,TRUE,NA,0.3588118811881188
spatial_spd,45345,Europe,Cold_Without_dry_season_Cold_Summer,analysis=spatial_spd|dataset_id=45345|region=Europe|climatezone=Cold_Without_dry_season_Cold_Summer,climate,0.3022,0.022099999999999953,0.3243,64.22,TRUE,0.505,TRUE,TRUE,TRUE,TRUE,TRUE,FALSE,FALSE,TRUE,NA,0.6421782178217821
spatial_spd,16214,Europe,Cold_Without_dry_season_Warm_Summer,analysis=spatial_spd|dataset_id=16214|region=Europe|climatezone=Cold_Without_dry_season_Warm_Summer,human,-0.0469,0.008099999999999996,-0.0388,-228.24,TRUE,0.017,TRUE,TRUE,TRUE,TRUE,TRUE,TRUE,TRUE,TRUE,NA,-2.2823529411764705
spatial_spd,16214,Europe,Cold_Without_dry_season_Warm_Summer,analysis=spatial_spd|dataset_id=16214|region=Europe|climatezone=Cold_Without_dry_season_Warm_Summer,climate,0.0475,0.008099999999999996,0.0556,327.06,TRUE,0.017,TRUE,TRUE,TRUE,TRUE,TRUE,TRUE,TRUE,TRUE,NA,3.270588235294117
spatial_spd,21314,North America,Cold_Without_dry_season_Cold_Summer,analysis=spatial_spd|dataset_id=21314|region=North America|climatezone=Cold_Without_dry_season_Cold_Summer,human,0.0324,0.0201,0.0525,10.96,TRUE,0.479,TRUE,TRUE,TRUE,TRUE,TRUE,FALSE,FALSE,TRUE,NA,0.10960334029227557
spatial_spd,21314,North America,Cold_Without_dry_season_Cold_Summer,analysis=spatial_spd|dataset_id=21314|region=North America|climatezone=Cold_Without_dry_season_Cold_Summer,climate,0.4061,0.020100000000000007,0.4262,88.98,TRUE,0.479,TRUE,TRUE,TRUE,TRUE,TRUE,FALSE,FALSE,TRUE,NA,0.8897703549060544
spatial_spd,516,North America,Cold_Without_dry_season_Warm_Summer,analysis=spatial_spd|dataset_id=516|region=North America|climatezone=Cold_Without_dry_season_Warm_Summer,human,0.0696,0.0678,0.1374,28.93,TRUE,0.475,TRUE,TRUE,TRUE,TRUE,TRUE,FALSE,FALSE,TRUE,NA,0.28926315789473683
spatial_spd,516,North America,Cold_Without_dry_season_Warm_Summer,analysis=spatial_spd|dataset_id=516|region=North America|climatezone=Cold_Without_dry_season_Warm_Summer,climate,0.2694,0.06780000000000003,0.3372,70.99,TRUE,0.475,TRUE,TRUE,TRUE,TRUE,TRUE,FALSE,FALSE,TRUE,NA,0.7098947368421052
spatial_spd,14264,Latin America,Tropical,analysis=spatial_spd|dataset_id=14264|region=Latin America|climatezone=Tropical,human,-0.1508,0.02109999999999998,-0.1297,-180.14,TRUE,0.072,TRUE,TRUE,TRUE,TRUE,TRUE,TRUE,TRUE,TRUE,NA,-1.8013888888888892
spatial_spd,14264,Latin America,Tropical,analysis=spatial_spd|dataset_id=14264|region=Latin America|climatezone=Tropical,climate,0.181,0.021100000000000008,0.2021,280.69,TRUE,0.072,TRUE,TRUE,TRUE,TRUE,TRUE,TRUE,TRUE,TRUE,NA,2.8069444444444445
spatial_spd,2289,North America,Cold_Without_dry_season_Warm_Summer,analysis=spatial_spd|dataset_id=2289|region=North America|climatezone=Cold_Without_dry_season_Warm_Summer,human,0.0575,0.0365,0.094,48.45,TRUE,0.194,TRUE,TRUE,TRUE,TRUE,TRUE,FALSE,FALSE,TRUE,NA,0.4845360824742268
spatial_spd,2289,North America,Cold_Without_dry_season_Warm_Summer,analysis=spatial_spd|dataset_id=2289|region=North America|climatezone=Cold_Without_dry_season_Warm_Summer,climate,0.0637,0.03649999999999999,0.1002,51.65,TRUE,0.194,TRUE,TRUE,TRUE,TRUE,TRUE,FALSE,FALSE,TRUE,NA,0.5164948453608247
spatial_spd,40450,Europe,Cold_Without_dry_season_Warm_Summer,analysis=spatial_spd|dataset_id=40450|region=Europe|climatezone=Cold_Without_dry_season_Warm_Summer,human,0.0332,0.012999999999999998,0.0462,15.93,TRUE,0.29,TRUE,TRUE,TRUE,TRUE,TRUE,FALSE,FALSE,TRUE,NA,0.15931034482758621
spatial_spd,40450,Europe,Cold_Without_dry_season_Warm_Summer,analysis=spatial_spd|dataset_id=40450|region=Europe|climatezone=Cold_Without_dry_season_Warm_Summer,climate,0.2311,0.012899999999999995,0.244,84.14,TRUE,0.29,TRUE,TRUE,TRUE,TRUE,TRUE,FALSE,FALSE,TRUE,NA,0.8413793103448276
spatial_spd,40791,North America,Cold_Without_dry_season_Warm_Summer,analysis=spatial_spd|dataset_id=40791|region=North America|climatezone=Cold_Without_dry_season_Warm_Summer,human,0.1738,0.13539999999999996,0.3092,53.77,TRUE,0.575,TRUE,TRUE,TRUE,TRUE,TRUE,FALSE,FALSE,TRUE,NA,0.5377391304347826
spatial_spd,40791,North America,Cold_Without_dry_season_Warm_Summer,analysis=spatial_spd|dataset_id=40791|region=North America|climatezone=Cold_Without_dry_season_Warm_Summer,climate,0.1306,0.1355,0.2661,46.28,TRUE,0.575,TRUE,TRUE,TRUE,TRUE,TRUE,FALSE,FALSE,TRUE,NA,0.46278260869565224
spatial_spd,22757,Europe,Cold_Without_dry_season_Cold_Summer,analysis=spatial_spd|dataset_id=22757|region=Europe|climatezone=Cold_Without_dry_season_Cold_Summer,human,0.0527,-0.016999999999999994,0.0357,12.23,TRUE,0.292,TRUE,TRUE,TRUE,TRUE,TRUE,FALSE,FALSE,TRUE,NA,0.12226027397260275
spatial_spd,22757,Europe,Cold_Without_dry_season_Cold_Summer,analysis=spatial_spd|dataset_id=22757|region=Europe|climatezone=Cold_Without_dry_season_Cold_Summer,climate,0.2734,-0.01699999999999996,0.2564,87.81,TRUE,0.292,TRUE,TRUE,TRUE,TRUE,TRUE,FALSE,FALSE,TRUE,NA,0.878082191780822
spatial_spd,1817,North America,Cold_Without_dry_season_Warm_Summer,analysis=spatial_spd|dataset_id=1817|region=North America|climatezone=Cold_Without_dry_season_Warm_Summer,human,-0.0391,0.1593,0.1202,21.12,TRUE,0.569,TRUE,TRUE,TRUE,TRUE,TRUE,TRUE,FALSE,TRUE,NA,0.21124780316344466
spatial_spd,1817,North America,Cold_Without_dry_season_Warm_Summer,analysis=spatial_spd|dataset_id=1817|region=North America|climatezone=Cold_Without_dry_season_Warm_Summer,climate,0.2898,0.1593,0.4491,78.93,TRUE,0.569,TRUE,TRUE,TRUE,TRUE,TRUE,TRUE,FALSE,TRUE,NA,0.7892794376098419
spatial_spd,46672,North America,Temperate_Without_dry_season,analysis=spatial_spd|dataset_id=46672|region=North America|climatezone=Temperate_Without_dry_season,human,0.0157,0.011800000000000001,0.0275,19.64,TRUE,0.14,TRUE,TRUE,TRUE,TRUE,TRUE,FALSE,FALSE,TRUE,NA,0.19642857142857142
spatial_spd,46672,North America,Temperate_Without_dry_season,analysis=spatial_spd|dataset_id=46672|region=North America|climatezone=Temperate_Without_dry_season,climate,0.1009,0.011799999999999991,0.1127,80.5,TRUE,0.14,TRUE,TRUE,TRUE,TRUE,TRUE,FALSE,FALSE,TRUE,NA,0.8049999999999999
spatial_spd,45701,Europe,Cold_Without_dry_season_Cold_Summer,analysis=spatial_spd|dataset_id=45701|region=Europe|climatezone=Cold_Without_dry_season_Cold_Summer,human,0.1559,-0.032200000000000006,0.1237,23.65,TRUE,0.523,TRUE,TRUE,TRUE,TRUE,TRUE,FALSE,FALSE,TRUE,NA,0.23652007648183557
spatial_spd,45701,Europe,Cold_Without_dry_season_Cold_Summer,analysis=spatial_spd|dataset_id=45701|region=Europe|climatezone=Cold_Without_dry_season_Cold_Summer,climate,0.4319,-0.032200000000000006,0.3997,76.42,TRUE,0.523,TRUE,TRUE,TRUE,TRUE,TRUE,FALSE,FALSE,TRUE,NA,0.764244741873805
spatial_spd,2377,North America,Cold_Without_dry_season_Warm_Summer,analysis=spatial_spd|dataset_id=2377|region=North America|climatezone=Cold_Without_dry_season_Warm_Summer,human,0.1009,0.06349999999999999,0.1644,42.48,TRUE,0.387,TRUE,TRUE,TRUE,TRUE,TRUE,FALSE,FALSE,TRUE,NA,0.42480620155038756
spatial_spd,2377,North America,Cold_Without_dry_season_Warm_Summer,analysis=spatial_spd|dataset_id=2377|region=North America|climatezone=Cold_Without_dry_season_Warm_Summer,climate,0.1591,0.06340000000000001,0.2225,57.49,TRUE,0.387,TRUE,TRUE,TRUE,TRUE,TRUE,FALSE,FALSE,TRUE,NA,0.5749354005167958
spatial_spd,2028,North America,Cold_Without_dry_season_Warm_Summer,analysis=spatial_spd|dataset_id=2028|region=North America|climatezone=Cold_Without_dry_season_Warm_Summer,human,-0.0086,-0.0046,-0.0132,-1.69,TRUE,0.782,TRUE,TRUE,TRUE,TRUE,TRUE,TRUE,TRUE,TRUE,NA,-0.016879795396419435
spatial_spd,2028,North America,Cold_Without_dry_season_Warm_Summer,analysis=spatial_spd|dataset_id=2028|region=North America|climatezone=Cold_Without_dry_season_Warm_Summer,climate,0.79990000000000006,-0.0046000000000000485,0.7953,101.7,TRUE,0.782,TRUE,TRUE,TRUE,TRUE,TRUE,TRUE,TRUE,TRUE,NA,1.0170076726342712
spatial_spd,275,North America,Cold_Without_dry_season_Warm_Summer,analysis=spatial_spd|dataset_id=275|region=North America|climatezone=Cold_Without_dry_season_Warm_Summer,human,-0.0658,0.020399999999999995,-0.0454,-17.87,TRUE,0.254,TRUE,TRUE,TRUE,TRUE,TRUE,TRUE,TRUE,TRUE,NA,-0.17874015748031497
spatial_spd,275,North America,Cold_Without_dry_season_Warm_Summer,analysis=spatial_spd|dataset_id=275|region=North America|climatezone=Cold_Without_dry_season_Warm_Summer,climate,0.2794,0.02040000000000003,0.2998,118.03,TRUE,0.254,TRUE,TRUE,TRUE,TRUE,TRUE,TRUE,TRUE,TRUE,NA,1.1803149606299213
spatial_spd,18104,Latin America,Temperate_Dry_Summer,analysis=spatial_spd|dataset_id=18104|region=Latin America|climatezone=Temperate_Dry_Summer,human,-0.0329,-0.014200000000000004,-0.0471,-17.77,TRUE,0.265,TRUE,TRUE,TRUE,TRUE,TRUE,TRUE,TRUE,TRUE,NA,-0.17773584905660378
spatial_spd,18104,Latin America,Temperate_Dry_Summer,analysis=spatial_spd|dataset_id=18104|region=Latin America|climatezone=Temperate_Dry_Summer,climate,0.3268,-0.01419999999999999,0.3126,117.96,TRUE,0.265,TRUE,TRUE,TRUE,TRUE,TRUE,TRUE,TRUE,TRUE,NA,1.179622641509434
spatial_spd,3042,North America,Cold_Without_dry_season_Warm_Summer,analysis=spatial_spd|dataset_id=3042|region=North America|climatezone=Cold_Without_dry_season_Warm_Summer,human,0.0175,0.20400000000000001,0.2215,37.54,TRUE,0.59,TRUE,TRUE,TRUE,TRUE,TRUE,FALSE,FALSE,TRUE,NA,0.37542372881355934
spatial_spd,3042,North America,Cold_Without_dry_season_Warm_Summer,analysis=spatial_spd|dataset_id=3042|region=North America|climatezone=Cold_Without_dry_season_Warm_Summer,climate,0.1649,0.20400000000000001,0.3689,62.53,TRUE,0.59,TRUE,TRUE,TRUE,TRUE,TRUE,FALSE,FALSE,TRUE,NA,0.6252542372881357
spatial_spd,17292,North America,Cold_Without_dry_season_Cold_Summer,analysis=spatial_spd|dataset_id=17292|region=North America|climatezone=Cold_Without_dry_season_Cold_Summer,human,-0.0268,0.1289,0.1021,26.59,TRUE,0.384,TRUE,TRUE,TRUE,TRUE,TRUE,TRUE,FALSE,TRUE,NA,0.26588541666666665
spatial_spd,17292,North America,Cold_Without_dry_season_Cold_Summer,analysis=spatial_spd|dataset_id=17292|region=North America|climatezone=Cold_Without_dry_season_Cold_Summer,climate,0.1535,0.1289,0.2824,73.54,TRUE,0.384,TRUE,TRUE,TRUE,TRUE,TRUE,TRUE,FALSE,TRUE,NA,0.7354166666666666
spatial_spd,22101,Latin America,Polar,analysis=spatial_spd|dataset_id=22101|region=Latin America|climatezone=Polar,human,0.0697,0.0266,0.0963,23.37,TRUE,0.412,TRUE,TRUE,TRUE,TRUE,TRUE,FALSE,FALSE,TRUE,NA,0.23373786407766992
spatial_spd,22101,Latin America,Polar,analysis=spatial_spd|dataset_id=22101|region=Latin America|climatezone=Polar,climate,0.2886,0.026599999999999957,0.3152,76.5,TRUE,0.412,TRUE,TRUE,TRUE,TRUE,TRUE,FALSE,FALSE,TRUE,NA,0.7650485436893204
spatial_spd,4479,Europe,Cold_Without_dry_season_Warm_Summer,analysis=spatial_spd|dataset_id=4479|region=Europe|climatezone=Cold_Without_dry_season_Warm_Summer,human,0.0357,0.0213,0.057,16.67,TRUE,0.342,TRUE,TRUE,TRUE,TRUE,TRUE,FALSE,FALSE,TRUE,NA,0.16666666666666666
spatial_spd,4479,Europe,Cold_Without_dry_season_Warm_Summer,analysis=spatial_spd|dataset_id=4479|region=Europe|climatezone=Cold_Without_dry_season_Warm_Summer,climate,0.2638,0.02130000000000004,0.2851,83.36,TRUE,0.342,TRUE,TRUE,TRUE,TRUE,TRUE,FALSE,FALSE,TRUE,NA,0.833625730994152
spatial_spd,4017,Europe,Cold_Without_dry_season_Cold_Summer,analysis=spatial_spd|dataset_id=4017|region=Europe|climatezone=Cold_Without_dry_season_Cold_Summer,human,-0.043,0.0109,-0.0321,-9.97,TRUE,0.322,TRUE,TRUE,TRUE,TRUE,TRUE,TRUE,TRUE,TRUE,NA,-0.0996894409937888
spatial_spd,4017,Europe,Cold_Without_dry_season_Cold_Summer,analysis=spatial_spd|dataset_id=4017|region=Europe|climatezone=Cold_Without_dry_season_Cold_Summer,climate,0.3428,0.010800000000000032,0.3536,109.81,TRUE,0.322,TRUE,TRUE,TRUE,TRUE,TRUE,TRUE,TRUE,TRUE,NA,1.0981366459627329
spatial_spd,2879,North America,Cold_Without_dry_season_Cold_Summer,analysis=spatial_spd|dataset_id=2879|region=North America|climatezone=Cold_Without_dry_season_Cold_Summer,human,0.0804,-0.019200000000000002,0.0612,19.62,TRUE,0.312,TRUE,TRUE,TRUE,TRUE,TRUE,FALSE,FALSE,TRUE,NA,0.19615384615384615
spatial_spd,2879,North America,Cold_Without_dry_season_Cold_Summer,analysis=spatial_spd|dataset_id=2879|region=North America|climatezone=Cold_Without_dry_season_Cold_Summer,climate,0.2704,-0.019199999999999995,0.2512,80.51,TRUE,0.312,TRUE,TRUE,TRUE,TRUE,TRUE,FALSE,FALSE,TRUE,NA,0.805128205128205
spatial_spd,20281,North America,Arid,analysis=spatial_spd|dataset_id=20281|region=North America|climatezone=Arid,human,0.2531,-0.1013,0.1518,58.38,TRUE,0.26,TRUE,TRUE,TRUE,TRUE,TRUE,FALSE,FALSE,TRUE,NA,0.5838461538461538
spatial_spd,20281,North America,Arid,analysis=spatial_spd|dataset_id=20281|region=North America|climatezone=Arid,climate,0.2099,-0.1013,0.1086,41.77,TRUE,0.26,TRUE,TRUE,TRUE,TRUE,TRUE,FALSE,FALSE,TRUE,NA,0.4176923076923077
spatial_spd,19937,North America,Cold_Without_dry_season_Hot_Summer,analysis=spatial_spd|dataset_id=19937|region=North America|climatezone=Cold_Without_dry_season_Hot_Summer,human,-0.0234,0.055900000000000005,0.0325,23.72,TRUE,0.137,TRUE,TRUE,TRUE,TRUE,TRUE,TRUE,FALSE,TRUE,NA,0.23722627737226276
spatial_spd,19937,North America,Cold_Without_dry_season_Hot_Summer,analysis=spatial_spd|dataset_id=19937|region=North America|climatezone=Cold_Without_dry_season_Hot_Summer,climate,0.0489,0.055900000000000005,0.1048,76.5,TRUE,0.137,TRUE,TRUE,TRUE,TRUE,TRUE,TRUE,FALSE,TRUE,NA,0.7649635036496351
spatial_spd,3582,North America,Temperate_Without_dry_season,analysis=spatial_spd|dataset_id=3582|region=North America|climatezone=Temperate_Without_dry_season,human,-0.0449,0.0477,0.0028,0.49,TRUE,0.572,TRUE,TRUE,TRUE,TRUE,TRUE,TRUE,FALSE,TRUE,NA,0.0048951048951048955
spatial_spd,3582,North America,Temperate_Without_dry_season,analysis=spatial_spd|dataset_id=3582|region=North America|climatezone=Temperate_Without_dry_season,climate,0.5215,0.047800000000000065,0.5693,99.53,TRUE,0.572,TRUE,TRUE,TRUE,TRUE,TRUE,TRUE,FALSE,TRUE,NA,0.9952797202797204
spatial_spd,48616,North America,Cold_Without_dry_season_Cold_Summer,analysis=spatial_spd|dataset_id=48616|region=North America|climatezone=Cold_Without_dry_season_Cold_Summer,human,0.1381,-0.037599999999999995,0.1005,24.22,TRUE,0.415,TRUE,TRUE,TRUE,TRUE,TRUE,FALSE,FALSE,TRUE,NA,0.24216867469879522
spatial_spd,48616,North America,Cold_Without_dry_season_Cold_Summer,analysis=spatial_spd|dataset_id=48616|region=North America|climatezone=Cold_Without_dry_season_Cold_Summer,climate,0.3521,-0.03760000000000002,0.3145,75.78,TRUE,0.415,TRUE,TRUE,TRUE,TRUE,TRUE,FALSE,FALSE,TRUE,NA,0.7578313253012049
spatial_spd,40976,North America,Temperate_Dry_Summer,analysis=spatial_spd|dataset_id=40976|region=North America|climatezone=Temperate_Dry_Summer,human,0.0114,0.1016,0.113,54.59,TRUE,0.207,TRUE,TRUE,TRUE,TRUE,TRUE,TRUE,FALSE,TRUE,NA,0.5458937198067634
spatial_spd,40976,North America,Temperate_Dry_Summer,analysis=spatial_spd|dataset_id=40976|region=North America|climatezone=Temperate_Dry_Summer,climate,-0.0078,0.1017,0.0939,45.36,TRUE,0.207,TRUE,TRUE,TRUE,TRUE,TRUE,TRUE,FALSE,TRUE,NA,0.45362318840579713
spatial_spd,19913,Europe,Cold_Without_dry_season_Cold_Summer,analysis=spatial_spd|dataset_id=19913|region=Europe|climatezone=Cold_Without_dry_season_Cold_Summer,human,0.1683,-0.0040000000000000036,0.1643,27.2,TRUE,0.604,TRUE,TRUE,TRUE,TRUE,TRUE,FALSE,FALSE,TRUE,NA,0.2720198675496689
spatial_spd,19913,Europe,Cold_Without_dry_season_Cold_Summer,analysis=spatial_spd|dataset_id=19913|region=Europe|climatezone=Cold_Without_dry_season_Cold_Summer,climate,0.4433,-0.0040000000000000036,0.4393,72.73,TRUE,0.604,TRUE,TRUE,TRUE,TRUE,TRUE,FALSE,FALSE,TRUE,NA,0.727317880794702
spatial_spd,20678,North America,Cold_Dry_Summer,analysis=spatial_spd|dataset_id=20678|region=North America|climatezone=Cold_Dry_Summer,human,0.0562,-0.012200000000000003,0.044,9.8,TRUE,0.449,TRUE,TRUE,TRUE,TRUE,TRUE,FALSE,FALSE,TRUE,NA,0.09799554565701558
spatial_spd,20678,North America,Cold_Dry_Summer,analysis=spatial_spd|dataset_id=20678|region=North America|climatezone=Cold_Dry_Summer,climate,0.4175,-0.012199999999999989,0.4053,90.27,TRUE,0.449,TRUE,TRUE,TRUE,TRUE,TRUE,FALSE,FALSE,TRUE,NA,0.9026726057906459
spatial_spd,15333,North America,Arid,analysis=spatial_spd|dataset_id=15333|region=North America|climatezone=Arid,human,0.2139,-0.04770000000000002,0.1662,122.21,TRUE,0.136,TRUE,TRUE,TRUE,TRUE,TRUE,FALSE,TRUE,TRUE,NA,1.2220588235294116
spatial_spd,15333,North America,Arid,analysis=spatial_spd|dataset_id=15333|region=North America|climatezone=Arid,climate,0.0179,-0.0477,-0.0298,-21.91,TRUE,0.136,TRUE,TRUE,TRUE,TRUE,TRUE,FALSE,TRUE,TRUE,NA,-0.21911764705882353
spatial_spd,497,North America,Cold_Without_dry_season_Hot_Summer,analysis=spatial_spd|dataset_id=497|region=North America|climatezone=Cold_Without_dry_season_Hot_Summer,human,0.0939,-0.026099999999999998,0.0678,14.58,TRUE,0.465,TRUE,TRUE,TRUE,TRUE,TRUE,FALSE,FALSE,TRUE,NA,0.1458064516129032
spatial_spd,497,North America,Cold_Without_dry_season_Hot_Summer,analysis=spatial_spd|dataset_id=497|region=North America|climatezone=Cold_Without_dry_season_Hot_Summer,climate,0.4232,-0.026100000000000012,0.3971,85.4,TRUE,0.465,TRUE,TRUE,TRUE,TRUE,TRUE,FALSE,FALSE,TRUE,NA,0.8539784946236559
spatial_spd,2611,North America,Cold_Dry_Summer,analysis=spatial_spd|dataset_id=2611|region=North America|climatezone=Cold_Dry_Summer,human,0.1013,-0.014100000000000001,0.0872,95.82,TRUE,0.091,TRUE,TRUE,TRUE,TRUE,TRUE,FALSE,FALSE,TRUE,NA,0.9582417582417583
spatial_spd,2611,North America,Cold_Dry_Summer,analysis=spatial_spd|dataset_id=2611|region=North America|climatezone=Cold_Dry_Summer,climate,0.0179,-0.0141,0.0038,4.18,TRUE,0.091,TRUE,TRUE,TRUE,TRUE,TRUE,FALSE,FALSE,TRUE,NA,0.04175824175824176
spatial_spd,1965,North America,Cold_Without_dry_season_Warm_Summer,analysis=spatial_spd|dataset_id=1965|region=North America|climatezone=Cold_Without_dry_season_Warm_Summer,human,0.0937,0.09389999999999998,0.1876,36.64,TRUE,0.512,TRUE,TRUE,TRUE,TRUE,TRUE,FALSE,FALSE,TRUE,NA,0.36640625
spatial_spd,1965,North America,Cold_Without_dry_season_Warm_Summer,analysis=spatial_spd|dataset_id=1965|region=North America|climatezone=Cold_Without_dry_season_Warm_Summer,climate,0.2303,0.09389999999999998,0.3242,63.32,TRUE,0.512,TRUE,TRUE,TRUE,TRUE,TRUE,FALSE,FALSE,TRUE,NA,0.633203125
spatial_spd,1703,North America,Cold_Without_dry_season_Warm_Summer,analysis=spatial_spd|dataset_id=1703|region=North America|climatezone=Cold_Without_dry_season_Warm_Summer,human,0.1251,-0.07859999999999999,0.0465,7.28,TRUE,0.639,TRUE,TRUE,TRUE,TRUE,TRUE,FALSE,FALSE,TRUE,NA,0.07276995305164319
spatial_spd,1703,North America,Cold_Without_dry_season_Warm_Summer,analysis=spatial_spd|dataset_id=1703|region=North America|climatezone=Cold_Without_dry_season_Warm_Summer,climate,0.6709,-0.0787000000000001,0.5922,92.68,TRUE,0.639,TRUE,TRUE,TRUE,TRUE,TRUE,FALSE,FALSE,TRUE,NA,0.9267605633802816
spatial_spd,2011,North America,Cold_Without_dry_season_Warm_Summer,analysis=spatial_spd|dataset_id=2011|region=North America|climatezone=Cold_Without_dry_season_Warm_Summer,human,0.0172,0.0419,0.0591,15.04,TRUE,0.393,TRUE,TRUE,TRUE,TRUE,TRUE,FALSE,FALSE,TRUE,NA,0.15038167938931296
spatial_spd,2011,North America,Cold_Without_dry_season_Warm_Summer,analysis=spatial_spd|dataset_id=2011|region=North America|climatezone=Cold_Without_dry_season_Warm_Summer,climate,0.2921,0.04199999999999998,0.3341,85.01,TRUE,0.393,TRUE,TRUE,TRUE,TRUE,TRUE,FALSE,FALSE,TRUE,NA,0.8501272264631043
spatial_spd,40988,North America,Cold_Without_dry_season_Warm_Summer,analysis=spatial_spd|dataset_id=40988|region=North America|climatezone=Cold_Without_dry_season_Warm_Summer,human,0.0618,0.0741,0.1359,26.49,TRUE,0.513,TRUE,TRUE,TRUE,TRUE,TRUE,FALSE,FALSE,TRUE,NA,0.2649122807017544
spatial_spd,40988,North America,Cold_Without_dry_season_Warm_Summer,analysis=spatial_spd|dataset_id=40988|region=North America|climatezone=Cold_Without_dry_season_Warm_Summer,climate,0.3027,0.0741,0.3768,73.45,TRUE,0.513,TRUE,TRUE,TRUE,TRUE,TRUE,FALSE,FALSE,TRUE,NA,0.7345029239766082
spatial_spd,14110,Europe,Temperate_Without_dry_season,analysis=spatial_spd|dataset_id=14110|region=Europe|climatezone=Temperate_Without_dry_season,human,0.1029,0.13040000000000002,0.2333,50.94,TRUE,0.458,TRUE,TRUE,TRUE,TRUE,TRUE,FALSE,FALSE,TRUE,NA,0.5093886462882096
spatial_spd,14110,Europe,Temperate_Without_dry_season,analysis=spatial_spd|dataset_id=14110|region=Europe|climatezone=Temperate_Without_dry_season,climate,0.0946,0.13040000000000002,0.225,49.13,TRUE,0.458,TRUE,TRUE,TRUE,TRUE,TRUE,FALSE,FALSE,TRUE,NA,0.4912663755458515
spatial_spd,2576,North America,Cold_Without_dry_season_Warm_Summer,analysis=spatial_spd|dataset_id=2576|region=North America|climatezone=Cold_Without_dry_season_Warm_Summer,human,0.1896,-0.03359999999999999,0.156,169.57,TRUE,0.092,TRUE,TRUE,TRUE,TRUE,TRUE,TRUE,TRUE,TRUE,NA,1.6956521739130435
spatial_spd,2576,North America,Cold_Without_dry_season_Warm_Summer,analysis=spatial_spd|dataset_id=2576|region=North America|climatezone=Cold_Without_dry_season_Warm_Summer,climate,-0.0309,-0.033600000000000005,-0.0645,-70.11,TRUE,0.092,TRUE,TRUE,TRUE,TRUE,TRUE,TRUE,TRUE,TRUE,NA,-0.7010869565217391
spatial_spd,41485,Europe,Temperate_Without_dry_season,analysis=spatial_spd|dataset_id=41485|region=Europe|climatezone=Temperate_Without_dry_season,human,0.0564,0.11499999999999999,0.1714,28.66,TRUE,0.598,TRUE,TRUE,TRUE,TRUE,TRUE,FALSE,FALSE,TRUE,NA,0.2866220735785953
spatial_spd,41485,Europe,Temperate_Without_dry_season,analysis=spatial_spd|dataset_id=41485|region=Europe|climatezone=Temperate_Without_dry_season,climate,0.3118,0.11499999999999999,0.4268,71.37,TRUE,0.598,TRUE,TRUE,TRUE,TRUE,TRUE,FALSE,FALSE,TRUE,NA,0.7137123745819398
spatial_spd,15866,North America,Cold_Without_dry_season_Warm_Summer,analysis=spatial_spd|dataset_id=15866|region=North America|climatezone=Cold_Without_dry_season_Warm_Summer,human,0.0429,-0.004299999999999998,0.0386,13.74,TRUE,0.281,TRUE,TRUE,TRUE,TRUE,TRUE,FALSE,FALSE,TRUE,NA,0.13736654804270462
spatial_spd,15866,North America,Cold_Without_dry_season_Warm_Summer,analysis=spatial_spd|dataset_id=15866|region=North America|climatezone=Cold_Without_dry_season_Warm_Summer,climate,0.2469,-0.004200000000000009,0.2427,86.37,TRUE,0.281,TRUE,TRUE,TRUE,TRUE,TRUE,FALSE,FALSE,TRUE,NA,0.8637010676156582
spatial_spd,48633,Latin America,Temperate_Without_dry_season,analysis=spatial_spd|dataset_id=48633|region=Latin America|climatezone=Temperate_Without_dry_season,human,0.0592,0.0698,0.129,46.4,TRUE,0.278,TRUE,TRUE,TRUE,TRUE,TRUE,FALSE,FALSE,TRUE,NA,0.4640287769784172
spatial_spd,48633,Latin America,Temperate_Without_dry_season,analysis=spatial_spd|dataset_id=48633|region=Latin America|climatezone=Temperate_Without_dry_season,climate,0.0795,0.06979999999999999,0.1493,53.71,TRUE,0.278,TRUE,TRUE,TRUE,TRUE,TRUE,FALSE,FALSE,TRUE,NA,0.5370503597122301
spatial_spd,41762,North America,Cold_Without_dry_season_Warm_Summer,analysis=spatial_spd|dataset_id=41762|region=North America|climatezone=Cold_Without_dry_season_Warm_Summer,human,0.1186,-0.0121,0.1065,23.93,TRUE,0.445,TRUE,TRUE,TRUE,TRUE,TRUE,FALSE,FALSE,TRUE,NA,0.2393258426966292
spatial_spd,41762,North America,Cold_Without_dry_season_Warm_Summer,analysis=spatial_spd|dataset_id=41762|region=North America|climatezone=Cold_Without_dry_season_Warm_Summer,climate,0.3502,-0.0121,0.3381,75.98,TRUE,0.445,TRUE,TRUE,TRUE,TRUE,TRUE,FALSE,FALSE,TRUE,NA,0.7597752808988765
spatial_spd,22786,Europe,Cold_Without_dry_season_Cold_Summer,analysis=spatial_spd|dataset_id=22786|region=Europe|climatezone=Cold_Without_dry_season_Cold_Summer,human,0.0944,-0.0511,0.0433,7.1,TRUE,0.61,TRUE,TRUE,TRUE,TRUE,TRUE,FALSE,FALSE,TRUE,NA,0.07098360655737705
spatial_spd,22786,Europe,Cold_Without_dry_season_Cold_Summer,analysis=spatial_spd|dataset_id=22786|region=Europe|climatezone=Cold_Without_dry_season_Cold_Summer,climate,0.6175,-0.051100000000000034,0.5664,92.85,TRUE,0.61,TRUE,TRUE,TRUE,TRUE,TRUE,FALSE,FALSE,TRUE,NA,0.9285245901639345
spatial_spd,14498,North America,Cold_Without_dry_season_Cold_Summer,analysis=spatial_spd|dataset_id=14498|region=North America|climatezone=Cold_Without_dry_season_Cold_Summer,human,0.0586,-0.022199999999999998,0.0364,13.48,TRUE,0.27,TRUE,TRUE,TRUE,TRUE,TRUE,FALSE,FALSE,TRUE,NA,0.1348148148148148
spatial_spd,14498,North America,Cold_Without_dry_season_Cold_Summer,analysis=spatial_spd|dataset_id=14498|region=North America|climatezone=Cold_Without_dry_season_Cold_Summer,climate,0.2555,-0.02210000000000001,0.2334,86.44,TRUE,0.27,TRUE,TRUE,TRUE,TRUE,TRUE,FALSE,FALSE,TRUE,NA,0.8644444444444443
spatial_spd,24089,Europe,Cold_Without_dry_season_Warm_Summer,analysis=spatial_spd|dataset_id=24089|region=Europe|climatezone=Cold_Without_dry_season_Warm_Summer,human,-0.0033,0.029400000000000003,0.0261,4.07,TRUE,0.642,TRUE,TRUE,TRUE,TRUE,TRUE,TRUE,FALSE,TRUE,NA,0.04065420560747664
spatial_spd,24089,Europe,Cold_Without_dry_season_Warm_Summer,analysis=spatial_spd|dataset_id=24089|region=Europe|climatezone=Cold_Without_dry_season_Warm_Summer,climate,0.5868,0.02939999999999998,0.6162,95.98,TRUE,0.642,TRUE,TRUE,TRUE,TRUE,TRUE,TRUE,FALSE,TRUE,NA,0.9598130841121495
spatial_spd,688,North America,Polar,analysis=spatial_spd|dataset_id=688|region=North America|climatezone=Polar,human,0.0764,-0.0321,0.0443,22.6,TRUE,0.196,TRUE,TRUE,TRUE,TRUE,TRUE,FALSE,FALSE,TRUE,NA,0.2260204081632653
spatial_spd,688,North America,Polar,analysis=spatial_spd|dataset_id=688|region=North America|climatezone=Polar,climate,0.1839,-0.03210000000000002,0.1518,77.45,TRUE,0.196,TRUE,TRUE,TRUE,TRUE,TRUE,FALSE,FALSE,TRUE,NA,0.7744897959183673
spatial_spd,20304,North America,Cold_Without_dry_season_Cold_Summer,analysis=spatial_spd|dataset_id=20304|region=North America|climatezone=Cold_Without_dry_season_Cold_Summer,human,-2e-4,-0.026000000000000002,-0.0262,-8.14,TRUE,0.322,TRUE,TRUE,TRUE,TRUE,TRUE,TRUE,TRUE,TRUE,NA,-0.08136645962732919
spatial_spd,20304,North America,Cold_Without_dry_season_Cold_Summer,analysis=spatial_spd|dataset_id=20304|region=North America|climatezone=Cold_Without_dry_season_Cold_Summer,climate,0.3739,-0.026000000000000023,0.3479,108.04,TRUE,0.322,TRUE,TRUE,TRUE,TRUE,TRUE,TRUE,TRUE,TRUE,NA,1.0804347826086955
spatial_spd,45698,Europe,Cold_Without_dry_season_Cold_Summer,analysis=spatial_spd|dataset_id=45698|region=Europe|climatezone=Cold_Without_dry_season_Cold_Summer,human,0.4191,-0.043399999999999994,0.3757,96.33,TRUE,0.39,TRUE,TRUE,TRUE,TRUE,TRUE,FALSE,FALSE,TRUE,NA,0.9633333333333333
spatial_spd,45698,Europe,Cold_Without_dry_season_Cold_Summer,analysis=spatial_spd|dataset_id=45698|region=Europe|climatezone=Cold_Without_dry_season_Cold_Summer,climate,0.0574,-0.0434,0.014,3.59,TRUE,0.39,TRUE,TRUE,TRUE,TRUE,TRUE,FALSE,FALSE,TRUE,NA,0.035897435897435895
spatial_spd,1654,Latin America,Polar,analysis=spatial_spd|dataset_id=1654|region=Latin America|climatezone=Polar,human,0.0315,-0.012900000000000002,0.0186,5.41,TRUE,0.344,TRUE,TRUE,TRUE,TRUE,TRUE,FALSE,FALSE,TRUE,NA,0.05406976744186046
spatial_spd,1654,Latin America,Polar,analysis=spatial_spd|dataset_id=1654|region=Latin America|climatezone=Polar,climate,0.3385,-0.012900000000000023,0.3256,94.65,TRUE,0.344,TRUE,TRUE,TRUE,TRUE,TRUE,FALSE,FALSE,TRUE,NA,0.9465116279069768
spatial_spd,21708,Latin America,Temperate_Dry_Summer,analysis=spatial_spd|dataset_id=21708|region=Latin America|climatezone=Temperate_Dry_Summer,human,0.0592,0.05399999999999999,0.1132,34.2,TRUE,0.331,TRUE,TRUE,TRUE,TRUE,TRUE,FALSE,FALSE,TRUE,NA,0.3419939577039275
spatial_spd,21708,Latin America,Temperate_Dry_Summer,analysis=spatial_spd|dataset_id=21708|region=Latin America|climatezone=Temperate_Dry_Summer,climate,0.1636,0.05399999999999999,0.2176,65.74,TRUE,0.331,TRUE,TRUE,TRUE,TRUE,TRUE,FALSE,FALSE,TRUE,NA,0.6574018126888217
spatial_spd,1902,North America,Cold_Dry_Summer,analysis=spatial_spd|dataset_id=1902|region=North America|climatezone=Cold_Dry_Summer,human,0.2319,0.1347,0.3666,70.23,TRUE,0.522,TRUE,TRUE,TRUE,TRUE,TRUE,FALSE,FALSE,TRUE,NA,0.7022988505747125
spatial_spd,1902,North America,Cold_Dry_Summer,analysis=spatial_spd|dataset_id=1902|region=North America|climatezone=Cold_Dry_Summer,climate,0.0204,0.1347,0.1551,29.71,TRUE,0.522,TRUE,TRUE,TRUE,TRUE,TRUE,FALSE,FALSE,TRUE,NA,0.29712643678160916
spatial_spd,24996,Europe,Cold_Without_dry_season_Cold_Summer,analysis=spatial_spd|dataset_id=24996|region=Europe|climatezone=Cold_Without_dry_season_Cold_Summer,human,0.0664,0.039599999999999996,0.106,16.26,TRUE,0.652,TRUE,TRUE,TRUE,TRUE,TRUE,FALSE,FALSE,TRUE,NA,0.1625766871165644
spatial_spd,24996,Europe,Cold_Without_dry_season_Cold_Summer,analysis=spatial_spd|dataset_id=24996|region=Europe|climatezone=Cold_Without_dry_season_Cold_Summer,climate,0.5067,0.03959999999999997,0.5463,83.79,TRUE,0.652,TRUE,TRUE,TRUE,TRUE,TRUE,FALSE,FALSE,TRUE,NA,0.8378834355828221
spatial_spd,821,North America,Cold_Without_dry_season_Warm_Summer,analysis=spatial_spd|dataset_id=821|region=North America|climatezone=Cold_Without_dry_season_Warm_Summer,human,0.0213,0.015199999999999998,0.0365,7.54,TRUE,0.484,TRUE,TRUE,TRUE,TRUE,TRUE,FALSE,FALSE,TRUE,NA,0.07541322314049587
spatial_spd,821,North America,Cold_Without_dry_season_Warm_Summer,analysis=spatial_spd|dataset_id=821|region=North America|climatezone=Cold_Without_dry_season_Warm_Summer,climate,0.4324,0.015199999999999991,0.4476,92.48,TRUE,0.484,TRUE,TRUE,TRUE,TRUE,TRUE,FALSE,FALSE,TRUE,NA,0.9247933884297521
spatial_spd,22047,Latin America,Temperate_Without_dry_season,analysis=spatial_spd|dataset_id=22047|region=Latin America|climatezone=Temperate_Without_dry_season,human,-0.0355,0.1708,0.1353,44.8,TRUE,0.302,TRUE,TRUE,TRUE,TRUE,TRUE,TRUE,FALSE,TRUE,NA,0.44801324503311263
spatial_spd,22047,Latin America,Temperate_Without_dry_season,analysis=spatial_spd|dataset_id=22047|region=Latin America|climatezone=Temperate_Without_dry_season,climate,-0.0038,0.1707,0.1669,55.26,TRUE,0.302,TRUE,TRUE,TRUE,TRUE,TRUE,TRUE,FALSE,TRUE,NA,0.5526490066225166
spatial_spd,20050,Europe,Cold_Without_dry_season_Cold_Summer,analysis=spatial_spd|dataset_id=20050|region=Europe|climatezone=Cold_Without_dry_season_Cold_Summer,human,0.0225,0.0011999999999999997,0.0237,9.92,TRUE,0.239,TRUE,TRUE,TRUE,TRUE,TRUE,FALSE,FALSE,TRUE,NA,0.099163179916318
spatial_spd,20050,Europe,Cold_Without_dry_season_Cold_Summer,analysis=spatial_spd|dataset_id=20050|region=Europe|climatezone=Cold_Without_dry_season_Cold_Summer,climate,0.2138,0.0012000000000000066,0.215,89.96,TRUE,0.239,TRUE,TRUE,TRUE,TRUE,TRUE,FALSE,FALSE,TRUE,NA,0.8995815899581591
spatial_spd,45351,Europe,Cold_Without_dry_season_Cold_Summer,analysis=spatial_spd|dataset_id=45351|region=Europe|climatezone=Cold_Without_dry_season_Cold_Summer,human,0.0413,-0.016400000000000005,0.0249,6,TRUE,0.415,TRUE,TRUE,TRUE,TRUE,TRUE,FALSE,FALSE,TRUE,NA,0.06
spatial_spd,45351,Europe,Cold_Without_dry_season_Cold_Summer,analysis=spatial_spd|dataset_id=45351|region=Europe|climatezone=Cold_Without_dry_season_Cold_Summer,climate,0.4062,-0.016400000000000026,0.3898,93.93,TRUE,0.415,TRUE,TRUE,TRUE,TRUE,TRUE,FALSE,FALSE,TRUE,NA,0.9392771084337349
spatial_spd,2050,North America,Cold_Without_dry_season_Cold_Summer,analysis=spatial_spd|dataset_id=2050|region=North America|climatezone=Cold_Without_dry_season_Cold_Summer,human,-0.04,0.0764,0.0364,9.29,TRUE,0.392,TRUE,TRUE,TRUE,TRUE,TRUE,TRUE,FALSE,TRUE,NA,0.09285714285714286
spatial_spd,2050,North America,Cold_Without_dry_season_Cold_Summer,analysis=spatial_spd|dataset_id=2050|region=North America|climatezone=Cold_Without_dry_season_Cold_Summer,climate,0.2793,0.07640000000000002,0.3557,90.74,TRUE,0.392,TRUE,TRUE,TRUE,TRUE,TRUE,TRUE,FALSE,TRUE,NA,0.9073979591836735
spatial_spd,22805,Europe,Temperate_Without_dry_season,analysis=spatial_spd|dataset_id=22805|region=Europe|climatezone=Temperate_Without_dry_season,human,0.1552,-0.031,0.1242,29.09,TRUE,0.427,TRUE,TRUE,TRUE,TRUE,TRUE,FALSE,FALSE,TRUE,NA,0.2908665105386417
spatial_spd,22805,Europe,Temperate_Without_dry_season,analysis=spatial_spd|dataset_id=22805|region=Europe|climatezone=Temperate_Without_dry_season,climate,0.3338,-0.03109999999999996,0.3027,70.89,TRUE,0.427,TRUE,TRUE,TRUE,TRUE,TRUE,FALSE,FALSE,TRUE,NA,0.7088992974238877
spatial_spd,1890,North America,Cold_Without_dry_season_Cold_Summer,analysis=spatial_spd|dataset_id=1890|region=North America|climatezone=Cold_Without_dry_season_Cold_Summer,human,-0.0122,0.057600000000000005,0.0454,9.96,TRUE,0.456,TRUE,TRUE,TRUE,TRUE,TRUE,TRUE,FALSE,TRUE,NA,0.09956140350877193
spatial_spd,1890,North America,Cold_Without_dry_season_Cold_Summer,analysis=spatial_spd|dataset_id=1890|region=North America|climatezone=Cold_Without_dry_season_Cold_Summer,climate,0.3534,0.057599999999999985,0.411,90.13,TRUE,0.456,TRUE,TRUE,TRUE,TRUE,TRUE,TRUE,FALSE,TRUE,NA,0.9013157894736842
spatial_spd,2588,North America,Cold_Without_dry_season_Cold_Summer,analysis=spatial_spd|dataset_id=2588|region=North America|climatezone=Cold_Without_dry_season_Cold_Summer,human,-0.0023,0.0697,0.0674,22.93,TRUE,0.294,TRUE,TRUE,TRUE,TRUE,TRUE,TRUE,FALSE,TRUE,NA,0.22925170068027212
spatial_spd,2588,North America,Cold_Without_dry_season_Cold_Summer,analysis=spatial_spd|dataset_id=2588|region=North America|climatezone=Cold_Without_dry_season_Cold_Summer,climate,0.1564,0.06969999999999998,0.2261,76.9,TRUE,0.294,TRUE,TRUE,TRUE,TRUE,TRUE,TRUE,FALSE,TRUE,NA,0.7690476190476191
spatial_spd,14803,North America,Cold_Without_dry_season_Cold_Summer,analysis=spatial_spd|dataset_id=14803|region=North America|climatezone=Cold_Without_dry_season_Cold_Summer,human,-0.0208,0.0771,0.0563,15.42,TRUE,0.365,TRUE,TRUE,TRUE,TRUE,TRUE,TRUE,FALSE,TRUE,NA,0.15424657534246577
spatial_spd,14803,North America,Cold_Without_dry_season_Cold_Summer,analysis=spatial_spd|dataset_id=14803|region=North America|climatezone=Cold_Without_dry_season_Cold_Summer,climate,0.2316,0.07709999999999997,0.3087,84.58,TRUE,0.365,TRUE,TRUE,TRUE,TRUE,TRUE,TRUE,FALSE,TRUE,NA,0.8457534246575342
spatial_spd,15413,North America,Cold_Dry_Summer,analysis=spatial_spd|dataset_id=15413|region=North America|climatezone=Cold_Dry_Summer,human,-0.0478,0.0456,-0.0022,-0.54,TRUE,0.406,TRUE,TRUE,TRUE,TRUE,TRUE,TRUE,TRUE,TRUE,NA,-0.00541871921182266
spatial_spd,15413,North America,Cold_Dry_Summer,analysis=spatial_spd|dataset_id=15413|region=North America|climatezone=Cold_Dry_Summer,climate,0.3621,0.04570000000000002,0.4078,100.44,TRUE,0.406,TRUE,TRUE,TRUE,TRUE,TRUE,TRUE,TRUE,TRUE,NA,1.0044334975369458
spatial_spd,4555,Europe,Cold_Without_dry_season_Cold_Summer,analysis=spatial_spd|dataset_id=4555|region=Europe|climatezone=Cold_Without_dry_season_Cold_Summer,human,0.08,-0.0203,0.0597,19.32,TRUE,0.309,TRUE,TRUE,TRUE,TRUE,TRUE,FALSE,FALSE,TRUE,NA,0.19320388349514564
spatial_spd,4555,Europe,Cold_Without_dry_season_Cold_Summer,analysis=spatial_spd|dataset_id=4555|region=Europe|climatezone=Cold_Without_dry_season_Cold_Summer,climate,0.2698,-0.020299999999999985,0.2495,80.74,TRUE,0.309,TRUE,TRUE,TRUE,TRUE,TRUE,FALSE,FALSE,TRUE,NA,0.8074433656957929
spatial_spd,48982,Europe,Cold_Without_dry_season_Cold_Summer,analysis=spatial_spd|dataset_id=48982|region=Europe|climatezone=Cold_Without_dry_season_Cold_Summer,human,0.0744,-0.008899999999999991,0.0655,21.27,TRUE,0.308,TRUE,TRUE,TRUE,TRUE,TRUE,FALSE,FALSE,TRUE,NA,0.21266233766233766
spatial_spd,48982,Europe,Cold_Without_dry_season_Cold_Summer,analysis=spatial_spd|dataset_id=48982|region=Europe|climatezone=Cold_Without_dry_season_Cold_Summer,climate,0.2519,-0.008900000000000019,0.243,78.9,TRUE,0.308,TRUE,TRUE,TRUE,TRUE,TRUE,FALSE,FALSE,TRUE,NA,0.788961038961039
spatial_spd,343,North America,Cold_Dry_Summer,analysis=spatial_spd|dataset_id=343|region=North America|climatezone=Cold_Dry_Summer,human,-0.0316,-0.004299999999999998,-0.0359,-42.24,TRUE,0.085,TRUE,TRUE,TRUE,TRUE,TRUE,TRUE,TRUE,TRUE,NA,-0.4223529411764706
spatial_spd,343,North America,Cold_Dry_Summer,analysis=spatial_spd|dataset_id=343|region=North America|climatezone=Cold_Dry_Summer,climate,0.1253,-0.004299999999999998,0.121,142.35,TRUE,0.085,TRUE,TRUE,TRUE,TRUE,TRUE,TRUE,TRUE,TRUE,NA,1.4235294117647057
spatial_spd,2025,North America,Cold_Without_dry_season_Cold_Summer,analysis=spatial_spd|dataset_id=2025|region=North America|climatezone=Cold_Without_dry_season_Cold_Summer,human,-0.0114,0.0424,0.031,5.84,TRUE,0.531,TRUE,TRUE,TRUE,TRUE,TRUE,TRUE,FALSE,TRUE,NA,0.0583804143126177
spatial_spd,2025,North America,Cold_Without_dry_season_Cold_Summer,analysis=spatial_spd|dataset_id=2025|region=North America|climatezone=Cold_Without_dry_season_Cold_Summer,climate,0.4575,0.04239999999999999,0.4999,94.14,TRUE,0.531,TRUE,TRUE,TRUE,TRUE,TRUE,TRUE,FALSE,TRUE,NA,0.9414312617702448
spatial_spd,24048,Europe,Polar,analysis=spatial_spd|dataset_id=24048|region=Europe|climatezone=Polar,human,0.0441,0.030600000000000002,0.0747,43.94,TRUE,0.17,TRUE,TRUE,TRUE,TRUE,TRUE,FALSE,FALSE,TRUE,NA,0.43941176470588234
spatial_spd,24048,Europe,Polar,analysis=spatial_spd|dataset_id=24048|region=Europe|climatezone=Polar,climate,0.0644,0.030600000000000002,0.095,55.88,TRUE,0.17,TRUE,TRUE,TRUE,TRUE,TRUE,FALSE,FALSE,TRUE,NA,0.5588235294117647
spatial_spd,1003,North America,Cold_Dry_Summer,analysis=spatial_spd|dataset_id=1003|region=North America|climatezone=Cold_Dry_Summer,human,-0.0364,0.06,0.0236,8.03,TRUE,0.294,TRUE,TRUE,TRUE,TRUE,TRUE,TRUE,FALSE,TRUE,NA,0.08027210884353742
spatial_spd,1003,North America,Cold_Dry_Summer,analysis=spatial_spd|dataset_id=1003|region=North America|climatezone=Cold_Dry_Summer,climate,0.2108,0.06009999999999999,0.2709,92.14,TRUE,0.294,TRUE,TRUE,TRUE,TRUE,TRUE,TRUE,FALSE,TRUE,NA,0.9214285714285714
spatial_spd,3563,North America,Cold_Without_dry_season_Hot_Summer,analysis=spatial_spd|dataset_id=3563|region=North America|climatezone=Cold_Without_dry_season_Hot_Summer,human,0.0049,0.024,0.0289,12.51,TRUE,0.231,TRUE,TRUE,TRUE,TRUE,TRUE,FALSE,FALSE,TRUE,NA,0.12510822510822509
spatial_spd,3563,North America,Cold_Without_dry_season_Hot_Summer,analysis=spatial_spd|dataset_id=3563|region=North America|climatezone=Cold_Without_dry_season_Hot_Summer,climate,0.1785,0.02400000000000002,0.2025,87.66,TRUE,0.231,TRUE,TRUE,TRUE,TRUE,TRUE,FALSE,FALSE,TRUE,NA,0.8766233766233766
spatial_spd,46292,North America,Cold_Without_dry_season_Warm_Summer,analysis=spatial_spd|dataset_id=46292|region=North America|climatezone=Cold_Without_dry_season_Warm_Summer,human,-0.0055,-0.0327,-0.0382,-7.62,TRUE,0.501,TRUE,TRUE,TRUE,TRUE,TRUE,TRUE,TRUE,TRUE,NA,-0.07624750499001996
spatial_spd,46292,North America,Cold_Without_dry_season_Warm_Summer,analysis=spatial_spd|dataset_id=46292|region=North America|climatezone=Cold_Without_dry_season_Warm_Summer,climate,0.5722,-0.03270000000000006,0.5395,107.68,TRUE,0.501,TRUE,TRUE,TRUE,TRUE,TRUE,TRUE,TRUE,TRUE,NA,1.0768463073852295
spatial_spd,834,North America,Cold_Without_dry_season_Cold_Summer,analysis=spatial_spd|dataset_id=834|region=North America|climatezone=Cold_Without_dry_season_Cold_Summer,human,-0.0413,0.1962,0.1549,24.32,TRUE,0.637,TRUE,TRUE,TRUE,TRUE,TRUE,TRUE,FALSE,TRUE,NA,0.24317111459968604
spatial_spd,834,North America,Cold_Without_dry_season_Cold_Summer,analysis=spatial_spd|dataset_id=834|region=North America|climatezone=Cold_Without_dry_season_Cold_Summer,climate,0.2856,0.19619999999999999,0.4818,75.64,TRUE,0.637,TRUE,TRUE,TRUE,TRUE,TRUE,TRUE,FALSE,TRUE,NA,0.7563579277864992
spatial_spd,20279,Europe,Polar,analysis=spatial_spd|dataset_id=20279|region=Europe|climatezone=Polar,human,0.1369,6.000000000000172e-4,0.1375,26.7,TRUE,0.515,TRUE,TRUE,TRUE,TRUE,TRUE,FALSE,FALSE,TRUE,NA,0.2669902912621359
spatial_spd,20279,Europe,Polar,analysis=spatial_spd|dataset_id=20279|region=Europe|climatezone=Polar,climate,0.3771,7.000000000000339e-4,0.3778,73.36,TRUE,0.515,TRUE,TRUE,TRUE,TRUE,TRUE,FALSE,FALSE,TRUE,NA,0.7335922330097088
spatial_spd,20012,Europe,Temperate_Without_dry_season,analysis=spatial_spd|dataset_id=20012|region=Europe|climatezone=Temperate_Without_dry_season,human,0.2305,-0.0199,0.2106,105.83,TRUE,0.199,TRUE,TRUE,TRUE,TRUE,TRUE,FALSE,TRUE,TRUE,NA,1.0582914572864321
spatial_spd,20012,Europe,Temperate_Without_dry_season,analysis=spatial_spd|dataset_id=20012|region=Europe|climatezone=Temperate_Without_dry_season,climate,0.0084,-0.0199,-0.0115,-5.78,TRUE,0.199,TRUE,TRUE,TRUE,TRUE,TRUE,FALSE,TRUE,TRUE,NA,-0.057788944723618084
spatial_spd,24080,Europe,Cold_Without_dry_season_Cold_Summer,analysis=spatial_spd|dataset_id=24080|region=Europe|climatezone=Cold_Without_dry_season_Cold_Summer,human,-0.0144,0.0235,0.0091,2.26,TRUE,0.403,TRUE,TRUE,TRUE,TRUE,TRUE,TRUE,FALSE,TRUE,NA,0.02258064516129032
spatial_spd,24080,Europe,Cold_Without_dry_season_Cold_Summer,analysis=spatial_spd|dataset_id=24080|region=Europe|climatezone=Cold_Without_dry_season_Cold_Summer,climate,0.3707,0.023400000000000032,0.3941,97.79,TRUE,0.403,TRUE,TRUE,TRUE,TRUE,TRUE,TRUE,FALSE,TRUE,NA,0.9779156327543423
spatial_spd,279,North America,Cold_Without_dry_season_Warm_Summer,analysis=spatial_spd|dataset_id=279|region=North America|climatezone=Cold_Without_dry_season_Warm_Summer,human,-0.0216,0.0082,-0.0134,-335,TRUE,0.004,TRUE,TRUE,TRUE,TRUE,TRUE,TRUE,TRUE,TRUE,NA,-3.35
spatial_spd,279,North America,Cold_Without_dry_season_Warm_Summer,analysis=spatial_spd|dataset_id=279|region=North America|climatezone=Cold_Without_dry_season_Warm_Summer,climate,0.0096,0.0082,0.0178,445,TRUE,0.004,TRUE,TRUE,TRUE,TRUE,TRUE,TRUE,TRUE,TRUE,NA,4.45
spatial_spd,2004,North America,Cold_Without_dry_season_Cold_Summer,analysis=spatial_spd|dataset_id=2004|region=North America|climatezone=Cold_Without_dry_season_Cold_Summer,human,-0.0076,0.052500000000000005,0.0449,7.84,TRUE,0.573,TRUE,TRUE,TRUE,TRUE,TRUE,TRUE,FALSE,TRUE,NA,0.07835951134380455
spatial_spd,2004,North America,Cold_Without_dry_season_Cold_Summer,analysis=spatial_spd|dataset_id=2004|region=North America|climatezone=Cold_Without_dry_season_Cold_Summer,climate,0.4751,0.052499999999999936,0.5276,92.08,TRUE,0.573,TRUE,TRUE,TRUE,TRUE,TRUE,TRUE,FALSE,TRUE,NA,0.9207678883071553
spatial_spd,15101,Latin America,Temperate_Dry_Summer,analysis=spatial_spd|dataset_id=15101|region=Latin America|climatezone=Temperate_Dry_Summer,human,-0.048,-0.0030999999999999986,-0.0511,-24.1,TRUE,0.212,TRUE,TRUE,TRUE,TRUE,TRUE,TRUE,TRUE,TRUE,NA,-0.2410377358490566
spatial_spd,15101,Latin America,Temperate_Dry_Summer,analysis=spatial_spd|dataset_id=15101|region=Latin America|climatezone=Temperate_Dry_Summer,climate,0.2663,-0.0030000000000000027,0.2633,124.2,TRUE,0.212,TRUE,TRUE,TRUE,TRUE,TRUE,TRUE,TRUE,TRUE,NA,1.2419811320754717
spatial_spd,3774,North America,Cold_Without_dry_season_Warm_Summer,analysis=spatial_spd|dataset_id=3774|region=North America|climatezone=Cold_Without_dry_season_Warm_Summer,human,0.0082,0.0284,0.0366,10.17,TRUE,0.36,TRUE,TRUE,TRUE,TRUE,TRUE,FALSE,FALSE,TRUE,NA,0.10166666666666667
spatial_spd,3774,North America,Cold_Without_dry_season_Warm_Summer,analysis=spatial_spd|dataset_id=3774|region=North America|climatezone=Cold_Without_dry_season_Warm_Summer,climate,0.2954,0.02839999999999998,0.3238,89.94,TRUE,0.36,TRUE,TRUE,TRUE,TRUE,TRUE,FALSE,FALSE,TRUE,NA,0.8994444444444444
spatial_spd,15967,North America,Cold_Dry_Summer,analysis=spatial_spd|dataset_id=15967|region=North America|climatezone=Cold_Dry_Summer,human,0.2441,0.0305,0.2746,73.62,TRUE,0.373,TRUE,TRUE,TRUE,TRUE,TRUE,FALSE,FALSE,TRUE,NA,0.7361930294906166
spatial_spd,15967,North America,Cold_Dry_Summer,analysis=spatial_spd|dataset_id=15967|region=North America|climatezone=Cold_Dry_Summer,climate,0.0683,0.0305,0.0988,26.49,TRUE,0.373,TRUE,TRUE,TRUE,TRUE,TRUE,FALSE,FALSE,TRUE,NA,0.2648793565683646
spatial_spd,1607,North America,Cold_Without_dry_season_Warm_Summer,analysis=spatial_spd|dataset_id=1607|region=North America|climatezone=Cold_Without_dry_season_Warm_Summer,human,-0.0175,0.078,0.0605,14.2,TRUE,0.426,TRUE,TRUE,TRUE,TRUE,TRUE,TRUE,FALSE,TRUE,NA,0.142018779342723
spatial_spd,1607,North America,Cold_Without_dry_season_Warm_Summer,analysis=spatial_spd|dataset_id=1607|region=North America|climatezone=Cold_Without_dry_season_Warm_Summer,climate,0.2876,0.07799999999999996,0.3656,85.82,TRUE,0.426,TRUE,TRUE,TRUE,TRUE,TRUE,TRUE,FALSE,TRUE,NA,0.8582159624413145
spatial_spd,17336,Europe,Temperate_Without_dry_season,analysis=spatial_spd|dataset_id=17336|region=Europe|climatezone=Temperate_Without_dry_season,human,0.0652,0.1809,0.2461,47.15,TRUE,0.522,TRUE,TRUE,TRUE,TRUE,TRUE,FALSE,FALSE,TRUE,NA,0.471455938697318
spatial_spd,17336,Europe,Temperate_Without_dry_season,analysis=spatial_spd|dataset_id=17336|region=Europe|climatezone=Temperate_Without_dry_season,climate,0.0947,0.1809,0.2756,52.8,TRUE,0.522,TRUE,TRUE,TRUE,TRUE,TRUE,FALSE,FALSE,TRUE,NA,0.5279693486590038
spatial_spd,987,North America,Cold_Without_dry_season_Cold_Summer,analysis=spatial_spd|dataset_id=987|region=North America|climatezone=Cold_Without_dry_season_Cold_Summer,human,-0.0374,0.002700000000000001,-0.0347,-8.59,TRUE,0.404,TRUE,TRUE,TRUE,TRUE,TRUE,TRUE,TRUE,TRUE,NA,-0.08589108910891088
spatial_spd,987,North America,Cold_Without_dry_season_Cold_Summer,analysis=spatial_spd|dataset_id=987|region=North America|climatezone=Cold_Without_dry_season_Cold_Summer,climate,0.4358,0.00269999999999998,0.4385,108.54,TRUE,0.404,TRUE,TRUE,TRUE,TRUE,TRUE,TRUE,TRUE,TRUE,NA,1.0853960396039604
spatial_spd,15646,North America,Cold_Dry_Summer,analysis=spatial_spd|dataset_id=15646|region=North America|climatezone=Cold_Dry_Summer,human,0.24,0.061,0.301,62.71,TRUE,0.48,TRUE,TRUE,TRUE,TRUE,TRUE,FALSE,FALSE,TRUE,NA,0.6270833333333333
spatial_spd,15646,North America,Cold_Dry_Summer,analysis=spatial_spd|dataset_id=15646|region=North America|climatezone=Cold_Dry_Summer,climate,0.1177,0.06109999999999999,0.1788,37.25,TRUE,0.48,TRUE,TRUE,TRUE,TRUE,TRUE,FALSE,FALSE,TRUE,NA,0.3725
spatial_spd,15061,Latin America,Temperate_Dry_Summer,analysis=spatial_spd|dataset_id=15061|region=Latin America|climatezone=Temperate_Dry_Summer,human,-0.0248,-0.010100000000000001,-0.0349,-11.01,TRUE,0.317,TRUE,TRUE,TRUE,TRUE,TRUE,TRUE,TRUE,TRUE,NA,-0.11009463722397476
spatial_spd,15061,Latin America,Temperate_Dry_Summer,analysis=spatial_spd|dataset_id=15061|region=Latin America|climatezone=Temperate_Dry_Summer,climate,0.3622,-0.010099999999999998,0.3521,111.07,TRUE,0.317,TRUE,TRUE,TRUE,TRUE,TRUE,TRUE,TRUE,TRUE,NA,1.1107255520504733
spatial_spd,20609,North America,Cold_Without_dry_season_Warm_Summer,analysis=spatial_spd|dataset_id=20609|region=North America|climatezone=Cold_Without_dry_season_Warm_Summer,human,-0.0325,0.0762,0.0437,25.56,TRUE,0.171,TRUE,TRUE,TRUE,TRUE,TRUE,TRUE,FALSE,TRUE,NA,0.25555555555555554
spatial_spd,20609,North America,Cold_Without_dry_season_Warm_Summer,analysis=spatial_spd|dataset_id=20609|region=North America|climatezone=Cold_Without_dry_season_Warm_Summer,climate,0.0509,0.0761,0.127,74.27,TRUE,0.171,TRUE,TRUE,TRUE,TRUE,TRUE,TRUE,FALSE,TRUE,NA,0.7426900584795321
spatial_spd,40448,Europe,Polar,analysis=spatial_spd|dataset_id=40448|region=Europe|climatezone=Polar,human,0.0441,-0.0176,0.0265,10.35,TRUE,0.256,TRUE,TRUE,TRUE,TRUE,TRUE,FALSE,FALSE,TRUE,NA,0.103515625
spatial_spd,40448,Europe,Polar,analysis=spatial_spd|dataset_id=40448|region=Europe|climatezone=Polar,climate,0.2475,-0.017499999999999988,0.23,89.84,TRUE,0.256,TRUE,TRUE,TRUE,TRUE,TRUE,FALSE,FALSE,TRUE,NA,0.8984375
spatial_spd,3046,North America,Cold_Without_dry_season_Warm_Summer,analysis=spatial_spd|dataset_id=3046|region=North America|climatezone=Cold_Without_dry_season_Warm_Summer,human,0.1376,0.09190000000000001,0.2295,93.29,TRUE,0.246,TRUE,TRUE,TRUE,TRUE,TRUE,TRUE,FALSE,TRUE,NA,0.9329268292682927
spatial_spd,3046,North America,Cold_Without_dry_season_Warm_Summer,analysis=spatial_spd|dataset_id=3046|region=North America|climatezone=Cold_Without_dry_season_Warm_Summer,climate,-0.0753,0.09190000000000001,0.0166,6.75,TRUE,0.246,TRUE,TRUE,TRUE,TRUE,TRUE,TRUE,FALSE,TRUE,NA,0.06747967479674796
spatial_spd,1610,Latin America,Arid,analysis=spatial_spd|dataset_id=1610|region=Latin America|climatezone=Arid,human,0.0022,0.0335,0.0357,31.32,TRUE,0.114,TRUE,TRUE,TRUE,TRUE,TRUE,FALSE,FALSE,TRUE,NA,0.31315789473684214
spatial_spd,1610,Latin America,Arid,analysis=spatial_spd|dataset_id=1610|region=Latin America|climatezone=Arid,climate,0.0449,0.03339999999999999,0.0783,68.68,TRUE,0.114,TRUE,TRUE,TRUE,TRUE,TRUE,FALSE,FALSE,TRUE,NA,0.6868421052631578
spatial_spd,331,North America,Temperate_Without_dry_season,analysis=spatial_spd|dataset_id=331|region=North America|climatezone=Temperate_Without_dry_season,human,0.018,0.15680000000000002,0.1748,25.11,TRUE,0.696,TRUE,TRUE,TRUE,TRUE,TRUE,FALSE,FALSE,TRUE,NA,0.25114942528735634
spatial_spd,331,North America,Temperate_Without_dry_season,analysis=spatial_spd|dataset_id=331|region=North America|climatezone=Temperate_Without_dry_season,climate,0.3647,0.15679999999999994,0.5215,74.93,TRUE,0.696,TRUE,TRUE,TRUE,TRUE,TRUE,FALSE,FALSE,TRUE,NA,0.7492816091954023
spatial_spd,1711,Latin America,Temperate_Dry_Summer,analysis=spatial_spd|dataset_id=1711|region=Latin America|climatezone=Temperate_Dry_Summer,human,-0.0511,0.0423,-0.0088,-2.67,TRUE,0.33,TRUE,TRUE,TRUE,TRUE,TRUE,TRUE,TRUE,TRUE,NA,-0.02666666666666667
spatial_spd,1711,Latin America,Temperate_Dry_Summer,analysis=spatial_spd|dataset_id=1711|region=Latin America|climatezone=Temperate_Dry_Summer,climate,0.2962,0.042300000000000004,0.3385,102.58,TRUE,0.33,TRUE,TRUE,TRUE,TRUE,TRUE,TRUE,TRUE,TRUE,NA,1.0257575757575759
spatial_spd,48931,Europe,Arid,analysis=spatial_spd|dataset_id=48931|region=Europe|climatezone=Arid,human,-0.0599,0.041800000000000004,-0.0181,-53.24,TRUE,0.034,TRUE,TRUE,TRUE,TRUE,TRUE,TRUE,TRUE,TRUE,NA,-0.5323529411764706
spatial_spd,48931,Europe,Arid,analysis=spatial_spd|dataset_id=48931|region=Europe|climatezone=Arid,climate,0.0106,0.0417,0.0523,153.82,TRUE,0.034,TRUE,TRUE,TRUE,TRUE,TRUE,TRUE,TRUE,TRUE,NA,1.538235294117647
spatial_spd,3935,Europe,Cold_Without_dry_season_Warm_Summer,analysis=spatial_spd|dataset_id=3935|region=Europe|climatezone=Cold_Without_dry_season_Warm_Summer,human,-0.0435,1.999999999999988e-4,-0.0433,-12.66,TRUE,0.342,TRUE,TRUE,TRUE,TRUE,TRUE,TRUE,TRUE,TRUE,NA,-0.12660818713450292
spatial_spd,3935,Europe,Cold_Without_dry_season_Warm_Summer,analysis=spatial_spd|dataset_id=3935|region=Europe|climatezone=Cold_Without_dry_season_Warm_Summer,climate,0.3851,3.0000000000002247e-4,0.3854,112.69,TRUE,0.342,TRUE,TRUE,TRUE,TRUE,TRUE,TRUE,TRUE,TRUE,NA,1.1269005847953215
spatial_spd,15032,North America,Cold_Without_dry_season_Warm_Summer,analysis=spatial_spd|dataset_id=15032|region=North America|climatezone=Cold_Without_dry_season_Warm_Summer,human,0.1166,0.053500000000000006,0.1701,53.32,TRUE,0.319,TRUE,TRUE,TRUE,TRUE,TRUE,FALSE,FALSE,TRUE,NA,0.5332288401253918
spatial_spd,15032,North America,Cold_Without_dry_season_Warm_Summer,analysis=spatial_spd|dataset_id=15032|region=North America|climatezone=Cold_Without_dry_season_Warm_Summer,climate,0.0955,0.05349999999999999,0.149,46.71,TRUE,0.319,TRUE,TRUE,TRUE,TRUE,TRUE,FALSE,FALSE,TRUE,NA,0.4670846394984326
spatial_spd,4445,Europe,Temperate_Without_dry_season,analysis=spatial_spd|dataset_id=4445|region=Europe|climatezone=Temperate_Without_dry_season,human,-0.0108,0.005200000000000001,-0.0056,-1.58,TRUE,0.354,TRUE,TRUE,TRUE,TRUE,TRUE,TRUE,TRUE,TRUE,NA,-0.015819209039548022
spatial_spd,4445,Europe,Temperate_Without_dry_season,analysis=spatial_spd|dataset_id=4445|region=Europe|climatezone=Temperate_Without_dry_season,climate,0.3544,0.005199999999999982,0.3596,101.58,TRUE,0.354,TRUE,TRUE,TRUE,TRUE,TRUE,TRUE,TRUE,TRUE,NA,1.015819209039548
spatial_spd,4391,Europe,Cold_Without_dry_season_Cold_Summer,analysis=spatial_spd|dataset_id=4391|region=Europe|climatezone=Cold_Without_dry_season_Cold_Summer,human,-0.0373,-0.0020999999999999977,-0.0394,-12.31,TRUE,0.32,TRUE,TRUE,TRUE,TRUE,TRUE,TRUE,TRUE,TRUE,NA,-0.12312499999999998
spatial_spd,4391,Europe,Cold_Without_dry_season_Cold_Summer,analysis=spatial_spd|dataset_id=4391|region=Europe|climatezone=Cold_Without_dry_season_Cold_Summer,climate,0.361,-0.0020999999999999908,0.3589,112.16,TRUE,0.32,TRUE,TRUE,TRUE,TRUE,TRUE,TRUE,TRUE,TRUE,NA,1.1215625
spatial_spd,24867,Europe,Temperate_Without_dry_season,analysis=spatial_spd|dataset_id=24867|region=Europe|climatezone=Temperate_Without_dry_season,human,0.0527,-0.012999999999999998,0.0397,13.88,TRUE,0.286,TRUE,TRUE,TRUE,TRUE,TRUE,FALSE,FALSE,TRUE,NA,0.1388111888111888
spatial_spd,24867,Europe,Temperate_Without_dry_season,analysis=spatial_spd|dataset_id=24867|region=Europe|climatezone=Temperate_Without_dry_season,climate,0.2589,-0.012900000000000023,0.246,86.01,TRUE,0.286,TRUE,TRUE,TRUE,TRUE,TRUE,FALSE,FALSE,TRUE,NA,0.8601398601398602
spatial_spd,3484,North America,Temperate_Without_dry_season,analysis=spatial_spd|dataset_id=3484|region=North America|climatezone=Temperate_Without_dry_season,human,0.0664,0.0242,0.0906,20.59,TRUE,0.44,TRUE,TRUE,TRUE,TRUE,TRUE,FALSE,FALSE,TRUE,NA,0.2059090909090909
spatial_spd,3484,North America,Temperate_Without_dry_season,analysis=spatial_spd|dataset_id=3484|region=North America|climatezone=Temperate_Without_dry_season,climate,0.3249,0.0242,0.3491,79.34,TRUE,0.44,TRUE,TRUE,TRUE,TRUE,TRUE,FALSE,FALSE,TRUE,NA,0.793409090909091
spatial_spd,317,Europe,Cold_Without_dry_season_Cold_Summer,analysis=spatial_spd|dataset_id=317|region=Europe|climatezone=Cold_Without_dry_season_Cold_Summer,human,-0.0334,0.1543,0.1209,28.99,TRUE,0.417,TRUE,TRUE,TRUE,TRUE,TRUE,TRUE,FALSE,TRUE,NA,0.28992805755395684
spatial_spd,317,Europe,Cold_Without_dry_season_Cold_Summer,analysis=spatial_spd|dataset_id=317|region=Europe|climatezone=Cold_Without_dry_season_Cold_Summer,climate,0.1415,0.15430000000000002,0.2958,70.94,TRUE,0.417,TRUE,TRUE,TRUE,TRUE,TRUE,TRUE,FALSE,TRUE,NA,0.7093525179856116
spatial_spd,21926,Latin America,Polar,analysis=spatial_spd|dataset_id=21926|region=Latin America|climatezone=Polar,human,-0.0515,0.0346,-0.0169,-7.51,TRUE,0.225,TRUE,TRUE,TRUE,TRUE,TRUE,TRUE,TRUE,TRUE,NA,-0.0751111111111111
spatial_spd,21926,Latin America,Polar,analysis=spatial_spd|dataset_id=21926|region=Latin America|climatezone=Polar,climate,0.2076,0.03459999999999999,0.2422,107.64,TRUE,0.225,TRUE,TRUE,TRUE,TRUE,TRUE,TRUE,TRUE,TRUE,NA,1.0764444444444443
spatial_spd,42563,Europe,Temperate_Without_dry_season,analysis=spatial_spd|dataset_id=42563|region=Europe|climatezone=Temperate_Without_dry_season,human,0.1431,0.07119999999999999,0.2143,47.2,TRUE,0.454,TRUE,TRUE,TRUE,TRUE,TRUE,FALSE,FALSE,TRUE,NA,0.47202643171806163
spatial_spd,42563,Europe,Temperate_Without_dry_season,analysis=spatial_spd|dataset_id=42563|region=Europe|climatezone=Temperate_Without_dry_season,climate,0.1682,0.07120000000000001,0.2394,52.73,TRUE,0.454,TRUE,TRUE,TRUE,TRUE,TRUE,FALSE,FALSE,TRUE,NA,0.5273127753303964
spatial_spd,777,North America,Cold_Without_dry_season_Cold_Summer,analysis=spatial_spd|dataset_id=777|region=North America|climatezone=Cold_Without_dry_season_Cold_Summer,human,0.0308,0.067,0.0978,18.42,TRUE,0.531,TRUE,TRUE,TRUE,TRUE,TRUE,FALSE,FALSE,TRUE,NA,0.18418079096045195
spatial_spd,777,North America,Cold_Without_dry_season_Cold_Summer,analysis=spatial_spd|dataset_id=777|region=North America|climatezone=Cold_Without_dry_season_Cold_Summer,climate,0.3663,0.06709999999999999,0.4334,81.62,TRUE,0.531,TRUE,TRUE,TRUE,TRUE,TRUE,FALSE,FALSE,TRUE,NA,0.8161958568738229
spatial_spd,40566,Europe,Cold_Without_dry_season_Warm_Summer,analysis=spatial_spd|dataset_id=40566|region=Europe|climatezone=Cold_Without_dry_season_Warm_Summer,human,0.3115,-0.16,0.1515,38.16,TRUE,0.397,TRUE,TRUE,TRUE,TRUE,TRUE,FALSE,FALSE,TRUE,NA,0.3816120906801007
spatial_spd,40566,Europe,Cold_Without_dry_season_Warm_Summer,analysis=spatial_spd|dataset_id=40566|region=Europe|climatezone=Cold_Without_dry_season_Warm_Summer,climate,0.4052,-0.15990000000000001,0.2453,61.79,TRUE,0.397,TRUE,TRUE,TRUE,TRUE,TRUE,FALSE,FALSE,TRUE,NA,0.6178841309823677
spatial_spd,15403,North America,Cold_Without_dry_season_Warm_Summer,analysis=spatial_spd|dataset_id=15403|region=North America|climatezone=Cold_Without_dry_season_Warm_Summer,human,0.0804,-0.018999999999999996,0.0614,17.54,TRUE,0.35,TRUE,TRUE,TRUE,TRUE,TRUE,FALSE,FALSE,TRUE,NA,0.17542857142857146
spatial_spd,15403,North America,Cold_Without_dry_season_Warm_Summer,analysis=spatial_spd|dataset_id=15403|region=North America|climatezone=Cold_Without_dry_season_Warm_Summer,climate,0.3075,-0.019000000000000017,0.2885,82.43,TRUE,0.35,TRUE,TRUE,TRUE,TRUE,TRUE,FALSE,FALSE,TRUE,NA,0.8242857142857143
spatial_spd,20194,North America,Arid,analysis=spatial_spd|dataset_id=20194|region=North America|climatezone=Arid,human,-0.0445,0.1112,0.0667,50.53,TRUE,0.132,TRUE,TRUE,TRUE,TRUE,TRUE,TRUE,FALSE,TRUE,NA,0.5053030303030303
spatial_spd,20194,North America,Arid,analysis=spatial_spd|dataset_id=20194|region=North America|climatezone=Arid,climate,-0.0458,0.11130000000000001,0.0655,49.62,TRUE,0.132,TRUE,TRUE,TRUE,TRUE,TRUE,TRUE,FALSE,TRUE,NA,0.4962121212121212
spatial_spd,4372,Europe,Cold_Without_dry_season_Cold_Summer,analysis=spatial_spd|dataset_id=4372|region=Europe|climatezone=Cold_Without_dry_season_Cold_Summer,human,-0.0395,0.0941,0.0546,19.93,TRUE,0.274,TRUE,TRUE,TRUE,TRUE,TRUE,TRUE,FALSE,TRUE,NA,0.19927007299270072
spatial_spd,4372,Europe,Cold_Without_dry_season_Cold_Summer,analysis=spatial_spd|dataset_id=4372|region=Europe|climatezone=Cold_Without_dry_season_Cold_Summer,climate,0.1251,0.09410000000000002,0.2192,80,TRUE,0.274,TRUE,TRUE,TRUE,TRUE,TRUE,TRUE,FALSE,TRUE,NA,0.7999999999999999
spatial_spd,4382,Europe,Cold_Without_dry_season_Warm_Summer,analysis=spatial_spd|dataset_id=4382|region=Europe|climatezone=Cold_Without_dry_season_Warm_Summer,human,0.1843,-0.03519999999999998,0.1491,42.24,TRUE,0.353,TRUE,TRUE,TRUE,TRUE,TRUE,FALSE,FALSE,TRUE,NA,0.4223796033994335
spatial_spd,4382,Europe,Cold_Without_dry_season_Warm_Summer,analysis=spatial_spd|dataset_id=4382|region=Europe|climatezone=Cold_Without_dry_season_Warm_Summer,climate,0.2392,-0.03520000000000001,0.204,57.79,TRUE,0.353,TRUE,TRUE,TRUE,TRUE,TRUE,FALSE,FALSE,TRUE,NA,0.5779036827195467
spatial_spd,16193,North America,Cold_Without_dry_season_Warm_Summer,analysis=spatial_spd|dataset_id=16193|region=North America|climatezone=Cold_Without_dry_season_Warm_Summer,human,-0.0111,0.052,0.0409,7.93,TRUE,0.516,TRUE,TRUE,TRUE,TRUE,TRUE,TRUE,FALSE,TRUE,NA,0.07926356589147286
spatial_spd,16193,North America,Cold_Without_dry_season_Warm_Summer,analysis=spatial_spd|dataset_id=16193|region=North America|climatezone=Cold_Without_dry_season_Warm_Summer,climate,0.4227,0.05199999999999999,0.4747,92,TRUE,0.516,TRUE,TRUE,TRUE,TRUE,TRUE,TRUE,FALSE,TRUE,NA,0.9199612403100775
spatial_spd,42720,Europe,Cold_Without_dry_season_Warm_Summer,analysis=spatial_spd|dataset_id=42720|region=Europe|climatezone=Cold_Without_dry_season_Warm_Summer,human,-0.0675,0.0012000000000000066,-0.0663,-35.27,TRUE,0.188,TRUE,TRUE,TRUE,TRUE,TRUE,TRUE,TRUE,TRUE,NA,-0.3526595744680851
spatial_spd,42720,Europe,Cold_Without_dry_season_Warm_Summer,analysis=spatial_spd|dataset_id=42720|region=Europe|climatezone=Cold_Without_dry_season_Warm_Summer,climate,0.2528,0.0012999999999999678,0.2541,135.16,TRUE,0.188,TRUE,TRUE,TRUE,TRUE,TRUE,TRUE,TRUE,TRUE,NA,1.351595744680851
spatial_spd,811,North America,Cold_Dry_Summer,analysis=spatial_spd|dataset_id=811|region=North America|climatezone=Cold_Dry_Summer,human,0.042,0.013999999999999999,0.056,9.51,TRUE,0.589,TRUE,TRUE,TRUE,TRUE,TRUE,FALSE,FALSE,TRUE,NA,0.09507640067911716
spatial_spd,811,North America,Cold_Dry_Summer,analysis=spatial_spd|dataset_id=811|region=North America|climatezone=Cold_Dry_Summer,climate,0.5187,0.013999999999999901,0.5327,90.44,TRUE,0.589,TRUE,TRUE,TRUE,TRUE,TRUE,FALSE,FALSE,TRUE,NA,0.9044142614601018
spatial_spd,22828,Europe,Cold_Without_dry_season_Warm_Summer,analysis=spatial_spd|dataset_id=22828|region=Europe|climatezone=Cold_Without_dry_season_Warm_Summer,human,0.1114,-0.0471,0.0643,37.82,TRUE,0.17,TRUE,TRUE,TRUE,TRUE,TRUE,FALSE,FALSE,TRUE,NA,0.378235294117647
spatial_spd,22828,Europe,Cold_Without_dry_season_Warm_Summer,analysis=spatial_spd|dataset_id=22828|region=Europe|climatezone=Cold_Without_dry_season_Warm_Summer,climate,0.1527,-0.047200000000000006,0.1055,62.06,TRUE,0.17,TRUE,TRUE,TRUE,TRUE,TRUE,FALSE,FALSE,TRUE,NA,0.6205882352941176
spatial_spd,48697,Latin America,Temperate_Without_dry_season,analysis=spatial_spd|dataset_id=48697|region=Latin America|climatezone=Temperate_Without_dry_season,human,0.383,-0.018299999999999983,0.3647,63.76,TRUE,0.572,TRUE,TRUE,TRUE,TRUE,TRUE,FALSE,FALSE,TRUE,NA,0.6375874125874127
spatial_spd,48697,Latin America,Temperate_Without_dry_season,analysis=spatial_spd|dataset_id=48697|region=Latin America|climatezone=Temperate_Without_dry_season,climate,0.226,-0.01830000000000001,0.2077,36.31,TRUE,0.572,TRUE,TRUE,TRUE,TRUE,TRUE,FALSE,FALSE,TRUE,NA,0.36311188811188816
spatial_spd,1520,North America,Cold_Without_dry_season_Hot_Summer,analysis=spatial_spd|dataset_id=1520|region=North America|climatezone=Cold_Without_dry_season_Hot_Summer,human,-0.0788,0.06689999999999999,-0.0119,-5.13,TRUE,0.232,TRUE,TRUE,TRUE,TRUE,TRUE,TRUE,TRUE,TRUE,NA,-0.05129310344827586
spatial_spd,1520,North America,Cold_Without_dry_season_Hot_Summer,analysis=spatial_spd|dataset_id=1520|region=North America|climatezone=Cold_Without_dry_season_Hot_Summer,climate,0.1771,0.06689999999999999,0.244,105.17,TRUE,0.232,TRUE,TRUE,TRUE,TRUE,TRUE,TRUE,TRUE,TRUE,NA,1.0517241379310345
spatial_spd,1663,North America,Cold_Without_dry_season_Warm_Summer,analysis=spatial_spd|dataset_id=1663|region=North America|climatezone=Cold_Without_dry_season_Warm_Summer,human,0.0783,0.018100000000000005,0.0964,21.28,TRUE,0.453,TRUE,TRUE,TRUE,TRUE,TRUE,FALSE,FALSE,TRUE,NA,0.21280353200883
spatial_spd,1663,North America,Cold_Without_dry_season_Warm_Summer,analysis=spatial_spd|dataset_id=1663|region=North America|climatezone=Cold_Without_dry_season_Warm_Summer,climate,0.3382,0.018000000000000016,0.3562,78.63,TRUE,0.453,TRUE,TRUE,TRUE,TRUE,TRUE,FALSE,FALSE,TRUE,NA,0.7863134657836645
spatial_spd,14512,Europe,Temperate_Without_dry_season,analysis=spatial_spd|dataset_id=14512|region=Europe|climatezone=Temperate_Without_dry_season,human,0.0753,0.04279999999999999,0.1181,46.5,TRUE,0.254,TRUE,TRUE,TRUE,TRUE,TRUE,FALSE,FALSE,TRUE,NA,0.4649606299212598
spatial_spd,14512,Europe,Temperate_Without_dry_season,analysis=spatial_spd|dataset_id=14512|region=Europe|climatezone=Temperate_Without_dry_season,climate,0.0932,0.042800000000000005,0.136,53.54,TRUE,0.254,TRUE,TRUE,TRUE,TRUE,TRUE,FALSE,FALSE,TRUE,NA,0.5354330708661418
spatial_spd,356,Latin America,Polar,analysis=spatial_spd|dataset_id=356|region=Latin America|climatezone=Polar,human,0.0978,-0.0683,0.0295,6.51,TRUE,0.453,TRUE,TRUE,TRUE,TRUE,TRUE,FALSE,FALSE,TRUE,NA,0.06512141280353201
spatial_spd,356,Latin America,Polar,analysis=spatial_spd|dataset_id=356|region=Latin America|climatezone=Polar,climate,0.4918,-0.06830000000000003,0.4235,93.49,TRUE,0.453,TRUE,TRUE,TRUE,TRUE,TRUE,FALSE,FALSE,TRUE,NA,0.9348785871964679
spatial_spd,15715,North America,Cold_Dry_Summer,analysis=spatial_spd|dataset_id=15715|region=North America|climatezone=Cold_Dry_Summer,human,0.1707,-0.05869999999999999,0.112,33.14,TRUE,0.338,TRUE,TRUE,TRUE,TRUE,TRUE,FALSE,FALSE,TRUE,NA,0.3313609467455621
spatial_spd,15715,North America,Cold_Dry_Summer,analysis=spatial_spd|dataset_id=15715|region=North America|climatezone=Cold_Dry_Summer,climate,0.2844,-0.058699999999999974,0.2257,66.78,TRUE,0.338,TRUE,TRUE,TRUE,TRUE,TRUE,FALSE,FALSE,TRUE,NA,0.6677514792899408
spatial_spd,3047,North America,Cold_Without_dry_season_Warm_Summer,analysis=spatial_spd|dataset_id=3047|region=North America|climatezone=Cold_Without_dry_season_Warm_Summer,human,0.304,-0.057099999999999984,0.2469,42.64,TRUE,0.579,TRUE,TRUE,TRUE,TRUE,TRUE,FALSE,FALSE,TRUE,NA,0.42642487046632127
spatial_spd,3047,North America,Cold_Without_dry_season_Warm_Summer,analysis=spatial_spd|dataset_id=3047|region=North America|climatezone=Cold_Without_dry_season_Warm_Summer,climate,0.3893,-0.056999999999999995,0.3323,57.39,TRUE,0.579,TRUE,TRUE,TRUE,TRUE,TRUE,FALSE,FALSE,TRUE,NA,0.5739205526770293
spatial_spd,20018,Europe,Polar,analysis=spatial_spd|dataset_id=20018|region=Europe|climatezone=Polar,human,0.0046,0.0049,0.0095,2.29,TRUE,0.414,TRUE,TRUE,TRUE,TRUE,TRUE,FALSE,FALSE,TRUE,NA,0.022946859903381644
spatial_spd,20018,Europe,Polar,analysis=spatial_spd|dataset_id=20018|region=Europe|climatezone=Polar,climate,0.3998,0.0049000000000000155,0.4047,97.75,TRUE,0.414,TRUE,TRUE,TRUE,TRUE,TRUE,FALSE,FALSE,TRUE,NA,0.977536231884058
spatial_spd,281,North America,Temperate_Without_dry_season,analysis=spatial_spd|dataset_id=281|region=North America|climatezone=Temperate_Without_dry_season,human,0.172,-0.06789999999999999,0.1041,347,TRUE,0.03,TRUE,TRUE,TRUE,TRUE,TRUE,TRUE,TRUE,TRUE,NA,3.47
spatial_spd,281,North America,Temperate_Without_dry_season,analysis=spatial_spd|dataset_id=281|region=North America|climatezone=Temperate_Without_dry_season,climate,-0.0063,-0.068,-0.0743,-247.67,TRUE,0.03,TRUE,TRUE,TRUE,TRUE,TRUE,TRUE,TRUE,TRUE,NA,-2.476666666666667
spatial_spd,21603,Latin America,Arid,analysis=spatial_spd|dataset_id=21603|region=Latin America|climatezone=Arid,human,0.0027,0.08520000000000001,0.0879,35.73,TRUE,0.246,TRUE,TRUE,TRUE,TRUE,TRUE,FALSE,FALSE,TRUE,NA,0.35731707317073175
spatial_spd,21603,Latin America,Arid,analysis=spatial_spd|dataset_id=21603|region=Latin America|climatezone=Arid,climate,0.0727,0.0853,0.158,64.23,TRUE,0.246,TRUE,TRUE,TRUE,TRUE,TRUE,FALSE,FALSE,TRUE,NA,0.6422764227642277
spatial_spd,48917,Europe,Cold_Without_dry_season_Warm_Summer,analysis=spatial_spd|dataset_id=48917|region=Europe|climatezone=Cold_Without_dry_season_Warm_Summer,human,0.2152,-0.0733,0.1419,58.4,TRUE,0.243,TRUE,TRUE,TRUE,TRUE,TRUE,FALSE,FALSE,TRUE,NA,0.5839506172839506
spatial_spd,48917,Europe,Cold_Without_dry_season_Warm_Summer,analysis=spatial_spd|dataset_id=48917|region=Europe|climatezone=Cold_Without_dry_season_Warm_Summer,climate,0.1743,-0.0733,0.101,41.56,TRUE,0.243,TRUE,TRUE,TRUE,TRUE,TRUE,FALSE,FALSE,TRUE,NA,0.4156378600823046
spatial_spd,304,North America,Temperate_Without_dry_season,analysis=spatial_spd|dataset_id=304|region=North America|climatezone=Temperate_Without_dry_season,human,0.0028,0.1487,0.1515,26.12,TRUE,0.58,TRUE,TRUE,TRUE,TRUE,TRUE,FALSE,FALSE,TRUE,NA,0.26120689655172413
spatial_spd,304,North America,Temperate_Without_dry_season,analysis=spatial_spd|dataset_id=304|region=North America|climatezone=Temperate_Without_dry_season,climate,0.28,0.1487,0.4287,73.91,TRUE,0.58,TRUE,TRUE,TRUE,TRUE,TRUE,FALSE,FALSE,TRUE,NA,0.7391379310344829
spatial_spd,15035,North America,Cold_Without_dry_season_Warm_Summer,analysis=spatial_spd|dataset_id=15035|region=North America|climatezone=Cold_Without_dry_season_Warm_Summer,human,0.0851,0.11120000000000001,0.1963,32.13,TRUE,0.611,TRUE,TRUE,TRUE,TRUE,TRUE,FALSE,FALSE,TRUE,NA,0.32127659574468087
spatial_spd,15035,North America,Cold_Without_dry_season_Warm_Summer,analysis=spatial_spd|dataset_id=15035|region=North America|climatezone=Cold_Without_dry_season_Warm_Summer,climate,0.3031,0.11120000000000002,0.4143,67.81,TRUE,0.611,TRUE,TRUE,TRUE,TRUE,TRUE,FALSE,FALSE,TRUE,NA,0.6780687397708675
spatial_spd,1849,North America,Cold_Without_dry_season_Cold_Summer,analysis=spatial_spd|dataset_id=1849|region=North America|climatezone=Cold_Without_dry_season_Cold_Summer,human,0.0118,0.1025,0.1143,19.34,TRUE,0.591,TRUE,TRUE,TRUE,TRUE,TRUE,FALSE,FALSE,TRUE,NA,0.1934010152284264
spatial_spd,1849,North America,Cold_Without_dry_season_Cold_Summer,analysis=spatial_spd|dataset_id=1849|region=North America|climatezone=Cold_Without_dry_season_Cold_Summer,climate,0.3738,0.10249999999999998,0.4763,80.59,TRUE,0.591,TRUE,TRUE,TRUE,TRUE,TRUE,FALSE,FALSE,TRUE,NA,0.805922165820643
spatial_spd,16212,Europe,Cold_Without_dry_season_Warm_Summer,analysis=spatial_spd|dataset_id=16212|region=Europe|climatezone=Cold_Without_dry_season_Warm_Summer,human,0.1118,-0.0556,0.0562,18.99,TRUE,0.296,TRUE,TRUE,TRUE,TRUE,TRUE,FALSE,FALSE,TRUE,NA,0.18986486486486487
spatial_spd,16212,Europe,Cold_Without_dry_season_Warm_Summer,analysis=spatial_spd|dataset_id=16212|region=Europe|climatezone=Cold_Without_dry_season_Warm_Summer,climate,0.2956,-0.05559999999999998,0.24,81.08,TRUE,0.296,TRUE,TRUE,TRUE,TRUE,TRUE,FALSE,FALSE,TRUE,NA,0.8108108108108109
spatial_spd,1705,North America,Temperate_Without_dry_season,analysis=spatial_spd|dataset_id=1705|region=North America|climatezone=Temperate_Without_dry_season,human,0.1937,0.10250000000000001,0.2962,77.14,TRUE,0.384,TRUE,TRUE,TRUE,TRUE,TRUE,TRUE,FALSE,TRUE,NA,0.7713541666666667
spatial_spd,1705,North America,Temperate_Without_dry_season,analysis=spatial_spd|dataset_id=1705|region=North America|climatezone=Temperate_Without_dry_season,climate,-0.0145,0.1025,0.088,22.92,TRUE,0.384,TRUE,TRUE,TRUE,TRUE,TRUE,TRUE,FALSE,TRUE,NA,0.22916666666666666
spatial_spd,492,North America,Temperate_Without_dry_season,analysis=spatial_spd|dataset_id=492|region=North America|climatezone=Temperate_Without_dry_season,human,-0.0799,0.0269,-0.053,-75.71,TRUE,0.07,TRUE,TRUE,TRUE,TRUE,TRUE,TRUE,TRUE,TRUE,NA,-0.757142857142857
spatial_spd,492,North America,Temperate_Without_dry_season,analysis=spatial_spd|dataset_id=492|region=North America|climatezone=Temperate_Without_dry_season,climate,0.0964,0.026900000000000007,0.1233,176.14,TRUE,0.07,TRUE,TRUE,TRUE,TRUE,TRUE,TRUE,TRUE,TRUE,NA,1.7614285714285713
spatial_spd,4203,Europe,Cold_Without_dry_season_Warm_Summer,analysis=spatial_spd|dataset_id=4203|region=Europe|climatezone=Cold_Without_dry_season_Warm_Summer,human,-0.0257,0.004800000000000002,-0.0209,-4.7,TRUE,0.445,TRUE,TRUE,TRUE,TRUE,TRUE,TRUE,TRUE,TRUE,NA,-0.04696629213483146
spatial_spd,4203,Europe,Cold_Without_dry_season_Warm_Summer,analysis=spatial_spd|dataset_id=4203|region=Europe|climatezone=Cold_Without_dry_season_Warm_Summer,climate,0.4612,0.0048000000000000265,0.466,104.72,TRUE,0.445,TRUE,TRUE,TRUE,TRUE,TRUE,TRUE,TRUE,TRUE,NA,1.047191011235955
spatial_spd,42722,North America,Cold_Without_dry_season_Warm_Summer,analysis=spatial_spd|dataset_id=42722|region=North America|climatezone=Cold_Without_dry_season_Warm_Summer,human,0.0093,0.1614,0.1707,38.97,TRUE,0.438,TRUE,TRUE,TRUE,TRUE,TRUE,FALSE,FALSE,TRUE,NA,0.38972602739726026
spatial_spd,42722,North America,Cold_Without_dry_season_Warm_Summer,analysis=spatial_spd|dataset_id=42722|region=North America|climatezone=Cold_Without_dry_season_Warm_Summer,climate,0.1064,0.1614,0.2678,61.14,TRUE,0.438,TRUE,TRUE,TRUE,TRUE,TRUE,FALSE,FALSE,TRUE,NA,0.6114155251141552
spatial_spd,550,North America,Temperate_Dry_Summer,analysis=spatial_spd|dataset_id=550|region=North America|climatezone=Temperate_Dry_Summer,human,0.2625,-0.029100000000000015,0.2334,63.95,TRUE,0.365,TRUE,TRUE,TRUE,TRUE,TRUE,FALSE,FALSE,TRUE,NA,0.6394520547945206
spatial_spd,550,North America,Temperate_Dry_Summer,analysis=spatial_spd|dataset_id=550|region=North America|climatezone=Temperate_Dry_Summer,climate,0.1606,-0.029099999999999987,0.1315,36.03,TRUE,0.365,TRUE,TRUE,TRUE,TRUE,TRUE,FALSE,FALSE,TRUE,NA,0.36027397260273974
spatial_spd,3830,North America,Cold_Without_dry_season_Warm_Summer,analysis=spatial_spd|dataset_id=3830|region=North America|climatezone=Cold_Without_dry_season_Warm_Summer,human,0.0061,0.08130000000000001,0.0874,36.27,TRUE,0.241,TRUE,TRUE,TRUE,TRUE,TRUE,FALSE,FALSE,TRUE,NA,0.3626556016597511
spatial_spd,3830,North America,Cold_Without_dry_season_Warm_Summer,analysis=spatial_spd|dataset_id=3830|region=North America|climatezone=Cold_Without_dry_season_Warm_Summer,climate,0.0722,0.08120000000000001,0.1534,63.65,TRUE,0.241,TRUE,TRUE,TRUE,TRUE,TRUE,FALSE,FALSE,TRUE,NA,0.6365145228215768
spatial_spd,17359,North America,Cold_Without_dry_season_Cold_Summer,analysis=spatial_spd|dataset_id=17359|region=North America|climatezone=Cold_Without_dry_season_Cold_Summer,human,-0.041,0.013300000000000003,-0.0277,-4.52,TRUE,0.613,TRUE,TRUE,TRUE,TRUE,TRUE,TRUE,TRUE,TRUE,NA,-0.045187601957585644
spatial_spd,17359,North America,Cold_Without_dry_season_Cold_Summer,analysis=spatial_spd|dataset_id=17359|region=North America|climatezone=Cold_Without_dry_season_Cold_Summer,climate,0.6277,0.013299999999999979,0.641,104.57,TRUE,0.613,TRUE,TRUE,TRUE,TRUE,TRUE,TRUE,TRUE,TRUE,NA,1.0456769983686787
spatial_spd,40579,Europe,Cold_Without_dry_season_Cold_Summer,analysis=spatial_spd|dataset_id=40579|region=Europe|climatezone=Cold_Without_dry_season_Cold_Summer,human,0.0116,0.0869,0.0985,14.03,TRUE,0.702,TRUE,TRUE,TRUE,TRUE,TRUE,FALSE,FALSE,TRUE,NA,0.14031339031339032
spatial_spd,40579,Europe,Cold_Without_dry_season_Cold_Summer,analysis=spatial_spd|dataset_id=40579|region=Europe|climatezone=Cold_Without_dry_season_Cold_Summer,climate,0.5165,0.08700000000000008,0.6035,85.97,TRUE,0.702,TRUE,TRUE,TRUE,TRUE,TRUE,FALSE,FALSE,TRUE,NA,0.8596866096866098
spatial_spd,41183,North America,Cold_Dry_Summer,analysis=spatial_spd|dataset_id=41183|region=North America|climatezone=Cold_Dry_Summer,human,0.0323,-0.019200000000000002,0.0131,5.12,TRUE,0.256,TRUE,TRUE,TRUE,TRUE,TRUE,FALSE,FALSE,TRUE,NA,0.051171875
spatial_spd,41183,North America,Cold_Dry_Summer,analysis=spatial_spd|dataset_id=41183|region=North America|climatezone=Cold_Dry_Summer,climate,0.2621,-0.019199999999999995,0.2429,94.88,TRUE,0.256,TRUE,TRUE,TRUE,TRUE,TRUE,FALSE,FALSE,TRUE,NA,0.948828125
spatial_spd,15189,North America,Cold_Without_dry_season_Cold_Summer,analysis=spatial_spd|dataset_id=15189|region=North America|climatezone=Cold_Without_dry_season_Cold_Summer,human,0.0034,0.13840000000000002,0.1418,26.65,TRUE,0.532,TRUE,TRUE,TRUE,TRUE,TRUE,FALSE,FALSE,TRUE,NA,0.26654135338345863
spatial_spd,15189,North America,Cold_Without_dry_season_Cold_Summer,analysis=spatial_spd|dataset_id=15189|region=North America|climatezone=Cold_Without_dry_season_Cold_Summer,climate,0.2515,0.13840000000000002,0.3899,73.29,TRUE,0.532,TRUE,TRUE,TRUE,TRUE,TRUE,FALSE,FALSE,TRUE,NA,0.7328947368421053
spatial_spd,534,North America,Cold_Without_dry_season_Warm_Summer,analysis=spatial_spd|dataset_id=534|region=North America|climatezone=Cold_Without_dry_season_Warm_Summer,human,0.2785,0.07049999999999995,0.349,53.36,TRUE,0.654,TRUE,TRUE,TRUE,TRUE,TRUE,FALSE,FALSE,TRUE,NA,0.5336391437308868
spatial_spd,534,North America,Cold_Without_dry_season_Warm_Summer,analysis=spatial_spd|dataset_id=534|region=North America|climatezone=Cold_Without_dry_season_Warm_Summer,climate,0.2343,0.07040000000000002,0.3047,46.59,TRUE,0.654,TRUE,TRUE,TRUE,TRUE,TRUE,FALSE,FALSE,TRUE,NA,0.4659021406727829
spatial_spd,4362,Europe,Cold_Without_dry_season_Warm_Summer,analysis=spatial_spd|dataset_id=4362|region=Europe|climatezone=Cold_Without_dry_season_Warm_Summer,human,-0.031,0.0011000000000000003,-0.0299,-5.21,TRUE,0.574,TRUE,TRUE,TRUE,TRUE,TRUE,TRUE,TRUE,TRUE,NA,-0.05209059233449478
spatial_spd,4362,Europe,Cold_Without_dry_season_Warm_Summer,analysis=spatial_spd|dataset_id=4362|region=Europe|climatezone=Cold_Without_dry_season_Warm_Summer,climate,0.603,0.0010999999999999899,0.6041,105.24,TRUE,0.574,TRUE,TRUE,TRUE,TRUE,TRUE,TRUE,TRUE,TRUE,NA,1.052439024390244
spatial_spd,41770,Europe,Temperate_Without_dry_season,analysis=spatial_spd|dataset_id=41770|region=Europe|climatezone=Temperate_Without_dry_season,human,0.2242,-0.06460000000000002,0.1596,32.98,TRUE,0.484,TRUE,TRUE,TRUE,TRUE,TRUE,FALSE,FALSE,TRUE,NA,0.32975206611570246
spatial_spd,41770,Europe,Temperate_Without_dry_season,analysis=spatial_spd|dataset_id=41770|region=Europe|climatezone=Temperate_Without_dry_season,climate,0.3893,-0.06459999999999999,0.3247,67.09,TRUE,0.484,TRUE,TRUE,TRUE,TRUE,TRUE,FALSE,FALSE,TRUE,NA,0.6708677685950413
spatial_spd,45101,Europe,Arid,analysis=spatial_spd|dataset_id=45101|region=Europe|climatezone=Arid,human,0.048,-0.028,0.02,5.24,TRUE,0.382,TRUE,TRUE,TRUE,TRUE,TRUE,FALSE,FALSE,TRUE,NA,0.05235602094240838
spatial_spd,45101,Europe,Arid,analysis=spatial_spd|dataset_id=45101|region=Europe|climatezone=Arid,climate,0.3899,-0.028000000000000025,0.3619,94.74,TRUE,0.382,TRUE,TRUE,TRUE,TRUE,TRUE,FALSE,FALSE,TRUE,NA,0.9473821989528796
spatial_spd,4288,Europe,Cold_Without_dry_season_Cold_Summer,analysis=spatial_spd|dataset_id=4288|region=Europe|climatezone=Cold_Without_dry_season_Cold_Summer,human,-0.0055,-0.018000000000000002,-0.0235,-4.61,TRUE,0.51,TRUE,TRUE,TRUE,TRUE,TRUE,TRUE,TRUE,TRUE,NA,-0.046078431372549015
spatial_spd,4288,Europe,Cold_Without_dry_season_Cold_Summer,analysis=spatial_spd|dataset_id=4288|region=Europe|climatezone=Cold_Without_dry_season_Cold_Summer,climate,0.5518,-0.017999999999999905,0.5338,104.67,TRUE,0.51,TRUE,TRUE,TRUE,TRUE,TRUE,TRUE,TRUE,TRUE,NA,1.0466666666666669
spatial_spd,22814,Europe,Cold_Without_dry_season_Warm_Summer,analysis=spatial_spd|dataset_id=22814|region=Europe|climatezone=Cold_Without_dry_season_Warm_Summer,human,0.0213,0.0172,0.0385,21.75,TRUE,0.177,TRUE,TRUE,TRUE,TRUE,TRUE,FALSE,FALSE,TRUE,NA,0.21751412429378533
spatial_spd,22814,Europe,Cold_Without_dry_season_Warm_Summer,analysis=spatial_spd|dataset_id=22814|region=Europe|climatezone=Cold_Without_dry_season_Warm_Summer,climate,0.1217,0.017100000000000004,0.1388,78.42,TRUE,0.177,TRUE,TRUE,TRUE,TRUE,TRUE,FALSE,FALSE,TRUE,NA,0.784180790960452
spatial_spd,2951,North America,Cold_Without_dry_season_Cold_Summer,analysis=spatial_spd|dataset_id=2951|region=North America|climatezone=Cold_Without_dry_season_Cold_Summer,human,0.0255,0.0132,0.0387,23.6,TRUE,0.164,TRUE,TRUE,TRUE,TRUE,TRUE,FALSE,FALSE,TRUE,NA,0.23597560975609755
spatial_spd,2951,North America,Cold_Without_dry_season_Cold_Summer,analysis=spatial_spd|dataset_id=2951|region=North America|climatezone=Cold_Without_dry_season_Cold_Summer,climate,0.1118,0.013200000000000003,0.125,76.22,TRUE,0.164,TRUE,TRUE,TRUE,TRUE,TRUE,FALSE,FALSE,TRUE,NA,0.7621951219512195
spatial_spd,4403,Europe,Cold_Without_dry_season_Warm_Summer,analysis=spatial_spd|dataset_id=4403|region=Europe|climatezone=Cold_Without_dry_season_Warm_Summer,human,0.0149,0.0733,0.0882,19.56,TRUE,0.451,TRUE,TRUE,TRUE,TRUE,TRUE,FALSE,FALSE,TRUE,NA,0.19556541019955653
spatial_spd,4403,Europe,Cold_Without_dry_season_Warm_Summer,analysis=spatial_spd|dataset_id=4403|region=Europe|climatezone=Cold_Without_dry_season_Warm_Summer,climate,0.2897,0.07329999999999998,0.363,80.49,TRUE,0.451,TRUE,TRUE,TRUE,TRUE,TRUE,FALSE,FALSE,TRUE,NA,0.8048780487804877
spatial_spd,1006,North America,Cold_Without_dry_season_Cold_Summer,analysis=spatial_spd|dataset_id=1006|region=North America|climatezone=Cold_Without_dry_season_Cold_Summer,human,-0.0475,0.005999999999999998,-0.0415,-7.89,TRUE,0.526,TRUE,TRUE,TRUE,TRUE,TRUE,TRUE,TRUE,TRUE,NA,-0.07889733840304182
spatial_spd,1006,North America,Cold_Without_dry_season_Cold_Summer,analysis=spatial_spd|dataset_id=1006|region=North America|climatezone=Cold_Without_dry_season_Cold_Summer,climate,0.5617,0.006000000000000005,0.5677,107.93,TRUE,0.526,TRUE,TRUE,TRUE,TRUE,TRUE,TRUE,TRUE,TRUE,NA,1.079277566539924
spatial_spd,871,North America,Cold_Without_dry_season_Warm_Summer,analysis=spatial_spd|dataset_id=871|region=North America|climatezone=Cold_Without_dry_season_Warm_Summer,human,-0.0319,0.1147,0.0828,17.65,TRUE,0.469,TRUE,TRUE,TRUE,TRUE,TRUE,TRUE,FALSE,TRUE,NA,0.176545842217484
spatial_spd,871,North America,Cold_Without_dry_season_Warm_Summer,analysis=spatial_spd|dataset_id=871|region=North America|climatezone=Cold_Without_dry_season_Warm_Summer,climate,0.2718,0.11470000000000002,0.3865,82.41,TRUE,0.469,TRUE,TRUE,TRUE,TRUE,TRUE,TRUE,FALSE,TRUE,NA,0.8240938166311301
spatial_spd,17371,Latin America,Polar,analysis=spatial_spd|dataset_id=17371|region=Latin America|climatezone=Polar,human,-0.0303,-0.004700000000000003,-0.035,-6.16,TRUE,0.568,TRUE,TRUE,TRUE,TRUE,TRUE,TRUE,TRUE,TRUE,NA,-0.06161971830985916
spatial_spd,17371,Latin America,Polar,analysis=spatial_spd|dataset_id=17371|region=Latin America|climatezone=Polar,climate,0.6076,-0.0047000000000000375,0.6029,106.14,TRUE,0.568,TRUE,TRUE,TRUE,TRUE,TRUE,TRUE,TRUE,TRUE,NA,1.061443661971831
spatial_spd,1448,North America,Cold_Without_dry_season_Warm_Summer,analysis=spatial_spd|dataset_id=1448|region=North America|climatezone=Cold_Without_dry_season_Warm_Summer,human,-0.0253,0.0563,0.031,12.45,TRUE,0.249,TRUE,TRUE,TRUE,TRUE,TRUE,TRUE,FALSE,TRUE,NA,0.12449799196787148
spatial_spd,1448,North America,Cold_Without_dry_season_Warm_Summer,analysis=spatial_spd|dataset_id=1448|region=North America|climatezone=Cold_Without_dry_season_Warm_Summer,climate,0.1616,0.05630000000000002,0.2179,87.51,TRUE,0.249,TRUE,TRUE,TRUE,TRUE,TRUE,TRUE,FALSE,TRUE,NA,0.8751004016064258
spatial_spd,24155,Europe,Cold_Without_dry_season_Cold_Summer,analysis=spatial_spd|dataset_id=24155|region=Europe|climatezone=Cold_Without_dry_season_Cold_Summer,human,0.0124,-0.0192,-0.0068,-1.52,TRUE,0.447,TRUE,TRUE,TRUE,TRUE,TRUE,FALSE,TRUE,TRUE,NA,-0.015212527964205816
spatial_spd,24155,Europe,Cold_Without_dry_season_Cold_Summer,analysis=spatial_spd|dataset_id=24155|region=Europe|climatezone=Cold_Without_dry_season_Cold_Summer,climate,0.4733,-0.019199999999999995,0.4541,101.59,TRUE,0.447,TRUE,TRUE,TRUE,TRUE,TRUE,FALSE,TRUE,TRUE,NA,1.015883668903803
spatial_spd,40454,Europe,Temperate_Without_dry_season,analysis=spatial_spd|dataset_id=40454|region=Europe|climatezone=Temperate_Without_dry_season,human,-0.011,0.013,0.002,0.75,TRUE,0.268,TRUE,TRUE,TRUE,TRUE,TRUE,TRUE,FALSE,TRUE,NA,0.007462686567164179
spatial_spd,40454,Europe,Temperate_Without_dry_season,analysis=spatial_spd|dataset_id=40454|region=Europe|climatezone=Temperate_Without_dry_season,climate,0.2532,0.013000000000000012,0.2662,99.33,TRUE,0.268,TRUE,TRUE,TRUE,TRUE,TRUE,TRUE,FALSE,TRUE,NA,0.9932835820895521
spatial_spd,22817,Europe,Cold_Without_dry_season_Warm_Summer,analysis=spatial_spd|dataset_id=22817|region=Europe|climatezone=Cold_Without_dry_season_Warm_Summer,human,-0.0279,0.0159,-0.012,-6.74,TRUE,0.178,TRUE,TRUE,TRUE,TRUE,TRUE,TRUE,TRUE,TRUE,NA,-0.06741573033707865
spatial_spd,22817,Europe,Cold_Without_dry_season_Warm_Summer,analysis=spatial_spd|dataset_id=22817|region=Europe|climatezone=Cold_Without_dry_season_Warm_Summer,climate,0.1745,0.01580000000000001,0.1903,106.91,TRUE,0.178,TRUE,TRUE,TRUE,TRUE,TRUE,TRUE,TRUE,TRUE,NA,1.0691011235955057
spatial_spd,25232,Europe,Temperate_Without_dry_season,analysis=spatial_spd|dataset_id=25232|region=Europe|climatezone=Temperate_Without_dry_season,human,0.0382,0.051500000000000004,0.0897,28.66,TRUE,0.313,TRUE,TRUE,TRUE,TRUE,TRUE,FALSE,FALSE,TRUE,NA,0.2865814696485623
spatial_spd,25232,Europe,Temperate_Without_dry_season,analysis=spatial_spd|dataset_id=25232|region=Europe|climatezone=Temperate_Without_dry_season,climate,0.1718,0.05159999999999998,0.2234,71.37,TRUE,0.313,TRUE,TRUE,TRUE,TRUE,TRUE,FALSE,FALSE,TRUE,NA,0.713738019169329
spatial_spd,43525,Europe,Temperate_Without_dry_season,analysis=spatial_spd|dataset_id=43525|region=Europe|climatezone=Temperate_Without_dry_season,human,0.245,0.006400000000000017,0.2514,72.24,TRUE,0.348,TRUE,TRUE,TRUE,TRUE,TRUE,FALSE,FALSE,TRUE,NA,0.7224137931034483
spatial_spd,43525,Europe,Temperate_Without_dry_season,analysis=spatial_spd|dataset_id=43525|region=Europe|climatezone=Temperate_Without_dry_season,climate,0.0899,0.006400000000000003,0.0963,27.67,TRUE,0.348,TRUE,TRUE,TRUE,TRUE,TRUE,FALSE,FALSE,TRUE,NA,0.2767241379310345
spatial_spd,20046,Europe,Polar,analysis=spatial_spd|dataset_id=20046|region=Europe|climatezone=Polar,human,0.1069,-0.011399999999999993,0.0955,26.9,TRUE,0.355,TRUE,TRUE,TRUE,TRUE,TRUE,FALSE,FALSE,TRUE,NA,0.2690140845070423
spatial_spd,20046,Europe,Polar,analysis=spatial_spd|dataset_id=20046|region=Europe|climatezone=Polar,climate,0.2707,-0.011400000000000021,0.2593,73.04,TRUE,0.355,TRUE,TRUE,TRUE,TRUE,TRUE,FALSE,FALSE,TRUE,NA,0.7304225352112675
spatial_spd,4209,Europe,Temperate_Without_dry_season,analysis=spatial_spd|dataset_id=4209|region=Europe|climatezone=Temperate_Without_dry_season,human,0.1252,0.0995,0.2247,76.69,TRUE,0.293,TRUE,TRUE,TRUE,TRUE,TRUE,TRUE,FALSE,TRUE,NA,0.7668941979522185
spatial_spd,4209,Europe,Temperate_Without_dry_season,analysis=spatial_spd|dataset_id=4209|region=Europe|climatezone=Temperate_Without_dry_season,climate,-0.0316,0.0995,0.0679,23.17,TRUE,0.293,TRUE,TRUE,TRUE,TRUE,TRUE,TRUE,FALSE,TRUE,NA,0.23174061433447102
spatial_spd,1622,North America,Cold_Without_dry_season_Warm_Summer,analysis=spatial_spd|dataset_id=1622|region=North America|climatezone=Cold_Without_dry_season_Warm_Summer,human,-0.0168,0.011399999999999999,-0.0054,-7.83,TRUE,0.069,TRUE,TRUE,TRUE,TRUE,TRUE,TRUE,TRUE,TRUE,NA,-0.07826086956521738
spatial_spd,1622,North America,Cold_Without_dry_season_Warm_Summer,analysis=spatial_spd|dataset_id=1622|region=North America|climatezone=Cold_Without_dry_season_Warm_Summer,climate,0.0634,0.011499999999999996,0.0749,108.55,TRUE,0.069,TRUE,TRUE,TRUE,TRUE,TRUE,TRUE,TRUE,TRUE,NA,1.0855072463768114
spatial_spd,4467,Europe,Cold_Without_dry_season_Cold_Summer,analysis=spatial_spd|dataset_id=4467|region=Europe|climatezone=Cold_Without_dry_season_Cold_Summer,human,-0.0716,0.011999999999999997,-0.0596,-26.49,TRUE,0.225,TRUE,TRUE,TRUE,TRUE,TRUE,TRUE,TRUE,TRUE,NA,-0.2648888888888889
spatial_spd,4467,Europe,Cold_Without_dry_season_Cold_Summer,analysis=spatial_spd|dataset_id=4467|region=Europe|climatezone=Cold_Without_dry_season_Cold_Summer,climate,0.2721,0.01200000000000001,0.2841,126.27,TRUE,0.225,TRUE,TRUE,TRUE,TRUE,TRUE,TRUE,TRUE,TRUE,NA,1.2626666666666668
spatial_spd,15793,North America,Cold_Without_dry_season_Warm_Summer,analysis=spatial_spd|dataset_id=15793|region=North America|climatezone=Cold_Without_dry_season_Warm_Summer,human,0.0063,0.0339,0.0402,8.55,TRUE,0.47,TRUE,TRUE,TRUE,TRUE,TRUE,FALSE,FALSE,TRUE,NA,0.08553191489361703
spatial_spd,15793,North America,Cold_Without_dry_season_Warm_Summer,analysis=spatial_spd|dataset_id=15793|region=North America|climatezone=Cold_Without_dry_season_Warm_Summer,climate,0.3957,0.033899999999999986,0.4296,91.4,TRUE,0.47,TRUE,TRUE,TRUE,TRUE,TRUE,FALSE,FALSE,TRUE,NA,0.9140425531914894
spatial_spd,3928,Europe,Cold_Without_dry_season_Cold_Summer,analysis=spatial_spd|dataset_id=3928|region=Europe|climatezone=Cold_Without_dry_season_Cold_Summer,human,-0.0342,-0.0049999999999999975,-0.0392,-15.81,TRUE,0.248,TRUE,TRUE,TRUE,TRUE,TRUE,TRUE,TRUE,TRUE,NA,-0.15806451612903225
spatial_spd,3928,Europe,Cold_Without_dry_season_Cold_Summer,analysis=spatial_spd|dataset_id=3928|region=Europe|climatezone=Cold_Without_dry_season_Cold_Summer,climate,0.2927,-0.005099999999999993,0.2876,115.97,TRUE,0.248,TRUE,TRUE,TRUE,TRUE,TRUE,TRUE,TRUE,TRUE,NA,1.1596774193548387
spatial_spd,4531,Europe,Cold_Without_dry_season_Warm_Summer,analysis=spatial_spd|dataset_id=4531|region=Europe|climatezone=Cold_Without_dry_season_Warm_Summer,human,-0.0311,0.0554,0.0243,5.9,TRUE,0.412,TRUE,TRUE,TRUE,TRUE,TRUE,TRUE,FALSE,TRUE,NA,0.058980582524271845
spatial_spd,4531,Europe,Cold_Without_dry_season_Warm_Summer,analysis=spatial_spd|dataset_id=4531|region=Europe|climatezone=Cold_Without_dry_season_Warm_Summer,climate,0.3326,0.055400000000000005,0.388,94.17,TRUE,0.412,TRUE,TRUE,TRUE,TRUE,TRUE,TRUE,FALSE,TRUE,NA,0.941747572815534
spatial_spd,2314,North America,Cold_Without_dry_season_Hot_Summer,analysis=spatial_spd|dataset_id=2314|region=North America|climatezone=Cold_Without_dry_season_Hot_Summer,human,0.0847,0.0625,0.1472,50.58,TRUE,0.291,TRUE,TRUE,TRUE,TRUE,TRUE,FALSE,FALSE,TRUE,NA,0.5058419243986254
spatial_spd,2314,North America,Cold_Without_dry_season_Hot_Summer,analysis=spatial_spd|dataset_id=2314|region=North America|climatezone=Cold_Without_dry_season_Hot_Summer,climate,0.081,0.0626,0.1436,49.35,TRUE,0.291,TRUE,TRUE,TRUE,TRUE,TRUE,FALSE,FALSE,TRUE,NA,0.49347079037800695
spatial_spd,339,North America,Cold_Without_dry_season_Warm_Summer,analysis=spatial_spd|dataset_id=339|region=North America|climatezone=Cold_Without_dry_season_Warm_Summer,human,0.0447,0.07869999999999999,0.1234,27.73,TRUE,0.445,TRUE,TRUE,TRUE,TRUE,TRUE,FALSE,FALSE,TRUE,NA,0.27730337078651685
spatial_spd,339,North America,Cold_Without_dry_season_Warm_Summer,analysis=spatial_spd|dataset_id=339|region=North America|climatezone=Cold_Without_dry_season_Warm_Summer,climate,0.243,0.0786,0.3216,72.27,TRUE,0.445,TRUE,TRUE,TRUE,TRUE,TRUE,FALSE,FALSE,TRUE,NA,0.7226966292134831
spatial_spd,1807,North America,Cold_Without_dry_season_Warm_Summer,analysis=spatial_spd|dataset_id=1807|region=North America|climatezone=Cold_Without_dry_season_Warm_Summer,human,-0.075,0.017299999999999996,-0.0577,-25.76,TRUE,0.224,TRUE,TRUE,TRUE,TRUE,TRUE,TRUE,TRUE,TRUE,NA,-0.2575892857142857
spatial_spd,1807,North America,Cold_Without_dry_season_Warm_Summer,analysis=spatial_spd|dataset_id=1807|region=North America|climatezone=Cold_Without_dry_season_Warm_Summer,climate,0.2643,0.017300000000000038,0.2816,125.71,TRUE,0.224,TRUE,TRUE,TRUE,TRUE,TRUE,TRUE,TRUE,TRUE,NA,1.2571428571428571
spatial_spd,514,North America,Polar,analysis=spatial_spd|dataset_id=514|region=North America|climatezone=Polar,human,-0.007,0.1516,0.1446,31.57,TRUE,0.458,TRUE,TRUE,TRUE,TRUE,TRUE,TRUE,FALSE,TRUE,NA,0.31572052401746725
spatial_spd,514,North America,Polar,analysis=spatial_spd|dataset_id=514|region=North America|climatezone=Polar,climate,0.1613,0.1516,0.3129,68.32,TRUE,0.458,TRUE,TRUE,TRUE,TRUE,TRUE,TRUE,FALSE,TRUE,NA,0.6831877729257642
spatial_spd,3125,North America,Cold_Without_dry_season_Cold_Summer,analysis=spatial_spd|dataset_id=3125|region=North America|climatezone=Cold_Without_dry_season_Cold_Summer,human,0.0545,0.1111,0.1656,29.1,TRUE,0.569,TRUE,TRUE,TRUE,TRUE,TRUE,FALSE,FALSE,TRUE,NA,0.2910369068541301
spatial_spd,3125,North America,Cold_Without_dry_season_Cold_Summer,analysis=spatial_spd|dataset_id=3125|region=North America|climatezone=Cold_Without_dry_season_Cold_Summer,climate,0.2924,0.11120000000000002,0.4036,70.93,TRUE,0.569,TRUE,TRUE,TRUE,TRUE,TRUE,FALSE,FALSE,TRUE,NA,0.7093145869947277
spatial_spd,20922,North America,Cold_Without_dry_season_Cold_Summer,analysis=spatial_spd|dataset_id=20922|region=North America|climatezone=Cold_Without_dry_season_Cold_Summer,human,0.1949,-0.01959999999999998,0.1753,57.29,TRUE,0.306,TRUE,TRUE,TRUE,TRUE,TRUE,FALSE,FALSE,TRUE,NA,0.5728758169934641
spatial_spd,20922,North America,Cold_Without_dry_season_Cold_Summer,analysis=spatial_spd|dataset_id=20922|region=North America|climatezone=Cold_Without_dry_season_Cold_Summer,climate,0.1508,-0.01959999999999998,0.1312,42.88,TRUE,0.306,TRUE,TRUE,TRUE,TRUE,TRUE,FALSE,FALSE,TRUE,NA,0.42875816993464055
spatial_spd,41606,North America,Polar,analysis=spatial_spd|dataset_id=41606|region=North America|climatezone=Polar,human,0.0458,0.1142,0.16,30.48,TRUE,0.525,TRUE,TRUE,TRUE,TRUE,TRUE,FALSE,FALSE,TRUE,NA,0.30476190476190473
spatial_spd,41606,North America,Polar,analysis=spatial_spd|dataset_id=41606|region=North America|climatezone=Polar,climate,0.251,0.11420000000000002,0.3652,69.56,TRUE,0.525,TRUE,TRUE,TRUE,TRUE,TRUE,FALSE,FALSE,TRUE,NA,0.6956190476190476
spatial_spd,352,North America,Cold_Without_dry_season_Hot_Summer,analysis=spatial_spd|dataset_id=352|region=North America|climatezone=Cold_Without_dry_season_Hot_Summer,human,0.0595,0.0597,0.1192,32.57,TRUE,0.366,TRUE,TRUE,TRUE,TRUE,TRUE,FALSE,FALSE,TRUE,NA,0.3256830601092896
spatial_spd,352,North America,Cold_Without_dry_season_Hot_Summer,analysis=spatial_spd|dataset_id=352|region=North America|climatezone=Cold_Without_dry_season_Hot_Summer,climate,0.1869,0.05979999999999999,0.2467,67.4,TRUE,0.366,TRUE,TRUE,TRUE,TRUE,TRUE,FALSE,FALSE,TRUE,NA,0.6740437158469945
spatial_spd,17304,North America,Cold_Without_dry_season_Warm_Summer,analysis=spatial_spd|dataset_id=17304|region=North America|climatezone=Cold_Without_dry_season_Warm_Summer,human,0.0473,0.1732,0.2205,44.28,TRUE,0.498,TRUE,TRUE,TRUE,TRUE,TRUE,FALSE,FALSE,TRUE,NA,0.4427710843373494
spatial_spd,17304,North America,Cold_Without_dry_season_Warm_Summer,analysis=spatial_spd|dataset_id=17304|region=North America|climatezone=Cold_Without_dry_season_Warm_Summer,climate,0.1046,0.1732,0.2778,55.78,TRUE,0.498,TRUE,TRUE,TRUE,TRUE,TRUE,FALSE,FALSE,TRUE,NA,0.5578313253012048
spatial_spd,22732,Europe,Cold_Without_dry_season_Warm_Summer,analysis=spatial_spd|dataset_id=22732|region=Europe|climatezone=Cold_Without_dry_season_Warm_Summer,human,0.145,-0.023999999999999994,0.121,23.59,TRUE,0.513,TRUE,TRUE,TRUE,TRUE,TRUE,FALSE,FALSE,TRUE,NA,0.23586744639376217
spatial_spd,22732,Europe,Cold_Without_dry_season_Warm_Summer,analysis=spatial_spd|dataset_id=22732|region=Europe|climatezone=Cold_Without_dry_season_Warm_Summer,climate,0.4159,-0.023899999999999977,0.392,76.41,TRUE,0.513,TRUE,TRUE,TRUE,TRUE,TRUE,FALSE,FALSE,TRUE,NA,0.7641325536062378
spatial_spd,2609,North America,Cold_Without_dry_season_Hot_Summer,analysis=spatial_spd|dataset_id=2609|region=North America|climatezone=Cold_Without_dry_season_Hot_Summer,human,0.1385,-0.026600000000000013,0.1119,25.9,TRUE,0.432,TRUE,TRUE,TRUE,TRUE,TRUE,FALSE,FALSE,TRUE,NA,0.2590277777777778
spatial_spd,2609,North America,Cold_Without_dry_season_Hot_Summer,analysis=spatial_spd|dataset_id=2609|region=North America|climatezone=Cold_Without_dry_season_Hot_Summer,climate,0.3464,-0.0267,0.3197,74,TRUE,0.432,TRUE,TRUE,TRUE,TRUE,TRUE,FALSE,FALSE,TRUE,NA,0.7400462962962963
spatial_spd,48798,Europe,Temperate_Without_dry_season,analysis=spatial_spd|dataset_id=48798|region=Europe|climatezone=Temperate_Without_dry_season,human,0.0295,-0.0015999999999999973,0.0279,8.64,TRUE,0.323,TRUE,TRUE,TRUE,TRUE,TRUE,FALSE,FALSE,TRUE,NA,0.08637770897832818
spatial_spd,48798,Europe,Temperate_Without_dry_season,analysis=spatial_spd|dataset_id=48798|region=Europe|climatezone=Temperate_Without_dry_season,climate,0.2969,-0.0015000000000000013,0.2954,91.46,TRUE,0.323,TRUE,TRUE,TRUE,TRUE,TRUE,FALSE,FALSE,TRUE,NA,0.9145510835913312
spatial_spd,21978,Latin America,Temperate_Without_dry_season,analysis=spatial_spd|dataset_id=21978|region=Latin America|climatezone=Temperate_Without_dry_season,human,-0.0542,0.10869999999999999,0.0545,14.49,TRUE,0.376,TRUE,TRUE,TRUE,TRUE,TRUE,TRUE,FALSE,TRUE,NA,0.1449468085106383
spatial_spd,21978,Latin America,Temperate_Without_dry_season,analysis=spatial_spd|dataset_id=21978|region=Latin America|climatezone=Temperate_Without_dry_season,climate,0.2128,0.10870000000000002,0.3215,85.51,TRUE,0.376,TRUE,TRUE,TRUE,TRUE,TRUE,TRUE,FALSE,TRUE,NA,0.8550531914893618
spatial_spd,22793,Europe,Cold_Without_dry_season_Cold_Summer,analysis=spatial_spd|dataset_id=22793|region=Europe|climatezone=Cold_Without_dry_season_Cold_Summer,human,-0.0334,0.0313,-0.0021,-0.46,TRUE,0.454,TRUE,TRUE,TRUE,TRUE,TRUE,TRUE,TRUE,TRUE,NA,-0.004625550660792951
spatial_spd,22793,Europe,Cold_Without_dry_season_Cold_Summer,analysis=spatial_spd|dataset_id=22793|region=Europe|climatezone=Cold_Without_dry_season_Cold_Summer,climate,0.4251,0.031200000000000006,0.4563,100.51,TRUE,0.454,TRUE,TRUE,TRUE,TRUE,TRUE,TRUE,TRUE,TRUE,NA,1.005066079295154
spatial_spd,15766,North America,Temperate_Dry_Summer,analysis=spatial_spd|dataset_id=15766|region=North America|climatezone=Temperate_Dry_Summer,human,-0.0635,0.065,0.0015,2.73,TRUE,0.055,TRUE,TRUE,TRUE,TRUE,TRUE,TRUE,FALSE,TRUE,NA,0.027272727272727275
spatial_spd,15766,North America,Temperate_Dry_Summer,analysis=spatial_spd|dataset_id=15766|region=North America|climatezone=Temperate_Dry_Summer,climate,-0.0119,0.065,0.0531,96.55,TRUE,0.055,TRUE,TRUE,TRUE,TRUE,TRUE,TRUE,FALSE,TRUE,NA,0.9654545454545455
spatial_spd,46481,Europe,Cold_Without_dry_season_Warm_Summer,analysis=spatial_spd|dataset_id=46481|region=Europe|climatezone=Cold_Without_dry_season_Warm_Summer,human,-0.0245,-0.0104,-0.0349,-15.44,TRUE,0.226,TRUE,TRUE,TRUE,TRUE,TRUE,TRUE,TRUE,TRUE,NA,-0.15442477876106195
spatial_spd,46481,Europe,Cold_Without_dry_season_Warm_Summer,analysis=spatial_spd|dataset_id=46481|region=Europe|climatezone=Cold_Without_dry_season_Warm_Summer,climate,0.2716,-0.01040000000000002,0.2612,115.58,TRUE,0.226,TRUE,TRUE,TRUE,TRUE,TRUE,TRUE,TRUE,TRUE,NA,1.1557522123893804
spatial_spd,17713,North America,Cold_Without_dry_season_Cold_Summer,analysis=spatial_spd|dataset_id=17713|region=North America|climatezone=Cold_Without_dry_season_Cold_Summer,human,-0.0121,0.1231,0.111,17.87,TRUE,0.621,TRUE,TRUE,TRUE,TRUE,TRUE,TRUE,FALSE,TRUE,NA,0.17874396135265702
spatial_spd,17713,North America,Cold_Without_dry_season_Cold_Summer,analysis=spatial_spd|dataset_id=17713|region=North America|climatezone=Cold_Without_dry_season_Cold_Summer,climate,0.3871,0.12309999999999999,0.5102,82.16,TRUE,0.621,TRUE,TRUE,TRUE,TRUE,TRUE,TRUE,FALSE,TRUE,NA,0.8215780998389693
spatial_spd,20651,North America,Polar,analysis=spatial_spd|dataset_id=20651|region=North America|climatezone=Polar,human,-0.0553,0.0228,-0.0325,-83.33,TRUE,0.039,TRUE,TRUE,TRUE,TRUE,TRUE,TRUE,TRUE,TRUE,NA,-0.8333333333333334
spatial_spd,20651,North America,Polar,analysis=spatial_spd|dataset_id=20651|region=North America|climatezone=Polar,climate,0.0488,0.022799999999999994,0.0716,183.59,TRUE,0.039,TRUE,TRUE,TRUE,TRUE,TRUE,TRUE,TRUE,TRUE,NA,1.8358974358974358
spatial_spd,47520,Europe,Cold_Without_dry_season_Cold_Summer,analysis=spatial_spd|dataset_id=47520|region=Europe|climatezone=Cold_Without_dry_season_Cold_Summer,human,0.0243,-0.013799999999999998,0.0105,2.17,TRUE,0.483,TRUE,TRUE,TRUE,TRUE,TRUE,FALSE,FALSE,TRUE,NA,0.02173913043478261
spatial_spd,47520,Europe,Cold_Without_dry_season_Cold_Summer,analysis=spatial_spd|dataset_id=47520|region=Europe|climatezone=Cold_Without_dry_season_Cold_Summer,climate,0.4859,-0.013799999999999979,0.4721,97.74,TRUE,0.483,TRUE,TRUE,TRUE,TRUE,TRUE,FALSE,FALSE,TRUE,NA,0.977432712215321
spatial_spd,4359,Europe,Temperate_Without_dry_season,analysis=spatial_spd|dataset_id=4359|region=Europe|climatezone=Temperate_Without_dry_season,human,0.4955,-0.13740000000000002,0.3581,63.27,TRUE,0.566,TRUE,TRUE,TRUE,TRUE,TRUE,FALSE,FALSE,TRUE,NA,0.6326855123674912
spatial_spd,4359,Europe,Temperate_Without_dry_season,analysis=spatial_spd|dataset_id=4359|region=Europe|climatezone=Temperate_Without_dry_season,climate,0.345,-0.13749999999999998,0.2075,36.66,TRUE,0.566,TRUE,TRUE,TRUE,TRUE,TRUE,FALSE,FALSE,TRUE,NA,0.3666077738515901
spatial_spd,1788,North America,Polar,analysis=spatial_spd|dataset_id=1788|region=North America|climatezone=Polar,human,0.0396,0.04019999999999999,0.0798,17.27,TRUE,0.462,TRUE,TRUE,TRUE,TRUE,TRUE,FALSE,FALSE,TRUE,NA,0.1727272727272727
spatial_spd,1788,North America,Polar,analysis=spatial_spd|dataset_id=1788|region=North America|climatezone=Polar,climate,0.3418,0.0403,0.3821,82.71,TRUE,0.462,TRUE,TRUE,TRUE,TRUE,TRUE,FALSE,FALSE,TRUE,NA,0.827056277056277
spatial_spd,45648,Oceania,Temperate_Without_dry_season,analysis=spatial_spd|dataset_id=45648|region=Oceania|climatezone=Temperate_Without_dry_season,human,-0.0053,0.1331,0.1278,26.4,TRUE,0.484,TRUE,TRUE,TRUE,TRUE,TRUE,TRUE,FALSE,TRUE,NA,0.2640495867768595
spatial_spd,45648,Oceania,Temperate_Without_dry_season,analysis=spatial_spd|dataset_id=45648|region=Oceania|climatezone=Temperate_Without_dry_season,climate,0.2229,0.1331,0.356,73.55,TRUE,0.484,TRUE,TRUE,TRUE,TRUE,TRUE,TRUE,FALSE,TRUE,NA,0.7355371900826446
spatial_spd,4183,Europe,Cold_Without_dry_season_Cold_Summer,analysis=spatial_spd|dataset_id=4183|region=Europe|climatezone=Cold_Without_dry_season_Cold_Summer,human,0.152,-0.00470000000000001,0.1473,28.44,TRUE,0.518,TRUE,TRUE,TRUE,TRUE,TRUE,FALSE,FALSE,TRUE,NA,0.2843629343629343
spatial_spd,4183,Europe,Cold_Without_dry_season_Cold_Summer,analysis=spatial_spd|dataset_id=4183|region=Europe|climatezone=Cold_Without_dry_season_Cold_Summer,climate,0.3756,-0.004599999999999993,0.371,71.62,TRUE,0.518,TRUE,TRUE,TRUE,TRUE,TRUE,FALSE,FALSE,TRUE,NA,0.7162162162162162
spatial_spd,816,North America,Temperate_Dry_Summer,analysis=spatial_spd|dataset_id=816|region=North America|climatezone=Temperate_Dry_Summer,human,0.1866,-0.06,0.1266,21.9,TRUE,0.578,TRUE,TRUE,TRUE,TRUE,TRUE,FALSE,FALSE,TRUE,NA,0.2190311418685121
spatial_spd,816,North America,Temperate_Dry_Summer,analysis=spatial_spd|dataset_id=816|region=North America|climatezone=Temperate_Dry_Summer,climate,0.5118,-0.06000000000000005,0.4518,78.17,TRUE,0.578,TRUE,TRUE,TRUE,TRUE,TRUE,FALSE,FALSE,TRUE,NA,0.7816608996539792
spatial_spd,3056,North America,Polar,analysis=spatial_spd|dataset_id=3056|region=North America|climatezone=Polar,human,0.0393,0.0508,0.0901,51.19,TRUE,0.176,TRUE,TRUE,TRUE,TRUE,TRUE,FALSE,FALSE,TRUE,NA,0.5119318181818182
spatial_spd,3056,North America,Polar,analysis=spatial_spd|dataset_id=3056|region=North America|climatezone=Polar,climate,0.0356,0.0507,0.0863,49.03,TRUE,0.176,TRUE,TRUE,TRUE,TRUE,TRUE,FALSE,FALSE,TRUE,NA,0.4903409090909091
spatial_spd,40803,North America,Cold_Without_dry_season_Hot_Summer,analysis=spatial_spd|dataset_id=40803|region=North America|climatezone=Cold_Without_dry_season_Hot_Summer,human,0.0552,0.0685,0.1237,33.16,TRUE,0.373,TRUE,TRUE,TRUE,TRUE,TRUE,FALSE,FALSE,TRUE,NA,0.3316353887399464
spatial_spd,40803,North America,Cold_Without_dry_season_Hot_Summer,analysis=spatial_spd|dataset_id=40803|region=North America|climatezone=Cold_Without_dry_season_Hot_Summer,climate,0.181,0.0685,0.2495,66.89,TRUE,0.373,TRUE,TRUE,TRUE,TRUE,TRUE,FALSE,FALSE,TRUE,NA,0.6689008042895442
spatial_spd,22652,Europe,Cold_Without_dry_season_Cold_Summer,analysis=spatial_spd|dataset_id=22652|region=Europe|climatezone=Cold_Without_dry_season_Cold_Summer,human,-0.034,0.039900000000000005,0.0059,5.9,TRUE,0.1,TRUE,TRUE,TRUE,TRUE,TRUE,TRUE,FALSE,TRUE,NA,0.059
spatial_spd,22652,Europe,Cold_Without_dry_season_Cold_Summer,analysis=spatial_spd|dataset_id=22652|region=Europe|climatezone=Cold_Without_dry_season_Cold_Summer,climate,0.0546,0.04,0.0946,94.6,TRUE,0.1,TRUE,TRUE,TRUE,TRUE,TRUE,TRUE,FALSE,TRUE,NA,0.946
spatial_spd,24956,Europe,Cold_Without_dry_season_Warm_Summer,analysis=spatial_spd|dataset_id=24956|region=Europe|climatezone=Cold_Without_dry_season_Warm_Summer,human,-0.0829,0.0482,-0.0347,-30.98,TRUE,0.112,TRUE,TRUE,TRUE,TRUE,TRUE,TRUE,TRUE,TRUE,NA,-0.3098214285714286
spatial_spd,24956,Europe,Cold_Without_dry_season_Warm_Summer,analysis=spatial_spd|dataset_id=24956|region=Europe|climatezone=Cold_Without_dry_season_Warm_Summer,climate,0.0989,0.04820000000000001,0.1471,131.34,TRUE,0.112,TRUE,TRUE,TRUE,TRUE,TRUE,TRUE,TRUE,TRUE,NA,1.3133928571428573
spatial_spd,16278,North America,Cold_Without_dry_season_Warm_Summer,analysis=spatial_spd|dataset_id=16278|region=North America|climatezone=Cold_Without_dry_season_Warm_Summer,human,-0.0607,0.0733,0.0126,4.26,TRUE,0.296,TRUE,TRUE,TRUE,TRUE,TRUE,TRUE,FALSE,TRUE,NA,0.04256756756756757
spatial_spd,16278,North America,Cold_Without_dry_season_Warm_Summer,analysis=spatial_spd|dataset_id=16278|region=North America|climatezone=Cold_Without_dry_season_Warm_Summer,climate,0.2103,0.07319999999999999,0.2835,95.78,TRUE,0.296,TRUE,TRUE,TRUE,TRUE,TRUE,TRUE,FALSE,TRUE,NA,0.9577702702702703
spatial_spd,1632,North America,Cold_Dry_Summer,analysis=spatial_spd|dataset_id=1632|region=North America|climatezone=Cold_Dry_Summer,human,0.2324,-0.03539999999999999,0.197,60.43,TRUE,0.326,TRUE,TRUE,TRUE,TRUE,TRUE,FALSE,FALSE,TRUE,NA,0.6042944785276073
spatial_spd,1632,North America,Cold_Dry_Summer,analysis=spatial_spd|dataset_id=1632|region=North America|climatezone=Cold_Dry_Summer,climate,0.164,-0.035400000000000015,0.1286,39.45,TRUE,0.326,TRUE,TRUE,TRUE,TRUE,TRUE,FALSE,FALSE,TRUE,NA,0.3944785276073619
spatial_spd,1904,North America,Cold_Without_dry_season_Warm_Summer,analysis=spatial_spd|dataset_id=1904|region=North America|climatezone=Cold_Without_dry_season_Warm_Summer,human,-0.0279,0.0811,0.0532,8.85,TRUE,0.601,TRUE,TRUE,TRUE,TRUE,TRUE,TRUE,FALSE,TRUE,NA,0.08851913477537438
spatial_spd,1904,North America,Cold_Without_dry_season_Warm_Summer,analysis=spatial_spd|dataset_id=1904|region=North America|climatezone=Cold_Without_dry_season_Warm_Summer,climate,0.4665,0.08109999999999995,0.5476,91.11,TRUE,0.601,TRUE,TRUE,TRUE,TRUE,TRUE,TRUE,FALSE,TRUE,NA,0.9111480865224626
spatial_spd,48948,Europe,Polar,analysis=spatial_spd|dataset_id=48948|region=Europe|climatezone=Polar,human,-0.0109,0.0091,-0.0018,-0.72,TRUE,0.251,TRUE,TRUE,TRUE,TRUE,TRUE,TRUE,TRUE,TRUE,NA,-0.007171314741035857
spatial_spd,48948,Europe,Polar,analysis=spatial_spd|dataset_id=48948|region=Europe|climatezone=Polar,climate,0.2435,0.009099999999999997,0.2526,100.64,TRUE,0.251,TRUE,TRUE,TRUE,TRUE,TRUE,TRUE,TRUE,TRUE,NA,1.0063745019920318
spatial_spd,3977,Europe,Cold_Without_dry_season_Warm_Summer,analysis=spatial_spd|dataset_id=3977|region=Europe|climatezone=Cold_Without_dry_season_Warm_Summer,human,0.0037,0.0058,0.0095,11.73,TRUE,0.081,TRUE,TRUE,TRUE,TRUE,TRUE,FALSE,FALSE,TRUE,NA,0.11728395061728394
spatial_spd,3977,Europe,Cold_Without_dry_season_Warm_Summer,analysis=spatial_spd|dataset_id=3977|region=Europe|climatezone=Cold_Without_dry_season_Warm_Summer,climate,0.0655,0.0058,0.0713,88.02,TRUE,0.081,TRUE,TRUE,TRUE,TRUE,TRUE,FALSE,FALSE,TRUE,NA,0.8802469135802469
spatial_spd,25837,Europe,Cold_Without_dry_season_Cold_Summer,analysis=spatial_spd|dataset_id=25837|region=Europe|climatezone=Cold_Without_dry_season_Cold_Summer,human,-0.0619,0.12029999999999999,0.0584,19.08,TRUE,0.306,TRUE,TRUE,TRUE,TRUE,TRUE,TRUE,FALSE,TRUE,NA,0.1908496732026144
spatial_spd,25837,Europe,Cold_Without_dry_season_Cold_Summer,analysis=spatial_spd|dataset_id=25837|region=Europe|climatezone=Cold_Without_dry_season_Cold_Summer,climate,0.1277,0.12029999999999999,0.248,81.05,TRUE,0.306,TRUE,TRUE,TRUE,TRUE,TRUE,TRUE,FALSE,TRUE,NA,0.8104575163398693
spatial_spd,2961,North America,Cold_Without_dry_season_Hot_Summer,analysis=spatial_spd|dataset_id=2961|region=North America|climatezone=Cold_Without_dry_season_Hot_Summer,human,0.0354,0.0893,0.1247,25.09,TRUE,0.497,TRUE,TRUE,TRUE,TRUE,TRUE,FALSE,FALSE,TRUE,NA,0.25090543259557346
spatial_spd,2961,North America,Cold_Without_dry_season_Hot_Summer,analysis=spatial_spd|dataset_id=2961|region=North America|climatezone=Cold_Without_dry_season_Hot_Summer,climate,0.2831,0.0892,0.3723,74.91,TRUE,0.497,TRUE,TRUE,TRUE,TRUE,TRUE,FALSE,FALSE,TRUE,NA,0.7490945674044266
spatial_spd,4145,Europe,Cold_Without_dry_season_Cold_Summer,analysis=spatial_spd|dataset_id=4145|region=Europe|climatezone=Cold_Without_dry_season_Cold_Summer,human,-0.013,-0.0052000000000000015,-0.0182,-4.28,TRUE,0.425,TRUE,TRUE,TRUE,TRUE,TRUE,TRUE,TRUE,TRUE,NA,-0.04282352941176471
spatial_spd,4145,Europe,Cold_Without_dry_season_Cold_Summer,analysis=spatial_spd|dataset_id=4145|region=Europe|climatezone=Cold_Without_dry_season_Cold_Summer,climate,0.4486,-0.005299999999999971,0.4433,104.31,TRUE,0.425,TRUE,TRUE,TRUE,TRUE,TRUE,TRUE,TRUE,TRUE,NA,1.0430588235294118
spatial_spd,1152,North America,Cold_Without_dry_season_Cold_Summer,analysis=spatial_spd|dataset_id=1152|region=North America|climatezone=Cold_Without_dry_season_Cold_Summer,human,0.0523,-0.006699999999999998,0.0456,13.69,TRUE,0.333,TRUE,TRUE,TRUE,TRUE,TRUE,FALSE,FALSE,TRUE,NA,0.13693693693693693
spatial_spd,1152,North America,Cold_Without_dry_season_Cold_Summer,analysis=spatial_spd|dataset_id=1152|region=North America|climatezone=Cold_Without_dry_season_Cold_Summer,climate,0.2939,-0.006799999999999973,0.2871,86.22,TRUE,0.333,TRUE,TRUE,TRUE,TRUE,TRUE,FALSE,FALSE,TRUE,NA,0.8621621621621621
spatial_spd,3468,North America,Cold_Without_dry_season_Hot_Summer,analysis=spatial_spd|dataset_id=3468|region=North America|climatezone=Cold_Without_dry_season_Hot_Summer,human,-0.0166,0.1241,0.1075,25,TRUE,0.43,TRUE,TRUE,TRUE,TRUE,TRUE,TRUE,FALSE,TRUE,NA,0.25
spatial_spd,3468,North America,Cold_Without_dry_season_Hot_Summer,analysis=spatial_spd|dataset_id=3468|region=North America|climatezone=Cold_Without_dry_season_Hot_Summer,climate,0.1988,0.12410000000000002,0.3229,75.09,TRUE,0.43,TRUE,TRUE,TRUE,TRUE,TRUE,TRUE,FALSE,TRUE,NA,0.7509302325581396
spatial_spd,15586,North America,Cold_Dry_Summer,analysis=spatial_spd|dataset_id=15586|region=North America|climatezone=Cold_Dry_Summer,human,0.0143,-0.0045000000000000005,0.0098,14.2,TRUE,0.069,TRUE,TRUE,TRUE,TRUE,TRUE,FALSE,FALSE,TRUE,NA,0.14202898550724635
spatial_spd,15586,North America,Cold_Dry_Summer,analysis=spatial_spd|dataset_id=15586|region=North America|climatezone=Cold_Dry_Summer,climate,0.0632,-0.004400000000000008,0.0588,85.22,TRUE,0.069,TRUE,TRUE,TRUE,TRUE,TRUE,FALSE,FALSE,TRUE,NA,0.8521739130434781
spatial_spd,22908,Europe,Temperate_Without_dry_season,analysis=spatial_spd|dataset_id=22908|region=Europe|climatezone=Temperate_Without_dry_season,human,0.2933,-0.0461,0.2472,53.86,TRUE,0.459,TRUE,TRUE,TRUE,TRUE,TRUE,FALSE,FALSE,TRUE,NA,0.538562091503268
spatial_spd,22908,Europe,Temperate_Without_dry_season,analysis=spatial_spd|dataset_id=22908|region=Europe|climatezone=Temperate_Without_dry_season,climate,0.2582,-0.046099999999999974,0.2121,46.21,TRUE,0.459,TRUE,TRUE,TRUE,TRUE,TRUE,FALSE,FALSE,TRUE,NA,0.4620915032679739
spatial_spd,1104,North America,Cold_Dry_Summer,analysis=spatial_spd|dataset_id=1104|region=North America|climatezone=Cold_Dry_Summer,human,-0.03,0.044,0.014,4.07,TRUE,0.344,TRUE,TRUE,TRUE,TRUE,TRUE,TRUE,FALSE,TRUE,NA,0.040697674418604654
spatial_spd,1104,North America,Cold_Dry_Summer,analysis=spatial_spd|dataset_id=1104|region=North America|climatezone=Cold_Dry_Summer,climate,0.2863,0.043999999999999984,0.3303,96.02,TRUE,0.344,TRUE,TRUE,TRUE,TRUE,TRUE,TRUE,FALSE,TRUE,NA,0.9601744186046511
spatial_spd,2623,North America,Cold_Without_dry_season_Hot_Summer,analysis=spatial_spd|dataset_id=2623|region=North America|climatezone=Cold_Without_dry_season_Hot_Summer,human,-0.0547,0.11349999999999999,0.0588,17.71,TRUE,0.332,TRUE,TRUE,TRUE,TRUE,TRUE,TRUE,FALSE,TRUE,NA,0.17710843373493976
spatial_spd,2623,North America,Cold_Without_dry_season_Hot_Summer,analysis=spatial_spd|dataset_id=2623|region=North America|climatezone=Cold_Without_dry_season_Hot_Summer,climate,0.1599,0.1134,0.2733,82.32,TRUE,0.332,TRUE,TRUE,TRUE,TRUE,TRUE,TRUE,FALSE,TRUE,NA,0.8231927710843373
spatial_spd,1626,North America,Cold_Without_dry_season_Warm_Summer,analysis=spatial_spd|dataset_id=1626|region=North America|climatezone=Cold_Without_dry_season_Warm_Summer,human,0.0719,0.1362,0.2081,35.21,TRUE,0.591,TRUE,TRUE,TRUE,TRUE,TRUE,FALSE,FALSE,TRUE,NA,0.35211505922165826
spatial_spd,1626,North America,Cold_Without_dry_season_Warm_Summer,analysis=spatial_spd|dataset_id=1626|region=North America|climatezone=Cold_Without_dry_season_Warm_Summer,climate,0.2465,0.1361,0.3826,64.74,TRUE,0.591,TRUE,TRUE,TRUE,TRUE,TRUE,FALSE,FALSE,TRUE,NA,0.6473773265651438
spatial_spd,24091,Europe,Cold_Without_dry_season_Warm_Summer,analysis=spatial_spd|dataset_id=24091|region=Europe|climatezone=Cold_Without_dry_season_Warm_Summer,human,-0.0628,0.06199999999999999,-8e-4,-0.32,TRUE,0.248,TRUE,TRUE,TRUE,TRUE,TRUE,TRUE,TRUE,TRUE,NA,-0.0032258064516129032
spatial_spd,24091,Europe,Cold_Without_dry_season_Warm_Summer,analysis=spatial_spd|dataset_id=24091|region=Europe|climatezone=Cold_Without_dry_season_Warm_Summer,climate,0.1863,0.062,0.2483,100.12,TRUE,0.248,TRUE,TRUE,TRUE,TRUE,TRUE,TRUE,TRUE,TRUE,NA,1.0012096774193548
spatial_spd,45381,Europe,Cold_Without_dry_season_Warm_Summer,analysis=spatial_spd|dataset_id=45381|region=Europe|climatezone=Cold_Without_dry_season_Warm_Summer,human,0.1862,0.091,0.2772,67.12,TRUE,0.413,TRUE,TRUE,TRUE,TRUE,TRUE,FALSE,FALSE,TRUE,NA,0.6711864406779662
spatial_spd,45381,Europe,Cold_Without_dry_season_Warm_Summer,analysis=spatial_spd|dataset_id=45381|region=Europe|climatezone=Cold_Without_dry_season_Warm_Summer,climate,0.0451,0.091,0.1361,32.95,TRUE,0.413,TRUE,TRUE,TRUE,TRUE,TRUE,FALSE,FALSE,TRUE,NA,0.3295399515738499
spatial_spd,24303,Europe,Polar,analysis=spatial_spd|dataset_id=24303|region=Europe|climatezone=Polar,human,0.2379,-0.10419999999999999,0.1337,73.46,TRUE,0.182,TRUE,TRUE,TRUE,TRUE,TRUE,FALSE,FALSE,TRUE,NA,0.7346153846153847
spatial_spd,24303,Europe,Polar,analysis=spatial_spd|dataset_id=24303|region=Europe|climatezone=Polar,climate,0.1527,-0.1042,0.0485,26.65,TRUE,0.182,TRUE,TRUE,TRUE,TRUE,TRUE,FALSE,FALSE,TRUE,NA,0.2664835164835165
spatial_spd,228,North America,Temperate_Dry_Summer,analysis=spatial_spd|dataset_id=228|region=North America|climatezone=Temperate_Dry_Summer,human,0.1796,-0.0641,0.1155,21.83,TRUE,0.529,TRUE,TRUE,TRUE,TRUE,TRUE,FALSE,FALSE,TRUE,NA,0.21833648393194707
spatial_spd,228,North America,Temperate_Dry_Summer,analysis=spatial_spd|dataset_id=228|region=North America|climatezone=Temperate_Dry_Summer,climate,0.4779,-0.06409999999999999,0.4138,78.22,TRUE,0.529,TRUE,TRUE,TRUE,TRUE,TRUE,FALSE,FALSE,TRUE,NA,0.7822306238185255
spatial_spd,32,Latin America,Polar,analysis=spatial_spd|dataset_id=32|region=Latin America|climatezone=Polar,human,0.0442,-0.0023000000000000034,0.0419,7.91,TRUE,0.53,TRUE,TRUE,TRUE,TRUE,TRUE,FALSE,FALSE,TRUE,NA,0.07905660377358491
spatial_spd,32,Latin America,Polar,analysis=spatial_spd|dataset_id=32|region=Latin America|climatezone=Polar,climate,0.4905,-0.0022999999999999687,0.4882,92.11,TRUE,0.53,TRUE,TRUE,TRUE,TRUE,TRUE,FALSE,FALSE,TRUE,NA,0.9211320754716981
spatial_spd,1002,North America,Cold_Without_dry_season_Warm_Summer,analysis=spatial_spd|dataset_id=1002|region=North America|climatezone=Cold_Without_dry_season_Warm_Summer,human,0.0027,0.0527,0.0554,16.54,TRUE,0.335,TRUE,TRUE,TRUE,TRUE,TRUE,FALSE,FALSE,TRUE,NA,0.16537313432835818
spatial_spd,1002,North America,Cold_Without_dry_season_Warm_Summer,analysis=spatial_spd|dataset_id=1002|region=North America|climatezone=Cold_Without_dry_season_Warm_Summer,climate,0.2269,0.052700000000000025,0.2796,83.46,TRUE,0.335,TRUE,TRUE,TRUE,TRUE,TRUE,FALSE,FALSE,TRUE,NA,0.8346268656716418
spatial_spd,2953,North America,Temperate_Without_dry_season,analysis=spatial_spd|dataset_id=2953|region=North America|climatezone=Temperate_Without_dry_season,human,0.0059,0.0873,0.0932,17.39,TRUE,0.536,TRUE,TRUE,TRUE,TRUE,TRUE,FALSE,FALSE,TRUE,NA,0.17388059701492536
spatial_spd,2953,North America,Temperate_Without_dry_season,analysis=spatial_spd|dataset_id=2953|region=North America|climatezone=Temperate_Without_dry_season,climate,0.3553,0.08729999999999999,0.4426,82.57,TRUE,0.536,TRUE,TRUE,TRUE,TRUE,TRUE,FALSE,FALSE,TRUE,NA,0.8257462686567164
spatial_spd,1648,North America,Temperate_Without_dry_season,analysis=spatial_spd|dataset_id=1648|region=North America|climatezone=Temperate_Without_dry_season,human,0.0313,0.1056,0.1369,21.97,TRUE,0.623,TRUE,TRUE,TRUE,TRUE,TRUE,FALSE,FALSE,TRUE,NA,0.21974317817014447
spatial_spd,1648,North America,Temperate_Without_dry_season,analysis=spatial_spd|dataset_id=1648|region=North America|climatezone=Temperate_Without_dry_season,climate,0.3807,0.10570000000000002,0.4864,78.07,TRUE,0.623,TRUE,TRUE,TRUE,TRUE,TRUE,FALSE,FALSE,TRUE,NA,0.7807383627608346
spatial_spd,15776,North America,Temperate_Dry_Summer,analysis=spatial_spd|dataset_id=15776|region=North America|climatezone=Temperate_Dry_Summer,human,0.1187,-0.0175,0.1012,89.56,TRUE,0.113,TRUE,TRUE,TRUE,TRUE,TRUE,FALSE,FALSE,TRUE,NA,0.895575221238938
spatial_spd,15776,North America,Temperate_Dry_Summer,analysis=spatial_spd|dataset_id=15776|region=North America|climatezone=Temperate_Dry_Summer,climate,0.0298,-0.017599999999999998,0.0122,10.8,TRUE,0.113,TRUE,TRUE,TRUE,TRUE,TRUE,FALSE,FALSE,TRUE,NA,0.1079646017699115
spatial_spd,2593,North America,Cold_Without_dry_season_Hot_Summer,analysis=spatial_spd|dataset_id=2593|region=North America|climatezone=Cold_Without_dry_season_Hot_Summer,human,0.0558,0.0805,0.1363,32,TRUE,0.426,TRUE,TRUE,TRUE,TRUE,TRUE,FALSE,FALSE,TRUE,NA,0.3199530516431925
spatial_spd,2593,North America,Cold_Without_dry_season_Hot_Summer,analysis=spatial_spd|dataset_id=2593|region=North America|climatezone=Cold_Without_dry_season_Hot_Summer,climate,0.2093,0.08049999999999999,0.2898,68.03,TRUE,0.426,TRUE,TRUE,TRUE,TRUE,TRUE,FALSE,FALSE,TRUE,NA,0.680281690140845
spatial_spd,45716,Europe,Polar,analysis=spatial_spd|dataset_id=45716|region=Europe|climatezone=Polar,human,0.1625,-0.0345,0.128,30.7,TRUE,0.417,TRUE,TRUE,TRUE,TRUE,TRUE,FALSE,FALSE,TRUE,NA,0.30695443645083936
spatial_spd,45716,Europe,Polar,analysis=spatial_spd|dataset_id=45716|region=Europe|climatezone=Polar,climate,0.3232,-0.034499999999999975,0.2887,69.23,TRUE,0.417,TRUE,TRUE,TRUE,TRUE,TRUE,FALSE,FALSE,TRUE,NA,0.6923261390887291
spatial_spd,15394,Latin America,Tropical,analysis=spatial_spd|dataset_id=15394|region=Latin America|climatezone=Tropical,human,0.0948,0.0416,0.1364,19.97,TRUE,0.683,TRUE,TRUE,TRUE,TRUE,TRUE,FALSE,FALSE,TRUE,NA,0.19970717423133233
spatial_spd,15394,Latin America,Tropical,analysis=spatial_spd|dataset_id=15394|region=Latin America|climatezone=Tropical,climate,0.5053,0.04170000000000007,0.547,80.09,TRUE,0.683,TRUE,TRUE,TRUE,TRUE,TRUE,FALSE,FALSE,TRUE,NA,0.8008784773060029
spatial_spd,1766,North America,Arid,analysis=spatial_spd|dataset_id=1766|region=North America|climatezone=Arid,human,0.1857,0.0050000000000000044,0.1907,54.64,TRUE,0.349,TRUE,TRUE,TRUE,TRUE,TRUE,FALSE,FALSE,TRUE,NA,0.5464183381088826
spatial_spd,1766,North America,Arid,analysis=spatial_spd|dataset_id=1766|region=North America|climatezone=Arid,climate,0.1532,0.004899999999999988,0.1581,45.3,TRUE,0.349,TRUE,TRUE,TRUE,TRUE,TRUE,FALSE,FALSE,TRUE,NA,0.4530085959885387
spatial_spd,22851,Europe,Cold_Without_dry_season_Warm_Summer,analysis=spatial_spd|dataset_id=22851|region=Europe|climatezone=Cold_Without_dry_season_Warm_Summer,human,0.0436,0.044899999999999995,0.0885,23.23,TRUE,0.381,TRUE,TRUE,TRUE,TRUE,TRUE,FALSE,FALSE,TRUE,NA,0.2322834645669291
spatial_spd,22851,Europe,Cold_Without_dry_season_Warm_Summer,analysis=spatial_spd|dataset_id=22851|region=Europe|climatezone=Cold_Without_dry_season_Warm_Summer,climate,0.2479,0.044899999999999995,0.2928,76.85,TRUE,0.381,TRUE,TRUE,TRUE,TRUE,TRUE,FALSE,FALSE,TRUE,NA,0.768503937007874
spatial_spd,48925,North America,Cold_Without_dry_season_Warm_Summer,analysis=spatial_spd|dataset_id=48925|region=North America|climatezone=Cold_Without_dry_season_Warm_Summer,human,-0.0313,0.0421,0.0108,2.46,TRUE,0.439,TRUE,TRUE,TRUE,TRUE,TRUE,TRUE,FALSE,TRUE,NA,0.024601366742596813
spatial_spd,48925,North America,Cold_Without_dry_season_Warm_Summer,analysis=spatial_spd|dataset_id=48925|region=North America|climatezone=Cold_Without_dry_season_Warm_Summer,climate,0.3859,0.04209999999999997,0.428,97.49,TRUE,0.439,TRUE,TRUE,TRUE,TRUE,TRUE,TRUE,FALSE,TRUE,NA,0.9749430523917996
spatial_spd,17368,Latin America,Polar,analysis=spatial_spd|dataset_id=17368|region=Latin America|climatezone=Polar,human,0.1211,-0.021599999999999994,0.0995,33.96,TRUE,0.293,TRUE,TRUE,TRUE,TRUE,TRUE,FALSE,FALSE,TRUE,NA,0.3395904436860069
spatial_spd,17368,Latin America,Polar,analysis=spatial_spd|dataset_id=17368|region=Latin America|climatezone=Polar,climate,0.2151,-0.021600000000000008,0.1935,66.04,TRUE,0.293,TRUE,TRUE,TRUE,TRUE,TRUE,FALSE,FALSE,TRUE,NA,0.6604095563139932
spatial_spd,4120,Europe,Cold_Without_dry_season_Warm_Summer,analysis=spatial_spd|dataset_id=4120|region=Europe|climatezone=Cold_Without_dry_season_Warm_Summer,human,-0.0328,0.027100000000000003,-0.0057,-1.45,TRUE,0.393,TRUE,TRUE,TRUE,TRUE,TRUE,TRUE,TRUE,TRUE,NA,-0.01450381679389313
spatial_spd,4120,Europe,Cold_Without_dry_season_Warm_Summer,analysis=spatial_spd|dataset_id=4120|region=Europe|climatezone=Cold_Without_dry_season_Warm_Summer,climate,0.3715,0.027200000000000002,0.3987,101.45,TRUE,0.393,TRUE,TRUE,TRUE,TRUE,TRUE,TRUE,TRUE,TRUE,NA,1.0145038167938931
spatial_spd,18123,Latin America,Arid,analysis=spatial_spd|dataset_id=18123|region=Latin America|climatezone=Arid,human,-0.0681,0.041499999999999995,-0.0266,-9.74,TRUE,0.273,TRUE,TRUE,TRUE,TRUE,TRUE,TRUE,TRUE,TRUE,NA,-0.09743589743589742
spatial_spd,18123,Latin America,Arid,analysis=spatial_spd|dataset_id=18123|region=Latin America|climatezone=Arid,climate,0.2585,0.04149999999999998,0.3,109.89,TRUE,0.273,TRUE,TRUE,TRUE,TRUE,TRUE,TRUE,TRUE,TRUE,NA,1.0989010989010988
spatial_spd,43295,Latin America,Cold_Dry_Summer,analysis=spatial_spd|dataset_id=43295|region=Latin America|climatezone=Cold_Dry_Summer,human,-4e-4,0.0084,0.008,4.21,TRUE,0.19,TRUE,TRUE,TRUE,TRUE,TRUE,TRUE,FALSE,TRUE,NA,0.042105263157894736
spatial_spd,43295,Latin America,Cold_Dry_Summer,analysis=spatial_spd|dataset_id=43295|region=Latin America|climatezone=Cold_Dry_Summer,climate,0.1733,0.00839999999999999,0.1817,95.63,TRUE,0.19,TRUE,TRUE,TRUE,TRUE,TRUE,TRUE,FALSE,TRUE,NA,0.9563157894736842
spatial_spd,15259,Latin America,Polar,analysis=spatial_spd|dataset_id=15259|region=Latin America|climatezone=Polar,human,0.1189,-0.0208,0.0981,19.74,TRUE,0.497,TRUE,TRUE,TRUE,TRUE,TRUE,FALSE,FALSE,TRUE,NA,0.19738430583501007
spatial_spd,15259,Latin America,Polar,analysis=spatial_spd|dataset_id=15259|region=Latin America|climatezone=Polar,climate,0.4195,-0.020799999999999985,0.3987,80.22,TRUE,0.497,TRUE,TRUE,TRUE,TRUE,TRUE,FALSE,FALSE,TRUE,NA,0.8022132796780684
spatial_spd,15682,North America,Cold_Without_dry_season_Warm_Summer,analysis=spatial_spd|dataset_id=15682|region=North America|climatezone=Cold_Without_dry_season_Warm_Summer,human,0.1581,0.044800000000000006,0.2029,40.66,TRUE,0.499,TRUE,TRUE,TRUE,TRUE,TRUE,FALSE,FALSE,TRUE,NA,0.4066132264529058
spatial_spd,15682,North America,Cold_Without_dry_season_Warm_Summer,analysis=spatial_spd|dataset_id=15682|region=North America|climatezone=Cold_Without_dry_season_Warm_Summer,climate,0.2513,0.04479999999999995,0.2961,59.34,TRUE,0.499,TRUE,TRUE,TRUE,TRUE,TRUE,FALSE,FALSE,TRUE,NA,0.5933867735470941
spatial_spd,24461,Europe,Cold_Without_dry_season_Warm_Summer,analysis=spatial_spd|dataset_id=24461|region=Europe|climatezone=Cold_Without_dry_season_Warm_Summer,human,-0.0027,0.020300000000000002,0.0176,2.97,TRUE,0.592,TRUE,TRUE,TRUE,TRUE,TRUE,TRUE,FALSE,TRUE,NA,0.02972972972972973
spatial_spd,24461,Europe,Cold_Without_dry_season_Warm_Summer,analysis=spatial_spd|dataset_id=24461|region=Europe|climatezone=Cold_Without_dry_season_Warm_Summer,climate,0.5537,0.020299999999999985,0.574,96.96,TRUE,0.592,TRUE,TRUE,TRUE,TRUE,TRUE,TRUE,FALSE,TRUE,NA,0.9695945945945945
spatial_spd,19995,North America,Cold_Without_dry_season_Cold_Summer,analysis=spatial_spd|dataset_id=19995|region=North America|climatezone=Cold_Without_dry_season_Cold_Summer,human,0.1142,-0.052599999999999994,0.0616,17.91,TRUE,0.344,TRUE,TRUE,TRUE,TRUE,TRUE,FALSE,FALSE,TRUE,NA,0.17906976744186048
spatial_spd,19995,North America,Cold_Without_dry_season_Cold_Summer,analysis=spatial_spd|dataset_id=19995|region=North America|climatezone=Cold_Without_dry_season_Cold_Summer,climate,0.3347,-0.052700000000000025,0.282,81.98,TRUE,0.344,TRUE,TRUE,TRUE,TRUE,TRUE,FALSE,FALSE,TRUE,NA,0.8197674418604651
spatial_spd,48782,Europe,Temperate_Without_dry_season,analysis=spatial_spd|dataset_id=48782|region=Europe|climatezone=Temperate_Without_dry_season,human,0.0896,-0.0375,0.0521,29.11,TRUE,0.179,TRUE,TRUE,TRUE,TRUE,TRUE,FALSE,FALSE,TRUE,NA,0.2910614525139665
spatial_spd,48782,Europe,Temperate_Without_dry_season,analysis=spatial_spd|dataset_id=48782|region=Europe|climatezone=Temperate_Without_dry_season,climate,0.1639,-0.03749999999999998,0.1264,70.61,TRUE,0.179,TRUE,TRUE,TRUE,TRUE,TRUE,FALSE,FALSE,TRUE,NA,0.7061452513966482
spatial_spd,1970,North America,Arid,analysis=spatial_spd|dataset_id=1970|region=North America|climatezone=Arid,human,0.0459,0.06989999999999999,0.1158,44.88,TRUE,0.258,TRUE,TRUE,TRUE,TRUE,TRUE,FALSE,FALSE,TRUE,NA,0.44883720930232557
spatial_spd,1970,North America,Arid,analysis=spatial_spd|dataset_id=1970|region=North America|climatezone=Arid,climate,0.0721,0.0698,0.1419,55,TRUE,0.258,TRUE,TRUE,TRUE,TRUE,TRUE,FALSE,FALSE,TRUE,NA,0.5499999999999999
spatial_spd,41835,Europe,Cold_Without_dry_season_Cold_Summer,analysis=spatial_spd|dataset_id=41835|region=Europe|climatezone=Cold_Without_dry_season_Cold_Summer,human,0.023,0.0449,0.0679,14.83,TRUE,0.458,TRUE,TRUE,TRUE,TRUE,TRUE,FALSE,FALSE,TRUE,NA,0.1482532751091703
spatial_spd,41835,Europe,Cold_Without_dry_season_Cold_Summer,analysis=spatial_spd|dataset_id=41835|region=Europe|climatezone=Cold_Without_dry_season_Cold_Summer,climate,0.3449,0.044899999999999995,0.3898,85.11,TRUE,0.458,TRUE,TRUE,TRUE,TRUE,TRUE,FALSE,FALSE,TRUE,NA,0.8510917030567685
spatial_spd,4436,Europe,Temperate_Without_dry_season,analysis=spatial_spd|dataset_id=4436|region=Europe|climatezone=Temperate_Without_dry_season,human,0.0301,0.042499999999999996,0.0726,23.42,TRUE,0.31,TRUE,TRUE,TRUE,TRUE,TRUE,FALSE,FALSE,TRUE,NA,0.23419354838709677
spatial_spd,4436,Europe,Temperate_Without_dry_season,analysis=spatial_spd|dataset_id=4436|region=Europe|climatezone=Temperate_Without_dry_season,climate,0.1947,0.04249999999999998,0.2372,76.52,TRUE,0.31,TRUE,TRUE,TRUE,TRUE,TRUE,FALSE,FALSE,TRUE,NA,0.7651612903225806
spatial_spd,16073,North America,Temperate_Dry_Summer,analysis=spatial_spd|dataset_id=16073|region=North America|climatezone=Temperate_Dry_Summer,human,-0.0414,0.0497,0.0083,2.27,TRUE,0.366,TRUE,TRUE,TRUE,TRUE,TRUE,TRUE,FALSE,TRUE,NA,0.0226775956284153
spatial_spd,16073,North America,Temperate_Dry_Summer,analysis=spatial_spd|dataset_id=16073|region=North America|climatezone=Temperate_Dry_Summer,climate,0.3084,0.04959999999999998,0.358,97.81,TRUE,0.366,TRUE,TRUE,TRUE,TRUE,TRUE,TRUE,FALSE,TRUE,NA,0.9781420765027322
spatial_spd,16236,North America,Cold_Without_dry_season_Cold_Summer,analysis=spatial_spd|dataset_id=16236|region=North America|climatezone=Cold_Without_dry_season_Cold_Summer,human,-0.0253,0.057300000000000004,0.032,5.28,TRUE,0.606,TRUE,TRUE,TRUE,TRUE,TRUE,TRUE,FALSE,TRUE,NA,0.052805280528052806
spatial_spd,16236,North America,Cold_Without_dry_season_Cold_Summer,analysis=spatial_spd|dataset_id=16236|region=North America|climatezone=Cold_Without_dry_season_Cold_Summer,climate,0.5169,0.05730000000000002,0.5742,94.75,TRUE,0.606,TRUE,TRUE,TRUE,TRUE,TRUE,TRUE,FALSE,TRUE,NA,0.9475247524752476
spatial_spd,2880,North America,Cold_Without_dry_season_Cold_Summer,analysis=spatial_spd|dataset_id=2880|region=North America|climatezone=Cold_Without_dry_season_Cold_Summer,human,0.0219,0.0464,0.0683,26.58,TRUE,0.257,TRUE,TRUE,TRUE,TRUE,TRUE,FALSE,FALSE,TRUE,NA,0.26575875486381323
spatial_spd,2880,North America,Cold_Without_dry_season_Cold_Summer,analysis=spatial_spd|dataset_id=2880|region=North America|climatezone=Cold_Without_dry_season_Cold_Summer,climate,0.1427,0.0464,0.1891,73.58,TRUE,0.257,TRUE,TRUE,TRUE,TRUE,TRUE,FALSE,FALSE,TRUE,NA,0.7357976653696497
spatial_spd,513,North America,Cold_Without_dry_season_Hot_Summer,analysis=spatial_spd|dataset_id=513|region=North America|climatezone=Cold_Without_dry_season_Hot_Summer,human,0.0549,0.1248,0.1797,33.28,TRUE,0.54,TRUE,TRUE,TRUE,TRUE,TRUE,FALSE,FALSE,TRUE,NA,0.33277777777777773
spatial_spd,513,North America,Cold_Without_dry_season_Hot_Summer,analysis=spatial_spd|dataset_id=513|region=North America|climatezone=Cold_Without_dry_season_Hot_Summer,climate,0.2359,0.12480000000000002,0.3607,66.8,TRUE,0.54,TRUE,TRUE,TRUE,TRUE,TRUE,FALSE,FALSE,TRUE,NA,0.667962962962963
spatial_spd,1856,North America,Cold_Without_dry_season_Cold_Summer,analysis=spatial_spd|dataset_id=1856|region=North America|climatezone=Cold_Without_dry_season_Cold_Summer,human,0.0537,-0.011699999999999995,0.042,13.42,TRUE,0.313,TRUE,TRUE,TRUE,TRUE,TRUE,FALSE,FALSE,TRUE,NA,0.134185303514377
spatial_spd,1856,North America,Cold_Without_dry_season_Cold_Summer,analysis=spatial_spd|dataset_id=1856|region=North America|climatezone=Cold_Without_dry_season_Cold_Summer,climate,0.2826,-0.011700000000000044,0.2709,86.55,TRUE,0.313,TRUE,TRUE,TRUE,TRUE,TRUE,FALSE,FALSE,TRUE,NA,0.8654952076677316
spatial_spd,40844,North America,Cold_Without_dry_season_Hot_Summer,analysis=spatial_spd|dataset_id=40844|region=North America|climatezone=Cold_Without_dry_season_Hot_Summer,human,-0.0493,0.04189999999999999,-0.0074,-2.79,TRUE,0.265,TRUE,TRUE,TRUE,TRUE,TRUE,TRUE,TRUE,TRUE,NA,-0.027924528301886794
spatial_spd,40844,North America,Cold_Without_dry_season_Hot_Summer,analysis=spatial_spd|dataset_id=40844|region=North America|climatezone=Cold_Without_dry_season_Hot_Summer,climate,0.2308,0.04189999999999999,0.2727,102.91,TRUE,0.265,TRUE,TRUE,TRUE,TRUE,TRUE,TRUE,TRUE,TRUE,NA,1.0290566037735849
spatial_spd,4308,Europe,Cold_Without_dry_season_Warm_Summer,analysis=spatial_spd|dataset_id=4308|region=Europe|climatezone=Cold_Without_dry_season_Warm_Summer,human,0.0478,0.023100000000000002,0.0709,20.26,TRUE,0.35,TRUE,TRUE,TRUE,TRUE,TRUE,FALSE,FALSE,TRUE,NA,0.2025714285714286
spatial_spd,4308,Europe,Cold_Without_dry_season_Warm_Summer,analysis=spatial_spd|dataset_id=4308|region=Europe|climatezone=Cold_Without_dry_season_Warm_Summer,climate,0.2558,0.0232,0.279,79.71,TRUE,0.35,TRUE,TRUE,TRUE,TRUE,TRUE,FALSE,FALSE,TRUE,NA,0.7971428571428573
spatial_spd,42668,Europe,Cold_Without_dry_season_Warm_Summer,analysis=spatial_spd|dataset_id=42668|region=Europe|climatezone=Cold_Without_dry_season_Warm_Summer,human,0.0649,-0.0532,0.0117,4.08,TRUE,0.287,TRUE,TRUE,TRUE,TRUE,TRUE,FALSE,FALSE,TRUE,NA,0.04076655052264809
spatial_spd,42668,Europe,Cold_Without_dry_season_Warm_Summer,analysis=spatial_spd|dataset_id=42668|region=Europe|climatezone=Cold_Without_dry_season_Warm_Summer,climate,0.3286,-0.053200000000000025,0.2754,95.96,TRUE,0.287,TRUE,TRUE,TRUE,TRUE,TRUE,FALSE,FALSE,TRUE,NA,0.9595818815331011
spatial_spd,1001,North America,Cold_Dry_Summer,analysis=spatial_spd|dataset_id=1001|region=North America|climatezone=Cold_Dry_Summer,human,0.0606,0.0476,0.1082,47.04,TRUE,0.23,TRUE,TRUE,TRUE,TRUE,TRUE,FALSE,FALSE,TRUE,NA,0.47043478260869565
spatial_spd,1001,North America,Cold_Dry_Summer,analysis=spatial_spd|dataset_id=1001|region=North America|climatezone=Cold_Dry_Summer,climate,0.0745,0.0475,0.122,53.04,TRUE,0.23,TRUE,TRUE,TRUE,TRUE,TRUE,FALSE,FALSE,TRUE,NA,0.5304347826086956
spatial_spd,369,North America,Cold_Without_dry_season_Warm_Summer,analysis=spatial_spd|dataset_id=369|region=North America|climatezone=Cold_Without_dry_season_Warm_Summer,human,0.0304,0.0217,0.0521,11.66,TRUE,0.447,TRUE,TRUE,TRUE,TRUE,TRUE,FALSE,FALSE,TRUE,NA,0.11655480984340044
spatial_spd,369,North America,Cold_Without_dry_season_Warm_Summer,analysis=spatial_spd|dataset_id=369|region=North America|climatezone=Cold_Without_dry_season_Warm_Summer,climate,0.3729,0.021699999999999997,0.3946,88.28,TRUE,0.447,TRUE,TRUE,TRUE,TRUE,TRUE,FALSE,FALSE,TRUE,NA,0.8827740492170022
spatial_spd,21838,Latin America,Polar,analysis=spatial_spd|dataset_id=21838|region=Latin America|climatezone=Polar,human,0.0623,-8.000000000000021e-4,0.0615,14.64,TRUE,0.42,TRUE,TRUE,TRUE,TRUE,TRUE,FALSE,FALSE,TRUE,NA,0.14642857142857144
spatial_spd,21838,Latin America,Polar,analysis=spatial_spd|dataset_id=21838|region=Latin America|climatezone=Polar,climate,0.359,-7.999999999999674e-4,0.3582,85.29,TRUE,0.42,TRUE,TRUE,TRUE,TRUE,TRUE,FALSE,FALSE,TRUE,NA,0.852857142857143
spatial_spd,506,North America,Cold_Without_dry_season_Cold_Summer,analysis=spatial_spd|dataset_id=506|region=North America|climatezone=Cold_Without_dry_season_Cold_Summer,human,0.008,0.0797,0.0877,36.09,TRUE,0.243,TRUE,TRUE,TRUE,TRUE,TRUE,FALSE,FALSE,TRUE,NA,0.3609053497942387
spatial_spd,506,North America,Cold_Without_dry_season_Cold_Summer,analysis=spatial_spd|dataset_id=506|region=North America|climatezone=Cold_Without_dry_season_Cold_Summer,climate,0.0759,0.0797,0.1556,64.03,TRUE,0.243,TRUE,TRUE,TRUE,TRUE,TRUE,FALSE,FALSE,TRUE,NA,0.6403292181069958
spatial_spd,1733,North America,Cold_Without_dry_season_Cold_Summer,analysis=spatial_spd|dataset_id=1733|region=North America|climatezone=Cold_Without_dry_season_Cold_Summer,human,0.1177,0.0736,0.1913,73.86,TRUE,0.259,TRUE,TRUE,TRUE,TRUE,TRUE,TRUE,FALSE,TRUE,NA,0.7386100386100386
spatial_spd,1733,North America,Cold_Without_dry_season_Cold_Summer,analysis=spatial_spd|dataset_id=1733|region=North America|climatezone=Cold_Without_dry_season_Cold_Summer,climate,-0.006,0.0736,0.0676,26.1,TRUE,0.259,TRUE,TRUE,TRUE,TRUE,TRUE,TRUE,FALSE,TRUE,NA,0.26100386100386097
spatial_spd,19967,North America,Cold_Without_dry_season_Warm_Summer,analysis=spatial_spd|dataset_id=19967|region=North America|climatezone=Cold_Without_dry_season_Warm_Summer,human,-0.0212,0.1086,0.0874,19.51,TRUE,0.448,TRUE,TRUE,TRUE,TRUE,TRUE,TRUE,FALSE,TRUE,NA,0.19508928571428572
spatial_spd,19967,North America,Cold_Without_dry_season_Warm_Summer,analysis=spatial_spd|dataset_id=19967|region=North America|climatezone=Cold_Without_dry_season_Warm_Summer,climate,0.2526,0.10849999999999999,0.3611,80.6,TRUE,0.448,TRUE,TRUE,TRUE,TRUE,TRUE,TRUE,FALSE,TRUE,NA,0.8060267857142857
spatial_spd,PVT_Daihai_Lake_2004,Asia,Arid,analysis=spatial_spd|dataset_id=PVT_Daihai_Lake_2004|region=Asia|climatezone=Arid,human,0.0558,0.04529999999999999,0.1011,25.15,TRUE,0.402,TRUE,TRUE,TRUE,TRUE,TRUE,FALSE,FALSE,TRUE,NA,0.2514925373134328
spatial_spd,PVT_Daihai_Lake_2004,Asia,Arid,analysis=spatial_spd|dataset_id=PVT_Daihai_Lake_2004|region=Asia|climatezone=Arid,climate,0.2556,0.04520000000000002,0.3008,74.83,TRUE,0.402,TRUE,TRUE,TRUE,TRUE,TRUE,FALSE,FALSE,TRUE,NA,0.7482587064676617
spatial_spd,PVT_Dalianhai_Lake,Asia,Arid,analysis=spatial_spd|dataset_id=PVT_Dalianhai_Lake|region=Asia|climatezone=Arid,human,-0.0152,0.0145,-7e-4,-0.74,TRUE,0.094,TRUE,TRUE,TRUE,TRUE,TRUE,TRUE,TRUE,TRUE,NA,-0.007446808510638298
spatial_spd,PVT_Dalianhai_Lake,Asia,Arid,analysis=spatial_spd|dataset_id=PVT_Dalianhai_Lake|region=Asia|climatezone=Arid,climate,0.0798,0.014499999999999999,0.0943,100.32,TRUE,0.094,TRUE,TRUE,TRUE,TRUE,TRUE,TRUE,TRUE,TRUE,NA,1.003191489361702
spatial_spd,PVT_Gonghai_Lake,Asia,Cold_Dry_Winter,analysis=spatial_spd|dataset_id=PVT_Gonghai_Lake|region=Asia|climatezone=Cold_Dry_Winter,human,0.0864,0.005400000000000002,0.0918,23.07,TRUE,0.398,TRUE,TRUE,TRUE,TRUE,TRUE,FALSE,FALSE,TRUE,NA,0.2306532663316583
spatial_spd,PVT_Gonghai_Lake,Asia,Cold_Dry_Winter,analysis=spatial_spd|dataset_id=PVT_Gonghai_Lake|region=Asia|climatezone=Cold_Dry_Winter,climate,0.3003,0.005400000000000016,0.3057,76.81,TRUE,0.398,TRUE,TRUE,TRUE,TRUE,TRUE,FALSE,FALSE,TRUE,NA,0.7680904522613066
spatial_spd,PVT_Qinghai_Lake_QH2000,Asia,Cold_Dry_Winter,analysis=spatial_spd|dataset_id=PVT_Qinghai_Lake_QH2000|region=Asia|climatezone=Cold_Dry_Winter,human,0.1864,-0.02210000000000001,0.1643,29.55,TRUE,0.556,TRUE,TRUE,TRUE,TRUE,TRUE,FALSE,FALSE,TRUE,NA,0.2955035971223021
spatial_spd,PVT_Qinghai_Lake_QH2000,Asia,Cold_Dry_Winter,analysis=spatial_spd|dataset_id=PVT_Qinghai_Lake_QH2000|region=Asia|climatezone=Cold_Dry_Winter,climate,0.4134,-0.02210000000000001,0.3913,70.38,TRUE,0.556,TRUE,TRUE,TRUE,TRUE,TRUE,FALSE,FALSE,TRUE,NA,0.703776978417266
spatial_spd,PVT_Sihailongwan_Lake,Asia,Cold_Dry_Winter,analysis=spatial_spd|dataset_id=PVT_Sihailongwan_Lake|region=Asia|climatezone=Cold_Dry_Winter,human,-0.0221,0.09509999999999999,0.073,25.61,TRUE,0.285,TRUE,TRUE,TRUE,TRUE,TRUE,TRUE,FALSE,TRUE,NA,0.256140350877193
spatial_spd,PVT_Sihailongwan_Lake,Asia,Cold_Dry_Winter,analysis=spatial_spd|dataset_id=PVT_Sihailongwan_Lake|region=Asia|climatezone=Cold_Dry_Winter,climate,0.117,0.0951,0.2121,74.42,TRUE,0.285,TRUE,TRUE,TRUE,TRUE,TRUE,TRUE,FALSE,TRUE,NA,0.7442105263157895
spatial_spd,PVT_Ximen_Co,Asia,Polar,analysis=spatial_spd|dataset_id=PVT_Ximen_Co|region=Asia|climatezone=Polar,human,0.0269,0.0685,0.0954,27.89,TRUE,0.342,TRUE,TRUE,TRUE,TRUE,TRUE,FALSE,FALSE,TRUE,NA,0.2789473684210526
spatial_spd,PVT_Ximen_Co,Asia,Polar,analysis=spatial_spd|dataset_id=PVT_Ximen_Co|region=Asia|climatezone=Polar,climate,0.1783,0.06840000000000002,0.2467,72.13,TRUE,0.342,TRUE,TRUE,TRUE,TRUE,TRUE,FALSE,FALSE,TRUE,NA,0.7213450292397661
spatial_spd,PVT_Xingyun_Lake,Asia,Temperate_Dry_Winter,analysis=spatial_spd|dataset_id=PVT_Xingyun_Lake|region=Asia|climatezone=Temperate_Dry_Winter,human,0.2064,0.15780000000000002,0.3642,62.79,TRUE,0.58,TRUE,TRUE,TRUE,TRUE,TRUE,FALSE,FALSE,TRUE,NA,0.6279310344827587
spatial_spd,PVT_Xingyun_Lake,Asia,Temperate_Dry_Winter,analysis=spatial_spd|dataset_id=PVT_Xingyun_Lake|region=Asia|climatezone=Temperate_Dry_Winter,climate,0.0579,0.1578,0.2157,37.19,TRUE,0.58,TRUE,TRUE,TRUE,TRUE,TRUE,FALSE,FALSE,TRUE,NA,0.37189655172413794
spatial_spd,PANGAEA.834960,Asia,Cold_Without_dry_season_Cold_Summer,analysis=spatial_spd|dataset_id=PANGAEA.834960|region=Asia|climatezone=Cold_Without_dry_season_Cold_Summer,human,-0.1617,0.2915,0.1298,38.29,TRUE,0.339,TRUE,TRUE,TRUE,TRUE,TRUE,TRUE,FALSE,TRUE,NA,0.3828908554572271
spatial_spd,PANGAEA.834960,Asia,Cold_Without_dry_season_Cold_Summer,analysis=spatial_spd|dataset_id=PANGAEA.834960|region=Asia|climatezone=Cold_Without_dry_season_Cold_Summer,climate,-0.0822,0.2915,0.2093,61.74,TRUE,0.339,TRUE,TRUE,TRUE,TRUE,TRUE,TRUE,FALSE,TRUE,NA,0.6174041297935103
spatial_spd,PVT_Akkol_Lake,Asia,Polar,analysis=spatial_spd|dataset_id=PVT_Akkol_Lake|region=Asia|climatezone=Polar,human,-0.0555,0.0449,-0.0106,-3.94,TRUE,0.269,TRUE,TRUE,TRUE,TRUE,TRUE,TRUE,TRUE,TRUE,NA,-0.03940520446096654
spatial_spd,PVT_Akkol_Lake,Asia,Polar,analysis=spatial_spd|dataset_id=PVT_Akkol_Lake|region=Asia|climatezone=Polar,climate,0.2342,0.04500000000000001,0.2792,103.79,TRUE,0.269,TRUE,TRUE,TRUE,TRUE,TRUE,TRUE,TRUE,TRUE,NA,1.0379182156133828
spatial_spd,PVT_Ayongwama_Co,Asia,Polar,analysis=spatial_spd|dataset_id=PVT_Ayongwama_Co|region=Asia|climatezone=Polar,human,0.1761,-0.01050000000000001,0.1656,30.16,TRUE,0.549,TRUE,TRUE,TRUE,TRUE,TRUE,FALSE,FALSE,TRUE,NA,0.30163934426229505
spatial_spd,PVT_Ayongwama_Co,Asia,Polar,analysis=spatial_spd|dataset_id=PVT_Ayongwama_Co|region=Asia|climatezone=Polar,climate,0.394,-0.01040000000000002,0.3836,69.87,TRUE,0.549,TRUE,TRUE,TRUE,TRUE,TRUE,FALSE,FALSE,TRUE,NA,0.6987249544626594
spatial_spd,PVT_Chaiwopu_Lake,Asia,Arid,analysis=spatial_spd|dataset_id=PVT_Chaiwopu_Lake|region=Asia|climatezone=Arid,human,0.1548,0.00360000000000002,0.1584,52.45,TRUE,0.302,TRUE,TRUE,TRUE,TRUE,TRUE,FALSE,FALSE,TRUE,NA,0.5245033112582782
spatial_spd,PVT_Chaiwopu_Lake,Asia,Arid,analysis=spatial_spd|dataset_id=PVT_Chaiwopu_Lake|region=Asia|climatezone=Arid,climate,0.1404,0.003599999999999992,0.144,47.68,TRUE,0.302,TRUE,TRUE,TRUE,TRUE,TRUE,FALSE,FALSE,TRUE,NA,0.4768211920529801
spatial_spd,PVT_Dahaizi_Lake,Asia,Temperate_Dry_Winter,analysis=spatial_spd|dataset_id=PVT_Dahaizi_Lake|region=Asia|climatezone=Temperate_Dry_Winter,human,0.1026,0.04550000000000001,0.1481,45.15,TRUE,0.328,TRUE,TRUE,TRUE,TRUE,TRUE,FALSE,FALSE,TRUE,NA,0.45152439024390245
spatial_spd,PVT_Dahaizi_Lake,Asia,Temperate_Dry_Winter,analysis=spatial_spd|dataset_id=PVT_Dahaizi_Lake|region=Asia|climatezone=Temperate_Dry_Winter,climate,0.1346,0.04550000000000001,0.1801,54.91,TRUE,0.328,TRUE,TRUE,TRUE,TRUE,TRUE,FALSE,FALSE,TRUE,NA,0.5490853658536585
spatial_spd,PVT_Dali_Nur_Jiangjunpaozi_Lake,Asia,Cold_Dry_Winter,analysis=spatial_spd|dataset_id=PVT_Dali_Nur_Jiangjunpaozi_Lake|region=Asia|climatezone=Cold_Dry_Winter,human,-0.046,0.0554,0.0094,3.23,TRUE,0.291,TRUE,TRUE,TRUE,TRUE,TRUE,TRUE,FALSE,TRUE,NA,0.03230240549828179
spatial_spd,PVT_Dali_Nur_Jiangjunpaozi_Lake,Asia,Cold_Dry_Winter,analysis=spatial_spd|dataset_id=PVT_Dali_Nur_Jiangjunpaozi_Lake|region=Asia|climatezone=Cold_Dry_Winter,climate,0.226,0.05529999999999999,0.2813,96.67,TRUE,0.291,TRUE,TRUE,TRUE,TRUE,TRUE,TRUE,FALSE,TRUE,NA,0.9666666666666667
spatial_spd,PVT_Dali_Nur_Liuzhouwan_Lake,Asia,Cold_Dry_Winter,analysis=spatial_spd|dataset_id=PVT_Dali_Nur_Liuzhouwan_Lake|region=Asia|climatezone=Cold_Dry_Winter,human,-0.0117,0.09570000000000001,0.084,17.61,TRUE,0.477,TRUE,TRUE,TRUE,TRUE,TRUE,TRUE,FALSE,TRUE,NA,0.17610062893081763
spatial_spd,PVT_Dali_Nur_Liuzhouwan_Lake,Asia,Cold_Dry_Winter,analysis=spatial_spd|dataset_id=PVT_Dali_Nur_Liuzhouwan_Lake|region=Asia|climatezone=Cold_Dry_Winter,climate,0.2974,0.09570000000000001,0.3931,82.41,TRUE,0.477,TRUE,TRUE,TRUE,TRUE,TRUE,TRUE,FALSE,TRUE,NA,0.8241090146750525
spatial_spd,PVT_Dongganchi,Asia,Cold_Dry_Winter,analysis=spatial_spd|dataset_id=PVT_Dongganchi|region=Asia|climatezone=Cold_Dry_Winter,human,-0.0268,0.0854,0.0586,34.88,TRUE,0.168,TRUE,TRUE,TRUE,TRUE,TRUE,TRUE,FALSE,TRUE,NA,0.3488095238095238
spatial_spd,PVT_Dongganchi,Asia,Cold_Dry_Winter,analysis=spatial_spd|dataset_id=PVT_Dongganchi|region=Asia|climatezone=Cold_Dry_Winter,climate,0.0241,0.0854,0.1095,65.18,TRUE,0.168,TRUE,TRUE,TRUE,TRUE,TRUE,TRUE,FALSE,TRUE,NA,0.6517857142857142
spatial_spd,PVT_Erhai_Lake,Asia,Temperate_Dry_Winter,analysis=spatial_spd|dataset_id=PVT_Erhai_Lake|region=Asia|climatezone=Temperate_Dry_Winter,human,0.2407,-0.001700000000000007,0.239,83.57,TRUE,0.286,TRUE,TRUE,TRUE,TRUE,TRUE,FALSE,FALSE,TRUE,NA,0.8356643356643357
spatial_spd,PVT_Erhai_Lake,Asia,Temperate_Dry_Winter,analysis=spatial_spd|dataset_id=PVT_Erhai_Lake|region=Asia|climatezone=Temperate_Dry_Winter,climate,0.049,-0.001800000000000003,0.0472,16.5,TRUE,0.286,TRUE,TRUE,TRUE,TRUE,TRUE,FALSE,FALSE,TRUE,NA,0.16503496503496504
spatial_spd,PVT_Erhailongwan_Lake,Asia,Cold_Dry_Winter,analysis=spatial_spd|dataset_id=PVT_Erhailongwan_Lake|region=Asia|climatezone=Cold_Dry_Winter,human,-0.0273,0.09670000000000001,0.0694,17.05,TRUE,0.407,TRUE,TRUE,TRUE,TRUE,TRUE,TRUE,FALSE,TRUE,NA,0.17051597051597053
spatial_spd,PVT_Erhailongwan_Lake,Asia,Cold_Dry_Winter,analysis=spatial_spd|dataset_id=PVT_Erhailongwan_Lake|region=Asia|climatezone=Cold_Dry_Winter,climate,0.2406,0.09669999999999998,0.3373,82.87,TRUE,0.407,TRUE,TRUE,TRUE,TRUE,TRUE,TRUE,FALSE,TRUE,NA,0.8287469287469288
spatial_spd,PVT_Ganhai_Lake,Asia,Cold_Dry_Winter,analysis=spatial_spd|dataset_id=PVT_Ganhai_Lake|region=Asia|climatezone=Cold_Dry_Winter,human,0.0686,0.0213,0.0899,26.21,TRUE,0.343,TRUE,TRUE,TRUE,TRUE,TRUE,FALSE,FALSE,TRUE,NA,0.2620991253644315
spatial_spd,PVT_Ganhai_Lake,Asia,Cold_Dry_Winter,analysis=spatial_spd|dataset_id=PVT_Ganhai_Lake|region=Asia|climatezone=Cold_Dry_Winter,climate,0.2315,0.021300000000000013,0.2528,73.7,TRUE,0.343,TRUE,TRUE,TRUE,TRUE,TRUE,FALSE,FALSE,TRUE,NA,0.7370262390670554
spatial_spd,PVT_Gantang,Asia,Temperate_Without_dry_season,analysis=spatial_spd|dataset_id=PVT_Gantang|region=Asia|climatezone=Temperate_Without_dry_season,human,-0.033,0.0499,0.0169,24.49,TRUE,0.069,TRUE,TRUE,TRUE,TRUE,TRUE,TRUE,FALSE,TRUE,NA,0.244927536231884
spatial_spd,PVT_Gantang,Asia,Temperate_Without_dry_season,analysis=spatial_spd|dataset_id=PVT_Gantang|region=Asia|climatezone=Temperate_Without_dry_season,climate,0.0024,0.0499,0.0523,75.8,TRUE,0.069,TRUE,TRUE,TRUE,TRUE,TRUE,TRUE,FALSE,TRUE,NA,0.7579710144927535
spatial_spd,PVT_Guangfulin,Asia,Temperate_Without_dry_season,analysis=spatial_spd|dataset_id=PVT_Guangfulin|region=Asia|climatezone=Temperate_Without_dry_season,human,0.0628,-0.019899999999999994,0.0429,6.13,TRUE,0.7,TRUE,TRUE,TRUE,TRUE,TRUE,FALSE,FALSE,TRUE,NA,0.06128571428571429
spatial_spd,PVT_Guangfulin,Asia,Temperate_Without_dry_season,analysis=spatial_spd|dataset_id=PVT_Guangfulin|region=Asia|climatezone=Temperate_Without_dry_season,climate,0.6766,-0.01990000000000003,0.6567,93.81,TRUE,0.7,TRUE,TRUE,TRUE,TRUE,TRUE,FALSE,FALSE,TRUE,NA,0.9381428571428572
spatial_spd,PVT_Kendegelukol_Lake,Asia,Polar,analysis=spatial_spd|dataset_id=PVT_Kendegelukol_Lake|region=Asia|climatezone=Polar,human,0.0689,0.032299999999999995,0.1012,16.24,TRUE,0.623,TRUE,TRUE,TRUE,TRUE,TRUE,FALSE,FALSE,TRUE,NA,0.1624398073836276
spatial_spd,PVT_Kendegelukol_Lake,Asia,Polar,analysis=spatial_spd|dataset_id=PVT_Kendegelukol_Lake|region=Asia|climatezone=Polar,climate,0.4896,0.03230000000000005,0.5219,83.77,TRUE,0.623,TRUE,TRUE,TRUE,TRUE,TRUE,FALSE,FALSE,TRUE,NA,0.8377207062600321
spatial_spd,PVT_Koucha_Lake,Asia,Polar,analysis=spatial_spd|dataset_id=PVT_Koucha_Lake|region=Asia|climatezone=Polar,human,0.0823,-0.024099999999999996,0.0582,22.65,TRUE,0.257,TRUE,TRUE,TRUE,TRUE,TRUE,FALSE,FALSE,TRUE,NA,0.2264591439688716
spatial_spd,PVT_Koucha_Lake,Asia,Polar,analysis=spatial_spd|dataset_id=PVT_Koucha_Lake|region=Asia|climatezone=Polar,climate,0.2233,-0.02410000000000001,0.1992,77.51,TRUE,0.257,TRUE,TRUE,TRUE,TRUE,TRUE,FALSE,FALSE,TRUE,NA,0.7750972762645914
spatial_spd,PVT_Kuhai_Lake,Asia,Polar,analysis=spatial_spd|dataset_id=PVT_Kuhai_Lake|region=Asia|climatezone=Polar,human,0.0032,0.0185,0.0217,7.67,TRUE,0.283,TRUE,TRUE,TRUE,TRUE,TRUE,FALSE,FALSE,TRUE,NA,0.076678445229682
spatial_spd,PVT_Kuhai_Lake,Asia,Polar,analysis=spatial_spd|dataset_id=PVT_Kuhai_Lake|region=Asia|climatezone=Polar,climate,0.2432,0.01849999999999999,0.2617,92.47,TRUE,0.283,TRUE,TRUE,TRUE,TRUE,TRUE,FALSE,FALSE,TRUE,NA,0.9247349823321556
spatial_spd,PVT_Longquan_Lake_LC2,Asia,Temperate_Without_dry_season,analysis=spatial_spd|dataset_id=PVT_Longquan_Lake_LC2|region=Asia|climatezone=Temperate_Without_dry_season,human,-0.0277,0.026199999999999998,-0.0015,-0.28,TRUE,0.531,TRUE,TRUE,TRUE,TRUE,TRUE,TRUE,TRUE,TRUE,NA,-0.002824858757062147
spatial_spd,PVT_Longquan_Lake_LC2,Asia,Temperate_Without_dry_season,analysis=spatial_spd|dataset_id=PVT_Longquan_Lake_LC2|region=Asia|climatezone=Temperate_Without_dry_season,climate,0.5057,0.02629999999999999,0.532,100.19,TRUE,0.531,TRUE,TRUE,TRUE,TRUE,TRUE,TRUE,TRUE,TRUE,NA,1.0018832391713748
spatial_spd,PVT_Lop_Nur_Luo4,Asia,Arid,analysis=spatial_spd|dataset_id=PVT_Lop_Nur_Luo4|region=Asia|climatezone=Arid,human,0.0061,0.10880000000000001,0.1149,43.69,TRUE,0.263,TRUE,TRUE,TRUE,TRUE,TRUE,FALSE,FALSE,TRUE,NA,0.43688212927756653
spatial_spd,PVT_Lop_Nur_Luo4,Asia,Arid,analysis=spatial_spd|dataset_id=PVT_Lop_Nur_Luo4|region=Asia|climatezone=Arid,climate,0.0391,0.10880000000000001,0.1479,56.24,TRUE,0.263,TRUE,TRUE,TRUE,TRUE,TRUE,FALSE,FALSE,TRUE,NA,0.5623574144486692
spatial_spd,PVT_Luanhaizi_LH2,Asia,Cold_Dry_Winter,analysis=spatial_spd|dataset_id=PVT_Luanhaizi_LH2|region=Asia|climatezone=Cold_Dry_Winter,human,0.0946,-0.0945,1e-4,0.02,TRUE,0.612,TRUE,TRUE,TRUE,TRUE,TRUE,FALSE,FALSE,TRUE,NA,1.6339869281045753e-4
spatial_spd,PVT_Luanhaizi_LH2,Asia,Cold_Dry_Winter,analysis=spatial_spd|dataset_id=PVT_Luanhaizi_LH2|region=Asia|climatezone=Cold_Dry_Winter,climate,0.7063,-0.09450000000000003,0.6118,99.97,TRUE,0.612,TRUE,TRUE,TRUE,TRUE,TRUE,FALSE,FALSE,TRUE,NA,0.9996732026143791
spatial_spd,PVT_Mengcun,Asia,Cold_Dry_Winter,analysis=spatial_spd|dataset_id=PVT_Mengcun|region=Asia|climatezone=Cold_Dry_Winter,human,0.0486,-0.023499999999999997,0.0251,7.47,TRUE,0.336,TRUE,TRUE,TRUE,TRUE,TRUE,FALSE,FALSE,TRUE,NA,0.07470238095238095
spatial_spd,PVT_Mengcun,Asia,Cold_Dry_Winter,analysis=spatial_spd|dataset_id=PVT_Mengcun|region=Asia|climatezone=Cold_Dry_Winter,climate,0.3341,-0.02350000000000002,0.3106,92.44,TRUE,0.336,TRUE,TRUE,TRUE,TRUE,TRUE,FALSE,FALSE,TRUE,NA,0.9244047619047618
spatial_spd,PVT_Naleng_Co,Asia,Polar,analysis=spatial_spd|dataset_id=PVT_Naleng_Co|region=Asia|climatezone=Polar,human,0.0371,0.026299999999999997,0.0634,20,TRUE,0.317,TRUE,TRUE,TRUE,TRUE,TRUE,FALSE,FALSE,TRUE,NA,0.19999999999999998
spatial_spd,PVT_Naleng_Co,Asia,Polar,analysis=spatial_spd|dataset_id=PVT_Naleng_Co|region=Asia|climatezone=Polar,climate,0.2276,0.026300000000000018,0.2539,80.09,TRUE,0.317,TRUE,TRUE,TRUE,TRUE,TRUE,FALSE,FALSE,TRUE,NA,0.8009463722397476
spatial_spd,PVT_Nantun,Asia,Temperate_Dry_Winter,analysis=spatial_spd|dataset_id=PVT_Nantun|region=Asia|climatezone=Temperate_Dry_Winter,human,0.0152,0.0456,0.0608,16.89,TRUE,0.36,TRUE,TRUE,TRUE,TRUE,TRUE,FALSE,FALSE,TRUE,NA,0.1688888888888889
spatial_spd,PVT_Nantun,Asia,Temperate_Dry_Winter,analysis=spatial_spd|dataset_id=PVT_Nantun|region=Asia|climatezone=Temperate_Dry_Winter,climate,0.254,0.045599999999999974,0.2996,83.22,TRUE,0.36,TRUE,TRUE,TRUE,TRUE,TRUE,FALSE,FALSE,TRUE,NA,0.8322222222222222
spatial_spd,PVT_Qigai_Nuur,Asia,Arid,analysis=spatial_spd|dataset_id=PVT_Qigai_Nuur|region=Asia|climatezone=Arid,human,0.0019,0.0639,0.0658,10.02,TRUE,0.657,TRUE,TRUE,TRUE,TRUE,TRUE,FALSE,FALSE,TRUE,NA,0.10015220700152207
spatial_spd,PVT_Qigai_Nuur,Asia,Arid,analysis=spatial_spd|dataset_id=PVT_Qigai_Nuur|region=Asia|climatezone=Arid,climate,0.5275,0.06390000000000007,0.5914,90.02,TRUE,0.657,TRUE,TRUE,TRUE,TRUE,TRUE,FALSE,FALSE,TRUE,NA,0.9001522070015221
spatial_spd,PVT_Qongjiamong_Co,Asia,Polar,analysis=spatial_spd|dataset_id=PVT_Qongjiamong_Co|region=Asia|climatezone=Polar,human,0.0285,0.0484,0.0769,38.84,TRUE,0.198,TRUE,TRUE,TRUE,TRUE,TRUE,FALSE,FALSE,TRUE,NA,0.38838383838383833
spatial_spd,PVT_Qongjiamong_Co,Asia,Polar,analysis=spatial_spd|dataset_id=PVT_Qongjiamong_Co|region=Asia|climatezone=Polar,climate,0.073,0.04830000000000001,0.1213,61.26,TRUE,0.198,TRUE,TRUE,TRUE,TRUE,TRUE,FALSE,FALSE,TRUE,NA,0.6126262626262626
spatial_spd,PVT_Ren_Co_R1,Asia,Polar,analysis=spatial_spd|dataset_id=PVT_Ren_Co_R1|region=Asia|climatezone=Polar,human,-0.0252,-0.023,-0.0482,-21.33,TRUE,0.226,TRUE,TRUE,TRUE,TRUE,TRUE,TRUE,TRUE,TRUE,NA,-0.21327433628318584
spatial_spd,PVT_Ren_Co_R1,Asia,Polar,analysis=spatial_spd|dataset_id=PVT_Ren_Co_R1|region=Asia|climatezone=Polar,climate,0.2976,-0.022899999999999976,0.2747,121.55,TRUE,0.226,TRUE,TRUE,TRUE,TRUE,TRUE,TRUE,TRUE,TRUE,NA,1.2154867256637167
spatial_spd,PVT_Sanjiaocheng_Section,Asia,Arid,analysis=spatial_spd|dataset_id=PVT_Sanjiaocheng_Section|region=Asia|climatezone=Arid,human,0.1147,-0.058899999999999994,0.0558,19.04,TRUE,0.293,TRUE,TRUE,TRUE,TRUE,TRUE,FALSE,FALSE,TRUE,NA,0.19044368600682596
spatial_spd,PVT_Sanjiaocheng_Section,Asia,Arid,analysis=spatial_spd|dataset_id=PVT_Sanjiaocheng_Section|region=Asia|climatezone=Arid,climate,0.2965,-0.05889999999999998,0.2376,81.09,TRUE,0.293,TRUE,TRUE,TRUE,TRUE,TRUE,FALSE,FALSE,TRUE,NA,0.8109215017064847
spatial_spd,PVT_Sayram_Lake,Asia,Cold_Without_dry_season_Warm_Summer,analysis=spatial_spd|dataset_id=PVT_Sayram_Lake|region=Asia|climatezone=Cold_Without_dry_season_Warm_Summer,human,0.0022,0.061099999999999995,0.0633,15.9,TRUE,0.398,TRUE,TRUE,TRUE,TRUE,TRUE,FALSE,FALSE,TRUE,NA,0.15904522613065325
spatial_spd,PVT_Sayram_Lake,Asia,Cold_Without_dry_season_Warm_Summer,analysis=spatial_spd|dataset_id=PVT_Sayram_Lake|region=Asia|climatezone=Cold_Without_dry_season_Warm_Summer,climate,0.2741,0.06109999999999999,0.3352,84.22,TRUE,0.398,TRUE,TRUE,TRUE,TRUE,TRUE,FALSE,FALSE,TRUE,NA,0.8422110552763818
spatial_spd,PVT_Shaamar,Asia,Cold_Dry_Winter,analysis=spatial_spd|dataset_id=PVT_Shaamar|region=Asia|climatezone=Cold_Dry_Winter,human,-0.0092,0.0108,0.0016,0.84,TRUE,0.19,TRUE,TRUE,TRUE,TRUE,TRUE,TRUE,FALSE,TRUE,NA,0.008421052631578947
spatial_spd,PVT_Shaamar,Asia,Cold_Dry_Winter,analysis=spatial_spd|dataset_id=PVT_Shaamar|region=Asia|climatezone=Cold_Dry_Winter,climate,0.1778,0.010799999999999976,0.1886,99.26,TRUE,0.19,TRUE,TRUE,TRUE,TRUE,TRUE,TRUE,FALSE,TRUE,NA,0.9926315789473683
spatial_spd,PVT_Shayema_Lake,Asia,Temperate_Dry_Winter,analysis=spatial_spd|dataset_id=PVT_Shayema_Lake|region=Asia|climatezone=Temperate_Dry_Winter,human,0.0853,0.0213,0.1066,28.28,TRUE,0.377,TRUE,TRUE,TRUE,TRUE,TRUE,FALSE,FALSE,TRUE,NA,0.2827586206896552
spatial_spd,PVT_Shayema_Lake,Asia,Temperate_Dry_Winter,analysis=spatial_spd|dataset_id=PVT_Shayema_Lake|region=Asia|climatezone=Temperate_Dry_Winter,climate,0.2486,0.02140000000000003,0.27,71.62,TRUE,0.377,TRUE,TRUE,TRUE,TRUE,TRUE,FALSE,FALSE,TRUE,NA,0.7161803713527852
spatial_spd,PVT_Sujiawan,Asia,Cold_Dry_Winter,analysis=spatial_spd|dataset_id=PVT_Sujiawan|region=Asia|climatezone=Cold_Dry_Winter,human,0.023,-0.0219,0.0011,0.19,TRUE,0.583,TRUE,TRUE,TRUE,TRUE,TRUE,FALSE,FALSE,TRUE,NA,0.001886792452830189
spatial_spd,PVT_Sujiawan,Asia,Cold_Dry_Winter,analysis=spatial_spd|dataset_id=PVT_Sujiawan|region=Asia|climatezone=Cold_Dry_Winter,climate,0.6037,-0.02200000000000002,0.5817,99.78,TRUE,0.583,TRUE,TRUE,TRUE,TRUE,TRUE,FALSE,FALSE,TRUE,NA,0.997770154373928
spatial_spd,PVT_Tiancai_Lake,Asia,Cold_Dry_Winter,analysis=spatial_spd|dataset_id=PVT_Tiancai_Lake|region=Asia|climatezone=Cold_Dry_Winter,human,0.009,0.0348,0.0438,10.12,TRUE,0.433,TRUE,TRUE,TRUE,TRUE,TRUE,FALSE,FALSE,TRUE,NA,0.10115473441108545
spatial_spd,PVT_Tiancai_Lake,Asia,Cold_Dry_Winter,analysis=spatial_spd|dataset_id=PVT_Tiancai_Lake|region=Asia|climatezone=Cold_Dry_Winter,climate,0.3543,0.03489999999999999,0.3892,89.88,TRUE,0.433,TRUE,TRUE,TRUE,TRUE,TRUE,FALSE,FALSE,TRUE,NA,0.8988452655889145
spatial_spd,PVT_Uzunkol_Lake,Asia,Cold_Without_dry_season_Cold_Summer,analysis=spatial_spd|dataset_id=PVT_Uzunkol_Lake|region=Asia|climatezone=Cold_Without_dry_season_Cold_Summer,human,0.1122,-0.0169,0.0953,20.9,TRUE,0.456,TRUE,TRUE,TRUE,TRUE,TRUE,FALSE,FALSE,TRUE,NA,0.20899122807017542
spatial_spd,PVT_Uzunkol_Lake,Asia,Cold_Without_dry_season_Cold_Summer,analysis=spatial_spd|dataset_id=PVT_Uzunkol_Lake|region=Asia|climatezone=Cold_Without_dry_season_Cold_Summer,climate,0.3775,-0.016900000000000026,0.3606,79.08,TRUE,0.456,TRUE,TRUE,TRUE,TRUE,TRUE,FALSE,FALSE,TRUE,NA,0.7907894736842105
spatial_spd,PVT_Wulungu_Lake,Asia,Arid,analysis=spatial_spd|dataset_id=PVT_Wulungu_Lake|region=Asia|climatezone=Arid,human,0.0773,0.02260000000000001,0.0999,27.07,TRUE,0.369,TRUE,TRUE,TRUE,TRUE,TRUE,FALSE,FALSE,TRUE,NA,0.2707317073170732
spatial_spd,PVT_Wulungu_Lake,Asia,Arid,analysis=spatial_spd|dataset_id=PVT_Wulungu_Lake|region=Asia|climatezone=Arid,climate,0.2468,0.02259999999999998,0.2694,73.01,TRUE,0.369,TRUE,TRUE,TRUE,TRUE,TRUE,FALSE,FALSE,TRUE,NA,0.730081300813008
spatial_spd,PVT_Xiehu_Lake_SO4,Asia,Cold_Dry_Winter,analysis=spatial_spd|dataset_id=PVT_Xiehu_Lake_SO4|region=Asia|climatezone=Cold_Dry_Winter,human,-0.0188,0.0032000000000000015,-0.0156,-4.3,TRUE,0.363,TRUE,TRUE,TRUE,TRUE,TRUE,TRUE,TRUE,TRUE,NA,-0.04297520661157025
spatial_spd,PVT_Xiehu_Lake_SO4,Asia,Cold_Dry_Winter,analysis=spatial_spd|dataset_id=PVT_Xiehu_Lake_SO4|region=Asia|climatezone=Cold_Dry_Winter,climate,0.3755,0.0031999999999999806,0.3787,104.33,TRUE,0.363,TRUE,TRUE,TRUE,TRUE,TRUE,TRUE,TRUE,TRUE,NA,1.0432506887052342
spatial_spd,PVT_Yamant_Nur_Lake,Asia,Arid,analysis=spatial_spd|dataset_id=PVT_Yamant_Nur_Lake|region=Asia|climatezone=Arid,human,-0,0.0363,0.0363,13.1,TRUE,0.277,TRUE,TRUE,TRUE,TRUE,TRUE,FALSE,FALSE,TRUE,NA,0.1310469314079422
spatial_spd,PVT_Yamant_Nur_Lake,Asia,Arid,analysis=spatial_spd|dataset_id=PVT_Yamant_Nur_Lake|region=Asia|climatezone=Arid,climate,0.204,0.03630000000000003,0.2403,86.75,TRUE,0.277,TRUE,TRUE,TRUE,TRUE,TRUE,FALSE,FALSE,TRUE,NA,0.8675090252707581
spatial_spd,PVT_Yidun_Lake,Asia,Polar,analysis=spatial_spd|dataset_id=PVT_Yidun_Lake|region=Asia|climatezone=Polar,human,0.035,0.022699999999999998,0.0577,16.58,TRUE,0.348,TRUE,TRUE,TRUE,TRUE,TRUE,FALSE,FALSE,TRUE,NA,0.16580459770114944
spatial_spd,PVT_Yidun_Lake,Asia,Polar,analysis=spatial_spd|dataset_id=PVT_Yidun_Lake|region=Asia|climatezone=Polar,climate,0.2672,0.02260000000000001,0.2898,83.28,TRUE,0.348,TRUE,TRUE,TRUE,TRUE,TRUE,FALSE,FALSE,TRUE,NA,0.8327586206896552
spatial_spd,PVT_Zoige_RH,Asia,Cold_Dry_Winter,analysis=spatial_spd|dataset_id=PVT_Zoige_RH|region=Asia|climatezone=Cold_Dry_Winter,human,0.0535,0.05280000000000001,0.1063,23.21,TRUE,0.458,TRUE,TRUE,TRUE,TRUE,TRUE,FALSE,FALSE,TRUE,NA,0.23209606986899564
spatial_spd,PVT_Zoige_RH,Asia,Cold_Dry_Winter,analysis=spatial_spd|dataset_id=PVT_Zoige_RH|region=Asia|climatezone=Cold_Dry_Winter,climate,0.2989,0.052800000000000014,0.3517,76.79,TRUE,0.458,TRUE,TRUE,TRUE,TRUE,TRUE,FALSE,FALSE,TRUE,NA,0.7679039301310043
spatial_spd,cao_8,Asia,Cold_Dry_Winter,analysis=spatial_spd|dataset_id=cao_8|region=Asia|climatezone=Cold_Dry_Winter,human,0.0834,-0.05790000000000001,0.0255,5.1,TRUE,0.5,TRUE,TRUE,TRUE,TRUE,TRUE,FALSE,FALSE,TRUE,NA,0.051
spatial_spd,cao_8,Asia,Cold_Dry_Winter,analysis=spatial_spd|dataset_id=cao_8|region=Asia|climatezone=Cold_Dry_Winter,climate,0.5319,-0.05790000000000006,0.474,94.8,TRUE,0.5,TRUE,TRUE,TRUE,TRUE,TRUE,FALSE,FALSE,TRUE,NA,0.948
spatial_spd,cao_57,Asia,Cold_Without_dry_season_Cold_Summer,analysis=spatial_spd|dataset_id=cao_57|region=Asia|climatezone=Cold_Without_dry_season_Cold_Summer,human,-0.0099,0.0131,0.0032,0.53,TRUE,0.599,TRUE,TRUE,TRUE,TRUE,TRUE,TRUE,FALSE,TRUE,NA,0.005342237061769617
spatial_spd,cao_57,Asia,Cold_Without_dry_season_Cold_Summer,analysis=spatial_spd|dataset_id=cao_57|region=Asia|climatezone=Cold_Without_dry_season_Cold_Summer,climate,0.5823,0.0131,0.5954,99.4,TRUE,0.599,TRUE,TRUE,TRUE,TRUE,TRUE,TRUE,FALSE,TRUE,NA,0.9939899833055093
spatial_spd,cao_80,Asia,Cold_Without_dry_season_Cold_Summer,analysis=spatial_spd|dataset_id=cao_80|region=Asia|climatezone=Cold_Without_dry_season_Cold_Summer,human,0.0136,0.002800000000000002,0.0164,3.23,TRUE,0.508,TRUE,TRUE,TRUE,TRUE,TRUE,FALSE,FALSE,TRUE,NA,0.03228346456692913
spatial_spd,cao_80,Asia,Cold_Without_dry_season_Cold_Summer,analysis=spatial_spd|dataset_id=cao_80|region=Asia|climatezone=Cold_Without_dry_season_Cold_Summer,climate,0.4887,0.002799999999999969,0.4915,96.75,TRUE,0.508,TRUE,TRUE,TRUE,TRUE,TRUE,FALSE,FALSE,TRUE,NA,0.96751968503937
spatial_spd,cao_101,Asia,Cold_Without_dry_season_Warm_Summer,analysis=spatial_spd|dataset_id=cao_101|region=Asia|climatezone=Cold_Without_dry_season_Warm_Summer,human,0.0441,-0.0382,0.0059,1.28,TRUE,0.462,TRUE,TRUE,TRUE,TRUE,TRUE,FALSE,FALSE,TRUE,NA,0.012770562770562769
spatial_spd,cao_101,Asia,Cold_Without_dry_season_Warm_Summer,analysis=spatial_spd|dataset_id=cao_101|region=Asia|climatezone=Cold_Without_dry_season_Warm_Summer,climate,0.4947,-0.0383,0.4564,98.79,TRUE,0.462,TRUE,TRUE,TRUE,TRUE,TRUE,FALSE,FALSE,TRUE,NA,0.9878787878787878
spatial_spd,cao_124,Asia,Cold_Without_dry_season_Cold_Summer,analysis=spatial_spd|dataset_id=cao_124|region=Asia|climatezone=Cold_Without_dry_season_Cold_Summer,human,0.1272,-0.0354,0.0918,22.67,TRUE,0.405,TRUE,TRUE,TRUE,TRUE,TRUE,FALSE,FALSE,TRUE,NA,0.22666666666666666
spatial_spd,cao_124,Asia,Cold_Without_dry_season_Cold_Summer,analysis=spatial_spd|dataset_id=cao_124|region=Asia|climatezone=Cold_Without_dry_season_Cold_Summer,climate,0.3484,-0.0353,0.3131,77.31,TRUE,0.405,TRUE,TRUE,TRUE,TRUE,TRUE,FALSE,FALSE,TRUE,NA,0.7730864197530863
spatial_spd,cao_134,Asia,Cold_Without_dry_season_Cold_Summer,analysis=spatial_spd|dataset_id=cao_134|region=Asia|climatezone=Cold_Without_dry_season_Cold_Summer,human,-0.0647,0.053799999999999994,-0.0109,-3.37,TRUE,0.323,TRUE,TRUE,TRUE,TRUE,TRUE,TRUE,TRUE,TRUE,NA,-0.03374613003095975
spatial_spd,cao_134,Asia,Cold_Without_dry_season_Cold_Summer,analysis=spatial_spd|dataset_id=cao_134|region=Asia|climatezone=Cold_Without_dry_season_Cold_Summer,climate,0.2805,0.05379999999999996,0.3343,103.5,TRUE,0.323,TRUE,TRUE,TRUE,TRUE,TRUE,TRUE,TRUE,TRUE,NA,1.034984520123839
spatial_spd,cao_158,Asia,Cold_Without_dry_season_Warm_Summer,analysis=spatial_spd|dataset_id=cao_158|region=Asia|climatezone=Cold_Without_dry_season_Warm_Summer,human,-0.0274,0.0391,0.0117,3.51,TRUE,0.333,TRUE,TRUE,TRUE,TRUE,TRUE,TRUE,FALSE,TRUE,NA,0.03513513513513514
spatial_spd,cao_158,Asia,Cold_Without_dry_season_Warm_Summer,analysis=spatial_spd|dataset_id=cao_158|region=Asia|climatezone=Cold_Without_dry_season_Warm_Summer,climate,0.2825,0.039100000000000024,0.3216,96.58,TRUE,0.333,TRUE,TRUE,TRUE,TRUE,TRUE,TRUE,FALSE,TRUE,NA,0.9657657657657657
spatial_spd,PANGAEA.884462,Asia,Arid,analysis=spatial_spd|dataset_id=PANGAEA.884462|region=Asia|climatezone=Arid,human,0.1148,-0.031700000000000006,0.0831,18.1,TRUE,0.459,TRUE,TRUE,TRUE,TRUE,TRUE,FALSE,FALSE,TRUE,NA,0.1810457516339869
spatial_spd,PANGAEA.884462,Asia,Arid,analysis=spatial_spd|dataset_id=PANGAEA.884462|region=Asia|climatezone=Arid,climate,0.4072,-0.031700000000000006,0.3755,81.81,TRUE,0.459,TRUE,TRUE,TRUE,TRUE,TRUE,FALSE,FALSE,TRUE,NA,0.8180827886710239
spatial_spd,PANGAEA.896256,Asia,Arid,analysis=spatial_spd|dataset_id=PANGAEA.896256|region=Asia|climatezone=Arid,human,-0.0149,0.060399999999999995,0.0455,15.27,TRUE,0.298,TRUE,TRUE,TRUE,TRUE,TRUE,TRUE,FALSE,TRUE,NA,0.15268456375838926
spatial_spd,PANGAEA.896256,Asia,Arid,analysis=spatial_spd|dataset_id=PANGAEA.896256|region=Asia|climatezone=Arid,climate,0.1915,0.0605,0.252,84.56,TRUE,0.298,TRUE,TRUE,TRUE,TRUE,TRUE,TRUE,FALSE,TRUE,NA,0.8456375838926175
spatial_spd,PANGAEA.783359,Asia,Temperate_Dry_Summer,analysis=spatial_spd|dataset_id=PANGAEA.783359|region=Asia|climatezone=Temperate_Dry_Summer,human,-0.0466,0.0358,-0.0108,-5.17,TRUE,0.209,TRUE,TRUE,TRUE,TRUE,TRUE,TRUE,TRUE,TRUE,NA,-0.051674641148325366
spatial_spd,PANGAEA.783359,Asia,Temperate_Dry_Summer,analysis=spatial_spd|dataset_id=PANGAEA.783359|region=Asia|climatezone=Temperate_Dry_Summer,climate,0.1843,0.0358,0.2201,105.31,TRUE,0.209,TRUE,TRUE,TRUE,TRUE,TRUE,TRUE,TRUE,TRUE,NA,1.05311004784689
spatial_spd,Lake_Moon,Asia,Cold_Dry_Winter,analysis=spatial_spd|dataset_id=Lake_Moon|region=Asia|climatezone=Cold_Dry_Winter,human,0.1214,-0.006699999999999998,0.1147,42.01,TRUE,0.273,TRUE,TRUE,TRUE,TRUE,TRUE,FALSE,FALSE,TRUE,NA,0.4201465201465201
spatial_spd,Lake_Moon,Asia,Cold_Dry_Winter,analysis=spatial_spd|dataset_id=Lake_Moon|region=Asia|climatezone=Cold_Dry_Winter,climate,0.165,-0.0067000000000000115,0.1583,57.99,TRUE,0.273,TRUE,TRUE,TRUE,TRUE,TRUE,FALSE,FALSE,TRUE,NA,0.5798534798534798
spatial_spd,47817,Asia,Arid,analysis=spatial_spd|dataset_id=47817|region=Asia|climatezone=Arid,human,0.1893,-0.08009999999999999,0.1092,31.56,TRUE,0.346,TRUE,TRUE,TRUE,TRUE,TRUE,FALSE,FALSE,TRUE,NA,0.31560693641618504
spatial_spd,47817,Asia,Arid,analysis=spatial_spd|dataset_id=47817|region=Asia|climatezone=Arid,climate,0.3165,-0.0801,0.2364,68.32,TRUE,0.346,TRUE,TRUE,TRUE,TRUE,TRUE,FALSE,FALSE,TRUE,NA,0.6832369942196532
spatial_spd,876,Asia,Cold_Without_dry_season_Warm_Summer,analysis=spatial_spd|dataset_id=876|region=Asia|climatezone=Cold_Without_dry_season_Warm_Summer,human,0.0586,1.999999999999988e-4,0.0588,11.69,TRUE,0.503,TRUE,TRUE,TRUE,TRUE,TRUE,FALSE,FALSE,TRUE,NA,0.1168986083499006
spatial_spd,876,Asia,Cold_Without_dry_season_Warm_Summer,analysis=spatial_spd|dataset_id=876|region=Asia|climatezone=Cold_Without_dry_season_Warm_Summer,climate,0.4445,9.999999999998899e-5,0.4446,88.39,TRUE,0.503,TRUE,TRUE,TRUE,TRUE,TRUE,FALSE,FALSE,TRUE,NA,0.88389662027833
spatial_spd,46462,Asia,Cold_Without_dry_season_Warm_Summer,analysis=spatial_spd|dataset_id=46462|region=Asia|climatezone=Cold_Without_dry_season_Warm_Summer,human,-0.0382,0.13240000000000002,0.0942,24.92,TRUE,0.378,TRUE,TRUE,TRUE,TRUE,TRUE,TRUE,FALSE,TRUE,NA,0.2492063492063492
spatial_spd,46462,Asia,Cold_Without_dry_season_Warm_Summer,analysis=spatial_spd|dataset_id=46462|region=Asia|climatezone=Cold_Without_dry_season_Warm_Summer,climate,0.1519,0.1324,0.2843,75.21,TRUE,0.378,TRUE,TRUE,TRUE,TRUE,TRUE,TRUE,FALSE,TRUE,NA,0.7521164021164021
spatial_spd,46466,Asia,Cold_Without_dry_season_Warm_Summer,analysis=spatial_spd|dataset_id=46466|region=Asia|climatezone=Cold_Without_dry_season_Warm_Summer,human,0.0872,-0.0673,0.0199,18.43,TRUE,0.108,TRUE,TRUE,TRUE,TRUE,TRUE,FALSE,FALSE,TRUE,NA,0.18425925925925926
spatial_spd,46466,Asia,Cold_Without_dry_season_Warm_Summer,analysis=spatial_spd|dataset_id=46466|region=Asia|climatezone=Cold_Without_dry_season_Warm_Summer,climate,0.1556,-0.06719999999999998,0.0884,81.85,TRUE,0.108,TRUE,TRUE,TRUE,TRUE,TRUE,FALSE,FALSE,TRUE,NA,0.8185185185185185
spatial_spd,46483,Asia,Cold_Without_dry_season_Warm_Summer,analysis=spatial_spd|dataset_id=46483|region=Asia|climatezone=Cold_Without_dry_season_Warm_Summer,human,-0.0474,0.041499999999999995,-0.0059,-2.69,TRUE,0.219,TRUE,TRUE,TRUE,TRUE,TRUE,TRUE,TRUE,TRUE,NA,-0.026940639269406392
spatial_spd,46483,Asia,Cold_Without_dry_season_Warm_Summer,analysis=spatial_spd|dataset_id=46483|region=Asia|climatezone=Cold_Without_dry_season_Warm_Summer,climate,0.1837,0.04139999999999999,0.2251,102.79,TRUE,0.219,TRUE,TRUE,TRUE,TRUE,TRUE,TRUE,TRUE,TRUE,NA,1.0278538812785387
spatial_spd,3896,Asia,Cold_Without_dry_season_Cold_Summer,analysis=spatial_spd|dataset_id=3896|region=Asia|climatezone=Cold_Without_dry_season_Cold_Summer,human,-0.0282,0.003599999999999999,-0.0246,-6.03,TRUE,0.408,TRUE,TRUE,TRUE,TRUE,TRUE,TRUE,TRUE,TRUE,NA,-0.06029411764705883
spatial_spd,3896,Asia,Cold_Without_dry_season_Cold_Summer,analysis=spatial_spd|dataset_id=3896|region=Asia|climatezone=Cold_Without_dry_season_Cold_Summer,climate,0.4286,0.003599999999999992,0.4322,105.93,TRUE,0.408,TRUE,TRUE,TRUE,TRUE,TRUE,TRUE,TRUE,TRUE,NA,1.059313725490196
spatial_spd,46479,Asia,Cold_Without_dry_season_Warm_Summer,analysis=spatial_spd|dataset_id=46479|region=Asia|climatezone=Cold_Without_dry_season_Warm_Summer,human,0.0204,-0.0221,-0.0017,-0.48,TRUE,0.357,TRUE,TRUE,TRUE,TRUE,TRUE,FALSE,TRUE,TRUE,NA,-0.0047619047619047615
spatial_spd,46479,Asia,Cold_Without_dry_season_Warm_Summer,analysis=spatial_spd|dataset_id=46479|region=Asia|climatezone=Cold_Without_dry_season_Warm_Summer,climate,0.3807,-0.022199999999999998,0.3585,100.42,TRUE,0.357,TRUE,TRUE,TRUE,TRUE,TRUE,FALSE,TRUE,TRUE,NA,1.004201680672269
spatial_spd,46485,Asia,Cold_Without_dry_season_Warm_Summer,analysis=spatial_spd|dataset_id=46485|region=Asia|climatezone=Cold_Without_dry_season_Warm_Summer,human,-0.0489,0.0664,0.0175,3.6,TRUE,0.486,TRUE,TRUE,TRUE,TRUE,TRUE,TRUE,FALSE,TRUE,NA,0.0360082304526749
spatial_spd,46485,Asia,Cold_Without_dry_season_Warm_Summer,analysis=spatial_spd|dataset_id=46485|region=Asia|climatezone=Cold_Without_dry_season_Warm_Summer,climate,0.4021,0.06640000000000001,0.4685,96.4,TRUE,0.486,TRUE,TRUE,TRUE,TRUE,TRUE,TRUE,FALSE,TRUE,NA,0.9639917695473252
spatial_spd,46447,Asia,Cold_Without_dry_season_Cold_Summer,analysis=spatial_spd|dataset_id=46447|region=Asia|climatezone=Cold_Without_dry_season_Cold_Summer,human,-0.0226,0.0467,0.0241,4.84,TRUE,0.498,TRUE,TRUE,TRUE,TRUE,TRUE,TRUE,FALSE,TRUE,NA,0.048393574297188754
spatial_spd,46447,Asia,Cold_Without_dry_season_Cold_Summer,analysis=spatial_spd|dataset_id=46447|region=Asia|climatezone=Cold_Without_dry_season_Cold_Summer,climate,0.4274,0.04680000000000001,0.4742,95.22,TRUE,0.498,TRUE,TRUE,TRUE,TRUE,TRUE,TRUE,FALSE,TRUE,NA,0.9522088353413655
spatial_spd,1444,Asia,Cold_Without_dry_season_Warm_Summer,analysis=spatial_spd|dataset_id=1444|region=Asia|climatezone=Cold_Without_dry_season_Warm_Summer,human,0.0494,0.075,0.1244,24.73,TRUE,0.503,TRUE,TRUE,TRUE,TRUE,TRUE,FALSE,FALSE,TRUE,NA,0.24731610337972165
spatial_spd,1444,Asia,Cold_Without_dry_season_Warm_Summer,analysis=spatial_spd|dataset_id=1444|region=Asia|climatezone=Cold_Without_dry_season_Warm_Summer,climate,0.3035,0.07500000000000001,0.3785,75.25,TRUE,0.503,TRUE,TRUE,TRUE,TRUE,TRUE,FALSE,FALSE,TRUE,NA,0.7524850894632207
spatial_spd,2643,Asia,Cold_Without_dry_season_Warm_Summer,analysis=spatial_spd|dataset_id=2643|region=Asia|climatezone=Cold_Without_dry_season_Warm_Summer,human,-0.0379,0.037200000000000004,-7e-4,-0.37,TRUE,0.191,TRUE,TRUE,TRUE,TRUE,TRUE,TRUE,TRUE,TRUE,NA,-0.0036649214659685864
spatial_spd,2643,Asia,Cold_Without_dry_season_Warm_Summer,analysis=spatial_spd|dataset_id=2643|region=Asia|climatezone=Cold_Without_dry_season_Warm_Summer,climate,0.1549,0.03719999999999998,0.1921,100.58,TRUE,0.191,TRUE,TRUE,TRUE,TRUE,TRUE,TRUE,TRUE,TRUE,NA,1.0057591623036648
spatial_spd,1844,Asia,Cold_Without_dry_season_Warm_Summer,analysis=spatial_spd|dataset_id=1844|region=Asia|climatezone=Cold_Without_dry_season_Warm_Summer,human,0.0613,0.0638,0.1251,19.98,TRUE,0.626,TRUE,TRUE,TRUE,TRUE,TRUE,FALSE,FALSE,TRUE,NA,0.19984025559105428
spatial_spd,1844,Asia,Cold_Without_dry_season_Warm_Summer,analysis=spatial_spd|dataset_id=1844|region=Asia|climatezone=Cold_Without_dry_season_Warm_Summer,climate,0.4368,0.06390000000000001,0.5007,79.98,TRUE,0.626,TRUE,TRUE,TRUE,TRUE,TRUE,FALSE,FALSE,TRUE,NA,0.7998402555910543
spatial_spd,4543,Asia,Cold_Without_dry_season_Cold_Summer,analysis=spatial_spd|dataset_id=4543|region=Asia|climatezone=Cold_Without_dry_season_Cold_Summer,human,0.0442,-0.042,0.0022,0.82,TRUE,0.268,TRUE,TRUE,TRUE,TRUE,TRUE,FALSE,FALSE,TRUE,NA,0.008208955223880597
spatial_spd,4543,Asia,Cold_Without_dry_season_Cold_Summer,analysis=spatial_spd|dataset_id=4543|region=Asia|climatezone=Cold_Without_dry_season_Cold_Summer,climate,0.3074,-0.04199999999999998,0.2654,99.03,TRUE,0.268,TRUE,TRUE,TRUE,TRUE,TRUE,FALSE,FALSE,TRUE,NA,0.9902985074626866
spatial_spd,40990,Asia,Cold_Dry_Winter,analysis=spatial_spd|dataset_id=40990|region=Asia|climatezone=Cold_Dry_Winter,human,-0.0314,-0.010300000000000004,-0.0417,-20.95,TRUE,0.199,TRUE,TRUE,TRUE,TRUE,TRUE,TRUE,TRUE,TRUE,NA,-0.20954773869346732
spatial_spd,40990,Asia,Cold_Dry_Winter,analysis=spatial_spd|dataset_id=40990|region=Asia|climatezone=Cold_Dry_Winter,climate,0.2513,-0.010300000000000031,0.241,121.11,TRUE,0.199,TRUE,TRUE,TRUE,TRUE,TRUE,TRUE,TRUE,TRUE,NA,1.2110552763819094
spatial_spd,15720,Asia,Cold_Without_dry_season_Warm_Summer,analysis=spatial_spd|dataset_id=15720|region=Asia|climatezone=Cold_Without_dry_season_Warm_Summer,human,0.0979,-0.0781,0.0198,9.61,TRUE,0.206,TRUE,TRUE,TRUE,TRUE,TRUE,FALSE,FALSE,TRUE,NA,0.09611650485436894
spatial_spd,15720,Asia,Cold_Without_dry_season_Warm_Summer,analysis=spatial_spd|dataset_id=15720|region=Asia|climatezone=Cold_Without_dry_season_Warm_Summer,climate,0.2646,-0.07819999999999999,0.1864,90.49,TRUE,0.206,TRUE,TRUE,TRUE,TRUE,TRUE,FALSE,FALSE,TRUE,NA,0.904854368932039
spatial_spd,4081,Asia,Cold_Dry_Winter,analysis=spatial_spd|dataset_id=4081|region=Asia|climatezone=Cold_Dry_Winter,human,-0.0311,-0.0173,-0.0484,-14.19,TRUE,0.341,TRUE,TRUE,TRUE,TRUE,TRUE,TRUE,TRUE,TRUE,NA,-0.14193548387096772
spatial_spd,4081,Asia,Cold_Dry_Winter,analysis=spatial_spd|dataset_id=4081|region=Asia|climatezone=Cold_Dry_Winter,climate,0.4068,-0.017299999999999982,0.3895,114.22,TRUE,0.341,TRUE,TRUE,TRUE,TRUE,TRUE,TRUE,TRUE,TRUE,NA,1.1422287390029324
spatial_spd,3861,Asia,Arid,analysis=spatial_spd|dataset_id=3861|region=Asia|climatezone=Arid,human,-0.0601,-0.004799999999999999,-0.0649,-23.18,TRUE,0.28,TRUE,TRUE,TRUE,TRUE,TRUE,TRUE,TRUE,TRUE,NA,-0.23178571428571426
spatial_spd,3861,Asia,Arid,analysis=spatial_spd|dataset_id=3861|region=Asia|climatezone=Arid,climate,0.3494,-0.004799999999999971,0.3446,123.07,TRUE,0.28,TRUE,TRUE,TRUE,TRUE,TRUE,TRUE,TRUE,TRUE,NA,1.2307142857142856
spatial_spd,41247,Asia,Temperate_Dry_Winter,analysis=spatial_spd|dataset_id=41247|region=Asia|climatezone=Temperate_Dry_Winter,human,0.2045,-0.008299999999999974,0.1962,69.57,TRUE,0.282,TRUE,TRUE,TRUE,TRUE,TRUE,FALSE,FALSE,TRUE,NA,0.6957446808510639
spatial_spd,41247,Asia,Temperate_Dry_Winter,analysis=spatial_spd|dataset_id=41247|region=Asia|climatezone=Temperate_Dry_Winter,climate,0.0938,-0.008299999999999988,0.0855,30.32,TRUE,0.282,TRUE,TRUE,TRUE,TRUE,TRUE,FALSE,FALSE,TRUE,NA,0.3031914893617022
spatial_spd,15624,Asia,Temperate_Without_dry_season,analysis=spatial_spd|dataset_id=15624|region=Asia|climatezone=Temperate_Without_dry_season,human,0.0848,0.006699999999999998,0.0915,14.16,TRUE,0.646,TRUE,TRUE,TRUE,TRUE,TRUE,FALSE,FALSE,TRUE,NA,0.141640866873065
spatial_spd,15624,Asia,Temperate_Without_dry_season,analysis=spatial_spd|dataset_id=15624|region=Asia|climatezone=Temperate_Without_dry_season,climate,0.5479,0.006699999999999928,0.5546,85.85,TRUE,0.646,TRUE,TRUE,TRUE,TRUE,TRUE,FALSE,FALSE,TRUE,NA,0.8585139318885449
spatial_spd,41245,Asia,Cold_Dry_Winter,analysis=spatial_spd|dataset_id=41245|region=Asia|climatezone=Cold_Dry_Winter,human,0.0374,0.0688,0.1062,18.96,TRUE,0.56,TRUE,TRUE,TRUE,TRUE,TRUE,FALSE,FALSE,TRUE,NA,0.18964285714285714
spatial_spd,41245,Asia,Cold_Dry_Winter,analysis=spatial_spd|dataset_id=41245|region=Asia|climatezone=Cold_Dry_Winter,climate,0.385,0.06879999999999997,0.4538,81.04,TRUE,0.56,TRUE,TRUE,TRUE,TRUE,TRUE,FALSE,FALSE,TRUE,NA,0.8103571428571428
spatial_spd,14612,Asia,Arid,analysis=spatial_spd|dataset_id=14612|region=Asia|climatezone=Arid,human,-0.0189,0.0558,0.0369,11.6,TRUE,0.318,TRUE,TRUE,TRUE,TRUE,TRUE,TRUE,FALSE,TRUE,NA,0.1160377358490566
spatial_spd,14612,Asia,Arid,analysis=spatial_spd|dataset_id=14612|region=Asia|climatezone=Arid,climate,0.2252,0.055900000000000005,0.2811,88.4,TRUE,0.318,TRUE,TRUE,TRUE,TRUE,TRUE,TRUE,FALSE,TRUE,NA,0.8839622641509435
spatial_spd,15649,Asia,Temperate_Without_dry_season,analysis=spatial_spd|dataset_id=15649|region=Asia|climatezone=Temperate_Without_dry_season,human,0.163,-0.042300000000000004,0.1207,26.01,TRUE,0.464,TRUE,TRUE,TRUE,TRUE,TRUE,FALSE,FALSE,TRUE,NA,0.26012931034482756
spatial_spd,15649,Asia,Temperate_Without_dry_season,analysis=spatial_spd|dataset_id=15649|region=Asia|climatezone=Temperate_Without_dry_season,climate,0.3853,-0.04219999999999996,0.3431,73.94,TRUE,0.464,TRUE,TRUE,TRUE,TRUE,TRUE,FALSE,FALSE,TRUE,NA,0.7394396551724138
spatial_spd,14134,Asia,Temperate_Without_dry_season,analysis=spatial_spd|dataset_id=14134|region=Asia|climatezone=Temperate_Without_dry_season,human,0.0023,-0.0049,-0.0026,-0.48,TRUE,0.541,TRUE,TRUE,TRUE,TRUE,TRUE,FALSE,TRUE,TRUE,NA,-0.004805914972273567
spatial_spd,14134,Asia,Temperate_Without_dry_season,analysis=spatial_spd|dataset_id=14134|region=Asia|climatezone=Temperate_Without_dry_season,climate,0.5489,-0.0049000000000000155,0.544,100.55,TRUE,0.541,TRUE,TRUE,TRUE,TRUE,TRUE,FALSE,TRUE,TRUE,NA,1.0055452865064696
spatial_spd,15656,Asia,Temperate_Without_dry_season,analysis=spatial_spd|dataset_id=15656|region=Asia|climatezone=Temperate_Without_dry_season,human,-0.0345,0.061,0.0265,8.58,TRUE,0.309,TRUE,TRUE,TRUE,TRUE,TRUE,TRUE,FALSE,TRUE,NA,0.08576051779935275
spatial_spd,15656,Asia,Temperate_Without_dry_season,analysis=spatial_spd|dataset_id=15656|region=Asia|climatezone=Temperate_Without_dry_season,climate,0.2216,0.061100000000000015,0.2827,91.49,TRUE,0.309,TRUE,TRUE,TRUE,TRUE,TRUE,TRUE,FALSE,TRUE,NA,0.9148867313915858
spatial_spd,22330,Asia,Cold_Without_dry_season_Warm_Summer,analysis=spatial_spd|dataset_id=22330|region=Asia|climatezone=Cold_Without_dry_season_Warm_Summer,human,0.011,0.0032000000000000015,0.0142,8.88,TRUE,0.16,TRUE,TRUE,TRUE,TRUE,TRUE,FALSE,FALSE,TRUE,NA,0.08875000000000001
spatial_spd,22330,Asia,Cold_Without_dry_season_Warm_Summer,analysis=spatial_spd|dataset_id=22330|region=Asia|climatezone=Cold_Without_dry_season_Warm_Summer,climate,0.1427,0.0032000000000000084,0.1459,91.19,TRUE,0.16,TRUE,TRUE,TRUE,TRUE,TRUE,FALSE,FALSE,TRUE,NA,0.911875
spatial_spd,15709,Asia,Cold_Without_dry_season_Warm_Summer,analysis=spatial_spd|dataset_id=15709|region=Asia|climatezone=Cold_Without_dry_season_Warm_Summer,human,0.0185,-0.0126,0.0059,1.19,TRUE,0.495,TRUE,TRUE,TRUE,TRUE,TRUE,FALSE,FALSE,TRUE,NA,0.01191919191919192
spatial_spd,15709,Asia,Cold_Without_dry_season_Warm_Summer,analysis=spatial_spd|dataset_id=15709|region=Asia|climatezone=Cold_Without_dry_season_Warm_Summer,climate,0.502,-0.0126,0.4894,98.87,TRUE,0.495,TRUE,TRUE,TRUE,TRUE,TRUE,FALSE,FALSE,TRUE,NA,0.9886868686868687
spatial_spd,15678,Asia,Cold_Without_dry_season_Hot_Summer,analysis=spatial_spd|dataset_id=15678|region=Asia|climatezone=Cold_Without_dry_season_Hot_Summer,human,0.0879,0.020899999999999988,0.1088,50.37,TRUE,0.216,TRUE,TRUE,TRUE,TRUE,TRUE,FALSE,FALSE,TRUE,NA,0.5037037037037037
spatial_spd,15678,Asia,Cold_Without_dry_season_Hot_Summer,analysis=spatial_spd|dataset_id=15678|region=Asia|climatezone=Cold_Without_dry_season_Hot_Summer,climate,0.086,0.020800000000000013,0.1068,49.44,TRUE,0.216,TRUE,TRUE,TRUE,TRUE,TRUE,FALSE,FALSE,TRUE,NA,0.49444444444444446
spatial_spd,3927,Asia,Temperate_Dry_Summer,analysis=spatial_spd|dataset_id=3927|region=Asia|climatezone=Temperate_Dry_Summer,human,-0.0553,-5.999999999999964e-4,-0.0559,-9.79,TRUE,0.571,TRUE,TRUE,TRUE,TRUE,TRUE,TRUE,TRUE,TRUE,NA,-0.0978984238178634
spatial_spd,3927,Asia,Temperate_Dry_Summer,analysis=spatial_spd|dataset_id=3927|region=Asia|climatezone=Temperate_Dry_Summer,climate,0.6277,-7.000000000000339e-4,0.627,109.81,TRUE,0.571,TRUE,TRUE,TRUE,TRUE,TRUE,TRUE,TRUE,TRUE,NA,1.098073555166375
spatial_spd,4137,Asia,Arid,analysis=spatial_spd|dataset_id=4137|region=Asia|climatezone=Arid,human,0.0789,-0.0407,0.0382,17.05,TRUE,0.224,TRUE,TRUE,TRUE,TRUE,TRUE,FALSE,FALSE,TRUE,NA,0.17053571428571426
spatial_spd,4137,Asia,Arid,analysis=spatial_spd|dataset_id=4137|region=Asia|climatezone=Arid,climate,0.2265,-0.040700000000000014,0.1858,82.95,TRUE,0.224,TRUE,TRUE,TRUE,TRUE,TRUE,FALSE,FALSE,TRUE,NA,0.8294642857142857
spatial_spd,4442,Asia,Cold_Dry_Summer,analysis=spatial_spd|dataset_id=4442|region=Asia|climatezone=Cold_Dry_Summer,human,0.0083,-0.016399999999999998,-0.0081,-1.6,TRUE,0.506,TRUE,TRUE,TRUE,TRUE,TRUE,FALSE,TRUE,TRUE,NA,-0.01600790513833992
spatial_spd,4442,Asia,Cold_Dry_Summer,analysis=spatial_spd|dataset_id=4442|region=Asia|climatezone=Cold_Dry_Summer,climate,0.531,-0.01640000000000008,0.5146,101.7,TRUE,0.506,TRUE,TRUE,TRUE,TRUE,TRUE,FALSE,TRUE,TRUE,NA,1.01699604743083
spatial_spd,4509,Asia,Cold_Dry_Summer,analysis=spatial_spd|dataset_id=4509|region=Asia|climatezone=Cold_Dry_Summer,human,-0.0308,-0.022199999999999998,-0.053,-9.55,TRUE,0.555,TRUE,TRUE,TRUE,TRUE,TRUE,TRUE,TRUE,TRUE,NA,-0.09549549549549548
spatial_spd,4509,Asia,Cold_Dry_Summer,analysis=spatial_spd|dataset_id=4509|region=Asia|climatezone=Cold_Dry_Summer,climate,0.6302,-0.022299999999999986,0.6079,109.53,TRUE,0.555,TRUE,TRUE,TRUE,TRUE,TRUE,TRUE,TRUE,TRUE,NA,1.0953153153153152
spatial_spd,24161,Asia,Cold_Dry_Summer,analysis=spatial_spd|dataset_id=24161|region=Asia|climatezone=Cold_Dry_Summer,human,-0.0134,0.0125,-9e-4,-0.52,TRUE,0.172,TRUE,TRUE,TRUE,TRUE,TRUE,TRUE,TRUE,TRUE,NA,-0.005232558139534884
spatial_spd,24161,Asia,Cold_Dry_Summer,analysis=spatial_spd|dataset_id=24161|region=Asia|climatezone=Cold_Dry_Summer,climate,0.1606,0.012399999999999994,0.173,100.58,TRUE,0.172,TRUE,TRUE,TRUE,TRUE,TRUE,TRUE,TRUE,TRUE,NA,1.005813953488372
spatial_spd,24166,Asia,Temperate_Dry_Summer,analysis=spatial_spd|dataset_id=24166|region=Asia|climatezone=Temperate_Dry_Summer,human,-0.0107,-0.011000000000000001,-0.0217,-5.49,TRUE,0.395,TRUE,TRUE,TRUE,TRUE,TRUE,TRUE,TRUE,TRUE,NA,-0.05493670886075949
spatial_spd,24166,Asia,Temperate_Dry_Summer,analysis=spatial_spd|dataset_id=24166|region=Asia|climatezone=Temperate_Dry_Summer,climate,0.4277,-0.01100000000000001,0.4167,105.49,TRUE,0.395,TRUE,TRUE,TRUE,TRUE,TRUE,TRUE,TRUE,TRUE,NA,1.0549367088607595
spatial_spd,24175,Asia,Arid,analysis=spatial_spd|dataset_id=24175|region=Asia|climatezone=Arid,human,0.0025,0.025500000000000002,0.028,5.61,TRUE,0.499,TRUE,TRUE,TRUE,TRUE,TRUE,FALSE,FALSE,TRUE,NA,0.056112224448897796
spatial_spd,24175,Asia,Arid,analysis=spatial_spd|dataset_id=24175|region=Asia|climatezone=Arid,climate,0.446,0.025399999999999978,0.4714,94.47,TRUE,0.499,TRUE,TRUE,TRUE,TRUE,TRUE,FALSE,FALSE,TRUE,NA,0.944689378757515
spatial_spd,pg_711911,Asia,Arid,analysis=spatial_spd|dataset_id=pg_711911|region=Asia|climatezone=Arid,human,0.0609,0.0326,0.0935,29.31,TRUE,0.319,TRUE,TRUE,TRUE,TRUE,TRUE,FALSE,FALSE,TRUE,NA,0.29310344827586204
spatial_spd,pg_711911,Asia,Arid,analysis=spatial_spd|dataset_id=pg_711911|region=Asia|climatezone=Arid,climate,0.1932,0.03259999999999999,0.2258,70.78,TRUE,0.319,TRUE,TRUE,TRUE,TRUE,TRUE,FALSE,FALSE,TRUE,NA,0.7078369905956112
spatial_spd,pg_858056,Asia,Temperate_Dry_Summer,analysis=spatial_spd|dataset_id=pg_858056|region=Asia|climatezone=Temperate_Dry_Summer,human,-0.0023,0.057999999999999996,0.0557,10.75,TRUE,0.518,TRUE,TRUE,TRUE,TRUE,TRUE,TRUE,FALSE,TRUE,NA,0.10752895752895753
spatial_spd,pg_858056,Asia,Temperate_Dry_Summer,analysis=spatial_spd|dataset_id=pg_858056|region=Asia|climatezone=Temperate_Dry_Summer,climate,0.4041,0.057999999999999996,0.4621,89.21,TRUE,0.518,TRUE,TRUE,TRUE,TRUE,TRUE,TRUE,FALSE,TRUE,NA,0.892084942084942
spatial_spd,pg_874340,Asia,Arid,analysis=spatial_spd|dataset_id=pg_874340|region=Asia|climatezone=Arid,human,-0.0013,-0.022000000000000002,-0.0233,-291.25,TRUE,0.008,TRUE,TRUE,TRUE,TRUE,TRUE,TRUE,TRUE,TRUE,NA,-2.9125
spatial_spd,pg_874340,Asia,Arid,analysis=spatial_spd|dataset_id=pg_874340|region=Asia|climatezone=Arid,climate,0.0533,-0.0221,0.0312,390,TRUE,0.008,TRUE,TRUE,TRUE,TRUE,TRUE,TRUE,TRUE,TRUE,NA,3.9
spatial_spd,pg_884740,Asia,Arid,analysis=spatial_spd|dataset_id=pg_884740|region=Asia|climatezone=Arid,human,-0.0171,0.0699,0.0528,18.14,TRUE,0.291,TRUE,TRUE,TRUE,TRUE,TRUE,TRUE,FALSE,TRUE,NA,0.1814432989690722
spatial_spd,pg_884740,Asia,Arid,analysis=spatial_spd|dataset_id=pg_884740|region=Asia|climatezone=Arid,climate,0.1686,0.06989999999999999,0.2385,81.96,TRUE,0.291,TRUE,TRUE,TRUE,TRUE,TRUE,TRUE,FALSE,TRUE,NA,0.8195876288659794
spatial_spd,pg_907390,Asia,Arid,analysis=spatial_spd|dataset_id=pg_907390|region=Asia|climatezone=Arid,human,0.3536,-0.12500000000000003,0.2286,76.45,TRUE,0.299,TRUE,TRUE,TRUE,TRUE,TRUE,FALSE,FALSE,TRUE,NA,0.7645484949832776
spatial_spd,pg_907390,Asia,Arid,analysis=spatial_spd|dataset_id=pg_907390|region=Asia|climatezone=Arid,climate,0.1951,-0.1251,0.07,23.41,TRUE,0.299,TRUE,TRUE,TRUE,TRUE,TRUE,FALSE,FALSE,TRUE,NA,0.23411371237458198
spatial_spd,pg_711930,Asia,Temperate_Dry_Summer,analysis=spatial_spd|dataset_id=pg_711930|region=Asia|climatezone=Temperate_Dry_Summer,human,-0.0399,0.060899999999999996,0.021,13.12,TRUE,0.16,TRUE,TRUE,TRUE,TRUE,TRUE,TRUE,FALSE,TRUE,NA,0.13125
spatial_spd,pg_711930,Asia,Temperate_Dry_Summer,analysis=spatial_spd|dataset_id=pg_711930|region=Asia|climatezone=Temperate_Dry_Summer,climate,0.0776,0.061,0.1386,86.62,TRUE,0.16,TRUE,TRUE,TRUE,TRUE,TRUE,TRUE,FALSE,TRUE,NA,0.86625
spatial_spd,pg_738918,Asia,Cold_Dry_Summer,analysis=spatial_spd|dataset_id=pg_738918|region=Asia|climatezone=Cold_Dry_Summer,human,-0.0122,-0.012499999999999999,-0.0247,-18.16,TRUE,0.136,TRUE,TRUE,TRUE,TRUE,TRUE,TRUE,TRUE,TRUE,NA,-0.18161764705882352
spatial_spd,pg_738918,Asia,Cold_Dry_Summer,analysis=spatial_spd|dataset_id=pg_738918|region=Asia|climatezone=Cold_Dry_Summer,climate,0.1728,-0.012500000000000011,0.1603,117.87,TRUE,0.136,TRUE,TRUE,TRUE,TRUE,TRUE,TRUE,TRUE,TRUE,NA,1.178676470588235
spatial_spd,ippd_975,Oceania,Temperate_Without_dry_season,analysis=spatial_spd|dataset_id=ippd_975|region=Oceania|climatezone=Temperate_Without_dry_season,human,0.0863,0.0878,0.1741,23.43,TRUE,0.743,TRUE,TRUE,TRUE,TRUE,TRUE,FALSE,FALSE,TRUE,NA,0.23432032301480485
spatial_spd,ippd_975,Oceania,Temperate_Without_dry_season,analysis=spatial_spd|dataset_id=ippd_975|region=Oceania|climatezone=Temperate_Without_dry_season,climate,0.4814,0.08780000000000004,0.5692,76.61,TRUE,0.743,TRUE,TRUE,TRUE,TRUE,TRUE,FALSE,FALSE,TRUE,NA,0.7660834454912517
spatial_spd,ippd_978,Oceania,Temperate_Without_dry_season,analysis=spatial_spd|dataset_id=ippd_978|region=Oceania|climatezone=Temperate_Without_dry_season,human,0.1497,0.13169999999999998,0.2814,46.51,TRUE,0.605,TRUE,TRUE,TRUE,TRUE,TRUE,FALSE,FALSE,TRUE,NA,0.46512396694214875
spatial_spd,ippd_978,Oceania,Temperate_Without_dry_season,analysis=spatial_spd|dataset_id=ippd_978|region=Oceania|climatezone=Temperate_Without_dry_season,climate,0.1916,0.13169999999999998,0.3233,53.44,TRUE,0.605,TRUE,TRUE,TRUE,TRUE,TRUE,FALSE,FALSE,TRUE,NA,0.5343801652892561
spatial_spd,ippd_991,Oceania,Temperate_Without_dry_season,analysis=spatial_spd|dataset_id=ippd_991|region=Oceania|climatezone=Temperate_Without_dry_season,human,-0.005,0.1193,0.1143,62.12,TRUE,0.184,TRUE,TRUE,TRUE,TRUE,TRUE,TRUE,FALSE,TRUE,NA,0.621195652173913
spatial_spd,ippd_991,Oceania,Temperate_Without_dry_season,analysis=spatial_spd|dataset_id=ippd_991|region=Oceania|climatezone=Temperate_Without_dry_season,climate,-0.0499,0.1194,0.0695,37.77,TRUE,0.184,TRUE,TRUE,TRUE,TRUE,TRUE,TRUE,FALSE,TRUE,NA,0.3777173913043479
spatial_spd,ippd_1016,Oceania,Temperate_Without_dry_season,analysis=spatial_spd|dataset_id=ippd_1016|region=Oceania|climatezone=Temperate_Without_dry_season,human,-0.0681,0.3238,0.2557,42.62,TRUE,0.6,TRUE,TRUE,TRUE,TRUE,TRUE,TRUE,FALSE,TRUE,NA,0.42616666666666664
spatial_spd,ippd_1016,Oceania,Temperate_Without_dry_season,analysis=spatial_spd|dataset_id=ippd_1016|region=Oceania|climatezone=Temperate_Without_dry_season,climate,0.0202,0.3239,0.3441,57.35,TRUE,0.6,TRUE,TRUE,TRUE,TRUE,TRUE,TRUE,FALSE,TRUE,NA,0.5735
spatial_spd,ippd_1070,Oceania,Tropical,analysis=spatial_spd|dataset_id=ippd_1070|region=Oceania|climatezone=Tropical,human,0.1886,0.09639999999999999,0.285,73.08,TRUE,0.39,TRUE,TRUE,TRUE,TRUE,TRUE,FALSE,FALSE,TRUE,NA,0.7307692307692307
spatial_spd,ippd_1070,Oceania,Tropical,analysis=spatial_spd|dataset_id=ippd_1070|region=Oceania|climatezone=Tropical,climate,0.0086,0.0964,0.105,26.92,TRUE,0.39,TRUE,TRUE,TRUE,TRUE,TRUE,FALSE,FALSE,TRUE,NA,0.2692307692307692
spatial_spd,ippd_1443,Oceania,Tropical,analysis=spatial_spd|dataset_id=ippd_1443|region=Oceania|climatezone=Tropical,human,-0.0206,0.0381,0.0175,3.59,TRUE,0.488,TRUE,TRUE,TRUE,TRUE,TRUE,TRUE,FALSE,TRUE,NA,0.03586065573770492
spatial_spd,ippd_1443,Oceania,Tropical,analysis=spatial_spd|dataset_id=ippd_1443|region=Oceania|climatezone=Tropical,climate,0.4323,0.03809999999999997,0.4704,96.39,TRUE,0.488,TRUE,TRUE,TRUE,TRUE,TRUE,TRUE,FALSE,TRUE,NA,0.9639344262295082
spatial_spd,ippd_1444,Oceania,Tropical,analysis=spatial_spd|dataset_id=ippd_1444|region=Oceania|climatezone=Tropical,human,0.1988,0.10350000000000001,0.3023,77.91,TRUE,0.388,TRUE,TRUE,TRUE,TRUE,TRUE,TRUE,FALSE,TRUE,NA,0.7791237113402062
spatial_spd,ippd_1444,Oceania,Tropical,analysis=spatial_spd|dataset_id=ippd_1444|region=Oceania|climatezone=Tropical,climate,-0.018,0.10350000000000001,0.0855,22.04,TRUE,0.388,TRUE,TRUE,TRUE,TRUE,TRUE,TRUE,FALSE,TRUE,NA,0.22036082474226806
spatial_spd,ippd_1999,Oceania,Tropical,analysis=spatial_spd|dataset_id=ippd_1999|region=Oceania|climatezone=Tropical,human,-0.0282,-0.004899999999999998,-0.0331,-7,TRUE,0.473,TRUE,TRUE,TRUE,TRUE,TRUE,TRUE,TRUE,TRUE,NA,-0.06997885835095137
spatial_spd,ippd_1999,Oceania,Tropical,analysis=spatial_spd|dataset_id=ippd_1999|region=Oceania|climatezone=Tropical,climate,0.5113,-0.0050000000000000044,0.5063,107.04,TRUE,0.473,TRUE,TRUE,TRUE,TRUE,TRUE,TRUE,TRUE,TRUE,NA,1.0704016913319239
spatial_spd,ippd_2000,Oceania,Temperate_Dry_Winter,analysis=spatial_spd|dataset_id=ippd_2000|region=Oceania|climatezone=Temperate_Dry_Winter,human,0.0324,0.058800000000000005,0.0912,34.55,TRUE,0.264,TRUE,TRUE,TRUE,TRUE,TRUE,FALSE,FALSE,TRUE,NA,0.34545454545454546
spatial_spd,ippd_2000,Oceania,Temperate_Dry_Winter,analysis=spatial_spd|dataset_id=ippd_2000|region=Oceania|climatezone=Temperate_Dry_Winter,climate,0.1143,0.058800000000000005,0.1731,65.57,TRUE,0.264,TRUE,TRUE,TRUE,TRUE,TRUE,FALSE,FALSE,TRUE,NA,0.6556818181818181
spatial_spd,ippd_2008,Oceania,Temperate_Without_dry_season,analysis=spatial_spd|dataset_id=ippd_2008|region=Oceania|climatezone=Temperate_Without_dry_season,human,0.2124,0.0996,0.312,42.33,TRUE,0.737,TRUE,TRUE,TRUE,TRUE,TRUE,FALSE,FALSE,TRUE,NA,0.4233378561736771
spatial_spd,ippd_2008,Oceania,Temperate_Without_dry_season,analysis=spatial_spd|dataset_id=ippd_2008|region=Oceania|climatezone=Temperate_Without_dry_season,climate,0.325,0.09959999999999997,0.4246,57.61,TRUE,0.737,TRUE,TRUE,TRUE,TRUE,TRUE,FALSE,FALSE,TRUE,NA,0.5761194029850746
spatial_spd,ippd_2009,Oceania,Temperate_Without_dry_season,analysis=spatial_spd|dataset_id=ippd_2009|region=Oceania|climatezone=Temperate_Without_dry_season,human,-0.0357,0.1596,0.1239,48.02,TRUE,0.258,TRUE,TRUE,TRUE,TRUE,TRUE,TRUE,FALSE,TRUE,NA,0.48023255813953486
spatial_spd,ippd_2009,Oceania,Temperate_Without_dry_season,analysis=spatial_spd|dataset_id=ippd_2009|region=Oceania|climatezone=Temperate_Without_dry_season,climate,-0.0259,0.1595,0.1336,51.78,TRUE,0.258,TRUE,TRUE,TRUE,TRUE,TRUE,TRUE,FALSE,TRUE,NA,0.517829457364341
spatial_spd,ippd_2094,Oceania,Temperate_Without_dry_season,analysis=spatial_spd|dataset_id=ippd_2094|region=Oceania|climatezone=Temperate_Without_dry_season,human,0.0156,0.07379999999999999,0.0894,13.78,TRUE,0.649,TRUE,TRUE,TRUE,TRUE,TRUE,FALSE,FALSE,TRUE,NA,0.1377503852080123
spatial_spd,ippd_2094,Oceania,Temperate_Without_dry_season,analysis=spatial_spd|dataset_id=ippd_2094|region=Oceania|climatezone=Temperate_Without_dry_season,climate,0.4853,0.07380000000000003,0.5591,86.15,TRUE,0.649,TRUE,TRUE,TRUE,TRUE,TRUE,FALSE,FALSE,TRUE,NA,0.8614791987673344
spatial_spd,ippd_2113,Oceania,Temperate_Without_dry_season,analysis=spatial_spd|dataset_id=ippd_2113|region=Oceania|climatezone=Temperate_Without_dry_season,human,0.1103,0.08259999999999999,0.1929,54.65,TRUE,0.353,TRUE,TRUE,TRUE,TRUE,TRUE,FALSE,FALSE,TRUE,NA,0.5464589235127478
spatial_spd,ippd_2113,Oceania,Temperate_Without_dry_season,analysis=spatial_spd|dataset_id=ippd_2113|region=Oceania|climatezone=Temperate_Without_dry_season,climate,0.0775,0.08270000000000001,0.1602,45.38,TRUE,0.353,TRUE,TRUE,TRUE,TRUE,TRUE,FALSE,FALSE,TRUE,NA,0.4538243626062323
spatial_spd,ippd_2122,Oceania,Temperate_Without_dry_season,analysis=spatial_spd|dataset_id=ippd_2122|region=Oceania|climatezone=Temperate_Without_dry_season,human,0.0511,0.1432,0.1943,106.76,TRUE,0.182,TRUE,TRUE,TRUE,TRUE,TRUE,TRUE,TRUE,TRUE,NA,1.0675824175824176
spatial_spd,ippd_2122,Oceania,Temperate_Without_dry_season,analysis=spatial_spd|dataset_id=ippd_2122|region=Oceania|climatezone=Temperate_Without_dry_season,climate,-0.1552,0.1431,-0.0121,-6.65,TRUE,0.182,TRUE,TRUE,TRUE,TRUE,TRUE,TRUE,TRUE,TRUE,NA,-0.06648351648351648
spatial_spd,ippd_2133,Oceania,Temperate_Dry_Summer,analysis=spatial_spd|dataset_id=ippd_2133|region=Oceania|climatezone=Temperate_Dry_Summer,human,-0.046,0.0679,0.0219,15.76,TRUE,0.139,TRUE,TRUE,TRUE,TRUE,TRUE,TRUE,FALSE,TRUE,NA,0.15755395683453235
spatial_spd,ippd_2133,Oceania,Temperate_Dry_Summer,analysis=spatial_spd|dataset_id=ippd_2133|region=Oceania|climatezone=Temperate_Dry_Summer,climate,0.0489,0.0678,0.1167,83.96,TRUE,0.139,TRUE,TRUE,TRUE,TRUE,TRUE,TRUE,FALSE,TRUE,NA,0.8395683453237409
spatial_spd,ippd_2163,Oceania,Temperate_Without_dry_season,analysis=spatial_spd|dataset_id=ippd_2163|region=Oceania|climatezone=Temperate_Without_dry_season,human,0.0538,0.0635,0.1173,24.96,TRUE,0.47,TRUE,TRUE,TRUE,TRUE,TRUE,FALSE,FALSE,TRUE,NA,0.2495744680851064
spatial_spd,ippd_2163,Oceania,Temperate_Without_dry_season,analysis=spatial_spd|dataset_id=ippd_2163|region=Oceania|climatezone=Temperate_Without_dry_season,climate,0.2889,0.0635,0.3524,74.98,TRUE,0.47,TRUE,TRUE,TRUE,TRUE,TRUE,FALSE,FALSE,TRUE,NA,0.7497872340425532
spatial_spd,ippd_2216,Oceania,Temperate_Without_dry_season,analysis=spatial_spd|dataset_id=ippd_2216|region=Oceania|climatezone=Temperate_Without_dry_season,human,-0.0799,0.1099,0.03,21.74,TRUE,0.138,TRUE,TRUE,TRUE,TRUE,TRUE,TRUE,FALSE,TRUE,NA,0.21739130434782605
spatial_spd,ippd_2216,Oceania,Temperate_Without_dry_season,analysis=spatial_spd|dataset_id=ippd_2216|region=Oceania|climatezone=Temperate_Without_dry_season,climate,-0.0017,0.1099,0.1082,78.41,TRUE,0.138,TRUE,TRUE,TRUE,TRUE,TRUE,TRUE,FALSE,TRUE,NA,0.7840579710144927
spatial_spd,ippd_2264,Oceania,Temperate_Without_dry_season,analysis=spatial_spd|dataset_id=ippd_2264|region=Oceania|climatezone=Temperate_Without_dry_season,human,-2e-4,0.0046,0.0044,2.02,TRUE,0.218,TRUE,TRUE,TRUE,TRUE,TRUE,TRUE,FALSE,TRUE,NA,0.02018348623853211
spatial_spd,ippd_2264,Oceania,Temperate_Without_dry_season,analysis=spatial_spd|dataset_id=ippd_2264|region=Oceania|climatezone=Temperate_Without_dry_season,climate,0.2089,0.004599999999999993,0.2135,97.94,TRUE,0.218,TRUE,TRUE,TRUE,TRUE,TRUE,TRUE,FALSE,TRUE,NA,0.9793577981651376
spatial_spd,ippd_2268,Oceania,Temperate_Without_dry_season,analysis=spatial_spd|dataset_id=ippd_2268|region=Oceania|climatezone=Temperate_Without_dry_season,human,-0.0535,0.0504,-0.0031,-0.69,TRUE,0.449,TRUE,TRUE,TRUE,TRUE,TRUE,TRUE,TRUE,TRUE,NA,-0.006904231625835189
spatial_spd,ippd_2268,Oceania,Temperate_Without_dry_season,analysis=spatial_spd|dataset_id=ippd_2268|region=Oceania|climatezone=Temperate_Without_dry_season,climate,0.4015,0.0504,0.4519,100.65,TRUE,0.449,TRUE,TRUE,TRUE,TRUE,TRUE,TRUE,TRUE,TRUE,NA,1.0064587973273942
spatial_spd,ippd_2270,Oceania,Temperate_Without_dry_season,analysis=spatial_spd|dataset_id=ippd_2270|region=Oceania|climatezone=Temperate_Without_dry_season,human,0.0287,0.08789999999999999,0.1166,24.55,TRUE,0.475,TRUE,TRUE,TRUE,TRUE,TRUE,FALSE,FALSE,TRUE,NA,0.24547368421052632
spatial_spd,ippd_2270,Oceania,Temperate_Without_dry_season,analysis=spatial_spd|dataset_id=ippd_2270|region=Oceania|climatezone=Temperate_Without_dry_season,climate,0.2705,0.08789999999999998,0.3584,75.45,TRUE,0.475,TRUE,TRUE,TRUE,TRUE,TRUE,FALSE,FALSE,TRUE,NA,0.7545263157894737
spatial_spd,ippd_2271,Oceania,Temperate_Without_dry_season,analysis=spatial_spd|dataset_id=ippd_2271|region=Oceania|climatezone=Temperate_Without_dry_season,human,0.3847,0.017800000000000038,0.4025,48.09,TRUE,0.837,TRUE,TRUE,TRUE,TRUE,TRUE,FALSE,FALSE,TRUE,NA,0.48088410991636804
spatial_spd,ippd_2271,Oceania,Temperate_Without_dry_season,analysis=spatial_spd|dataset_id=ippd_2271|region=Oceania|climatezone=Temperate_Without_dry_season,climate,0.4167,0.017699999999999994,0.4344,51.9,TRUE,0.837,TRUE,TRUE,TRUE,TRUE,TRUE,FALSE,FALSE,TRUE,NA,0.5189964157706094
spatial_spd,ippd_2283,Oceania,Temperate_Without_dry_season,analysis=spatial_spd|dataset_id=ippd_2283|region=Oceania|climatezone=Temperate_Without_dry_season,human,0.0384,0.1212,0.1596,212.8,TRUE,0.075,TRUE,TRUE,TRUE,TRUE,TRUE,TRUE,TRUE,TRUE,NA,2.128
spatial_spd,ippd_2283,Oceania,Temperate_Without_dry_season,analysis=spatial_spd|dataset_id=ippd_2283|region=Oceania|climatezone=Temperate_Without_dry_season,climate,-0.2057,0.12119999999999999,-0.0845,-112.67,TRUE,0.075,TRUE,TRUE,TRUE,TRUE,TRUE,TRUE,TRUE,TRUE,NA,-1.1266666666666667
spatial_spd,ippd_2284,Oceania,Temperate_Without_dry_season,analysis=spatial_spd|dataset_id=ippd_2284|region=Oceania|climatezone=Temperate_Without_dry_season,human,0.2174,0.11089999999999997,0.3283,44.19,TRUE,0.743,TRUE,TRUE,TRUE,TRUE,TRUE,FALSE,FALSE,TRUE,NA,0.44185733512786
spatial_spd,ippd_2284,Oceania,Temperate_Without_dry_season,analysis=spatial_spd|dataset_id=ippd_2284|region=Oceania|climatezone=Temperate_Without_dry_season,climate,0.3039,0.1109,0.4148,55.83,TRUE,0.743,TRUE,TRUE,TRUE,TRUE,TRUE,FALSE,FALSE,TRUE,NA,0.5582772543741589
spatial_spd,ippd_2287,Oceania,Arid,analysis=spatial_spd|dataset_id=ippd_2287|region=Oceania|climatezone=Arid,human,0.1044,-0.02070000000000001,0.0837,24.26,TRUE,0.345,TRUE,TRUE,TRUE,TRUE,TRUE,FALSE,FALSE,TRUE,NA,0.2426086956521739
spatial_spd,ippd_2287,Oceania,Arid,analysis=spatial_spd|dataset_id=ippd_2287|region=Oceania|climatezone=Arid,climate,0.2823,-0.020699999999999996,0.2616,75.83,TRUE,0.345,TRUE,TRUE,TRUE,TRUE,TRUE,FALSE,FALSE,TRUE,NA,0.7582608695652174
spatial_spd,ippd_2306,Oceania,Temperate_Without_dry_season,analysis=spatial_spd|dataset_id=ippd_2306|region=Oceania|climatezone=Temperate_Without_dry_season,human,-0.0321,0.032799999999999996,7e-4,6.36,TRUE,0.011,TRUE,TRUE,TRUE,TRUE,TRUE,TRUE,FALSE,TRUE,NA,0.06363636363636364
spatial_spd,ippd_2306,Oceania,Temperate_Without_dry_season,analysis=spatial_spd|dataset_id=ippd_2306|region=Oceania|climatezone=Temperate_Without_dry_season,climate,-0.0227,0.0328,0.0101,91.82,TRUE,0.011,TRUE,TRUE,TRUE,TRUE,TRUE,TRUE,FALSE,TRUE,NA,0.9181818181818182
spatial_spd,ippd_2308,Oceania,Temperate_Without_dry_season,analysis=spatial_spd|dataset_id=ippd_2308|region=Oceania|climatezone=Temperate_Without_dry_season,human,0.0632,0.025399999999999992,0.0886,16.35,TRUE,0.542,TRUE,TRUE,TRUE,TRUE,TRUE,FALSE,FALSE,TRUE,NA,0.16346863468634684
spatial_spd,ippd_2308,Oceania,Temperate_Without_dry_season,analysis=spatial_spd|dataset_id=ippd_2308|region=Oceania|climatezone=Temperate_Without_dry_season,climate,0.4278,0.025499999999999967,0.4533,83.63,TRUE,0.542,TRUE,TRUE,TRUE,TRUE,TRUE,FALSE,FALSE,TRUE,NA,0.8363468634686346
spatial_spd,ippd_2313,Oceania,Cold_Without_dry_season_Warm_Summer,analysis=spatial_spd|dataset_id=ippd_2313|region=Oceania|climatezone=Cold_Without_dry_season_Warm_Summer,human,-0.076,0.19140000000000001,0.1154,71.23,TRUE,0.162,TRUE,TRUE,TRUE,TRUE,TRUE,TRUE,FALSE,TRUE,NA,0.7123456790123457
spatial_spd,ippd_2313,Oceania,Cold_Without_dry_season_Warm_Summer,analysis=spatial_spd|dataset_id=ippd_2313|region=Oceania|climatezone=Cold_Without_dry_season_Warm_Summer,climate,-0.1452,0.1914,0.0462,28.52,TRUE,0.162,TRUE,TRUE,TRUE,TRUE,TRUE,TRUE,FALSE,TRUE,NA,0.28518518518518515
spatial_spd,ippd_2357,Oceania,Temperate_Without_dry_season,analysis=spatial_spd|dataset_id=ippd_2357|region=Oceania|climatezone=Temperate_Without_dry_season,human,0.1302,0.15990000000000001,0.2901,69.24,TRUE,0.419,TRUE,TRUE,TRUE,TRUE,TRUE,TRUE,FALSE,TRUE,NA,0.6923627684964201
spatial_spd,ippd_2357,Oceania,Temperate_Without_dry_season,analysis=spatial_spd|dataset_id=ippd_2357|region=Oceania|climatezone=Temperate_Without_dry_season,climate,-0.0308,0.1599,0.1291,30.81,TRUE,0.419,TRUE,TRUE,TRUE,TRUE,TRUE,TRUE,FALSE,TRUE,NA,0.3081145584725537
