analysis,dataset_id,region,climatezone,model_id,predictor,varpart_unique,unique,average_share,individual,individual_percent,predictor_present,shared,varpart_total,total_adjusted_r_squared,model_result_available,varpart_available,has_required_predictors,has_finite_total,has_positive_total,has_finite_individual,has_finite_varpart,has_negative_unique,has_negative_individual,is_importance_eligible,exclusion_reason,zero_truncated_individual,zero_truncated_total,zero_truncated_allocation,signed_allocation,climatezone_label
spatial_spd,46516,Europe,Cold - Warm Summer,analysis=spatial_spd|dataset_id=46516|region=Europe|climatezone=Cold_Without_dry_season_Warm_Summer,human,-0.0211,-0.0211,0.0379,0.0168,6.15,TRUE,0.0758,0.2729,0.273,TRUE,TRUE,TRUE,TRUE,TRUE,TRUE,TRUE,TRUE,FALSE,TRUE,NA,0.0168,0.2729,0.06156101135947233,0.06153846153846153,CWS
spatial_spd,26606,North America,Cold - Warm Summer,analysis=spatial_spd|dataset_id=26606|region=North America|climatezone=Cold_Without_dry_season_Warm_Summer,human,0.0649,0.0649,0.13740000000000002,0.2023,30.1,TRUE,0.2748,0.6716,0.672,TRUE,TRUE,TRUE,TRUE,TRUE,TRUE,TRUE,FALSE,FALSE,TRUE,NA,0.2023,0.6717,0.30117612029179697,0.30104166666666665,CWS
spatial_spd,48966,Europe,Temperate,analysis=spatial_spd|dataset_id=48966|region=Europe|climatezone=Temperate_Without_dry_season,human,-0.0411,-0.0411,0.028199999999999996,-0.0129,-2.55,TRUE,0.0565,0.5053,0.505,TRUE,TRUE,TRUE,TRUE,TRUE,TRUE,TRUE,TRUE,TRUE,TRUE,NA,0,0.5182,0,-0.025544554455445543,TMP
spatial_spd,3565,North America,Cold - Warm Summer,analysis=spatial_spd|dataset_id=3565|region=North America|climatezone=Cold_Without_dry_season_Warm_Summer,human,0.0334,0.0334,-9.999999999999593e-5,0.0333,4.27,TRUE,-3e-4,0.7804,0.78,TRUE,TRUE,TRUE,TRUE,TRUE,TRUE,TRUE,FALSE,FALSE,TRUE,NA,0.0333,0.7805,0.04266495836002563,0.042692307692307696,CWS
spatial_spd,3032,North America,Cold - Warm Summer,analysis=spatial_spd|dataset_id=3032|region=North America|climatezone=Cold_Without_dry_season_Warm_Summer,human,0.021,0.021,0.1454,0.1664,52.66,TRUE,0.2908,0.3157,0.316,TRUE,TRUE,TRUE,TRUE,TRUE,TRUE,TRUE,FALSE,FALSE,TRUE,NA,0.1664,0.3157,0.5270826734241368,0.5265822784810126,CWS
spatial_spd,4383,Europe,Cold - Warm Summer,analysis=spatial_spd|dataset_id=4383|region=Europe|climatezone=Cold_Without_dry_season_Warm_Summer,human,0.1574,0.1574,-0.026100000000000012,0.1313,142.72,TRUE,-0.0522,0.0923,0.092,TRUE,TRUE,TRUE,TRUE,TRUE,TRUE,TRUE,TRUE,TRUE,TRUE,NA,0.1313,0.1313,1,1.4271739130434782,CWS
spatial_spd,45377,Europe,Cold - Warm Summer,analysis=spatial_spd|dataset_id=45377|region=Europe|climatezone=Cold_Without_dry_season_Warm_Summer,human,0.0507,0.0507,0.019200000000000002,0.0699,27.09,TRUE,0.0384,0.2583,0.258,TRUE,TRUE,TRUE,TRUE,TRUE,TRUE,TRUE,FALSE,FALSE,TRUE,NA,0.0699,0.25830000000000003,0.2706155632984901,0.27093023255813953,CWS
spatial_spd,236,North America,Cold - Warm Summer,analysis=spatial_spd|dataset_id=236|region=North America|climatezone=Cold_Without_dry_season_Warm_Summer,human,-0.022,-0.022,0.0337,0.0117,4.15,TRUE,0.0674,0.2824,0.282,TRUE,TRUE,TRUE,TRUE,TRUE,TRUE,TRUE,TRUE,FALSE,TRUE,NA,0.0117,0.2824,0.04143059490084986,0.041489361702127664,CWS
spatial_spd,4170,Europe,Cold - Warm Summer,analysis=spatial_spd|dataset_id=4170|region=Europe|climatezone=Cold_Without_dry_season_Warm_Summer,human,-0.0026,-0.0026,-0.023100000000000002,-0.0257,-5.2,TRUE,-0.0462,0.49370000000000003,0.494,TRUE,TRUE,TRUE,TRUE,TRUE,TRUE,TRUE,TRUE,TRUE,TRUE,NA,0,0.5193,0,-0.05202429149797571,CWS
spatial_spd,25372,Europe,Temperate,analysis=spatial_spd|dataset_id=25372|region=Europe|climatezone=Temperate_Without_dry_season,human,0.1091,0.1091,-0.0218,0.0873,18.69,TRUE,-0.0435,0.4666,0.467,TRUE,TRUE,TRUE,TRUE,TRUE,TRUE,TRUE,FALSE,FALSE,TRUE,NA,0.0873,0.4666,0.18709815687955422,0.18693790149892933,TMP
spatial_spd,2642,North America,Cold - Dry Summer,analysis=spatial_spd|dataset_id=2642|region=North America|climatezone=Cold_Dry_Summer,human,0.0754,0.0754,-0.006199999999999997,0.0692,8.95,TRUE,-0.0124,0.773,0.773,TRUE,TRUE,TRUE,TRUE,TRUE,TRUE,TRUE,FALSE,FALSE,TRUE,NA,0.0692,0.773,0.08952134540750323,0.08952134540750323,CDS
spatial_spd,46544,Europe,Cold - Warm Summer,analysis=spatial_spd|dataset_id=46544|region=Europe|climatezone=Cold_Without_dry_season_Warm_Summer,human,0.0421,0.0421,-0.0213,0.0208,5.23,TRUE,-0.0426,0.398,0.398,TRUE,TRUE,TRUE,TRUE,TRUE,TRUE,TRUE,FALSE,FALSE,TRUE,NA,0.0208,0.39799999999999996,0.05226130653266332,0.05226130653266331,CWS
spatial_spd,982,North America,Cold - Warm Summer,analysis=spatial_spd|dataset_id=982|region=North America|climatezone=Cold_Without_dry_season_Warm_Summer,human,0.0146,0.0146,0.053900000000000003,0.0685,15.6,TRUE,0.1077,0.4394,0.439,TRUE,TRUE,TRUE,TRUE,TRUE,TRUE,TRUE,FALSE,FALSE,TRUE,NA,0.0685,0.4394,0.15589440145653163,0.1560364464692483,CWS
spatial_spd,26448,Europe,Cold - Cold Summer,analysis=spatial_spd|dataset_id=26448|region=Europe|climatezone=Cold_Without_dry_season_Cold_Summer,human,0.0211,0.0211,0.10399999999999998,0.1251,32.83,TRUE,0.208,0.3809,0.381,TRUE,TRUE,TRUE,TRUE,TRUE,TRUE,TRUE,FALSE,FALSE,TRUE,NA,0.1251,0.38079999999999997,0.3285189075630252,0.32834645669291335,CCS
spatial_spd,4042,Europe,Cold - Warm Summer,analysis=spatial_spd|dataset_id=4042|region=Europe|climatezone=Cold_Without_dry_season_Warm_Summer,human,0.4394,0.4394,-0.04139999999999999,0.398,63.28,TRUE,-0.0828,0.6289,0.629,TRUE,TRUE,TRUE,TRUE,TRUE,TRUE,TRUE,FALSE,FALSE,TRUE,NA,0.398,0.6289,0.6328510096994753,0.6327503974562798,CWS
spatial_spd,3487,North America,Cold - Hot Summer,analysis=spatial_spd|dataset_id=3487|region=North America|climatezone=Cold_Without_dry_season_Hot_Summer,human,-0.0519,-0.0519,0.0104,-0.0415,-15.15,TRUE,0.0208,0.2745,0.274,TRUE,TRUE,TRUE,TRUE,TRUE,TRUE,TRUE,TRUE,TRUE,TRUE,NA,0,0.316,0,-0.15145985401459855,CHS
spatial_spd,21675,Latin America,Tropical,analysis=spatial_spd|dataset_id=21675|region=Latin America|climatezone=Tropical,human,0.2097,0.2097,0.12280000000000002,0.3325,57.73,TRUE,0.2456,0.5757,0.576,TRUE,TRUE,TRUE,TRUE,TRUE,TRUE,TRUE,FALSE,FALSE,TRUE,NA,0.3325,0.5757,0.5775577557755776,0.5772569444444445,TRO
spatial_spd,26499,Europe,Polar,analysis=spatial_spd|dataset_id=26499|region=Europe|climatezone=Polar,human,0.1233,0.1233,0.09049999999999998,0.2138,62.15,TRUE,0.1809,0.3441,0.344,TRUE,TRUE,TRUE,TRUE,TRUE,TRUE,TRUE,FALSE,FALSE,TRUE,NA,0.2138,0.34409999999999996,0.6213310084277827,0.6215116279069768,POL
spatial_spd,24840,Europe,Temperate,analysis=spatial_spd|dataset_id=24840|region=Europe|climatezone=Temperate_Without_dry_season,human,0.4007,0.4007,-0.06619999999999998,0.3345,80.8,TRUE,-0.1323,0.4143,0.414,TRUE,TRUE,TRUE,TRUE,TRUE,TRUE,TRUE,FALSE,FALSE,TRUE,NA,0.3345,0.4143,0.8073859522085446,0.8079710144927537,TMP
spatial_spd,2395,Latin America,Tropical,analysis=spatial_spd|dataset_id=2395|region=Latin America|climatezone=Tropical,human,0.0562,0.0562,0.10869999999999999,0.1649,75.3,TRUE,0.2174,0.2191,0.219,TRUE,TRUE,TRUE,TRUE,TRUE,TRUE,TRUE,TRUE,FALSE,TRUE,NA,0.1649,0.219,0.7529680365296804,0.7529680365296804,TRO
spatial_spd,45347,Europe,Polar,analysis=spatial_spd|dataset_id=45347|region=Europe|climatezone=Polar,human,0.0833,0.0833,-0.028199999999999996,0.0551,10.44,TRUE,-0.0564,0.5282,0.528,TRUE,TRUE,TRUE,TRUE,TRUE,TRUE,TRUE,FALSE,FALSE,TRUE,NA,0.0551,0.5282,0.10431654676258993,0.1043560606060606,POL
spatial_spd,15922,North America,Cold - Warm Summer,analysis=spatial_spd|dataset_id=15922|region=North America|climatezone=Cold_Without_dry_season_Warm_Summer,human,0.0272,0.0272,0.1623,0.1895,34.39,TRUE,0.3247,0.551,0.551,TRUE,TRUE,TRUE,TRUE,TRUE,TRUE,TRUE,FALSE,FALSE,TRUE,NA,0.1895,0.5509999999999999,0.34392014519056263,0.3439201451905626,CWS
spatial_spd,1010,North America,Cold - Cold Summer,analysis=spatial_spd|dataset_id=1010|region=North America|climatezone=Cold_Without_dry_season_Cold_Summer,human,-0.0049,-0.0049,0.1624,0.1575,45.39,TRUE,0.3247,0.3473,0.347,TRUE,TRUE,TRUE,TRUE,TRUE,TRUE,TRUE,TRUE,FALSE,TRUE,NA,0.1575,0.3473,0.45349841635473653,0.4538904899135447,CCS
spatial_spd,4542,Europe,Cold - Cold Summer,analysis=spatial_spd|dataset_id=4542|region=Europe|climatezone=Cold_Without_dry_season_Cold_Summer,human,-0.0347,-0.0347,0.0407,0.006,1.17,TRUE,0.0813,0.5119,0.512,TRUE,TRUE,TRUE,TRUE,TRUE,TRUE,TRUE,TRUE,FALSE,TRUE,NA,0.006,0.5119,0.011721039265481539,0.01171875,CCS
spatial_spd,14944,North America,Cold - Dry Summer,analysis=spatial_spd|dataset_id=14944|region=North America|climatezone=Cold_Dry_Summer,human,0.3829,0.3829,0.08489999999999998,0.4678,77.19,TRUE,0.1699,0.6057,0.606,TRUE,TRUE,TRUE,TRUE,TRUE,TRUE,TRUE,FALSE,FALSE,TRUE,NA,0.4678,0.6057,0.7723295360739639,0.7719471947194719,CDS
spatial_spd,17402,North America,Cold - Cold Summer,analysis=spatial_spd|dataset_id=17402|region=North America|climatezone=Cold_Without_dry_season_Cold_Summer,human,0.0887,0.0887,-5.000000000000004e-4,0.0882,35.71,TRUE,-0.0011,0.2474,0.247,TRUE,TRUE,TRUE,TRUE,TRUE,TRUE,TRUE,FALSE,FALSE,TRUE,NA,0.0882,0.2474,0.3565076798706548,0.357085020242915,CCS
spatial_spd,234,North America,Cold - Dry Summer,analysis=spatial_spd|dataset_id=234|region=North America|climatezone=Cold_Dry_Summer,human,-0.0072,-0.0072,0.07139999999999999,0.0642,15.07,TRUE,0.1428,0.4264,0.426,TRUE,TRUE,TRUE,TRUE,TRUE,TRUE,TRUE,TRUE,FALSE,TRUE,NA,0.0642,0.4264,0.15056285178236395,0.15070422535211267,CDS
spatial_spd,16081,North America,Cold - Warm Summer,analysis=spatial_spd|dataset_id=16081|region=North America|climatezone=Cold_Without_dry_season_Warm_Summer,human,-0.039,-0.039,0.017,-0.022,-7.46,TRUE,0.0341,0.2953,0.295,TRUE,TRUE,TRUE,TRUE,TRUE,TRUE,TRUE,TRUE,TRUE,TRUE,NA,0,0.3173,0,-0.07457627118644068,CWS
spatial_spd,41421,Europe,Temperate,analysis=spatial_spd|dataset_id=41421|region=Europe|climatezone=Temperate_Without_dry_season,human,0,0,0.016,0.016,4.3,TRUE,0.0319,0.3722,0.372,TRUE,TRUE,TRUE,TRUE,TRUE,TRUE,TRUE,FALSE,FALSE,TRUE,NA,0.016,0.37220000000000003,0.042987641053197204,0.043010752688172046,TMP
spatial_spd,1451,North America,Cold - Warm Summer,analysis=spatial_spd|dataset_id=1451|region=North America|climatezone=Cold_Without_dry_season_Warm_Summer,human,0.0506,0.0506,0.0449,0.0955,26.68,TRUE,0.0899,0.3579,0.358,TRUE,TRUE,TRUE,TRUE,TRUE,TRUE,TRUE,FALSE,FALSE,TRUE,NA,0.0955,0.3579,0.2668343112601285,0.2667597765363129,CWS
spatial_spd,785,North America,Cold - Warm Summer,analysis=spatial_spd|dataset_id=785|region=North America|climatezone=Cold_Without_dry_season_Warm_Summer,human,-0.0028,-0.0028,0.2159,0.2131,33.77,TRUE,0.4319,0.6309,0.631,TRUE,TRUE,TRUE,TRUE,TRUE,TRUE,TRUE,TRUE,FALSE,TRUE,NA,0.2131,0.6309,0.3377714376287843,0.33771790808240887,CWS
spatial_spd,2311,North America,Cold - Cold Summer,analysis=spatial_spd|dataset_id=2311|region=North America|climatezone=Cold_Without_dry_season_Cold_Summer,human,0.0243,0.0243,0.04819999999999999,0.0725,9.22,TRUE,0.0964,0.786,0.786,TRUE,TRUE,TRUE,TRUE,TRUE,TRUE,TRUE,FALSE,FALSE,TRUE,NA,0.0725,0.7861,0.09222745197811982,0.09223918575063612,CCS
spatial_spd,3900,Europe,Temperate,analysis=spatial_spd|dataset_id=3900|region=Europe|climatezone=Temperate_Without_dry_season,human,-0.0276,-0.0276,-0.016800000000000002,-0.0444,-35.24,TRUE,-0.0335,0.1261,0.126,TRUE,TRUE,TRUE,TRUE,TRUE,TRUE,TRUE,TRUE,TRUE,TRUE,NA,0,0.1704,0,-0.3523809523809524,TMP
spatial_spd,2053,North America,Cold - Warm Summer,analysis=spatial_spd|dataset_id=2053|region=North America|climatezone=Cold_Without_dry_season_Warm_Summer,human,-0.0568,-0.0568,0.031400000000000004,-0.0254,-7.56,TRUE,0.0627,0.3363,0.336,TRUE,TRUE,TRUE,TRUE,TRUE,TRUE,TRUE,TRUE,TRUE,TRUE,NA,0,0.3617,0,-0.07559523809523809,CWS
spatial_spd,1149,North America,Cold - Warm Summer,analysis=spatial_spd|dataset_id=1149|region=North America|climatezone=Cold_Without_dry_season_Warm_Summer,human,0.0696,0.0696,0.1539,0.2235,37.75,TRUE,0.3077,0.5923,0.592,TRUE,TRUE,TRUE,TRUE,TRUE,TRUE,TRUE,FALSE,FALSE,TRUE,NA,0.2235,0.5923,0.3773425628904271,0.3775337837837838,CWS
spatial_spd,46998,Latin America,Temperate,analysis=spatial_spd|dataset_id=46998|region=Latin America|climatezone=Temperate_Without_dry_season,human,-0.0159,-0.0159,0.0288,0.0129,16.54,TRUE,0.0577,0.078,0.078,TRUE,TRUE,TRUE,TRUE,TRUE,TRUE,TRUE,TRUE,FALSE,TRUE,NA,0.0129,0.078,0.16538461538461538,0.16538461538461538,TMP
spatial_spd,46490,Europe,Cold - Warm Summer,analysis=spatial_spd|dataset_id=46490|region=Europe|climatezone=Cold_Without_dry_season_Warm_Summer,human,0.1041,0.1041,-0.048999999999999995,0.0551,13.21,TRUE,-0.098,0.4167,0.417,TRUE,TRUE,TRUE,TRUE,TRUE,TRUE,TRUE,FALSE,FALSE,TRUE,NA,0.0551,0.41669999999999996,0.13222942164626833,0.13213429256594725,CWS
spatial_spd,210,North America,Arid,analysis=spatial_spd|dataset_id=210|region=North America|climatezone=Arid,human,0.0397,0.0397,0.1092,0.1489,27.37,TRUE,0.2185,0.5436,0.544,TRUE,TRUE,TRUE,TRUE,TRUE,TRUE,TRUE,FALSE,FALSE,TRUE,NA,0.1489,0.5436,0.2739146431199412,0.2737132352941176,ARD
spatial_spd,4136,Europe,Cold - Cold Summer,analysis=spatial_spd|dataset_id=4136|region=Europe|climatezone=Cold_Without_dry_season_Cold_Summer,human,0.0167,0.0167,-0.0058,0.0109,4.52,TRUE,-0.0116,0.241,0.241,TRUE,TRUE,TRUE,TRUE,TRUE,TRUE,TRUE,FALSE,FALSE,TRUE,NA,0.0109,0.241,0.045228215767634854,0.045228215767634854,CCS
spatial_spd,45192,Europe,Temperate - Dry Summer,analysis=spatial_spd|dataset_id=45192|region=Europe|climatezone=Temperate_Dry_Summer,human,0.0152,0.0152,-0.0158,-6e-4,-0.1,TRUE,-0.0317,0.5908,0.591,TRUE,TRUE,TRUE,TRUE,TRUE,TRUE,TRUE,FALSE,TRUE,TRUE,NA,0,0.5915,0,-0.0010152284263959391,TDS
spatial_spd,15232,North America,Cold - Cold Summer,analysis=spatial_spd|dataset_id=15232|region=North America|climatezone=Cold_Without_dry_season_Cold_Summer,human,0.0116,0.0116,0.0178,0.0294,22.11,TRUE,0.0355,0.1325,0.133,TRUE,TRUE,TRUE,TRUE,TRUE,TRUE,TRUE,FALSE,FALSE,TRUE,NA,0.0294,0.1326,0.22171945701357465,0.22105263157894736,CCS
spatial_spd,41467,Europe,Temperate,analysis=spatial_spd|dataset_id=41467|region=Europe|climatezone=Temperate_Without_dry_season,human,0.2012,0.2012,-0.033899999999999986,0.1673,34.71,TRUE,-0.0678,0.4816,0.482,TRUE,TRUE,TRUE,TRUE,TRUE,TRUE,TRUE,FALSE,FALSE,TRUE,NA,0.1673,0.48160000000000003,0.34738372093023256,0.34709543568464735,TMP
spatial_spd,3938,Europe,Cold - Warm Summer,analysis=spatial_spd|dataset_id=3938|region=Europe|climatezone=Cold_Without_dry_season_Warm_Summer,human,-0.0347,-0.0347,0.0125,-0.0222,-12.07,TRUE,0.0249,0.1844,0.184,TRUE,TRUE,TRUE,TRUE,TRUE,TRUE,TRUE,TRUE,TRUE,TRUE,NA,0,0.2067,0,-0.12065217391304349,CWS
spatial_spd,2619,North America,Temperate - Dry Summer,analysis=spatial_spd|dataset_id=2619|region=North America|climatezone=Temperate_Dry_Summer,human,0.0517,0.0517,0.07119999999999999,0.1229,62.07,TRUE,0.1424,0.1976,0.198,TRUE,TRUE,TRUE,TRUE,TRUE,TRUE,TRUE,FALSE,FALSE,TRUE,NA,0.1229,0.1976,0.6219635627530364,0.6207070707070707,TDS
spatial_spd,22988,Europe,Polar,analysis=spatial_spd|dataset_id=22988|region=Europe|climatezone=Polar,human,-0.0136,-0.0136,0.0352,0.0216,6.19,TRUE,0.0705,0.3493,0.349,TRUE,TRUE,TRUE,TRUE,TRUE,TRUE,TRUE,TRUE,FALSE,TRUE,NA,0.0216,0.3493,0.06183796163756084,0.06189111747851003,POL
spatial_spd,46803,North America,Cold - Cold Summer,analysis=spatial_spd|dataset_id=46803|region=North America|climatezone=Cold_Without_dry_season_Cold_Summer,human,0.0616,0.0616,0.13169999999999998,0.1933,36.47,TRUE,0.2634,0.5301,0.53,TRUE,TRUE,TRUE,TRUE,TRUE,TRUE,TRUE,FALSE,FALSE,TRUE,NA,0.1933,0.5301,0.36464817958875684,0.36471698113207546,CCS
spatial_spd,24195,Europe,Cold - Cold Summer,analysis=spatial_spd|dataset_id=24195|region=Europe|climatezone=Cold_Without_dry_season_Cold_Summer,human,-0.0149,-0.0149,-0.004299999999999998,-0.0192,-5.96,TRUE,-0.0086,0.322,0.322,TRUE,TRUE,TRUE,TRUE,TRUE,TRUE,TRUE,TRUE,TRUE,TRUE,NA,0,0.3412,0,-0.059627329192546576,CCS
spatial_spd,306,North America,Cold - Cold Summer,analysis=spatial_spd|dataset_id=306|region=North America|climatezone=Cold_Without_dry_season_Cold_Summer,human,0.0151,0.0151,-0.007500000000000001,0.0076,1.19,TRUE,-0.0151,0.6381,0.638,TRUE,TRUE,TRUE,TRUE,TRUE,TRUE,TRUE,FALSE,FALSE,TRUE,NA,0.0076,0.6381,0.011910358877918822,0.011912225705329153,CCS
spatial_spd,847,North America,Cold - Hot Summer,analysis=spatial_spd|dataset_id=847|region=North America|climatezone=Cold_Without_dry_season_Hot_Summer,human,0.033,0.033,0.0187,0.0517,84.75,TRUE,0.0373,0.0613,0.061,TRUE,TRUE,TRUE,TRUE,TRUE,TRUE,TRUE,TRUE,FALSE,TRUE,NA,0.0517,0.0614,0.8420195439739414,0.8475409836065575,CHS
spatial_spd,45322,Europe,Temperate - Dry Summer,analysis=spatial_spd|dataset_id=45322|region=Europe|climatezone=Temperate_Dry_Summer,human,-0.036,-0.036,0.047,0.011,4.95,TRUE,0.094,0.2215,0.222,TRUE,TRUE,TRUE,TRUE,TRUE,TRUE,TRUE,TRUE,FALSE,TRUE,NA,0.011,0.2215,0.04966139954853273,0.04954954954954954,TDS
spatial_spd,18108,North America,Cold - Cold Summer,analysis=spatial_spd|dataset_id=18108|region=North America|climatezone=Cold_Without_dry_season_Cold_Summer,human,0.1463,0.1463,-0.07160000000000001,0.0747,36.44,TRUE,-0.1433,0.2051,0.205,TRUE,TRUE,TRUE,TRUE,TRUE,TRUE,TRUE,FALSE,FALSE,TRUE,NA,0.0747,0.2052,0.36403508771929827,0.36439024390243907,CCS
spatial_spd,42745,North America,Cold - Cold Summer,analysis=spatial_spd|dataset_id=42745|region=North America|climatezone=Cold_Without_dry_season_Cold_Summer,human,0.0032,0.0032,-0.0047,-0.0015,-1.32,TRUE,-0.0095,0.1137,0.114,TRUE,TRUE,TRUE,TRUE,TRUE,TRUE,TRUE,FALSE,TRUE,TRUE,NA,0,0.1153,0,-0.013157894736842105,CCS
spatial_spd,17689,North America,Cold - Warm Summer,analysis=spatial_spd|dataset_id=17689|region=North America|climatezone=Cold_Without_dry_season_Warm_Summer,human,-0.0216,-0.0216,0.1408,0.1192,28.25,TRUE,0.2816,0.4225,0.422,TRUE,TRUE,TRUE,TRUE,TRUE,TRUE,TRUE,TRUE,FALSE,TRUE,NA,0.1192,0.4225,0.2821301775147929,0.28246445497630335,CWS
spatial_spd,340,North America,Cold - Warm Summer,analysis=spatial_spd|dataset_id=340|region=North America|climatezone=Cold_Without_dry_season_Warm_Summer,human,0.0906,0.0906,-2.999999999999947e-4,0.0903,23.15,TRUE,-5e-4,0.3895,0.39,TRUE,TRUE,TRUE,TRUE,TRUE,TRUE,TRUE,FALSE,FALSE,TRUE,NA,0.0903,0.3895,0.2318356867779204,0.23153846153846155,CWS
spatial_spd,40634,Europe,Cold - Cold Summer,analysis=spatial_spd|dataset_id=40634|region=Europe|climatezone=Cold_Without_dry_season_Cold_Summer,human,-0.0429,-0.0429,0.0555,0.0126,6,TRUE,0.1111,0.2098,0.21,TRUE,TRUE,TRUE,TRUE,TRUE,TRUE,TRUE,TRUE,FALSE,TRUE,NA,0.0126,0.2098,0.060057197330791234,0.060000000000000005,CCS
spatial_spd,15970,North America,Cold - Cold Summer,analysis=spatial_spd|dataset_id=15970|region=North America|climatezone=Cold_Without_dry_season_Cold_Summer,human,-0.009,-0.009,0.0404,0.0314,5.71,TRUE,0.0808,0.55,0.55,TRUE,TRUE,TRUE,TRUE,TRUE,TRUE,TRUE,TRUE,FALSE,TRUE,NA,0.0314,0.5499999999999999,0.057090909090909095,0.05709090909090908,CCS
spatial_spd,17391,North America,Cold - Cold Summer,analysis=spatial_spd|dataset_id=17391|region=North America|climatezone=Cold_Without_dry_season_Cold_Summer,human,-0.0697,-0.0697,0.0411,-0.0286,-14.16,TRUE,0.0821,0.2021,0.202,TRUE,TRUE,TRUE,TRUE,TRUE,TRUE,TRUE,TRUE,TRUE,TRUE,NA,0,0.2308,0,-0.14158415841584157,CCS
spatial_spd,4539,Europe,Cold - Cold Summer,analysis=spatial_spd|dataset_id=4539|region=Europe|climatezone=Cold_Without_dry_season_Cold_Summer,human,0.016,0.016,0.019200000000000002,0.0352,14.31,TRUE,0.0385,0.2459,0.246,TRUE,TRUE,TRUE,TRUE,TRUE,TRUE,TRUE,FALSE,FALSE,TRUE,NA,0.0352,0.24580000000000002,0.14320585842148087,0.14308943089430895,CCS
spatial_spd,25285,Europe,Temperate,analysis=spatial_spd|dataset_id=25285|region=Europe|climatezone=Temperate_Without_dry_season,human,0.0389,0.0389,0.014700000000000005,0.0536,12.7,TRUE,0.0293,0.4224,0.422,TRUE,TRUE,TRUE,TRUE,TRUE,TRUE,TRUE,FALSE,FALSE,TRUE,NA,0.0536,0.4224,0.1268939393939394,0.12701421800947868,TMP
spatial_spd,20293,Europe,Cold - Cold Summer,analysis=spatial_spd|dataset_id=20293|region=Europe|climatezone=Cold_Without_dry_season_Cold_Summer,human,0.0418,0.0418,0.0114,0.0532,10.92,TRUE,0.0229,0.4869,0.487,TRUE,TRUE,TRUE,TRUE,TRUE,TRUE,TRUE,FALSE,FALSE,TRUE,NA,0.0532,0.4869,0.10926268227562128,0.10924024640657085,CCS
spatial_spd,4251,Europe,Temperate,analysis=spatial_spd|dataset_id=4251|region=Europe|climatezone=Temperate_Without_dry_season,human,0.1156,0.1156,0.17650000000000005,0.2921,52.54,TRUE,0.353,0.5565,0.556,TRUE,TRUE,TRUE,TRUE,TRUE,TRUE,TRUE,FALSE,FALSE,TRUE,NA,0.2921,0.5565,0.5248876909254269,0.5253597122302158,TMP
spatial_spd,22773,Europe,Cold - Cold Summer,analysis=spatial_spd|dataset_id=22773|region=Europe|climatezone=Cold_Without_dry_season_Cold_Summer,human,0.255,0.255,-0.062200000000000005,0.1928,54.16,TRUE,-0.1243,0.3555,0.356,TRUE,TRUE,TRUE,TRUE,TRUE,TRUE,TRUE,FALSE,FALSE,TRUE,NA,0.1928,0.35550000000000004,0.5423347398030942,0.5415730337078651,CCS
spatial_spd,784,Europe,Temperate,analysis=spatial_spd|dataset_id=784|region=Europe|climatezone=Temperate_Without_dry_season,human,-0.0066,-0.0066,-0.015600000000000001,-0.0222,-6.38,TRUE,-0.0313,0.3482,0.348,TRUE,TRUE,TRUE,TRUE,TRUE,TRUE,TRUE,TRUE,TRUE,TRUE,NA,0,0.3704,0,-0.06379310344827586,TMP
spatial_spd,4472,Europe,Cold - Cold Summer,analysis=spatial_spd|dataset_id=4472|region=Europe|climatezone=Cold_Without_dry_season_Cold_Summer,human,0.0523,0.0523,-0.0359,0.0164,4.95,TRUE,-0.0718,0.331,0.331,TRUE,TRUE,TRUE,TRUE,TRUE,TRUE,TRUE,FALSE,FALSE,TRUE,NA,0.0164,0.331,0.04954682779456194,0.04954682779456194,CCS
spatial_spd,45383,Europe,Cold - Warm Summer,analysis=spatial_spd|dataset_id=45383|region=Europe|climatezone=Cold_Without_dry_season_Warm_Summer,human,0.02,0.02,0.0592,0.0792,10.88,TRUE,0.1184,0.7277,0.728,TRUE,TRUE,TRUE,TRUE,TRUE,TRUE,TRUE,FALSE,FALSE,TRUE,NA,0.0792,0.7277,0.10883605881544593,0.10879120879120881,CWS
spatial_spd,40564,Europe,Cold - Warm Summer,analysis=spatial_spd|dataset_id=40564|region=Europe|climatezone=Cold_Without_dry_season_Warm_Summer,human,-0.0391,-0.0391,0.057300000000000004,0.0182,4.5,TRUE,0.1145,0.4041,0.404,TRUE,TRUE,TRUE,TRUE,TRUE,TRUE,TRUE,TRUE,FALSE,TRUE,NA,0.0182,0.4042,0.0450272142503711,0.04504950495049505,CWS
spatial_spd,13051,North America,Cold - Warm Summer,analysis=spatial_spd|dataset_id=13051|region=North America|climatezone=Cold_Without_dry_season_Warm_Summer,human,-0.0608,-0.0608,0.0637,0.0029,1.03,TRUE,0.1274,0.2816,0.282,TRUE,TRUE,TRUE,TRUE,TRUE,TRUE,TRUE,TRUE,FALSE,TRUE,NA,0.0029,0.28150000000000003,0.010301953818827706,0.010283687943262412,CWS
spatial_spd,4197,Europe,Temperate,analysis=spatial_spd|dataset_id=4197|region=Europe|climatezone=Temperate_Without_dry_season,human,0.1136,0.1136,-0.055400000000000005,0.0582,149.23,TRUE,-0.1109,0.0388,0.039,TRUE,TRUE,TRUE,TRUE,TRUE,TRUE,TRUE,FALSE,TRUE,TRUE,NA,0.0582,0.0582,1,1.4923076923076923,TMP
spatial_spd,15783,North America,Polar,analysis=spatial_spd|dataset_id=15783|region=North America|climatezone=Polar,human,0.1269,0.1269,-0.025900000000000006,0.101,38.4,TRUE,-0.0517,0.2635,0.263,TRUE,TRUE,TRUE,TRUE,TRUE,TRUE,TRUE,FALSE,FALSE,TRUE,NA,0.101,0.26339999999999997,0.38344722854973434,0.3840304182509506,POL
spatial_spd,4373,Europe,Temperate,analysis=spatial_spd|dataset_id=4373|region=Europe|climatezone=Temperate_Without_dry_season,human,0.0876,0.0876,-0.019599999999999992,0.068,52.31,TRUE,-0.0392,0.13,0.13,TRUE,TRUE,TRUE,TRUE,TRUE,TRUE,TRUE,FALSE,FALSE,TRUE,NA,0.068,0.13,0.5230769230769231,0.5230769230769231,TMP
spatial_spd,45722,Europe,Cold - Warm Summer,analysis=spatial_spd|dataset_id=45722|region=Europe|climatezone=Cold_Without_dry_season_Warm_Summer,human,0.285,0.285,-0.02479999999999999,0.2602,36.6,TRUE,-0.0496,0.7113,0.711,TRUE,TRUE,TRUE,TRUE,TRUE,TRUE,TRUE,FALSE,FALSE,TRUE,NA,0.2602,0.7113,0.36580908196260364,0.3659634317862166,CWS
spatial_spd,2270,North America,Cold - Hot Summer,analysis=spatial_spd|dataset_id=2270|region=North America|climatezone=Cold_Without_dry_season_Hot_Summer,human,-0.019,-0.019,0.1106,0.0916,20.18,TRUE,0.2211,0.454,0.454,TRUE,TRUE,TRUE,TRUE,TRUE,TRUE,TRUE,TRUE,FALSE,TRUE,NA,0.0916,0.454,0.20176211453744494,0.20176211453744494,CHS
spatial_spd,15201,North America,Cold - Cold Summer,analysis=spatial_spd|dataset_id=15201|region=North America|climatezone=Cold_Without_dry_season_Cold_Summer,human,0.0836,0.0836,0.002700000000000008,0.0863,31.38,TRUE,0.0056,0.275,0.275,TRUE,TRUE,TRUE,TRUE,TRUE,TRUE,TRUE,FALSE,FALSE,TRUE,NA,0.0863,0.275,0.3138181818181818,0.3138181818181818,CCS
spatial_spd,260,North America,Cold - Warm Summer,analysis=spatial_spd|dataset_id=260|region=North America|climatezone=Cold_Without_dry_season_Warm_Summer,human,-0.0368,-0.0368,0.0826,0.0458,11.57,TRUE,0.1653,0.3964,0.396,TRUE,TRUE,TRUE,TRUE,TRUE,TRUE,TRUE,TRUE,FALSE,TRUE,NA,0.0458,0.39640000000000003,0.115539858728557,0.11565656565656565,CWS
spatial_spd,21539,Latin America,Tropical,analysis=spatial_spd|dataset_id=21539|region=Latin America|climatezone=Tropical,human,-0.0027,-0.0027,0.18460000000000001,0.1819,34.19,TRUE,0.3692,0.5321,0.532,TRUE,TRUE,TRUE,TRUE,TRUE,TRUE,TRUE,TRUE,FALSE,TRUE,NA,0.1819,0.5321,0.34185303514376997,0.3419172932330827,TRO
spatial_spd,15829,North America,Polar,analysis=spatial_spd|dataset_id=15829|region=North America|climatezone=Polar,human,0.0078,0.0078,0.008499999999999999,0.0163,3.08,TRUE,0.0169,0.5297,0.53,TRUE,TRUE,TRUE,TRUE,TRUE,TRUE,TRUE,FALSE,FALSE,TRUE,NA,0.0163,0.5297,0.030772135170851426,0.030754716981132073,POL
spatial_spd,14799,North America,Cold - Dry Summer,analysis=spatial_spd|dataset_id=14799|region=North America|climatezone=Cold_Dry_Summer,human,0.0045,0.0045,-9.99999999999994e-5,0.0044,4.04,TRUE,-2e-4,0.1091,0.109,TRUE,TRUE,TRUE,TRUE,TRUE,TRUE,TRUE,FALSE,FALSE,TRUE,NA,0.0044,0.1091,0.04032997250229148,0.04036697247706422,CDS
spatial_spd,4056,Europe,Temperate,analysis=spatial_spd|dataset_id=4056|region=Europe|climatezone=Temperate_Without_dry_season,human,0.7653,0.7653,-0.19119999999999993,0.5741,83.81,TRUE,-0.3823,0.6848,0.685,TRUE,TRUE,TRUE,TRUE,TRUE,TRUE,TRUE,FALSE,FALSE,TRUE,NA,0.5741,0.6848000000000001,0.8383469626168224,0.8381021897810219,TMP
spatial_spd,2617,North America,Cold - Hot Summer,analysis=spatial_spd|dataset_id=2617|region=North America|climatezone=Cold_Without_dry_season_Hot_Summer,human,0.0386,0.0386,0.136,0.1746,43.11,TRUE,0.2719,0.405,0.405,TRUE,TRUE,TRUE,TRUE,TRUE,TRUE,TRUE,FALSE,FALSE,TRUE,NA,0.1746,0.405,0.4311111111111111,0.4311111111111111,CHS
spatial_spd,42671,Europe,Cold - Warm Summer,analysis=spatial_spd|dataset_id=42671|region=Europe|climatezone=Cold_Without_dry_season_Warm_Summer,human,0.0914,0.0914,-0.039299999999999995,0.0521,10.72,TRUE,-0.0786,0.4857,0.486,TRUE,TRUE,TRUE,TRUE,TRUE,TRUE,TRUE,FALSE,FALSE,TRUE,NA,0.0521,0.48569999999999997,0.10726786081943587,0.10720164609053498,CWS
spatial_spd,4058,Europe,Cold - Cold Summer,analysis=spatial_spd|dataset_id=4058|region=Europe|climatezone=Cold_Without_dry_season_Cold_Summer,human,-0.0091,-0.0091,-0.027100000000000003,-0.0362,-43.61,TRUE,-0.0542,0.0831,0.083,TRUE,TRUE,TRUE,TRUE,TRUE,TRUE,TRUE,TRUE,TRUE,TRUE,NA,0,0.1193,0,-0.43614457831325304,CCS
spatial_spd,20613,North America,Cold - Warm Summer,analysis=spatial_spd|dataset_id=20613|region=North America|climatezone=Cold_Without_dry_season_Warm_Summer,human,0.0981,0.0981,-0.023400000000000004,0.0747,16.38,TRUE,-0.0468,0.4556,0.456,TRUE,TRUE,TRUE,TRUE,TRUE,TRUE,TRUE,FALSE,FALSE,TRUE,NA,0.0747,0.4556,0.16395961369622475,0.16381578947368422,CWS
spatial_spd,15738,North America,Cold - Cold Summer,analysis=spatial_spd|dataset_id=15738|region=North America|climatezone=Cold_Without_dry_season_Cold_Summer,human,0.0494,0.0494,0.031100000000000003,0.0805,16.4,TRUE,0.0622,0.4913,0.491,TRUE,TRUE,TRUE,TRUE,TRUE,TRUE,TRUE,FALSE,FALSE,TRUE,NA,0.0805,0.4913,0.1638510075310401,0.16395112016293278,CCS
spatial_spd,2287,North America,Cold - Warm Summer,analysis=spatial_spd|dataset_id=2287|region=North America|climatezone=Cold_Without_dry_season_Warm_Summer,human,0.132,0.132,0.068,0.2,33.61,TRUE,0.1359,0.5945,0.595,TRUE,TRUE,TRUE,TRUE,TRUE,TRUE,TRUE,FALSE,FALSE,TRUE,NA,0.2,0.5945,0.33641715727502103,0.33613445378151263,CWS
spatial_spd,22842,Europe,Cold - Cold Summer,analysis=spatial_spd|dataset_id=22842|region=Europe|climatezone=Cold_Without_dry_season_Cold_Summer,human,-0.0735,-0.0735,0.039599999999999996,-0.0339,-30.27,TRUE,0.0792,0.1117,0.112,TRUE,TRUE,TRUE,TRUE,TRUE,TRUE,TRUE,TRUE,TRUE,TRUE,NA,0,0.1456,0,-0.3026785714285714,CCS
spatial_spd,15288,North America,Temperate,analysis=spatial_spd|dataset_id=15288|region=North America|climatezone=Temperate_Without_dry_season,human,0.0247,0.0247,0.1499,0.1746,52.43,TRUE,0.2999,0.333,0.333,TRUE,TRUE,TRUE,TRUE,TRUE,TRUE,TRUE,FALSE,FALSE,TRUE,NA,0.1746,0.333,0.5243243243243243,0.5243243243243243,TMP
spatial_spd,21762,Latin America,Polar,analysis=spatial_spd|dataset_id=21762|region=Latin America|climatezone=Polar,human,-0.0345,-0.0345,0.099,0.0645,17.34,TRUE,0.1979,0.3724,0.372,TRUE,TRUE,TRUE,TRUE,TRUE,TRUE,TRUE,TRUE,FALSE,TRUE,NA,0.0645,0.3724,0.17320085929108486,0.17338709677419356,POL
spatial_spd,1148,North America,Temperate - Dry Summer,analysis=spatial_spd|dataset_id=1148|region=North America|climatezone=Temperate_Dry_Summer,human,0.1034,0.1034,0.010899999999999993,0.1143,25.01,TRUE,0.0219,0.4567,0.457,TRUE,TRUE,TRUE,TRUE,TRUE,TRUE,TRUE,FALSE,FALSE,TRUE,NA,0.1143,0.4567,0.25027370264944165,0.250109409190372,TDS
spatial_spd,48721,North America,Cold - Dry Summer,analysis=spatial_spd|dataset_id=48721|region=North America|climatezone=Cold_Dry_Summer,human,-0.0244,-0.0244,0.10020000000000001,0.0758,32.53,TRUE,0.2005,0.2328,0.233,TRUE,TRUE,TRUE,TRUE,TRUE,TRUE,TRUE,TRUE,FALSE,TRUE,NA,0.0758,0.2328,0.32560137457044674,0.3253218884120172,CDS
spatial_spd,24467,Europe,Temperate,analysis=spatial_spd|dataset_id=24467|region=Europe|climatezone=Temperate_Without_dry_season,human,0.0769,0.0769,0.0228,0.0997,36.65,TRUE,0.0456,0.2725,0.272,TRUE,TRUE,TRUE,TRUE,TRUE,TRUE,TRUE,FALSE,FALSE,TRUE,NA,0.0997,0.2724,0.36600587371512483,0.3665441176470588,TMP
spatial_spd,1450,North America,Cold - Warm Summer,analysis=spatial_spd|dataset_id=1450|region=North America|climatezone=Cold_Without_dry_season_Warm_Summer,human,0.0854,0.0854,0.07599999999999998,0.1614,68.68,TRUE,0.1521,0.2347,0.235,TRUE,TRUE,TRUE,TRUE,TRUE,TRUE,TRUE,TRUE,FALSE,TRUE,NA,0.1614,0.23459999999999998,0.6879795396419438,0.6868085106382978,CWS
spatial_spd,23004,Europe,Cold - Warm Summer,analysis=spatial_spd|dataset_id=23004|region=Europe|climatezone=Cold_Without_dry_season_Warm_Summer,human,0.0296,0.0296,-0.0293,3e-4,0.16,TRUE,-0.0587,0.188,0.188,TRUE,TRUE,TRUE,TRUE,TRUE,TRUE,TRUE,FALSE,FALSE,TRUE,NA,3e-4,0.188,0.0015957446808510637,0.0015957446808510637,CWS
spatial_spd,2292,North America,Cold - Warm Summer,analysis=spatial_spd|dataset_id=2292|region=North America|climatezone=Cold_Without_dry_season_Warm_Summer,human,0.1223,0.1223,-0.013400000000000009,0.1089,45.56,TRUE,-0.0267,0.2386,0.239,TRUE,TRUE,TRUE,TRUE,TRUE,TRUE,TRUE,FALSE,FALSE,TRUE,NA,0.1089,0.2386,0.45641240569991615,0.4556485355648536,CWS
spatial_spd,2391,North America,Cold - Warm Summer,analysis=spatial_spd|dataset_id=2391|region=North America|climatezone=Cold_Without_dry_season_Warm_Summer,human,0.0419,0.0419,0.008399999999999998,0.0503,17.23,TRUE,0.0168,0.2917,0.292,TRUE,TRUE,TRUE,TRUE,TRUE,TRUE,TRUE,FALSE,FALSE,TRUE,NA,0.0503,0.2917,0.1724374357216318,0.17226027397260274,CWS
spatial_spd,1024,North America,Polar,analysis=spatial_spd|dataset_id=1024|region=North America|climatezone=Polar,human,0.0671,0.0671,0.10839999999999998,0.1755,25.96,TRUE,0.2168,0.6764,0.676,TRUE,TRUE,TRUE,TRUE,TRUE,TRUE,TRUE,FALSE,FALSE,TRUE,NA,0.1755,0.6765,0.25942350332594233,0.2596153846153846,POL
spatial_spd,1642,North America,Temperate - Dry Summer,analysis=spatial_spd|dataset_id=1642|region=North America|climatezone=Temperate_Dry_Summer,human,0.1595,0.1595,-0.010599999999999998,0.1489,98.61,TRUE,-0.0212,0.1506,0.151,TRUE,TRUE,TRUE,TRUE,TRUE,TRUE,TRUE,FALSE,FALSE,TRUE,NA,0.1489,0.1506,0.9887118193891101,0.9860927152317881,TDS
spatial_spd,15785,North America,Polar,analysis=spatial_spd|dataset_id=15785|region=North America|climatezone=Polar,human,-0.0408,-0.0408,0.0376,-0.0032,-0.96,TRUE,0.0753,0.3331,0.333,TRUE,TRUE,TRUE,TRUE,TRUE,TRUE,TRUE,TRUE,TRUE,TRUE,NA,0,0.3363,0,-0.00960960960960961,POL
spatial_spd,1735,North America,Cold - Hot Summer,analysis=spatial_spd|dataset_id=1735|region=North America|climatezone=Cold_Without_dry_season_Hot_Summer,human,0.0495,0.0495,0.13429999999999997,0.1838,53.59,TRUE,0.2685,0.3429,0.343,TRUE,TRUE,TRUE,TRUE,TRUE,TRUE,TRUE,FALSE,FALSE,TRUE,NA,0.1838,0.3429,0.5360163312919218,0.5358600583090378,CHS
spatial_spd,22711,Europe,Temperate,analysis=spatial_spd|dataset_id=22711|region=Europe|climatezone=Temperate_Without_dry_season,human,0.0439,0.0439,0.1317,0.1756,37.28,TRUE,0.2635,0.4711,0.471,TRUE,TRUE,TRUE,TRUE,TRUE,TRUE,TRUE,FALSE,FALSE,TRUE,NA,0.1756,0.47109999999999996,0.37274464020377845,0.372823779193206,TMP
spatial_spd,24348,Europe,Cold - Cold Summer,analysis=spatial_spd|dataset_id=24348|region=Europe|climatezone=Cold_Without_dry_season_Cold_Summer,human,-0.0494,-0.0494,0.0285,-0.0209,-11,TRUE,0.0572,0.1903,0.19,TRUE,TRUE,TRUE,TRUE,TRUE,TRUE,TRUE,TRUE,TRUE,TRUE,NA,0,0.2112,0,-0.10999999999999999,CCS
spatial_spd,40992,North America,Cold - Warm Summer,analysis=spatial_spd|dataset_id=40992|region=North America|climatezone=Cold_Without_dry_season_Warm_Summer,human,0.0794,0.0794,-0.022199999999999998,0.0572,17.6,TRUE,-0.0444,0.3248,0.325,TRUE,TRUE,TRUE,TRUE,TRUE,TRUE,TRUE,FALSE,FALSE,TRUE,NA,0.0572,0.3248,0.17610837438423646,0.176,CWS
spatial_spd,1786,North America,Cold - Warm Summer,analysis=spatial_spd|dataset_id=1786|region=North America|climatezone=Cold_Without_dry_season_Warm_Summer,human,-0.0569,-0.0569,0.0781,0.0212,8.58,TRUE,0.1562,0.2472,0.247,TRUE,TRUE,TRUE,TRUE,TRUE,TRUE,TRUE,TRUE,FALSE,TRUE,NA,0.0212,0.2472,0.08576051779935275,0.08582995951417004,CWS
spatial_spd,878,North America,Cold - Warm Summer,analysis=spatial_spd|dataset_id=878|region=North America|climatezone=Cold_Without_dry_season_Warm_Summer,human,0.0416,0.0416,0.04920000000000001,0.0908,70.39,TRUE,0.0983,0.1292,0.129,TRUE,TRUE,TRUE,TRUE,TRUE,TRUE,TRUE,TRUE,FALSE,TRUE,NA,0.0908,0.1292,0.7027863777089783,0.7038759689922481,CWS
spatial_spd,44951,Europe,Cold - Warm Summer,analysis=spatial_spd|dataset_id=44951|region=Europe|climatezone=Cold_Without_dry_season_Warm_Summer,human,-0.0057,-0.0057,0.006,3e-4,0.1,TRUE,0.0121,0.308,0.308,TRUE,TRUE,TRUE,TRUE,TRUE,TRUE,TRUE,TRUE,FALSE,TRUE,NA,3e-4,0.308,9.740259740259739e-4,9.740259740259739e-4,CWS
spatial_spd,328,North America,Temperate,analysis=spatial_spd|dataset_id=328|region=North America|climatezone=Temperate_Without_dry_season,human,0.1173,0.1173,0.02489999999999999,0.1422,45.87,TRUE,0.0499,0.3102,0.31,TRUE,TRUE,TRUE,TRUE,TRUE,TRUE,TRUE,FALSE,FALSE,TRUE,NA,0.1422,0.31020000000000003,0.4584139264990328,0.4587096774193548,TMP
spatial_spd,40997,Asia,Cold - Dry Winter,analysis=spatial_spd|dataset_id=40997|region=Asia|climatezone=Cold_Dry_Winter,human,0.0187,0.0187,-0.026600000000000002,-0.0079,-2.48,TRUE,-0.0532,0.3184,0.318,TRUE,TRUE,TRUE,TRUE,TRUE,TRUE,TRUE,FALSE,TRUE,TRUE,NA,0,0.3263,0,-0.024842767295597486,CDW
spatial_spd,42692,Europe,Cold - Warm Summer,analysis=spatial_spd|dataset_id=42692|region=Europe|climatezone=Cold_Without_dry_season_Warm_Summer,human,0.0458,0.0458,-0.0461,-3e-4,-0.11,TRUE,-0.092,0.2727,0.273,TRUE,TRUE,TRUE,TRUE,TRUE,TRUE,TRUE,FALSE,TRUE,TRUE,NA,0,0.2729,0,-0.0010989010989010987,CWS
spatial_spd,1968,North America,Cold - Warm Summer,analysis=spatial_spd|dataset_id=1968|region=North America|climatezone=Cold_Without_dry_season_Warm_Summer,human,0.189,0.189,0.056499999999999995,0.2455,40.51,TRUE,0.113,0.6058,0.606,TRUE,TRUE,TRUE,TRUE,TRUE,TRUE,TRUE,FALSE,FALSE,TRUE,NA,0.2455,0.6058,0.40524925718058763,0.4051155115511551,CWS
spatial_spd,309,North America,Cold - Warm Summer,analysis=spatial_spd|dataset_id=309|region=North America|climatezone=Cold_Without_dry_season_Warm_Summer,human,-0.0018,-0.0018,0.11499999999999999,0.1132,29.87,TRUE,0.2299,0.3789,0.379,TRUE,TRUE,TRUE,TRUE,TRUE,TRUE,TRUE,TRUE,FALSE,TRUE,NA,0.1132,0.3789,0.2987595671681182,0.29868073878627965,CWS
spatial_spd,34553,Oceania,Temperate,analysis=spatial_spd|dataset_id=34553|region=Oceania|climatezone=Temperate_Without_dry_season,human,-0.041,-0.041,-0.015099999999999995,-0.0561,-10.62,TRUE,-0.0301,0.5277,0.528,TRUE,TRUE,TRUE,TRUE,TRUE,TRUE,TRUE,TRUE,TRUE,TRUE,NA,0,0.5838,0,-0.10624999999999998,TMP
spatial_spd,46730,North America,Cold - Cold Summer,analysis=spatial_spd|dataset_id=46730|region=North America|climatezone=Cold_Without_dry_season_Cold_Summer,human,0.0508,0.0508,-5.999999999999964e-4,0.0502,19.76,TRUE,-0.0012,0.2542,0.254,TRUE,TRUE,TRUE,TRUE,TRUE,TRUE,TRUE,FALSE,FALSE,TRUE,NA,0.0502,0.2542,0.19748229740361922,0.19763779527559056,CCS
spatial_spd,232,North America,Temperate,analysis=spatial_spd|dataset_id=232|region=North America|climatezone=Temperate_Without_dry_season,human,-0.0196,-0.0196,0.1175,0.0979,20.96,TRUE,0.2351,0.4669,0.467,TRUE,TRUE,TRUE,TRUE,TRUE,TRUE,TRUE,TRUE,FALSE,TRUE,NA,0.0979,0.4669,0.2096808738487899,0.20963597430406852,TMP
spatial_spd,1719,North America,Cold - Warm Summer,analysis=spatial_spd|dataset_id=1719|region=North America|climatezone=Cold_Without_dry_season_Warm_Summer,human,0.1282,0.1282,-0.026600000000000013,0.1016,21.08,TRUE,-0.0532,0.4822,0.482,TRUE,TRUE,TRUE,TRUE,TRUE,TRUE,TRUE,FALSE,FALSE,TRUE,NA,0.1016,0.4821,0.21074465878448456,0.2107883817427386,CWS
spatial_spd,41027,North America,Cold - Warm Summer,analysis=spatial_spd|dataset_id=41027|region=North America|climatezone=Cold_Without_dry_season_Warm_Summer,human,0.0395,0.0395,0.14959999999999998,0.1891,29.5,TRUE,0.2991,0.6404,0.641,TRUE,TRUE,TRUE,TRUE,TRUE,TRUE,TRUE,FALSE,FALSE,TRUE,NA,0.1891,0.6405000000000001,0.2952380952380952,0.29500780031201246,CWS
spatial_spd,45728,Europe,Cold - Warm Summer,analysis=spatial_spd|dataset_id=45728|region=Europe|climatezone=Cold_Without_dry_season_Warm_Summer,human,-0.0097,-0.0097,0.032799999999999996,0.0231,20.09,TRUE,0.0656,0.1148,0.115,TRUE,TRUE,TRUE,TRUE,TRUE,TRUE,TRUE,TRUE,FALSE,TRUE,NA,0.0231,0.1148,0.20121951219512194,0.2008695652173913,CWS
spatial_spd,29236,Europe,Cold - Warm Summer,analysis=spatial_spd|dataset_id=29236|region=Europe|climatezone=Cold_Without_dry_season_Warm_Summer,human,-0.0509,-0.0509,0.0809,0.03,9.62,TRUE,0.1618,0.312,0.312,TRUE,TRUE,TRUE,TRUE,TRUE,TRUE,TRUE,TRUE,FALSE,TRUE,NA,0.03,0.31199999999999994,0.09615384615384617,0.09615384615384615,CWS
spatial_spd,1841,North America,Cold - Warm Summer,analysis=spatial_spd|dataset_id=1841|region=North America|climatezone=Cold_Without_dry_season_Warm_Summer,human,0.1793,0.1793,-0.026699999999999974,0.1526,42.99,TRUE,-0.0534,0.3549,0.355,TRUE,TRUE,TRUE,TRUE,TRUE,TRUE,TRUE,FALSE,FALSE,TRUE,NA,0.1526,0.3549,0.4299802761341223,0.42985915492957755,CWS
spatial_spd,24118,Europe,Cold - Warm Summer,analysis=spatial_spd|dataset_id=24118|region=Europe|climatezone=Cold_Without_dry_season_Warm_Summer,human,0.1477,0.1477,-0.0944,0.0533,12.48,TRUE,-0.1888,0.4274,0.427,TRUE,TRUE,TRUE,TRUE,TRUE,TRUE,TRUE,FALSE,FALSE,TRUE,NA,0.0533,0.4274,0.12470753392606458,0.12482435597189696,CWS
spatial_spd,21807,Latin America,Tropical,analysis=spatial_spd|dataset_id=21807|region=Latin America|climatezone=Tropical,human,0.1051,0.1051,0.1124,0.2175,28.51,TRUE,0.2249,0.7631,0.763,TRUE,TRUE,TRUE,TRUE,TRUE,TRUE,TRUE,FALSE,FALSE,TRUE,NA,0.2175,0.7631,0.28502162232996986,0.28505897771952815,TRO
spatial_spd,41631,Europe,Cold - Warm Summer,analysis=spatial_spd|dataset_id=41631|region=Europe|climatezone=Cold_Without_dry_season_Warm_Summer,human,0.0278,0.0278,0.0708,0.0986,16.27,TRUE,0.1417,0.6057,0.606,TRUE,TRUE,TRUE,TRUE,TRUE,TRUE,TRUE,FALSE,FALSE,TRUE,NA,0.0986,0.6056,0.1628137384412153,0.1627062706270627,CWS
spatial_spd,24061,Europe,Cold - Cold Summer,analysis=spatial_spd|dataset_id=24061|region=Europe|climatezone=Cold_Without_dry_season_Cold_Summer,human,-0.0264,-0.0264,0.028,0.0016,0.75,TRUE,0.0561,0.2136,0.214,TRUE,TRUE,TRUE,TRUE,TRUE,TRUE,TRUE,TRUE,FALSE,TRUE,NA,0.0016,0.21359999999999998,0.007490636704119851,0.007476635514018692,CCS
spatial_spd,4198,Europe,Temperate,analysis=spatial_spd|dataset_id=4198|region=Europe|climatezone=Temperate_Without_dry_season,human,0.0233,0.0233,-0.0028000000000000004,0.0205,33.06,TRUE,-0.0056,0.0623,0.062,TRUE,TRUE,TRUE,TRUE,TRUE,TRUE,TRUE,FALSE,FALSE,TRUE,NA,0.0205,0.062299999999999994,0.32905296950240775,0.3306451612903226,TMP
spatial_spd,15667,North America,Cold - Cold Summer,analysis=spatial_spd|dataset_id=15667|region=North America|climatezone=Cold_Without_dry_season_Cold_Summer,human,0.4429,0.4429,-0.07440000000000002,0.3685,115.16,TRUE,-0.1488,0.3195,0.32,TRUE,TRUE,TRUE,TRUE,TRUE,TRUE,TRUE,FALSE,TRUE,TRUE,NA,0.3685,0.3685,1,1.1515625,CCS
spatial_spd,859,North America,Cold - Cold Summer,analysis=spatial_spd|dataset_id=859|region=North America|climatezone=Cold_Without_dry_season_Cold_Summer,human,0.0189,0.0189,0.004199999999999999,0.0231,5.14,TRUE,0.0083,0.4486,0.449,TRUE,TRUE,TRUE,TRUE,TRUE,TRUE,TRUE,FALSE,FALSE,TRUE,NA,0.0231,0.4486,0.051493535443602315,0.05144766146993318,CCS
spatial_spd,15462,North America,Cold - Cold Summer,analysis=spatial_spd|dataset_id=15462|region=North America|climatezone=Cold_Without_dry_season_Cold_Summer,human,0.0554,0.0554,0.022399999999999996,0.0778,15.38,TRUE,0.0449,0.5064,0.506,TRUE,TRUE,TRUE,TRUE,TRUE,TRUE,TRUE,FALSE,FALSE,TRUE,NA,0.0778,0.5064,0.15363349131121642,0.15375494071146245,CCS
spatial_spd,14274,Europe,Temperate,analysis=spatial_spd|dataset_id=14274|region=Europe|climatezone=Temperate_Without_dry_season,human,0.0197,0.0197,0.13920000000000002,0.1589,31.47,TRUE,0.2783,0.5049,0.505,TRUE,TRUE,TRUE,TRUE,TRUE,TRUE,TRUE,FALSE,FALSE,TRUE,NA,0.1589,0.5049,0.3147157853040206,0.31465346534653466,TMP
spatial_spd,203,North America,Temperate,analysis=spatial_spd|dataset_id=203|region=North America|climatezone=Temperate_Without_dry_season,human,0.1412,0.1412,0.019800000000000012,0.161,44.11,TRUE,0.0396,0.3651,0.365,TRUE,TRUE,TRUE,TRUE,TRUE,TRUE,TRUE,FALSE,FALSE,TRUE,NA,0.161,0.36519999999999997,0.44085432639649513,0.4410958904109589,TMP
spatial_spd,17320,North America,Cold - Cold Summer,analysis=spatial_spd|dataset_id=17320|region=North America|climatezone=Cold_Without_dry_season_Cold_Summer,human,0.2242,0.2242,-0.05230000000000001,0.1719,55.27,TRUE,-0.1045,0.3112,0.311,TRUE,TRUE,TRUE,TRUE,TRUE,TRUE,TRUE,FALSE,FALSE,TRUE,NA,0.1719,0.31120000000000003,0.5523778920308483,0.552733118971061,CCS
spatial_spd,308,North America,Cold - Warm Summer,analysis=spatial_spd|dataset_id=308|region=North America|climatezone=Cold_Without_dry_season_Warm_Summer,human,0.0998,0.0998,0.1008,0.2006,38.28,TRUE,0.2017,0.5243,0.524,TRUE,TRUE,TRUE,TRUE,TRUE,TRUE,TRUE,FALSE,FALSE,TRUE,NA,0.2006,0.5243,0.3826053786000382,0.382824427480916,CWS
spatial_spd,2385,North America,Cold - Hot Summer,analysis=spatial_spd|dataset_id=2385|region=North America|climatezone=Cold_Without_dry_season_Hot_Summer,human,0.1331,0.1331,0.0020000000000000018,0.1351,100.82,TRUE,0.0041,0.1338,0.134,TRUE,TRUE,TRUE,TRUE,TRUE,TRUE,TRUE,TRUE,TRUE,TRUE,NA,0.1351,0.1351,1,1.0082089552238804,CHS
spatial_spd,26608,Europe,Temperate - Dry Summer,analysis=spatial_spd|dataset_id=26608|region=Europe|climatezone=Temperate_Dry_Summer,human,0.0144,0.0144,-0.0248,-0.0104,-1.69,TRUE,-0.0494,0.614,0.614,TRUE,TRUE,TRUE,TRUE,TRUE,TRUE,TRUE,FALSE,TRUE,TRUE,NA,0,0.6244,0,-0.016938110749185668,TDS
spatial_spd,20188,North America,Polar,analysis=spatial_spd|dataset_id=20188|region=North America|climatezone=Polar,human,-0.0328,-0.0328,0.032100000000000004,-7e-4,-0.24,TRUE,0.0641,0.2964,0.296,TRUE,TRUE,TRUE,TRUE,TRUE,TRUE,TRUE,TRUE,TRUE,TRUE,NA,0,0.2971,0,-0.002364864864864865,POL
spatial_spd,3879,Europe,Temperate,analysis=spatial_spd|dataset_id=3879|region=Europe|climatezone=Temperate_Without_dry_season,human,0.112,0.112,0.023000000000000007,0.135,36.78,TRUE,0.0461,0.3669,0.367,TRUE,TRUE,TRUE,TRUE,TRUE,TRUE,TRUE,FALSE,FALSE,TRUE,NA,0.135,0.3669,0.36794766966475884,0.36784741144414174,TMP
spatial_spd,15925,North America,Cold - Warm Summer,analysis=spatial_spd|dataset_id=15925|region=North America|climatezone=Cold_Without_dry_season_Warm_Summer,human,-0.0386,-0.0386,0.1063,0.0677,18.6,TRUE,0.2125,0.3644,0.364,TRUE,TRUE,TRUE,TRUE,TRUE,TRUE,TRUE,TRUE,FALSE,TRUE,NA,0.0677,0.3644,0.18578485181119647,0.185989010989011,CWS
spatial_spd,15919,North America,Cold - Warm Summer,analysis=spatial_spd|dataset_id=15919|region=North America|climatezone=Cold_Without_dry_season_Warm_Summer,human,0.0294,0.0294,0.2069,0.2363,28.06,TRUE,0.414,0.8418,0.842,TRUE,TRUE,TRUE,TRUE,TRUE,TRUE,TRUE,FALSE,FALSE,TRUE,NA,0.2363,0.8417000000000001,0.28074135677794937,0.2806413301662708,CWS
spatial_spd,1432,North America,Cold - Dry Summer,analysis=spatial_spd|dataset_id=1432|region=North America|climatezone=Cold_Dry_Summer,human,0.0024,0.0024,0.0896,0.092,13.71,TRUE,0.1792,0.6715,0.671,TRUE,TRUE,TRUE,TRUE,TRUE,TRUE,TRUE,FALSE,FALSE,TRUE,NA,0.092,0.6715,0.1370067014147431,0.13710879284649774,CDS
spatial_spd,48895,North America,Cold - Warm Summer,analysis=spatial_spd|dataset_id=48895|region=North America|climatezone=Cold_Without_dry_season_Warm_Summer,human,0.0617,0.0617,0.1162,0.1779,27.67,TRUE,0.2324,0.6433,0.643,TRUE,TRUE,TRUE,TRUE,TRUE,TRUE,TRUE,FALSE,FALSE,TRUE,NA,0.1779,0.6433,0.2765428260531634,0.27667185069984446,CWS
spatial_spd,2373,North America,Cold - Warm Summer,analysis=spatial_spd|dataset_id=2373|region=North America|climatezone=Cold_Without_dry_season_Warm_Summer,human,0.0036,0.0036,0.0391,0.0427,7.85,TRUE,0.0782,0.5442,0.544,TRUE,TRUE,TRUE,TRUE,TRUE,TRUE,TRUE,FALSE,FALSE,TRUE,NA,0.0427,0.5440999999999999,0.07847822091527294,0.07849264705882353,CWS
spatial_spd,518,North America,Cold - Warm Summer,analysis=spatial_spd|dataset_id=518|region=North America|climatezone=Cold_Without_dry_season_Warm_Summer,human,0.2464,0.2464,-0.0456,0.2008,110.33,TRUE,-0.0912,0.1821,0.182,TRUE,TRUE,TRUE,TRUE,TRUE,TRUE,TRUE,FALSE,TRUE,TRUE,NA,0.2008,0.2008,1,1.1032967032967034,CWS
spatial_spd,1445,North America,Cold - Cold Summer,analysis=spatial_spd|dataset_id=1445|region=North America|climatezone=Cold_Without_dry_season_Cold_Summer,human,0.0333,0.0333,0.0822,0.1155,74.52,TRUE,0.1643,0.1548,0.155,TRUE,TRUE,TRUE,TRUE,TRUE,TRUE,TRUE,TRUE,FALSE,TRUE,NA,0.1155,0.1549,0.7456423499031634,0.7451612903225807,CCS
spatial_spd,1835,North America,Polar,analysis=spatial_spd|dataset_id=1835|region=North America|climatezone=Polar,human,0.0939,0.0939,-0.01759999999999999,0.0763,12.89,TRUE,-0.0351,0.5923,0.592,TRUE,TRUE,TRUE,TRUE,TRUE,TRUE,TRUE,FALSE,FALSE,TRUE,NA,0.0763,0.5923,0.12881985480330913,0.12888513513513516,POL
spatial_spd,15325,North America,Cold - Warm Summer,analysis=spatial_spd|dataset_id=15325|region=North America|climatezone=Cold_Without_dry_season_Warm_Summer,human,-0.0542,-0.0542,0.048,-0.0062,-6.14,TRUE,0.096,0.101,0.101,TRUE,TRUE,TRUE,TRUE,TRUE,TRUE,TRUE,TRUE,TRUE,TRUE,NA,0,0.1072,0,-0.06138613861386138,CWS
spatial_spd,1823,North America,Polar,analysis=spatial_spd|dataset_id=1823|region=North America|climatezone=Polar,human,0.0193,0.0193,-0.014500000000000002,0.0048,1.95,TRUE,-0.0291,0.2465,0.246,TRUE,TRUE,TRUE,TRUE,TRUE,TRUE,TRUE,FALSE,FALSE,TRUE,NA,0.0048,0.2465,0.01947261663286004,0.01951219512195122,POL
spatial_spd,966,North America,Cold - Dry Summer,analysis=spatial_spd|dataset_id=966|region=North America|climatezone=Cold_Dry_Summer,human,0.2383,0.2383,-0.0019000000000000128,0.2364,61.4,TRUE,-0.0037,0.3849,0.385,TRUE,TRUE,TRUE,TRUE,TRUE,TRUE,TRUE,FALSE,FALSE,TRUE,NA,0.2364,0.38480000000000003,0.6143451143451143,0.614025974025974,CDS
spatial_spd,4378,Europe,Cold - Warm Summer,analysis=spatial_spd|dataset_id=4378|region=Europe|climatezone=Cold_Without_dry_season_Warm_Summer,human,-0.0498,-0.0498,0.004199999999999995,-0.0456,-14.48,TRUE,0.0083,0.3151,0.315,TRUE,TRUE,TRUE,TRUE,TRUE,TRUE,TRUE,TRUE,TRUE,TRUE,NA,0,0.3607,0,-0.14476190476190476,CWS
spatial_spd,40567,Europe,Cold - Warm Summer,analysis=spatial_spd|dataset_id=40567|region=Europe|climatezone=Cold_Without_dry_season_Warm_Summer,human,0.1185,0.1185,-0.023799999999999988,0.0947,91.94,TRUE,-0.0477,0.1033,0.103,TRUE,TRUE,TRUE,TRUE,TRUE,TRUE,TRUE,FALSE,FALSE,TRUE,NA,0.0947,0.1033,0.9167473378509197,0.9194174757281555,CWS
spatial_spd,532,North America,Cold - Warm Summer,analysis=spatial_spd|dataset_id=532|region=North America|climatezone=Cold_Without_dry_season_Warm_Summer,human,0.1827,0.1827,0.10269999999999999,0.2854,42.09,TRUE,0.2055,0.6776,0.678,TRUE,TRUE,TRUE,TRUE,TRUE,TRUE,TRUE,FALSE,FALSE,TRUE,NA,0.2854,0.6776,0.42119244391971666,0.42094395280235986,CWS
spatial_spd,44941,Europe,Cold - Cold Summer,analysis=spatial_spd|dataset_id=44941|region=Europe|climatezone=Cold_Without_dry_season_Cold_Summer,human,0.1012,0.1012,-0.03459999999999999,0.0666,20.24,TRUE,-0.069,0.3286,0.329,TRUE,TRUE,TRUE,TRUE,TRUE,TRUE,TRUE,FALSE,FALSE,TRUE,NA,0.0666,0.3286,0.20267802799756546,0.20243161094224926,CCS
spatial_spd,48738,Europe,Cold - Warm Summer,analysis=spatial_spd|dataset_id=48738|region=Europe|climatezone=Cold_Without_dry_season_Warm_Summer,human,0.0076,0.0076,0.0056,0.0132,2.25,TRUE,0.0112,0.5859,0.586,TRUE,TRUE,TRUE,TRUE,TRUE,TRUE,TRUE,FALSE,FALSE,TRUE,NA,0.0132,0.5859,0.022529441884280594,0.022525597269624574,CWS
spatial_spd,4168,Europe,Cold - Cold Summer,analysis=spatial_spd|dataset_id=4168|region=Europe|climatezone=Cold_Without_dry_season_Cold_Summer,human,0.0615,0.0615,0.0092,0.0707,37.61,TRUE,0.0185,0.1885,0.188,TRUE,TRUE,TRUE,TRUE,TRUE,TRUE,TRUE,FALSE,FALSE,TRUE,NA,0.0707,0.1885,0.3750663129973475,0.376063829787234,CCS
spatial_spd,15713,North America,Cold - Cold Summer,analysis=spatial_spd|dataset_id=15713|region=North America|climatezone=Cold_Without_dry_season_Cold_Summer,human,0.296,0.296,-0.018399999999999972,0.2776,215.19,TRUE,-0.0368,0.1291,0.129,TRUE,TRUE,TRUE,TRUE,TRUE,TRUE,TRUE,TRUE,TRUE,TRUE,NA,0.2776,0.2776,1,2.151937984496124,CCS
spatial_spd,22650,Europe,Cold - Cold Summer,analysis=spatial_spd|dataset_id=22650|region=Europe|climatezone=Cold_Without_dry_season_Cold_Summer,human,-0.0276,-0.0276,0.0282,6e-4,0.31,TRUE,0.0563,0.1954,0.195,TRUE,TRUE,TRUE,TRUE,TRUE,TRUE,TRUE,TRUE,FALSE,TRUE,NA,6e-4,0.1954,0.0030706243602865915,0.0030769230769230765,CCS
spatial_spd,26439,Europe,Cold - Warm Summer,analysis=spatial_spd|dataset_id=26439|region=Europe|climatezone=Cold_Without_dry_season_Warm_Summer,human,-0.0554,-0.0554,0.026899999999999997,-0.0285,-29.08,TRUE,0.0538,0.0982,0.098,TRUE,TRUE,TRUE,TRUE,TRUE,TRUE,TRUE,TRUE,TRUE,TRUE,NA,0,0.1267,0,-0.29081632653061223,CWS
spatial_spd,4497,Europe,Cold - Warm Summer,analysis=spatial_spd|dataset_id=4497|region=Europe|climatezone=Cold_Without_dry_season_Warm_Summer,human,0.0079,0.0079,0.0125,0.0204,4.19,TRUE,0.025,0.487,0.487,TRUE,TRUE,TRUE,TRUE,TRUE,TRUE,TRUE,FALSE,FALSE,TRUE,NA,0.0204,0.4871,0.04188051734756724,0.041889117043121156,CWS
spatial_spd,2634,North America,Arid,analysis=spatial_spd|dataset_id=2634|region=North America|climatezone=Arid,human,0.04,0.04,-0.041,-0.001,-0.29,TRUE,-0.082,0.3444,0.344,TRUE,TRUE,TRUE,TRUE,TRUE,TRUE,TRUE,FALSE,TRUE,TRUE,NA,0,0.3454,0,-0.002906976744186047,ARD
spatial_spd,2332,North America,Cold - Warm Summer,analysis=spatial_spd|dataset_id=2332|region=North America|climatezone=Cold_Without_dry_season_Warm_Summer,human,0.1565,0.1565,-0.041800000000000004,0.1147,35.73,TRUE,-0.0836,0.3213,0.321,TRUE,TRUE,TRUE,TRUE,TRUE,TRUE,TRUE,FALSE,FALSE,TRUE,NA,0.1147,0.32130000000000003,0.35698723934018045,0.3573208722741433,CWS
spatial_spd,1776,North America,Temperate,analysis=spatial_spd|dataset_id=1776|region=North America|climatezone=Temperate_Without_dry_season,human,0.0075,0.0075,0.0394,0.0469,17.18,TRUE,0.0788,0.2726,0.273,TRUE,TRUE,TRUE,TRUE,TRUE,TRUE,TRUE,FALSE,FALSE,TRUE,NA,0.0469,0.2727,0.17198386505317198,0.17179487179487177,TMP
spatial_spd,4092,Europe,Cold - Cold Summer,analysis=spatial_spd|dataset_id=4092|region=Europe|climatezone=Cold_Without_dry_season_Cold_Summer,human,0.0513,0.0513,0.1431,0.1944,33.52,TRUE,0.2863,0.5798,0.58,TRUE,TRUE,TRUE,TRUE,TRUE,TRUE,TRUE,FALSE,FALSE,TRUE,NA,0.1944,0.5797,0.33534586855269966,0.3351724137931035,CCS
spatial_spd,18110,North America,Cold - Warm Summer,analysis=spatial_spd|dataset_id=18110|region=North America|climatezone=Cold_Without_dry_season_Warm_Summer,human,0.1755,0.1755,0.1392,0.3147,56.81,TRUE,0.2785,0.5542,0.554,TRUE,TRUE,TRUE,TRUE,TRUE,TRUE,TRUE,FALSE,FALSE,TRUE,NA,0.3147,0.5542,0.5678455431252255,0.5680505415162455,CWS
spatial_spd,3839,North America,Cold - Warm Summer,analysis=spatial_spd|dataset_id=3839|region=North America|climatezone=Cold_Without_dry_season_Warm_Summer,human,0.1319,0.1319,0.1036,0.2355,70.93,TRUE,0.2073,0.3321,0.332,TRUE,TRUE,TRUE,TRUE,TRUE,TRUE,TRUE,TRUE,FALSE,TRUE,NA,0.2355,0.3321,0.7091237579042456,0.7093373493975903,CWS
spatial_spd,2048,North America,Cold - Warm Summer,analysis=spatial_spd|dataset_id=2048|region=North America|climatezone=Cold_Without_dry_season_Warm_Summer,human,0.1468,0.1468,-6.000000000000172e-4,0.1462,28.84,TRUE,-0.0013,0.5069,0.507,TRUE,TRUE,TRUE,TRUE,TRUE,TRUE,TRUE,FALSE,FALSE,TRUE,NA,0.1462,0.5069,0.28841980666798184,0.2883629191321499,CWS
spatial_spd,302,North America,Cold - Cold Summer,analysis=spatial_spd|dataset_id=302|region=North America|climatezone=Cold_Without_dry_season_Cold_Summer,human,-0.0754,-0.0754,0.05829999999999999,-0.0171,-106.88,TRUE,0.1167,0.0157,0.016,TRUE,TRUE,TRUE,TRUE,TRUE,TRUE,TRUE,TRUE,TRUE,TRUE,NA,0,0.0328,0,-1.06875,CCS
spatial_spd,15103,Latin America,Temperate - Dry Summer,analysis=spatial_spd|dataset_id=15103|region=Latin America|climatezone=Temperate_Dry_Summer,human,-0.0151,-0.0151,-0.0084,-0.0235,-5.13,TRUE,-0.0168,0.458,0.458,TRUE,TRUE,TRUE,TRUE,TRUE,TRUE,TRUE,TRUE,TRUE,TRUE,NA,0,0.4815,0,-0.051310043668122265,TDS
spatial_spd,1391,North America,Cold - Warm Summer,analysis=spatial_spd|dataset_id=1391|region=North America|climatezone=Cold_Without_dry_season_Warm_Summer,human,0.1983,0.1983,-0.0524,0.1459,34.49,TRUE,-0.1049,0.4232,0.423,TRUE,TRUE,TRUE,TRUE,TRUE,TRUE,TRUE,FALSE,FALSE,TRUE,NA,0.1459,0.4232,0.34475425330812853,0.34491725768321513,CWS
spatial_spd,208,North America,Polar,analysis=spatial_spd|dataset_id=208|region=North America|climatezone=Polar,human,-0.0291,-0.0291,0.0373,0.0082,1.89,TRUE,0.0745,0.4337,0.434,TRUE,TRUE,TRUE,TRUE,TRUE,TRUE,TRUE,TRUE,FALSE,TRUE,NA,0.0082,0.4337,0.01890707862577819,0.018894009216589864,POL
spatial_spd,24053,Europe,Cold - Cold Summer,analysis=spatial_spd|dataset_id=24053|region=Europe|climatezone=Cold_Without_dry_season_Cold_Summer,human,-0.0307,-0.0307,0.0709,0.0402,16.08,TRUE,0.1419,0.2495,0.25,TRUE,TRUE,TRUE,TRUE,TRUE,TRUE,TRUE,TRUE,FALSE,TRUE,NA,0.0402,0.2495,0.16112224448897797,0.1608,CCS
spatial_spd,1862,North America,Cold - Warm Summer,analysis=spatial_spd|dataset_id=1862|region=North America|climatezone=Cold_Without_dry_season_Warm_Summer,human,-0.0358,-0.0358,0.1878,0.152,27.05,TRUE,0.3756,0.5619,0.562,TRUE,TRUE,TRUE,TRUE,TRUE,TRUE,TRUE,TRUE,FALSE,TRUE,NA,0.152,0.5619,0.27051076704039867,0.27046263345195726,CWS
spatial_spd,15244,North America,Cold - Hot Summer,analysis=spatial_spd|dataset_id=15244|region=North America|climatezone=Cold_Without_dry_season_Hot_Summer,human,0.0453,0.0453,0.06459999999999999,0.1099,29.39,TRUE,0.1292,0.3741,0.374,TRUE,TRUE,TRUE,TRUE,TRUE,TRUE,TRUE,FALSE,FALSE,TRUE,NA,0.1099,0.3741,0.2937717187917669,0.2938502673796791,CHS
spatial_spd,2297,North America,Polar,analysis=spatial_spd|dataset_id=2297|region=North America|climatezone=Polar,human,0.0137,0.0137,0.0085,0.0222,4.55,TRUE,0.0171,0.4883,0.488,TRUE,TRUE,TRUE,TRUE,TRUE,TRUE,TRUE,FALSE,FALSE,TRUE,NA,0.0222,0.4882,0.0454731667349447,0.04549180327868853,POL
spatial_spd,1883,North America,Cold - Warm Summer,analysis=spatial_spd|dataset_id=1883|region=North America|climatezone=Cold_Without_dry_season_Warm_Summer,human,-0.0054,-0.0054,0.024100000000000003,0.0187,2.76,TRUE,0.0483,0.677,0.677,TRUE,TRUE,TRUE,TRUE,TRUE,TRUE,TRUE,TRUE,FALSE,TRUE,NA,0.0187,0.6769000000000001,0.02762594179347023,0.027621861152141804,CWS
spatial_spd,3149,North America,Cold - Cold Summer,analysis=spatial_spd|dataset_id=3149|region=North America|climatezone=Cold_Without_dry_season_Cold_Summer,human,0.1169,0.1169,0.0363,0.1532,34.35,TRUE,0.0726,0.4462,0.446,TRUE,TRUE,TRUE,TRUE,TRUE,TRUE,TRUE,FALSE,FALSE,TRUE,NA,0.1532,0.4462,0.34334379202151505,0.3434977578475336,CCS
spatial_spd,701,North America,Cold - Cold Summer,analysis=spatial_spd|dataset_id=701|region=North America|climatezone=Cold_Without_dry_season_Cold_Summer,human,0.2245,0.2245,-0.039599999999999996,0.1849,42.41,TRUE,-0.0792,0.4364,0.436,TRUE,TRUE,TRUE,TRUE,TRUE,TRUE,TRUE,FALSE,FALSE,TRUE,NA,0.1849,0.4364,0.42369385884509625,0.42408256880733947,CCS
spatial_spd,20223,Europe,Cold - Warm Summer,analysis=spatial_spd|dataset_id=20223|region=Europe|climatezone=Cold_Without_dry_season_Warm_Summer,human,0.0049,0.0049,-0.0211,-0.0162,-9.53,TRUE,-0.0422,0.1704,0.17,TRUE,TRUE,TRUE,TRUE,TRUE,TRUE,TRUE,FALSE,TRUE,TRUE,NA,0,0.1866,0,-0.095294117647058807,CWS
spatial_spd,42649,Europe,Temperate,analysis=spatial_spd|dataset_id=42649|region=Europe|climatezone=Temperate_Without_dry_season,human,0.1494,0.1494,-0.0446,0.1048,18.04,TRUE,-0.0891,0.5805,0.581,TRUE,TRUE,TRUE,TRUE,TRUE,TRUE,TRUE,FALSE,FALSE,TRUE,NA,0.1048,0.5806,0.18050292800551154,0.18037865748709125,TMP
spatial_spd,2324,North America,Cold - Cold Summer,analysis=spatial_spd|dataset_id=2324|region=North America|climatezone=Cold_Without_dry_season_Cold_Summer,human,-0.0122,-0.0122,0.2055,0.1933,26.09,TRUE,0.4109,0.7409,0.741,TRUE,TRUE,TRUE,TRUE,TRUE,TRUE,TRUE,TRUE,FALSE,TRUE,NA,0.1933,0.7409,0.26089890673505195,0.260863697705803,CCS
spatial_spd,1698,North America,Cold - Warm Summer,analysis=spatial_spd|dataset_id=1698|region=North America|climatezone=Cold_Without_dry_season_Warm_Summer,human,0.098,0.098,0.04849999999999999,0.1465,65.4,TRUE,0.0969,0.2236,0.224,TRUE,TRUE,TRUE,TRUE,TRUE,TRUE,TRUE,FALSE,FALSE,TRUE,NA,0.1465,0.2237,0.654894948591864,0.6540178571428571,CWS
spatial_spd,15081,North America,Temperate,analysis=spatial_spd|dataset_id=15081|region=North America|climatezone=Temperate_Without_dry_season,human,0.3154,0.3154,0.09179999999999999,0.4072,56.24,TRUE,0.1836,0.7236,0.724,TRUE,TRUE,TRUE,TRUE,TRUE,TRUE,TRUE,FALSE,FALSE,TRUE,NA,0.4072,0.7237,0.5626640873290037,0.5624309392265193,TMP
spatial_spd,16217,Europe,Temperate,analysis=spatial_spd|dataset_id=16217|region=Europe|climatezone=Temperate_Without_dry_season,human,0.1048,0.1048,0.088,0.1928,50.87,TRUE,0.1761,0.3792,0.379,TRUE,TRUE,TRUE,TRUE,TRUE,TRUE,TRUE,FALSE,FALSE,TRUE,NA,0.1928,0.3792,0.5084388185654009,0.5087071240105541,TMP
spatial_spd,41016,North America,Cold - Hot Summer,analysis=spatial_spd|dataset_id=41016|region=North America|climatezone=Cold_Without_dry_season_Hot_Summer,human,0.1262,0.1262,-0.0013000000000000095,0.1249,17.77,TRUE,-0.0027,0.7026,0.703,TRUE,TRUE,TRUE,TRUE,TRUE,TRUE,TRUE,FALSE,FALSE,TRUE,NA,0.1249,0.7026,0.17776828921150015,0.17766714082503557,CHS
spatial_spd,21772,North America,Temperate,analysis=spatial_spd|dataset_id=21772|region=North America|climatezone=Temperate_Without_dry_season,human,0.2069,0.2069,-0.03970000000000001,0.1672,95.54,TRUE,-0.0793,0.175,0.175,TRUE,TRUE,TRUE,TRUE,TRUE,TRUE,TRUE,FALSE,FALSE,TRUE,NA,0.1672,0.175,0.9554285714285714,0.9554285714285714,TMP
spatial_spd,45731,Europe,Cold - Dry Summer,analysis=spatial_spd|dataset_id=45731|region=Europe|climatezone=Cold_Dry_Summer,human,0.1728,0.1728,0.1003,0.2731,74.41,TRUE,0.2006,0.3667,0.367,TRUE,TRUE,TRUE,TRUE,TRUE,TRUE,TRUE,TRUE,FALSE,TRUE,NA,0.2731,0.3667,0.7447504772293427,0.744141689373297,CDS
spatial_spd,41448,Europe,Cold - Cold Summer,analysis=spatial_spd|dataset_id=41448|region=Europe|climatezone=Cold_Without_dry_season_Cold_Summer,human,-0.0187,-0.0187,0.0694,0.0507,23.15,TRUE,0.1386,0.2187,0.219,TRUE,TRUE,TRUE,TRUE,TRUE,TRUE,TRUE,TRUE,FALSE,TRUE,NA,0.0507,0.2187,0.23182441700960219,0.2315068493150685,CCS
spatial_spd,1571,North America,Cold - Warm Summer,analysis=spatial_spd|dataset_id=1571|region=North America|climatezone=Cold_Without_dry_season_Warm_Summer,human,0.0097,0.0097,0.0552,0.0649,34.89,TRUE,0.1105,0.1859,0.186,TRUE,TRUE,TRUE,TRUE,TRUE,TRUE,TRUE,FALSE,FALSE,TRUE,NA,0.0649,0.1859,0.3491124260355029,0.3489247311827957,CWS
spatial_spd,24861,Europe,Temperate,analysis=spatial_spd|dataset_id=24861|region=Europe|climatezone=Temperate_Without_dry_season,human,0.0111,0.0111,-0.014700000000000001,-0.0036,-0.77,TRUE,-0.0296,0.4665,0.467,TRUE,TRUE,TRUE,TRUE,TRUE,TRUE,TRUE,FALSE,TRUE,TRUE,NA,0,0.4702,0,-0.007708779443254817,TMP
spatial_spd,21895,Latin America,Tropical,analysis=spatial_spd|dataset_id=21895|region=Latin America|climatezone=Tropical,human,-0.0106,-0.0106,0.0155,0.0049,2.1,TRUE,0.031,0.2332,0.233,TRUE,TRUE,TRUE,TRUE,TRUE,TRUE,TRUE,TRUE,FALSE,TRUE,NA,0.0049,0.2332,0.021012006861063463,0.021030042918454932,TRO
spatial_spd,22656,Europe,Cold - Warm Summer,analysis=spatial_spd|dataset_id=22656|region=Europe|climatezone=Cold_Without_dry_season_Warm_Summer,human,0.0208,0.0208,0.022199999999999998,0.043,10.46,TRUE,0.0445,0.4114,0.411,TRUE,TRUE,TRUE,TRUE,TRUE,TRUE,TRUE,FALSE,FALSE,TRUE,NA,0.043,0.4114,0.10452114730189596,0.10462287104622871,CWS
spatial_spd,2661,North America,Cold - Cold Summer,analysis=spatial_spd|dataset_id=2661|region=North America|climatezone=Cold_Without_dry_season_Cold_Summer,human,-0.0721,-0.0721,0.007199999999999998,-0.0649,-23.95,TRUE,0.0143,0.2705,0.271,TRUE,TRUE,TRUE,TRUE,TRUE,TRUE,TRUE,TRUE,TRUE,TRUE,NA,0,0.3355,0,-0.23948339483394832,CCS
spatial_spd,47604,Europe,Polar,analysis=spatial_spd|dataset_id=47604|region=Europe|climatezone=Polar,human,-0.023,-0.023,0.0246,0.0016,0.38,TRUE,0.0492,0.4204,0.42,TRUE,TRUE,TRUE,TRUE,TRUE,TRUE,TRUE,TRUE,FALSE,TRUE,NA,0.0016,0.4203,0.0038068046633357128,0.00380952380952381,POL
spatial_spd,1617,North America,Cold - Cold Summer,analysis=spatial_spd|dataset_id=1617|region=North America|climatezone=Cold_Without_dry_season_Cold_Summer,human,-0.0233,-0.0233,0.028200000000000003,0.0049,1.76,TRUE,0.0564,0.278,0.278,TRUE,TRUE,TRUE,TRUE,TRUE,TRUE,TRUE,TRUE,FALSE,TRUE,NA,0.0049,0.2781,0.017619561308881697,0.01762589928057554,CCS
spatial_spd,48960,Europe,Temperate,analysis=spatial_spd|dataset_id=48960|region=Europe|climatezone=Temperate_Without_dry_season,human,0,0,0.0015,0.0015,0.59,TRUE,0.0029,0.254,0.254,TRUE,TRUE,TRUE,TRUE,TRUE,TRUE,TRUE,FALSE,FALSE,TRUE,NA,0.0015,0.254,0.005905511811023622,0.005905511811023622,TMP
spatial_spd,22944,Europe,Cold - Warm Summer,analysis=spatial_spd|dataset_id=22944|region=Europe|climatezone=Cold_Without_dry_season_Warm_Summer,human,0.1441,0.1441,-0.041800000000000004,0.1023,487.14,TRUE,-0.0836,0.0212,0.021,TRUE,TRUE,TRUE,TRUE,TRUE,TRUE,TRUE,TRUE,TRUE,TRUE,NA,0.1023,0.1023,1,4.871428571428571,CWS
spatial_spd,346,North America,Cold - Warm Summer,analysis=spatial_spd|dataset_id=346|region=North America|climatezone=Cold_Without_dry_season_Warm_Summer,human,0.1373,0.1373,-0.005500000000000005,0.1318,30.51,TRUE,-0.0109,0.4323,0.432,TRUE,TRUE,TRUE,TRUE,TRUE,TRUE,TRUE,FALSE,FALSE,TRUE,NA,0.1318,0.4323,0.3048808697663659,0.3050925925925926,CWS
spatial_spd,15762,North America,Cold - Dry Summer,analysis=spatial_spd|dataset_id=15762|region=North America|climatezone=Cold_Dry_Summer,human,0.0455,0.0455,0.004200000000000002,0.0497,24.97,TRUE,0.0085,0.1987,0.199,TRUE,TRUE,TRUE,TRUE,TRUE,TRUE,TRUE,FALSE,FALSE,TRUE,NA,0.0497,0.1987,0.25012581781580273,0.24974874371859296,CDS
spatial_spd,2629,North America,Cold - Warm Summer,analysis=spatial_spd|dataset_id=2629|region=North America|climatezone=Cold_Without_dry_season_Warm_Summer,human,-0.0286,-0.0286,0.0376,0.009,21.95,TRUE,0.0752,0.0406,0.041,TRUE,TRUE,TRUE,TRUE,TRUE,TRUE,TRUE,TRUE,FALSE,TRUE,NA,0.009,0.040600000000000004,0.2216748768472906,0.2195121951219512,CWS
spatial_spd,17419,North America,Cold - Cold Summer,analysis=spatial_spd|dataset_id=17419|region=North America|climatezone=Cold_Without_dry_season_Cold_Summer,human,0.0688,0.0688,-0.024800000000000003,0.044,23.28,TRUE,-0.0495,0.1889,0.189,TRUE,TRUE,TRUE,TRUE,TRUE,TRUE,TRUE,FALSE,FALSE,TRUE,NA,0.044,0.1889,0.2329274748544203,0.2328042328042328,CCS
spatial_spd,3043,Oceania,Temperate,analysis=spatial_spd|dataset_id=3043|region=Oceania|climatezone=Temperate_Without_dry_season,human,0.1159,0.1159,-0.0903,0.0256,4.4,TRUE,-0.1805,0.5825,0.582,TRUE,TRUE,TRUE,TRUE,TRUE,TRUE,TRUE,FALSE,FALSE,TRUE,NA,0.0256,0.5824999999999999,0.04394849785407726,0.04398625429553265,TMP
spatial_spd,3884,Europe,Temperate,analysis=spatial_spd|dataset_id=3884|region=Europe|climatezone=Temperate_Without_dry_season,human,-0.034,-0.034,0.023400000000000004,-0.0106,-2.78,TRUE,0.0469,0.3806,0.381,TRUE,TRUE,TRUE,TRUE,TRUE,TRUE,TRUE,TRUE,TRUE,TRUE,NA,0,0.3912,0,-0.027821522309711286,TMP
spatial_spd,45391,Europe,Cold - Warm Summer,analysis=spatial_spd|dataset_id=45391|region=Europe|climatezone=Cold_Without_dry_season_Warm_Summer,human,0.0394,0.0394,0.0196,0.059,17.4,TRUE,0.039,0.3388,0.339,TRUE,TRUE,TRUE,TRUE,TRUE,TRUE,TRUE,FALSE,FALSE,TRUE,NA,0.059,0.3389,0.17409265269991148,0.17404129793510323,CWS
spatial_spd,40951,Europe,Cold - Warm Summer,analysis=spatial_spd|dataset_id=40951|region=Europe|climatezone=Cold_Without_dry_season_Warm_Summer,human,0.0511,0.0511,-0.0327,0.0184,8,TRUE,-0.0656,0.23,0.23,TRUE,TRUE,TRUE,TRUE,TRUE,TRUE,TRUE,FALSE,FALSE,TRUE,NA,0.0184,0.23,0.08,0.08,CWS
spatial_spd,22966,Europe,Cold - Warm Summer,analysis=spatial_spd|dataset_id=22966|region=Europe|climatezone=Cold_Without_dry_season_Warm_Summer,human,-0.0137,-0.0137,0.0377,0.024,5.25,TRUE,0.0755,0.4573,0.457,TRUE,TRUE,TRUE,TRUE,TRUE,TRUE,TRUE,TRUE,FALSE,TRUE,NA,0.024,0.4572,0.05249343832020997,0.0525164113785558,CWS
spatial_spd,3035,North America,Cold - Warm Summer,analysis=spatial_spd|dataset_id=3035|region=North America|climatezone=Cold_Without_dry_season_Warm_Summer,human,0.1038,0.1038,0.1567,0.2605,44.99,TRUE,0.3134,0.5794,0.579,TRUE,TRUE,TRUE,TRUE,TRUE,TRUE,TRUE,FALSE,FALSE,TRUE,NA,0.2605,0.5792999999999999,0.44968064905920946,0.4499136442141624,CWS
spatial_spd,47110,Oceania,Temperate,analysis=spatial_spd|dataset_id=47110|region=Oceania|climatezone=Temperate_Without_dry_season,human,-0.0697,-0.0697,0.0016000000000000042,-0.0681,-21.15,TRUE,0.0031,0.3222,0.322,TRUE,TRUE,TRUE,TRUE,TRUE,TRUE,TRUE,TRUE,TRUE,TRUE,NA,0,0.3904,0,-0.21149068322981365,TMP
spatial_spd,1154,Latin America,Temperate - Dry Winter,analysis=spatial_spd|dataset_id=1154|region=Latin America|climatezone=Temperate_Dry_Winter,human,0.0949,0.0949,0.0646,0.1595,34.08,TRUE,0.1291,0.4679,0.468,TRUE,TRUE,TRUE,TRUE,TRUE,TRUE,TRUE,FALSE,FALSE,TRUE,NA,0.1595,0.4679,0.3408848044453943,0.3408119658119658,TDW
spatial_spd,47555,North America,Temperate,analysis=spatial_spd|dataset_id=47555|region=North America|climatezone=Temperate_Without_dry_season,human,0.2926,0.2926,-0.06330000000000002,0.2293,131.78,TRUE,-0.1266,0.1736,0.174,TRUE,TRUE,TRUE,TRUE,TRUE,TRUE,TRUE,FALSE,TRUE,TRUE,NA,0.2293,0.2293,1,1.3178160919540232,TMP
spatial_spd,527,North America,Cold - Dry Summer,analysis=spatial_spd|dataset_id=527|region=North America|climatezone=Cold_Dry_Summer,human,0.0383,0.0383,0.1651,0.2034,48.31,TRUE,0.3301,0.4206,0.421,TRUE,TRUE,TRUE,TRUE,TRUE,TRUE,TRUE,FALSE,FALSE,TRUE,NA,0.2034,0.4206,0.48359486447931527,0.4831353919239905,CDS
spatial_spd,46280,Europe,Cold - Warm Summer,analysis=spatial_spd|dataset_id=46280|region=Europe|climatezone=Cold_Without_dry_season_Warm_Summer,human,-0.0221,-0.0221,0.0598,0.0377,67.32,TRUE,0.1197,0.056,0.056,TRUE,TRUE,TRUE,TRUE,TRUE,TRUE,TRUE,TRUE,FALSE,TRUE,NA,0.0377,0.055999999999999994,0.6732142857142858,0.6732142857142857,CWS
spatial_spd,21913,Latin America,Tropical,analysis=spatial_spd|dataset_id=21913|region=Latin America|climatezone=Tropical,human,0.2414,0.2414,0.028299999999999992,0.2697,56.07,TRUE,0.0566,0.4809,0.481,TRUE,TRUE,TRUE,TRUE,TRUE,TRUE,TRUE,FALSE,FALSE,TRUE,NA,0.2697,0.4809,0.5608234560199625,0.5607068607068607,TRO
spatial_spd,971,North America,Cold - Warm Summer,analysis=spatial_spd|dataset_id=971|region=North America|climatezone=Cold_Without_dry_season_Warm_Summer,human,0.1094,0.1094,0.010099999999999998,0.1195,34.34,TRUE,0.0202,0.3477,0.348,TRUE,TRUE,TRUE,TRUE,TRUE,TRUE,TRUE,FALSE,FALSE,TRUE,NA,0.1195,0.3477,0.3436870865688812,0.34339080459770116,CWS
spatial_spd,4184,Europe,Cold - Dry Summer,analysis=spatial_spd|dataset_id=4184|region=Europe|climatezone=Cold_Dry_Summer,human,0.0483,0.0483,-0.0383,0.01,1.5,TRUE,-0.0766,0.6652,0.665,TRUE,TRUE,TRUE,TRUE,TRUE,TRUE,TRUE,FALSE,FALSE,TRUE,NA,0.01,0.6652,0.01503307276007216,0.015037593984962405,CDS
spatial_spd,844,North America,Cold - Cold Summer,analysis=spatial_spd|dataset_id=844|region=North America|climatezone=Cold_Without_dry_season_Cold_Summer,human,0.0414,0.0414,-0.001799999999999996,0.0396,101.54,TRUE,-0.0036,0.0387,0.039,TRUE,TRUE,TRUE,TRUE,TRUE,TRUE,TRUE,FALSE,TRUE,TRUE,NA,0.0396,0.0396,1,1.0153846153846156,CCS
spatial_spd,1440,Europe,Arid,analysis=spatial_spd|dataset_id=1440|region=Europe|climatezone=Arid,human,0.0166,0.0166,-0.0224,-0.0058,-1.86,TRUE,-0.0447,0.3121,0.312,TRUE,TRUE,TRUE,TRUE,TRUE,TRUE,TRUE,FALSE,TRUE,TRUE,NA,0,0.3179,0,-0.01858974358974359,ARD
spatial_spd,45319,Europe,Arid,analysis=spatial_spd|dataset_id=45319|region=Europe|climatezone=Arid,human,-0.0083,-0.0083,-0.017,-0.0253,-5.61,TRUE,-0.034,0.4508,0.451,TRUE,TRUE,TRUE,TRUE,TRUE,TRUE,TRUE,TRUE,TRUE,TRUE,NA,0,0.4761,0,-0.05609756097560975,ARD
spatial_spd,45320,Europe,Arid,analysis=spatial_spd|dataset_id=45320|region=Europe|climatezone=Arid,human,-0.0063,-0.0063,-0.0014000000000000002,-0.0077,-1.35,TRUE,-0.0027,0.5696,0.57,TRUE,TRUE,TRUE,TRUE,TRUE,TRUE,TRUE,TRUE,TRUE,TRUE,NA,0,0.5773,0,-0.013508771929824564,ARD
spatial_spd,48816,North America,Cold - Warm Summer,analysis=spatial_spd|dataset_id=48816|region=North America|climatezone=Cold_Without_dry_season_Warm_Summer,human,-0.0357,-0.0357,0.0857,0.05,26.6,TRUE,0.1713,0.1882,0.188,TRUE,TRUE,TRUE,TRUE,TRUE,TRUE,TRUE,TRUE,FALSE,TRUE,NA,0.05,0.18819999999999998,0.2656748140276302,0.26595744680851063,CWS
spatial_spd,42683,Europe,Cold - Warm Summer,analysis=spatial_spd|dataset_id=42683|region=Europe|climatezone=Cold_Without_dry_season_Warm_Summer,human,-0.0119,-0.0119,-0.0013999999999999985,-0.0133,-3.13,TRUE,-0.0027,0.4253,0.425,TRUE,TRUE,TRUE,TRUE,TRUE,TRUE,TRUE,TRUE,TRUE,TRUE,NA,0,0.4385,0,-0.03129411764705882,CWS
spatial_spd,21818,Latin America,Polar,analysis=spatial_spd|dataset_id=21818|region=Latin America|climatezone=Polar,human,0.0969,0.0969,0.06830000000000001,0.1652,36.07,TRUE,0.1364,0.458,0.458,TRUE,TRUE,TRUE,TRUE,TRUE,TRUE,TRUE,FALSE,FALSE,TRUE,NA,0.1652,0.4581,0.3606199519755512,0.3606986899563319,POL
spatial_spd,15276,North America,Temperate,analysis=spatial_spd|dataset_id=15276|region=North America|climatezone=Temperate_Without_dry_season,human,0.0534,0.0534,-0.0021000000000000046,0.0513,22.9,TRUE,-0.0042,0.2244,0.224,TRUE,TRUE,TRUE,TRUE,TRUE,TRUE,TRUE,FALSE,FALSE,TRUE,NA,0.0513,0.2244,0.2286096256684492,0.22901785714285713,TMP
spatial_spd,2626,North America,Cold - Warm Summer,analysis=spatial_spd|dataset_id=2626|region=North America|climatezone=Cold_Without_dry_season_Warm_Summer,human,0.0744,0.0744,0.08450000000000002,0.1589,27.3,TRUE,0.169,0.5822,0.582,TRUE,TRUE,TRUE,TRUE,TRUE,TRUE,TRUE,FALSE,FALSE,TRUE,NA,0.1589,0.5822,0.2729302645139127,0.2730240549828179,CWS
spatial_spd,2591,North America,Cold - Warm Summer,analysis=spatial_spd|dataset_id=2591|region=North America|climatezone=Cold_Without_dry_season_Warm_Summer,human,0.0817,0.0817,0.0849,0.1666,45.15,TRUE,0.1698,0.36870000000000003,0.369,TRUE,TRUE,TRUE,TRUE,TRUE,TRUE,TRUE,FALSE,FALSE,TRUE,NA,0.1666,0.36870000000000003,0.4518578790344453,0.4514905149051491,CWS
spatial_spd,4239,Europe,Cold - Cold Summer,analysis=spatial_spd|dataset_id=4239|region=Europe|climatezone=Cold_Without_dry_season_Cold_Summer,human,0.0738,0.0738,0.007300000000000001,0.0811,21.29,TRUE,0.0147,0.3814,0.381,TRUE,TRUE,TRUE,TRUE,TRUE,TRUE,TRUE,FALSE,FALSE,TRUE,NA,0.0811,0.3814,0.2126376507603566,0.21286089238845146,CCS
spatial_spd,2367,North America,Cold - Cold Summer,analysis=spatial_spd|dataset_id=2367|region=North America|climatezone=Cold_Without_dry_season_Cold_Summer,human,0.1072,0.1072,0.0417,0.1489,43.41,TRUE,0.0832,0.3427,0.343,TRUE,TRUE,TRUE,TRUE,TRUE,TRUE,TRUE,FALSE,FALSE,TRUE,NA,0.1489,0.3428,0.43436406067677946,0.4341107871720116,CCS
spatial_spd,45343,Europe,Cold - Cold Summer,analysis=spatial_spd|dataset_id=45343|region=Europe|climatezone=Cold_Without_dry_season_Cold_Summer,human,0.1147,0.1147,0.0097,0.1244,35.44,TRUE,0.0193,0.3511,0.351,TRUE,TRUE,TRUE,TRUE,TRUE,TRUE,TRUE,FALSE,FALSE,TRUE,NA,0.1244,0.3511,0.3543150099686699,0.3544159544159544,CCS
spatial_spd,26319,Europe,Cold - Cold Summer,analysis=spatial_spd|dataset_id=26319|region=Europe|climatezone=Cold_Without_dry_season_Cold_Summer,human,-0.0059,-0.0059,0.07300000000000001,0.0671,17.52,TRUE,0.1461,0.3833,0.383,TRUE,TRUE,TRUE,TRUE,TRUE,TRUE,TRUE,TRUE,FALSE,TRUE,NA,0.0671,0.3833,0.17505870075658755,0.17519582245430812,CCS
spatial_spd,684,North America,Cold - Hot Summer,analysis=spatial_spd|dataset_id=684|region=North America|climatezone=Cold_Without_dry_season_Hot_Summer,human,0.2205,0.2205,0.08399999999999999,0.3045,58,TRUE,0.168,0.5255,0.525,TRUE,TRUE,TRUE,TRUE,TRUE,TRUE,TRUE,FALSE,FALSE,TRUE,NA,0.3045,0.5255,0.5794481446241675,0.58,CHS
spatial_spd,19909,Europe,Cold - Cold Summer,analysis=spatial_spd|dataset_id=19909|region=Europe|climatezone=Cold_Without_dry_season_Cold_Summer,human,-0.0481,-0.0481,0.017899999999999996,-0.0302,-137.27,TRUE,0.036,0.0225,0.022,TRUE,TRUE,TRUE,TRUE,TRUE,TRUE,TRUE,TRUE,TRUE,TRUE,NA,0,0.0527,0,-1.3727272727272728,CCS
spatial_spd,45329,Europe,Cold - Warm Summer,analysis=spatial_spd|dataset_id=45329|region=Europe|climatezone=Cold_Without_dry_season_Warm_Summer,human,0.3818,0.3818,-0.04679999999999995,0.335,70.82,TRUE,-0.0937,0.4734,0.473,TRUE,TRUE,TRUE,TRUE,TRUE,TRUE,TRUE,FALSE,FALSE,TRUE,NA,0.335,0.47340000000000004,0.7076468103084073,0.7082452431289641,CWS
spatial_spd,26505,Europe,Cold - Warm Summer,analysis=spatial_spd|dataset_id=26505|region=Europe|climatezone=Cold_Without_dry_season_Warm_Summer,human,-0.0492,-0.0492,0.036000000000000004,-0.0132,-220,TRUE,0.072,0.0061,0.006,TRUE,TRUE,TRUE,TRUE,TRUE,TRUE,TRUE,TRUE,TRUE,TRUE,NA,0,0.0193,0,-2.1999999999999997,CWS
spatial_spd,1590,North America,Cold - Cold Summer,analysis=spatial_spd|dataset_id=1590|region=North America|climatezone=Cold_Without_dry_season_Cold_Summer,human,0.0229,0.0229,0.0163,0.0392,6.14,TRUE,0.0328,0.638,0.638,TRUE,TRUE,TRUE,TRUE,TRUE,TRUE,TRUE,FALSE,FALSE,TRUE,NA,0.0392,0.638,0.061442006269592474,0.061442006269592474,CCS
spatial_spd,24110,Europe,Cold - Warm Summer,analysis=spatial_spd|dataset_id=24110|region=Europe|climatezone=Cold_Without_dry_season_Warm_Summer,human,0.272,0.272,0.007000000000000006,0.279,90.58,TRUE,0.0139,0.3081,0.308,TRUE,TRUE,TRUE,TRUE,TRUE,TRUE,TRUE,FALSE,FALSE,TRUE,NA,0.279,0.30810000000000004,0.9055501460564751,0.9058441558441559,CWS
spatial_spd,43513,Europe,Cold - Cold Summer,analysis=spatial_spd|dataset_id=43513|region=Europe|climatezone=Cold_Without_dry_season_Cold_Summer,human,-0.012,-0.012,0.0685,0.0565,14.02,TRUE,0.1369,0.4033,0.403,TRUE,TRUE,TRUE,TRUE,TRUE,TRUE,TRUE,TRUE,FALSE,TRUE,NA,0.0565,0.4034,0.14005949429846307,0.1401985111662531,CCS
spatial_spd,813,North America,Cold - Hot Summer,analysis=spatial_spd|dataset_id=813|region=North America|climatezone=Cold_Without_dry_season_Hot_Summer,human,0.1029,0.1029,0.016299999999999995,0.1192,25.58,TRUE,0.0326,0.4665,0.466,TRUE,TRUE,TRUE,TRUE,TRUE,TRUE,TRUE,FALSE,FALSE,TRUE,NA,0.1192,0.4665,0.2555198285101822,0.255793991416309,CHS
spatial_spd,16016,North America,Arid,analysis=spatial_spd|dataset_id=16016|region=North America|climatezone=Arid,human,-0.0349,-0.0349,0.0127,-0.0222,-19.3,TRUE,0.0255,0.1154,0.115,TRUE,TRUE,TRUE,TRUE,TRUE,TRUE,TRUE,TRUE,TRUE,TRUE,NA,0,0.1376,0,-0.19304347826086957,ARD
spatial_spd,298,North America,Cold - Warm Summer,analysis=spatial_spd|dataset_id=298|region=North America|climatezone=Cold_Without_dry_season_Warm_Summer,human,0.0241,0.0241,0.0795,0.1036,40.47,TRUE,0.1588,0.2564,0.256,TRUE,TRUE,TRUE,TRUE,TRUE,TRUE,TRUE,FALSE,FALSE,TRUE,NA,0.1036,0.2565,0.4038986354775828,0.4046875,CWS
spatial_spd,782,North America,Cold - Warm Summer,analysis=spatial_spd|dataset_id=782|region=North America|climatezone=Cold_Without_dry_season_Warm_Summer,human,0.0878,0.0878,0.03979999999999999,0.1276,140.22,TRUE,0.0796,0.0914,0.091,TRUE,TRUE,TRUE,TRUE,TRUE,TRUE,TRUE,TRUE,TRUE,TRUE,NA,0.1276,0.1276,1,1.402197802197802,CWS
spatial_spd,15831,North America,Temperate,analysis=spatial_spd|dataset_id=15831|region=North America|climatezone=Temperate_Without_dry_season,human,0.0487,0.0487,0.042100000000000005,0.0908,38.31,TRUE,0.0843,0.2374,0.237,TRUE,TRUE,TRUE,TRUE,TRUE,TRUE,TRUE,FALSE,FALSE,TRUE,NA,0.0908,0.2374,0.38247683235046337,0.3831223628691984,TMP
spatial_spd,48624,Latin America,Temperate - Dry Summer,analysis=spatial_spd|dataset_id=48624|region=Latin America|climatezone=Temperate_Dry_Summer,human,0.0473,0.0473,0.024199999999999992,0.0715,28.49,TRUE,0.0483,0.2506,0.251,TRUE,TRUE,TRUE,TRUE,TRUE,TRUE,TRUE,FALSE,FALSE,TRUE,NA,0.0715,0.2507,0.28520143597925807,0.28486055776892427,TDS
spatial_spd,1770,North America,Cold - Cold Summer,analysis=spatial_spd|dataset_id=1770|region=North America|climatezone=Cold_Without_dry_season_Cold_Summer,human,0.0376,0.0376,0.0011999999999999997,0.0388,8.45,TRUE,0.0025,0.4594,0.459,TRUE,TRUE,TRUE,TRUE,TRUE,TRUE,TRUE,FALSE,FALSE,TRUE,NA,0.0388,0.4593,0.08447637709558023,0.08453159041394336,CCS
spatial_spd,4517,Europe,Cold - Warm Summer,analysis=spatial_spd|dataset_id=4517|region=Europe|climatezone=Cold_Without_dry_season_Warm_Summer,human,-0.0248,-0.0248,0.0086,-0.0162,-3.68,TRUE,0.0172,0.4404,0.44,TRUE,TRUE,TRUE,TRUE,TRUE,TRUE,TRUE,TRUE,TRUE,TRUE,NA,0,0.4566,0,-0.03681818181818182,CWS
spatial_spd,4398,Europe,Cold - Warm Summer,analysis=spatial_spd|dataset_id=4398|region=Europe|climatezone=Cold_Without_dry_season_Warm_Summer,human,0.0238,0.0238,0.0319,0.0557,63.3,TRUE,0.0636,0.0875,0.088,TRUE,TRUE,TRUE,TRUE,TRUE,TRUE,TRUE,FALSE,FALSE,TRUE,NA,0.0557,0.0875,0.6365714285714286,0.6329545454545454,CWS
spatial_spd,22849,Europe,Cold - Warm Summer,analysis=spatial_spd|dataset_id=22849|region=Europe|climatezone=Cold_Without_dry_season_Warm_Summer,human,0.0234,0.0234,-9.99999999999994e-5,0.0233,8.86,TRUE,-2e-4,0.2632,0.263,TRUE,TRUE,TRUE,TRUE,TRUE,TRUE,TRUE,FALSE,FALSE,TRUE,NA,0.0233,0.2631,0.08855948308627899,0.08859315589353613,CWS
spatial_spd,24356,Europe,Temperate,analysis=spatial_spd|dataset_id=24356|region=Europe|climatezone=Temperate_Without_dry_season,human,0.05,0.05,-0.061700000000000005,-0.0117,-2.05,TRUE,-0.1236,0.5717,0.572,TRUE,TRUE,TRUE,TRUE,TRUE,TRUE,TRUE,FALSE,TRUE,TRUE,NA,0,0.5834,0,-0.020454545454545458,TMP
spatial_spd,1701,North America,Cold - Warm Summer,analysis=spatial_spd|dataset_id=1701|region=North America|climatezone=Cold_Without_dry_season_Warm_Summer,human,-0.0246,-0.0246,0.0711,0.0465,20.13,TRUE,0.1423,0.231,0.231,TRUE,TRUE,TRUE,TRUE,TRUE,TRUE,TRUE,TRUE,FALSE,TRUE,NA,0.0465,0.23099999999999998,0.2012987012987013,0.20129870129870128,CWS
spatial_spd,1707,North America,Cold - Cold Summer,analysis=spatial_spd|dataset_id=1707|region=North America|climatezone=Cold_Without_dry_season_Cold_Summer,human,0.142,0.142,0.03900000000000001,0.181,45.82,TRUE,0.078,0.3948,0.395,TRUE,TRUE,TRUE,TRUE,TRUE,TRUE,TRUE,FALSE,FALSE,TRUE,NA,0.181,0.3948,0.4584599797365755,0.45822784810126577,CCS
spatial_spd,23006,Europe,Cold - Warm Summer,analysis=spatial_spd|dataset_id=23006|region=Europe|climatezone=Cold_Without_dry_season_Warm_Summer,human,0.0669,0.0669,-0.0449,0.022,25,TRUE,-0.0897,0.0885,0.088,TRUE,TRUE,TRUE,TRUE,TRUE,TRUE,TRUE,FALSE,FALSE,TRUE,NA,0.022,0.0885,0.2485875706214689,0.25,CWS
spatial_spd,4154,Europe,Cold - Warm Summer,analysis=spatial_spd|dataset_id=4154|region=Europe|climatezone=Cold_Without_dry_season_Warm_Summer,human,0.0202,0.0202,0.036199999999999996,0.0564,35.92,TRUE,0.0725,0.1571,0.157,TRUE,TRUE,TRUE,TRUE,TRUE,TRUE,TRUE,FALSE,FALSE,TRUE,NA,0.0564,0.1571,0.3590070019096117,0.3592356687898089,CWS
spatial_spd,1761,North America,Cold - Cold Summer,analysis=spatial_spd|dataset_id=1761|region=North America|climatezone=Cold_Without_dry_season_Cold_Summer,human,0.0474,0.0474,0.1407,0.1881,48.6,TRUE,0.2815,0.3872,0.387,TRUE,TRUE,TRUE,TRUE,TRUE,TRUE,TRUE,FALSE,FALSE,TRUE,NA,0.1881,0.3872,0.48579545454545453,0.48604651162790696,CCS
spatial_spd,4355,Europe,Polar,analysis=spatial_spd|dataset_id=4355|region=Europe|climatezone=Polar,human,0.0047,0.0047,0.0351,0.0398,9.48,TRUE,0.07,0.4204,0.42,TRUE,TRUE,TRUE,TRUE,TRUE,TRUE,TRUE,FALSE,FALSE,TRUE,NA,0.0398,0.4204,0.09467174119885824,0.09476190476190477,POL
spatial_spd,40582,Europe,Polar,analysis=spatial_spd|dataset_id=40582|region=Europe|climatezone=Polar,human,0.1145,0.1145,-0.0382,0.0763,138.73,TRUE,-0.0765,0.0554,0.055,TRUE,TRUE,TRUE,TRUE,TRUE,TRUE,TRUE,FALSE,TRUE,TRUE,NA,0.0763,0.0763,1,1.3872727272727274,POL
spatial_spd,15130,Latin America,Temperate,analysis=spatial_spd|dataset_id=15130|region=Latin America|climatezone=Temperate_Without_dry_season,human,0.0559,0.0559,-0.0368,0.0191,7.35,TRUE,-0.0737,0.2605,0.26,TRUE,TRUE,TRUE,TRUE,TRUE,TRUE,TRUE,FALSE,FALSE,TRUE,NA,0.0191,0.2605,0.07332053742802302,0.07346153846153845,TMP
spatial_spd,4041,Europe,Cold - Cold Summer,analysis=spatial_spd|dataset_id=4041|region=Europe|climatezone=Cold_Without_dry_season_Cold_Summer,human,0.1543,0.1543,0.10460000000000003,0.2589,42.79,TRUE,0.2092,0.6049,0.605,TRUE,TRUE,TRUE,TRUE,TRUE,TRUE,TRUE,FALSE,FALSE,TRUE,NA,0.2589,0.6049,0.42800462886427515,0.4279338842975207,CCS
spatial_spd,22812,Europe,Cold - Warm Summer,analysis=spatial_spd|dataset_id=22812|region=Europe|climatezone=Cold_Without_dry_season_Warm_Summer,human,0.0957,0.0957,-0.0638,0.0319,10.63,TRUE,-0.1276,0.3002,0.3,TRUE,TRUE,TRUE,TRUE,TRUE,TRUE,TRUE,FALSE,FALSE,TRUE,NA,0.0319,0.3003,0.10622710622710621,0.10633333333333334,CWS
spatial_spd,363,Europe,Cold - Warm Summer,analysis=spatial_spd|dataset_id=363|region=Europe|climatezone=Cold_Without_dry_season_Warm_Summer,human,0.0405,0.0405,0.06589999999999999,0.1064,34.43,TRUE,0.1318,0.3087,0.309,TRUE,TRUE,TRUE,TRUE,TRUE,TRUE,TRUE,FALSE,FALSE,TRUE,NA,0.1064,0.3087,0.34467120181405897,0.344336569579288,CWS
spatial_spd,1646,Latin America,Polar,analysis=spatial_spd|dataset_id=1646|region=Latin America|climatezone=Polar,human,0.1226,0.1226,0.01390000000000001,0.1365,28.98,TRUE,0.0277,0.4709,0.471,TRUE,TRUE,TRUE,TRUE,TRUE,TRUE,TRUE,FALSE,FALSE,TRUE,NA,0.1365,0.4709,0.28987046081970697,0.2898089171974523,POL
spatial_spd,1679,Latin America,Polar,analysis=spatial_spd|dataset_id=1679|region=Latin America|climatezone=Polar,human,0.1993,0.1993,-0.02560000000000001,0.1737,31.64,TRUE,-0.0512,0.5487,0.549,TRUE,TRUE,TRUE,TRUE,TRUE,TRUE,TRUE,FALSE,FALSE,TRUE,NA,0.1737,0.5486,0.31662413415967916,0.31639344262295077,POL
spatial_spd,1829,North America,Cold - Warm Summer,analysis=spatial_spd|dataset_id=1829|region=North America|climatezone=Cold_Without_dry_season_Warm_Summer,human,0.0618,0.0618,0.012799999999999999,0.0746,22.07,TRUE,0.0255,0.3378,0.338,TRUE,TRUE,TRUE,TRUE,TRUE,TRUE,TRUE,FALSE,FALSE,TRUE,NA,0.0746,0.3378,0.2208407341622262,0.2207100591715976,CWS
spatial_spd,3558,North America,Cold - Hot Summer,analysis=spatial_spd|dataset_id=3558|region=North America|climatezone=Cold_Without_dry_season_Hot_Summer,human,0.1192,0.1192,0.022499999999999992,0.1417,33.19,TRUE,0.045,0.427,0.427,TRUE,TRUE,TRUE,TRUE,TRUE,TRUE,TRUE,FALSE,FALSE,TRUE,NA,0.1417,0.427,0.33185011709601875,0.33185011709601875,CHS
spatial_spd,14948,North America,Polar,analysis=spatial_spd|dataset_id=14948|region=North America|climatezone=Polar,human,0.0093,0.0093,0.0172,0.0265,6.66,TRUE,0.0344,0.3981,0.398,TRUE,TRUE,TRUE,TRUE,TRUE,TRUE,TRUE,FALSE,FALSE,TRUE,NA,0.0265,0.3981,0.06656618939964833,0.06658291457286432,POL
spatial_spd,41399,Europe,Cold - Warm Summer,analysis=spatial_spd|dataset_id=41399|region=Europe|climatezone=Cold_Without_dry_season_Warm_Summer,human,0.0138,0.0138,-0.025099999999999997,-0.0113,-1.98,TRUE,-0.0501,0.5712,0.571,TRUE,TRUE,TRUE,TRUE,TRUE,TRUE,TRUE,FALSE,TRUE,TRUE,NA,0,0.5824,0,-0.01978984238178634,CWS
spatial_spd,1670,North America,Temperate,analysis=spatial_spd|dataset_id=1670|region=North America|climatezone=Temperate_Without_dry_season,human,0.1228,0.1228,0.030100000000000002,0.1529,84.94,TRUE,0.0601,0.1796,0.18,TRUE,TRUE,TRUE,TRUE,TRUE,TRUE,TRUE,TRUE,FALSE,TRUE,NA,0.1529,0.1796,0.8513363028953229,0.8494444444444446,TMP
spatial_spd,1393,North America,Cold - Cold Summer,analysis=spatial_spd|dataset_id=1393|region=North America|climatezone=Cold_Without_dry_season_Cold_Summer,human,-0.0159,-0.0159,-0.019399999999999997,-0.0353,-5.24,TRUE,-0.0387,0.6741,0.674,TRUE,TRUE,TRUE,TRUE,TRUE,TRUE,TRUE,TRUE,TRUE,TRUE,NA,0,0.7093,0,-0.052373887240356076,CCS
spatial_spd,42570,Europe,Cold - Warm Summer,analysis=spatial_spd|dataset_id=42570|region=Europe|climatezone=Cold_Without_dry_season_Warm_Summer,human,0.1508,0.1508,-0.02869999999999999,0.1221,23.75,TRUE,-0.0574,0.5138,0.514,TRUE,TRUE,TRUE,TRUE,TRUE,TRUE,TRUE,FALSE,FALSE,TRUE,NA,0.1221,0.5138,0.2376411054885169,0.2375486381322957,CWS
spatial_spd,46611,North America,Cold - Cold Summer,analysis=spatial_spd|dataset_id=46611|region=North America|climatezone=Cold_Without_dry_season_Cold_Summer,human,0.2039,0.2039,-0.02210000000000001,0.1818,41.04,TRUE,-0.0443,0.4427,0.443,TRUE,TRUE,TRUE,TRUE,TRUE,TRUE,TRUE,FALSE,FALSE,TRUE,NA,0.1818,0.4427,0.41066184775242826,0.41038374717832954,CCS
spatial_spd,1763,North America,Cold - Warm Summer,analysis=spatial_spd|dataset_id=1763|region=North America|climatezone=Cold_Without_dry_season_Warm_Summer,human,0.1355,0.1355,-0.008000000000000007,0.1275,60.71,TRUE,-0.0159,0.21,0.21,TRUE,TRUE,TRUE,TRUE,TRUE,TRUE,TRUE,FALSE,FALSE,TRUE,NA,0.1275,0.21000000000000002,0.6071428571428571,0.6071428571428572,CWS
spatial_spd,19901,Europe,Cold - Warm Summer,analysis=spatial_spd|dataset_id=19901|region=Europe|climatezone=Cold_Without_dry_season_Warm_Summer,human,0.0021,0.0021,-0.016300000000000002,-0.0142,-40.57,TRUE,-0.0328,0.0349,0.035,TRUE,TRUE,TRUE,TRUE,TRUE,TRUE,TRUE,FALSE,TRUE,TRUE,NA,0,0.0491,0,-0.4057142857142857,CWS
spatial_spd,1980,North America,Cold - Warm Summer,analysis=spatial_spd|dataset_id=1980|region=North America|climatezone=Cold_Without_dry_season_Warm_Summer,human,-0.0613,-0.0613,0.1196,0.0583,15.1,TRUE,0.2392,0.3858,0.386,TRUE,TRUE,TRUE,TRUE,TRUE,TRUE,TRUE,TRUE,FALSE,TRUE,NA,0.0583,0.38580000000000003,0.15111456713322963,0.1510362694300518,CWS
spatial_spd,20001,North America,Temperate - Dry Summer,analysis=spatial_spd|dataset_id=20001|region=North America|climatezone=Temperate_Dry_Summer,human,9e-4,9e-4,0.022699999999999998,0.0236,6.94,TRUE,0.0455,0.3397,0.34,TRUE,TRUE,TRUE,TRUE,TRUE,TRUE,TRUE,FALSE,FALSE,TRUE,NA,0.0236,0.3396,0.06949352179034157,0.06941176470588234,TDS
spatial_spd,973,North America,Cold - Warm Summer,analysis=spatial_spd|dataset_id=973|region=North America|climatezone=Cold_Without_dry_season_Warm_Summer,human,0.0767,0.0767,0.15960000000000002,0.2363,37.51,TRUE,0.3191,0.6303,0.63,TRUE,TRUE,TRUE,TRUE,TRUE,TRUE,TRUE,FALSE,FALSE,TRUE,NA,0.2363,0.6303000000000001,0.3749008408694272,0.37507936507936507,CWS
spatial_spd,1658,North America,Cold - Warm Summer,analysis=spatial_spd|dataset_id=1658|region=North America|climatezone=Cold_Without_dry_season_Warm_Summer,human,-0.0253,-0.0253,0.0398,0.0145,7,TRUE,0.0796,0.2073,0.207,TRUE,TRUE,TRUE,TRUE,TRUE,TRUE,TRUE,TRUE,FALSE,TRUE,NA,0.0145,0.2073,0.06994693680656054,0.07004830917874397,CWS
spatial_spd,22367,Europe,Polar,analysis=spatial_spd|dataset_id=22367|region=Europe|climatezone=Polar,human,0.0066,0.0066,0.027299999999999998,0.0339,6.57,TRUE,0.0547,0.5157,0.516,TRUE,TRUE,TRUE,TRUE,TRUE,TRUE,TRUE,FALSE,FALSE,TRUE,NA,0.0339,0.5157,0.06573589296102385,0.06569767441860465,POL
spatial_spd,4545,Europe,Cold - Warm Summer,analysis=spatial_spd|dataset_id=4545|region=Europe|climatezone=Cold_Without_dry_season_Warm_Summer,human,-0.0159,-0.0159,0.008700000000000001,-0.0072,-1.81,TRUE,0.0174,0.3981,0.398,TRUE,TRUE,TRUE,TRUE,TRUE,TRUE,TRUE,TRUE,TRUE,TRUE,NA,0,0.4053,0,-0.018090452261306532,CWS
spatial_spd,15247,Latin America,Temperate - Dry Winter,analysis=spatial_spd|dataset_id=15247|region=Latin America|climatezone=Temperate_Dry_Winter,human,-0.0423,-0.0423,0.07730000000000001,0.035,12.54,TRUE,0.1547,0.279,0.279,TRUE,TRUE,TRUE,TRUE,TRUE,TRUE,TRUE,TRUE,FALSE,TRUE,NA,0.035,0.279,0.12544802867383512,0.12544802867383512,TDW
spatial_spd,15356,North America,Cold - Cold Summer,analysis=spatial_spd|dataset_id=15356|region=North America|climatezone=Cold_Without_dry_season_Cold_Summer,human,-0.0159,-0.0159,0.06760000000000001,0.0517,42.73,TRUE,0.1352,0.1214,0.121,TRUE,TRUE,TRUE,TRUE,TRUE,TRUE,TRUE,TRUE,FALSE,TRUE,NA,0.0517,0.12140000000000001,0.4258649093904448,0.4272727272727273,CCS
spatial_spd,14556,Europe,Temperate,analysis=spatial_spd|dataset_id=14556|region=Europe|climatezone=Temperate_Without_dry_season,human,0.2972,0.2972,0.05329999999999996,0.3505,83.25,TRUE,0.1066,0.4212,0.421,TRUE,TRUE,TRUE,TRUE,TRUE,TRUE,TRUE,FALSE,FALSE,TRUE,NA,0.3505,0.42119999999999996,0.8321462488129155,0.832541567695962,TMP
spatial_spd,48777,Europe,Temperate,analysis=spatial_spd|dataset_id=48777|region=Europe|climatezone=Temperate_Without_dry_season,human,0.0797,0.0797,-0.01879999999999999,0.0609,19.09,TRUE,-0.0376,0.3191,0.319,TRUE,TRUE,TRUE,TRUE,TRUE,TRUE,TRUE,FALSE,FALSE,TRUE,NA,0.0609,0.3191,0.19084926355374493,0.19090909090909092,TMP
spatial_spd,3054,North America,Arid,analysis=spatial_spd|dataset_id=3054|region=North America|climatezone=Arid,human,0.0409,0.0409,0.1298,0.1707,35.71,TRUE,0.2596,0.4782,0.478,TRUE,TRUE,TRUE,TRUE,TRUE,TRUE,TRUE,FALSE,FALSE,TRUE,NA,0.1707,0.47809999999999997,0.35703827651119013,0.35711297071129705,ARD
spatial_spd,776,North America,Cold - Warm Summer,analysis=spatial_spd|dataset_id=776|region=North America|climatezone=Cold_Without_dry_season_Warm_Summer,human,0.3225,0.3225,-0.015600000000000003,0.3069,71.71,TRUE,-0.0313,0.4281,0.428,TRUE,TRUE,TRUE,TRUE,TRUE,TRUE,TRUE,FALSE,FALSE,TRUE,NA,0.3069,0.42810000000000004,0.7168885774351786,0.7170560747663551,CWS
spatial_spd,1880,Latin America,Temperate,analysis=spatial_spd|dataset_id=1880|region=Latin America|climatezone=Temperate_Without_dry_season,human,0.0019,0.0019,-0.0146,-0.0127,-2.41,TRUE,-0.0292,0.5276,0.528,TRUE,TRUE,TRUE,TRUE,TRUE,TRUE,TRUE,FALSE,TRUE,TRUE,NA,0,0.5403,0,-0.024053030303030302,TMP
spatial_spd,4311,Europe,Temperate,analysis=spatial_spd|dataset_id=4311|region=Europe|climatezone=Temperate_Without_dry_season,human,0.0936,0.0936,0.013700000000000004,0.1073,22.64,TRUE,0.0275,0.4735,0.474,TRUE,TRUE,TRUE,TRUE,TRUE,TRUE,TRUE,FALSE,FALSE,TRUE,NA,0.1073,0.47350000000000003,0.226610348468849,0.22637130801687766,TMP
spatial_spd,48976,Europe,Temperate,analysis=spatial_spd|dataset_id=48976|region=Europe|climatezone=Temperate_Without_dry_season,human,0.1872,0.1872,-0.03620000000000001,0.151,26.08,TRUE,-0.0724,0.5785,0.579,TRUE,TRUE,TRUE,TRUE,TRUE,TRUE,TRUE,FALSE,FALSE,TRUE,NA,0.151,0.5785,0.2610198789974071,0.2607944732297064,TMP
spatial_spd,3482,North America,Cold - Warm Summer,analysis=spatial_spd|dataset_id=3482|region=North America|climatezone=Cold_Without_dry_season_Warm_Summer,human,0.0395,0.0395,0.12329999999999999,0.1628,23.8,TRUE,0.2466,0.6838,0.684,TRUE,TRUE,TRUE,TRUE,TRUE,TRUE,TRUE,FALSE,FALSE,TRUE,NA,0.1628,0.6838,0.23808131032465635,0.23801169590643273,CWS
spatial_spd,15185,North America,Cold - Cold Summer,analysis=spatial_spd|dataset_id=15185|region=North America|climatezone=Cold_Without_dry_season_Cold_Summer,human,0.004,0.004,0.0986,0.1026,17.84,TRUE,0.1972,0.5749,0.575,TRUE,TRUE,TRUE,TRUE,TRUE,TRUE,TRUE,FALSE,FALSE,TRUE,NA,0.1026,0.5749,0.1784658201426335,0.17843478260869566,CCS
spatial_spd,21580,Latin America,Tropical,analysis=spatial_spd|dataset_id=21580|region=Latin America|climatezone=Tropical,human,0.0465,0.0465,0.017,0.0635,22.84,TRUE,0.0339,0.278,0.278,TRUE,TRUE,TRUE,TRUE,TRUE,TRUE,TRUE,FALSE,FALSE,TRUE,NA,0.0635,0.278,0.22841726618705036,0.22841726618705036,TRO
spatial_spd,42681,Europe,Cold - Warm Summer,analysis=spatial_spd|dataset_id=42681|region=Europe|climatezone=Cold_Without_dry_season_Warm_Summer,human,0.0388,0.0388,-0.024900000000000002,0.0139,2.78,TRUE,-0.0498,0.4996,0.5,TRUE,TRUE,TRUE,TRUE,TRUE,TRUE,TRUE,FALSE,FALSE,TRUE,NA,0.0139,0.49960000000000004,0.02782225780624499,0.0278,CWS
spatial_spd,24319,Europe,Cold - Cold Summer,analysis=spatial_spd|dataset_id=24319|region=Europe|climatezone=Cold_Without_dry_season_Cold_Summer,human,-0.0041,-0.0041,-0.0116,-0.0157,-4.41,TRUE,-0.0232,0.3558,0.356,TRUE,TRUE,TRUE,TRUE,TRUE,TRUE,TRUE,TRUE,TRUE,TRUE,NA,0,0.3715,0,-0.044101123595505616,CCS
spatial_spd,15734,North America,Cold - Dry Summer,analysis=spatial_spd|dataset_id=15734|region=North America|climatezone=Cold_Dry_Summer,human,0.0333,0.0333,0.0963,0.1296,36.61,TRUE,0.1926,0.3537,0.354,TRUE,TRUE,TRUE,TRUE,TRUE,TRUE,TRUE,FALSE,FALSE,TRUE,NA,0.1296,0.3536,0.3665158371040724,0.36610169491525424,CDS
spatial_spd,691,North America,Cold - Cold Summer,analysis=spatial_spd|dataset_id=691|region=North America|climatezone=Cold_Without_dry_season_Cold_Summer,human,0.0093,0.0093,0.0923,0.1016,15.83,TRUE,0.1845,0.6417,0.642,TRUE,TRUE,TRUE,TRUE,TRUE,TRUE,TRUE,FALSE,FALSE,TRUE,NA,0.1016,0.6417,0.1583294374318217,0.15825545171339564,CCS
spatial_spd,860,North America,Cold - Warm Summer,analysis=spatial_spd|dataset_id=860|region=North America|climatezone=Cold_Without_dry_season_Warm_Summer,human,-0.0029,-0.0029,0.008,0.0051,2.36,TRUE,0.0161,0.2164,0.216,TRUE,TRUE,TRUE,TRUE,TRUE,TRUE,TRUE,TRUE,FALSE,TRUE,NA,0.0051,0.21639999999999998,0.023567467652495382,0.023611111111111114,CWS
spatial_spd,22745,Europe,Cold - Cold Summer,analysis=spatial_spd|dataset_id=22745|region=Europe|climatezone=Cold_Without_dry_season_Cold_Summer,human,0.0452,0.0452,0.0414,0.0866,47.85,TRUE,0.0828,0.1806,0.181,TRUE,TRUE,TRUE,TRUE,TRUE,TRUE,TRUE,FALSE,FALSE,TRUE,NA,0.0866,0.1807,0.47924737133370227,0.47845303867403316,CCS
spatial_spd,24321,Europe,Cold - Warm Summer,analysis=spatial_spd|dataset_id=24321|region=Europe|climatezone=Cold_Without_dry_season_Warm_Summer,human,0.1493,0.1493,-0.006199999999999983,0.1431,26.21,TRUE,-0.0123,0.5459,0.546,TRUE,TRUE,TRUE,TRUE,TRUE,TRUE,TRUE,FALSE,FALSE,TRUE,NA,0.1431,0.5459,0.2621359223300971,0.2620879120879121,CWS
spatial_spd,1604,North America,Polar,analysis=spatial_spd|dataset_id=1604|region=North America|climatezone=Polar,human,-0.0048,-0.0048,-0.0161,-0.0209,-5.4,TRUE,-0.0323,0.3872,0.387,TRUE,TRUE,TRUE,TRUE,TRUE,TRUE,TRUE,TRUE,TRUE,TRUE,NA,0,0.4081,0,-0.05400516795865633,POL
spatial_spd,45349,Europe,Cold - Cold Summer,analysis=spatial_spd|dataset_id=45349|region=Europe|climatezone=Cold_Without_dry_season_Cold_Summer,human,0.0882,0.0882,-0.018299999999999997,0.0699,20.09,TRUE,-0.0368,0.348,0.348,TRUE,TRUE,TRUE,TRUE,TRUE,TRUE,TRUE,FALSE,FALSE,TRUE,NA,0.0699,0.34800000000000003,0.20086206896551723,0.20086206896551725,CCS
spatial_spd,294,Latin America,Temperate,analysis=spatial_spd|dataset_id=294|region=Latin America|climatezone=Temperate_Without_dry_season,human,-0.0579,-0.0579,0.0707,0.0128,3.22,TRUE,0.1414,0.3976,0.398,TRUE,TRUE,TRUE,TRUE,TRUE,TRUE,TRUE,TRUE,FALSE,TRUE,NA,0.0128,0.39759999999999995,0.03219315895372234,0.032160804020100506,TMP
spatial_spd,21917,Latin America,Polar,analysis=spatial_spd|dataset_id=21917|region=Latin America|climatezone=Polar,human,-0.0905,-0.0905,0.059699999999999996,-0.0308,-22,TRUE,0.1195,0.1404,0.14,TRUE,TRUE,TRUE,TRUE,TRUE,TRUE,TRUE,TRUE,TRUE,TRUE,NA,0,0.1711,0,-0.21999999999999997,POL
spatial_spd,24042,Europe,Cold - Warm Summer,analysis=spatial_spd|dataset_id=24042|region=Europe|climatezone=Cold_Without_dry_season_Warm_Summer,human,-0.0426,-0.0426,0.036699999999999997,-0.0059,-12.29,TRUE,0.0733,0.0477,0.048,TRUE,TRUE,TRUE,TRUE,TRUE,TRUE,TRUE,TRUE,TRUE,TRUE,NA,0,0.0536,0,-0.12291666666666666,CWS
spatial_spd,48984,Europe,Cold - Warm Summer,analysis=spatial_spd|dataset_id=48984|region=Europe|climatezone=Cold_Without_dry_season_Warm_Summer,human,-0.0429,-0.0429,0.0184,-0.0245,-4.95,TRUE,0.0367,0.4949,0.495,TRUE,TRUE,TRUE,TRUE,TRUE,TRUE,TRUE,TRUE,TRUE,TRUE,NA,0,0.5194,0,-0.049494949494949494,CWS
spatial_spd,672,North America,Cold - Warm Summer,analysis=spatial_spd|dataset_id=672|region=North America|climatezone=Cold_Without_dry_season_Warm_Summer,human,-0.0185,-0.0185,0.2792,0.2607,38.17,TRUE,0.5585,0.6826,0.683,TRUE,TRUE,TRUE,TRUE,TRUE,TRUE,TRUE,TRUE,FALSE,TRUE,NA,0.2607,0.6826,0.3819220627014357,0.3816983894582723,CWS
spatial_spd,15732,North America,Cold - Warm Summer,analysis=spatial_spd|dataset_id=15732|region=North America|climatezone=Cold_Without_dry_season_Warm_Summer,human,-0.0113,-0.0113,0.0259,0.0146,6.7,TRUE,0.0518,0.2184,0.218,TRUE,TRUE,TRUE,TRUE,TRUE,TRUE,TRUE,TRUE,FALSE,TRUE,NA,0.0146,0.2183,0.0668804397617957,0.06697247706422019,CWS
spatial_spd,45713,Europe,Cold - Cold Summer,analysis=spatial_spd|dataset_id=45713|region=Europe|climatezone=Cold_Without_dry_season_Cold_Summer,human,0.1551,0.1551,0.031,0.1861,39.85,TRUE,0.0618,0.4674,0.467,TRUE,TRUE,TRUE,TRUE,TRUE,TRUE,TRUE,FALSE,FALSE,TRUE,NA,0.1861,0.46749999999999997,0.3980748663101604,0.3985010706638115,CCS
spatial_spd,1390,North America,Cold - Cold Summer,analysis=spatial_spd|dataset_id=1390|region=North America|climatezone=Cold_Without_dry_season_Cold_Summer,human,-0.0355,-0.0355,0.041999999999999996,0.0065,1.51,TRUE,0.084,0.4303,0.43,TRUE,TRUE,TRUE,TRUE,TRUE,TRUE,TRUE,TRUE,FALSE,TRUE,NA,0.0065,0.4303,0.015105740181268881,0.015116279069767442,CCS
spatial_spd,2671,North America,Cold - Cold Summer,analysis=spatial_spd|dataset_id=2671|region=North America|climatezone=Cold_Without_dry_season_Cold_Summer,human,-0.0295,-0.0295,0.09040000000000001,0.0609,22.47,TRUE,0.1809,0.2713,0.271,TRUE,TRUE,TRUE,TRUE,TRUE,TRUE,TRUE,TRUE,FALSE,TRUE,NA,0.0609,0.2713,0.2244747511979359,0.2247232472324723,CCS
spatial_spd,16075,North America,Cold - Dry Summer,analysis=spatial_spd|dataset_id=16075|region=North America|climatezone=Cold_Dry_Summer,human,7e-4,7e-4,-0.0045,-0.0038,-1.54,TRUE,-0.009,0.2468,0.247,TRUE,TRUE,TRUE,TRUE,TRUE,TRUE,TRUE,FALSE,TRUE,TRUE,NA,0,0.2506,0,-0.015384615384615385,CDS
spatial_spd,4367,Europe,Cold - Warm Summer,analysis=spatial_spd|dataset_id=4367|region=Europe|climatezone=Cold_Without_dry_season_Warm_Summer,human,-0.0031,-0.0031,8.999999999999998e-4,-0.0022,-1.17,TRUE,0.0018,0.1882,0.188,TRUE,TRUE,TRUE,TRUE,TRUE,TRUE,TRUE,TRUE,TRUE,TRUE,NA,0,0.1904,0,-0.01170212765957447,CWS
spatial_spd,19820,North America,Temperate - Dry Summer,analysis=spatial_spd|dataset_id=19820|region=North America|climatezone=Temperate_Dry_Summer,human,-0.0465,-0.0465,0.065,0.0185,7.09,TRUE,0.1298,0.2609,0.261,TRUE,TRUE,TRUE,TRUE,TRUE,TRUE,TRUE,TRUE,FALSE,TRUE,NA,0.0185,0.2609,0.07090839402069758,0.07088122605363983,TDS
spatial_spd,22894,Europe,Cold - Cold Summer,analysis=spatial_spd|dataset_id=22894|region=Europe|climatezone=Cold_Without_dry_season_Cold_Summer,human,0.0088,0.0088,-0.0061,0.0027,1.26,TRUE,-0.0121,0.2135,0.214,TRUE,TRUE,TRUE,TRUE,TRUE,TRUE,TRUE,FALSE,FALSE,TRUE,NA,0.0027,0.2135,0.012646370023419205,0.012616822429906542,CCS
spatial_spd,2645,North America,Cold - Hot Summer,analysis=spatial_spd|dataset_id=2645|region=North America|climatezone=Cold_Without_dry_season_Hot_Summer,human,0.035,0.035,0.12489999999999998,0.1599,41.11,TRUE,0.2497,0.389,0.389,TRUE,TRUE,TRUE,TRUE,TRUE,TRUE,TRUE,FALSE,FALSE,TRUE,NA,0.1599,0.389,0.4110539845758354,0.4110539845758354,CHS
spatial_spd,22890,Europe,Cold - Warm Summer,analysis=spatial_spd|dataset_id=22890|region=Europe|climatezone=Cold_Without_dry_season_Warm_Summer,human,0.0782,0.0782,-0.05410000000000001,0.0241,8.01,TRUE,-0.1082,0.3006,0.301,TRUE,TRUE,TRUE,TRUE,TRUE,TRUE,TRUE,FALSE,FALSE,TRUE,NA,0.0241,0.30060000000000003,0.0801729873586161,0.08006644518272425,CWS
spatial_spd,253,North America,Cold - Cold Summer,analysis=spatial_spd|dataset_id=253|region=North America|climatezone=Cold_Without_dry_season_Cold_Summer,human,-0.0282,-0.0282,0.0087,-0.0195,-5.96,TRUE,0.0176,0.3274,0.327,TRUE,TRUE,TRUE,TRUE,TRUE,TRUE,TRUE,TRUE,TRUE,TRUE,NA,0,0.3469,0,-0.059633027522935776,CCS
spatial_spd,2647,North America,Cold - Cold Summer,analysis=spatial_spd|dataset_id=2647|region=North America|climatezone=Cold_Without_dry_season_Cold_Summer,human,0.1288,0.1288,-0.0754,0.0534,12.99,TRUE,-0.1507,0.4109,0.411,TRUE,TRUE,TRUE,TRUE,TRUE,TRUE,TRUE,FALSE,FALSE,TRUE,NA,0.0534,0.4109,0.12995862740326114,0.1299270072992701,CCS
spatial_spd,13097,North America,Cold - Warm Summer,analysis=spatial_spd|dataset_id=13097|region=North America|climatezone=Cold_Without_dry_season_Warm_Summer,human,0.0368,0.0368,0.08910000000000001,0.1259,45.78,TRUE,0.1783,0.275,0.275,TRUE,TRUE,TRUE,TRUE,TRUE,TRUE,TRUE,FALSE,FALSE,TRUE,NA,0.1259,0.275,0.45781818181818185,0.45781818181818185,CWS
spatial_spd,15789,North America,Polar,analysis=spatial_spd|dataset_id=15789|region=North America|climatezone=Polar,human,-0.0112,-0.0112,0.075,0.0638,51.87,TRUE,0.15,0.123,0.123,TRUE,TRUE,TRUE,TRUE,TRUE,TRUE,TRUE,TRUE,FALSE,TRUE,NA,0.0638,0.12309999999999999,0.5182778229082047,0.5186991869918699,POL
spatial_spd,221,North America,Cold - Warm Summer,analysis=spatial_spd|dataset_id=221|region=North America|climatezone=Cold_Without_dry_season_Warm_Summer,human,-0.0405,-0.0405,0.22340000000000002,0.1829,49.57,TRUE,0.4469,0.36870000000000003,0.369,TRUE,TRUE,TRUE,TRUE,TRUE,TRUE,TRUE,TRUE,FALSE,TRUE,NA,0.1829,0.36860000000000004,0.4962018448182311,0.4956639566395664,CWS
spatial_spd,15132,Latin America,Temperate,analysis=spatial_spd|dataset_id=15132|region=Latin America|climatezone=Temperate_Without_dry_season,human,-0.0261,-0.0261,0.006600000000000002,-0.0195,-60.94,TRUE,0.0133,0.032,0.032,TRUE,TRUE,TRUE,TRUE,TRUE,TRUE,TRUE,TRUE,TRUE,TRUE,NA,0,0.0514,0,-0.609375,TMP
spatial_spd,1814,North America,Cold - Warm Summer,analysis=spatial_spd|dataset_id=1814|region=North America|climatezone=Cold_Without_dry_season_Warm_Summer,human,0.1043,0.1043,0.0844,0.1887,39.07,TRUE,0.1687,0.4825,0.483,TRUE,TRUE,TRUE,TRUE,TRUE,TRUE,TRUE,FALSE,FALSE,TRUE,NA,0.1887,0.48250000000000004,0.3910880829015544,0.3906832298136646,CWS
spatial_spd,22936,Europe,Cold - Warm Summer,analysis=spatial_spd|dataset_id=22936|region=Europe|climatezone=Cold_Without_dry_season_Warm_Summer,human,0.0345,0.0345,0.005999999999999998,0.0405,13.78,TRUE,0.0119,0.2944,0.294,TRUE,TRUE,TRUE,TRUE,TRUE,TRUE,TRUE,FALSE,FALSE,TRUE,NA,0.0405,0.2944,0.1375679347826087,0.13775510204081634,CWS
spatial_spd,3041,North America,Cold - Warm Summer,analysis=spatial_spd|dataset_id=3041|region=North America|climatezone=Cold_Without_dry_season_Warm_Summer,human,0.0696,0.0696,0.2113,0.2809,38.27,TRUE,0.4225,0.7341,0.734,TRUE,TRUE,TRUE,TRUE,TRUE,TRUE,TRUE,FALSE,FALSE,TRUE,NA,0.2809,0.7341,0.3826454161558371,0.38269754768392367,CWS
spatial_spd,24057,Europe,Polar,analysis=spatial_spd|dataset_id=24057|region=Europe|climatezone=Polar,human,0.07,0.07,-0.027300000000000005,0.0427,21.35,TRUE,-0.0546,0.1998,0.2,TRUE,TRUE,TRUE,TRUE,TRUE,TRUE,TRUE,FALSE,FALSE,TRUE,NA,0.0427,0.19979999999999998,0.21371371371371375,0.2135,POL
spatial_spd,1630,Oceania,Temperate,analysis=spatial_spd|dataset_id=1630|region=Oceania|climatezone=Temperate_Without_dry_season,human,0.1814,0.1814,-0.0067000000000000115,0.1747,64.46,TRUE,-0.0133,0.271,0.271,TRUE,TRUE,TRUE,TRUE,TRUE,TRUE,TRUE,FALSE,FALSE,TRUE,NA,0.1747,0.271,0.6446494464944649,0.6446494464944649,TMP
spatial_spd,2622,North America,Cold - Cold Summer,analysis=spatial_spd|dataset_id=2622|region=North America|climatezone=Cold_Without_dry_season_Cold_Summer,human,0.1388,0.1388,-0.0514,0.0874,30.35,TRUE,-0.1028,0.2878,0.288,TRUE,TRUE,TRUE,TRUE,TRUE,TRUE,TRUE,FALSE,FALSE,TRUE,NA,0.0874,0.2878,0.3036831132731063,0.30347222222222225,CCS
spatial_spd,40875,North America,Cold - Warm Summer,analysis=spatial_spd|dataset_id=40875|region=North America|climatezone=Cold_Without_dry_season_Warm_Summer,human,0.1499,0.1499,0.044499999999999984,0.1944,40.08,TRUE,0.0889,0.485,0.485,TRUE,TRUE,TRUE,TRUE,TRUE,TRUE,TRUE,FALSE,FALSE,TRUE,NA,0.1944,0.485,0.4008247422680412,0.4008247422680412,CWS
spatial_spd,2888,North America,Cold - Warm Summer,analysis=spatial_spd|dataset_id=2888|region=North America|climatezone=Cold_Without_dry_season_Warm_Summer,human,-9e-4,-9e-4,-0.0178,-0.0187,-3.93,TRUE,-0.0354,0.4758,0.476,TRUE,TRUE,TRUE,TRUE,TRUE,TRUE,TRUE,TRUE,TRUE,TRUE,NA,0,0.4944,0,-0.03928571428571429,CWS
spatial_spd,17400,North America,Polar,analysis=spatial_spd|dataset_id=17400|region=North America|climatezone=Polar,human,0.0081,0.0081,0.0592,0.0673,23.61,TRUE,0.1184,0.2847,0.285,TRUE,TRUE,TRUE,TRUE,TRUE,TRUE,TRUE,FALSE,FALSE,TRUE,NA,0.0673,0.2847,0.23638918159466105,0.236140350877193,POL
spatial_spd,24190,Europe,Cold - Cold Summer,analysis=spatial_spd|dataset_id=24190|region=Europe|climatezone=Cold_Without_dry_season_Cold_Summer,human,-0.0322,-0.0322,0.0267,-0.0055,-2.57,TRUE,0.0535,0.2144,0.214,TRUE,TRUE,TRUE,TRUE,TRUE,TRUE,TRUE,TRUE,TRUE,TRUE,NA,0,0.2198,0,-0.02570093457943925,CCS
spatial_spd,20034,Europe,Cold - Cold Summer,analysis=spatial_spd|dataset_id=20034|region=Europe|climatezone=Cold_Without_dry_season_Cold_Summer,human,-0.0457,-0.0457,0.059399999999999994,0.0137,10.62,TRUE,0.1188,0.1287,0.129,TRUE,TRUE,TRUE,TRUE,TRUE,TRUE,TRUE,TRUE,FALSE,TRUE,NA,0.0137,0.1287,0.10644910644910645,0.1062015503875969,CCS
spatial_spd,1030,North America,Cold - Cold Summer,analysis=spatial_spd|dataset_id=1030|region=North America|climatezone=Cold_Without_dry_season_Cold_Summer,human,-0.0163,-0.0163,0.0236,0.0073,3.12,TRUE,0.0472,0.234,0.234,TRUE,TRUE,TRUE,TRUE,TRUE,TRUE,TRUE,TRUE,FALSE,TRUE,NA,0.0073,0.2341,0.031183255019222554,0.031196581196581197,CCS
spatial_spd,1961,North America,Cold - Warm Summer,analysis=spatial_spd|dataset_id=1961|region=North America|climatezone=Cold_Without_dry_season_Warm_Summer,human,0.1263,0.1263,-0.01899999999999999,0.1073,29.48,TRUE,-0.0378,0.3644,0.364,TRUE,TRUE,TRUE,TRUE,TRUE,TRUE,TRUE,FALSE,FALSE,TRUE,NA,0.1073,0.3643,0.2945374691188581,0.2947802197802198,CWS
spatial_spd,41025,North America,Cold - Hot Summer,analysis=spatial_spd|dataset_id=41025|region=North America|climatezone=Cold_Without_dry_season_Hot_Summer,human,-0.0035,-0.0035,-0.0277,-0.0312,-29.43,TRUE,-0.0554,0.1061,0.106,TRUE,TRUE,TRUE,TRUE,TRUE,TRUE,TRUE,TRUE,TRUE,TRUE,NA,0,0.1373,0,-0.2943396226415094,CHS
spatial_spd,2644,North America,Cold - Dry Summer,analysis=spatial_spd|dataset_id=2644|region=North America|climatezone=Cold_Dry_Summer,human,-0.0643,-0.0643,0.0797,0.0154,6.16,TRUE,0.1593,0.2501,0.25,TRUE,TRUE,TRUE,TRUE,TRUE,TRUE,TRUE,TRUE,FALSE,TRUE,NA,0.0154,0.25020000000000003,0.061550759392486006,0.0616,CDS
spatial_spd,1897,North America,Cold - Hot Summer,analysis=spatial_spd|dataset_id=1897|region=North America|climatezone=Cold_Without_dry_season_Hot_Summer,human,-0.0617,-0.0617,0.0092,-0.0525,-18.17,TRUE,0.0185,0.2893,0.289,TRUE,TRUE,TRUE,TRUE,TRUE,TRUE,TRUE,TRUE,TRUE,TRUE,NA,0,0.3418,0,-0.18166089965397925,CHS
spatial_spd,2378,North America,Cold - Warm Summer,analysis=spatial_spd|dataset_id=2378|region=North America|climatezone=Cold_Without_dry_season_Warm_Summer,human,0.0636,0.0636,0.1065,0.1701,36.9,TRUE,0.2131,0.4608,0.461,TRUE,TRUE,TRUE,TRUE,TRUE,TRUE,TRUE,FALSE,FALSE,TRUE,NA,0.1701,0.4608,0.369140625,0.3689804772234273,CWS
spatial_spd,1650,North America,Cold - Cold Summer,analysis=spatial_spd|dataset_id=1650|region=North America|climatezone=Cold_Without_dry_season_Cold_Summer,human,0.0035,0.0035,0.056799999999999996,0.0603,13.4,TRUE,0.1138,0.4495,0.45,TRUE,TRUE,TRUE,TRUE,TRUE,TRUE,TRUE,FALSE,FALSE,TRUE,NA,0.0603,0.4495,0.13414905450500555,0.134,CCS
spatial_spd,15309,North America,Cold - Warm Summer,analysis=spatial_spd|dataset_id=15309|region=North America|climatezone=Cold_Without_dry_season_Warm_Summer,human,-0.0763,-0.0763,0.09820000000000001,0.0219,14.22,TRUE,0.1964,0.1541,0.154,TRUE,TRUE,TRUE,TRUE,TRUE,TRUE,TRUE,TRUE,FALSE,TRUE,NA,0.0219,0.15410000000000001,0.14211550940947434,0.1422077922077922,CWS
spatial_spd,355,Latin America,Polar,analysis=spatial_spd|dataset_id=355|region=Latin America|climatezone=Polar,human,-0.0198,-0.0198,0.0993,0.0795,37.32,TRUE,0.1988,0.2133,0.213,TRUE,TRUE,TRUE,TRUE,TRUE,TRUE,TRUE,TRUE,FALSE,TRUE,NA,0.0795,0.2133,0.3727144866385373,0.3732394366197183,POL
spatial_spd,2351,North America,Cold - Cold Summer,analysis=spatial_spd|dataset_id=2351|region=North America|climatezone=Cold_Without_dry_season_Cold_Summer,human,-0.0339,-0.0339,0.106,0.0721,14.74,TRUE,0.212,0.4892,0.489,TRUE,TRUE,TRUE,TRUE,TRUE,TRUE,TRUE,TRUE,FALSE,TRUE,NA,0.0721,0.4892,0.14738348323793948,0.1474437627811861,CCS
spatial_spd,46457,Europe,Cold - Cold Summer,analysis=spatial_spd|dataset_id=46457|region=Europe|climatezone=Cold_Without_dry_season_Cold_Summer,human,0.0021,0.0021,0.0174,0.0195,5.77,TRUE,0.0348,0.3381,0.338,TRUE,TRUE,TRUE,TRUE,TRUE,TRUE,TRUE,FALSE,FALSE,TRUE,NA,0.0195,0.3381,0.05767524401064773,0.05769230769230769,CCS
spatial_spd,1656,North America,Cold - Cold Summer,analysis=spatial_spd|dataset_id=1656|region=North America|climatezone=Cold_Without_dry_season_Cold_Summer,human,0.2748,0.2748,-0.03699999999999998,0.2378,64.27,TRUE,-0.0741,0.37,0.37,TRUE,TRUE,TRUE,TRUE,TRUE,TRUE,TRUE,FALSE,FALSE,TRUE,NA,0.2378,0.37,0.6427027027027027,0.6427027027027027,CCS
spatial_spd,3031,North America,Cold - Hot Summer,analysis=spatial_spd|dataset_id=3031|region=North America|climatezone=Cold_Without_dry_season_Hot_Summer,human,0.0448,0.0448,0.07239999999999999,0.1172,26.88,TRUE,0.1447,0.4357,0.436,TRUE,TRUE,TRUE,TRUE,TRUE,TRUE,TRUE,FALSE,FALSE,TRUE,NA,0.1172,0.4357,0.26899242598117973,0.26880733944954127,CHS
spatial_spd,41222,Europe,Temperate,analysis=spatial_spd|dataset_id=41222|region=Europe|climatezone=Temperate_Without_dry_season,human,0.0022,0.0022,0.0344,0.0366,12.84,TRUE,0.0688,0.2854,0.285,TRUE,TRUE,TRUE,TRUE,TRUE,TRUE,TRUE,FALSE,FALSE,TRUE,NA,0.0366,0.2853,0.12828601472134596,0.12842105263157896,TMP
spatial_spd,23008,Europe,Cold - Warm Summer,analysis=spatial_spd|dataset_id=23008|region=Europe|climatezone=Cold_Without_dry_season_Warm_Summer,human,-0.0316,-0.0316,0.012000000000000004,-0.0196,-6.9,TRUE,0.024,0.2837,0.284,TRUE,TRUE,TRUE,TRUE,TRUE,TRUE,TRUE,TRUE,TRUE,TRUE,NA,0,0.3033,0,-0.06901408450704226,CWS
spatial_spd,20306,North America,Arid,analysis=spatial_spd|dataset_id=20306|region=North America|climatezone=Arid,human,0.0944,0.0944,-0.007900000000000004,0.0865,104.22,TRUE,-0.0158,0.0827,0.083,TRUE,TRUE,TRUE,TRUE,TRUE,TRUE,TRUE,FALSE,TRUE,TRUE,NA,0.0865,0.0865,1,1.042168674698795,ARD
spatial_spd,543,North America,Cold - Cold Summer,analysis=spatial_spd|dataset_id=543|region=North America|climatezone=Cold_Without_dry_season_Cold_Summer,human,0.1556,0.1556,-0.012199999999999989,0.1434,52.53,TRUE,-0.0243,0.2733,0.273,TRUE,TRUE,TRUE,TRUE,TRUE,TRUE,TRUE,FALSE,FALSE,TRUE,NA,0.1434,0.2733,0.5246981339187706,0.5252747252747252,CCS
spatial_spd,4147,Europe,Temperate,analysis=spatial_spd|dataset_id=4147|region=Europe|climatezone=Temperate_Without_dry_season,human,0.0814,0.0814,-0.017100000000000004,0.0643,24.54,TRUE,-0.0342,0.2618,0.262,TRUE,TRUE,TRUE,TRUE,TRUE,TRUE,TRUE,FALSE,FALSE,TRUE,NA,0.0643,0.2619,0.24551355479190526,0.24541984732824426,TMP
spatial_spd,17406,North America,Cold - Warm Summer,analysis=spatial_spd|dataset_id=17406|region=North America|climatezone=Cold_Without_dry_season_Warm_Summer,human,0.0383,0.0383,0.10750000000000001,0.1458,37.29,TRUE,0.2148,0.3907,0.391,TRUE,TRUE,TRUE,TRUE,TRUE,TRUE,TRUE,FALSE,FALSE,TRUE,NA,0.1458,0.39080000000000004,0.37308085977482086,0.3728900255754476,CWS
spatial_spd,48935,Europe,Arid,analysis=spatial_spd|dataset_id=48935|region=Europe|climatezone=Arid,human,0.0309,0.0309,-0.038,-0.0071,-1.63,TRUE,-0.0759,0.436,0.436,TRUE,TRUE,TRUE,TRUE,TRUE,TRUE,TRUE,FALSE,TRUE,TRUE,NA,0,0.4431,0,-0.01628440366972477,ARD
spatial_spd,40861,North America,Cold - Hot Summer,analysis=spatial_spd|dataset_id=40861|region=North America|climatezone=Cold_Without_dry_season_Hot_Summer,human,-0.0182,-0.0182,0.0716,0.0534,24.95,TRUE,0.1431,0.2145,0.214,TRUE,TRUE,TRUE,TRUE,TRUE,TRUE,TRUE,TRUE,FALSE,TRUE,NA,0.0534,0.2145,0.24895104895104897,0.24953271028037385,CHS
spatial_spd,39474,North America,Cold - Warm Summer,analysis=spatial_spd|dataset_id=39474|region=North America|climatezone=Cold_Without_dry_season_Warm_Summer,human,0.4176,0.4176,-0.08270000000000005,0.3349,69.48,TRUE,-0.1654,0.482,0.482,TRUE,TRUE,TRUE,TRUE,TRUE,TRUE,TRUE,FALSE,FALSE,TRUE,NA,0.3349,0.482,0.6948132780082987,0.6948132780082987,CWS
spatial_spd,48361,North America,Cold - Dry Summer,analysis=spatial_spd|dataset_id=48361|region=North America|climatezone=Cold_Dry_Summer,human,-0.0077,-0.0077,-0.012599999999999998,-0.0203,-4.56,TRUE,-0.0252,0.4448,0.445,TRUE,TRUE,TRUE,TRUE,TRUE,TRUE,TRUE,TRUE,TRUE,TRUE,NA,0,0.4651,0,-0.04561797752808988,CDS
spatial_spd,25,North America,Cold - Cold Summer,analysis=spatial_spd|dataset_id=25|region=North America|climatezone=Cold_Without_dry_season_Cold_Summer,human,0.0422,0.0422,0.0552,0.0974,15.58,TRUE,0.1105,0.6248,0.625,TRUE,TRUE,TRUE,TRUE,TRUE,TRUE,TRUE,FALSE,FALSE,TRUE,NA,0.0974,0.6248,0.15588988476312418,0.15584,CCS
spatial_spd,1107,North America,Polar,analysis=spatial_spd|dataset_id=1107|region=North America|climatezone=Polar,human,-0.0348,-0.0348,-0.0182,-0.053,-14.97,TRUE,-0.0363,0.3535,0.354,TRUE,TRUE,TRUE,TRUE,TRUE,TRUE,TRUE,TRUE,TRUE,TRUE,NA,0,0.4065,0,-0.1497175141242938,POL
spatial_spd,14289,Europe,Temperate,analysis=spatial_spd|dataset_id=14289|region=Europe|climatezone=Temperate_Without_dry_season,human,0.1271,0.1271,0.01200000000000001,0.1391,73.99,TRUE,0.0241,0.1879,0.188,TRUE,TRUE,TRUE,TRUE,TRUE,TRUE,TRUE,FALSE,FALSE,TRUE,NA,0.1391,0.1879,0.7402873869079297,0.7398936170212767,TMP
spatial_spd,25767,Europe,Polar,analysis=spatial_spd|dataset_id=25767|region=Europe|climatezone=Polar,human,-0.0388,-0.0388,0.0698,0.031,24.22,TRUE,0.1396,0.1274,0.128,TRUE,TRUE,TRUE,TRUE,TRUE,TRUE,TRUE,TRUE,FALSE,TRUE,NA,0.031,0.1275,0.24313725490196078,0.2421875,POL
spatial_spd,15350,North America,Cold - Warm Summer,analysis=spatial_spd|dataset_id=15350|region=North America|climatezone=Cold_Without_dry_season_Warm_Summer,human,0.1651,0.1651,0.1625,0.3276,75.48,TRUE,0.3251,0.4342,0.434,TRUE,TRUE,TRUE,TRUE,TRUE,TRUE,TRUE,TRUE,FALSE,TRUE,NA,0.3276,0.4341,0.7546648237733241,0.7548387096774194,CWS
spatial_spd,16231,North America,Cold - Warm Summer,analysis=spatial_spd|dataset_id=16231|region=North America|climatezone=Cold_Without_dry_season_Warm_Summer,human,0.0121,0.0121,0.1357,0.1478,55.15,TRUE,0.2714,0.2676,0.268,TRUE,TRUE,TRUE,TRUE,TRUE,TRUE,TRUE,TRUE,FALSE,TRUE,NA,0.1478,0.2676,0.5523168908819133,0.5514925373134327,CWS
spatial_spd,2590,North America,Cold - Cold Summer,analysis=spatial_spd|dataset_id=2590|region=North America|climatezone=Cold_Without_dry_season_Cold_Summer,human,-0.1084,-0.1084,0.0904,-0.018,-100,TRUE,0.1807,0.0185,0.018,TRUE,TRUE,TRUE,TRUE,TRUE,TRUE,TRUE,TRUE,TRUE,TRUE,NA,0,0.0365,0,-1,CCS
spatial_spd,17381,North America,Cold - Cold Summer,analysis=spatial_spd|dataset_id=17381|region=North America|climatezone=Cold_Without_dry_season_Cold_Summer,human,-0.035,-0.035,0.019600000000000003,-0.0154,-2.94,TRUE,0.0391,0.5226,0.523,TRUE,TRUE,TRUE,TRUE,TRUE,TRUE,TRUE,TRUE,TRUE,TRUE,NA,0,0.538,0,-0.029445506692160613,CCS
spatial_spd,4397,Europe,Cold - Warm Summer,analysis=spatial_spd|dataset_id=4397|region=Europe|climatezone=Cold_Without_dry_season_Warm_Summer,human,0.024,0.024,0.0383,0.0623,34.23,TRUE,0.0764,0.1821,0.182,TRUE,TRUE,TRUE,TRUE,TRUE,TRUE,TRUE,FALSE,FALSE,TRUE,NA,0.0623,0.1821,0.3421197144426139,0.3423076923076923,CWS
spatial_spd,15292,North America,Cold - Warm Summer,analysis=spatial_spd|dataset_id=15292|region=North America|climatezone=Cold_Without_dry_season_Warm_Summer,human,0.0266,0.0266,0.11750000000000001,0.1441,25.06,TRUE,0.2351,0.575,0.575,TRUE,TRUE,TRUE,TRUE,TRUE,TRUE,TRUE,FALSE,FALSE,TRUE,NA,0.1441,0.575,0.2506086956521739,0.2506086956521739,CWS
spatial_spd,15306,Latin America,Polar,analysis=spatial_spd|dataset_id=15306|region=Latin America|climatezone=Polar,human,-0.0408,-0.0408,0.0616,0.0208,5.86,TRUE,0.1231,0.3552,0.355,TRUE,TRUE,TRUE,TRUE,TRUE,TRUE,TRUE,TRUE,FALSE,TRUE,NA,0.0208,0.35519999999999996,0.058558558558558564,0.05859154929577465,POL
spatial_spd,3500,North America,Temperate,analysis=spatial_spd|dataset_id=3500|region=North America|climatezone=Temperate_Without_dry_season,human,0.185,0.185,-0.0547,0.1303,40.47,TRUE,-0.1094,0.3216,0.322,TRUE,TRUE,TRUE,TRUE,TRUE,TRUE,TRUE,FALSE,FALSE,TRUE,NA,0.1303,0.3216,0.40516169154228854,0.4046583850931677,TMP
spatial_spd,4330,Europe,Cold - Warm Summer,analysis=spatial_spd|dataset_id=4330|region=Europe|climatezone=Cold_Without_dry_season_Warm_Summer,human,-0.0366,-0.0366,0.0173,-0.0193,-4.86,TRUE,0.0347,0.3971,0.397,TRUE,TRUE,TRUE,TRUE,TRUE,TRUE,TRUE,TRUE,TRUE,TRUE,NA,0,0.4164,0,-0.04861460957178841,CWS
spatial_spd,2476,North America,Cold - Cold Summer,analysis=spatial_spd|dataset_id=2476|region=North America|climatezone=Cold_Without_dry_season_Cold_Summer,human,-0.0632,-0.0632,0.022700000000000005,-0.0405,-48.8,TRUE,0.0456,0.083,0.083,TRUE,TRUE,TRUE,TRUE,TRUE,TRUE,TRUE,TRUE,TRUE,TRUE,NA,0,0.1235,0,-0.4879518072289157,CCS
spatial_spd,21700,Latin America,Temperate,analysis=spatial_spd|dataset_id=21700|region=Latin America|climatezone=Temperate_Without_dry_season,human,0.1625,0.1625,0.043399999999999994,0.2059,29.75,TRUE,0.0869,0.6919,0.692,TRUE,TRUE,TRUE,TRUE,TRUE,TRUE,TRUE,FALSE,FALSE,TRUE,NA,0.2059,0.6919,0.29758635640988584,0.2975433526011561,TMP
spatial_spd,2382,North America,Cold - Warm Summer,analysis=spatial_spd|dataset_id=2382|region=North America|climatezone=Cold_Without_dry_season_Warm_Summer,human,-0.0661,-0.0661,0.11710000000000001,0.051,17.71,TRUE,0.2341,0.288,0.288,TRUE,TRUE,TRUE,TRUE,TRUE,TRUE,TRUE,TRUE,FALSE,TRUE,NA,0.051,0.2881,0.17702186740715026,0.17708333333333334,CWS
spatial_spd,24593,Europe,Temperate,analysis=spatial_spd|dataset_id=24593|region=Europe|climatezone=Temperate_Without_dry_season,human,0.1737,0.1737,0.051199999999999996,0.2249,46.18,TRUE,0.1024,0.4867,0.487,TRUE,TRUE,TRUE,TRUE,TRUE,TRUE,TRUE,FALSE,FALSE,TRUE,NA,0.2249,0.48669999999999997,0.4620916375590713,0.46180698151950716,TMP
spatial_spd,2343,North America,Cold - Warm Summer,analysis=spatial_spd|dataset_id=2343|region=North America|climatezone=Cold_Without_dry_season_Warm_Summer,human,0.0055,0.0055,0.0813,0.0868,17.22,TRUE,0.1626,0.5037,0.504,TRUE,TRUE,TRUE,TRUE,TRUE,TRUE,TRUE,FALSE,FALSE,TRUE,NA,0.0868,0.5038,0.1722905915045653,0.17222222222222222,CWS
spatial_spd,4501,Europe,Cold - Cold Summer,analysis=spatial_spd|dataset_id=4501|region=Europe|climatezone=Cold_Without_dry_season_Cold_Summer,human,0.0727,0.0727,-0.050100000000000006,0.0226,8.16,TRUE,-0.1002,0.277,0.277,TRUE,TRUE,TRUE,TRUE,TRUE,TRUE,TRUE,FALSE,FALSE,TRUE,NA,0.0226,0.277,0.0815884476534296,0.0815884476534296,CCS
spatial_spd,41756,Europe,Cold - Cold Summer,analysis=spatial_spd|dataset_id=41756|region=Europe|climatezone=Cold_Without_dry_season_Cold_Summer,human,0.0385,0.0385,-0.0381,4e-4,0.12,TRUE,-0.0763,0.3389,0.339,TRUE,TRUE,TRUE,TRUE,TRUE,TRUE,TRUE,FALSE,FALSE,TRUE,NA,4e-4,0.33890000000000003,0.0011802891708468574,0.0011799410029498525,CCS
spatial_spd,22689,Europe,Cold - Warm Summer,analysis=spatial_spd|dataset_id=22689|region=Europe|climatezone=Cold_Without_dry_season_Warm_Summer,human,0.0618,0.0618,-0.0363,0.0255,12.94,TRUE,-0.0726,0.197,0.197,TRUE,TRUE,TRUE,TRUE,TRUE,TRUE,TRUE,FALSE,FALSE,TRUE,NA,0.0255,0.197,0.12944162436548223,0.12944162436548223,CWS
spatial_spd,15136,North America,Cold - Warm Summer,analysis=spatial_spd|dataset_id=15136|region=North America|climatezone=Cold_Without_dry_season_Warm_Summer,human,-0.0451,-0.0451,0.1105,0.0654,21.44,TRUE,0.2209,0.3052,0.305,TRUE,TRUE,TRUE,TRUE,TRUE,TRUE,TRUE,TRUE,FALSE,TRUE,NA,0.0654,0.3052,0.21428571428571427,0.21442622950819673,CWS
spatial_spd,20616,North America,Cold - Cold Summer,analysis=spatial_spd|dataset_id=20616|region=North America|climatezone=Cold_Without_dry_season_Cold_Summer,human,0.1835,0.1835,0.017100000000000004,0.2006,32.46,TRUE,0.0342,0.6185,0.618,TRUE,TRUE,TRUE,TRUE,TRUE,TRUE,TRUE,FALSE,FALSE,TRUE,NA,0.2006,0.6184000000000001,0.324385510996119,0.32459546925566346,CCS
spatial_spd,3926,Europe,Polar,analysis=spatial_spd|dataset_id=3926|region=Europe|climatezone=Polar,human,0.1404,0.1404,-0.0761,0.0643,15.31,TRUE,-0.1521,0.4206,0.42,TRUE,TRUE,TRUE,TRUE,TRUE,TRUE,TRUE,FALSE,FALSE,TRUE,NA,0.0643,0.4205,0.1529131985731272,0.1530952380952381,POL
spatial_spd,45379,Europe,Cold - Warm Summer,analysis=spatial_spd|dataset_id=45379|region=Europe|climatezone=Cold_Without_dry_season_Warm_Summer,human,0.1561,0.1561,0.032800000000000024,0.1889,38.32,TRUE,0.0656,0.4934,0.493,TRUE,TRUE,TRUE,TRUE,TRUE,TRUE,TRUE,FALSE,FALSE,TRUE,NA,0.1889,0.4934,0.3828536684231861,0.3831643002028398,CWS
spatial_spd,21770,North America,Temperate,analysis=spatial_spd|dataset_id=21770|region=North America|climatezone=Temperate_Without_dry_season,human,-0.0223,-0.0223,0.1328,0.1105,27.83,TRUE,0.2656,0.3973,0.397,TRUE,TRUE,TRUE,TRUE,TRUE,TRUE,TRUE,TRUE,FALSE,TRUE,NA,0.1105,0.3972,0.27819738167170194,0.2783375314861461,TMP
spatial_spd,25773,Europe,Cold - Warm Summer,analysis=spatial_spd|dataset_id=25773|region=Europe|climatezone=Cold_Without_dry_season_Warm_Summer,human,0.0022,0.0022,0.1266,0.1288,71.56,TRUE,0.2534,0.1802,0.18,TRUE,TRUE,TRUE,TRUE,TRUE,TRUE,TRUE,TRUE,FALSE,TRUE,NA,0.1288,0.18009999999999998,0.7151582454192116,0.7155555555555556,CWS
spatial_spd,4256,Europe,Temperate - Dry Summer,analysis=spatial_spd|dataset_id=4256|region=Europe|climatezone=Temperate_Dry_Summer,human,-0.0186,-0.0186,0.03949999999999999,0.0209,9.54,TRUE,0.079,0.2194,0.219,TRUE,TRUE,TRUE,TRUE,TRUE,TRUE,TRUE,TRUE,FALSE,TRUE,NA,0.0209,0.2194,0.09525979945305377,0.09543378995433789,TDS
spatial_spd,1782,North America,Cold - Hot Summer,analysis=spatial_spd|dataset_id=1782|region=North America|climatezone=Cold_Without_dry_season_Hot_Summer,human,0.4862,0.4862,-0.03560000000000002,0.4506,71.52,TRUE,-0.0712,0.6297,0.63,TRUE,TRUE,TRUE,TRUE,TRUE,TRUE,TRUE,FALSE,FALSE,TRUE,NA,0.4506,0.6297,0.7155788470700333,0.7152380952380952,CHS
spatial_spd,2620,North America,Arid,analysis=spatial_spd|dataset_id=2620|region=North America|climatezone=Arid,human,0.0774,0.0774,0.055300000000000016,0.1327,26.07,TRUE,0.1105,0.5094,0.509,TRUE,TRUE,TRUE,TRUE,TRUE,TRUE,TRUE,FALSE,FALSE,TRUE,NA,0.1327,0.5094,0.2605025520219867,0.2607072691552063,ARD
spatial_spd,4024,Europe,Cold - Cold Summer,analysis=spatial_spd|dataset_id=4024|region=Europe|climatezone=Cold_Without_dry_season_Cold_Summer,human,-0.0728,-0.0728,0.009099999999999997,-0.0637,-151.67,TRUE,0.018,0.0423,0.042,TRUE,TRUE,TRUE,TRUE,TRUE,TRUE,TRUE,TRUE,TRUE,TRUE,NA,0,0.1061,0,-1.5166666666666668,CCS
spatial_spd,489,North America,Cold - Hot Summer,analysis=spatial_spd|dataset_id=489|region=North America|climatezone=Cold_Without_dry_season_Hot_Summer,human,-0.0736,-0.0736,0.014600000000000002,-0.059,-27.57,TRUE,0.0293,0.2142,0.214,TRUE,TRUE,TRUE,TRUE,TRUE,TRUE,TRUE,TRUE,TRUE,TRUE,NA,0,0.2732,0,-0.2757009345794392,CHS
spatial_spd,24256,Europe,Cold - Warm Summer,analysis=spatial_spd|dataset_id=24256|region=Europe|climatezone=Cold_Without_dry_season_Warm_Summer,human,-0.0152,-0.0152,0.0675,0.0523,11.1,TRUE,0.1351,0.4707,0.471,TRUE,TRUE,TRUE,TRUE,TRUE,TRUE,TRUE,TRUE,FALSE,TRUE,NA,0.0523,0.4706,0.1111347216319592,0.11104033970276009,CWS
spatial_spd,1716,North America,Cold - Warm Summer,analysis=spatial_spd|dataset_id=1716|region=North America|climatezone=Cold_Without_dry_season_Warm_Summer,human,-0.0269,-0.0269,0.1109,0.084,21.88,TRUE,0.2218,0.384,0.384,TRUE,TRUE,TRUE,TRUE,TRUE,TRUE,TRUE,TRUE,FALSE,TRUE,NA,0.084,0.384,0.21875,0.21875,CWS
spatial_spd,26431,Europe,Cold - Warm Summer,analysis=spatial_spd|dataset_id=26431|region=Europe|climatezone=Cold_Without_dry_season_Warm_Summer,human,-0.0342,-0.0342,0.0469,0.0127,5.83,TRUE,0.0939,0.2185,0.218,TRUE,TRUE,TRUE,TRUE,TRUE,TRUE,TRUE,TRUE,FALSE,TRUE,NA,0.0127,0.2185,0.05812356979405034,0.05825688073394495,CWS
spatial_spd,17296,North America,Cold - Cold Summer,analysis=spatial_spd|dataset_id=17296|region=North America|climatezone=Cold_Without_dry_season_Cold_Summer,human,-0.004,-0.004,0.0051,0.0011,1.1,TRUE,0.0103,0.0996,0.1,TRUE,TRUE,TRUE,TRUE,TRUE,TRUE,TRUE,TRUE,FALSE,TRUE,NA,0.0011,0.09960000000000001,0.01104417670682731,0.011,CCS
spatial_spd,19266,North America,Polar,analysis=spatial_spd|dataset_id=19266|region=North America|climatezone=Polar,human,0.0347,0.0347,-0.0402,-0.0055,-1.88,TRUE,-0.0803,0.2923,0.292,TRUE,TRUE,TRUE,TRUE,TRUE,TRUE,TRUE,FALSE,TRUE,TRUE,NA,0,0.2977,0,-0.018835616438356163,POL
spatial_spd,15872,North America,Temperate,analysis=spatial_spd|dataset_id=15872|region=North America|climatezone=Temperate_Without_dry_season,human,0.0648,0.0648,0.0165,0.0813,21.74,TRUE,0.0331,0.3741,0.374,TRUE,TRUE,TRUE,TRUE,TRUE,TRUE,TRUE,FALSE,FALSE,TRUE,NA,0.0813,0.374,0.21737967914438502,0.21737967914438502,TMP
spatial_spd,537,Latin America,Polar,analysis=spatial_spd|dataset_id=537|region=Latin America|climatezone=Polar,human,0.082,0.082,0.14700000000000002,0.229,35.56,TRUE,0.2941,0.644,0.644,TRUE,TRUE,TRUE,TRUE,TRUE,TRUE,TRUE,FALSE,FALSE,TRUE,NA,0.229,0.644,0.3555900621118012,0.3555900621118012,POL
spatial_spd,47011,Latin America,Temperate,analysis=spatial_spd|dataset_id=47011|region=Latin America|climatezone=Temperate_Without_dry_season,human,0.1635,0.1635,0.02779999999999999,0.1913,41.68,TRUE,0.0557,0.4594,0.459,TRUE,TRUE,TRUE,TRUE,TRUE,TRUE,TRUE,FALSE,FALSE,TRUE,NA,0.1913,0.45940000000000003,0.4164127122333478,0.4167755991285403,TMP
spatial_spd,14951,North America,Cold - Dry Summer,analysis=spatial_spd|dataset_id=14951|region=North America|climatezone=Cold_Dry_Summer,human,-0.0036,-0.0036,0.018,0.0144,2.87,TRUE,0.036,0.5006,0.501,TRUE,TRUE,TRUE,TRUE,TRUE,TRUE,TRUE,TRUE,FALSE,TRUE,NA,0.0144,0.5007,0.028759736369083282,0.02874251497005988,CDS
spatial_spd,15420,North America,Polar,analysis=spatial_spd|dataset_id=15420|region=North America|climatezone=Polar,human,0.1367,0.1367,0.0869,0.2236,51.52,TRUE,0.1739,0.4345,0.434,TRUE,TRUE,TRUE,TRUE,TRUE,TRUE,TRUE,FALSE,FALSE,TRUE,NA,0.2236,0.4345,0.514614499424626,0.5152073732718894,POL
spatial_spd,3138,North America,Cold - Warm Summer,analysis=spatial_spd|dataset_id=3138|region=North America|climatezone=Cold_Without_dry_season_Warm_Summer,human,0.0213,0.0213,0.0673,0.0886,15.07,TRUE,0.1345,0.5879,0.588,TRUE,TRUE,TRUE,TRUE,TRUE,TRUE,TRUE,FALSE,FALSE,TRUE,NA,0.0886,0.588,0.15068027210884355,0.15068027210884355,CWS
spatial_spd,1691,North America,Cold - Cold Summer,analysis=spatial_spd|dataset_id=1691|region=North America|climatezone=Cold_Without_dry_season_Cold_Summer,human,0.0039,0.0039,0.0776,0.0815,14.53,TRUE,0.1551,0.5608,0.561,TRUE,TRUE,TRUE,TRUE,TRUE,TRUE,TRUE,FALSE,FALSE,TRUE,NA,0.0815,0.5608,0.14532810271041371,0.14527629233511585,CCS
spatial_spd,22660,Europe,Cold - Cold Summer,analysis=spatial_spd|dataset_id=22660|region=Europe|climatezone=Cold_Without_dry_season_Cold_Summer,human,0.0639,0.0639,0.0446,0.1085,29.56,TRUE,0.0892,0.3671,0.367,TRUE,TRUE,TRUE,TRUE,TRUE,TRUE,TRUE,FALSE,FALSE,TRUE,NA,0.1085,0.3671,0.29555979297194224,0.2956403269754768,CCS
spatial_spd,4148,Europe,Temperate,analysis=spatial_spd|dataset_id=4148|region=Europe|climatezone=Temperate_Without_dry_season,human,0.032,0.032,-0.0315,5e-4,0.1,TRUE,-0.063,0.5143,0.514,TRUE,TRUE,TRUE,TRUE,TRUE,TRUE,TRUE,FALSE,FALSE,TRUE,NA,5e-4,0.5143,9.721952167995334e-4,9.727626459143969e-4,TMP
spatial_spd,206,North America,Polar,analysis=spatial_spd|dataset_id=206|region=North America|climatezone=Polar,human,-0.0015,-0.0015,0.0238,0.0223,14.11,TRUE,0.0475,0.1576,0.158,TRUE,TRUE,TRUE,TRUE,TRUE,TRUE,TRUE,TRUE,FALSE,TRUE,NA,0.0223,0.15760000000000002,0.141497461928934,0.14113924050632912,POL
spatial_spd,1105,North America,Cold - Warm Summer,analysis=spatial_spd|dataset_id=1105|region=North America|climatezone=Cold_Without_dry_season_Warm_Summer,human,0.0409,0.0409,0.1844,0.2253,36.16,TRUE,0.3688,0.6224,0.623,TRUE,TRUE,TRUE,TRUE,TRUE,TRUE,TRUE,FALSE,FALSE,TRUE,NA,0.2253,0.6225,0.36192771084337344,0.361637239165329,CWS
spatial_spd,1524,North America,Cold - Warm Summer,analysis=spatial_spd|dataset_id=1524|region=North America|climatezone=Cold_Without_dry_season_Warm_Summer,human,0.0611,0.0611,0.17770000000000002,0.2388,36.8,TRUE,0.3554,0.6491,0.649,TRUE,TRUE,TRUE,TRUE,TRUE,TRUE,TRUE,FALSE,FALSE,TRUE,NA,0.2388,0.6491,0.3678940070867355,0.3679506933744222,CWS
spatial_spd,2652,North America,Polar,analysis=spatial_spd|dataset_id=2652|region=North America|climatezone=Polar,human,0.0016,0.0016,-0.0032,-0.0016,-0.46,TRUE,-0.0065,0.3471,0.347,TRUE,TRUE,TRUE,TRUE,TRUE,TRUE,TRUE,FALSE,TRUE,TRUE,NA,0,0.3487,0,-0.004610951008645533,POL
spatial_spd,47590,Europe,Temperate - Dry Summer,analysis=spatial_spd|dataset_id=47590|region=Europe|climatezone=Temperate_Dry_Summer,human,0.083,0.083,0.006099999999999994,0.0891,19.67,TRUE,0.0121,0.4532,0.453,TRUE,TRUE,TRUE,TRUE,TRUE,TRUE,TRUE,FALSE,FALSE,TRUE,NA,0.0891,0.4532,0.1966019417475728,0.1966887417218543,TDS
spatial_spd,48072,Europe,Cold - Warm Summer,analysis=spatial_spd|dataset_id=48072|region=Europe|climatezone=Cold_Without_dry_season_Warm_Summer,human,0.0224,0.0224,-0.0094,0.013,7.93,TRUE,-0.0189,0.1638,0.164,TRUE,TRUE,TRUE,TRUE,TRUE,TRUE,TRUE,FALSE,FALSE,TRUE,NA,0.013,0.1638,0.07936507936507936,0.07926829268292682,CWS
spatial_spd,20872,North America,Cold - Cold Summer,analysis=spatial_spd|dataset_id=20872|region=North America|climatezone=Cold_Without_dry_season_Cold_Summer,human,0.0358,0.0358,0.0628,0.0986,22.88,TRUE,0.1257,0.4306,0.431,TRUE,TRUE,TRUE,TRUE,TRUE,TRUE,TRUE,FALSE,FALSE,TRUE,NA,0.0986,0.4306,0.2289828146771946,0.22877030162412992,CCS
spatial_spd,209,North America,Cold - Cold Summer,analysis=spatial_spd|dataset_id=209|region=North America|climatezone=Cold_Without_dry_season_Cold_Summer,human,-0.026,-0.026,0.1035,0.0775,17,TRUE,0.2071,0.4556,0.456,TRUE,TRUE,TRUE,TRUE,TRUE,TRUE,TRUE,TRUE,FALSE,TRUE,NA,0.0775,0.4556,0.17010535557506584,0.1699561403508772,CCS
spatial_spd,2065,North America,Cold - Warm Summer,analysis=spatial_spd|dataset_id=2065|region=North America|climatezone=Cold_Without_dry_season_Warm_Summer,human,0.1023,0.1023,0.0456,0.1479,42.87,TRUE,0.0913,0.3452,0.345,TRUE,TRUE,TRUE,TRUE,TRUE,TRUE,TRUE,FALSE,FALSE,TRUE,NA,0.1479,0.3452,0.42844727694090384,0.4286956521739131,CWS
spatial_spd,25318,Europe,Temperate,analysis=spatial_spd|dataset_id=25318|region=Europe|climatezone=Temperate_Without_dry_season,human,-0.0116,-0.0116,0.0036999999999999984,-0.0079,-2.49,TRUE,0.0073,0.3167,0.317,TRUE,TRUE,TRUE,TRUE,TRUE,TRUE,TRUE,TRUE,TRUE,TRUE,NA,0,0.3246,0,-0.0249211356466877,TMP
spatial_spd,4485,Europe,Cold - Warm Summer,analysis=spatial_spd|dataset_id=4485|region=Europe|climatezone=Cold_Without_dry_season_Warm_Summer,human,-0.044,-0.044,0.0812,0.0372,48.95,TRUE,0.1624,0.0763,0.076,TRUE,TRUE,TRUE,TRUE,TRUE,TRUE,TRUE,TRUE,FALSE,TRUE,NA,0.0372,0.0763,0.48754914809960676,0.4894736842105263,CWS
spatial_spd,969,North America,Temperate,analysis=spatial_spd|dataset_id=969|region=North America|climatezone=Temperate_Without_dry_season,human,-0.0508,-0.0508,0.1278,0.077,23.12,TRUE,0.2556,0.3328,0.333,TRUE,TRUE,TRUE,TRUE,TRUE,TRUE,TRUE,TRUE,FALSE,TRUE,NA,0.077,0.3327,0.23143973549744515,0.2312312312312312,TMP
spatial_spd,20372,North America,Cold - Dry Summer,analysis=spatial_spd|dataset_id=20372|region=North America|climatezone=Cold_Dry_Summer,human,-0.0639,-0.0639,0.1352,0.0713,19.06,TRUE,0.2704,0.3742,0.374,TRUE,TRUE,TRUE,TRUE,TRUE,TRUE,TRUE,TRUE,FALSE,TRUE,NA,0.0713,0.3742,0.19053981827899522,0.19064171122994653,CDS
spatial_spd,41543,Europe,Temperate - Dry Summer,analysis=spatial_spd|dataset_id=41543|region=Europe|climatezone=Temperate_Dry_Summer,human,0.1142,0.1142,-0.0291,0.0851,39.04,TRUE,-0.0583,0.2179,0.218,TRUE,TRUE,TRUE,TRUE,TRUE,TRUE,TRUE,FALSE,FALSE,TRUE,NA,0.0851,0.21789999999999998,0.390546122074346,0.3903669724770642,TDS
spatial_spd,41469,Europe,Cold - Warm Summer,analysis=spatial_spd|dataset_id=41469|region=Europe|climatezone=Cold_Without_dry_season_Warm_Summer,human,-0.0347,-0.0347,0.069,0.0343,15.88,TRUE,0.138,0.21560000000000001,0.216,TRUE,TRUE,TRUE,TRUE,TRUE,TRUE,TRUE,TRUE,FALSE,TRUE,NA,0.0343,0.21559999999999999,0.1590909090909091,0.1587962962962963,CWS
spatial_spd,1773,North America,Cold - Warm Summer,analysis=spatial_spd|dataset_id=1773|region=North America|climatezone=Cold_Without_dry_season_Warm_Summer,human,0.1215,0.1215,0.05249999999999999,0.174,53.54,TRUE,0.105,0.325,0.325,TRUE,TRUE,TRUE,TRUE,TRUE,TRUE,TRUE,FALSE,FALSE,TRUE,NA,0.174,0.3251,0.5352199323285143,0.5353846153846153,CWS
spatial_spd,254,North America,Cold - Warm Summer,analysis=spatial_spd|dataset_id=254|region=North America|climatezone=Cold_Without_dry_season_Warm_Summer,human,0.1826,0.1826,0.12759999999999996,0.3102,59.65,TRUE,0.2553,0.5203,0.52,TRUE,TRUE,TRUE,TRUE,TRUE,TRUE,TRUE,FALSE,FALSE,TRUE,NA,0.3102,0.5203,0.5961945031712473,0.5965384615384615,CWS
spatial_spd,1693,North America,Cold - Cold Summer,analysis=spatial_spd|dataset_id=1693|region=North America|climatezone=Cold_Without_dry_season_Cold_Summer,human,-0.024,-0.024,0.0161,-0.0079,-2.47,TRUE,0.0322,0.3196,0.32,TRUE,TRUE,TRUE,TRUE,TRUE,TRUE,TRUE,TRUE,TRUE,TRUE,NA,0,0.3275,0,-0.0246875,CCS
spatial_spd,45188,Europe,Temperate - Dry Summer,analysis=spatial_spd|dataset_id=45188|region=Europe|climatezone=Temperate_Dry_Summer,human,0.0016,0.0016,0.009999999999999998,0.0116,77.33,TRUE,0.0201,0.0149,0.015,TRUE,TRUE,TRUE,TRUE,TRUE,TRUE,TRUE,TRUE,FALSE,TRUE,NA,0.0116,0.0149,0.7785234899328859,0.7733333333333333,TDS
spatial_spd,1981,North America,Cold - Warm Summer,analysis=spatial_spd|dataset_id=1981|region=North America|climatezone=Cold_Without_dry_season_Warm_Summer,human,0.1462,0.1462,0.05030000000000001,0.1965,99.75,TRUE,0.1005,0.1968,0.197,TRUE,TRUE,TRUE,TRUE,TRUE,TRUE,TRUE,TRUE,FALSE,TRUE,NA,0.1965,0.1968,0.9984756097560976,0.9974619289340102,CWS
spatial_spd,4279,Europe,Temperate,analysis=spatial_spd|dataset_id=4279|region=Europe|climatezone=Temperate_Without_dry_season,human,0.0905,0.0905,0.05299999999999999,0.1435,34.58,TRUE,0.106,0.4151,0.415,TRUE,TRUE,TRUE,TRUE,TRUE,TRUE,TRUE,FALSE,FALSE,TRUE,NA,0.1435,0.41500000000000004,0.34578313253012044,0.3457831325301205,TMP
spatial_spd,22759,Europe,Cold - Warm Summer,analysis=spatial_spd|dataset_id=22759|region=Europe|climatezone=Cold_Without_dry_season_Warm_Summer,human,-0.011,-0.011,0.0723,0.0613,64.53,TRUE,0.1447,0.0954,0.095,TRUE,TRUE,TRUE,TRUE,TRUE,TRUE,TRUE,TRUE,FALSE,TRUE,NA,0.0613,0.0954,0.6425576519916143,0.6452631578947369,CWS
spatial_spd,2882,North America,Cold - Cold Summer,analysis=spatial_spd|dataset_id=2882|region=North America|climatezone=Cold_Without_dry_season_Cold_Summer,human,-0.0202,-0.0202,0.027999999999999997,0.0078,1.17,TRUE,0.0559,0.6646,0.665,TRUE,TRUE,TRUE,TRUE,TRUE,TRUE,TRUE,TRUE,FALSE,TRUE,NA,0.0078,0.6646000000000001,0.011736382786638577,0.011729323308270676,CCS
spatial_spd,1577,Europe,Temperate,analysis=spatial_spd|dataset_id=1577|region=Europe|climatezone=Temperate_Without_dry_season,human,0.1578,0.1578,0.009300000000000003,0.1671,35.03,TRUE,0.0186,0.4766,0.477,TRUE,TRUE,TRUE,TRUE,TRUE,TRUE,TRUE,FALSE,FALSE,TRUE,NA,0.1671,0.4766,0.35060847671002937,0.35031446540880506,TMP
spatial_spd,20515,North America,Cold - Hot Summer,analysis=spatial_spd|dataset_id=20515|region=North America|climatezone=Cold_Without_dry_season_Hot_Summer,human,-0.0119,-0.0119,0.143,0.1311,32.94,TRUE,0.2859,0.398,0.398,TRUE,TRUE,TRUE,TRUE,TRUE,TRUE,TRUE,TRUE,FALSE,TRUE,NA,0.1311,0.398,0.3293969849246231,0.3293969849246231,CHS
spatial_spd,2265,North America,Cold - Warm Summer,analysis=spatial_spd|dataset_id=2265|region=North America|climatezone=Cold_Without_dry_season_Warm_Summer,human,0.0558,0.0558,0.08009999999999999,0.1359,21.33,TRUE,0.1603,0.6373,0.637,TRUE,TRUE,TRUE,TRUE,TRUE,TRUE,TRUE,FALSE,FALSE,TRUE,NA,0.1359,0.6372,0.2132768361581921,0.21334379905808476,CWS
spatial_spd,2925,North America,Polar,analysis=spatial_spd|dataset_id=2925|region=North America|climatezone=Polar,human,0.0227,0.0227,0.013799999999999996,0.0365,10.52,TRUE,0.0275,0.3473,0.347,TRUE,TRUE,TRUE,TRUE,TRUE,TRUE,TRUE,FALSE,FALSE,TRUE,NA,0.0365,0.3473,0.1050964583933199,0.10518731988472622,POL
spatial_spd,17334,Europe,Temperate,analysis=spatial_spd|dataset_id=17334|region=Europe|climatezone=Temperate_Without_dry_season,human,0.2701,0.2701,0.04730000000000001,0.3174,58.24,TRUE,0.0946,0.545,0.545,TRUE,TRUE,TRUE,TRUE,TRUE,TRUE,TRUE,FALSE,FALSE,TRUE,NA,0.3174,0.5449,0.5824922004037438,0.5823853211009175,TMP
spatial_spd,47005,Europe,Temperate,analysis=spatial_spd|dataset_id=47005|region=Europe|climatezone=Temperate_Without_dry_season,human,0.2543,0.2543,0.05479999999999996,0.3091,58.99,TRUE,0.1095,0.5242,0.524,TRUE,TRUE,TRUE,TRUE,TRUE,TRUE,TRUE,FALSE,FALSE,TRUE,NA,0.3091,0.5242,0.589660434948493,0.5898854961832061,TMP
spatial_spd,40799,North America,Cold - Warm Summer,analysis=spatial_spd|dataset_id=40799|region=North America|climatezone=Cold_Without_dry_season_Warm_Summer,human,-0.0707,-0.0707,0.0492,-0.0215,-16.41,TRUE,0.0983,0.131,0.131,TRUE,TRUE,TRUE,TRUE,TRUE,TRUE,TRUE,TRUE,TRUE,TRUE,NA,0,0.1525,0,-0.16412213740458012,CWS
spatial_spd,41585,North America,Polar,analysis=spatial_spd|dataset_id=41585|region=North America|climatezone=Polar,human,0.111,0.111,0.0339,0.1449,50.31,TRUE,0.068,0.2883,0.288,TRUE,TRUE,TRUE,TRUE,TRUE,TRUE,TRUE,FALSE,FALSE,TRUE,NA,0.1449,0.2883,0.5026014568158168,0.503125,POL
spatial_spd,15302,North America,Cold - Hot Summer,analysis=spatial_spd|dataset_id=15302|region=North America|climatezone=Cold_Without_dry_season_Hot_Summer,human,-0.0101,-0.0101,0.0596,0.0495,14.47,TRUE,0.1192,0.3416,0.342,TRUE,TRUE,TRUE,TRUE,TRUE,TRUE,TRUE,TRUE,FALSE,TRUE,NA,0.0495,0.3416,0.1449063231850117,0.14473684210526316,CHS
spatial_spd,40854,North America,Cold - Hot Summer,analysis=spatial_spd|dataset_id=40854|region=North America|climatezone=Cold_Without_dry_season_Hot_Summer,human,0.0611,0.0611,0.05009999999999999,0.1112,101.09,TRUE,0.1001,0.1099,0.11,TRUE,TRUE,TRUE,TRUE,TRUE,TRUE,TRUE,TRUE,TRUE,TRUE,NA,0.1112,0.1112,1,1.0109090909090908,CHS
spatial_spd,2615,North America,Cold - Warm Summer,analysis=spatial_spd|dataset_id=2615|region=North America|climatezone=Cold_Without_dry_season_Warm_Summer,human,0.0144,0.0144,0.1051,0.1195,36.54,TRUE,0.2102,0.3266,0.327,TRUE,TRUE,TRUE,TRUE,TRUE,TRUE,TRUE,FALSE,FALSE,TRUE,NA,0.1195,0.3266,0.3658909981628904,0.36544342507645255,CWS
spatial_spd,14884,North America,Cold - Cold Summer,analysis=spatial_spd|dataset_id=14884|region=North America|climatezone=Cold_Without_dry_season_Cold_Summer,human,-0.0232,-0.0232,-0.0039000000000000007,-0.0271,-8.83,TRUE,-0.0079,0.3073,0.307,TRUE,TRUE,TRUE,TRUE,TRUE,TRUE,TRUE,TRUE,TRUE,TRUE,NA,0,0.3345,0,-0.08827361563517915,CCS
spatial_spd,856,North America,Cold - Cold Summer,analysis=spatial_spd|dataset_id=856|region=North America|climatezone=Cold_Without_dry_season_Cold_Summer,human,-0.0716,-0.0716,0.0619,-0.0097,-6.69,TRUE,0.1239,0.1452,0.145,TRUE,TRUE,TRUE,TRUE,TRUE,TRUE,TRUE,TRUE,TRUE,TRUE,NA,0,0.1549,0,-0.06689655172413794,CCS
spatial_spd,12,Europe,Cold - Warm Summer,analysis=spatial_spd|dataset_id=12|region=Europe|climatezone=Cold_Without_dry_season_Warm_Summer,human,0.2607,0.2607,-0.10039999999999999,0.1603,32.85,TRUE,-0.2008,0.4877,0.488,TRUE,TRUE,TRUE,TRUE,TRUE,TRUE,TRUE,FALSE,FALSE,TRUE,NA,0.1603,0.4877,0.328685667418495,0.3284836065573771,CWS
spatial_spd,1820,North America,Cold - Warm Summer,analysis=spatial_spd|dataset_id=1820|region=North America|climatezone=Cold_Without_dry_season_Warm_Summer,human,0.0028,0.0028,0.1801,0.1829,27.97,TRUE,0.3601,0.6537,0.654,TRUE,TRUE,TRUE,TRUE,TRUE,TRUE,TRUE,FALSE,FALSE,TRUE,NA,0.1829,0.6536,0.27983476132190943,0.2796636085626911,CWS
spatial_spd,15929,North America,Cold - Warm Summer,analysis=spatial_spd|dataset_id=15929|region=North America|climatezone=Cold_Without_dry_season_Warm_Summer,human,-0.0085,-0.0085,0.2354,0.2269,31.17,TRUE,0.4708,0.7278,0.728,TRUE,TRUE,TRUE,TRUE,TRUE,TRUE,TRUE,TRUE,FALSE,TRUE,NA,0.2269,0.7278,0.3117614729321242,0.3116758241758242,CWS
spatial_spd,41842,Europe,Polar,analysis=spatial_spd|dataset_id=41842|region=Europe|climatezone=Polar,human,0.0537,0.0537,0.011400000000000007,0.0651,23.09,TRUE,0.0229,0.2817,0.282,TRUE,TRUE,TRUE,TRUE,TRUE,TRUE,TRUE,FALSE,FALSE,TRUE,NA,0.0651,0.2816,0.23117897727272727,0.23085106382978726,POL
spatial_spd,45387,Europe,Cold - Warm Summer,analysis=spatial_spd|dataset_id=45387|region=Europe|climatezone=Cold_Without_dry_season_Warm_Summer,human,0.2998,0.2998,-0.07730000000000001,0.2225,35.09,TRUE,-0.1547,0.6342,0.634,TRUE,TRUE,TRUE,TRUE,TRUE,TRUE,TRUE,FALSE,FALSE,TRUE,NA,0.2225,0.6342,0.35083569851781776,0.3509463722397476,CWS
spatial_spd,15142,North America,Cold - Hot Summer,analysis=spatial_spd|dataset_id=15142|region=North America|climatezone=Cold_Without_dry_season_Hot_Summer,human,-0.0063,-0.0063,0.126,0.1197,30.77,TRUE,0.2522,0.3892,0.389,TRUE,TRUE,TRUE,TRUE,TRUE,TRUE,TRUE,TRUE,FALSE,TRUE,NA,0.1197,0.3892,0.3075539568345324,0.3077120822622108,CHS
spatial_spd,852,North America,Temperate,analysis=spatial_spd|dataset_id=852|region=North America|climatezone=Temperate_Without_dry_season,human,0.0157,0.0157,0.020000000000000004,0.0357,32.75,TRUE,0.0401,0.1093,0.109,TRUE,TRUE,TRUE,TRUE,TRUE,TRUE,TRUE,FALSE,FALSE,TRUE,NA,0.0357,0.10930000000000001,0.3266239707227813,0.32752293577981656,TMP
spatial_spd,4269,Europe,Cold - Warm Summer,analysis=spatial_spd|dataset_id=4269|region=Europe|climatezone=Cold_Without_dry_season_Warm_Summer,human,0.0644,0.0644,-0.0485,0.0159,3.52,TRUE,-0.0969,0.4524,0.452,TRUE,TRUE,TRUE,TRUE,TRUE,TRUE,TRUE,FALSE,FALSE,TRUE,NA,0.0159,0.4524,0.035145888594164454,0.035176991150442476,CWS
spatial_spd,25370,Europe,Temperate,analysis=spatial_spd|dataset_id=25370|region=Europe|climatezone=Temperate_Without_dry_season,human,0.2587,0.2587,0.018900000000000028,0.2776,45.29,TRUE,0.0378,0.6135,0.613,TRUE,TRUE,TRUE,TRUE,TRUE,TRUE,TRUE,FALSE,FALSE,TRUE,NA,0.2776,0.6134,0.4525595044016955,0.45285481239804243,TMP
spatial_spd,25221,Europe,Temperate,analysis=spatial_spd|dataset_id=25221|region=Europe|climatezone=Temperate_Without_dry_season,human,0.1872,0.1872,-0.021600000000000008,0.1656,73.93,TRUE,-0.0433,0.2239,0.224,TRUE,TRUE,TRUE,TRUE,TRUE,TRUE,TRUE,FALSE,FALSE,TRUE,NA,0.1656,0.2239,0.7396158999553373,0.7392857142857142,TMP
spatial_spd,41018,North America,Temperate,analysis=spatial_spd|dataset_id=41018|region=North America|climatezone=Temperate_Without_dry_season,human,-0.0186,-0.0186,0.0654,0.0468,12.41,TRUE,0.1307,0.3769,0.377,TRUE,TRUE,TRUE,TRUE,TRUE,TRUE,TRUE,TRUE,FALSE,TRUE,NA,0.0468,0.377,0.12413793103448276,0.12413793103448276,TMP
spatial_spd,21774,North America,Temperate,analysis=spatial_spd|dataset_id=21774|region=North America|climatezone=Temperate_Without_dry_season,human,0.227,0.227,-0.1037,0.1233,28.48,TRUE,-0.2074,0.4328,0.433,TRUE,TRUE,TRUE,TRUE,TRUE,TRUE,TRUE,FALSE,FALSE,TRUE,NA,0.1233,0.4328,0.28488909426987064,0.2847575057736721,TMP
spatial_spd,4012,Europe,Temperate,analysis=spatial_spd|dataset_id=4012|region=Europe|climatezone=Temperate_Without_dry_season,human,-0.0316,-0.0316,0.030400000000000003,-0.0012,-0.27,TRUE,0.0609,0.4367,0.437,TRUE,TRUE,TRUE,TRUE,TRUE,TRUE,TRUE,TRUE,TRUE,TRUE,NA,0,0.4379,0,-0.002745995423340961,TMP
spatial_spd,41241,Europe,Temperate,analysis=spatial_spd|dataset_id=41241|region=Europe|climatezone=Temperate_Without_dry_season,human,-0.0291,-0.0291,0.08130000000000001,0.0522,38.96,TRUE,0.1626,0.1344,0.134,TRUE,TRUE,TRUE,TRUE,TRUE,TRUE,TRUE,TRUE,FALSE,TRUE,NA,0.0522,0.1344,0.3883928571428572,0.3895522388059702,TMP
spatial_spd,41499,North America,Cold - Dry Summer,analysis=spatial_spd|dataset_id=41499|region=North America|climatezone=Cold_Dry_Summer,human,0.0117,0.0117,0.0054,0.0171,4.56,TRUE,0.0107,0.3752,0.375,TRUE,TRUE,TRUE,TRUE,TRUE,TRUE,TRUE,FALSE,FALSE,TRUE,NA,0.0171,0.3752,0.04557569296375267,0.0456,CDS
spatial_spd,47564,Latin America,Tropical,analysis=spatial_spd|dataset_id=47564|region=Latin America|climatezone=Tropical,human,0.003,0.003,0.09319999999999999,0.0962,25.86,TRUE,0.1864,0.3725,0.372,TRUE,TRUE,TRUE,TRUE,TRUE,TRUE,TRUE,FALSE,FALSE,TRUE,NA,0.0962,0.3724,0.25832438238453276,0.2586021505376344,TRO
spatial_spd,778,North America,Cold - Cold Summer,analysis=spatial_spd|dataset_id=778|region=North America|climatezone=Cold_Without_dry_season_Cold_Summer,human,-0.0282,-0.0282,0.0828,0.0546,20.45,TRUE,0.1657,0.2668,0.267,TRUE,TRUE,TRUE,TRUE,TRUE,TRUE,TRUE,TRUE,FALSE,TRUE,NA,0.0546,0.2668,0.20464767616191906,0.20449438202247192,CCS
spatial_spd,4320,Europe,Cold - Warm Summer,analysis=spatial_spd|dataset_id=4320|region=Europe|climatezone=Cold_Without_dry_season_Warm_Summer,human,0.0629,0.0629,0.0548,0.1177,19.65,TRUE,0.1094,0.5988,0.599,TRUE,TRUE,TRUE,TRUE,TRUE,TRUE,TRUE,FALSE,FALSE,TRUE,NA,0.1177,0.5988,0.19655978623914497,0.1964941569282137,CWS
spatial_spd,1843,Asia,Cold - Warm Summer,analysis=spatial_spd|dataset_id=1843|region=Asia|climatezone=Cold_Without_dry_season_Warm_Summer,human,0.1351,0.1351,-0.0586,0.0765,15.74,TRUE,-0.1174,0.4864,0.486,TRUE,TRUE,TRUE,TRUE,TRUE,TRUE,TRUE,FALSE,FALSE,TRUE,NA,0.0765,0.4864,0.1572779605263158,0.1574074074074074,CWS
spatial_spd,42566,Europe,Cold - Warm Summer,analysis=spatial_spd|dataset_id=42566|region=Europe|climatezone=Cold_Without_dry_season_Warm_Summer,human,0.48,0.48,-0.2027,0.2773,47.56,TRUE,-0.4054,0.5827,0.583,TRUE,TRUE,TRUE,TRUE,TRUE,TRUE,TRUE,FALSE,FALSE,TRUE,NA,0.2773,0.5827,0.4758881070876952,0.4756432246998285,CWS
spatial_spd,21938,Latin America,Polar,analysis=spatial_spd|dataset_id=21938|region=Latin America|climatezone=Polar,human,-0.0072,-0.0072,0.0645,0.0573,13.2,TRUE,0.1289,0.4342,0.434,TRUE,TRUE,TRUE,TRUE,TRUE,TRUE,TRUE,TRUE,FALSE,TRUE,NA,0.0573,0.43420000000000003,0.13196683555964991,0.13202764976958525,POL
spatial_spd,2342,North America,Cold - Warm Summer,analysis=spatial_spd|dataset_id=2342|region=North America|climatezone=Cold_Without_dry_season_Warm_Summer,human,-0.0166,-0.0166,0.0783,0.0617,16.37,TRUE,0.1566,0.377,0.377,TRUE,TRUE,TRUE,TRUE,TRUE,TRUE,TRUE,TRUE,FALSE,TRUE,NA,0.0617,0.377,0.1636604774535809,0.1636604774535809,CWS
spatial_spd,3871,Europe,Temperate,analysis=spatial_spd|dataset_id=3871|region=Europe|climatezone=Temperate_Without_dry_season,human,-0.0172,-0.0172,0.038900000000000004,0.0217,43.4,TRUE,0.0778,0.0496,0.05,TRUE,TRUE,TRUE,TRUE,TRUE,TRUE,TRUE,TRUE,FALSE,TRUE,NA,0.0217,0.049600000000000005,0.43749999999999994,0.434,TMP
spatial_spd,41228,Europe,Temperate,analysis=spatial_spd|dataset_id=41228|region=Europe|climatezone=Temperate_Without_dry_season,human,-0.0434,-0.0434,0.049100000000000005,0.0057,1.67,TRUE,0.0981,0.3414,0.341,TRUE,TRUE,TRUE,TRUE,TRUE,TRUE,TRUE,TRUE,FALSE,TRUE,NA,0.0057,0.3414,0.016695957820738138,0.016715542521994135,TMP
spatial_spd,24441,Europe,Cold - Warm Summer,analysis=spatial_spd|dataset_id=24441|region=Europe|climatezone=Cold_Without_dry_season_Warm_Summer,human,-0.0371,-0.0371,0.012,-0.0251,-5.74,TRUE,0.024,0.437,0.437,TRUE,TRUE,TRUE,TRUE,TRUE,TRUE,TRUE,TRUE,TRUE,TRUE,NA,0,0.4621,0,-0.0574370709382151,CWS
spatial_spd,40795,North America,Cold - Warm Summer,analysis=spatial_spd|dataset_id=40795|region=North America|climatezone=Cold_Without_dry_season_Warm_Summer,human,0.0112,0.0112,0.1244,0.1356,33.07,TRUE,0.2488,0.4098,0.41,TRUE,TRUE,TRUE,TRUE,TRUE,TRUE,TRUE,FALSE,FALSE,TRUE,NA,0.1356,0.4097,0.3309738833292653,0.3307317073170732,CWS
spatial_spd,21915,Latin America,Tropical,analysis=spatial_spd|dataset_id=21915|region=Latin America|climatezone=Tropical,human,0.119,0.119,0.015100000000000002,0.1341,21.88,TRUE,0.0301,0.6127,0.613,TRUE,TRUE,TRUE,TRUE,TRUE,TRUE,TRUE,FALSE,FALSE,TRUE,NA,0.1341,0.6127,0.21886730863391543,0.21876019575856442,TRO
spatial_spd,14523,Europe,Temperate,analysis=spatial_spd|dataset_id=14523|region=Europe|climatezone=Temperate_Without_dry_season,human,0.0504,0.0504,0.1,0.1504,34.34,TRUE,0.2001,0.4377,0.438,TRUE,TRUE,TRUE,TRUE,TRUE,TRUE,TRUE,FALSE,FALSE,TRUE,NA,0.1504,0.4377,0.34361434772675353,0.34337899543378997,TMP
spatial_spd,25344,Europe,Temperate,analysis=spatial_spd|dataset_id=25344|region=Europe|climatezone=Temperate_Without_dry_season,human,0.1428,0.1428,-0.021000000000000005,0.1218,42.15,TRUE,-0.042,0.2886,0.289,TRUE,TRUE,TRUE,TRUE,TRUE,TRUE,TRUE,FALSE,FALSE,TRUE,NA,0.1218,0.2886,0.422037422037422,0.4214532871972319,TMP
spatial_spd,41502,Europe,Temperate,analysis=spatial_spd|dataset_id=41502|region=Europe|climatezone=Temperate_Without_dry_season,human,0.0012,0.0012,0.0455,0.0467,17.96,TRUE,0.0909,0.2605,0.26,TRUE,TRUE,TRUE,TRUE,TRUE,TRUE,TRUE,FALSE,FALSE,TRUE,NA,0.0467,0.2605,0.17927063339731283,0.1796153846153846,TMP
spatial_spd,772,North America,Cold - Warm Summer,analysis=spatial_spd|dataset_id=772|region=North America|climatezone=Cold_Without_dry_season_Warm_Summer,human,0.0153,0.0153,-0.001599999999999999,0.0137,6.06,TRUE,-0.0031,0.2263,0.226,TRUE,TRUE,TRUE,TRUE,TRUE,TRUE,TRUE,FALSE,FALSE,TRUE,NA,0.0137,0.22619999999999998,0.060565870910698504,0.060619469026548675,CWS
spatial_spd,46645,North America,Cold - Cold Summer,analysis=spatial_spd|dataset_id=46645|region=North America|climatezone=Cold_Without_dry_season_Cold_Summer,human,-0.0199,-0.0199,0.0708,0.0509,33.49,TRUE,0.1416,0.1526,0.152,TRUE,TRUE,TRUE,TRUE,TRUE,TRUE,TRUE,TRUE,FALSE,TRUE,NA,0.0509,0.1525,0.3337704918032787,0.3348684210526316,CCS
spatial_spd,3452,North America,Cold - Warm Summer,analysis=spatial_spd|dataset_id=3452|region=North America|climatezone=Cold_Without_dry_season_Warm_Summer,human,0.277,0.277,-0.058500000000000024,0.2185,89.92,TRUE,-0.1171,0.2434,0.243,TRUE,TRUE,TRUE,TRUE,TRUE,TRUE,TRUE,FALSE,FALSE,TRUE,NA,0.2185,0.2434,0.8976992604765818,0.8991769547325104,CWS
spatial_spd,3910,Europe,Temperate,analysis=spatial_spd|dataset_id=3910|region=Europe|climatezone=Temperate_Without_dry_season,human,-5e-4,-5e-4,0.0268,0.0263,3.77,TRUE,0.0535,0.6978,0.698,TRUE,TRUE,TRUE,TRUE,TRUE,TRUE,TRUE,TRUE,FALSE,TRUE,NA,0.0263,0.6979,0.037684482017481015,0.03767908309455588,TMP
spatial_spd,48735,Europe,Cold - Cold Summer,analysis=spatial_spd|dataset_id=48735|region=Europe|climatezone=Cold_Without_dry_season_Cold_Summer,human,0.0897,0.0897,-0.031,0.0587,13.94,TRUE,-0.0619,0.4213,0.421,TRUE,TRUE,TRUE,TRUE,TRUE,TRUE,TRUE,FALSE,FALSE,TRUE,NA,0.0587,0.4213,0.13933064324709232,0.13942992874109264,CCS
spatial_spd,48614,Latin America,Temperate,analysis=spatial_spd|dataset_id=48614|region=Latin America|climatezone=Temperate_Without_dry_season,human,-0.0424,-0.0424,0.0138,-0.0286,-17.02,TRUE,0.0275,0.1679,0.168,TRUE,TRUE,TRUE,TRUE,TRUE,TRUE,TRUE,TRUE,TRUE,TRUE,NA,0,0.1965,0,-0.17023809523809522,TMP
spatial_spd,22352,Europe,Cold - Warm Summer,analysis=spatial_spd|dataset_id=22352|region=Europe|climatezone=Cold_Without_dry_season_Warm_Summer,human,-0.081,-0.081,0.0121,-0.0689,-29.7,TRUE,0.0242,0.232,0.232,TRUE,TRUE,TRUE,TRUE,TRUE,TRUE,TRUE,TRUE,TRUE,TRUE,NA,0,0.3009,0,-0.2969827586206897,CWS
spatial_spd,15876,North America,Arid,analysis=spatial_spd|dataset_id=15876|region=North America|climatezone=Arid,human,-0.0476,-0.0476,0.026700000000000005,-0.0209,-5.57,TRUE,0.0532,0.3751,0.375,TRUE,TRUE,TRUE,TRUE,TRUE,TRUE,TRUE,TRUE,TRUE,TRUE,NA,0,0.3961,0,-0.05573333333333333,ARD
spatial_spd,45710,Europe,Cold - Cold Summer,analysis=spatial_spd|dataset_id=45710|region=Europe|climatezone=Cold_Without_dry_season_Cold_Summer,human,0.1679,0.1679,0.10170000000000001,0.2696,44.56,TRUE,0.2034,0.6045,0.605,TRUE,TRUE,TRUE,TRUE,TRUE,TRUE,TRUE,FALSE,FALSE,TRUE,NA,0.2696,0.6045,0.44598842018196855,0.44561983471074385,CCS
spatial_spd,17945,North America,Cold - Warm Summer,analysis=spatial_spd|dataset_id=17945|region=North America|climatezone=Cold_Without_dry_season_Warm_Summer,human,0.0619,0.0619,0.023900000000000005,0.0858,16.96,TRUE,0.0478,0.506,0.506,TRUE,TRUE,TRUE,TRUE,TRUE,TRUE,TRUE,FALSE,FALSE,TRUE,NA,0.0858,0.506,0.16956521739130434,0.16956521739130434,CWS
spatial_spd,3875,Europe,Cold - Warm Summer,analysis=spatial_spd|dataset_id=3875|region=Europe|climatezone=Cold_Without_dry_season_Warm_Summer,human,-0,-0,0.103,0.103,10.3,TRUE,0.2059,1,1,TRUE,TRUE,TRUE,TRUE,TRUE,TRUE,TRUE,FALSE,FALSE,TRUE,NA,0.103,1,0.103,0.103,CWS
spatial_spd,15719,North America,Polar,analysis=spatial_spd|dataset_id=15719|region=North America|climatezone=Polar,human,-0.0419,-0.0419,0.0231,-0.0188,-4.95,TRUE,0.0462,0.3805,0.38,TRUE,TRUE,TRUE,TRUE,TRUE,TRUE,TRUE,TRUE,TRUE,TRUE,NA,0,0.3993,0,-0.049473684210526316,POL
spatial_spd,2955,North America,Polar,analysis=spatial_spd|dataset_id=2955|region=North America|climatezone=Polar,human,0.1364,0.1364,-0.028399999999999995,0.108,24.32,TRUE,-0.0568,0.4435,0.444,TRUE,TRUE,TRUE,TRUE,TRUE,TRUE,TRUE,FALSE,FALSE,TRUE,NA,0.108,0.4435,0.24351747463359638,0.24324324324324323,POL
spatial_spd,22910,Europe,Cold - Warm Summer,analysis=spatial_spd|dataset_id=22910|region=Europe|climatezone=Cold_Without_dry_season_Warm_Summer,human,0.3936,0.3936,-0.07380000000000003,0.3198,104.85,TRUE,-0.1475,0.3049,0.305,TRUE,TRUE,TRUE,TRUE,TRUE,TRUE,TRUE,FALSE,TRUE,TRUE,NA,0.3198,0.3198,1,1.0485245901639344,CWS
spatial_spd,16061,North America,Cold - Dry Summer,analysis=spatial_spd|dataset_id=16061|region=North America|climatezone=Cold_Dry_Summer,human,-0.0271,-0.0271,0.0144,-0.0127,-3.94,TRUE,0.0287,0.3222,0.322,TRUE,TRUE,TRUE,TRUE,TRUE,TRUE,TRUE,TRUE,TRUE,TRUE,NA,0,0.3349,0,-0.03944099378881987,CDS
spatial_spd,549,North America,Cold - Cold Summer,analysis=spatial_spd|dataset_id=549|region=North America|climatezone=Cold_Without_dry_season_Cold_Summer,human,-0.0016,-0.0016,0.0259,0.0243,5.05,TRUE,0.0519,0.4815,0.481,TRUE,TRUE,TRUE,TRUE,TRUE,TRUE,TRUE,TRUE,FALSE,TRUE,NA,0.0243,0.4814,0.050477773161611963,0.050519750519750516,CCS
spatial_spd,45719,Europe,Cold - Warm Summer,analysis=spatial_spd|dataset_id=45719|region=Europe|climatezone=Cold_Without_dry_season_Warm_Summer,human,0.1115,0.1115,0.04179999999999999,0.1533,26.94,TRUE,0.0835,0.5687,0.569,TRUE,TRUE,TRUE,TRUE,TRUE,TRUE,TRUE,FALSE,FALSE,TRUE,NA,0.1533,0.5687,0.26956215931070865,0.2694200351493849,CWS
spatial_spd,2610,North America,Cold - Warm Summer,analysis=spatial_spd|dataset_id=2610|region=North America|climatezone=Cold_Without_dry_season_Warm_Summer,human,0.1548,0.1548,0.0653,0.2201,51.55,TRUE,0.1306,0.4271,0.427,TRUE,TRUE,TRUE,TRUE,TRUE,TRUE,TRUE,FALSE,FALSE,TRUE,NA,0.2201,0.4271,0.5153359868883165,0.5154566744730679,CWS
spatial_spd,20838,North America,Cold - Cold Summer,analysis=spatial_spd|dataset_id=20838|region=North America|climatezone=Cold_Without_dry_season_Cold_Summer,human,-0.0281,-0.0281,0.0217,-0.0064,-3.09,TRUE,0.0434,0.2071,0.207,TRUE,TRUE,TRUE,TRUE,TRUE,TRUE,TRUE,TRUE,TRUE,TRUE,NA,0,0.2136,0,-0.03091787439613527,CCS
spatial_spd,24390,Europe,Temperate - Dry Summer,analysis=spatial_spd|dataset_id=24390|region=Europe|climatezone=Temperate_Dry_Summer,human,-0.0052,-0.0052,0.0168,0.0116,2.34,TRUE,0.0335,0.4951,0.495,TRUE,TRUE,TRUE,TRUE,TRUE,TRUE,TRUE,TRUE,FALSE,TRUE,NA,0.0116,0.4951,0.023429610179761664,0.023434343434343433,TDS
spatial_spd,21319,North America,Cold - Cold Summer,analysis=spatial_spd|dataset_id=21319|region=North America|climatezone=Cold_Without_dry_season_Cold_Summer,human,0.0196,0.0196,0.0421,0.0617,9.49,TRUE,0.0843,0.6496,0.65,TRUE,TRUE,TRUE,TRUE,TRUE,TRUE,TRUE,FALSE,FALSE,TRUE,NA,0.0617,0.6496,0.09498152709359606,0.09492307692307692,CCS
spatial_spd,15740,North America,Cold - Warm Summer,analysis=spatial_spd|dataset_id=15740|region=North America|climatezone=Cold_Without_dry_season_Warm_Summer,human,0.0338,0.0338,0.08990000000000001,0.1237,50.7,TRUE,0.1798,0.244,0.244,TRUE,TRUE,TRUE,TRUE,TRUE,TRUE,TRUE,FALSE,FALSE,TRUE,NA,0.1237,0.244,0.5069672131147541,0.5069672131147541,CWS
spatial_spd,16275,North America,Cold - Cold Summer,analysis=spatial_spd|dataset_id=16275|region=North America|climatezone=Cold_Without_dry_season_Cold_Summer,human,0.0068,0.0068,0.0529,0.0597,11.89,TRUE,0.1056,0.5016,0.502,TRUE,TRUE,TRUE,TRUE,TRUE,TRUE,TRUE,FALSE,FALSE,TRUE,NA,0.0597,0.5016,0.11901913875598086,0.11892430278884462,CCS
spatial_spd,2303,North America,Polar,analysis=spatial_spd|dataset_id=2303|region=North America|climatezone=Polar,human,0.0378,0.0378,0.0169,0.0547,17.37,TRUE,0.0338,0.3151,0.315,TRUE,TRUE,TRUE,TRUE,TRUE,TRUE,TRUE,FALSE,FALSE,TRUE,NA,0.0547,0.31510000000000005,0.17359568390986985,0.17365079365079364,POL
spatial_spd,1574,North America,Cold - Hot Summer,analysis=spatial_spd|dataset_id=1574|region=North America|climatezone=Cold_Without_dry_season_Hot_Summer,human,0.0627,0.0627,0.023099999999999996,0.0858,34.88,TRUE,0.0461,0.2461,0.246,TRUE,TRUE,TRUE,TRUE,TRUE,TRUE,TRUE,FALSE,FALSE,TRUE,NA,0.0858,0.24609999999999999,0.34863876472978467,0.3487804878048781,CHS
spatial_spd,2962,North America,Cold - Cold Summer,analysis=spatial_spd|dataset_id=2962|region=North America|climatezone=Cold_Without_dry_season_Cold_Summer,human,-0.0097,-0.0097,0.0711,0.0614,9.86,TRUE,0.1422,0.6228,0.623,TRUE,TRUE,TRUE,TRUE,TRUE,TRUE,TRUE,TRUE,FALSE,TRUE,NA,0.0614,0.6228,0.09858702633269108,0.0985553772070626,CCS
spatial_spd,1780,North America,Cold - Cold Summer,analysis=spatial_spd|dataset_id=1780|region=North America|climatezone=Cold_Without_dry_season_Cold_Summer,human,0.0105,0.0105,0.1464,0.1569,35.58,TRUE,0.2928,0.4407,0.441,TRUE,TRUE,TRUE,TRUE,TRUE,TRUE,TRUE,FALSE,FALSE,TRUE,NA,0.1569,0.4407,0.35602450646698436,0.3557823129251701,CCS
spatial_spd,22797,Europe,Cold - Cold Summer,analysis=spatial_spd|dataset_id=22797|region=Europe|climatezone=Cold_Without_dry_season_Cold_Summer,human,0.0703,0.0703,0.017600000000000005,0.0879,19.53,TRUE,0.0353,0.4505,0.45,TRUE,TRUE,TRUE,TRUE,TRUE,TRUE,TRUE,FALSE,FALSE,TRUE,NA,0.0879,0.4504,0.19515985790408527,0.19533333333333333,CCS
spatial_spd,2318,North America,Cold - Warm Summer,analysis=spatial_spd|dataset_id=2318|region=North America|climatezone=Cold_Without_dry_season_Warm_Summer,human,0.0066,0.0066,0.0397,0.0463,13.58,TRUE,0.0794,0.3406,0.341,TRUE,TRUE,TRUE,TRUE,TRUE,TRUE,TRUE,FALSE,FALSE,TRUE,NA,0.0463,0.3406,0.135936582501468,0.13577712609970674,CWS
spatial_spd,20,Europe,Cold - Cold Summer,analysis=spatial_spd|dataset_id=20|region=Europe|climatezone=Cold_Without_dry_season_Cold_Summer,human,0.0481,0.0481,0.07550000000000001,0.1236,29.15,TRUE,0.151,0.4244,0.424,TRUE,TRUE,TRUE,TRUE,TRUE,TRUE,TRUE,FALSE,FALSE,TRUE,NA,0.1236,0.4244,0.29123468426013194,0.29150943396226414,CCS
spatial_spd,2919,North America,Cold - Hot Summer,analysis=spatial_spd|dataset_id=2919|region=North America|climatezone=Cold_Without_dry_season_Hot_Summer,human,0.1905,0.1905,5.999999999999894e-4,0.1911,124.09,TRUE,0.0012,0.1539,0.154,TRUE,TRUE,TRUE,TRUE,TRUE,TRUE,TRUE,TRUE,TRUE,TRUE,NA,0.1911,0.1911,1,1.240909090909091,CHS
spatial_spd,20758,North America,Temperate - Dry Summer,analysis=spatial_spd|dataset_id=20758|region=North America|climatezone=Temperate_Dry_Summer,human,0.0322,0.0322,-0.0142,0.018,7.96,TRUE,-0.0283,0.2257,0.226,TRUE,TRUE,TRUE,TRUE,TRUE,TRUE,TRUE,FALSE,FALSE,TRUE,NA,0.018,0.22569999999999998,0.07975188303057155,0.07964601769911503,TDS
spatial_spd,24097,Europe,Cold - Warm Summer,analysis=spatial_spd|dataset_id=24097|region=Europe|climatezone=Cold_Without_dry_season_Warm_Summer,human,-0.0108,-0.0108,-0.0086,-0.0194,-16.72,TRUE,-0.0172,0.1163,0.116,TRUE,TRUE,TRUE,TRUE,TRUE,TRUE,TRUE,TRUE,TRUE,TRUE,NA,0,0.1357,0,-0.16724137931034483,CWS
spatial_spd,501,North America,Cold - Cold Summer,analysis=spatial_spd|dataset_id=501|region=North America|climatezone=Cold_Without_dry_season_Cold_Summer,human,-0.0222,-0.0222,0.0644,0.0422,16.36,TRUE,0.1289,0.2578,0.258,TRUE,TRUE,TRUE,TRUE,TRUE,TRUE,TRUE,TRUE,FALSE,TRUE,NA,0.0422,0.25780000000000003,0.16369278510473234,0.1635658914728682,CCS
spatial_spd,1848,North America,Cold - Warm Summer,analysis=spatial_spd|dataset_id=1848|region=North America|climatezone=Cold_Without_dry_season_Warm_Summer,human,0.0068,0.0068,0.1948,0.2016,44.41,TRUE,0.3896,0.4545,0.454,TRUE,TRUE,TRUE,TRUE,TRUE,TRUE,TRUE,FALSE,FALSE,TRUE,NA,0.2016,0.4545,0.44356435643564357,0.4440528634361233,CWS
spatial_spd,45385,Europe,Cold - Warm Summer,analysis=spatial_spd|dataset_id=45385|region=Europe|climatezone=Cold_Without_dry_season_Warm_Summer,human,-0.0354,-0.0354,0.0431,0.0077,1.5,TRUE,0.0862,0.5152,0.515,TRUE,TRUE,TRUE,TRUE,TRUE,TRUE,TRUE,TRUE,FALSE,TRUE,NA,0.0077,0.5153000000000001,0.014942751795070831,0.014951456310679612,CWS
spatial_spd,2908,Latin America,Cold - Dry Summer,analysis=spatial_spd|dataset_id=2908|region=Latin America|climatezone=Cold_Dry_Summer,human,0.0587,0.0587,-0.03270000000000001,0.026,5.36,TRUE,-0.0654,0.4846,0.485,TRUE,TRUE,TRUE,TRUE,TRUE,TRUE,TRUE,FALSE,FALSE,TRUE,NA,0.026,0.48460000000000003,0.05365249690466364,0.05360824742268041,CDS
spatial_spd,22683,Europe,Cold - Cold Summer,analysis=spatial_spd|dataset_id=22683|region=Europe|climatezone=Cold_Without_dry_season_Cold_Summer,human,-0.0344,-0.0344,0.0476,0.0132,7.63,TRUE,0.0951,0.1729,0.173,TRUE,TRUE,TRUE,TRUE,TRUE,TRUE,TRUE,TRUE,FALSE,TRUE,NA,0.0132,0.1729,0.07634470792365529,0.07630057803468208,CCS
spatial_spd,17711,North America,Cold - Cold Summer,analysis=spatial_spd|dataset_id=17711|region=North America|climatezone=Cold_Without_dry_season_Cold_Summer,human,0.0691,0.0691,0.048600000000000004,0.1177,19.45,TRUE,0.0973,0.6047,0.605,TRUE,TRUE,TRUE,TRUE,TRUE,TRUE,TRUE,FALSE,FALSE,TRUE,NA,0.1177,0.6047,0.19464197122540103,0.19454545454545455,CCS
spatial_spd,2023,North America,Cold - Warm Summer,analysis=spatial_spd|dataset_id=2023|region=North America|climatezone=Cold_Without_dry_season_Warm_Summer,human,-0.0095,-0.0095,0.1589,0.1494,34.74,TRUE,0.3178,0.4304,0.43,TRUE,TRUE,TRUE,TRUE,TRUE,TRUE,TRUE,TRUE,FALSE,TRUE,NA,0.1494,0.4304,0.3471189591078067,0.34744186046511627,CWS
spatial_spd,336,North America,Cold - Cold Summer,analysis=spatial_spd|dataset_id=336|region=North America|climatezone=Cold_Without_dry_season_Cold_Summer,human,0.1208,0.1208,0.0377,0.1585,43.31,TRUE,0.0754,0.3662,0.366,TRUE,TRUE,TRUE,TRUE,TRUE,TRUE,TRUE,FALSE,FALSE,TRUE,NA,0.1585,0.3663,0.4327054327054327,0.4330601092896175,CCS
spatial_spd,14525,Europe,Temperate,analysis=spatial_spd|dataset_id=14525|region=Europe|climatezone=Temperate_Without_dry_season,human,-0.0025,-0.0025,0.1342,0.1317,18.6,TRUE,0.2684,0.7079,0.708,TRUE,TRUE,TRUE,TRUE,TRUE,TRUE,TRUE,TRUE,FALSE,TRUE,NA,0.1317,0.7079000000000001,0.18604322644441304,0.1860169491525424,TMP
spatial_spd,1667,North America,Cold - Warm Summer,analysis=spatial_spd|dataset_id=1667|region=North America|climatezone=Cold_Without_dry_season_Warm_Summer,human,0.1296,0.1296,0.092,0.2216,51.3,TRUE,0.184,0.4324,0.432,TRUE,TRUE,TRUE,TRUE,TRUE,TRUE,TRUE,FALSE,FALSE,TRUE,NA,0.2216,0.4323,0.5126069858894285,0.512962962962963,CWS
spatial_spd,41491,Europe,Cold - Warm Summer,analysis=spatial_spd|dataset_id=41491|region=Europe|climatezone=Cold_Without_dry_season_Warm_Summer,human,0.1232,0.1232,-0.02120000000000001,0.102,20.52,TRUE,-0.0424,0.4967,0.497,TRUE,TRUE,TRUE,TRUE,TRUE,TRUE,TRUE,FALSE,FALSE,TRUE,NA,0.102,0.4967,0.20535534527884033,0.20523138832997986,CWS
spatial_spd,48621,Latin America,Temperate,analysis=spatial_spd|dataset_id=48621|region=Latin America|climatezone=Temperate_Without_dry_season,human,-0.079,-0.079,0.0347,-0.0443,-43.01,TRUE,0.0693,0.1027,0.103,TRUE,TRUE,TRUE,TRUE,TRUE,TRUE,TRUE,TRUE,TRUE,TRUE,NA,0,0.1471,0,-0.4300970873786408,TMP
spatial_spd,48889,North America,Cold - Warm Summer,analysis=spatial_spd|dataset_id=48889|region=North America|climatezone=Cold_Without_dry_season_Warm_Summer,human,0.2105,0.2105,0.07449999999999998,0.285,81.9,TRUE,0.1489,0.3485,0.348,TRUE,TRUE,TRUE,TRUE,TRUE,TRUE,TRUE,TRUE,FALSE,TRUE,NA,0.285,0.3485,0.8177905308464849,0.8189655172413793,CWS
spatial_spd,45400,Europe,Cold - Warm Summer,analysis=spatial_spd|dataset_id=45400|region=Europe|climatezone=Cold_Without_dry_season_Warm_Summer,human,-0.0045,-0.0045,0.0453,0.0408,204,TRUE,0.0905,0.0204,0.02,TRUE,TRUE,TRUE,TRUE,TRUE,TRUE,TRUE,TRUE,TRUE,TRUE,NA,0.0408,0.0408,1,2.04,CWS
spatial_spd,805,North America,Cold - Hot Summer,analysis=spatial_spd|dataset_id=805|region=North America|climatezone=Cold_Without_dry_season_Hot_Summer,human,0.0818,0.0818,0.021500000000000005,0.1033,23.69,TRUE,0.043,0.436,0.436,TRUE,TRUE,TRUE,TRUE,TRUE,TRUE,TRUE,FALSE,FALSE,TRUE,NA,0.1033,0.436,0.23692660550458716,0.23692660550458716,CHS
spatial_spd,22992,Europe,Cold - Cold Summer,analysis=spatial_spd|dataset_id=22992|region=Europe|climatezone=Cold_Without_dry_season_Cold_Summer,human,0.10780000000000001,0.10780000000000001,-0.0126,0.0952,54.71,TRUE,-0.0253,0.1739,0.174,TRUE,TRUE,TRUE,TRUE,TRUE,TRUE,TRUE,FALSE,FALSE,TRUE,NA,0.0952,0.1739,0.547441058079356,0.5471264367816093,CCS
spatial_spd,15768,North America,Temperate - Dry Summer,analysis=spatial_spd|dataset_id=15768|region=North America|climatezone=Temperate_Dry_Summer,human,-0.0166,-0.0166,0.0262,0.0096,3.72,TRUE,0.0524,0.2583,0.258,TRUE,TRUE,TRUE,TRUE,TRUE,TRUE,TRUE,TRUE,FALSE,TRUE,NA,0.0096,0.25830000000000003,0.037166085946573744,0.03720930232558139,TDS
spatial_spd,41911,Europe,Temperate - Dry Summer,analysis=spatial_spd|dataset_id=41911|region=Europe|climatezone=Temperate_Dry_Summer,human,-0.0278,-0.0278,0.029599999999999998,0.0018,3.53,TRUE,0.059,0.0506,0.051,TRUE,TRUE,TRUE,TRUE,TRUE,TRUE,TRUE,TRUE,FALSE,TRUE,NA,0.0018,0.050600000000000006,0.035573122529644265,0.03529411764705882,TDS
spatial_spd,22316,Europe,Cold - Warm Summer,analysis=spatial_spd|dataset_id=22316|region=Europe|climatezone=Cold_Without_dry_season_Warm_Summer,human,0.0654,0.0654,0.052500000000000005,0.1179,28.34,TRUE,0.105,0.4157,0.416,TRUE,TRUE,TRUE,TRUE,TRUE,TRUE,TRUE,FALSE,FALSE,TRUE,NA,0.1179,0.4156,0.28368623676612126,0.2834134615384616,CWS
spatial_spd,219,North America,Cold - Warm Summer,analysis=spatial_spd|dataset_id=219|region=North America|climatezone=Cold_Without_dry_season_Warm_Summer,human,0.0227,0.0227,0.009499999999999998,0.0322,5.31,TRUE,0.0188,0.6062,0.606,TRUE,TRUE,TRUE,TRUE,TRUE,TRUE,TRUE,FALSE,FALSE,TRUE,NA,0.0322,0.6063000000000001,0.05310902193633514,0.05313531353135314,CWS
spatial_spd,4364,Europe,Cold - Warm Summer,analysis=spatial_spd|dataset_id=4364|region=Europe|climatezone=Cold_Without_dry_season_Warm_Summer,human,0.0236,0.0236,0.0063999999999999994,0.03,214.29,TRUE,0.0128,0.0138,0.014,TRUE,TRUE,TRUE,TRUE,TRUE,TRUE,TRUE,TRUE,TRUE,TRUE,NA,0.03,0.03,1,2.142857142857143,CWS
spatial_spd,21606,Latin America,Arid,analysis=spatial_spd|dataset_id=21606|region=Latin America|climatezone=Arid,human,0.2334,0.2334,0.066,0.2994,40.19,TRUE,0.1319,0.7448,0.745,TRUE,TRUE,TRUE,TRUE,TRUE,TRUE,TRUE,FALSE,FALSE,TRUE,NA,0.2994,0.7448,0.40198711063372716,0.40187919463087246,ARD
spatial_spd,2586,North America,Cold - Warm Summer,analysis=spatial_spd|dataset_id=2586|region=North America|climatezone=Cold_Without_dry_season_Warm_Summer,human,-0.003,-0.003,0.0461,0.0431,25.81,TRUE,0.0923,0.1674,0.167,TRUE,TRUE,TRUE,TRUE,TRUE,TRUE,TRUE,TRUE,FALSE,TRUE,NA,0.0431,0.1674,0.2574671445639188,0.25808383233532933,CWS
spatial_spd,41614,North America,Cold - Cold Summer,analysis=spatial_spd|dataset_id=41614|region=North America|climatezone=Cold_Without_dry_season_Cold_Summer,human,-0.0038,-0.0038,0.141,0.1372,29.44,TRUE,0.282,0.4663,0.466,TRUE,TRUE,TRUE,TRUE,TRUE,TRUE,TRUE,TRUE,FALSE,TRUE,NA,0.1372,0.4663,0.2942311816427193,0.2944206008583691,CCS
spatial_spd,15138,North America,Cold - Warm Summer,analysis=spatial_spd|dataset_id=15138|region=North America|climatezone=Cold_Without_dry_season_Warm_Summer,human,-0.0389,-0.0389,0.093,0.0541,22.36,TRUE,0.186,0.2423,0.242,TRUE,TRUE,TRUE,TRUE,TRUE,TRUE,TRUE,TRUE,FALSE,TRUE,NA,0.0541,0.24230000000000002,0.22327692942633098,0.22355371900826448,CWS
spatial_spd,24250,Europe,Cold - Warm Summer,analysis=spatial_spd|dataset_id=24250|region=Europe|climatezone=Cold_Without_dry_season_Warm_Summer,human,-0.0147,-0.0147,-0.0187,-0.0334,-6.23,TRUE,-0.0374,0.5363,0.536,TRUE,TRUE,TRUE,TRUE,TRUE,TRUE,TRUE,TRUE,TRUE,TRUE,NA,0,0.5697,0,-0.062313432835820894,CWS
spatial_spd,24414,Europe,Cold - Warm Summer,analysis=spatial_spd|dataset_id=24414|region=Europe|climatezone=Cold_Without_dry_season_Warm_Summer,human,-0.0232,-0.0232,-0.0023,-0.0255,-7.12,TRUE,-0.0047,0.3585,0.358,TRUE,TRUE,TRUE,TRUE,TRUE,TRUE,TRUE,TRUE,TRUE,TRUE,NA,0,0.384,0,-0.0712290502793296,CWS
spatial_spd,3493,North America,Cold - Warm Summer,analysis=spatial_spd|dataset_id=3493|region=North America|climatezone=Cold_Without_dry_season_Warm_Summer,human,0.0633,0.0633,0.08630000000000002,0.1496,34,TRUE,0.1726,0.4403,0.44,TRUE,TRUE,TRUE,TRUE,TRUE,TRUE,TRUE,FALSE,FALSE,TRUE,NA,0.1496,0.4403,0.33976833976833976,0.34,CWS
spatial_spd,15855,North America,Cold - Cold Summer,analysis=spatial_spd|dataset_id=15855|region=North America|climatezone=Cold_Without_dry_season_Cold_Summer,human,-0.0321,-0.0321,0.0329,8e-4,4,TRUE,0.0657,0.0197,0.02,TRUE,TRUE,TRUE,TRUE,TRUE,TRUE,TRUE,TRUE,FALSE,TRUE,NA,8e-4,0.0197,0.04060913705583757,0.04,CCS
spatial_spd,974,North America,Cold - Warm Summer,analysis=spatial_spd|dataset_id=974|region=North America|climatezone=Cold_Without_dry_season_Warm_Summer,human,0.0452,0.0452,0.17930000000000001,0.2245,29.66,TRUE,0.3586,0.7571,0.757,TRUE,TRUE,TRUE,TRUE,TRUE,TRUE,TRUE,FALSE,FALSE,TRUE,NA,0.2245,0.7571,0.29652621846519617,0.2965653896961691,CWS
spatial_spd,16054,North America,Cold - Dry Summer,analysis=spatial_spd|dataset_id=16054|region=North America|climatezone=Cold_Dry_Summer,human,0.0166,0.0166,0.0717,0.0883,16.5,TRUE,0.1434,0.5346,0.535,TRUE,TRUE,TRUE,TRUE,TRUE,TRUE,TRUE,FALSE,FALSE,TRUE,NA,0.0883,0.5346,0.1651702207257763,0.16504672897196263,CDS
spatial_spd,45117,Europe,Cold - Cold Summer,analysis=spatial_spd|dataset_id=45117|region=Europe|climatezone=Cold_Without_dry_season_Cold_Summer,human,0.0119,0.0119,0.037399999999999996,0.0493,11.77,TRUE,0.0748,0.4191,0.419,TRUE,TRUE,TRUE,TRUE,TRUE,TRUE,TRUE,FALSE,FALSE,TRUE,NA,0.0493,0.41910000000000003,0.11763302314483415,0.11766109785202863,CCS
spatial_spd,679,North America,Cold - Warm Summer,analysis=spatial_spd|dataset_id=679|region=North America|climatezone=Cold_Without_dry_season_Warm_Summer,human,0.1591,0.1591,-0.08489999999999999,0.0742,29.8,TRUE,-0.1698,0.2486,0.249,TRUE,TRUE,TRUE,TRUE,TRUE,TRUE,TRUE,FALSE,FALSE,TRUE,NA,0.0742,0.24869999999999998,0.29835142742259757,0.29799196787148596,CWS
spatial_spd,15778,North America,Cold - Dry Summer,analysis=spatial_spd|dataset_id=15778|region=North America|climatezone=Cold_Dry_Summer,human,0.4243,0.4243,-0.1305,0.2938,51.73,TRUE,-0.2611,0.5674,0.568,TRUE,TRUE,TRUE,TRUE,TRUE,TRUE,TRUE,FALSE,FALSE,TRUE,NA,0.2938,0.5675,0.5177092511013216,0.5172535211267606,CDS
spatial_spd,47537,Europe,Temperate - Dry Summer,analysis=spatial_spd|dataset_id=47537|region=Europe|climatezone=Temperate_Dry_Summer,human,0.027,0.027,-0.0302,-0.0032,-0.5,TRUE,-0.0603,0.6369,0.637,TRUE,TRUE,TRUE,TRUE,TRUE,TRUE,TRUE,FALSE,TRUE,TRUE,NA,0,0.6401,0,-0.005023547880690738,TDS
spatial_spd,15214,North America,Cold - Cold Summer,analysis=spatial_spd|dataset_id=15214|region=North America|climatezone=Cold_Without_dry_season_Cold_Summer,human,-0.0169,-0.0169,0.07919999999999999,0.0623,107.41,TRUE,0.1583,0.0575,0.058,TRUE,TRUE,TRUE,TRUE,TRUE,TRUE,TRUE,TRUE,TRUE,TRUE,NA,0.0623,0.0623,1,1.0741379310344827,CCS
spatial_spd,790,North America,Cold - Cold Summer,analysis=spatial_spd|dataset_id=790|region=North America|climatezone=Cold_Without_dry_season_Cold_Summer,human,0.08,0.08,0.1218,0.2018,47.04,TRUE,0.2435,0.4292,0.429,TRUE,TRUE,TRUE,TRUE,TRUE,TRUE,TRUE,FALSE,FALSE,TRUE,NA,0.2018,0.4292,0.4701770736253495,0.4703962703962704,CCS
spatial_spd,2663,North America,Temperate,analysis=spatial_spd|dataset_id=2663|region=North America|climatezone=Temperate_Without_dry_season,human,-0.0193,-0.0193,0.14830000000000002,0.129,24.86,TRUE,0.2967,0.5188,0.519,TRUE,TRUE,TRUE,TRUE,TRUE,TRUE,TRUE,TRUE,FALSE,TRUE,NA,0.129,0.5186999999999999,0.24869866975130137,0.24855491329479767,TMP
spatial_spd,1013,North America,Cold - Warm Summer,analysis=spatial_spd|dataset_id=1013|region=North America|climatezone=Cold_Without_dry_season_Warm_Summer,human,0.1572,0.1572,-0.016699999999999993,0.1405,45.18,TRUE,-0.0333,0.3105,0.311,TRUE,TRUE,TRUE,TRUE,TRUE,TRUE,TRUE,FALSE,FALSE,TRUE,NA,0.1405,0.3106,0.4523502897617515,0.45176848874598075,CWS
spatial_spd,16175,North America,Cold - Hot Summer,analysis=spatial_spd|dataset_id=16175|region=North America|climatezone=Cold_Without_dry_season_Hot_Summer,human,-4e-4,-4e-4,0.14850000000000002,0.1481,22.07,TRUE,0.297,0.6713,0.671,TRUE,TRUE,TRUE,TRUE,TRUE,TRUE,TRUE,TRUE,FALSE,TRUE,NA,0.1481,0.6713,0.2206167138388202,0.22071535022354694,CHS
spatial_spd,16238,North America,Cold - Cold Summer,analysis=spatial_spd|dataset_id=16238|region=North America|climatezone=Cold_Without_dry_season_Cold_Summer,human,-0.0754,-0.0754,0.013399999999999995,-0.062,-32.63,TRUE,0.0269,0.1903,0.19,TRUE,TRUE,TRUE,TRUE,TRUE,TRUE,TRUE,TRUE,TRUE,TRUE,NA,0,0.2522,0,-0.3263157894736842,CCS
spatial_spd,40797,North America,Cold - Warm Summer,analysis=spatial_spd|dataset_id=40797|region=North America|climatezone=Cold_Without_dry_season_Warm_Summer,human,0.1616,0.1616,0.05630000000000002,0.2179,42.15,TRUE,0.1125,0.5167,0.517,TRUE,TRUE,TRUE,TRUE,TRUE,TRUE,TRUE,FALSE,FALSE,TRUE,NA,0.2179,0.5167,0.4217147280820592,0.4214700193423598,CWS
spatial_spd,16103,North America,Cold - Warm Summer,analysis=spatial_spd|dataset_id=16103|region=North America|climatezone=Cold_Without_dry_season_Warm_Summer,human,0.0876,0.0876,-0.001799999999999996,0.0858,90.32,TRUE,-0.0036,0.0946,0.095,TRUE,TRUE,TRUE,TRUE,TRUE,TRUE,TRUE,FALSE,FALSE,TRUE,NA,0.0858,0.0946,0.9069767441860465,0.9031578947368422,CWS
spatial_spd,40452,Europe,Cold - Warm Summer,analysis=spatial_spd|dataset_id=40452|region=Europe|climatezone=Cold_Without_dry_season_Warm_Summer,human,-0.0105,-0.0105,0.0241,0.0136,7.64,TRUE,0.0484,0.178,0.178,TRUE,TRUE,TRUE,TRUE,TRUE,TRUE,TRUE,TRUE,FALSE,TRUE,NA,0.0136,0.178,0.07640449438202247,0.07640449438202247,CWS
spatial_spd,1569,North America,Cold - Cold Summer,analysis=spatial_spd|dataset_id=1569|region=North America|climatezone=Cold_Without_dry_season_Cold_Summer,human,0.074,0.074,-0.029899999999999996,0.0441,9.93,TRUE,-0.0597,0.4437,0.444,TRUE,TRUE,TRUE,TRUE,TRUE,TRUE,TRUE,FALSE,FALSE,TRUE,NA,0.0441,0.4437,0.09939148073022312,0.09932432432432432,CCS
spatial_spd,15,Latin America,Arid,analysis=spatial_spd|dataset_id=15|region=Latin America|climatezone=Arid,human,-0.045,-0.045,0.029699999999999997,-0.0153,-24.29,TRUE,0.0595,0.0632,0.063,TRUE,TRUE,TRUE,TRUE,TRUE,TRUE,TRUE,TRUE,TRUE,TRUE,NA,0,0.0785,0,-0.24285714285714285,ARD
spatial_spd,14549,North America,Cold - Dry Summer,analysis=spatial_spd|dataset_id=14549|region=North America|climatezone=Cold_Dry_Summer,human,0.1193,0.1193,0.014499999999999999,0.1338,82.59,TRUE,0.0289,0.1623,0.162,TRUE,TRUE,TRUE,TRUE,TRUE,TRUE,TRUE,FALSE,FALSE,TRUE,NA,0.1338,0.1623,0.8243992606284658,0.825925925925926,CDS
spatial_spd,843,North America,Cold - Cold Summer,analysis=spatial_spd|dataset_id=843|region=North America|climatezone=Cold_Without_dry_season_Cold_Summer,human,0.099,0.099,0.00399999999999999,0.103,23.95,TRUE,0.0079,0.4304,0.43,TRUE,TRUE,TRUE,TRUE,TRUE,TRUE,TRUE,FALSE,FALSE,TRUE,NA,0.103,0.4304,0.23931226765799254,0.23953488372093024,CCS
spatial_spd,41748,Europe,Polar,analysis=spatial_spd|dataset_id=41748|region=Europe|climatezone=Polar,human,0.0192,0.0192,-0.0369,-0.0177,-4.28,TRUE,-0.0738,0.4135,0.414,TRUE,TRUE,TRUE,TRUE,TRUE,TRUE,TRUE,FALSE,TRUE,TRUE,NA,0,0.43120000000000003,0,-0.0427536231884058,POL
spatial_spd,1434,Europe,Cold - Warm Summer,analysis=spatial_spd|dataset_id=1434|region=Europe|climatezone=Cold_Without_dry_season_Warm_Summer,human,0.0726,0.0726,0.025300000000000003,0.0979,15.56,TRUE,0.0507,0.6291,0.629,TRUE,TRUE,TRUE,TRUE,TRUE,TRUE,TRUE,FALSE,FALSE,TRUE,NA,0.0979,0.6291,0.15561913845175648,0.15564387917329095,CWS
spatial_spd,808,North America,Temperate - Dry Summer,analysis=spatial_spd|dataset_id=808|region=North America|climatezone=Temperate_Dry_Summer,human,0.0855,0.0855,0.014399999999999996,0.0999,27.75,TRUE,0.0287,0.3596,0.36,TRUE,TRUE,TRUE,TRUE,TRUE,TRUE,TRUE,FALSE,FALSE,TRUE,NA,0.0999,0.3596,0.27780867630700784,0.2775,TDS
spatial_spd,40666,North America,Temperate,analysis=spatial_spd|dataset_id=40666|region=North America|climatezone=Temperate_Without_dry_season,human,-0.0108,-0.0108,0.1261,0.1153,128.11,TRUE,0.2522,0.0898,0.09,TRUE,TRUE,TRUE,TRUE,TRUE,TRUE,TRUE,TRUE,TRUE,TRUE,NA,0.1153,0.1153,1,1.281111111111111,TMP
spatial_spd,2335,Europe,Temperate - Dry Summer,analysis=spatial_spd|dataset_id=2335|region=Europe|climatezone=Temperate_Dry_Summer,human,0.3097,0.3097,-0.09469999999999998,0.215,135.22,TRUE,-0.1894,0.1586,0.159,TRUE,TRUE,TRUE,TRUE,TRUE,TRUE,TRUE,FALSE,TRUE,TRUE,NA,0.215,0.215,1,1.3522012578616351,TDS
spatial_spd,4385,Europe,Temperate,analysis=spatial_spd|dataset_id=4385|region=Europe|climatezone=Temperate_Without_dry_season,human,0.0165,0.0165,0.0658,0.0823,30.82,TRUE,0.1317,0.2674,0.267,TRUE,TRUE,TRUE,TRUE,TRUE,TRUE,TRUE,FALSE,FALSE,TRUE,NA,0.0823,0.26739999999999997,0.30777860882572927,0.3082397003745318,TMP
spatial_spd,4133,Europe,Cold - Cold Summer,analysis=spatial_spd|dataset_id=4133|region=Europe|climatezone=Cold_Without_dry_season_Cold_Summer,human,0.202,0.202,-0.01100000000000001,0.191,44.73,TRUE,-0.022,0.4274,0.427,TRUE,TRUE,TRUE,TRUE,TRUE,TRUE,TRUE,FALSE,FALSE,TRUE,NA,0.191,0.4274,0.4468881609733271,0.44730679156908665,CCS
spatial_spd,25763,Europe,Polar,analysis=spatial_spd|dataset_id=25763|region=Europe|climatezone=Polar,human,0.057,0.057,-0.012700000000000003,0.0443,19.01,TRUE,-0.0255,0.2329,0.233,TRUE,TRUE,TRUE,TRUE,TRUE,TRUE,TRUE,FALSE,FALSE,TRUE,NA,0.0443,0.2329,0.1902103907256333,0.19012875536480686,POL
spatial_spd,20285,Europe,Polar,analysis=spatial_spd|dataset_id=20285|region=Europe|climatezone=Polar,human,-0.0317,-0.0317,0.11810000000000001,0.0864,21.49,TRUE,0.2361,0.4016,0.402,TRUE,TRUE,TRUE,TRUE,TRUE,TRUE,TRUE,TRUE,FALSE,TRUE,NA,0.0864,0.40159999999999996,0.21513944223107573,0.21492537313432836,POL
spatial_spd,17354,North America,Cold - Cold Summer,analysis=spatial_spd|dataset_id=17354|region=North America|climatezone=Cold_Without_dry_season_Cold_Summer,human,-0.046,-0.046,0.0608,0.0148,2.99,TRUE,0.1215,0.4947,0.495,TRUE,TRUE,TRUE,TRUE,TRUE,TRUE,TRUE,TRUE,FALSE,TRUE,NA,0.0148,0.4947,0.029917121487770367,0.0298989898989899,CCS
spatial_spd,2594,Latin America,Temperate,analysis=spatial_spd|dataset_id=2594|region=Latin America|climatezone=Temperate_Without_dry_season,human,-0.0035,-0.0035,-0.0028,-0.0063,-1.67,TRUE,-0.0058,0.3773,0.377,TRUE,TRUE,TRUE,TRUE,TRUE,TRUE,TRUE,TRUE,TRUE,TRUE,NA,0,0.3836,0,-0.016710875331564987,TMP
spatial_spd,4150,Europe,Temperate,analysis=spatial_spd|dataset_id=4150|region=Europe|climatezone=Temperate_Without_dry_season,human,-0.0096,-0.0096,0.0746,0.065,14.77,TRUE,0.1491,0.4404,0.44,TRUE,TRUE,TRUE,TRUE,TRUE,TRUE,TRUE,TRUE,FALSE,TRUE,NA,0.065,0.4405,0.14755959137343927,0.14772727272727273,TMP
spatial_spd,4011,Europe,Cold - Warm Summer,analysis=spatial_spd|dataset_id=4011|region=Europe|climatezone=Cold_Without_dry_season_Warm_Summer,human,0.083,0.083,0.01319999999999999,0.0962,46.03,TRUE,0.0264,0.209,0.209,TRUE,TRUE,TRUE,TRUE,TRUE,TRUE,TRUE,FALSE,FALSE,TRUE,NA,0.0962,0.2091,0.46006695361071254,0.4602870813397129,CWS
spatial_spd,720,Europe,Polar,analysis=spatial_spd|dataset_id=720|region=Europe|climatezone=Polar,human,-0.0098,-0.0098,0.048799999999999996,0.039,9.42,TRUE,0.0976,0.4138,0.414,TRUE,TRUE,TRUE,TRUE,TRUE,TRUE,TRUE,TRUE,FALSE,TRUE,NA,0.039,0.4138,0.09424842919284679,0.09420289855072464,POL
spatial_spd,2959,North America,Cold - Hot Summer,analysis=spatial_spd|dataset_id=2959|region=North America|climatezone=Cold_Without_dry_season_Hot_Summer,human,0.0264,0.0264,0.039,0.0654,31.44,TRUE,0.0781,0.2082,0.208,TRUE,TRUE,TRUE,TRUE,TRUE,TRUE,TRUE,FALSE,FALSE,TRUE,NA,0.0654,0.2081,0.3142719846227775,0.3144230769230769,CHS
spatial_spd,20649,North America,Polar,analysis=spatial_spd|dataset_id=20649|region=North America|climatezone=Polar,human,-0.0254,-0.0254,0.1109,0.0855,20.07,TRUE,0.2218,0.4261,0.426,TRUE,TRUE,TRUE,TRUE,TRUE,TRUE,TRUE,TRUE,FALSE,TRUE,NA,0.0855,0.42600000000000005,0.20070422535211266,0.2007042253521127,POL
spatial_spd,41001,North America,Cold - Hot Summer,analysis=spatial_spd|dataset_id=41001|region=North America|climatezone=Cold_Without_dry_season_Hot_Summer,human,-0.0159,-0.0159,0.048600000000000004,0.0327,20.44,TRUE,0.0972,0.1605,0.16,TRUE,TRUE,TRUE,TRUE,TRUE,TRUE,TRUE,TRUE,FALSE,TRUE,NA,0.0327,0.16040000000000001,0.2038653366583541,0.204375,CHS
spatial_spd,45704,Europe,Cold - Cold Summer,analysis=spatial_spd|dataset_id=45704|region=Europe|climatezone=Cold_Without_dry_season_Cold_Summer,human,0.0562,0.0562,0.054599999999999996,0.1108,28.34,TRUE,0.1092,0.3909,0.391,TRUE,TRUE,TRUE,TRUE,TRUE,TRUE,TRUE,FALSE,FALSE,TRUE,NA,0.1108,0.3909,0.2834484522895881,0.28337595907928387,CCS
spatial_spd,1854,North America,Cold - Cold Summer,analysis=spatial_spd|dataset_id=1854|region=North America|climatezone=Cold_Without_dry_season_Cold_Summer,human,0.3551,0.3551,-0.017500000000000016,0.3376,65.94,TRUE,-0.0351,0.5124,0.512,TRUE,TRUE,TRUE,TRUE,TRUE,TRUE,TRUE,FALSE,FALSE,TRUE,NA,0.3376,0.5124,0.6588602654176425,0.659375,CCS
spatial_spd,1157,North America,Cold - Warm Summer,analysis=spatial_spd|dataset_id=1157|region=North America|climatezone=Cold_Without_dry_season_Warm_Summer,human,-0.0624,-0.0624,0.0681,0.0057,1.96,TRUE,0.1361,0.2908,0.291,TRUE,TRUE,TRUE,TRUE,TRUE,TRUE,TRUE,TRUE,FALSE,TRUE,NA,0.0057,0.2908,0.019601100412654747,0.019587628865979385,CWS
spatial_spd,4360,Europe,Cold - Cold Summer,analysis=spatial_spd|dataset_id=4360|region=Europe|climatezone=Cold_Without_dry_season_Cold_Summer,human,-0.0296,-0.0296,0.014300000000000002,-0.0153,-3.86,TRUE,0.0286,0.3955,0.396,TRUE,TRUE,TRUE,TRUE,TRUE,TRUE,TRUE,TRUE,TRUE,TRUE,NA,0,0.4108,0,-0.038636363636363635,CCS
spatial_spd,45639,Europe,Cold - Cold Summer,analysis=spatial_spd|dataset_id=45639|region=Europe|climatezone=Cold_Without_dry_season_Cold_Summer,human,0.0561,0.0561,-0.029899999999999996,0.0262,7.73,TRUE,-0.0599,0.3389,0.339,TRUE,TRUE,TRUE,TRUE,TRUE,TRUE,TRUE,FALSE,FALSE,TRUE,NA,0.0262,0.3389,0.07730894069046917,0.07728613569321534,CCS
spatial_spd,45389,Europe,Cold - Warm Summer,analysis=spatial_spd|dataset_id=45389|region=Europe|climatezone=Cold_Without_dry_season_Warm_Summer,human,-0.0234,-0.0234,0.0974,0.074,25.78,TRUE,0.1948,0.2874,0.287,TRUE,TRUE,TRUE,TRUE,TRUE,TRUE,TRUE,TRUE,FALSE,TRUE,NA,0.074,0.2874,0.25748086290883787,0.2578397212543554,CWS
spatial_spd,22950,Europe,Cold - Warm Summer,analysis=spatial_spd|dataset_id=22950|region=Europe|climatezone=Cold_Without_dry_season_Warm_Summer,human,0.1223,0.1223,-0.04830000000000001,0.074,154.17,TRUE,-0.0967,0.0485,0.048,TRUE,TRUE,TRUE,TRUE,TRUE,TRUE,TRUE,FALSE,TRUE,TRUE,NA,0.074,0.074,1,1.5416666666666665,CWS
spatial_spd,539,North America,Temperate,analysis=spatial_spd|dataset_id=539|region=North America|climatezone=Temperate_Without_dry_season,human,0.3044,0.3044,-0.0635,0.2409,78.73,TRUE,-0.1272,0.3064,0.306,TRUE,TRUE,TRUE,TRUE,TRUE,TRUE,TRUE,FALSE,FALSE,TRUE,NA,0.2409,0.3064,0.7862271540469974,0.7872549019607843,TMP
spatial_spd,26520,Europe,Polar,analysis=spatial_spd|dataset_id=26520|region=Europe|climatezone=Polar,human,-0.0063,-0.0063,0.0309,0.0246,7.86,TRUE,0.0617,0.3126,0.313,TRUE,TRUE,TRUE,TRUE,TRUE,TRUE,TRUE,TRUE,FALSE,TRUE,NA,0.0246,0.3126,0.07869481765834933,0.07859424920127796,POL
spatial_spd,773,North America,Cold - Warm Summer,analysis=spatial_spd|dataset_id=773|region=North America|climatezone=Cold_Without_dry_season_Warm_Summer,human,0.014,0.014,0.0259,0.0399,6.72,TRUE,0.0518,0.5943,0.594,TRUE,TRUE,TRUE,TRUE,TRUE,TRUE,TRUE,FALSE,FALSE,TRUE,NA,0.0399,0.5943,0.06713780918727914,0.06717171717171717,CWS
spatial_spd,4524,Europe,Temperate,analysis=spatial_spd|dataset_id=4524|region=Europe|climatezone=Temperate_Without_dry_season,human,0.0382,0.0382,0.0698,0.108,16.02,TRUE,0.1396,0.6741,0.674,TRUE,TRUE,TRUE,TRUE,TRUE,TRUE,TRUE,FALSE,FALSE,TRUE,NA,0.108,0.6739999999999999,0.16023738872403562,0.1602373887240356,TMP
spatial_spd,15296,North America,Cold - Warm Summer,analysis=spatial_spd|dataset_id=15296|region=North America|climatezone=Cold_Without_dry_season_Warm_Summer,human,-0.1021,-0.1021,0.1251,0.023,19.66,TRUE,0.2503,0.1174,0.117,TRUE,TRUE,TRUE,TRUE,TRUE,TRUE,TRUE,TRUE,FALSE,TRUE,NA,0.023,0.1174,0.1959114139693356,0.19658119658119658,CWS
spatial_spd,16129,North America,Cold - Hot Summer,analysis=spatial_spd|dataset_id=16129|region=North America|climatezone=Cold_Without_dry_season_Hot_Summer,human,0.0086,0.0086,0.1608,0.1694,53.27,TRUE,0.3216,0.3185,0.318,TRUE,TRUE,TRUE,TRUE,TRUE,TRUE,TRUE,TRUE,FALSE,TRUE,NA,0.1694,0.3185,0.5318681318681319,0.5327044025157233,CHS
spatial_spd,17377,North America,Cold - Dry Summer,analysis=spatial_spd|dataset_id=17377|region=North America|climatezone=Cold_Dry_Summer,human,-0.0588,-0.0588,0.11399999999999999,0.0552,13.02,TRUE,0.228,0.424,0.424,TRUE,TRUE,TRUE,TRUE,TRUE,TRUE,TRUE,TRUE,FALSE,TRUE,NA,0.0552,0.42400000000000004,0.130188679245283,0.13018867924528302,CDS
spatial_spd,4466,Europe,Cold - Warm Summer,analysis=spatial_spd|dataset_id=4466|region=Europe|climatezone=Cold_Without_dry_season_Warm_Summer,human,-0.0174,-0.0174,-0.0137,-0.0311,-8.69,TRUE,-0.0275,0.358,0.358,TRUE,TRUE,TRUE,TRUE,TRUE,TRUE,TRUE,TRUE,TRUE,TRUE,NA,0,0.3891,0,-0.08687150837988827,CWS
spatial_spd,22980,Europe,Arid,analysis=spatial_spd|dataset_id=22980|region=Europe|climatezone=Arid,human,-0.0521,-0.0521,0.0104,-0.0417,-22.91,TRUE,0.0209,0.1822,0.182,TRUE,TRUE,TRUE,TRUE,TRUE,TRUE,TRUE,TRUE,TRUE,TRUE,NA,0,0.2238,0,-0.22912087912087914,ARD
spatial_spd,26514,Europe,Cold - Warm Summer,analysis=spatial_spd|dataset_id=26514|region=Europe|climatezone=Cold_Without_dry_season_Warm_Summer,human,0.0781,0.0781,5.000000000000004e-4,0.0786,31.44,TRUE,0.001,0.2497,0.25,TRUE,TRUE,TRUE,TRUE,TRUE,TRUE,TRUE,FALSE,FALSE,TRUE,NA,0.0786,0.2497,0.3147777332799359,0.3144,CWS
spatial_spd,4314,Europe,Cold - Warm Summer,analysis=spatial_spd|dataset_id=4314|region=Europe|climatezone=Cold_Without_dry_season_Warm_Summer,human,0.2269,0.2269,0.06209999999999999,0.289,57.92,TRUE,0.1243,0.4991,0.499,TRUE,TRUE,TRUE,TRUE,TRUE,TRUE,TRUE,FALSE,FALSE,TRUE,NA,0.289,0.499,0.5791583166332664,0.5791583166332664,CWS
spatial_spd,872,Latin America,Temperate,analysis=spatial_spd|dataset_id=872|region=Latin America|climatezone=Temperate_Without_dry_season,human,0.0036,0.0036,0.005,0.0086,2.25,TRUE,0.01,0.3831,0.383,TRUE,TRUE,TRUE,TRUE,TRUE,TRUE,TRUE,FALSE,FALSE,TRUE,NA,0.0086,0.3831,0.02244844688071,0.022454308093994776,TMP
spatial_spd,723,Europe,Cold - Warm Summer,analysis=spatial_spd|dataset_id=723|region=Europe|climatezone=Cold_Without_dry_season_Warm_Summer,human,0.1006,0.1006,-0.057699999999999994,0.0429,10.89,TRUE,-0.1154,0.3943,0.394,TRUE,TRUE,TRUE,TRUE,TRUE,TRUE,TRUE,FALSE,FALSE,TRUE,NA,0.0429,0.3943,0.10880040578239919,0.10888324873096446,CWS
spatial_spd,48950,Europe,Cold - Warm Summer,analysis=spatial_spd|dataset_id=48950|region=Europe|climatezone=Cold_Without_dry_season_Warm_Summer,human,-0.0201,-0.0201,0.0292,0.0091,5.42,TRUE,0.0586,0.1682,0.168,TRUE,TRUE,TRUE,TRUE,TRUE,TRUE,TRUE,TRUE,FALSE,TRUE,NA,0.0091,0.1681,0.05413444378346223,0.05416666666666667,CWS
spatial_spd,48818,North America,Cold - Warm Summer,analysis=spatial_spd|dataset_id=48818|region=North America|climatezone=Cold_Without_dry_season_Warm_Summer,human,0.0908,0.0908,0.047200000000000006,0.138,38.02,TRUE,0.0944,0.3632,0.363,TRUE,TRUE,TRUE,TRUE,TRUE,TRUE,TRUE,FALSE,FALSE,TRUE,NA,0.138,0.3632,0.3799559471365639,0.3801652892561984,CWS
spatial_spd,45105,Europe,Cold - Dry Summer,analysis=spatial_spd|dataset_id=45105|region=Europe|climatezone=Cold_Dry_Summer,human,0.0048,0.0048,-0.0259,-0.0211,-4.06,TRUE,-0.0518,0.5202,0.52,TRUE,TRUE,TRUE,TRUE,TRUE,TRUE,TRUE,FALSE,TRUE,TRUE,NA,0,0.5414,0,-0.04057692307692308,CDS
spatial_spd,48363,North America,Cold - Dry Summer,analysis=spatial_spd|dataset_id=48363|region=North America|climatezone=Cold_Dry_Summer,human,0.4084,0.4084,-0.0023999999999999577,0.406,99.27,TRUE,-0.0048,0.4091,0.409,TRUE,TRUE,TRUE,TRUE,TRUE,TRUE,TRUE,FALSE,FALSE,TRUE,NA,0.406,0.4091,0.992422390613542,0.9926650366748168,CDS
spatial_spd,17363,North America,Temperate,analysis=spatial_spd|dataset_id=17363|region=North America|climatezone=Temperate_Without_dry_season,human,0.331,0.331,-0.014000000000000012,0.317,72.71,TRUE,-0.0281,0.4363,0.436,TRUE,TRUE,TRUE,TRUE,TRUE,TRUE,TRUE,FALSE,FALSE,TRUE,NA,0.317,0.4363,0.7265642906257163,0.7270642201834863,TMP
spatial_spd,3058,North America,Cold - Warm Summer,analysis=spatial_spd|dataset_id=3058|region=North America|climatezone=Cold_Without_dry_season_Warm_Summer,human,0.0414,0.0414,0.0565,0.0979,48.47,TRUE,0.113,0.2024,0.202,TRUE,TRUE,TRUE,TRUE,TRUE,TRUE,TRUE,FALSE,FALSE,TRUE,NA,0.0979,0.2024,0.4836956521739131,0.48465346534653464,CWS
spatial_spd,22847,Europe,Cold - Warm Summer,analysis=spatial_spd|dataset_id=22847|region=Europe|climatezone=Cold_Without_dry_season_Warm_Summer,human,0.0343,0.0343,0.0378,0.0721,23.72,TRUE,0.0757,0.3042,0.304,TRUE,TRUE,TRUE,TRUE,TRUE,TRUE,TRUE,FALSE,FALSE,TRUE,NA,0.0721,0.3042,0.23701512163050623,0.23717105263157895,CWS
spatial_spd,991,North America,Arid,analysis=spatial_spd|dataset_id=991|region=North America|climatezone=Arid,human,0.1872,0.1872,-0.029799999999999993,0.1574,73.9,TRUE,-0.0595,0.2133,0.213,TRUE,TRUE,TRUE,TRUE,TRUE,TRUE,TRUE,FALSE,FALSE,TRUE,NA,0.1574,0.21330000000000002,0.7379278012189404,0.7389671361502348,ARD
spatial_spd,41764,Europe,Cold - Cold Summer,analysis=spatial_spd|dataset_id=41764|region=Europe|climatezone=Cold_Without_dry_season_Cold_Summer,human,-0.0016,-0.0016,0.0835,0.0819,56.1,TRUE,0.167,0.1457,0.146,TRUE,TRUE,TRUE,TRUE,TRUE,TRUE,TRUE,TRUE,FALSE,TRUE,NA,0.0819,0.1457,0.5621139327385037,0.560958904109589,CCS
spatial_spd,24317,Europe,Cold - Cold Summer,analysis=spatial_spd|dataset_id=24317|region=Europe|climatezone=Cold_Without_dry_season_Cold_Summer,human,0.0842,0.0842,-0.06939999999999999,0.0148,4.64,TRUE,-0.1388,0.3189,0.319,TRUE,TRUE,TRUE,TRUE,TRUE,TRUE,TRUE,FALSE,FALSE,TRUE,NA,0.0148,0.31889999999999996,0.04640953276889308,0.04639498432601881,CCS
spatial_spd,2899,Latin America,Temperate - Dry Summer,analysis=spatial_spd|dataset_id=2899|region=Latin America|climatezone=Temperate_Dry_Summer,human,0.0144,0.0144,-0.0419,-0.0275,-13.03,TRUE,-0.0839,0.2107,0.211,TRUE,TRUE,TRUE,TRUE,TRUE,TRUE,TRUE,FALSE,TRUE,TRUE,NA,0,0.2382,0,-0.13033175355450238,TDS
spatial_spd,20397,North America,Cold - Warm Summer,analysis=spatial_spd|dataset_id=20397|region=North America|climatezone=Cold_Without_dry_season_Warm_Summer,human,0.2856,0.2856,0.04899999999999999,0.3346,49.72,TRUE,0.0981,0.6732,0.673,TRUE,TRUE,TRUE,TRUE,TRUE,TRUE,TRUE,FALSE,FALSE,TRUE,NA,0.3346,0.6731,0.49710295647006386,0.49717682020802373,CWS
spatial_spd,1824,North America,Cold - Hot Summer,analysis=spatial_spd|dataset_id=1824|region=North America|climatezone=Cold_Without_dry_season_Hot_Summer,human,-0.0135,-0.0135,-0.014900000000000002,-0.0284,-8.5,TRUE,-0.0298,0.3342,0.334,TRUE,TRUE,TRUE,TRUE,TRUE,TRUE,TRUE,TRUE,TRUE,TRUE,NA,0,0.3626,0,-0.08502994011976048,CHS
spatial_spd,48685,North America,Cold - Hot Summer,analysis=spatial_spd|dataset_id=48685|region=North America|climatezone=Cold_Without_dry_season_Hot_Summer,human,0,0,0.2466,0.2466,24.66,TRUE,0.4933,1,1,TRUE,TRUE,TRUE,TRUE,TRUE,TRUE,TRUE,FALSE,FALSE,TRUE,NA,0.2466,1,0.2466,0.2466,CHS
spatial_spd,25786,Latin America,Tropical,analysis=spatial_spd|dataset_id=25786|region=Latin America|climatezone=Tropical,human,0.0739,0.0739,0.10370000000000001,0.1776,33.13,TRUE,0.2073,0.5365,0.536,TRUE,TRUE,TRUE,TRUE,TRUE,TRUE,TRUE,FALSE,FALSE,TRUE,NA,0.1776,0.5365,0.33103448275862074,0.33134328358208953,TRO
spatial_spd,525,North America,Polar,analysis=spatial_spd|dataset_id=525|region=North America|climatezone=Polar,human,0.0205,0.0205,-0.0167,0.0038,2.03,TRUE,-0.0334,0.1868,0.187,TRUE,TRUE,TRUE,TRUE,TRUE,TRUE,TRUE,FALSE,FALSE,TRUE,NA,0.0038,0.1869,0.020331728196896735,0.020320855614973262,POL
spatial_spd,16269,North America,Cold - Cold Summer,analysis=spatial_spd|dataset_id=16269|region=North America|climatezone=Cold_Without_dry_season_Cold_Summer,human,0.0415,0.0415,0.056799999999999996,0.0983,27.01,TRUE,0.1137,0.3644,0.364,TRUE,TRUE,TRUE,TRUE,TRUE,TRUE,TRUE,FALSE,FALSE,TRUE,NA,0.0983,0.3644,0.2697585071350165,0.27005494505494504,CCS
spatial_spd,22723,Europe,Temperate,analysis=spatial_spd|dataset_id=22723|region=Europe|climatezone=Temperate_Without_dry_season,human,0.1004,0.1004,0.1025,0.2029,37.5,TRUE,0.2051,0.541,0.541,TRUE,TRUE,TRUE,TRUE,TRUE,TRUE,TRUE,FALSE,FALSE,TRUE,NA,0.2029,0.541,0.37504621072088723,0.37504621072088723,TMP
spatial_spd,4200,Europe,Cold - Cold Summer,analysis=spatial_spd|dataset_id=4200|region=Europe|climatezone=Cold_Without_dry_season_Cold_Summer,human,0.3205,0.3205,-0.030299999999999994,0.2902,51.36,TRUE,-0.0606,0.5649,0.565,TRUE,TRUE,TRUE,TRUE,TRUE,TRUE,TRUE,FALSE,FALSE,TRUE,NA,0.2902,0.565,0.5136283185840709,0.5136283185840709,CCS
spatial_spd,46477,Europe,Cold - Warm Summer,analysis=spatial_spd|dataset_id=46477|region=Europe|climatezone=Cold_Without_dry_season_Warm_Summer,human,-0.0638,-0.0638,0.027499999999999997,-0.0363,-26.3,TRUE,0.0549,0.1376,0.138,TRUE,TRUE,TRUE,TRUE,TRUE,TRUE,TRUE,TRUE,TRUE,TRUE,NA,0,0.174,0,-0.26304347826086955,CWS
spatial_spd,374,Europe,Temperate,analysis=spatial_spd|dataset_id=374|region=Europe|climatezone=Temperate_Without_dry_season,human,0.0145,0.0145,0.1263,0.1408,30.61,TRUE,0.2527,0.4597,0.46,TRUE,TRUE,TRUE,TRUE,TRUE,TRUE,TRUE,FALSE,FALSE,TRUE,NA,0.1408,0.4596,0.3063533507397737,0.3060869565217391,TMP
spatial_spd,999,North America,Cold - Hot Summer,analysis=spatial_spd|dataset_id=999|region=North America|climatezone=Cold_Without_dry_season_Hot_Summer,human,0.0766,0.0766,0.0315,0.1081,39.6,TRUE,0.0631,0.2732,0.273,TRUE,TRUE,TRUE,TRUE,TRUE,TRUE,TRUE,FALSE,FALSE,TRUE,NA,0.1081,0.2732,0.39568081991215226,0.39597069597069595,CHS
spatial_spd,1435,Europe,Cold - Warm Summer,analysis=spatial_spd|dataset_id=1435|region=Europe|climatezone=Cold_Without_dry_season_Warm_Summer,human,0.0397,0.0397,-0.012899999999999998,0.0268,5.16,TRUE,-0.0258,0.5185,0.519,TRUE,TRUE,TRUE,TRUE,TRUE,TRUE,TRUE,FALSE,FALSE,TRUE,NA,0.0268,0.5185000000000001,0.05168756027000964,0.05163776493256262,CWS
spatial_spd,853,North America,Cold - Cold Summer,analysis=spatial_spd|dataset_id=853|region=North America|climatezone=Cold_Without_dry_season_Cold_Summer,human,0.2304,0.2304,-0.0713,0.1591,46.52,TRUE,-0.1427,0.3418,0.342,TRUE,TRUE,TRUE,TRUE,TRUE,TRUE,TRUE,FALSE,FALSE,TRUE,NA,0.1591,0.3418,0.4654768870684611,0.46520467836257307,CCS
spatial_spd,4369,Europe,Cold - Warm Summer,analysis=spatial_spd|dataset_id=4369|region=Europe|climatezone=Cold_Without_dry_season_Warm_Summer,human,0.0754,0.0754,0.03380000000000001,0.1092,41.68,TRUE,0.0675,0.2616,0.262,TRUE,TRUE,TRUE,TRUE,TRUE,TRUE,TRUE,FALSE,FALSE,TRUE,NA,0.1092,0.2616,0.41743119266055045,0.416793893129771,CWS
spatial_spd,332,North America,Cold - Warm Summer,analysis=spatial_spd|dataset_id=332|region=North America|climatezone=Cold_Without_dry_season_Warm_Summer,human,0.0555,0.0555,0.1802,0.2357,36.83,TRUE,0.3603,0.6399,0.64,TRUE,TRUE,TRUE,TRUE,TRUE,TRUE,TRUE,FALSE,FALSE,TRUE,NA,0.2357,0.6399,0.368338802937959,0.36828125,CWS
spatial_spd,22971,Europe,Cold - Warm Summer,analysis=spatial_spd|dataset_id=22971|region=Europe|climatezone=Cold_Without_dry_season_Warm_Summer,human,0.001,0.001,0.0036,0.0046,1.73,TRUE,0.0072,0.266,0.266,TRUE,TRUE,TRUE,TRUE,TRUE,TRUE,TRUE,FALSE,FALSE,TRUE,NA,0.0046,0.266,0.017293233082706767,0.017293233082706767,CWS
spatial_spd,3488,North America,Cold - Hot Summer,analysis=spatial_spd|dataset_id=3488|region=North America|climatezone=Cold_Without_dry_season_Hot_Summer,human,0.0163,0.0163,0.1565,0.1728,25.68,TRUE,0.3129,0.6732,0.673,TRUE,TRUE,TRUE,TRUE,TRUE,TRUE,TRUE,FALSE,FALSE,TRUE,NA,0.1728,0.6732,0.25668449197860965,0.2567607726597325,CHS
spatial_spd,1768,North America,Cold - Warm Summer,analysis=spatial_spd|dataset_id=1768|region=North America|climatezone=Cold_Without_dry_season_Warm_Summer,human,-0.0521,-0.0521,0.011299999999999998,-0.0408,-33.44,TRUE,0.0227,0.1221,0.122,TRUE,TRUE,TRUE,TRUE,TRUE,TRUE,TRUE,TRUE,TRUE,TRUE,NA,0,0.1629,0,-0.3344262295081967,CWS
spatial_spd,45324,Europe,Temperate - Dry Summer,analysis=spatial_spd|dataset_id=45324|region=Europe|climatezone=Temperate_Dry_Summer,human,0.1833,0.1833,-0.055999999999999994,0.1273,35.66,TRUE,-0.1119,0.3571,0.357,TRUE,TRUE,TRUE,TRUE,TRUE,TRUE,TRUE,FALSE,FALSE,TRUE,NA,0.1273,0.3571,0.35648277793335204,0.3565826330532213,TDS
spatial_spd,46680,North America,Cold - Cold Summer,analysis=spatial_spd|dataset_id=46680|region=North America|climatezone=Cold_Without_dry_season_Cold_Summer,human,0.0975,0.0975,0.008099999999999996,0.1056,27.86,TRUE,0.0161,0.3787,0.379,TRUE,TRUE,TRUE,TRUE,TRUE,TRUE,TRUE,FALSE,FALSE,TRUE,NA,0.1056,0.37870000000000004,0.278848692896752,0.27862796833773085,CCS
spatial_spd,2954,North America,Cold - Cold Summer,analysis=spatial_spd|dataset_id=2954|region=North America|climatezone=Cold_Without_dry_season_Cold_Summer,human,-0.014,-0.014,-0.0235,-0.0375,-17.2,TRUE,-0.0469,0.2178,0.218,TRUE,TRUE,TRUE,TRUE,TRUE,TRUE,TRUE,TRUE,TRUE,TRUE,NA,0,0.2553,0,-0.1720183486238532,CCS
spatial_spd,531,Europe,Cold - Warm Summer,analysis=spatial_spd|dataset_id=531|region=Europe|climatezone=Cold_Without_dry_season_Warm_Summer,human,0.1192,0.1192,0.014300000000000007,0.1335,64.18,TRUE,0.0286,0.2076,0.208,TRUE,TRUE,TRUE,TRUE,TRUE,TRUE,TRUE,FALSE,FALSE,TRUE,NA,0.1335,0.2076,0.6430635838150289,0.6418269230769231,CWS
spatial_spd,19814,North America,Cold - Dry Summer,analysis=spatial_spd|dataset_id=19814|region=North America|climatezone=Cold_Dry_Summer,human,0.0115,0.0115,0.0217,0.0332,19.3,TRUE,0.0435,0.1722,0.172,TRUE,TRUE,TRUE,TRUE,TRUE,TRUE,TRUE,FALSE,FALSE,TRUE,NA,0.0332,0.17220000000000002,0.1927990708478513,0.1930232558139535,CDS
spatial_spd,4118,Europe,Cold - Warm Summer,analysis=spatial_spd|dataset_id=4118|region=Europe|climatezone=Cold_Without_dry_season_Warm_Summer,human,7e-4,7e-4,0.0119,0.0126,5.23,TRUE,0.0238,0.2407,0.241,TRUE,TRUE,TRUE,TRUE,TRUE,TRUE,TRUE,FALSE,FALSE,TRUE,NA,0.0126,0.2407,0.052347320315745745,0.05228215767634855,CWS
spatial_spd,1966,North America,Cold - Warm Summer,analysis=spatial_spd|dataset_id=1966|region=North America|climatezone=Cold_Without_dry_season_Warm_Summer,human,0.1519,0.1519,0.10229999999999997,0.2542,51.04,TRUE,0.2047,0.4981,0.498,TRUE,TRUE,TRUE,TRUE,TRUE,TRUE,TRUE,FALSE,FALSE,TRUE,NA,0.2542,0.4981,0.5103392892993375,0.510441767068273,CWS
spatial_spd,15191,North America,Temperate,analysis=spatial_spd|dataset_id=15191|region=North America|climatezone=Temperate_Without_dry_season,human,0.0282,0.0282,0.11130000000000001,0.1395,112.5,TRUE,0.2226,0.1236,0.124,TRUE,TRUE,TRUE,TRUE,TRUE,TRUE,TRUE,TRUE,TRUE,TRUE,NA,0.1395,0.1395,1,1.1250000000000002,TMP
spatial_spd,45725,Europe,Cold - Warm Summer,analysis=spatial_spd|dataset_id=45725|region=Europe|climatezone=Cold_Without_dry_season_Warm_Summer,human,0.0862,0.0862,0.036000000000000004,0.1222,29.38,TRUE,0.072,0.4155,0.416,TRUE,TRUE,TRUE,TRUE,TRUE,TRUE,TRUE,FALSE,FALSE,TRUE,NA,0.1222,0.4155,0.2941034897713598,0.29375,CWS
spatial_spd,19834,North America,Cold - Hot Summer,analysis=spatial_spd|dataset_id=19834|region=North America|climatezone=Cold_Without_dry_season_Hot_Summer,human,-0.0178,-0.0178,-0.018199999999999997,-0.036,-62.07,TRUE,-0.0363,0.0577,0.058,TRUE,TRUE,TRUE,TRUE,TRUE,TRUE,TRUE,TRUE,TRUE,TRUE,NA,0,0.0936,0,-0.6206896551724137,CHS
spatial_spd,40793,North America,Cold - Hot Summer,analysis=spatial_spd|dataset_id=40793|region=North America|climatezone=Cold_Without_dry_season_Hot_Summer,human,-0.0179,-0.0179,0.112,0.0941,25.3,TRUE,0.2241,0.3717,0.372,TRUE,TRUE,TRUE,TRUE,TRUE,TRUE,TRUE,TRUE,FALSE,TRUE,NA,0.0941,0.37170000000000003,0.2531611514662362,0.25295698924731186,CHS
spatial_spd,4375,Europe,Temperate,analysis=spatial_spd|dataset_id=4375|region=Europe|climatezone=Temperate_Without_dry_season,human,0.0337,0.0337,0.0283,0.062,13.25,TRUE,0.0567,0.4685,0.468,TRUE,TRUE,TRUE,TRUE,TRUE,TRUE,TRUE,FALSE,FALSE,TRUE,NA,0.062,0.4684,0.13236549957301452,0.13247863247863248,TMP
spatial_spd,15976,North America,Cold - Cold Summer,analysis=spatial_spd|dataset_id=15976|region=North America|climatezone=Cold_Without_dry_season_Cold_Summer,human,0.0453,0.0453,-0.0345,0.0108,4.43,TRUE,-0.069,0.2442,0.244,TRUE,TRUE,TRUE,TRUE,TRUE,TRUE,TRUE,FALSE,FALSE,TRUE,NA,0.0108,0.2442,0.04422604422604423,0.04426229508196722,CCS
spatial_spd,517,North America,Cold - Dry Summer,analysis=spatial_spd|dataset_id=517|region=North America|climatezone=Cold_Dry_Summer,human,0.0971,0.0971,-0.01880000000000001,0.0783,14.55,TRUE,-0.0376,0.5382,0.538,TRUE,TRUE,TRUE,TRUE,TRUE,TRUE,TRUE,FALSE,FALSE,TRUE,NA,0.0783,0.5382,0.1454849498327759,0.14553903345724906,CDS
spatial_spd,849,North America,Cold - Warm Summer,analysis=spatial_spd|dataset_id=849|region=North America|climatezone=Cold_Without_dry_season_Warm_Summer,human,0.0012,0.0012,0.1389,0.1401,26.94,TRUE,0.2779,0.5199,0.52,TRUE,TRUE,TRUE,TRUE,TRUE,TRUE,TRUE,FALSE,FALSE,TRUE,NA,0.1401,0.5199,0.2694748990190421,0.26942307692307693,CWS
spatial_spd,41189,Europe,Temperate,analysis=spatial_spd|dataset_id=41189|region=Europe|climatezone=Temperate_Without_dry_season,human,0.1168,0.1168,0.09910000000000001,0.2159,66.02,TRUE,0.1982,0.327,0.327,TRUE,TRUE,TRUE,TRUE,TRUE,TRUE,TRUE,FALSE,FALSE,TRUE,NA,0.2159,0.327,0.6602446483180429,0.6602446483180429,TMP
spatial_spd,1987,North America,Cold - Cold Summer,analysis=spatial_spd|dataset_id=1987|region=North America|climatezone=Cold_Without_dry_season_Cold_Summer,human,0.0164,0.0164,0.0935,0.1099,20.89,TRUE,0.187,0.5261,0.526,TRUE,TRUE,TRUE,TRUE,TRUE,TRUE,TRUE,FALSE,FALSE,TRUE,NA,0.1099,0.5261,0.20889564721535828,0.20893536121673004,CCS
spatial_spd,22662,Europe,Cold - Cold Summer,analysis=spatial_spd|dataset_id=22662|region=Europe|climatezone=Cold_Without_dry_season_Cold_Summer,human,-0.0249,-0.0249,0.0339,0.009,2.17,TRUE,0.0676,0.415,0.415,TRUE,TRUE,TRUE,TRUE,TRUE,TRUE,TRUE,TRUE,FALSE,TRUE,NA,0.009,0.4151,0.021681522524692843,0.021686746987951807,CCS
spatial_spd,841,North America,Cold - Cold Summer,analysis=spatial_spd|dataset_id=841|region=North America|climatezone=Cold_Without_dry_season_Cold_Summer,human,-0.0172,-0.0172,0.0168,-4e-4,-0.14,TRUE,0.0335,0.2937,0.294,TRUE,TRUE,TRUE,TRUE,TRUE,TRUE,TRUE,TRUE,TRUE,TRUE,NA,0,0.2941,0,-0.001360544217687075,CCS
spatial_spd,17880,North America,Cold - Warm Summer,analysis=spatial_spd|dataset_id=17880|region=North America|climatezone=Cold_Without_dry_season_Warm_Summer,human,-0.0304,-0.0304,0.07,0.0396,10.79,TRUE,0.14,0.3665,0.367,TRUE,TRUE,TRUE,TRUE,TRUE,TRUE,TRUE,TRUE,FALSE,TRUE,NA,0.0396,0.36650000000000005,0.10804911323328785,0.10790190735694824,CWS
spatial_spd,24993,Europe,Cold - Cold Summer,analysis=spatial_spd|dataset_id=24993|region=Europe|climatezone=Cold_Without_dry_season_Cold_Summer,human,0.1981,0.1981,0.19430000000000003,0.3924,48.81,TRUE,0.3886,0.8038,0.804,TRUE,TRUE,TRUE,TRUE,TRUE,TRUE,TRUE,FALSE,FALSE,TRUE,NA,0.3924,0.8038000000000001,0.4881811395869619,0.4880597014925373,CCS
spatial_spd,40627,Europe,Cold - Warm Summer,analysis=spatial_spd|dataset_id=40627|region=Europe|climatezone=Cold_Without_dry_season_Warm_Summer,human,0.0208,0.0208,0.012400000000000001,0.0332,39.52,TRUE,0.0248,0.0837,0.084,TRUE,TRUE,TRUE,TRUE,TRUE,TRUE,TRUE,FALSE,FALSE,TRUE,NA,0.0332,0.0837,0.39665471923536444,0.3952380952380952,CWS
spatial_spd,15368,North America,Arid,analysis=spatial_spd|dataset_id=15368|region=North America|climatezone=Arid,human,0.0166,0.0166,-0.0205,-0.0039,-1.51,TRUE,-0.0409,0.2593,0.259,TRUE,TRUE,TRUE,TRUE,TRUE,TRUE,TRUE,FALSE,TRUE,TRUE,NA,0,0.2632,0,-0.015057915057915056,ARD
spatial_spd,3972,Europe,Temperate,analysis=spatial_spd|dataset_id=3972|region=Europe|climatezone=Temperate_Without_dry_season,human,0.2087,0.2087,-0.04089999999999999,0.1678,45.35,TRUE,-0.0818,0.3705,0.37,TRUE,TRUE,TRUE,TRUE,TRUE,TRUE,TRUE,FALSE,FALSE,TRUE,NA,0.1678,0.3705,0.4529014844804319,0.45351351351351354,TMP
spatial_spd,45393,Europe,Cold - Warm Summer,analysis=spatial_spd|dataset_id=45393|region=Europe|climatezone=Cold_Without_dry_season_Warm_Summer,human,-0.0393,-0.0393,0.0137,-0.0256,-5.57,TRUE,0.0273,0.4604,0.46,TRUE,TRUE,TRUE,TRUE,TRUE,TRUE,TRUE,TRUE,TRUE,TRUE,NA,0,0.486,0,-0.05565217391304348,CWS
spatial_spd,42542,Europe,Cold - Cold Summer,analysis=spatial_spd|dataset_id=42542|region=Europe|climatezone=Cold_Without_dry_season_Cold_Summer,human,-0.0315,-0.0315,0.0116,-0.0199,-7.03,TRUE,0.0233,0.283,0.283,TRUE,TRUE,TRUE,TRUE,TRUE,TRUE,TRUE,TRUE,TRUE,TRUE,NA,0,0.3029,0,-0.07031802120141344,CCS
spatial_spd,45312,Europe,Polar,analysis=spatial_spd|dataset_id=45312|region=Europe|climatezone=Polar,human,0.0689,0.0689,0.004199999999999995,0.0731,11.92,TRUE,0.0085,0.6135,0.613,TRUE,TRUE,TRUE,TRUE,TRUE,TRUE,TRUE,FALSE,FALSE,TRUE,NA,0.0731,0.6134999999999999,0.11915240423797882,0.11924959216965743,POL
spatial_spd,21790,Europe,Cold - Cold Summer,analysis=spatial_spd|dataset_id=21790|region=Europe|climatezone=Cold_Without_dry_season_Cold_Summer,human,0.3431,0.3431,-0.0040999999999999925,0.339,65.19,TRUE,-0.0082,0.5197,0.52,TRUE,TRUE,TRUE,TRUE,TRUE,TRUE,TRUE,FALSE,FALSE,TRUE,NA,0.339,0.5196000000000001,0.6524249422632794,0.6519230769230769,CCS
spatial_spd,45642,Europe,Cold - Cold Summer,analysis=spatial_spd|dataset_id=45642|region=Europe|climatezone=Cold_Without_dry_season_Cold_Summer,human,0.0367,0.0367,-0.0323,0.0044,0.85,TRUE,-0.0645,0.517,0.517,TRUE,TRUE,TRUE,TRUE,TRUE,TRUE,TRUE,FALSE,FALSE,TRUE,NA,0.0044,0.5168999999999999,0.008512284774617917,0.00851063829787234,CCS
spatial_spd,41634,Europe,Temperate,analysis=spatial_spd|dataset_id=41634|region=Europe|climatezone=Temperate_Without_dry_season,human,0.0023,0.0023,-0.0184,-0.0161,-7.42,TRUE,-0.0369,0.2166,0.217,TRUE,TRUE,TRUE,TRUE,TRUE,TRUE,TRUE,FALSE,TRUE,TRUE,NA,0,0.2327,0,-0.07419354838709677,TMP
spatial_spd,1153,North America,Cold - Warm Summer,analysis=spatial_spd|dataset_id=1153|region=North America|climatezone=Cold_Without_dry_season_Warm_Summer,human,0.0162,0.0162,0.11650000000000002,0.1327,23.78,TRUE,0.2328,0.5581,0.558,TRUE,TRUE,TRUE,TRUE,TRUE,TRUE,TRUE,FALSE,FALSE,TRUE,NA,0.1327,0.5582,0.23772841275528486,0.23781362007168458,CWS
spatial_spd,22400,North America,Cold - Cold Summer,analysis=spatial_spd|dataset_id=22400|region=North America|climatezone=Cold_Without_dry_season_Cold_Summer,human,-0.0151,-0.0151,0.0645,0.0494,50.93,TRUE,0.1291,0.0966,0.097,TRUE,TRUE,TRUE,TRUE,TRUE,TRUE,TRUE,TRUE,FALSE,TRUE,NA,0.0494,0.09659999999999999,0.5113871635610766,0.5092783505154639,CCS
spatial_spd,22346,Europe,Cold - Warm Summer,analysis=spatial_spd|dataset_id=22346|region=Europe|climatezone=Cold_Without_dry_season_Warm_Summer,human,-0.0661,-0.0661,0.03300000000000001,-0.0331,-19.59,TRUE,0.0661,0.1691,0.169,TRUE,TRUE,TRUE,TRUE,TRUE,TRUE,TRUE,TRUE,TRUE,TRUE,NA,0,0.2022,0,-0.19585798816568045,CWS
spatial_spd,4410,Europe,Temperate,analysis=spatial_spd|dataset_id=4410|region=Europe|climatezone=Temperate_Without_dry_season,human,0.266,0.266,-0.0665,0.1995,60.45,TRUE,-0.1332,0.33,0.33,TRUE,TRUE,TRUE,TRUE,TRUE,TRUE,TRUE,FALSE,FALSE,TRUE,NA,0.1995,0.3301,0.6043623144501666,0.6045454545454545,TMP
spatial_spd,48986,Europe,Temperate,analysis=spatial_spd|dataset_id=48986|region=Europe|climatezone=Temperate_Without_dry_season,human,0.296,0.296,-0.06749999999999998,0.2285,67.21,TRUE,-0.135,0.3399,0.34,TRUE,TRUE,TRUE,TRUE,TRUE,TRUE,TRUE,FALSE,FALSE,TRUE,NA,0.2285,0.3399,0.6722565460429539,0.6720588235294117,TMP
spatial_spd,41612,North America,Polar,analysis=spatial_spd|dataset_id=41612|region=North America|climatezone=Polar,human,-0.0506,-0.0506,0.039599999999999996,-0.011,-16.67,TRUE,0.0792,0.0656,0.066,TRUE,TRUE,TRUE,TRUE,TRUE,TRUE,TRUE,TRUE,TRUE,TRUE,NA,0,0.0766,0,-0.16666666666666666,POL
spatial_spd,47687,North America,Arid,analysis=spatial_spd|dataset_id=47687|region=North America|climatezone=Arid,human,0.2038,0.2038,-0.0753,0.1285,56.11,TRUE,-0.1507,0.2289,0.229,TRUE,TRUE,TRUE,TRUE,TRUE,TRUE,TRUE,FALSE,FALSE,TRUE,NA,0.1285,0.2289,0.561380515508956,0.5611353711790393,ARD
spatial_spd,22669,Europe,Temperate,analysis=spatial_spd|dataset_id=22669|region=Europe|climatezone=Temperate_Without_dry_season,human,0.0698,0.0698,-0.024300000000000002,0.0455,13.15,TRUE,-0.0485,0.3458,0.346,TRUE,TRUE,TRUE,TRUE,TRUE,TRUE,TRUE,FALSE,FALSE,TRUE,NA,0.0455,0.3458,0.13157894736842105,0.1315028901734104,TMP
spatial_spd,4258,Europe,Cold - Cold Summer,analysis=spatial_spd|dataset_id=4258|region=Europe|climatezone=Cold_Without_dry_season_Cold_Summer,human,-0.1463,-0.1463,0.041700000000000015,-0.1046,-153.82,TRUE,0.0834,0.0678,0.068,TRUE,TRUE,TRUE,TRUE,TRUE,TRUE,TRUE,TRUE,TRUE,TRUE,NA,0,0.1724,0,-1.538235294117647,CCS
spatial_spd,16009,North America,Temperate,analysis=spatial_spd|dataset_id=16009|region=North America|climatezone=Temperate_Without_dry_season,human,0.1612,0.1612,0.030299999999999994,0.1915,79.79,TRUE,0.0606,0.24,0.24,TRUE,TRUE,TRUE,TRUE,TRUE,TRUE,TRUE,FALSE,FALSE,TRUE,NA,0.1915,0.24,0.7979166666666667,0.7979166666666667,TMP
spatial_spd,48358,Europe,Polar,analysis=spatial_spd|dataset_id=48358|region=Europe|climatezone=Polar,human,0.0331,0.0331,0.0023000000000000034,0.0354,7.65,TRUE,0.0047,0.4628,0.463,TRUE,TRUE,TRUE,TRUE,TRUE,TRUE,TRUE,FALSE,FALSE,TRUE,NA,0.0354,0.4628,0.07649092480553155,0.07645788336933045,POL
spatial_spd,1028,North America,Polar,analysis=spatial_spd|dataset_id=1028|region=North America|climatezone=Polar,human,-0.0124,-0.0124,0.0605,0.0481,9.82,TRUE,0.1209,0.4898,0.49,TRUE,TRUE,TRUE,TRUE,TRUE,TRUE,TRUE,TRUE,FALSE,TRUE,NA,0.0481,0.48979999999999996,0.09820334830543079,0.09816326530612245,POL
spatial_spd,1715,North America,Cold - Warm Summer,analysis=spatial_spd|dataset_id=1715|region=North America|climatezone=Cold_Without_dry_season_Warm_Summer,human,0.0149,0.0149,0.08460000000000001,0.0995,19.55,TRUE,0.1693,0.5088,0.509,TRUE,TRUE,TRUE,TRUE,TRUE,TRUE,TRUE,FALSE,FALSE,TRUE,NA,0.0995,0.5087,0.19559661883231766,0.19548133595284872,CWS
spatial_spd,258,North America,Cold - Cold Summer,analysis=spatial_spd|dataset_id=258|region=North America|climatezone=Cold_Without_dry_season_Cold_Summer,human,0.0348,0.0348,0.014400000000000003,0.0492,7.83,TRUE,0.0288,0.6276,0.628,TRUE,TRUE,TRUE,TRUE,TRUE,TRUE,TRUE,FALSE,FALSE,TRUE,NA,0.0492,0.6276,0.07839388145315487,0.07834394904458598,CCS
spatial_spd,43533,Europe,Temperate,analysis=spatial_spd|dataset_id=43533|region=Europe|climatezone=Temperate_Without_dry_season,human,0.0798,0.0798,-0.006399999999999989,0.0734,36.16,TRUE,-0.0129,0.2027,0.203,TRUE,TRUE,TRUE,TRUE,TRUE,TRUE,TRUE,FALSE,FALSE,TRUE,NA,0.0734,0.2027,0.362111494819931,0.361576354679803,TMP
spatial_spd,47502,Latin America,Temperate,analysis=spatial_spd|dataset_id=47502|region=Latin America|climatezone=Temperate_Without_dry_season,human,0.4103,0.4103,0.05940000000000001,0.4697,97.45,TRUE,0.1187,0.4815,0.482,TRUE,TRUE,TRUE,TRUE,TRUE,TRUE,TRUE,TRUE,FALSE,TRUE,NA,0.4697,0.4815,0.9754932502596054,0.97448132780083,TMP
spatial_spd,2266,North America,Cold - Warm Summer,analysis=spatial_spd|dataset_id=2266|region=North America|climatezone=Cold_Without_dry_season_Warm_Summer,human,0.1585,0.1585,0.017999999999999988,0.1765,63.04,TRUE,0.036,0.2802,0.28,TRUE,TRUE,TRUE,TRUE,TRUE,TRUE,TRUE,FALSE,FALSE,TRUE,NA,0.1765,0.2802,0.6299072091363311,0.6303571428571427,CWS
spatial_spd,24055,Europe,Cold - Cold Summer,analysis=spatial_spd|dataset_id=24055|region=Europe|climatezone=Cold_Without_dry_season_Cold_Summer,human,0.0901,0.0901,0.005299999999999999,0.0954,22.5,TRUE,0.0106,0.4238,0.424,TRUE,TRUE,TRUE,TRUE,TRUE,TRUE,TRUE,FALSE,FALSE,TRUE,NA,0.0954,0.4238,0.22510618216139688,0.225,CCS
spatial_spd,287,North America,Cold - Hot Summer,analysis=spatial_spd|dataset_id=287|region=North America|climatezone=Cold_Without_dry_season_Hot_Summer,human,-0.0043,-0.0043,0.0736,0.0693,13.1,TRUE,0.1471,0.5288,0.529,TRUE,TRUE,TRUE,TRUE,TRUE,TRUE,TRUE,TRUE,FALSE,TRUE,NA,0.0693,0.5289,0.13102665910380032,0.13100189035916823,CHS
spatial_spd,329,North America,Cold - Warm Summer,analysis=spatial_spd|dataset_id=329|region=North America|climatezone=Cold_Without_dry_season_Warm_Summer,human,-0.048,-0.048,0.1032,0.0552,15.77,TRUE,0.2064,0.3498,0.35,TRUE,TRUE,TRUE,TRUE,TRUE,TRUE,TRUE,TRUE,FALSE,TRUE,NA,0.0552,0.3498,0.15780445969125215,0.15771428571428572,CWS
spatial_spd,1548,North America,Cold - Warm Summer,analysis=spatial_spd|dataset_id=1548|region=North America|climatezone=Cold_Without_dry_season_Warm_Summer,human,0.0448,0.0448,0.011200000000000002,0.056,15.18,TRUE,0.0224,0.3686,0.369,TRUE,TRUE,TRUE,TRUE,TRUE,TRUE,TRUE,FALSE,FALSE,TRUE,NA,0.056,0.3686,0.1519262072707542,0.15176151761517614,CWS
spatial_spd,285,Oceania,Cold - Cold Summer,analysis=spatial_spd|dataset_id=285|region=Oceania|climatezone=Cold_Without_dry_season_Cold_Summer,human,-0.0809,-0.0809,0.062,-0.0189,-99.47,TRUE,0.1241,0.0186,0.019,TRUE,TRUE,TRUE,TRUE,TRUE,TRUE,TRUE,TRUE,TRUE,TRUE,NA,0,0.0375,0,-0.9947368421052631,CCS
spatial_spd,40914,North America,Cold - Warm Summer,analysis=spatial_spd|dataset_id=40914|region=North America|climatezone=Cold_Without_dry_season_Warm_Summer,human,0.065,0.065,0.1281,0.1931,50.82,TRUE,0.2562,0.3797,0.38,TRUE,TRUE,TRUE,TRUE,TRUE,TRUE,TRUE,FALSE,FALSE,TRUE,NA,0.1931,0.3797,0.5085593889913089,0.508157894736842,CWS
spatial_spd,45395,Europe,Cold - Warm Summer,analysis=spatial_spd|dataset_id=45395|region=Europe|climatezone=Cold_Without_dry_season_Warm_Summer,human,0.1736,0.1736,0.0552,0.2288,48.78,TRUE,0.1104,0.4689,0.469,TRUE,TRUE,TRUE,TRUE,TRUE,TRUE,TRUE,FALSE,FALSE,TRUE,NA,0.2288,0.4689,0.48795052249946685,0.48784648187633267,CWS
spatial_spd,46630,North America,Temperate - Dry Summer,analysis=spatial_spd|dataset_id=46630|region=North America|climatezone=Temperate_Dry_Summer,human,0.022,0.022,0.0165,0.0385,192.5,TRUE,0.0328,0.0198,0.02,TRUE,TRUE,TRUE,TRUE,TRUE,TRUE,TRUE,TRUE,TRUE,TRUE,NA,0.0385,0.0385,1,1.925,TDS
spatial_spd,4549,Europe,Polar,analysis=spatial_spd|dataset_id=4549|region=Europe|climatezone=Polar,human,-0.0018,-0.0018,0.042100000000000005,0.0403,32.5,TRUE,0.0842,0.1235,0.124,TRUE,TRUE,TRUE,TRUE,TRUE,TRUE,TRUE,TRUE,FALSE,TRUE,NA,0.0403,0.1235,0.3263157894736842,0.325,POL
spatial_spd,18100,Latin America,Tropical,analysis=spatial_spd|dataset_id=18100|region=Latin America|climatezone=Tropical,human,0.0734,0.0734,0.009899999999999992,0.0833,35.15,TRUE,0.0197,0.237,0.237,TRUE,TRUE,TRUE,TRUE,TRUE,TRUE,TRUE,FALSE,FALSE,TRUE,NA,0.0833,0.23709999999999998,0.35132855335301566,0.35147679324894515,TRO
spatial_spd,15366,Latin America,Polar,analysis=spatial_spd|dataset_id=15366|region=Latin America|climatezone=Polar,human,0.0322,0.0322,0.032999999999999995,0.0652,13.53,TRUE,0.066,0.4818,0.482,TRUE,TRUE,TRUE,TRUE,TRUE,TRUE,TRUE,FALSE,FALSE,TRUE,NA,0.0652,0.4818,0.1353258613532586,0.13526970954356846,POL
spatial_spd,15203,North America,Cold - Warm Summer,analysis=spatial_spd|dataset_id=15203|region=North America|climatezone=Cold_Without_dry_season_Warm_Summer,human,-0.031,-0.031,0.0485,0.0175,5.91,TRUE,0.0971,0.2959,0.296,TRUE,TRUE,TRUE,TRUE,TRUE,TRUE,TRUE,TRUE,FALSE,TRUE,NA,0.0175,0.2959,0.059141601892531266,0.05912162162162163,CWS
spatial_spd,15594,North America,Cold - Dry Summer,analysis=spatial_spd|dataset_id=15594|region=North America|climatezone=Cold_Dry_Summer,human,0.3259,0.3259,0.012299999999999978,0.3382,68.6,TRUE,0.0246,0.4928,0.493,TRUE,TRUE,TRUE,TRUE,TRUE,TRUE,TRUE,FALSE,FALSE,TRUE,NA,0.3382,0.4928,0.6862824675324675,0.6860040567951319,CDS
spatial_spd,15724,North America,Cold - Cold Summer,analysis=spatial_spd|dataset_id=15724|region=North America|climatezone=Cold_Without_dry_season_Cold_Summer,human,0.0087,0.0087,-0.006499999999999999,0.0022,0.43,TRUE,-0.0129,0.5082,0.508,TRUE,TRUE,TRUE,TRUE,TRUE,TRUE,TRUE,FALSE,FALSE,TRUE,NA,0.0022,0.5082,0.004329004329004329,0.004330708661417323,CCS
spatial_spd,17404,North America,Cold - Warm Summer,analysis=spatial_spd|dataset_id=17404|region=North America|climatezone=Cold_Without_dry_season_Warm_Summer,human,0.0823,0.0823,0.22140000000000004,0.3037,48.13,TRUE,0.4429,0.6315,0.631,TRUE,TRUE,TRUE,TRUE,TRUE,TRUE,TRUE,FALSE,FALSE,TRUE,NA,0.3037,0.6315,0.4809184481393508,0.48129952456418384,CWS
spatial_spd,16131,North America,Cold - Dry Summer,analysis=spatial_spd|dataset_id=16131|region=North America|climatezone=Cold_Dry_Summer,human,0.0053,0.0053,0.1037,0.109,187.93,TRUE,0.2075,0.0576,0.058,TRUE,TRUE,TRUE,TRUE,TRUE,TRUE,TRUE,TRUE,TRUE,TRUE,NA,0.109,0.109,1,1.879310344827586,CDS
spatial_spd,3471,North America,Polar,analysis=spatial_spd|dataset_id=3471|region=North America|climatezone=Polar,human,-0.0226,-0.0226,0.009799999999999998,-0.0128,-2.81,TRUE,0.0196,0.4561,0.456,TRUE,TRUE,TRUE,TRUE,TRUE,TRUE,TRUE,TRUE,TRUE,TRUE,NA,0,0.4689,0,-0.028070175438596492,POL
spatial_spd,1631,Latin America,Polar,analysis=spatial_spd|dataset_id=1631|region=Latin America|climatezone=Polar,human,0.0781,0.0781,-0.008199999999999999,0.0699,10.7,TRUE,-0.0164,0.6535,0.653,TRUE,TRUE,TRUE,TRUE,TRUE,TRUE,TRUE,FALSE,FALSE,TRUE,NA,0.0699,0.6535,0.10696250956388677,0.10704441041347626,POL
spatial_spd,3130,North America,Cold - Warm Summer,analysis=spatial_spd|dataset_id=3130|region=North America|climatezone=Cold_Without_dry_season_Warm_Summer,human,0.0554,0.0554,0.0381,0.0935,25.83,TRUE,0.0764,0.362,0.362,TRUE,TRUE,TRUE,TRUE,TRUE,TRUE,TRUE,FALSE,FALSE,TRUE,NA,0.0935,0.3619,0.25835866261398177,0.2582872928176796,CWS
spatial_spd,22791,Europe,Cold - Warm Summer,analysis=spatial_spd|dataset_id=22791|region=Europe|climatezone=Cold_Without_dry_season_Warm_Summer,human,-0.0052,-0.0052,0.0208,0.0156,6.75,TRUE,0.0417,0.2311,0.231,TRUE,TRUE,TRUE,TRUE,TRUE,TRUE,TRUE,TRUE,FALSE,TRUE,NA,0.0156,0.2311,0.06750324534833405,0.06753246753246753,CWS
spatial_spd,4259,Europe,Cold - Cold Summer,analysis=spatial_spd|dataset_id=4259|region=Europe|climatezone=Cold_Without_dry_season_Cold_Summer,human,0.0854,0.0854,0.03849999999999999,0.1239,24.2,TRUE,0.077,0.5125,0.512,TRUE,TRUE,TRUE,TRUE,TRUE,TRUE,TRUE,FALSE,FALSE,TRUE,NA,0.1239,0.5125,0.24175609756097563,0.24199218749999998,CCS
spatial_spd,24863,Europe,Temperate,analysis=spatial_spd|dataset_id=24863|region=Europe|climatezone=Temperate_Without_dry_season,human,-0.0114,-0.0114,0.0055000000000000005,-0.0059,-1.57,TRUE,0.0111,0.3755,0.376,TRUE,TRUE,TRUE,TRUE,TRUE,TRUE,TRUE,TRUE,TRUE,TRUE,NA,0,0.3814,0,-0.015691489361702126,TMP
spatial_spd,4425,Europe,Cold - Warm Summer,analysis=spatial_spd|dataset_id=4425|region=Europe|climatezone=Cold_Without_dry_season_Warm_Summer,human,-0.0074,-0.0074,0.09860000000000001,0.0912,24.92,TRUE,0.1973,0.3663,0.366,TRUE,TRUE,TRUE,TRUE,TRUE,TRUE,TRUE,TRUE,FALSE,TRUE,NA,0.0912,0.3663,0.24897624897624898,0.24918032786885247,CWS
spatial_spd,1633,North America,Cold - Hot Summer,analysis=spatial_spd|dataset_id=1633|region=North America|climatezone=Cold_Without_dry_season_Hot_Summer,human,-0.0443,-0.0443,0.0764,0.0321,7.48,TRUE,0.1528,0.4287,0.429,TRUE,TRUE,TRUE,TRUE,TRUE,TRUE,TRUE,TRUE,FALSE,TRUE,NA,0.0321,0.4287,0.07487753673897829,0.07482517482517481,CHS
spatial_spd,15392,North America,Polar,analysis=spatial_spd|dataset_id=15392|region=North America|climatezone=Polar,human,-0.006,-0.006,-0.013699999999999999,-0.0197,-3.87,TRUE,-0.0275,0.5094,0.509,TRUE,TRUE,TRUE,TRUE,TRUE,TRUE,TRUE,TRUE,TRUE,TRUE,NA,0,0.5291,0,-0.0387033398821218,POL
spatial_spd,22344,Europe,Cold - Warm Summer,analysis=spatial_spd|dataset_id=22344|region=Europe|climatezone=Cold_Without_dry_season_Warm_Summer,human,-0.0184,-0.0184,0.0316,0.0132,8.8,TRUE,0.0632,0.1503,0.15,TRUE,TRUE,TRUE,TRUE,TRUE,TRUE,TRUE,TRUE,FALSE,TRUE,NA,0.0132,0.1503,0.08782435129740519,0.08800000000000001,CWS
spatial_spd,1755,North America,Cold - Cold Summer,analysis=spatial_spd|dataset_id=1755|region=North America|climatezone=Cold_Without_dry_season_Cold_Summer,human,-0.0118,-0.0118,0.07590000000000001,0.0641,13.9,TRUE,0.1518,0.4608,0.461,TRUE,TRUE,TRUE,TRUE,TRUE,TRUE,TRUE,TRUE,FALSE,TRUE,NA,0.0641,0.4608,0.1391059027777778,0.13904555314533623,CCS
spatial_spd,45281,Europe,Cold - Cold Summer,analysis=spatial_spd|dataset_id=45281|region=Europe|climatezone=Cold_Without_dry_season_Cold_Summer,human,-0.0291,-0.0291,-0.020900000000000002,-0.05,-23.92,TRUE,-0.0419,0.2085,0.209,TRUE,TRUE,TRUE,TRUE,TRUE,TRUE,TRUE,TRUE,TRUE,TRUE,NA,0,0.2586,0,-0.23923444976076558,CCS
spatial_spd,2352,North America,Cold - Cold Summer,analysis=spatial_spd|dataset_id=2352|region=North America|climatezone=Cold_Without_dry_season_Cold_Summer,human,0.0406,0.0406,0.1031,0.1437,20.24,TRUE,0.2061,0.7101,0.71,TRUE,TRUE,TRUE,TRUE,TRUE,TRUE,TRUE,FALSE,FALSE,TRUE,NA,0.1437,0.7101,0.20236586396282213,0.2023943661971831,CCS
spatial_spd,32426,Oceania,Temperate,analysis=spatial_spd|dataset_id=32426|region=Oceania|climatezone=Temperate_Without_dry_season,human,0.0253,0.0253,5.999999999999998e-4,0.0259,5.48,TRUE,0.0012,0.4727,0.473,TRUE,TRUE,TRUE,TRUE,TRUE,TRUE,TRUE,FALSE,FALSE,TRUE,NA,0.0259,0.47269999999999995,0.05479162259361117,0.054756871035940805,TMP
spatial_spd,4393,Europe,Cold - Cold Summer,analysis=spatial_spd|dataset_id=4393|region=Europe|climatezone=Cold_Without_dry_season_Cold_Summer,human,0.044,0.044,0.1044,0.1484,60.33,TRUE,0.2088,0.246,0.246,TRUE,TRUE,TRUE,TRUE,TRUE,TRUE,TRUE,TRUE,FALSE,TRUE,NA,0.1484,0.246,0.6032520325203252,0.6032520325203252,CCS
spatial_spd,4421,Europe,Temperate,analysis=spatial_spd|dataset_id=4421|region=Europe|climatezone=Temperate_Without_dry_season,human,0.0523,0.0523,0.1055,0.1578,76.98,TRUE,0.2109,0.2049,0.205,TRUE,TRUE,TRUE,TRUE,TRUE,TRUE,TRUE,TRUE,FALSE,TRUE,NA,0.1578,0.2049,0.7701317715959004,0.7697560975609756,TMP
spatial_spd,22960,Europe,Polar,analysis=spatial_spd|dataset_id=22960|region=Europe|climatezone=Polar,human,-0.0013,-0.0013,0.0049,0.0036,1.03,TRUE,0.0098,0.3495,0.35,TRUE,TRUE,TRUE,TRUE,TRUE,TRUE,TRUE,TRUE,FALSE,TRUE,NA,0.0036,0.3495,0.010300429184549357,0.010285714285714287,POL
spatial_spd,4377,Europe,Cold - Warm Summer,analysis=spatial_spd|dataset_id=4377|region=Europe|climatezone=Cold_Without_dry_season_Warm_Summer,human,-0.0193,-0.0193,0.0427,0.0234,9.79,TRUE,0.0855,0.2391,0.239,TRUE,TRUE,TRUE,TRUE,TRUE,TRUE,TRUE,TRUE,FALSE,TRUE,NA,0.0234,0.2391,0.09786700125470514,0.09790794979079498,CWS
spatial_spd,3048,North America,Cold - Cold Summer,analysis=spatial_spd|dataset_id=3048|region=North America|climatezone=Cold_Without_dry_season_Cold_Summer,human,0.0012,0.0012,-0.0184,-0.0172,-14.45,TRUE,-0.0367,0.119,0.119,TRUE,TRUE,TRUE,TRUE,TRUE,TRUE,TRUE,FALSE,TRUE,TRUE,NA,0,0.1362,0,-0.14453781512605043,CCS
spatial_spd,857,North America,Cold - Warm Summer,analysis=spatial_spd|dataset_id=857|region=North America|climatezone=Cold_Without_dry_season_Warm_Summer,human,0.0452,0.0452,0.062400000000000004,0.1076,21.96,TRUE,0.1249,0.4904,0.49,TRUE,TRUE,TRUE,TRUE,TRUE,TRUE,TRUE,FALSE,FALSE,TRUE,NA,0.1076,0.49029999999999996,0.21945747501529678,0.21959183673469387,CWS
spatial_spd,699,North America,Temperate,analysis=spatial_spd|dataset_id=699|region=North America|climatezone=Temperate_Without_dry_season,human,-0.0928,-0.0928,0.04329999999999999,-0.0495,-41.25,TRUE,0.0866,0.12,0.12,TRUE,TRUE,TRUE,TRUE,TRUE,TRUE,TRUE,TRUE,TRUE,TRUE,NA,0,0.1695,0,-0.41250000000000003,TMP
spatial_spd,1621,Latin America,Tropical,analysis=spatial_spd|dataset_id=1621|region=Latin America|climatezone=Tropical,human,-0.0131,-0.0131,0.1068,0.0937,23.08,TRUE,0.2137,0.4061,0.406,TRUE,TRUE,TRUE,TRUE,TRUE,TRUE,TRUE,TRUE,FALSE,TRUE,NA,0.0937,0.406,0.23078817733990148,0.23078817733990148,TRO
spatial_spd,20833,North America,Cold - Warm Summer,analysis=spatial_spd|dataset_id=20833|region=North America|climatezone=Cold_Without_dry_season_Warm_Summer,human,-0.0076,-0.0076,0.1037,0.0961,28.52,TRUE,0.2074,0.337,0.337,TRUE,TRUE,TRUE,TRUE,TRUE,TRUE,TRUE,TRUE,FALSE,TRUE,NA,0.0961,0.337,0.28516320474777446,0.28516320474777446,CWS
spatial_spd,15904,North America,Cold - Warm Summer,analysis=spatial_spd|dataset_id=15904|region=North America|climatezone=Cold_Without_dry_season_Warm_Summer,human,-0.0531,-0.0531,0.0689,0.0158,35.11,TRUE,0.1377,0.0446,0.045,TRUE,TRUE,TRUE,TRUE,TRUE,TRUE,TRUE,TRUE,FALSE,TRUE,NA,0.0158,0.0446,0.3542600896860987,0.35111111111111115,CWS
spatial_spd,2049,North America,Cold - Cold Summer,analysis=spatial_spd|dataset_id=2049|region=North America|climatezone=Cold_Without_dry_season_Cold_Summer,human,0.0203,0.0203,0.0828,0.1031,25.02,TRUE,0.1656,0.4118,0.412,TRUE,TRUE,TRUE,TRUE,TRUE,TRUE,TRUE,FALSE,FALSE,TRUE,NA,0.1031,0.41179999999999994,0.2503642544924721,0.25024271844660195,CCS
spatial_spd,324,North America,Cold - Warm Summer,analysis=spatial_spd|dataset_id=324|region=North America|climatezone=Cold_Without_dry_season_Warm_Summer,human,0.1161,0.1161,-0.004199999999999995,0.1119,48.23,TRUE,-0.0084,0.2319,0.232,TRUE,TRUE,TRUE,TRUE,TRUE,TRUE,TRUE,FALSE,FALSE,TRUE,NA,0.1119,0.2319,0.48253557567917205,0.48232758620689653,CWS
spatial_spd,40111,North America,Temperate,analysis=spatial_spd|dataset_id=40111|region=North America|climatezone=Temperate_Without_dry_season,human,-0.0069,-0.0069,0.0922,0.0853,40.43,TRUE,0.1844,0.2113,0.211,TRUE,TRUE,TRUE,TRUE,TRUE,TRUE,TRUE,TRUE,FALSE,TRUE,NA,0.0853,0.2112,0.40388257575757575,0.4042654028436019,TMP
spatial_spd,2381,North America,Cold - Cold Summer,analysis=spatial_spd|dataset_id=2381|region=North America|climatezone=Cold_Without_dry_season_Cold_Summer,human,-0.0376,-0.0376,0.0645,0.0269,10.27,TRUE,0.129,0.262,0.262,TRUE,TRUE,TRUE,TRUE,TRUE,TRUE,TRUE,TRUE,FALSE,TRUE,NA,0.0269,0.262,0.10267175572519084,0.10267175572519084,CCS
spatial_spd,17385,North America,Cold - Cold Summer,analysis=spatial_spd|dataset_id=17385|region=North America|climatezone=Cold_Without_dry_season_Cold_Summer,human,-0.0161,-0.0161,0.0412,0.0251,5.2,TRUE,0.0824,0.4834,0.483,TRUE,TRUE,TRUE,TRUE,TRUE,TRUE,TRUE,TRUE,FALSE,TRUE,NA,0.0251,0.4834,0.05192387256930079,0.05196687370600414,CCS
spatial_spd,1769,North America,Cold - Cold Summer,analysis=spatial_spd|dataset_id=1769|region=North America|climatezone=Cold_Without_dry_season_Cold_Summer,human,0.0626,0.0626,0.07429999999999999,0.1369,26.38,TRUE,0.1487,0.5195,0.519,TRUE,TRUE,TRUE,TRUE,TRUE,TRUE,TRUE,FALSE,FALSE,TRUE,NA,0.1369,0.5195,0.2635226179018287,0.263776493256262,CCS
spatial_spd,1142,North America,Cold - Cold Summer,analysis=spatial_spd|dataset_id=1142|region=North America|climatezone=Cold_Without_dry_season_Cold_Summer,human,0.1105,0.1105,0.04909999999999999,0.1596,39.6,TRUE,0.0982,0.4035,0.403,TRUE,TRUE,TRUE,TRUE,TRUE,TRUE,TRUE,FALSE,FALSE,TRUE,NA,0.1596,0.40349999999999997,0.39553903345724906,0.39602977667493794,CCS
spatial_spd,796,North America,Cold - Cold Summer,analysis=spatial_spd|dataset_id=796|region=North America|climatezone=Cold_Without_dry_season_Cold_Summer,human,0.2123,0.2123,-0.01579999999999998,0.1965,66.39,TRUE,-0.0316,0.2964,0.296,TRUE,TRUE,TRUE,TRUE,TRUE,TRUE,TRUE,FALSE,FALSE,TRUE,NA,0.1965,0.2964,0.6629554655870445,0.6638513513513514,CCS
spatial_spd,510,North America,Cold - Warm Summer,analysis=spatial_spd|dataset_id=510|region=North America|climatezone=Cold_Without_dry_season_Warm_Summer,human,0.0417,0.0417,0.0785,0.1202,20.94,TRUE,0.157,0.5741,0.574,TRUE,TRUE,TRUE,TRUE,TRUE,TRUE,TRUE,FALSE,FALSE,TRUE,NA,0.1202,0.5741,0.20937118968820762,0.2094076655052265,CWS
spatial_spd,22942,Europe,Cold - Warm Summer,analysis=spatial_spd|dataset_id=22942|region=Europe|climatezone=Cold_Without_dry_season_Warm_Summer,human,0.2221,0.2221,-0.07519999999999999,0.1469,34.73,TRUE,-0.1504,0.423,0.423,TRUE,TRUE,TRUE,TRUE,TRUE,TRUE,TRUE,FALSE,FALSE,TRUE,NA,0.1469,0.42290000000000005,0.3473634428943012,0.34728132387706856,CWS
spatial_spd,16133,North America,Arid,analysis=spatial_spd|dataset_id=16133|region=North America|climatezone=Arid,human,0.075,0.075,0.0464,0.1214,216.79,TRUE,0.0928,0.0556,0.056,TRUE,TRUE,TRUE,TRUE,TRUE,TRUE,TRUE,TRUE,TRUE,TRUE,NA,0.1214,0.1214,1,2.1678571428571427,ARD
spatial_spd,44896,Europe,Temperate,analysis=spatial_spd|dataset_id=44896|region=Europe|climatezone=Temperate_Without_dry_season,human,0.0228,0.0228,0.029699999999999997,0.0525,20.51,TRUE,0.0595,0.2562,0.256,TRUE,TRUE,TRUE,TRUE,TRUE,TRUE,TRUE,FALSE,FALSE,TRUE,NA,0.0525,0.2562,0.20491803278688525,0.205078125,TMP
spatial_spd,16219,Europe,Temperate,analysis=spatial_spd|dataset_id=16219|region=Europe|climatezone=Temperate_Without_dry_season,human,0.2242,0.2242,-6.000000000000172e-4,0.2236,55.9,TRUE,-0.0012,0.3997,0.4,TRUE,TRUE,TRUE,TRUE,TRUE,TRUE,TRUE,FALSE,FALSE,TRUE,NA,0.2236,0.3997,0.5594195646735051,0.5589999999999999,TMP
spatial_spd,24952,Europe,Temperate,analysis=spatial_spd|dataset_id=24952|region=Europe|climatezone=Temperate_Without_dry_season,human,0.096,0.096,-0.0325,0.0635,21.03,TRUE,-0.0649,0.3017,0.302,TRUE,TRUE,TRUE,TRUE,TRUE,TRUE,TRUE,FALSE,FALSE,TRUE,NA,0.0635,0.30169999999999997,0.21047398077560492,0.21026490066225167,TMP
spatial_spd,41909,Europe,Temperate - Dry Summer,analysis=spatial_spd|dataset_id=41909|region=Europe|climatezone=Temperate_Dry_Summer,human,0.1589,0.1589,-0.05800000000000001,0.1009,28.5,TRUE,-0.116,0.3538,0.354,TRUE,TRUE,TRUE,TRUE,TRUE,TRUE,TRUE,FALSE,FALSE,TRUE,NA,0.1009,0.3538,0.28518937252685134,0.28502824858757064,TDS
spatial_spd,1762,North America,Cold - Cold Summer,analysis=spatial_spd|dataset_id=1762|region=North America|climatezone=Cold_Without_dry_season_Cold_Summer,human,-0.0222,-0.0222,0.0376,0.0154,6.61,TRUE,0.0753,0.2331,0.233,TRUE,TRUE,TRUE,TRUE,TRUE,TRUE,TRUE,TRUE,FALSE,TRUE,NA,0.0154,0.2331,0.06606606606606606,0.06609442060085836,CCS
spatial_spd,1639,North America,Cold - Warm Summer,analysis=spatial_spd|dataset_id=1639|region=North America|climatezone=Cold_Without_dry_season_Warm_Summer,human,-0.011,-0.011,0.1231,0.1121,16.11,TRUE,0.2462,0.6958,0.696,TRUE,TRUE,TRUE,TRUE,TRUE,TRUE,TRUE,TRUE,FALSE,TRUE,NA,0.1121,0.6958,0.1611095142282265,0.16106321839080462,CWS
spatial_spd,4473,Europe,Cold - Warm Summer,analysis=spatial_spd|dataset_id=4473|region=Europe|climatezone=Cold_Without_dry_season_Warm_Summer,human,5e-4,5e-4,-0.006,-0.0055,-3.5,TRUE,-0.0121,0.1574,0.157,TRUE,TRUE,TRUE,TRUE,TRUE,TRUE,TRUE,FALSE,TRUE,TRUE,NA,0,0.1629,0,-0.03503184713375796,CWS
spatial_spd,15955,Latin America,Polar,analysis=spatial_spd|dataset_id=15955|region=Latin America|climatezone=Polar,human,0.1149,0.1149,-0.015300000000000008,0.0996,66.85,TRUE,-0.0306,0.1492,0.149,TRUE,TRUE,TRUE,TRUE,TRUE,TRUE,TRUE,FALSE,FALSE,TRUE,NA,0.0996,0.1493,0.667113194909578,0.6684563758389261,POL
spatial_spd,1661,North America,Cold - Hot Summer,analysis=spatial_spd|dataset_id=1661|region=North America|climatezone=Cold_Without_dry_season_Hot_Summer,human,-0.0228,-0.0228,0.13069999999999998,0.1079,18.01,TRUE,0.2613,0.5985,0.599,TRUE,TRUE,TRUE,TRUE,TRUE,TRUE,TRUE,TRUE,FALSE,TRUE,NA,0.1079,0.5985,0.18028404344193816,0.18013355592654423,CHS
spatial_spd,48769,Europe,Temperate,analysis=spatial_spd|dataset_id=48769|region=Europe|climatezone=Temperate_Without_dry_season,human,0.1,0.1,0.05929999999999999,0.1593,67.79,TRUE,0.1186,0.235,0.235,TRUE,TRUE,TRUE,TRUE,TRUE,TRUE,TRUE,FALSE,FALSE,TRUE,NA,0.1593,0.235,0.6778723404255319,0.6778723404255319,TMP
spatial_spd,22407,North America,Cold - Dry Summer,analysis=spatial_spd|dataset_id=22407|region=North America|climatezone=Cold_Dry_Summer,human,0.0331,0.0331,0.0271,0.0602,14.94,TRUE,0.0542,0.4026,0.403,TRUE,TRUE,TRUE,TRUE,TRUE,TRUE,TRUE,FALSE,FALSE,TRUE,NA,0.0602,0.40259999999999996,0.14952806756085446,0.14937965260545905,CDS
spatial_spd,24032,Europe,Cold - Warm Summer,analysis=spatial_spd|dataset_id=24032|region=Europe|climatezone=Cold_Without_dry_season_Warm_Summer,human,-0.029,-0.029,-0.001299999999999999,-0.0303,-7.18,TRUE,-0.0026,0.4217,0.422,TRUE,TRUE,TRUE,TRUE,TRUE,TRUE,TRUE,TRUE,TRUE,TRUE,NA,0,0.4519,0,-0.07180094786729858,CWS
spatial_spd,40642,Europe,Cold - Cold Summer,analysis=spatial_spd|dataset_id=40642|region=Europe|climatezone=Cold_Without_dry_season_Cold_Summer,human,-0.0209,-0.0209,0.023799999999999998,0.0029,7.25,TRUE,0.0475,0.0394,0.04,TRUE,TRUE,TRUE,TRUE,TRUE,TRUE,TRUE,TRUE,FALSE,TRUE,NA,0.0029,0.0395,0.07341772151898733,0.0725,CCS
spatial_spd,41589,Europe,Polar,analysis=spatial_spd|dataset_id=41589|region=Europe|climatezone=Polar,human,0.0625,0.0625,-0.0349,0.0276,10.53,TRUE,-0.0699,0.2619,0.262,TRUE,TRUE,TRUE,TRUE,TRUE,TRUE,TRUE,FALSE,FALSE,TRUE,NA,0.0276,0.2619,0.10538373424971362,0.10534351145038168,POL
spatial_spd,40958,Europe,Cold - Warm Summer,analysis=spatial_spd|dataset_id=40958|region=Europe|climatezone=Cold_Without_dry_season_Warm_Summer,human,0.1813,0.1813,-0.0562,0.1251,98.5,TRUE,-0.1126,0.1269,0.127,TRUE,TRUE,TRUE,TRUE,TRUE,TRUE,TRUE,FALSE,FALSE,TRUE,NA,0.1251,0.12689999999999999,0.9858156028368794,0.9850393700787401,CWS
spatial_spd,2654,North America,Cold - Warm Summer,analysis=spatial_spd|dataset_id=2654|region=North America|climatezone=Cold_Without_dry_season_Warm_Summer,human,-0.0363,-0.0363,0.0481,0.0118,2.94,TRUE,0.0961,0.4012,0.401,TRUE,TRUE,TRUE,TRUE,TRUE,TRUE,TRUE,TRUE,FALSE,TRUE,NA,0.0118,0.4012,0.029411764705882353,0.029426433915211967,CWS
spatial_spd,1160,North America,Temperate,analysis=spatial_spd|dataset_id=1160|region=North America|climatezone=Temperate_Without_dry_season,human,0.0227,0.0227,0.0746,0.0973,28.62,TRUE,0.149,0.3398,0.34,TRUE,TRUE,TRUE,TRUE,TRUE,TRUE,TRUE,FALSE,FALSE,TRUE,NA,0.0973,0.3398,0.2863449087698646,0.28617647058823525,TMP
spatial_spd,823,North America,Cold - Warm Summer,analysis=spatial_spd|dataset_id=823|region=North America|climatezone=Cold_Without_dry_season_Warm_Summer,human,0.0641,0.0641,0.1057,0.1698,29.13,TRUE,0.2115,0.5833,0.583,TRUE,TRUE,TRUE,TRUE,TRUE,TRUE,TRUE,FALSE,FALSE,TRUE,NA,0.1698,0.5832999999999999,0.2911023487056404,0.2912521440823328,CWS
spatial_spd,342,Europe,Cold - Cold Summer,analysis=spatial_spd|dataset_id=342|region=Europe|climatezone=Cold_Without_dry_season_Cold_Summer,human,-0.0117,-0.0117,0.0224,0.0107,2.05,TRUE,0.0448,0.5232,0.523,TRUE,TRUE,TRUE,TRUE,TRUE,TRUE,TRUE,TRUE,FALSE,TRUE,NA,0.0107,0.5232,0.020451070336391437,0.020458891013384318,CCS
spatial_spd,21903,Latin America,Tropical,analysis=spatial_spd|dataset_id=21903|region=Latin America|climatezone=Tropical,human,0.0491,0.0491,-0.0295,0.0196,6.83,TRUE,-0.059,0.2868,0.287,TRUE,TRUE,TRUE,TRUE,TRUE,TRUE,TRUE,FALSE,FALSE,TRUE,NA,0.0196,0.2867,0.06836414370422043,0.06829268292682927,TRO
spatial_spd,1443,Latin America,Polar,analysis=spatial_spd|dataset_id=1443|region=Latin America|climatezone=Polar,human,0.0848,0.0848,0.06699999999999999,0.1518,28.37,TRUE,0.134,0.5351,0.535,TRUE,TRUE,TRUE,TRUE,TRUE,TRUE,TRUE,FALSE,FALSE,TRUE,NA,0.1518,0.5350999999999999,0.28368529246869745,0.2837383177570093,POL
spatial_spd,20029,Europe,Polar,analysis=spatial_spd|dataset_id=20029|region=Europe|climatezone=Polar,human,0.0239,0.0239,0.0769,0.1008,24,TRUE,0.1537,0.4199,0.42,TRUE,TRUE,TRUE,TRUE,TRUE,TRUE,TRUE,FALSE,FALSE,TRUE,NA,0.1008,0.4199,0.2400571564658252,0.24000000000000002,POL
spatial_spd,17393,North America,Cold - Dry Summer,analysis=spatial_spd|dataset_id=17393|region=North America|climatezone=Cold_Dry_Summer,human,-0.0552,-0.0552,0.12619999999999998,0.071,36.79,TRUE,0.2524,0.1927,0.193,TRUE,TRUE,TRUE,TRUE,TRUE,TRUE,TRUE,TRUE,FALSE,TRUE,NA,0.071,0.19269999999999998,0.3684483653347172,0.36787564766839376,CDS
spatial_spd,22976,Europe,Temperate - Dry Summer,analysis=spatial_spd|dataset_id=22976|region=Europe|climatezone=Temperate_Dry_Summer,human,0.0529,0.0529,0.021400000000000002,0.0743,195.53,TRUE,0.0427,0.038,0.038,TRUE,TRUE,TRUE,TRUE,TRUE,TRUE,TRUE,TRUE,TRUE,TRUE,NA,0.0743,0.0743,1,1.955263157894737,TDS
spatial_spd,22709,Europe,Temperate,analysis=spatial_spd|dataset_id=22709|region=Europe|climatezone=Temperate_Without_dry_season,human,0.2687,0.2687,0.0917,0.3604,80.09,TRUE,0.1834,0.4497,0.45,TRUE,TRUE,TRUE,TRUE,TRUE,TRUE,TRUE,TRUE,FALSE,TRUE,NA,0.3604,0.4498,0.8012449977767897,0.8008888888888889,TMP
spatial_spd,15902,North America,Temperate,analysis=spatial_spd|dataset_id=15902|region=North America|climatezone=Temperate_Without_dry_season,human,0.1142,0.1142,0.0978,0.212,77.09,TRUE,0.1955,0.2746,0.275,TRUE,TRUE,TRUE,TRUE,TRUE,TRUE,TRUE,TRUE,FALSE,TRUE,NA,0.212,0.2747,0.7717510010921005,0.7709090909090909,TMP
spatial_spd,20295,North America,Cold - Dry Summer,analysis=spatial_spd|dataset_id=20295|region=North America|climatezone=Cold_Dry_Summer,human,0.2317,0.2317,-0.04419999999999999,0.1875,51.37,TRUE,-0.0885,0.3652,0.365,TRUE,TRUE,TRUE,TRUE,TRUE,TRUE,TRUE,FALSE,FALSE,TRUE,NA,0.1875,0.36519999999999997,0.5134173055859803,0.5136986301369864,CDS
spatial_spd,4192,Europe,Cold - Warm Summer,analysis=spatial_spd|dataset_id=4192|region=Europe|climatezone=Cold_Without_dry_season_Warm_Summer,human,0.02,0.02,0.06699999999999999,0.087,34.52,TRUE,0.1339,0.2525,0.252,TRUE,TRUE,TRUE,TRUE,TRUE,TRUE,TRUE,FALSE,FALSE,TRUE,NA,0.087,0.2525,0.3445544554455445,0.34523809523809523,CWS
spatial_spd,44723,Europe,Cold - Warm Summer,analysis=spatial_spd|dataset_id=44723|region=Europe|climatezone=Cold_Without_dry_season_Warm_Summer,human,0.0175,0.0175,0.0968,0.1143,37.11,TRUE,0.1936,0.3077,0.308,TRUE,TRUE,TRUE,TRUE,TRUE,TRUE,TRUE,FALSE,FALSE,TRUE,NA,0.1143,0.3077,0.3714657133571661,0.3711038961038961,CWS
spatial_spd,316,North America,Cold - Hot Summer,analysis=spatial_spd|dataset_id=316|region=North America|climatezone=Cold_Without_dry_season_Hot_Summer,human,0.1734,0.1734,-0.03720000000000001,0.1362,55.59,TRUE,-0.0744,0.245,0.245,TRUE,TRUE,TRUE,TRUE,TRUE,TRUE,TRUE,FALSE,FALSE,TRUE,NA,0.1362,0.245,0.5559183673469388,0.5559183673469388,CHS
spatial_spd,22049,Latin America,Temperate,analysis=spatial_spd|dataset_id=22049|region=Latin America|climatezone=Temperate_Without_dry_season,human,-0.0567,-0.0567,0.0245,-0.0322,-24.39,TRUE,0.0489,0.1322,0.132,TRUE,TRUE,TRUE,TRUE,TRUE,TRUE,TRUE,TRUE,TRUE,TRUE,NA,0,0.1644,0,-0.24393939393939393,TMP
spatial_spd,318,North America,Cold - Cold Summer,analysis=spatial_spd|dataset_id=318|region=North America|climatezone=Cold_Without_dry_season_Cold_Summer,human,0.1858,0.1858,-0.04239999999999999,0.1434,24.81,TRUE,-0.0849,0.578,0.578,TRUE,TRUE,TRUE,TRUE,TRUE,TRUE,TRUE,FALSE,FALSE,TRUE,NA,0.1434,0.5781,0.24805396990140116,0.24809688581314882,CCS
spatial_spd,3492,North America,Cold - Warm Summer,analysis=spatial_spd|dataset_id=3492|region=North America|climatezone=Cold_Without_dry_season_Warm_Summer,human,0.0392,0.0392,0.0763,0.1155,26.92,TRUE,0.1527,0.4293,0.429,TRUE,TRUE,TRUE,TRUE,TRUE,TRUE,TRUE,FALSE,FALSE,TRUE,NA,0.1155,0.42919999999999997,0.2691053122087605,0.2692307692307693,CWS
spatial_spd,678,North America,Cold - Cold Summer,analysis=spatial_spd|dataset_id=678|region=North America|climatezone=Cold_Without_dry_season_Cold_Summer,human,-6e-4,-6e-4,0.0973,0.0967,19.61,TRUE,0.1947,0.4926,0.493,TRUE,TRUE,TRUE,TRUE,TRUE,TRUE,TRUE,TRUE,FALSE,TRUE,NA,0.0967,0.4926,0.19630531871701176,0.19614604462474644,CCS
spatial_spd,2637,North America,Cold - Dry Summer,analysis=spatial_spd|dataset_id=2637|region=North America|climatezone=Cold_Dry_Summer,human,-0.0216,-0.0216,-0.006699999999999998,-0.0283,-7.18,TRUE,-0.0134,0.3942,0.394,TRUE,TRUE,TRUE,TRUE,TRUE,TRUE,TRUE,TRUE,TRUE,TRUE,NA,0,0.4225,0,-0.07182741116751268,CDS
spatial_spd,1704,North America,Cold - Cold Summer,analysis=spatial_spd|dataset_id=1704|region=North America|climatezone=Cold_Without_dry_season_Cold_Summer,human,-0.0292,-0.0292,-0.010600000000000002,-0.0398,-41.89,TRUE,-0.0213,0.095,0.095,TRUE,TRUE,TRUE,TRUE,TRUE,TRUE,TRUE,TRUE,TRUE,TRUE,NA,0,0.1348,0,-0.4189473684210526,CCS
spatial_spd,4286,Europe,Cold - Cold Summer,analysis=spatial_spd|dataset_id=4286|region=Europe|climatezone=Cold_Without_dry_season_Cold_Summer,human,-0.0623,-0.0623,0.041,-0.0213,-30.87,TRUE,0.0818,0.069,0.069,TRUE,TRUE,TRUE,TRUE,TRUE,TRUE,TRUE,TRUE,TRUE,TRUE,NA,0,0.0904,0,-0.30869565217391304,CCS
spatial_spd,20131,Europe,Temperate,analysis=spatial_spd|dataset_id=20131|region=Europe|climatezone=Temperate_Without_dry_season,human,0.1976,0.1976,-0.05099999999999999,0.1466,29.03,TRUE,-0.1019,0.5047,0.505,TRUE,TRUE,TRUE,TRUE,TRUE,TRUE,TRUE,FALSE,FALSE,TRUE,NA,0.1466,0.5046999999999999,0.2904695858926095,0.29029702970297033,TMP
spatial_spd,2286,North America,Cold - Warm Summer,analysis=spatial_spd|dataset_id=2286|region=North America|climatezone=Cold_Without_dry_season_Warm_Summer,human,0.0518,0.0518,0.15400000000000003,0.2058,32.41,TRUE,0.308,0.6346,0.635,TRUE,TRUE,TRUE,TRUE,TRUE,TRUE,TRUE,FALSE,FALSE,TRUE,NA,0.2058,0.6345000000000001,0.3243498817966903,0.3240944881889764,CWS
spatial_spd,673,North America,Cold - Cold Summer,analysis=spatial_spd|dataset_id=673|region=North America|climatezone=Cold_Without_dry_season_Cold_Summer,human,0.1662,0.1662,0.031700000000000006,0.1979,76.12,TRUE,0.0634,0.2597,0.26,TRUE,TRUE,TRUE,TRUE,TRUE,TRUE,TRUE,FALSE,FALSE,TRUE,NA,0.1979,0.2597,0.7620331151328456,0.7611538461538461,CCS
spatial_spd,3473,North America,Cold - Warm Summer,analysis=spatial_spd|dataset_id=3473|region=North America|climatezone=Cold_Without_dry_season_Warm_Summer,human,0.0848,0.0848,0.12219999999999999,0.207,51.88,TRUE,0.2443,0.3989,0.399,TRUE,TRUE,TRUE,TRUE,TRUE,TRUE,TRUE,FALSE,FALSE,TRUE,NA,0.207,0.3989,0.518927049385811,0.5187969924812029,CWS
spatial_spd,17396,North America,Cold - Warm Summer,analysis=spatial_spd|dataset_id=17396|region=North America|climatezone=Cold_Without_dry_season_Warm_Summer,human,-0.0194,-0.0194,0.0604,0.041,7.06,TRUE,0.1208,0.5805,0.581,TRUE,TRUE,TRUE,TRUE,TRUE,TRUE,TRUE,TRUE,FALSE,TRUE,NA,0.041,0.5805,0.07062876830318691,0.07056798623063684,CWS
spatial_spd,19323,North America,Cold - Dry Summer,analysis=spatial_spd|dataset_id=19323|region=North America|climatezone=Cold_Dry_Summer,human,-0.0103,-0.0103,0.11800000000000001,0.1077,25.05,TRUE,0.2359,0.4298,0.43,TRUE,TRUE,TRUE,TRUE,TRUE,TRUE,TRUE,TRUE,FALSE,TRUE,NA,0.1077,0.4299,0.2505233775296581,0.25046511627906975,CDS
spatial_spd,533,North America,Cold - Cold Summer,analysis=spatial_spd|dataset_id=533|region=North America|climatezone=Cold_Without_dry_season_Cold_Summer,human,0.2573,0.2573,0.016200000000000048,0.2735,103.6,TRUE,0.0324,0.2641,0.264,TRUE,TRUE,TRUE,TRUE,TRUE,TRUE,TRUE,TRUE,TRUE,TRUE,NA,0.2735,0.2735,1,1.0359848484848486,CCS
spatial_spd,4213,Europe,Cold - Warm Summer,analysis=spatial_spd|dataset_id=4213|region=Europe|climatezone=Cold_Without_dry_season_Warm_Summer,human,0.3009,0.3009,-0.0771,0.2238,80.5,TRUE,-0.1541,0.2782,0.278,TRUE,TRUE,TRUE,TRUE,TRUE,TRUE,TRUE,FALSE,FALSE,TRUE,NA,0.2238,0.2782,0.8044572250179727,0.8050359712230215,CWS
spatial_spd,41527,Europe,Temperate,analysis=spatial_spd|dataset_id=41527|region=Europe|climatezone=Temperate_Without_dry_season,human,0.0635,0.0635,0.057499999999999996,0.121,70.76,TRUE,0.115,0.1705,0.171,TRUE,TRUE,TRUE,TRUE,TRUE,TRUE,TRUE,TRUE,FALSE,TRUE,NA,0.121,0.1706,0.7092614302461899,0.7076023391812865,TMP
spatial_spd,215,Europe,Temperate,analysis=spatial_spd|dataset_id=215|region=Europe|climatezone=Temperate_Without_dry_season,human,0.4649,0.4649,-0.12739999999999996,0.3375,44.41,TRUE,-0.255,0.7599,0.76,TRUE,TRUE,TRUE,TRUE,TRUE,TRUE,TRUE,FALSE,FALSE,TRUE,NA,0.3375,0.76,0.4440789473684211,0.4440789473684211,TMP
spatial_spd,4492,Europe,Temperate,analysis=spatial_spd|dataset_id=4492|region=Europe|climatezone=Temperate_Without_dry_season,human,-0.0333,-0.0333,-1.999999999999988e-4,-0.0335,-14.57,TRUE,-3e-4,0.2297,0.23,TRUE,TRUE,TRUE,TRUE,TRUE,TRUE,TRUE,TRUE,TRUE,TRUE,NA,0,0.2631,0,-0.14565217391304347,TMP
spatial_spd,45345,Europe,Cold - Cold Summer,analysis=spatial_spd|dataset_id=45345|region=Europe|climatezone=Cold_Without_dry_season_Cold_Summer,human,0.159,0.159,0.022199999999999998,0.1812,35.88,TRUE,0.0443,0.5055,0.505,TRUE,TRUE,TRUE,TRUE,TRUE,TRUE,TRUE,FALSE,FALSE,TRUE,NA,0.1812,0.5055,0.3584569732937686,0.3588118811881188,CCS
spatial_spd,16214,Europe,Cold - Warm Summer,analysis=spatial_spd|dataset_id=16214|region=Europe|climatezone=Cold_Without_dry_season_Warm_Summer,human,-0.0469,-0.0469,0.008099999999999996,-0.0388,-228.24,TRUE,0.0162,0.0168,0.017,TRUE,TRUE,TRUE,TRUE,TRUE,TRUE,TRUE,TRUE,TRUE,TRUE,NA,0,0.0556,0,-2.2823529411764705,CWS
spatial_spd,21314,North America,Cold - Cold Summer,analysis=spatial_spd|dataset_id=21314|region=North America|climatezone=Cold_Without_dry_season_Cold_Summer,human,0.0324,0.0324,0.0201,0.0525,10.96,TRUE,0.0402,0.4788,0.479,TRUE,TRUE,TRUE,TRUE,TRUE,TRUE,TRUE,FALSE,FALSE,TRUE,NA,0.0525,0.4787,0.10967202841027783,0.10960334029227557,CCS
spatial_spd,516,North America,Cold - Warm Summer,analysis=spatial_spd|dataset_id=516|region=North America|climatezone=Cold_Without_dry_season_Warm_Summer,human,0.0696,0.0696,0.0678,0.1374,28.93,TRUE,0.1354,0.4745,0.475,TRUE,TRUE,TRUE,TRUE,TRUE,TRUE,TRUE,FALSE,FALSE,TRUE,NA,0.1374,0.4746,0.28950695322376735,0.28926315789473683,CWS
spatial_spd,14264,Latin America,Tropical,analysis=spatial_spd|dataset_id=14264|region=Latin America|climatezone=Tropical,human,-0.1508,-0.1508,0.02109999999999998,-0.1297,-180.14,TRUE,0.0422,0.0724,0.072,TRUE,TRUE,TRUE,TRUE,TRUE,TRUE,TRUE,TRUE,TRUE,TRUE,NA,0,0.2021,0,-1.8013888888888892,TRO
spatial_spd,2289,North America,Cold - Warm Summer,analysis=spatial_spd|dataset_id=2289|region=North America|climatezone=Cold_Without_dry_season_Warm_Summer,human,0.0575,0.0575,0.0365,0.094,48.45,TRUE,0.0729,0.1942,0.194,TRUE,TRUE,TRUE,TRUE,TRUE,TRUE,TRUE,FALSE,FALSE,TRUE,NA,0.094,0.19419999999999998,0.4840370751802266,0.4845360824742268,CWS
spatial_spd,40450,Europe,Cold - Warm Summer,analysis=spatial_spd|dataset_id=40450|region=Europe|climatezone=Cold_Without_dry_season_Warm_Summer,human,0.0332,0.0332,0.012999999999999998,0.0462,15.93,TRUE,0.0259,0.2902,0.29,TRUE,TRUE,TRUE,TRUE,TRUE,TRUE,TRUE,FALSE,FALSE,TRUE,NA,0.0462,0.2902,0.15920055134390074,0.15931034482758621,CWS
spatial_spd,40791,North America,Cold - Warm Summer,analysis=spatial_spd|dataset_id=40791|region=North America|climatezone=Cold_Without_dry_season_Warm_Summer,human,0.1738,0.1738,0.13539999999999996,0.3092,53.77,TRUE,0.2709,0.5753,0.575,TRUE,TRUE,TRUE,TRUE,TRUE,TRUE,TRUE,FALSE,FALSE,TRUE,NA,0.3092,0.5752999999999999,0.5374587171910308,0.5377391304347826,CWS
spatial_spd,22757,Europe,Cold - Cold Summer,analysis=spatial_spd|dataset_id=22757|region=Europe|climatezone=Cold_Without_dry_season_Cold_Summer,human,0.0527,0.0527,-0.016999999999999994,0.0357,12.23,TRUE,-0.0341,0.2921,0.292,TRUE,TRUE,TRUE,TRUE,TRUE,TRUE,TRUE,FALSE,FALSE,TRUE,NA,0.0357,0.2921,0.12221841834988018,0.12226027397260275,CCS
spatial_spd,1817,North America,Cold - Warm Summer,analysis=spatial_spd|dataset_id=1817|region=North America|climatezone=Cold_Without_dry_season_Warm_Summer,human,-0.0391,-0.0391,0.1593,0.1202,21.12,TRUE,0.3186,0.5693,0.569,TRUE,TRUE,TRUE,TRUE,TRUE,TRUE,TRUE,TRUE,FALSE,TRUE,NA,0.1202,0.5693,0.21113648340066749,0.21124780316344466,CWS
spatial_spd,46672,North America,Temperate,analysis=spatial_spd|dataset_id=46672|region=North America|climatezone=Temperate_Without_dry_season,human,0.0157,0.0157,0.011800000000000001,0.0275,19.64,TRUE,0.0235,0.1402,0.14,TRUE,TRUE,TRUE,TRUE,TRUE,TRUE,TRUE,FALSE,FALSE,TRUE,NA,0.0275,0.1402,0.19614835948644793,0.19642857142857142,TMP
spatial_spd,45701,Europe,Cold - Cold Summer,analysis=spatial_spd|dataset_id=45701|region=Europe|climatezone=Cold_Without_dry_season_Cold_Summer,human,0.1559,0.1559,-0.032200000000000006,0.1237,23.65,TRUE,-0.0645,0.5234,0.523,TRUE,TRUE,TRUE,TRUE,TRUE,TRUE,TRUE,FALSE,FALSE,TRUE,NA,0.1237,0.5234,0.23633931983186857,0.23652007648183557,CCS
spatial_spd,2377,North America,Cold - Warm Summer,analysis=spatial_spd|dataset_id=2377|region=North America|climatezone=Cold_Without_dry_season_Warm_Summer,human,0.1009,0.1009,0.06349999999999999,0.1644,42.48,TRUE,0.1269,0.3869,0.387,TRUE,TRUE,TRUE,TRUE,TRUE,TRUE,TRUE,FALSE,FALSE,TRUE,NA,0.1644,0.3869,0.4249159989661411,0.42480620155038756,CWS
spatial_spd,2028,North America,Cold - Warm Summer,analysis=spatial_spd|dataset_id=2028|region=North America|climatezone=Cold_Without_dry_season_Warm_Summer,human,-0.0086,-0.0086,-0.0046,-0.0132,-1.69,TRUE,-0.0091,0.7821,0.782,TRUE,TRUE,TRUE,TRUE,TRUE,TRUE,TRUE,TRUE,TRUE,TRUE,NA,0,0.7953,0,-0.016879795396419435,CWS
spatial_spd,275,North America,Cold - Warm Summer,analysis=spatial_spd|dataset_id=275|region=North America|climatezone=Cold_Without_dry_season_Warm_Summer,human,-0.0658,-0.0658,0.020399999999999995,-0.0454,-17.87,TRUE,0.0408,0.2544,0.254,TRUE,TRUE,TRUE,TRUE,TRUE,TRUE,TRUE,TRUE,TRUE,TRUE,NA,0,0.2998,0,-0.17874015748031497,CWS
spatial_spd,18104,Latin America,Temperate - Dry Summer,analysis=spatial_spd|dataset_id=18104|region=Latin America|climatezone=Temperate_Dry_Summer,human,-0.0329,-0.0329,-0.014200000000000004,-0.0471,-17.77,TRUE,-0.0284,0.2655,0.265,TRUE,TRUE,TRUE,TRUE,TRUE,TRUE,TRUE,TRUE,TRUE,TRUE,NA,0,0.3126,0,-0.17773584905660378,TDS
spatial_spd,3042,North America,Cold - Warm Summer,analysis=spatial_spd|dataset_id=3042|region=North America|climatezone=Cold_Without_dry_season_Warm_Summer,human,0.0175,0.0175,0.20400000000000001,0.2215,37.54,TRUE,0.408,0.5904,0.59,TRUE,TRUE,TRUE,TRUE,TRUE,TRUE,TRUE,FALSE,FALSE,TRUE,NA,0.2215,0.5904,0.37516937669376693,0.37542372881355934,CWS
spatial_spd,17292,North America,Cold - Cold Summer,analysis=spatial_spd|dataset_id=17292|region=North America|climatezone=Cold_Without_dry_season_Cold_Summer,human,-0.0268,-0.0268,0.1289,0.1021,26.59,TRUE,0.2578,0.3845,0.384,TRUE,TRUE,TRUE,TRUE,TRUE,TRUE,TRUE,TRUE,FALSE,TRUE,NA,0.1021,0.38449999999999995,0.2655396618985696,0.26588541666666665,CCS
spatial_spd,22101,Latin America,Polar,analysis=spatial_spd|dataset_id=22101|region=Latin America|climatezone=Polar,human,0.0697,0.0697,0.0266,0.0963,23.37,TRUE,0.0532,0.4115,0.412,TRUE,TRUE,TRUE,TRUE,TRUE,TRUE,TRUE,FALSE,FALSE,TRUE,NA,0.0963,0.4115,0.23402187120291618,0.23373786407766992,POL
spatial_spd,4479,Europe,Cold - Warm Summer,analysis=spatial_spd|dataset_id=4479|region=Europe|climatezone=Cold_Without_dry_season_Warm_Summer,human,0.0357,0.0357,0.0213,0.057,16.67,TRUE,0.0426,0.342,0.342,TRUE,TRUE,TRUE,TRUE,TRUE,TRUE,TRUE,FALSE,FALSE,TRUE,NA,0.057,0.3421,0.16661794796843027,0.16666666666666666,CWS
spatial_spd,4017,Europe,Cold - Cold Summer,analysis=spatial_spd|dataset_id=4017|region=Europe|climatezone=Cold_Without_dry_season_Cold_Summer,human,-0.043,-0.043,0.0109,-0.0321,-9.97,TRUE,0.0217,0.3215,0.322,TRUE,TRUE,TRUE,TRUE,TRUE,TRUE,TRUE,TRUE,TRUE,TRUE,NA,0,0.3536,0,-0.0996894409937888,CCS
spatial_spd,2879,North America,Cold - Cold Summer,analysis=spatial_spd|dataset_id=2879|region=North America|climatezone=Cold_Without_dry_season_Cold_Summer,human,0.0804,0.0804,-0.019200000000000002,0.0612,19.62,TRUE,-0.0384,0.3124,0.312,TRUE,TRUE,TRUE,TRUE,TRUE,TRUE,TRUE,FALSE,FALSE,TRUE,NA,0.0612,0.31239999999999996,0.19590268886043535,0.19615384615384615,CCS
spatial_spd,20281,North America,Arid,analysis=spatial_spd|dataset_id=20281|region=North America|climatezone=Arid,human,0.2531,0.2531,-0.1013,0.1518,58.38,TRUE,-0.2027,0.2604,0.26,TRUE,TRUE,TRUE,TRUE,TRUE,TRUE,TRUE,FALSE,FALSE,TRUE,NA,0.1518,0.26039999999999996,0.5829493087557605,0.5838461538461538,ARD
spatial_spd,19937,North America,Cold - Hot Summer,analysis=spatial_spd|dataset_id=19937|region=North America|climatezone=Cold_Without_dry_season_Hot_Summer,human,-0.0234,-0.0234,0.055900000000000005,0.0325,23.72,TRUE,0.1118,0.1373,0.137,TRUE,TRUE,TRUE,TRUE,TRUE,TRUE,TRUE,TRUE,FALSE,TRUE,NA,0.0325,0.1373,0.23670793882010197,0.23722627737226276,CHS
spatial_spd,3582,North America,Temperate,analysis=spatial_spd|dataset_id=3582|region=North America|climatezone=Temperate_Without_dry_season,human,-0.0449,-0.0449,0.0477,0.0028,0.49,TRUE,0.0955,0.5721,0.572,TRUE,TRUE,TRUE,TRUE,TRUE,TRUE,TRUE,TRUE,FALSE,TRUE,NA,0.0028,0.5721,0.00489424925712288,0.0048951048951048955,TMP
spatial_spd,48616,North America,Cold - Cold Summer,analysis=spatial_spd|dataset_id=48616|region=North America|climatezone=Cold_Without_dry_season_Cold_Summer,human,0.1381,0.1381,-0.037599999999999995,0.1005,24.22,TRUE,-0.0753,0.415,0.415,TRUE,TRUE,TRUE,TRUE,TRUE,TRUE,TRUE,FALSE,FALSE,TRUE,NA,0.1005,0.41500000000000004,0.24216867469879516,0.24216867469879522,CCS
spatial_spd,40976,North America,Temperate - Dry Summer,analysis=spatial_spd|dataset_id=40976|region=North America|climatezone=Temperate_Dry_Summer,human,0.0114,0.0114,0.1016,0.113,54.59,TRUE,0.2033,0.2069,0.207,TRUE,TRUE,TRUE,TRUE,TRUE,TRUE,TRUE,TRUE,FALSE,TRUE,NA,0.113,0.2069,0.5461575640405993,0.5458937198067634,TDS
spatial_spd,19913,Europe,Cold - Cold Summer,analysis=spatial_spd|dataset_id=19913|region=Europe|climatezone=Cold_Without_dry_season_Cold_Summer,human,0.1683,0.1683,-0.0040000000000000036,0.1643,27.2,TRUE,-0.0081,0.6036,0.604,TRUE,TRUE,TRUE,TRUE,TRUE,TRUE,TRUE,FALSE,FALSE,TRUE,NA,0.1643,0.6036,0.2722001325381047,0.2720198675496689,CCS
spatial_spd,20678,North America,Cold - Dry Summer,analysis=spatial_spd|dataset_id=20678|region=North America|climatezone=Cold_Dry_Summer,human,0.0562,0.0562,-0.012200000000000003,0.044,9.8,TRUE,-0.0243,0.4493,0.449,TRUE,TRUE,TRUE,TRUE,TRUE,TRUE,TRUE,FALSE,FALSE,TRUE,NA,0.044,0.4493,0.0979301135099043,0.09799554565701558,CDS
spatial_spd,15333,North America,Arid,analysis=spatial_spd|dataset_id=15333|region=North America|climatezone=Arid,human,0.2139,0.2139,-0.04770000000000002,0.1662,122.21,TRUE,-0.0956,0.1363,0.136,TRUE,TRUE,TRUE,TRUE,TRUE,TRUE,TRUE,FALSE,TRUE,TRUE,NA,0.1662,0.1662,1,1.2220588235294116,ARD
spatial_spd,497,North America,Cold - Hot Summer,analysis=spatial_spd|dataset_id=497|region=North America|climatezone=Cold_Without_dry_season_Hot_Summer,human,0.0939,0.0939,-0.026099999999999998,0.0678,14.58,TRUE,-0.0522,0.4648,0.465,TRUE,TRUE,TRUE,TRUE,TRUE,TRUE,TRUE,FALSE,FALSE,TRUE,NA,0.0678,0.4649,0.14583781458378145,0.1458064516129032,CHS
spatial_spd,2611,North America,Cold - Dry Summer,analysis=spatial_spd|dataset_id=2611|region=North America|climatezone=Cold_Dry_Summer,human,0.1013,0.1013,-0.014100000000000001,0.0872,95.82,TRUE,-0.0282,0.091,0.091,TRUE,TRUE,TRUE,TRUE,TRUE,TRUE,TRUE,FALSE,FALSE,TRUE,NA,0.0872,0.091,0.9582417582417583,0.9582417582417583,CDS
spatial_spd,1965,North America,Cold - Warm Summer,analysis=spatial_spd|dataset_id=1965|region=North America|climatezone=Cold_Without_dry_season_Warm_Summer,human,0.0937,0.0937,0.09389999999999998,0.1876,36.64,TRUE,0.1878,0.5118,0.512,TRUE,TRUE,TRUE,TRUE,TRUE,TRUE,TRUE,FALSE,FALSE,TRUE,NA,0.1876,0.5118,0.366549433372411,0.36640625,CWS
spatial_spd,1703,North America,Cold - Warm Summer,analysis=spatial_spd|dataset_id=1703|region=North America|climatezone=Cold_Without_dry_season_Warm_Summer,human,0.1251,0.1251,-0.07859999999999999,0.0465,7.28,TRUE,-0.1574,0.6387,0.639,TRUE,TRUE,TRUE,TRUE,TRUE,TRUE,TRUE,FALSE,FALSE,TRUE,NA,0.0465,0.6386999999999999,0.07280413339596055,0.07276995305164319,CWS
spatial_spd,2011,North America,Cold - Warm Summer,analysis=spatial_spd|dataset_id=2011|region=North America|climatezone=Cold_Without_dry_season_Warm_Summer,human,0.0172,0.0172,0.0419,0.0591,15.04,TRUE,0.0839,0.3932,0.393,TRUE,TRUE,TRUE,TRUE,TRUE,TRUE,TRUE,FALSE,FALSE,TRUE,NA,0.0591,0.3932,0.15030518819938962,0.15038167938931296,CWS
spatial_spd,40988,North America,Cold - Warm Summer,analysis=spatial_spd|dataset_id=40988|region=North America|climatezone=Cold_Without_dry_season_Warm_Summer,human,0.0618,0.0618,0.0741,0.1359,26.49,TRUE,0.1482,0.5127,0.513,TRUE,TRUE,TRUE,TRUE,TRUE,TRUE,TRUE,FALSE,FALSE,TRUE,NA,0.1359,0.5127,0.26506729081334107,0.2649122807017544,CWS
spatial_spd,14110,Europe,Temperate,analysis=spatial_spd|dataset_id=14110|region=Europe|climatezone=Temperate_Without_dry_season,human,0.1029,0.1029,0.13040000000000002,0.2333,50.94,TRUE,0.2609,0.4584,0.458,TRUE,TRUE,TRUE,TRUE,TRUE,TRUE,TRUE,FALSE,FALSE,TRUE,NA,0.2333,0.45830000000000004,0.5090552040148374,0.5093886462882096,TMP
spatial_spd,2576,North America,Cold - Warm Summer,analysis=spatial_spd|dataset_id=2576|region=North America|climatezone=Cold_Without_dry_season_Warm_Summer,human,0.1896,0.1896,-0.03359999999999999,0.156,169.57,TRUE,-0.0671,0.0916,0.092,TRUE,TRUE,TRUE,TRUE,TRUE,TRUE,TRUE,TRUE,TRUE,TRUE,NA,0.156,0.156,1,1.6956521739130435,CWS
spatial_spd,41485,Europe,Temperate,analysis=spatial_spd|dataset_id=41485|region=Europe|climatezone=Temperate_Without_dry_season,human,0.0564,0.0564,0.11499999999999999,0.1714,28.66,TRUE,0.2301,0.5982,0.598,TRUE,TRUE,TRUE,TRUE,TRUE,TRUE,TRUE,FALSE,FALSE,TRUE,NA,0.1714,0.5982000000000001,0.28652624540287525,0.2866220735785953,TMP
spatial_spd,15866,North America,Cold - Warm Summer,analysis=spatial_spd|dataset_id=15866|region=North America|climatezone=Cold_Without_dry_season_Warm_Summer,human,0.0429,0.0429,-0.004299999999999998,0.0386,13.74,TRUE,-0.0085,0.2813,0.281,TRUE,TRUE,TRUE,TRUE,TRUE,TRUE,TRUE,FALSE,FALSE,TRUE,NA,0.0386,0.2813,0.13722004976892999,0.13736654804270462,CWS
spatial_spd,48633,Latin America,Temperate,analysis=spatial_spd|dataset_id=48633|region=Latin America|climatezone=Temperate_Without_dry_season,human,0.0592,0.0592,0.0698,0.129,46.4,TRUE,0.1395,0.2783,0.278,TRUE,TRUE,TRUE,TRUE,TRUE,TRUE,TRUE,FALSE,FALSE,TRUE,NA,0.129,0.2783,0.46352856629536476,0.4640287769784172,TMP
spatial_spd,41762,North America,Cold - Warm Summer,analysis=spatial_spd|dataset_id=41762|region=North America|climatezone=Cold_Without_dry_season_Warm_Summer,human,0.1186,0.1186,-0.0121,0.1065,23.93,TRUE,-0.0241,0.4447,0.445,TRUE,TRUE,TRUE,TRUE,TRUE,TRUE,TRUE,FALSE,FALSE,TRUE,NA,0.1065,0.4446,0.23954116059379216,0.2393258426966292,CWS
spatial_spd,22786,Europe,Cold - Cold Summer,analysis=spatial_spd|dataset_id=22786|region=Europe|climatezone=Cold_Without_dry_season_Cold_Summer,human,0.0944,0.0944,-0.0511,0.0433,7.1,TRUE,-0.1022,0.6097,0.61,TRUE,TRUE,TRUE,TRUE,TRUE,TRUE,TRUE,FALSE,FALSE,TRUE,NA,0.0433,0.6097,0.07101853370510086,0.07098360655737705,CCS
spatial_spd,14498,North America,Cold - Cold Summer,analysis=spatial_spd|dataset_id=14498|region=North America|climatezone=Cold_Without_dry_season_Cold_Summer,human,0.0586,0.0586,-0.022199999999999998,0.0364,13.48,TRUE,-0.0443,0.2698,0.27,TRUE,TRUE,TRUE,TRUE,TRUE,TRUE,TRUE,FALSE,FALSE,TRUE,NA,0.0364,0.2698,0.13491475166790218,0.1348148148148148,CCS
spatial_spd,24089,Europe,Cold - Warm Summer,analysis=spatial_spd|dataset_id=24089|region=Europe|climatezone=Cold_Without_dry_season_Warm_Summer,human,-0.0033,-0.0033,0.029400000000000003,0.0261,4.07,TRUE,0.0588,0.6423,0.642,TRUE,TRUE,TRUE,TRUE,TRUE,TRUE,TRUE,TRUE,FALSE,TRUE,NA,0.0261,0.6423,0.0406352171882298,0.04065420560747664,CWS
spatial_spd,688,North America,Polar,analysis=spatial_spd|dataset_id=688|region=North America|climatezone=Polar,human,0.0764,0.0764,-0.0321,0.0443,22.6,TRUE,-0.0641,0.1961,0.196,TRUE,TRUE,TRUE,TRUE,TRUE,TRUE,TRUE,FALSE,FALSE,TRUE,NA,0.0443,0.1961,0.22590515043345233,0.2260204081632653,POL
spatial_spd,20304,North America,Cold - Cold Summer,analysis=spatial_spd|dataset_id=20304|region=North America|climatezone=Cold_Without_dry_season_Cold_Summer,human,-2e-4,-2e-4,-0.026000000000000002,-0.0262,-8.14,TRUE,-0.052,0.3217,0.322,TRUE,TRUE,TRUE,TRUE,TRUE,TRUE,TRUE,TRUE,TRUE,TRUE,NA,0,0.3479,0,-0.08136645962732919,CCS
spatial_spd,45698,Europe,Cold - Cold Summer,analysis=spatial_spd|dataset_id=45698|region=Europe|climatezone=Cold_Without_dry_season_Cold_Summer,human,0.4191,0.4191,-0.043399999999999994,0.3757,96.33,TRUE,-0.0868,0.3897,0.39,TRUE,TRUE,TRUE,TRUE,TRUE,TRUE,TRUE,FALSE,FALSE,TRUE,NA,0.3757,0.3897,0.9640749294328971,0.9633333333333333,CCS
spatial_spd,1654,Latin America,Polar,analysis=spatial_spd|dataset_id=1654|region=Latin America|climatezone=Polar,human,0.0315,0.0315,-0.012900000000000002,0.0186,5.41,TRUE,-0.0258,0.3442,0.344,TRUE,TRUE,TRUE,TRUE,TRUE,TRUE,TRUE,FALSE,FALSE,TRUE,NA,0.0186,0.3442,0.05403834979662986,0.05406976744186046,POL
spatial_spd,21708,Latin America,Temperate - Dry Summer,analysis=spatial_spd|dataset_id=21708|region=Latin America|climatezone=Temperate_Dry_Summer,human,0.0592,0.0592,0.05399999999999999,0.1132,34.2,TRUE,0.108,0.3309,0.331,TRUE,TRUE,TRUE,TRUE,TRUE,TRUE,TRUE,FALSE,FALSE,TRUE,NA,0.1132,0.3308,0.3422007255139057,0.3419939577039275,TDS
spatial_spd,1902,North America,Cold - Dry Summer,analysis=spatial_spd|dataset_id=1902|region=North America|climatezone=Cold_Dry_Summer,human,0.2319,0.2319,0.1347,0.3666,70.23,TRUE,0.2694,0.5217,0.522,TRUE,TRUE,TRUE,TRUE,TRUE,TRUE,TRUE,FALSE,FALSE,TRUE,NA,0.3666,0.5216999999999999,0.7027027027027027,0.7022988505747125,CDS
spatial_spd,24996,Europe,Cold - Cold Summer,analysis=spatial_spd|dataset_id=24996|region=Europe|climatezone=Cold_Without_dry_season_Cold_Summer,human,0.0664,0.0664,0.039599999999999996,0.106,16.26,TRUE,0.0792,0.6523,0.652,TRUE,TRUE,TRUE,TRUE,TRUE,TRUE,TRUE,FALSE,FALSE,TRUE,NA,0.106,0.6523,0.16250191629618274,0.1625766871165644,CCS
spatial_spd,821,North America,Cold - Warm Summer,analysis=spatial_spd|dataset_id=821|region=North America|climatezone=Cold_Without_dry_season_Warm_Summer,human,0.0213,0.0213,0.015199999999999998,0.0365,7.54,TRUE,0.0304,0.4841,0.484,TRUE,TRUE,TRUE,TRUE,TRUE,TRUE,TRUE,FALSE,FALSE,TRUE,NA,0.0365,0.4841,0.07539764511464574,0.07541322314049587,CWS
spatial_spd,22047,Latin America,Temperate,analysis=spatial_spd|dataset_id=22047|region=Latin America|climatezone=Temperate_Without_dry_season,human,-0.0355,-0.0355,0.1708,0.1353,44.8,TRUE,0.3415,0.3022,0.302,TRUE,TRUE,TRUE,TRUE,TRUE,TRUE,TRUE,TRUE,FALSE,TRUE,NA,0.1353,0.3022,0.4477167438782263,0.44801324503311263,TMP
spatial_spd,20050,Europe,Cold - Cold Summer,analysis=spatial_spd|dataset_id=20050|region=Europe|climatezone=Cold_Without_dry_season_Cold_Summer,human,0.0225,0.0225,0.0011999999999999997,0.0237,9.92,TRUE,0.0025,0.2387,0.239,TRUE,TRUE,TRUE,TRUE,TRUE,TRUE,TRUE,FALSE,FALSE,TRUE,NA,0.0237,0.2387,0.09928780896522832,0.099163179916318,CCS
spatial_spd,45351,Europe,Cold - Cold Summer,analysis=spatial_spd|dataset_id=45351|region=Europe|climatezone=Cold_Without_dry_season_Cold_Summer,human,0.0413,0.0413,-0.016400000000000005,0.0249,6,TRUE,-0.0328,0.4147,0.415,TRUE,TRUE,TRUE,TRUE,TRUE,TRUE,TRUE,FALSE,FALSE,TRUE,NA,0.0249,0.41469999999999996,0.06004340487099108,0.06,CCS
spatial_spd,2050,North America,Cold - Cold Summer,analysis=spatial_spd|dataset_id=2050|region=North America|climatezone=Cold_Without_dry_season_Cold_Summer,human,-0.04,-0.04,0.0764,0.0364,9.29,TRUE,0.1528,0.3921,0.392,TRUE,TRUE,TRUE,TRUE,TRUE,TRUE,TRUE,TRUE,FALSE,TRUE,NA,0.0364,0.3921,0.09283346085182352,0.09285714285714286,CCS
spatial_spd,22805,Europe,Temperate,analysis=spatial_spd|dataset_id=22805|region=Europe|climatezone=Temperate_Without_dry_season,human,0.1552,0.1552,-0.031,0.1242,29.09,TRUE,-0.0621,0.4269,0.427,TRUE,TRUE,TRUE,TRUE,TRUE,TRUE,TRUE,FALSE,FALSE,TRUE,NA,0.1242,0.42690000000000006,0.2909346451159522,0.2908665105386417,TMP
spatial_spd,1890,North America,Cold - Cold Summer,analysis=spatial_spd|dataset_id=1890|region=North America|climatezone=Cold_Without_dry_season_Cold_Summer,human,-0.0122,-0.0122,0.057600000000000005,0.0454,9.96,TRUE,0.1153,0.4564,0.456,TRUE,TRUE,TRUE,TRUE,TRUE,TRUE,TRUE,TRUE,FALSE,TRUE,NA,0.0454,0.4564,0.09947414548641544,0.09956140350877193,CCS
spatial_spd,2588,North America,Cold - Cold Summer,analysis=spatial_spd|dataset_id=2588|region=North America|climatezone=Cold_Without_dry_season_Cold_Summer,human,-0.0023,-0.0023,0.0697,0.0674,22.93,TRUE,0.1394,0.2935,0.294,TRUE,TRUE,TRUE,TRUE,TRUE,TRUE,TRUE,TRUE,FALSE,TRUE,NA,0.0674,0.2935,0.2296422487223169,0.22925170068027212,CCS
spatial_spd,14803,North America,Cold - Cold Summer,analysis=spatial_spd|dataset_id=14803|region=North America|climatezone=Cold_Without_dry_season_Cold_Summer,human,-0.0208,-0.0208,0.0771,0.0563,15.42,TRUE,0.1542,0.365,0.365,TRUE,TRUE,TRUE,TRUE,TRUE,TRUE,TRUE,TRUE,FALSE,TRUE,NA,0.0563,0.365,0.15424657534246577,0.15424657534246577,CCS
spatial_spd,15413,North America,Cold - Dry Summer,analysis=spatial_spd|dataset_id=15413|region=North America|climatezone=Cold_Dry_Summer,human,-0.0478,-0.0478,0.0456,-0.0022,-0.54,TRUE,0.0913,0.4056,0.406,TRUE,TRUE,TRUE,TRUE,TRUE,TRUE,TRUE,TRUE,TRUE,TRUE,NA,0,0.4078,0,-0.00541871921182266,CDS
spatial_spd,4555,Europe,Cold - Cold Summer,analysis=spatial_spd|dataset_id=4555|region=Europe|climatezone=Cold_Without_dry_season_Cold_Summer,human,0.08,0.08,-0.0203,0.0597,19.32,TRUE,-0.0406,0.3092,0.309,TRUE,TRUE,TRUE,TRUE,TRUE,TRUE,TRUE,FALSE,FALSE,TRUE,NA,0.0597,0.30920000000000003,0.19307891332470892,0.19320388349514564,CCS
spatial_spd,48982,Europe,Cold - Cold Summer,analysis=spatial_spd|dataset_id=48982|region=Europe|climatezone=Cold_Without_dry_season_Cold_Summer,human,0.0744,0.0744,-0.008899999999999991,0.0655,21.27,TRUE,-0.0178,0.3085,0.308,TRUE,TRUE,TRUE,TRUE,TRUE,TRUE,TRUE,FALSE,FALSE,TRUE,NA,0.0655,0.3085,0.21231766612641817,0.21266233766233766,CCS
spatial_spd,343,North America,Cold - Dry Summer,analysis=spatial_spd|dataset_id=343|region=North America|climatezone=Cold_Dry_Summer,human,-0.0316,-0.0316,-0.004299999999999998,-0.0359,-42.24,TRUE,-0.0086,0.0851,0.085,TRUE,TRUE,TRUE,TRUE,TRUE,TRUE,TRUE,TRUE,TRUE,TRUE,NA,0,0.121,0,-0.4223529411764706,CDS
spatial_spd,2025,North America,Cold - Cold Summer,analysis=spatial_spd|dataset_id=2025|region=North America|climatezone=Cold_Without_dry_season_Cold_Summer,human,-0.0114,-0.0114,0.0424,0.031,5.84,TRUE,0.0848,0.5308,0.531,TRUE,TRUE,TRUE,TRUE,TRUE,TRUE,TRUE,TRUE,FALSE,TRUE,NA,0.031,0.5309,0.05839141081182896,0.0583804143126177,CCS
spatial_spd,24048,Europe,Polar,analysis=spatial_spd|dataset_id=24048|region=Europe|climatezone=Polar,human,0.0441,0.0441,0.030600000000000002,0.0747,43.94,TRUE,0.0612,0.1697,0.17,TRUE,TRUE,TRUE,TRUE,TRUE,TRUE,TRUE,FALSE,FALSE,TRUE,NA,0.0747,0.16970000000000002,0.4401885680612846,0.43941176470588234,POL
spatial_spd,1003,North America,Cold - Dry Summer,analysis=spatial_spd|dataset_id=1003|region=North America|climatezone=Cold_Dry_Summer,human,-0.0364,-0.0364,0.06,0.0236,8.03,TRUE,0.1201,0.2945,0.294,TRUE,TRUE,TRUE,TRUE,TRUE,TRUE,TRUE,TRUE,FALSE,TRUE,NA,0.0236,0.2945,0.08013582342954159,0.08027210884353742,CDS
spatial_spd,3563,North America,Cold - Hot Summer,analysis=spatial_spd|dataset_id=3563|region=North America|climatezone=Cold_Without_dry_season_Hot_Summer,human,0.0049,0.0049,0.024,0.0289,12.51,TRUE,0.048,0.2315,0.231,TRUE,TRUE,TRUE,TRUE,TRUE,TRUE,TRUE,FALSE,FALSE,TRUE,NA,0.0289,0.23140000000000002,0.12489196197061364,0.12510822510822509,CHS
spatial_spd,46292,North America,Cold - Warm Summer,analysis=spatial_spd|dataset_id=46292|region=North America|climatezone=Cold_Without_dry_season_Warm_Summer,human,-0.0055,-0.0055,-0.0327,-0.0382,-7.62,TRUE,-0.0655,0.5013,0.501,TRUE,TRUE,TRUE,TRUE,TRUE,TRUE,TRUE,TRUE,TRUE,TRUE,NA,0,0.5395,0,-0.07624750499001996,CWS
spatial_spd,834,North America,Cold - Cold Summer,analysis=spatial_spd|dataset_id=834|region=North America|climatezone=Cold_Without_dry_season_Cold_Summer,human,-0.0413,-0.0413,0.1962,0.1549,24.32,TRUE,0.3925,0.6368,0.637,TRUE,TRUE,TRUE,TRUE,TRUE,TRUE,TRUE,TRUE,FALSE,TRUE,NA,0.1549,0.6367,0.2432856918485943,0.24317111459968604,CCS
spatial_spd,20279,Europe,Polar,analysis=spatial_spd|dataset_id=20279|region=Europe|climatezone=Polar,human,0.1369,0.1369,6.000000000000172e-4,0.1375,26.7,TRUE,0.0014,0.5154,0.515,TRUE,TRUE,TRUE,TRUE,TRUE,TRUE,TRUE,FALSE,FALSE,TRUE,NA,0.1375,0.5153000000000001,0.2668348534834077,0.2669902912621359,POL
spatial_spd,20012,Europe,Temperate,analysis=spatial_spd|dataset_id=20012|region=Europe|climatezone=Temperate_Without_dry_season,human,0.2305,0.2305,-0.0199,0.2106,105.83,TRUE,-0.0398,0.1991,0.199,TRUE,TRUE,TRUE,TRUE,TRUE,TRUE,TRUE,FALSE,TRUE,TRUE,NA,0.2106,0.2106,1,1.0582914572864321,TMP
spatial_spd,24080,Europe,Cold - Cold Summer,analysis=spatial_spd|dataset_id=24080|region=Europe|climatezone=Cold_Without_dry_season_Cold_Summer,human,-0.0144,-0.0144,0.0235,0.0091,2.26,TRUE,0.0468,0.4032,0.403,TRUE,TRUE,TRUE,TRUE,TRUE,TRUE,TRUE,TRUE,FALSE,TRUE,NA,0.0091,0.4032,0.022569444444444444,0.02258064516129032,CCS
spatial_spd,279,North America,Cold - Warm Summer,analysis=spatial_spd|dataset_id=279|region=North America|climatezone=Cold_Without_dry_season_Warm_Summer,human,-0.0216,-0.0216,0.0082,-0.0134,-335,TRUE,0.0164,0.0044,0.004,TRUE,TRUE,TRUE,TRUE,TRUE,TRUE,TRUE,TRUE,TRUE,TRUE,NA,0,0.0178,0,-3.35,CWS
spatial_spd,2004,North America,Cold - Cold Summer,analysis=spatial_spd|dataset_id=2004|region=North America|climatezone=Cold_Without_dry_season_Cold_Summer,human,-0.0076,-0.0076,0.052500000000000005,0.0449,7.84,TRUE,0.1051,0.5725,0.573,TRUE,TRUE,TRUE,TRUE,TRUE,TRUE,TRUE,TRUE,FALSE,TRUE,NA,0.0449,0.5725,0.07842794759825328,0.07835951134380455,CCS
spatial_spd,15101,Latin America,Temperate - Dry Summer,analysis=spatial_spd|dataset_id=15101|region=Latin America|climatezone=Temperate_Dry_Summer,human,-0.048,-0.048,-0.0030999999999999986,-0.0511,-24.1,TRUE,-0.0061,0.2122,0.212,TRUE,TRUE,TRUE,TRUE,TRUE,TRUE,TRUE,TRUE,TRUE,TRUE,NA,0,0.2633,0,-0.2410377358490566,TDS
spatial_spd,3774,North America,Cold - Warm Summer,analysis=spatial_spd|dataset_id=3774|region=North America|climatezone=Cold_Without_dry_season_Warm_Summer,human,0.0082,0.0082,0.0284,0.0366,10.17,TRUE,0.0568,0.3604,0.36,TRUE,TRUE,TRUE,TRUE,TRUE,TRUE,TRUE,FALSE,FALSE,TRUE,NA,0.0366,0.3604,0.10155382907880134,0.10166666666666667,CWS
spatial_spd,15967,North America,Cold - Dry Summer,analysis=spatial_spd|dataset_id=15967|region=North America|climatezone=Cold_Dry_Summer,human,0.2441,0.2441,0.0305,0.2746,73.62,TRUE,0.061,0.3734,0.373,TRUE,TRUE,TRUE,TRUE,TRUE,TRUE,TRUE,FALSE,FALSE,TRUE,NA,0.2746,0.3734,0.7354043920728441,0.7361930294906166,CDS
spatial_spd,1607,North America,Cold - Warm Summer,analysis=spatial_spd|dataset_id=1607|region=North America|climatezone=Cold_Without_dry_season_Warm_Summer,human,-0.0175,-0.0175,0.078,0.0605,14.2,TRUE,0.156,0.4261,0.426,TRUE,TRUE,TRUE,TRUE,TRUE,TRUE,TRUE,TRUE,FALSE,TRUE,NA,0.0605,0.4261,0.14198544942501762,0.142018779342723,CWS
spatial_spd,17336,Europe,Temperate,analysis=spatial_spd|dataset_id=17336|region=Europe|climatezone=Temperate_Without_dry_season,human,0.0652,0.0652,0.1809,0.2461,47.15,TRUE,0.3618,0.5217,0.522,TRUE,TRUE,TRUE,TRUE,TRUE,TRUE,TRUE,FALSE,FALSE,TRUE,NA,0.2461,0.5217,0.4717270461951313,0.471455938697318,TMP
spatial_spd,987,North America,Cold - Cold Summer,analysis=spatial_spd|dataset_id=987|region=North America|climatezone=Cold_Without_dry_season_Cold_Summer,human,-0.0374,-0.0374,0.002700000000000001,-0.0347,-8.59,TRUE,0.0054,0.4038,0.404,TRUE,TRUE,TRUE,TRUE,TRUE,TRUE,TRUE,TRUE,TRUE,TRUE,NA,0,0.4385,0,-0.08589108910891088,CCS
spatial_spd,15646,North America,Cold - Dry Summer,analysis=spatial_spd|dataset_id=15646|region=North America|climatezone=Cold_Dry_Summer,human,0.24,0.24,0.061,0.301,62.71,TRUE,0.122,0.4797,0.48,TRUE,TRUE,TRUE,TRUE,TRUE,TRUE,TRUE,FALSE,FALSE,TRUE,NA,0.301,0.4798,0.6273447269695707,0.6270833333333333,CDS
spatial_spd,15061,Latin America,Temperate - Dry Summer,analysis=spatial_spd|dataset_id=15061|region=Latin America|climatezone=Temperate_Dry_Summer,human,-0.0248,-0.0248,-0.010100000000000001,-0.0349,-11.01,TRUE,-0.0203,0.3171,0.317,TRUE,TRUE,TRUE,TRUE,TRUE,TRUE,TRUE,TRUE,TRUE,TRUE,NA,0,0.3521,0,-0.11009463722397476,TDS
spatial_spd,20609,North America,Cold - Warm Summer,analysis=spatial_spd|dataset_id=20609|region=North America|climatezone=Cold_Without_dry_season_Warm_Summer,human,-0.0325,-0.0325,0.0762,0.0437,25.56,TRUE,0.1523,0.1707,0.171,TRUE,TRUE,TRUE,TRUE,TRUE,TRUE,TRUE,TRUE,FALSE,TRUE,NA,0.0437,0.17070000000000002,0.2560046865846514,0.25555555555555554,CWS
spatial_spd,40448,Europe,Polar,analysis=spatial_spd|dataset_id=40448|region=Europe|climatezone=Polar,human,0.0441,0.0441,-0.0176,0.0265,10.35,TRUE,-0.0351,0.2565,0.256,TRUE,TRUE,TRUE,TRUE,TRUE,TRUE,TRUE,FALSE,FALSE,TRUE,NA,0.0265,0.2565,0.10331384015594541,0.103515625,POL
spatial_spd,3046,North America,Cold - Warm Summer,analysis=spatial_spd|dataset_id=3046|region=North America|climatezone=Cold_Without_dry_season_Warm_Summer,human,0.1376,0.1376,0.09190000000000001,0.2295,93.29,TRUE,0.1838,0.2461,0.246,TRUE,TRUE,TRUE,TRUE,TRUE,TRUE,TRUE,TRUE,FALSE,TRUE,NA,0.2295,0.2461,0.9325477448191792,0.9329268292682927,CWS
spatial_spd,1610,Latin America,Arid,analysis=spatial_spd|dataset_id=1610|region=Latin America|climatezone=Arid,human,0.0022,0.0022,0.0335,0.0357,31.32,TRUE,0.0669,0.114,0.114,TRUE,TRUE,TRUE,TRUE,TRUE,TRUE,TRUE,FALSE,FALSE,TRUE,NA,0.0357,0.11399999999999999,0.31315789473684214,0.31315789473684214,ARD
spatial_spd,331,North America,Temperate,analysis=spatial_spd|dataset_id=331|region=North America|climatezone=Temperate_Without_dry_season,human,0.018,0.018,0.15680000000000002,0.1748,25.11,TRUE,0.3136,0.6962,0.696,TRUE,TRUE,TRUE,TRUE,TRUE,TRUE,TRUE,FALSE,FALSE,TRUE,NA,0.1748,0.6962999999999999,0.2510412178658625,0.25114942528735634,TMP
spatial_spd,1711,Latin America,Temperate - Dry Summer,analysis=spatial_spd|dataset_id=1711|region=Latin America|climatezone=Temperate_Dry_Summer,human,-0.0511,-0.0511,0.0423,-0.0088,-2.67,TRUE,0.0847,0.3297,0.33,TRUE,TRUE,TRUE,TRUE,TRUE,TRUE,TRUE,TRUE,TRUE,TRUE,NA,0,0.3385,0,-0.02666666666666667,TDS
spatial_spd,48931,Europe,Arid,analysis=spatial_spd|dataset_id=48931|region=Europe|climatezone=Arid,human,-0.0599,-0.0599,0.041800000000000004,-0.0181,-53.24,TRUE,0.0835,0.0342,0.034,TRUE,TRUE,TRUE,TRUE,TRUE,TRUE,TRUE,TRUE,TRUE,TRUE,NA,0,0.0523,0,-0.5323529411764706,ARD
spatial_spd,3935,Europe,Cold - Warm Summer,analysis=spatial_spd|dataset_id=3935|region=Europe|climatezone=Cold_Without_dry_season_Warm_Summer,human,-0.0435,-0.0435,1.999999999999988e-4,-0.0433,-12.66,TRUE,5e-4,0.3421,0.342,TRUE,TRUE,TRUE,TRUE,TRUE,TRUE,TRUE,TRUE,TRUE,TRUE,NA,0,0.3854,0,-0.12660818713450292,CWS
spatial_spd,15032,North America,Cold - Warm Summer,analysis=spatial_spd|dataset_id=15032|region=North America|climatezone=Cold_Without_dry_season_Warm_Summer,human,0.1166,0.1166,0.053500000000000006,0.1701,53.32,TRUE,0.107,0.3191,0.319,TRUE,TRUE,TRUE,TRUE,TRUE,TRUE,TRUE,FALSE,FALSE,TRUE,NA,0.1701,0.3191,0.5330617361328737,0.5332288401253918,CWS
spatial_spd,4445,Europe,Temperate,analysis=spatial_spd|dataset_id=4445|region=Europe|climatezone=Temperate_Without_dry_season,human,-0.0108,-0.0108,0.005200000000000001,-0.0056,-1.58,TRUE,0.0104,0.354,0.354,TRUE,TRUE,TRUE,TRUE,TRUE,TRUE,TRUE,TRUE,TRUE,TRUE,NA,0,0.3596,0,-0.015819209039548022,TMP
spatial_spd,4391,Europe,Cold - Cold Summer,analysis=spatial_spd|dataset_id=4391|region=Europe|climatezone=Cold_Without_dry_season_Cold_Summer,human,-0.0373,-0.0373,-0.0020999999999999977,-0.0394,-12.31,TRUE,-0.0042,0.3195,0.32,TRUE,TRUE,TRUE,TRUE,TRUE,TRUE,TRUE,TRUE,TRUE,TRUE,NA,0,0.3589,0,-0.12312499999999998,CCS
spatial_spd,24867,Europe,Temperate,analysis=spatial_spd|dataset_id=24867|region=Europe|climatezone=Temperate_Without_dry_season,human,0.0527,0.0527,-0.012999999999999998,0.0397,13.88,TRUE,-0.0259,0.2857,0.286,TRUE,TRUE,TRUE,TRUE,TRUE,TRUE,TRUE,FALSE,FALSE,TRUE,NA,0.0397,0.2857,0.13895694784739238,0.1388111888111888,TMP
spatial_spd,3484,North America,Temperate,analysis=spatial_spd|dataset_id=3484|region=North America|climatezone=Temperate_Without_dry_season,human,0.0664,0.0664,0.0242,0.0906,20.59,TRUE,0.0485,0.4397,0.44,TRUE,TRUE,TRUE,TRUE,TRUE,TRUE,TRUE,FALSE,FALSE,TRUE,NA,0.0906,0.43970000000000004,0.20604957925858539,0.2059090909090909,TMP
spatial_spd,317,Europe,Cold - Cold Summer,analysis=spatial_spd|dataset_id=317|region=Europe|climatezone=Cold_Without_dry_season_Cold_Summer,human,-0.0334,-0.0334,0.1543,0.1209,28.99,TRUE,0.3086,0.4167,0.417,TRUE,TRUE,TRUE,TRUE,TRUE,TRUE,TRUE,TRUE,FALSE,TRUE,NA,0.1209,0.4167,0.2901367890568754,0.28992805755395684,CCS
spatial_spd,21926,Latin America,Polar,analysis=spatial_spd|dataset_id=21926|region=Latin America|climatezone=Polar,human,-0.0515,-0.0515,0.0346,-0.0169,-7.51,TRUE,0.0692,0.2254,0.225,TRUE,TRUE,TRUE,TRUE,TRUE,TRUE,TRUE,TRUE,TRUE,TRUE,NA,0,0.2422,0,-0.0751111111111111,POL
spatial_spd,42563,Europe,Temperate,analysis=spatial_spd|dataset_id=42563|region=Europe|climatezone=Temperate_Without_dry_season,human,0.1431,0.1431,0.07119999999999999,0.2143,47.2,TRUE,0.1424,0.4538,0.454,TRUE,TRUE,TRUE,TRUE,TRUE,TRUE,TRUE,FALSE,FALSE,TRUE,NA,0.2143,0.4537,0.47233854970244654,0.47202643171806163,TMP
spatial_spd,777,North America,Cold - Cold Summer,analysis=spatial_spd|dataset_id=777|region=North America|climatezone=Cold_Without_dry_season_Cold_Summer,human,0.0308,0.0308,0.067,0.0978,18.42,TRUE,0.1341,0.5312,0.531,TRUE,TRUE,TRUE,TRUE,TRUE,TRUE,TRUE,FALSE,FALSE,TRUE,NA,0.0978,0.5312,0.18411144578313252,0.18418079096045195,CCS
spatial_spd,40566,Europe,Cold - Warm Summer,analysis=spatial_spd|dataset_id=40566|region=Europe|climatezone=Cold_Without_dry_season_Warm_Summer,human,0.3115,0.3115,-0.16,0.1515,38.16,TRUE,-0.3199,0.3968,0.397,TRUE,TRUE,TRUE,TRUE,TRUE,TRUE,TRUE,FALSE,FALSE,TRUE,NA,0.1515,0.3968,0.381804435483871,0.3816120906801007,CWS
spatial_spd,15403,North America,Cold - Warm Summer,analysis=spatial_spd|dataset_id=15403|region=North America|climatezone=Cold_Without_dry_season_Warm_Summer,human,0.0804,0.0804,-0.018999999999999996,0.0614,17.54,TRUE,-0.0381,0.3499,0.35,TRUE,TRUE,TRUE,TRUE,TRUE,TRUE,TRUE,FALSE,FALSE,TRUE,NA,0.0614,0.3499,0.17547870820234354,0.17542857142857146,CWS
spatial_spd,20194,North America,Arid,analysis=spatial_spd|dataset_id=20194|region=North America|climatezone=Arid,human,-0.0445,-0.0445,0.1112,0.0667,50.53,TRUE,0.2225,0.1322,0.132,TRUE,TRUE,TRUE,TRUE,TRUE,TRUE,TRUE,TRUE,FALSE,TRUE,NA,0.0667,0.13219999999999998,0.5045385779122542,0.5053030303030303,ARD
spatial_spd,4372,Europe,Cold - Cold Summer,analysis=spatial_spd|dataset_id=4372|region=Europe|climatezone=Cold_Without_dry_season_Cold_Summer,human,-0.0395,-0.0395,0.0941,0.0546,19.93,TRUE,0.1882,0.2738,0.274,TRUE,TRUE,TRUE,TRUE,TRUE,TRUE,TRUE,TRUE,FALSE,TRUE,NA,0.0546,0.2738,0.1994156318480643,0.19927007299270072,CCS
spatial_spd,4382,Europe,Cold - Warm Summer,analysis=spatial_spd|dataset_id=4382|region=Europe|climatezone=Cold_Without_dry_season_Warm_Summer,human,0.1843,0.1843,-0.03519999999999998,0.1491,42.24,TRUE,-0.0704,0.353,0.353,TRUE,TRUE,TRUE,TRUE,TRUE,TRUE,TRUE,FALSE,FALSE,TRUE,NA,0.1491,0.35309999999999997,0.4222599830076466,0.4223796033994335,CWS
spatial_spd,16193,North America,Cold - Warm Summer,analysis=spatial_spd|dataset_id=16193|region=North America|climatezone=Cold_Without_dry_season_Warm_Summer,human,-0.0111,-0.0111,0.052,0.0409,7.93,TRUE,0.104,0.5157,0.516,TRUE,TRUE,TRUE,TRUE,TRUE,TRUE,TRUE,TRUE,FALSE,TRUE,NA,0.0409,0.5156000000000001,0.07932505818463924,0.07926356589147286,CWS
spatial_spd,42720,Europe,Cold - Warm Summer,analysis=spatial_spd|dataset_id=42720|region=Europe|climatezone=Cold_Without_dry_season_Warm_Summer,human,-0.0675,-0.0675,0.0012000000000000066,-0.0663,-35.27,TRUE,0.0025,0.1879,0.188,TRUE,TRUE,TRUE,TRUE,TRUE,TRUE,TRUE,TRUE,TRUE,TRUE,NA,0,0.2541,0,-0.3526595744680851,CWS
spatial_spd,811,North America,Cold - Dry Summer,analysis=spatial_spd|dataset_id=811|region=North America|climatezone=Cold_Dry_Summer,human,0.042,0.042,0.013999999999999999,0.056,9.51,TRUE,0.0279,0.5887,0.589,TRUE,TRUE,TRUE,TRUE,TRUE,TRUE,TRUE,FALSE,FALSE,TRUE,NA,0.056,0.5887,0.09512485136741974,0.09507640067911716,CDS
spatial_spd,22828,Europe,Cold - Warm Summer,analysis=spatial_spd|dataset_id=22828|region=Europe|climatezone=Cold_Without_dry_season_Warm_Summer,human,0.1114,0.1114,-0.0471,0.0643,37.82,TRUE,-0.0943,0.1698,0.17,TRUE,TRUE,TRUE,TRUE,TRUE,TRUE,TRUE,FALSE,FALSE,TRUE,NA,0.0643,0.1698,0.378680800942285,0.378235294117647,CWS
spatial_spd,48697,Latin America,Temperate,analysis=spatial_spd|dataset_id=48697|region=Latin America|climatezone=Temperate_Without_dry_season,human,0.383,0.383,-0.018299999999999983,0.3647,63.76,TRUE,-0.0368,0.5723,0.572,TRUE,TRUE,TRUE,TRUE,TRUE,TRUE,TRUE,FALSE,FALSE,TRUE,NA,0.3647,0.5724,0.6371418588399721,0.6375874125874127,TMP
spatial_spd,1520,North America,Cold - Hot Summer,analysis=spatial_spd|dataset_id=1520|region=North America|climatezone=Cold_Without_dry_season_Hot_Summer,human,-0.0788,-0.0788,0.06689999999999999,-0.0119,-5.13,TRUE,0.1339,0.2321,0.232,TRUE,TRUE,TRUE,TRUE,TRUE,TRUE,TRUE,TRUE,TRUE,TRUE,NA,0,0.244,0,-0.05129310344827586,CHS
spatial_spd,1663,North America,Cold - Warm Summer,analysis=spatial_spd|dataset_id=1663|region=North America|climatezone=Cold_Without_dry_season_Warm_Summer,human,0.0783,0.0783,0.018100000000000005,0.0964,21.28,TRUE,0.0361,0.4526,0.453,TRUE,TRUE,TRUE,TRUE,TRUE,TRUE,TRUE,FALSE,FALSE,TRUE,NA,0.0964,0.4526,0.2129916040653999,0.21280353200883,CWS
spatial_spd,14512,Europe,Temperate,analysis=spatial_spd|dataset_id=14512|region=Europe|climatezone=Temperate_Without_dry_season,human,0.0753,0.0753,0.04279999999999999,0.1181,46.5,TRUE,0.0856,0.2541,0.254,TRUE,TRUE,TRUE,TRUE,TRUE,TRUE,TRUE,FALSE,FALSE,TRUE,NA,0.1181,0.2541,0.46477764659582843,0.4649606299212598,TMP
spatial_spd,356,Latin America,Polar,analysis=spatial_spd|dataset_id=356|region=Latin America|climatezone=Polar,human,0.0978,0.0978,-0.0683,0.0295,6.51,TRUE,-0.1366,0.453,0.453,TRUE,TRUE,TRUE,TRUE,TRUE,TRUE,TRUE,FALSE,FALSE,TRUE,NA,0.0295,0.45299999999999996,0.06512141280353201,0.06512141280353201,POL
spatial_spd,15715,North America,Cold - Dry Summer,analysis=spatial_spd|dataset_id=15715|region=North America|climatezone=Cold_Dry_Summer,human,0.1707,0.1707,-0.05869999999999999,0.112,33.14,TRUE,-0.1174,0.3377,0.338,TRUE,TRUE,TRUE,TRUE,TRUE,TRUE,TRUE,FALSE,FALSE,TRUE,NA,0.112,0.3377,0.33165531536867043,0.3313609467455621,CDS
spatial_spd,3047,North America,Cold - Warm Summer,analysis=spatial_spd|dataset_id=3047|region=North America|climatezone=Cold_Without_dry_season_Warm_Summer,human,0.304,0.304,-0.057099999999999984,0.2469,42.64,TRUE,-0.114,0.5792,0.579,TRUE,TRUE,TRUE,TRUE,TRUE,TRUE,TRUE,FALSE,FALSE,TRUE,NA,0.2469,0.5791999999999999,0.4262776243093923,0.42642487046632127,CWS
spatial_spd,20018,Europe,Polar,analysis=spatial_spd|dataset_id=20018|region=Europe|climatezone=Polar,human,0.0046,0.0046,0.0049,0.0095,2.29,TRUE,0.0098,0.4142,0.414,TRUE,TRUE,TRUE,TRUE,TRUE,TRUE,TRUE,FALSE,FALSE,TRUE,NA,0.0095,0.4142,0.02293577981651376,0.022946859903381644,POL
spatial_spd,281,North America,Temperate,analysis=spatial_spd|dataset_id=281|region=North America|climatezone=Temperate_Without_dry_season,human,0.172,0.172,-0.06789999999999999,0.1041,347,TRUE,-0.1359,0.0298,0.03,TRUE,TRUE,TRUE,TRUE,TRUE,TRUE,TRUE,TRUE,TRUE,TRUE,NA,0.1041,0.1041,1,3.47,TMP
spatial_spd,21603,Latin America,Arid,analysis=spatial_spd|dataset_id=21603|region=Latin America|climatezone=Arid,human,0.0027,0.0027,0.08520000000000001,0.0879,35.73,TRUE,0.1705,0.2459,0.246,TRUE,TRUE,TRUE,TRUE,TRUE,TRUE,TRUE,FALSE,FALSE,TRUE,NA,0.0879,0.2459,0.3574623830825539,0.35731707317073175,ARD
spatial_spd,48917,Europe,Cold - Warm Summer,analysis=spatial_spd|dataset_id=48917|region=Europe|climatezone=Cold_Without_dry_season_Warm_Summer,human,0.2152,0.2152,-0.0733,0.1419,58.4,TRUE,-0.1467,0.2429,0.243,TRUE,TRUE,TRUE,TRUE,TRUE,TRUE,TRUE,FALSE,FALSE,TRUE,NA,0.1419,0.2429,0.5841910251132153,0.5839506172839506,CWS
spatial_spd,304,North America,Temperate,analysis=spatial_spd|dataset_id=304|region=North America|climatezone=Temperate_Without_dry_season,human,0.0028,0.0028,0.1487,0.1515,26.12,TRUE,0.2975,0.5802,0.58,TRUE,TRUE,TRUE,TRUE,TRUE,TRUE,TRUE,FALSE,FALSE,TRUE,NA,0.1515,0.5802,0.26111685625646325,0.26120689655172413,TMP
spatial_spd,15035,North America,Cold - Warm Summer,analysis=spatial_spd|dataset_id=15035|region=North America|climatezone=Cold_Without_dry_season_Warm_Summer,human,0.0851,0.0851,0.11120000000000001,0.1963,32.13,TRUE,0.2223,0.6106,0.611,TRUE,TRUE,TRUE,TRUE,TRUE,TRUE,TRUE,FALSE,FALSE,TRUE,NA,0.1963,0.6106,0.32148706190632165,0.32127659574468087,CWS
spatial_spd,1849,North America,Cold - Cold Summer,analysis=spatial_spd|dataset_id=1849|region=North America|climatezone=Cold_Without_dry_season_Cold_Summer,human,0.0118,0.0118,0.1025,0.1143,19.34,TRUE,0.205,0.5906,0.591,TRUE,TRUE,TRUE,TRUE,TRUE,TRUE,TRUE,FALSE,FALSE,TRUE,NA,0.1143,0.5906,0.19353200135455467,0.1934010152284264,CCS
spatial_spd,16212,Europe,Cold - Warm Summer,analysis=spatial_spd|dataset_id=16212|region=Europe|climatezone=Cold_Without_dry_season_Warm_Summer,human,0.1118,0.1118,-0.0556,0.0562,18.99,TRUE,-0.1112,0.2962,0.296,TRUE,TRUE,TRUE,TRUE,TRUE,TRUE,TRUE,FALSE,FALSE,TRUE,NA,0.0562,0.2962,0.18973666441593517,0.18986486486486487,CWS
spatial_spd,1705,North America,Temperate,analysis=spatial_spd|dataset_id=1705|region=North America|climatezone=Temperate_Without_dry_season,human,0.1937,0.1937,0.10250000000000001,0.2962,77.14,TRUE,0.205,0.3842,0.384,TRUE,TRUE,TRUE,TRUE,TRUE,TRUE,TRUE,TRUE,FALSE,TRUE,NA,0.2962,0.3842,0.7709526288391464,0.7713541666666667,TMP
spatial_spd,492,North America,Temperate,analysis=spatial_spd|dataset_id=492|region=North America|climatezone=Temperate_Without_dry_season,human,-0.0799,-0.0799,0.0269,-0.053,-75.71,TRUE,0.0537,0.0702,0.07,TRUE,TRUE,TRUE,TRUE,TRUE,TRUE,TRUE,TRUE,TRUE,TRUE,NA,0,0.1233,0,-0.757142857142857,TMP
spatial_spd,4203,Europe,Cold - Warm Summer,analysis=spatial_spd|dataset_id=4203|region=Europe|climatezone=Cold_Without_dry_season_Warm_Summer,human,-0.0257,-0.0257,0.004800000000000002,-0.0209,-4.7,TRUE,0.0097,0.4451,0.445,TRUE,TRUE,TRUE,TRUE,TRUE,TRUE,TRUE,TRUE,TRUE,TRUE,NA,0,0.466,0,-0.04696629213483146,CWS
spatial_spd,42722,North America,Cold - Warm Summer,analysis=spatial_spd|dataset_id=42722|region=North America|climatezone=Cold_Without_dry_season_Warm_Summer,human,0.0093,0.0093,0.1614,0.1707,38.97,TRUE,0.3227,0.4385,0.438,TRUE,TRUE,TRUE,TRUE,TRUE,TRUE,TRUE,FALSE,FALSE,TRUE,NA,0.1707,0.4385,0.38928164196123144,0.38972602739726026,CWS
spatial_spd,550,North America,Temperate - Dry Summer,analysis=spatial_spd|dataset_id=550|region=North America|climatezone=Temperate_Dry_Summer,human,0.2625,0.2625,-0.029100000000000015,0.2334,63.95,TRUE,-0.0583,0.3648,0.365,TRUE,TRUE,TRUE,TRUE,TRUE,TRUE,TRUE,FALSE,FALSE,TRUE,NA,0.2334,0.3649,0.639627295149356,0.6394520547945206,TDS
spatial_spd,3830,North America,Cold - Warm Summer,analysis=spatial_spd|dataset_id=3830|region=North America|climatezone=Cold_Without_dry_season_Warm_Summer,human,0.0061,0.0061,0.08130000000000001,0.0874,36.27,TRUE,0.1625,0.2408,0.241,TRUE,TRUE,TRUE,TRUE,TRUE,TRUE,TRUE,FALSE,FALSE,TRUE,NA,0.0874,0.24080000000000001,0.36295681063122925,0.3626556016597511,CWS
spatial_spd,17359,North America,Cold - Cold Summer,analysis=spatial_spd|dataset_id=17359|region=North America|climatezone=Cold_Without_dry_season_Cold_Summer,human,-0.041,-0.041,0.013300000000000003,-0.0277,-4.52,TRUE,0.0265,0.6132,0.613,TRUE,TRUE,TRUE,TRUE,TRUE,TRUE,TRUE,TRUE,TRUE,TRUE,NA,0,0.641,0,-0.045187601957585644,CCS
spatial_spd,40579,Europe,Cold - Cold Summer,analysis=spatial_spd|dataset_id=40579|region=Europe|climatezone=Cold_Without_dry_season_Cold_Summer,human,0.0116,0.0116,0.0869,0.0985,14.03,TRUE,0.1739,0.702,0.702,TRUE,TRUE,TRUE,TRUE,TRUE,TRUE,TRUE,FALSE,FALSE,TRUE,NA,0.0985,0.7020000000000001,0.1403133903133903,0.14031339031339032,CCS
spatial_spd,41183,North America,Cold - Dry Summer,analysis=spatial_spd|dataset_id=41183|region=North America|climatezone=Cold_Dry_Summer,human,0.0323,0.0323,-0.019200000000000002,0.0131,5.12,TRUE,-0.0384,0.256,0.256,TRUE,TRUE,TRUE,TRUE,TRUE,TRUE,TRUE,FALSE,FALSE,TRUE,NA,0.0131,0.256,0.051171875,0.051171875,CDS
spatial_spd,15189,North America,Cold - Cold Summer,analysis=spatial_spd|dataset_id=15189|region=North America|climatezone=Cold_Without_dry_season_Cold_Summer,human,0.0034,0.0034,0.13840000000000002,0.1418,26.65,TRUE,0.2767,0.5317,0.532,TRUE,TRUE,TRUE,TRUE,TRUE,TRUE,TRUE,FALSE,FALSE,TRUE,NA,0.1418,0.5317000000000001,0.2666917434643596,0.26654135338345863,CCS
spatial_spd,534,North America,Cold - Warm Summer,analysis=spatial_spd|dataset_id=534|region=North America|climatezone=Cold_Without_dry_season_Warm_Summer,human,0.2785,0.2785,0.07049999999999995,0.349,53.36,TRUE,0.1409,0.6537,0.654,TRUE,TRUE,TRUE,TRUE,TRUE,TRUE,TRUE,FALSE,FALSE,TRUE,NA,0.349,0.6537,0.5338840446688083,0.5336391437308868,CWS
spatial_spd,4362,Europe,Cold - Warm Summer,analysis=spatial_spd|dataset_id=4362|region=Europe|climatezone=Cold_Without_dry_season_Warm_Summer,human,-0.031,-0.031,0.0011000000000000003,-0.0299,-5.21,TRUE,0.0021,0.5742,0.574,TRUE,TRUE,TRUE,TRUE,TRUE,TRUE,TRUE,TRUE,TRUE,TRUE,NA,0,0.6041,0,-0.05209059233449478,CWS
spatial_spd,41770,Europe,Temperate,analysis=spatial_spd|dataset_id=41770|region=Europe|climatezone=Temperate_Without_dry_season,human,0.2242,0.2242,-0.06460000000000002,0.1596,32.98,TRUE,-0.1292,0.4843,0.484,TRUE,TRUE,TRUE,TRUE,TRUE,TRUE,TRUE,FALSE,FALSE,TRUE,NA,0.1596,0.48429999999999995,0.3295478009498245,0.32975206611570246,TMP
spatial_spd,45101,Europe,Arid,analysis=spatial_spd|dataset_id=45101|region=Europe|climatezone=Arid,human,0.048,0.048,-0.028,0.02,5.24,TRUE,-0.056,0.3819,0.382,TRUE,TRUE,TRUE,TRUE,TRUE,TRUE,TRUE,FALSE,FALSE,TRUE,NA,0.02,0.3819,0.052369730295888976,0.05235602094240838,ARD
spatial_spd,4288,Europe,Cold - Cold Summer,analysis=spatial_spd|dataset_id=4288|region=Europe|climatezone=Cold_Without_dry_season_Cold_Summer,human,-0.0055,-0.0055,-0.018000000000000002,-0.0235,-4.61,TRUE,-0.036,0.5104,0.51,TRUE,TRUE,TRUE,TRUE,TRUE,TRUE,TRUE,TRUE,TRUE,TRUE,NA,0,0.5338,0,-0.046078431372549015,CCS
spatial_spd,22814,Europe,Cold - Warm Summer,analysis=spatial_spd|dataset_id=22814|region=Europe|climatezone=Cold_Without_dry_season_Warm_Summer,human,0.0213,0.0213,0.0172,0.0385,21.75,TRUE,0.0343,0.1773,0.177,TRUE,TRUE,TRUE,TRUE,TRUE,TRUE,TRUE,FALSE,FALSE,TRUE,NA,0.0385,0.1773,0.2171460800902425,0.21751412429378533,CWS
spatial_spd,2951,North America,Cold - Cold Summer,analysis=spatial_spd|dataset_id=2951|region=North America|climatezone=Cold_Without_dry_season_Cold_Summer,human,0.0255,0.0255,0.0132,0.0387,23.6,TRUE,0.0264,0.1637,0.164,TRUE,TRUE,TRUE,TRUE,TRUE,TRUE,TRUE,FALSE,FALSE,TRUE,NA,0.0387,0.1637,0.2364080635308491,0.23597560975609755,CCS
spatial_spd,4403,Europe,Cold - Warm Summer,analysis=spatial_spd|dataset_id=4403|region=Europe|climatezone=Cold_Without_dry_season_Warm_Summer,human,0.0149,0.0149,0.0733,0.0882,19.56,TRUE,0.1465,0.4511,0.451,TRUE,TRUE,TRUE,TRUE,TRUE,TRUE,TRUE,FALSE,FALSE,TRUE,NA,0.0882,0.4512,0.19547872340425532,0.19556541019955653,CWS
spatial_spd,1006,North America,Cold - Cold Summer,analysis=spatial_spd|dataset_id=1006|region=North America|climatezone=Cold_Without_dry_season_Cold_Summer,human,-0.0475,-0.0475,0.005999999999999998,-0.0415,-7.89,TRUE,0.012,0.5262,0.526,TRUE,TRUE,TRUE,TRUE,TRUE,TRUE,TRUE,TRUE,TRUE,TRUE,NA,0,0.5677,0,-0.07889733840304182,CCS
spatial_spd,871,North America,Cold - Warm Summer,analysis=spatial_spd|dataset_id=871|region=North America|climatezone=Cold_Without_dry_season_Warm_Summer,human,-0.0319,-0.0319,0.1147,0.0828,17.65,TRUE,0.2292,0.4692,0.469,TRUE,TRUE,TRUE,TRUE,TRUE,TRUE,TRUE,TRUE,FALSE,TRUE,NA,0.0828,0.4693,0.17643298529725124,0.176545842217484,CWS
spatial_spd,17371,Latin America,Polar,analysis=spatial_spd|dataset_id=17371|region=Latin America|climatezone=Polar,human,-0.0303,-0.0303,-0.004700000000000003,-0.035,-6.16,TRUE,-0.0095,0.5678,0.568,TRUE,TRUE,TRUE,TRUE,TRUE,TRUE,TRUE,TRUE,TRUE,TRUE,NA,0,0.6029,0,-0.06161971830985916,POL
spatial_spd,1448,North America,Cold - Warm Summer,analysis=spatial_spd|dataset_id=1448|region=North America|climatezone=Cold_Without_dry_season_Warm_Summer,human,-0.0253,-0.0253,0.0563,0.031,12.45,TRUE,0.1126,0.2489,0.249,TRUE,TRUE,TRUE,TRUE,TRUE,TRUE,TRUE,TRUE,FALSE,TRUE,NA,0.031,0.2489,0.12454801124949778,0.12449799196787148,CWS
spatial_spd,24155,Europe,Cold - Cold Summer,analysis=spatial_spd|dataset_id=24155|region=Europe|climatezone=Cold_Without_dry_season_Cold_Summer,human,0.0124,0.0124,-0.0192,-0.0068,-1.52,TRUE,-0.0384,0.4473,0.447,TRUE,TRUE,TRUE,TRUE,TRUE,TRUE,TRUE,FALSE,TRUE,TRUE,NA,0,0.4541,0,-0.015212527964205816,CCS
spatial_spd,40454,Europe,Temperate,analysis=spatial_spd|dataset_id=40454|region=Europe|climatezone=Temperate_Without_dry_season,human,-0.011,-0.011,0.013,0.002,0.75,TRUE,0.026,0.2682,0.268,TRUE,TRUE,TRUE,TRUE,TRUE,TRUE,TRUE,TRUE,FALSE,TRUE,NA,0.002,0.2682,0.007457121551081283,0.007462686567164179,TMP
spatial_spd,22817,Europe,Cold - Warm Summer,analysis=spatial_spd|dataset_id=22817|region=Europe|climatezone=Cold_Without_dry_season_Warm_Summer,human,-0.0279,-0.0279,0.0159,-0.012,-6.74,TRUE,0.0318,0.1783,0.178,TRUE,TRUE,TRUE,TRUE,TRUE,TRUE,TRUE,TRUE,TRUE,TRUE,NA,0,0.1903,0,-0.06741573033707865,CWS
spatial_spd,25232,Europe,Temperate,analysis=spatial_spd|dataset_id=25232|region=Europe|climatezone=Temperate_Without_dry_season,human,0.0382,0.0382,0.051500000000000004,0.0897,28.66,TRUE,0.1031,0.3131,0.313,TRUE,TRUE,TRUE,TRUE,TRUE,TRUE,TRUE,FALSE,FALSE,TRUE,NA,0.0897,0.3131,0.2864899393165123,0.2865814696485623,TMP
spatial_spd,43525,Europe,Temperate,analysis=spatial_spd|dataset_id=43525|region=Europe|climatezone=Temperate_Without_dry_season,human,0.245,0.245,0.006400000000000017,0.2514,72.24,TRUE,0.0128,0.3477,0.348,TRUE,TRUE,TRUE,TRUE,TRUE,TRUE,TRUE,FALSE,FALSE,TRUE,NA,0.2514,0.3477,0.723037100949094,0.7224137931034483,TMP
spatial_spd,20046,Europe,Polar,analysis=spatial_spd|dataset_id=20046|region=Europe|climatezone=Polar,human,0.1069,0.1069,-0.011399999999999993,0.0955,26.9,TRUE,-0.0228,0.3547,0.355,TRUE,TRUE,TRUE,TRUE,TRUE,TRUE,TRUE,FALSE,FALSE,TRUE,NA,0.0955,0.3548,0.26916572717023673,0.2690140845070423,POL
spatial_spd,4209,Europe,Temperate,analysis=spatial_spd|dataset_id=4209|region=Europe|climatezone=Temperate_Without_dry_season,human,0.1252,0.1252,0.0995,0.2247,76.69,TRUE,0.199,0.2926,0.293,TRUE,TRUE,TRUE,TRUE,TRUE,TRUE,TRUE,TRUE,FALSE,TRUE,NA,0.2247,0.2926,0.7679425837320574,0.7668941979522185,TMP
spatial_spd,1622,North America,Cold - Warm Summer,analysis=spatial_spd|dataset_id=1622|region=North America|climatezone=Cold_Without_dry_season_Warm_Summer,human,-0.0168,-0.0168,0.011399999999999999,-0.0054,-7.83,TRUE,0.0229,0.0695,0.069,TRUE,TRUE,TRUE,TRUE,TRUE,TRUE,TRUE,TRUE,TRUE,TRUE,NA,0,0.0749,0,-0.07826086956521738,CWS
spatial_spd,4467,Europe,Cold - Cold Summer,analysis=spatial_spd|dataset_id=4467|region=Europe|climatezone=Cold_Without_dry_season_Cold_Summer,human,-0.0716,-0.0716,0.011999999999999997,-0.0596,-26.49,TRUE,0.024,0.2246,0.225,TRUE,TRUE,TRUE,TRUE,TRUE,TRUE,TRUE,TRUE,TRUE,TRUE,NA,0,0.2841,0,-0.2648888888888889,CCS
spatial_spd,15793,North America,Cold - Warm Summer,analysis=spatial_spd|dataset_id=15793|region=North America|climatezone=Cold_Without_dry_season_Warm_Summer,human,0.0063,0.0063,0.0339,0.0402,8.55,TRUE,0.0678,0.4697,0.47,TRUE,TRUE,TRUE,TRUE,TRUE,TRUE,TRUE,FALSE,FALSE,TRUE,NA,0.0402,0.4698,0.08556832694763729,0.08553191489361703,CWS
spatial_spd,3928,Europe,Cold - Cold Summer,analysis=spatial_spd|dataset_id=3928|region=Europe|climatezone=Cold_Without_dry_season_Cold_Summer,human,-0.0342,-0.0342,-0.0049999999999999975,-0.0392,-15.81,TRUE,-0.0101,0.2484,0.248,TRUE,TRUE,TRUE,TRUE,TRUE,TRUE,TRUE,TRUE,TRUE,TRUE,NA,0,0.2876,0,-0.15806451612903225,CCS
spatial_spd,4531,Europe,Cold - Warm Summer,analysis=spatial_spd|dataset_id=4531|region=Europe|climatezone=Cold_Without_dry_season_Warm_Summer,human,-0.0311,-0.0311,0.0554,0.0243,5.9,TRUE,0.1108,0.4122,0.412,TRUE,TRUE,TRUE,TRUE,TRUE,TRUE,TRUE,TRUE,FALSE,TRUE,NA,0.0243,0.4123,0.058937666747513946,0.058980582524271845,CWS
spatial_spd,2314,North America,Cold - Hot Summer,analysis=spatial_spd|dataset_id=2314|region=North America|climatezone=Cold_Without_dry_season_Hot_Summer,human,0.0847,0.0847,0.0625,0.1472,50.58,TRUE,0.1252,0.2908,0.291,TRUE,TRUE,TRUE,TRUE,TRUE,TRUE,TRUE,FALSE,FALSE,TRUE,NA,0.1472,0.2908,0.5061898211829436,0.5058419243986254,CHS
spatial_spd,339,North America,Cold - Warm Summer,analysis=spatial_spd|dataset_id=339|region=North America|climatezone=Cold_Without_dry_season_Warm_Summer,human,0.0447,0.0447,0.07869999999999999,0.1234,27.73,TRUE,0.1573,0.445,0.445,TRUE,TRUE,TRUE,TRUE,TRUE,TRUE,TRUE,FALSE,FALSE,TRUE,NA,0.1234,0.445,0.27730337078651685,0.27730337078651685,CWS
spatial_spd,1807,North America,Cold - Warm Summer,analysis=spatial_spd|dataset_id=1807|region=North America|climatezone=Cold_Without_dry_season_Warm_Summer,human,-0.075,-0.075,0.017299999999999996,-0.0577,-25.76,TRUE,0.0346,0.2239,0.224,TRUE,TRUE,TRUE,TRUE,TRUE,TRUE,TRUE,TRUE,TRUE,TRUE,NA,0,0.2816,0,-0.2575892857142857,CWS
spatial_spd,514,North America,Polar,analysis=spatial_spd|dataset_id=514|region=North America|climatezone=Polar,human,-0.007,-0.007,0.1516,0.1446,31.57,TRUE,0.3032,0.4575,0.458,TRUE,TRUE,TRUE,TRUE,TRUE,TRUE,TRUE,TRUE,FALSE,TRUE,NA,0.1446,0.4575,0.3160655737704918,0.31572052401746725,POL
spatial_spd,3125,North America,Cold - Cold Summer,analysis=spatial_spd|dataset_id=3125|region=North America|climatezone=Cold_Without_dry_season_Cold_Summer,human,0.0545,0.0545,0.1111,0.1656,29.1,TRUE,0.2223,0.5692,0.569,TRUE,TRUE,TRUE,TRUE,TRUE,TRUE,TRUE,FALSE,FALSE,TRUE,NA,0.1656,0.5692,0.2909346451159522,0.2910369068541301,CCS
spatial_spd,20922,North America,Cold - Cold Summer,analysis=spatial_spd|dataset_id=20922|region=North America|climatezone=Cold_Without_dry_season_Cold_Summer,human,0.1949,0.1949,-0.01959999999999998,0.1753,57.29,TRUE,-0.0393,0.3065,0.306,TRUE,TRUE,TRUE,TRUE,TRUE,TRUE,TRUE,FALSE,FALSE,TRUE,NA,0.1753,0.3065,0.5719412724306688,0.5728758169934641,CCS
spatial_spd,41606,North America,Polar,analysis=spatial_spd|dataset_id=41606|region=North America|climatezone=Polar,human,0.0458,0.0458,0.1142,0.16,30.48,TRUE,0.2285,0.5253,0.525,TRUE,TRUE,TRUE,TRUE,TRUE,TRUE,TRUE,FALSE,FALSE,TRUE,NA,0.16,0.5252,0.30464584920030463,0.30476190476190473,POL
spatial_spd,352,North America,Cold - Hot Summer,analysis=spatial_spd|dataset_id=352|region=North America|climatezone=Cold_Without_dry_season_Hot_Summer,human,0.0595,0.0595,0.0597,0.1192,32.57,TRUE,0.1195,0.3659,0.366,TRUE,TRUE,TRUE,TRUE,TRUE,TRUE,TRUE,FALSE,FALSE,TRUE,NA,0.1192,0.3659,0.3257720688712763,0.3256830601092896,CHS
spatial_spd,17304,North America,Cold - Warm Summer,analysis=spatial_spd|dataset_id=17304|region=North America|climatezone=Cold_Without_dry_season_Warm_Summer,human,0.0473,0.0473,0.1732,0.2205,44.28,TRUE,0.3465,0.4984,0.498,TRUE,TRUE,TRUE,TRUE,TRUE,TRUE,TRUE,FALSE,FALSE,TRUE,NA,0.2205,0.49829999999999997,0.4425045153521975,0.4427710843373494,CWS
spatial_spd,22732,Europe,Cold - Warm Summer,analysis=spatial_spd|dataset_id=22732|region=Europe|climatezone=Cold_Without_dry_season_Warm_Summer,human,0.145,0.145,-0.023999999999999994,0.121,23.59,TRUE,-0.0479,0.513,0.513,TRUE,TRUE,TRUE,TRUE,TRUE,TRUE,TRUE,FALSE,FALSE,TRUE,NA,0.121,0.513,0.23586744639376217,0.23586744639376217,CWS
spatial_spd,2609,North America,Cold - Hot Summer,analysis=spatial_spd|dataset_id=2609|region=North America|climatezone=Cold_Without_dry_season_Hot_Summer,human,0.1385,0.1385,-0.026600000000000013,0.1119,25.9,TRUE,-0.0533,0.4316,0.432,TRUE,TRUE,TRUE,TRUE,TRUE,TRUE,TRUE,FALSE,FALSE,TRUE,NA,0.1119,0.4316,0.2592678405931418,0.2590277777777778,CHS
spatial_spd,48798,Europe,Temperate,analysis=spatial_spd|dataset_id=48798|region=Europe|climatezone=Temperate_Without_dry_season,human,0.0295,0.0295,-0.0015999999999999973,0.0279,8.64,TRUE,-0.003,0.3233,0.323,TRUE,TRUE,TRUE,TRUE,TRUE,TRUE,TRUE,FALSE,FALSE,TRUE,NA,0.0279,0.3233,0.08629755644911848,0.08637770897832818,TMP
spatial_spd,21978,Latin America,Temperate,analysis=spatial_spd|dataset_id=21978|region=Latin America|climatezone=Temperate_Without_dry_season,human,-0.0542,-0.0542,0.10869999999999999,0.0545,14.49,TRUE,0.2175,0.376,0.376,TRUE,TRUE,TRUE,TRUE,TRUE,TRUE,TRUE,TRUE,FALSE,TRUE,NA,0.0545,0.376,0.1449468085106383,0.1449468085106383,TMP
spatial_spd,22793,Europe,Cold - Cold Summer,analysis=spatial_spd|dataset_id=22793|region=Europe|climatezone=Cold_Without_dry_season_Cold_Summer,human,-0.0334,-0.0334,0.0313,-0.0021,-0.46,TRUE,0.0624,0.4542,0.454,TRUE,TRUE,TRUE,TRUE,TRUE,TRUE,TRUE,TRUE,TRUE,TRUE,NA,0,0.4563,0,-0.004625550660792951,CCS
spatial_spd,15766,North America,Temperate - Dry Summer,analysis=spatial_spd|dataset_id=15766|region=North America|climatezone=Temperate_Dry_Summer,human,-0.0635,-0.0635,0.065,0.0015,2.73,TRUE,0.1299,0.0545,0.055,TRUE,TRUE,TRUE,TRUE,TRUE,TRUE,TRUE,TRUE,FALSE,TRUE,NA,0.0015,0.0546,0.027472527472527472,0.027272727272727275,TDS
spatial_spd,46481,Europe,Cold - Warm Summer,analysis=spatial_spd|dataset_id=46481|region=Europe|climatezone=Cold_Without_dry_season_Warm_Summer,human,-0.0245,-0.0245,-0.0104,-0.0349,-15.44,TRUE,-0.0208,0.2263,0.226,TRUE,TRUE,TRUE,TRUE,TRUE,TRUE,TRUE,TRUE,TRUE,TRUE,NA,0,0.2612,0,-0.15442477876106195,CWS
spatial_spd,17713,North America,Cold - Cold Summer,analysis=spatial_spd|dataset_id=17713|region=North America|climatezone=Cold_Without_dry_season_Cold_Summer,human,-0.0121,-0.0121,0.1231,0.111,17.87,TRUE,0.2462,0.6213,0.621,TRUE,TRUE,TRUE,TRUE,TRUE,TRUE,TRUE,TRUE,FALSE,TRUE,NA,0.111,0.6212,0.17868641339343208,0.17874396135265702,CCS
spatial_spd,20651,North America,Polar,analysis=spatial_spd|dataset_id=20651|region=North America|climatezone=Polar,human,-0.0553,-0.0553,0.0228,-0.0325,-83.33,TRUE,0.0456,0.0391,0.039,TRUE,TRUE,TRUE,TRUE,TRUE,TRUE,TRUE,TRUE,TRUE,TRUE,NA,0,0.0716,0,-0.8333333333333334,POL
spatial_spd,47520,Europe,Cold - Cold Summer,analysis=spatial_spd|dataset_id=47520|region=Europe|climatezone=Cold_Without_dry_season_Cold_Summer,human,0.0243,0.0243,-0.013799999999999998,0.0105,2.17,TRUE,-0.0277,0.4826,0.483,TRUE,TRUE,TRUE,TRUE,TRUE,TRUE,TRUE,FALSE,FALSE,TRUE,NA,0.0105,0.48260000000000003,0.02175714877745545,0.02173913043478261,CCS
spatial_spd,4359,Europe,Temperate,analysis=spatial_spd|dataset_id=4359|region=Europe|climatezone=Temperate_Without_dry_season,human,0.4955,0.4955,-0.13740000000000002,0.3581,63.27,TRUE,-0.2749,0.5656,0.566,TRUE,TRUE,TRUE,TRUE,TRUE,TRUE,TRUE,FALSE,FALSE,TRUE,NA,0.3581,0.5656,0.6331329561527581,0.6326855123674912,TMP
spatial_spd,1788,North America,Polar,analysis=spatial_spd|dataset_id=1788|region=North America|climatezone=Polar,human,0.0396,0.0396,0.04019999999999999,0.0798,17.27,TRUE,0.0804,0.4618,0.462,TRUE,TRUE,TRUE,TRUE,TRUE,TRUE,TRUE,FALSE,FALSE,TRUE,NA,0.0798,0.4619,0.17276466767698637,0.1727272727272727,POL
spatial_spd,45648,Oceania,Temperate,analysis=spatial_spd|dataset_id=45648|region=Oceania|climatezone=Temperate_Without_dry_season,human,-0.0053,-0.0053,0.1331,0.1278,26.4,TRUE,0.2662,0.4838,0.484,TRUE,TRUE,TRUE,TRUE,TRUE,TRUE,TRUE,TRUE,FALSE,TRUE,NA,0.1278,0.4838,0.26415874328234806,0.2640495867768595,TMP
spatial_spd,4183,Europe,Cold - Cold Summer,analysis=spatial_spd|dataset_id=4183|region=Europe|climatezone=Cold_Without_dry_season_Cold_Summer,human,0.152,0.152,-0.00470000000000001,0.1473,28.44,TRUE,-0.0093,0.5183,0.518,TRUE,TRUE,TRUE,TRUE,TRUE,TRUE,TRUE,FALSE,FALSE,TRUE,NA,0.1473,0.5183,0.28419834072930733,0.2843629343629343,CCS
spatial_spd,816,North America,Temperate - Dry Summer,analysis=spatial_spd|dataset_id=816|region=North America|climatezone=Temperate_Dry_Summer,human,0.1866,0.1866,-0.06,0.1266,21.9,TRUE,-0.1199,0.5785,0.578,TRUE,TRUE,TRUE,TRUE,TRUE,TRUE,TRUE,FALSE,FALSE,TRUE,NA,0.1266,0.5784,0.2188796680497925,0.2190311418685121,TDS
spatial_spd,3056,North America,Polar,analysis=spatial_spd|dataset_id=3056|region=North America|climatezone=Polar,human,0.0393,0.0393,0.0508,0.0901,51.19,TRUE,0.1015,0.1764,0.176,TRUE,TRUE,TRUE,TRUE,TRUE,TRUE,TRUE,FALSE,FALSE,TRUE,NA,0.0901,0.1764,0.5107709750566893,0.5119318181818182,POL
spatial_spd,40803,North America,Cold - Hot Summer,analysis=spatial_spd|dataset_id=40803|region=North America|climatezone=Cold_Without_dry_season_Hot_Summer,human,0.0552,0.0552,0.0685,0.1237,33.16,TRUE,0.137,0.3731,0.373,TRUE,TRUE,TRUE,TRUE,TRUE,TRUE,TRUE,FALSE,FALSE,TRUE,NA,0.1237,0.3732,0.3314576634512326,0.3316353887399464,CHS
spatial_spd,22652,Europe,Cold - Cold Summer,analysis=spatial_spd|dataset_id=22652|region=Europe|climatezone=Cold_Without_dry_season_Cold_Summer,human,-0.034,-0.034,0.039900000000000005,0.0059,5.9,TRUE,0.0798,0.1004,0.1,TRUE,TRUE,TRUE,TRUE,TRUE,TRUE,TRUE,TRUE,FALSE,TRUE,NA,0.0059,0.1005,0.05870646766169154,0.059,CCS
spatial_spd,24956,Europe,Cold - Warm Summer,analysis=spatial_spd|dataset_id=24956|region=Europe|climatezone=Cold_Without_dry_season_Warm_Summer,human,-0.0829,-0.0829,0.0482,-0.0347,-30.98,TRUE,0.0963,0.1124,0.112,TRUE,TRUE,TRUE,TRUE,TRUE,TRUE,TRUE,TRUE,TRUE,TRUE,NA,0,0.1471,0,-0.3098214285714286,CWS
spatial_spd,16278,North America,Cold - Warm Summer,analysis=spatial_spd|dataset_id=16278|region=North America|climatezone=Cold_Without_dry_season_Warm_Summer,human,-0.0607,-0.0607,0.0733,0.0126,4.26,TRUE,0.1465,0.2961,0.296,TRUE,TRUE,TRUE,TRUE,TRUE,TRUE,TRUE,TRUE,FALSE,TRUE,NA,0.0126,0.2961,0.04255319148936171,0.04256756756756757,CWS
spatial_spd,1632,North America,Cold - Dry Summer,analysis=spatial_spd|dataset_id=1632|region=North America|climatezone=Cold_Dry_Summer,human,0.2324,0.2324,-0.03539999999999999,0.197,60.43,TRUE,-0.0707,0.3256,0.326,TRUE,TRUE,TRUE,TRUE,TRUE,TRUE,TRUE,FALSE,FALSE,TRUE,NA,0.197,0.3256,0.6050368550368551,0.6042944785276073,CDS
spatial_spd,1904,North America,Cold - Warm Summer,analysis=spatial_spd|dataset_id=1904|region=North America|climatezone=Cold_Without_dry_season_Warm_Summer,human,-0.0279,-0.0279,0.0811,0.0532,8.85,TRUE,0.1622,0.6008,0.601,TRUE,TRUE,TRUE,TRUE,TRUE,TRUE,TRUE,TRUE,FALSE,TRUE,NA,0.0532,0.6008,0.08854860186418109,0.08851913477537438,CWS
spatial_spd,48948,Europe,Polar,analysis=spatial_spd|dataset_id=48948|region=Europe|climatezone=Polar,human,-0.0109,-0.0109,0.0091,-0.0018,-0.72,TRUE,0.0183,0.2508,0.251,TRUE,TRUE,TRUE,TRUE,TRUE,TRUE,TRUE,TRUE,TRUE,TRUE,NA,0,0.2526,0,-0.007171314741035857,POL
spatial_spd,3977,Europe,Cold - Warm Summer,analysis=spatial_spd|dataset_id=3977|region=Europe|climatezone=Cold_Without_dry_season_Warm_Summer,human,0.0037,0.0037,0.0058,0.0095,11.73,TRUE,0.0116,0.0808,0.081,TRUE,TRUE,TRUE,TRUE,TRUE,TRUE,TRUE,FALSE,FALSE,TRUE,NA,0.0095,0.0808,0.11757425742574258,0.11728395061728394,CWS
spatial_spd,25837,Europe,Cold - Cold Summer,analysis=spatial_spd|dataset_id=25837|region=Europe|climatezone=Cold_Without_dry_season_Cold_Summer,human,-0.0619,-0.0619,0.12029999999999999,0.0584,19.08,TRUE,0.2405,0.3064,0.306,TRUE,TRUE,TRUE,TRUE,TRUE,TRUE,TRUE,TRUE,FALSE,TRUE,NA,0.0584,0.3064,0.1906005221932115,0.1908496732026144,CCS
spatial_spd,2961,North America,Cold - Hot Summer,analysis=spatial_spd|dataset_id=2961|region=North America|climatezone=Cold_Without_dry_season_Hot_Summer,human,0.0354,0.0354,0.0893,0.1247,25.09,TRUE,0.1785,0.497,0.497,TRUE,TRUE,TRUE,TRUE,TRUE,TRUE,TRUE,FALSE,FALSE,TRUE,NA,0.1247,0.497,0.25090543259557346,0.25090543259557346,CHS
spatial_spd,4145,Europe,Cold - Cold Summer,analysis=spatial_spd|dataset_id=4145|region=Europe|climatezone=Cold_Without_dry_season_Cold_Summer,human,-0.013,-0.013,-0.0052000000000000015,-0.0182,-4.28,TRUE,-0.0105,0.4251,0.425,TRUE,TRUE,TRUE,TRUE,TRUE,TRUE,TRUE,TRUE,TRUE,TRUE,NA,0,0.4433,0,-0.04282352941176471,CCS
spatial_spd,1152,North America,Cold - Cold Summer,analysis=spatial_spd|dataset_id=1152|region=North America|climatezone=Cold_Without_dry_season_Cold_Summer,human,0.0523,0.0523,-0.006699999999999998,0.0456,13.69,TRUE,-0.0135,0.3327,0.333,TRUE,TRUE,TRUE,TRUE,TRUE,TRUE,TRUE,FALSE,FALSE,TRUE,NA,0.0456,0.3327,0.13706041478809738,0.13693693693693693,CCS
spatial_spd,3468,North America,Cold - Hot Summer,analysis=spatial_spd|dataset_id=3468|region=North America|climatezone=Cold_Without_dry_season_Hot_Summer,human,-0.0166,-0.0166,0.1241,0.1075,25,TRUE,0.248,0.4303,0.43,TRUE,TRUE,TRUE,TRUE,TRUE,TRUE,TRUE,TRUE,FALSE,TRUE,NA,0.1075,0.4304,0.24976765799256506,0.25,CHS
spatial_spd,15586,North America,Cold - Dry Summer,analysis=spatial_spd|dataset_id=15586|region=North America|climatezone=Cold_Dry_Summer,human,0.0143,0.0143,-0.0045000000000000005,0.0098,14.2,TRUE,-0.0088,0.0686,0.069,TRUE,TRUE,TRUE,TRUE,TRUE,TRUE,TRUE,FALSE,FALSE,TRUE,NA,0.0098,0.0686,0.14285714285714288,0.14202898550724635,CDS
spatial_spd,22908,Europe,Temperate,analysis=spatial_spd|dataset_id=22908|region=Europe|climatezone=Temperate_Without_dry_season,human,0.2933,0.2933,-0.0461,0.2472,53.86,TRUE,-0.0922,0.4594,0.459,TRUE,TRUE,TRUE,TRUE,TRUE,TRUE,TRUE,FALSE,FALSE,TRUE,NA,0.2472,0.45930000000000004,0.5382103200522533,0.538562091503268,TMP
spatial_spd,1104,North America,Cold - Dry Summer,analysis=spatial_spd|dataset_id=1104|region=North America|climatezone=Cold_Dry_Summer,human,-0.03,-0.03,0.044,0.014,4.07,TRUE,0.088,0.3443,0.344,TRUE,TRUE,TRUE,TRUE,TRUE,TRUE,TRUE,TRUE,FALSE,TRUE,NA,0.014,0.3443,0.04066221318617485,0.040697674418604654,CDS
spatial_spd,2623,North America,Cold - Hot Summer,analysis=spatial_spd|dataset_id=2623|region=North America|climatezone=Cold_Without_dry_season_Hot_Summer,human,-0.0547,-0.0547,0.11349999999999999,0.0588,17.71,TRUE,0.2269,0.3321,0.332,TRUE,TRUE,TRUE,TRUE,TRUE,TRUE,TRUE,TRUE,FALSE,TRUE,NA,0.0588,0.3321,0.17705510388437218,0.17710843373493976,CHS
spatial_spd,1626,North America,Cold - Warm Summer,analysis=spatial_spd|dataset_id=1626|region=North America|climatezone=Cold_Without_dry_season_Warm_Summer,human,0.0719,0.0719,0.1362,0.2081,35.21,TRUE,0.2724,0.5907,0.591,TRUE,TRUE,TRUE,TRUE,TRUE,TRUE,TRUE,FALSE,FALSE,TRUE,NA,0.2081,0.5907,0.35229388860673777,0.35211505922165826,CWS
spatial_spd,24091,Europe,Cold - Warm Summer,analysis=spatial_spd|dataset_id=24091|region=Europe|climatezone=Cold_Without_dry_season_Warm_Summer,human,-0.0628,-0.0628,0.06199999999999999,-8e-4,-0.32,TRUE,0.1239,0.2474,0.248,TRUE,TRUE,TRUE,TRUE,TRUE,TRUE,TRUE,TRUE,TRUE,TRUE,NA,0,0.2483,0,-0.0032258064516129032,CWS
spatial_spd,45381,Europe,Cold - Warm Summer,analysis=spatial_spd|dataset_id=45381|region=Europe|climatezone=Cold_Without_dry_season_Warm_Summer,human,0.1862,0.1862,0.091,0.2772,67.12,TRUE,0.1821,0.4133,0.413,TRUE,TRUE,TRUE,TRUE,TRUE,TRUE,TRUE,FALSE,FALSE,TRUE,NA,0.2772,0.4133,0.6706992499395112,0.6711864406779662,CWS
spatial_spd,24303,Europe,Polar,analysis=spatial_spd|dataset_id=24303|region=Europe|climatezone=Polar,human,0.2379,0.2379,-0.10419999999999999,0.1337,73.46,TRUE,-0.2085,0.1821,0.182,TRUE,TRUE,TRUE,TRUE,TRUE,TRUE,TRUE,FALSE,FALSE,TRUE,NA,0.1337,0.18220000000000003,0.7338090010976948,0.7346153846153847,POL
spatial_spd,228,North America,Temperate - Dry Summer,analysis=spatial_spd|dataset_id=228|region=North America|climatezone=Temperate_Dry_Summer,human,0.1796,0.1796,-0.0641,0.1155,21.83,TRUE,-0.1282,0.5293,0.529,TRUE,TRUE,TRUE,TRUE,TRUE,TRUE,TRUE,FALSE,FALSE,TRUE,NA,0.1155,0.5293,0.21821273379935766,0.21833648393194707,TDS
spatial_spd,32,Latin America,Polar,analysis=spatial_spd|dataset_id=32|region=Latin America|climatezone=Polar,human,0.0442,0.0442,-0.0023000000000000034,0.0419,7.91,TRUE,-0.0045,0.5301,0.53,TRUE,TRUE,TRUE,TRUE,TRUE,TRUE,TRUE,FALSE,FALSE,TRUE,NA,0.0419,0.5301,0.07904169024712318,0.07905660377358491,POL
spatial_spd,1002,North America,Cold - Warm Summer,analysis=spatial_spd|dataset_id=1002|region=North America|climatezone=Cold_Without_dry_season_Warm_Summer,human,0.0027,0.0027,0.0527,0.0554,16.54,TRUE,0.1054,0.335,0.335,TRUE,TRUE,TRUE,TRUE,TRUE,TRUE,TRUE,FALSE,FALSE,TRUE,NA,0.0554,0.335,0.16537313432835818,0.16537313432835818,CWS
spatial_spd,2953,North America,Temperate,analysis=spatial_spd|dataset_id=2953|region=North America|climatezone=Temperate_Without_dry_season,human,0.0059,0.0059,0.0873,0.0932,17.39,TRUE,0.1746,0.5358,0.536,TRUE,TRUE,TRUE,TRUE,TRUE,TRUE,TRUE,FALSE,FALSE,TRUE,NA,0.0932,0.5358,0.17394550205300485,0.17388059701492536,TMP
spatial_spd,1648,North America,Temperate,analysis=spatial_spd|dataset_id=1648|region=North America|climatezone=Temperate_Without_dry_season,human,0.0313,0.0313,0.1056,0.1369,21.97,TRUE,0.2113,0.6233,0.623,TRUE,TRUE,TRUE,TRUE,TRUE,TRUE,TRUE,FALSE,FALSE,TRUE,NA,0.1369,0.6233,0.219637413765442,0.21974317817014447,TMP
spatial_spd,15776,North America,Temperate - Dry Summer,analysis=spatial_spd|dataset_id=15776|region=North America|climatezone=Temperate_Dry_Summer,human,0.1187,0.1187,-0.0175,0.1012,89.56,TRUE,-0.0351,0.1134,0.113,TRUE,TRUE,TRUE,TRUE,TRUE,TRUE,TRUE,FALSE,FALSE,TRUE,NA,0.1012,0.1134,0.892416225749559,0.895575221238938,TDS
spatial_spd,2593,North America,Cold - Hot Summer,analysis=spatial_spd|dataset_id=2593|region=North America|climatezone=Cold_Without_dry_season_Hot_Summer,human,0.0558,0.0558,0.0805,0.1363,32,TRUE,0.1611,0.4261,0.426,TRUE,TRUE,TRUE,TRUE,TRUE,TRUE,TRUE,FALSE,FALSE,TRUE,NA,0.1363,0.42610000000000003,0.31987796291950243,0.3199530516431925,CHS
spatial_spd,45716,Europe,Polar,analysis=spatial_spd|dataset_id=45716|region=Europe|climatezone=Polar,human,0.1625,0.1625,-0.0345,0.128,30.7,TRUE,-0.069,0.4166,0.417,TRUE,TRUE,TRUE,TRUE,TRUE,TRUE,TRUE,FALSE,FALSE,TRUE,NA,0.128,0.4167,0.30717542596592273,0.30695443645083936,POL
spatial_spd,15394,Latin America,Tropical,analysis=spatial_spd|dataset_id=15394|region=Latin America|climatezone=Tropical,human,0.0948,0.0948,0.0416,0.1364,19.97,TRUE,0.0834,0.6835,0.683,TRUE,TRUE,TRUE,TRUE,TRUE,TRUE,TRUE,FALSE,FALSE,TRUE,NA,0.1364,0.6834,0.19959028387474392,0.19970717423133233,TRO
spatial_spd,1766,North America,Arid,analysis=spatial_spd|dataset_id=1766|region=North America|climatezone=Arid,human,0.1857,0.1857,0.0050000000000000044,0.1907,54.64,TRUE,0.0099,0.3488,0.349,TRUE,TRUE,TRUE,TRUE,TRUE,TRUE,TRUE,FALSE,FALSE,TRUE,NA,0.1907,0.3488,0.5467316513761468,0.5464183381088826,ARD
spatial_spd,22851,Europe,Cold - Warm Summer,analysis=spatial_spd|dataset_id=22851|region=Europe|climatezone=Cold_Without_dry_season_Warm_Summer,human,0.0436,0.0436,0.044899999999999995,0.0885,23.23,TRUE,0.0897,0.3813,0.381,TRUE,TRUE,TRUE,TRUE,TRUE,TRUE,TRUE,FALSE,FALSE,TRUE,NA,0.0885,0.3813,0.23210070810385525,0.2322834645669291,CWS
spatial_spd,48925,North America,Cold - Warm Summer,analysis=spatial_spd|dataset_id=48925|region=North America|climatezone=Cold_Without_dry_season_Warm_Summer,human,-0.0313,-0.0313,0.0421,0.0108,2.46,TRUE,0.0842,0.4388,0.439,TRUE,TRUE,TRUE,TRUE,TRUE,TRUE,TRUE,TRUE,FALSE,TRUE,NA,0.0108,0.43879999999999997,0.024612579762989976,0.024601366742596813,CWS
spatial_spd,17368,Latin America,Polar,analysis=spatial_spd|dataset_id=17368|region=Latin America|climatezone=Polar,human,0.1211,0.1211,-0.021599999999999994,0.0995,33.96,TRUE,-0.0432,0.293,0.293,TRUE,TRUE,TRUE,TRUE,TRUE,TRUE,TRUE,FALSE,FALSE,TRUE,NA,0.0995,0.29300000000000004,0.3395904436860068,0.3395904436860069,POL
spatial_spd,4120,Europe,Cold - Warm Summer,analysis=spatial_spd|dataset_id=4120|region=Europe|climatezone=Cold_Without_dry_season_Warm_Summer,human,-0.0328,-0.0328,0.027100000000000003,-0.0057,-1.45,TRUE,0.0543,0.393,0.393,TRUE,TRUE,TRUE,TRUE,TRUE,TRUE,TRUE,TRUE,TRUE,TRUE,NA,0,0.3987,0,-0.01450381679389313,CWS
spatial_spd,18123,Latin America,Arid,analysis=spatial_spd|dataset_id=18123|region=Latin America|climatezone=Arid,human,-0.0681,-0.0681,0.041499999999999995,-0.0266,-9.74,TRUE,0.083,0.2734,0.273,TRUE,TRUE,TRUE,TRUE,TRUE,TRUE,TRUE,TRUE,TRUE,TRUE,NA,0,0.3,0,-0.09743589743589742,ARD
spatial_spd,43295,Latin America,Cold - Dry Summer,analysis=spatial_spd|dataset_id=43295|region=Latin America|climatezone=Cold_Dry_Summer,human,-4e-4,-4e-4,0.0084,0.008,4.21,TRUE,0.0167,0.1897,0.19,TRUE,TRUE,TRUE,TRUE,TRUE,TRUE,TRUE,TRUE,FALSE,TRUE,NA,0.008,0.1897,0.04217185028993147,0.042105263157894736,CDS
spatial_spd,15259,Latin America,Polar,analysis=spatial_spd|dataset_id=15259|region=Latin America|climatezone=Polar,human,0.1189,0.1189,-0.0208,0.0981,19.74,TRUE,-0.0416,0.4969,0.497,TRUE,TRUE,TRUE,TRUE,TRUE,TRUE,TRUE,FALSE,FALSE,TRUE,NA,0.0981,0.4968,0.19746376811594205,0.19738430583501007,POL
spatial_spd,15682,North America,Cold - Warm Summer,analysis=spatial_spd|dataset_id=15682|region=North America|climatezone=Cold_Without_dry_season_Warm_Summer,human,0.1581,0.1581,0.044800000000000006,0.2029,40.66,TRUE,0.0896,0.499,0.499,TRUE,TRUE,TRUE,TRUE,TRUE,TRUE,TRUE,FALSE,FALSE,TRUE,NA,0.2029,0.499,0.4066132264529058,0.4066132264529058,CWS
spatial_spd,24461,Europe,Cold - Warm Summer,analysis=spatial_spd|dataset_id=24461|region=Europe|climatezone=Cold_Without_dry_season_Warm_Summer,human,-0.0027,-0.0027,0.020300000000000002,0.0176,2.97,TRUE,0.0405,0.5915,0.592,TRUE,TRUE,TRUE,TRUE,TRUE,TRUE,TRUE,TRUE,FALSE,TRUE,NA,0.0176,0.5915999999999999,0.029749830966869513,0.02972972972972973,CWS
spatial_spd,19995,North America,Cold - Cold Summer,analysis=spatial_spd|dataset_id=19995|region=North America|climatezone=Cold_Without_dry_season_Cold_Summer,human,0.1142,0.1142,-0.052599999999999994,0.0616,17.91,TRUE,-0.1054,0.3436,0.344,TRUE,TRUE,TRUE,TRUE,TRUE,TRUE,TRUE,FALSE,FALSE,TRUE,NA,0.0616,0.34359999999999996,0.1792782305005821,0.17906976744186048,CCS
spatial_spd,48782,Europe,Temperate,analysis=spatial_spd|dataset_id=48782|region=Europe|climatezone=Temperate_Without_dry_season,human,0.0896,0.0896,-0.0375,0.0521,29.11,TRUE,-0.0749,0.1785,0.179,TRUE,TRUE,TRUE,TRUE,TRUE,TRUE,TRUE,FALSE,FALSE,TRUE,NA,0.0521,0.17850000000000002,0.2918767507002801,0.2910614525139665,TMP
spatial_spd,1970,North America,Arid,analysis=spatial_spd|dataset_id=1970|region=North America|climatezone=Arid,human,0.0459,0.0459,0.06989999999999999,0.1158,44.88,TRUE,0.1397,0.2577,0.258,TRUE,TRUE,TRUE,TRUE,TRUE,TRUE,TRUE,FALSE,FALSE,TRUE,NA,0.1158,0.2577,0.4493597206053551,0.44883720930232557,ARD
spatial_spd,41835,Europe,Cold - Cold Summer,analysis=spatial_spd|dataset_id=41835|region=Europe|climatezone=Cold_Without_dry_season_Cold_Summer,human,0.023,0.023,0.0449,0.0679,14.83,TRUE,0.0898,0.4577,0.458,TRUE,TRUE,TRUE,TRUE,TRUE,TRUE,TRUE,FALSE,FALSE,TRUE,NA,0.0679,0.4577,0.14835044789163207,0.1482532751091703,CCS
spatial_spd,4436,Europe,Temperate,analysis=spatial_spd|dataset_id=4436|region=Europe|climatezone=Temperate_Without_dry_season,human,0.0301,0.0301,0.042499999999999996,0.0726,23.42,TRUE,0.085,0.3098,0.31,TRUE,TRUE,TRUE,TRUE,TRUE,TRUE,TRUE,FALSE,FALSE,TRUE,NA,0.0726,0.30979999999999996,0.23434473854099422,0.23419354838709677,TMP
spatial_spd,16073,North America,Temperate - Dry Summer,analysis=spatial_spd|dataset_id=16073|region=North America|climatezone=Temperate_Dry_Summer,human,-0.0414,-0.0414,0.0497,0.0083,2.27,TRUE,0.0993,0.3663,0.366,TRUE,TRUE,TRUE,TRUE,TRUE,TRUE,TRUE,TRUE,FALSE,TRUE,NA,0.0083,0.36629999999999996,0.02265902265902266,0.0226775956284153,TDS
spatial_spd,16236,North America,Cold - Cold Summer,analysis=spatial_spd|dataset_id=16236|region=North America|climatezone=Cold_Without_dry_season_Cold_Summer,human,-0.0253,-0.0253,0.057300000000000004,0.032,5.28,TRUE,0.1146,0.6062,0.606,TRUE,TRUE,TRUE,TRUE,TRUE,TRUE,TRUE,TRUE,FALSE,TRUE,NA,0.032,0.6062000000000001,0.05278785879247772,0.052805280528052806,CCS
spatial_spd,2880,North America,Cold - Cold Summer,analysis=spatial_spd|dataset_id=2880|region=North America|climatezone=Cold_Without_dry_season_Cold_Summer,human,0.0219,0.0219,0.0464,0.0683,26.58,TRUE,0.0927,0.2573,0.257,TRUE,TRUE,TRUE,TRUE,TRUE,TRUE,TRUE,FALSE,FALSE,TRUE,NA,0.0683,0.25739999999999996,0.26534576534576537,0.26575875486381323,CCS
spatial_spd,513,North America,Cold - Hot Summer,analysis=spatial_spd|dataset_id=513|region=North America|climatezone=Cold_Without_dry_season_Hot_Summer,human,0.0549,0.0549,0.1248,0.1797,33.28,TRUE,0.2497,0.5404,0.54,TRUE,TRUE,TRUE,TRUE,TRUE,TRUE,TRUE,FALSE,FALSE,TRUE,NA,0.1797,0.5404,0.33253145817912655,0.33277777777777773,CHS
spatial_spd,1856,North America,Cold - Cold Summer,analysis=spatial_spd|dataset_id=1856|region=North America|climatezone=Cold_Without_dry_season_Cold_Summer,human,0.0537,0.0537,-0.011699999999999995,0.042,13.42,TRUE,-0.0234,0.3128,0.313,TRUE,TRUE,TRUE,TRUE,TRUE,TRUE,TRUE,FALSE,FALSE,TRUE,NA,0.042,0.31289999999999996,0.13422818791946312,0.134185303514377,CCS
spatial_spd,40844,North America,Cold - Hot Summer,analysis=spatial_spd|dataset_id=40844|region=North America|climatezone=Cold_Without_dry_season_Hot_Summer,human,-0.0493,-0.0493,0.04189999999999999,-0.0074,-2.79,TRUE,0.0837,0.2653,0.265,TRUE,TRUE,TRUE,TRUE,TRUE,TRUE,TRUE,TRUE,TRUE,TRUE,NA,0,0.2727,0,-0.027924528301886794,CHS
spatial_spd,4308,Europe,Cold - Warm Summer,analysis=spatial_spd|dataset_id=4308|region=Europe|climatezone=Cold_Without_dry_season_Warm_Summer,human,0.0478,0.0478,0.023100000000000002,0.0709,20.26,TRUE,0.0464,0.3499,0.35,TRUE,TRUE,TRUE,TRUE,TRUE,TRUE,TRUE,FALSE,FALSE,TRUE,NA,0.0709,0.34990000000000004,0.20262932266361816,0.2025714285714286,CWS
spatial_spd,42668,Europe,Cold - Warm Summer,analysis=spatial_spd|dataset_id=42668|region=Europe|climatezone=Cold_Without_dry_season_Warm_Summer,human,0.0649,0.0649,-0.0532,0.0117,4.08,TRUE,-0.1064,0.2871,0.287,TRUE,TRUE,TRUE,TRUE,TRUE,TRUE,TRUE,FALSE,FALSE,TRUE,NA,0.0117,0.28709999999999997,0.04075235109717869,0.04076655052264809,CWS
spatial_spd,1001,North America,Cold - Dry Summer,analysis=spatial_spd|dataset_id=1001|region=North America|climatezone=Cold_Dry_Summer,human,0.0606,0.0606,0.0476,0.1082,47.04,TRUE,0.0951,0.2302,0.23,TRUE,TRUE,TRUE,TRUE,TRUE,TRUE,TRUE,FALSE,FALSE,TRUE,NA,0.1082,0.23020000000000002,0.47002606429192006,0.47043478260869565,CDS
spatial_spd,369,North America,Cold - Warm Summer,analysis=spatial_spd|dataset_id=369|region=North America|climatezone=Cold_Without_dry_season_Warm_Summer,human,0.0304,0.0304,0.0217,0.0521,11.66,TRUE,0.0435,0.4467,0.447,TRUE,TRUE,TRUE,TRUE,TRUE,TRUE,TRUE,FALSE,FALSE,TRUE,NA,0.0521,0.4467,0.1166330870830535,0.11655480984340044,CWS
spatial_spd,21838,Latin America,Polar,analysis=spatial_spd|dataset_id=21838|region=Latin America|climatezone=Polar,human,0.0623,0.0623,-8.000000000000021e-4,0.0615,14.64,TRUE,-0.0017,0.4196,0.42,TRUE,TRUE,TRUE,TRUE,TRUE,TRUE,TRUE,FALSE,FALSE,TRUE,NA,0.0615,0.4197,0.14653323802716225,0.14642857142857144,POL
spatial_spd,506,North America,Cold - Cold Summer,analysis=spatial_spd|dataset_id=506|region=North America|climatezone=Cold_Without_dry_season_Cold_Summer,human,0.008,0.008,0.0797,0.0877,36.09,TRUE,0.1594,0.2433,0.243,TRUE,TRUE,TRUE,TRUE,TRUE,TRUE,TRUE,FALSE,FALSE,TRUE,NA,0.0877,0.2433,0.3604603370324702,0.3609053497942387,CCS
spatial_spd,1733,North America,Cold - Cold Summer,analysis=spatial_spd|dataset_id=1733|region=North America|climatezone=Cold_Without_dry_season_Cold_Summer,human,0.1177,0.1177,0.0736,0.1913,73.86,TRUE,0.1472,0.2589,0.259,TRUE,TRUE,TRUE,TRUE,TRUE,TRUE,TRUE,TRUE,FALSE,TRUE,NA,0.1913,0.2589,0.738895326380842,0.7386100386100386,CCS
spatial_spd,19967,North America,Cold - Warm Summer,analysis=spatial_spd|dataset_id=19967|region=North America|climatezone=Cold_Without_dry_season_Warm_Summer,human,-0.0212,-0.0212,0.1086,0.0874,19.51,TRUE,0.2171,0.4485,0.448,TRUE,TRUE,TRUE,TRUE,TRUE,TRUE,TRUE,TRUE,FALSE,TRUE,NA,0.0874,0.4485,0.19487179487179487,0.19508928571428572,CWS
spatial_spd,PVT_Daihai_Lake_2004,Asia,Arid,analysis=spatial_spd|dataset_id=PVT_Daihai_Lake_2004|region=Asia|climatezone=Arid,human,0.0558,0.0558,0.04529999999999999,0.1011,25.15,TRUE,0.0906,0.4019,0.402,TRUE,TRUE,TRUE,TRUE,TRUE,TRUE,TRUE,FALSE,FALSE,TRUE,NA,0.1011,0.40190000000000003,0.25155511321224183,0.2514925373134328,ARD
spatial_spd,PVT_Dalianhai_Lake,Asia,Arid,analysis=spatial_spd|dataset_id=PVT_Dalianhai_Lake|region=Asia|climatezone=Arid,human,-0.0152,-0.0152,0.0145,-7e-4,-0.74,TRUE,0.029,0.0935,0.094,TRUE,TRUE,TRUE,TRUE,TRUE,TRUE,TRUE,TRUE,TRUE,TRUE,NA,0,0.0943,0,-0.007446808510638298,ARD
spatial_spd,PVT_Gonghai_Lake,Asia,Cold - Dry Winter,analysis=spatial_spd|dataset_id=PVT_Gonghai_Lake|region=Asia|climatezone=Cold_Dry_Winter,human,0.0864,0.0864,0.005400000000000002,0.0918,23.07,TRUE,0.0108,0.3975,0.398,TRUE,TRUE,TRUE,TRUE,TRUE,TRUE,TRUE,FALSE,FALSE,TRUE,NA,0.0918,0.3975,0.2309433962264151,0.2306532663316583,CDW
spatial_spd,PVT_Qinghai_Lake_QH2000,Asia,Cold - Dry Winter,analysis=spatial_spd|dataset_id=PVT_Qinghai_Lake_QH2000|region=Asia|climatezone=Cold_Dry_Winter,human,0.1864,0.1864,-0.02210000000000001,0.1643,29.55,TRUE,-0.0441,0.5556,0.556,TRUE,TRUE,TRUE,TRUE,TRUE,TRUE,TRUE,FALSE,FALSE,TRUE,NA,0.1643,0.5556,0.2957163426925846,0.2955035971223021,CDW
spatial_spd,PVT_Sihailongwan_Lake,Asia,Cold - Dry Winter,analysis=spatial_spd|dataset_id=PVT_Sihailongwan_Lake|region=Asia|climatezone=Cold_Dry_Winter,human,-0.0221,-0.0221,0.09509999999999999,0.073,25.61,TRUE,0.1901,0.2851,0.285,TRUE,TRUE,TRUE,TRUE,TRUE,TRUE,TRUE,TRUE,FALSE,TRUE,NA,0.073,0.2851,0.25605050859347595,0.256140350877193,CDW
spatial_spd,PVT_Ximen_Co,Asia,Polar,analysis=spatial_spd|dataset_id=PVT_Ximen_Co|region=Asia|climatezone=Polar,human,0.0269,0.0269,0.0685,0.0954,27.89,TRUE,0.1369,0.3421,0.342,TRUE,TRUE,TRUE,TRUE,TRUE,TRUE,TRUE,FALSE,FALSE,TRUE,NA,0.0954,0.3421,0.278865828705057,0.2789473684210526,POL
spatial_spd,PVT_Xingyun_Lake,Asia,Temperate - Dry Winter,analysis=spatial_spd|dataset_id=PVT_Xingyun_Lake|region=Asia|climatezone=Temperate_Dry_Winter,human,0.2064,0.2064,0.15780000000000002,0.3642,62.79,TRUE,0.3156,0.5799,0.58,TRUE,TRUE,TRUE,TRUE,TRUE,TRUE,TRUE,FALSE,FALSE,TRUE,NA,0.3642,0.5799000000000001,0.6280393171236419,0.6279310344827587,TDW
spatial_spd,PANGAEA.834960,Asia,Cold - Cold Summer,analysis=spatial_spd|dataset_id=PANGAEA.834960|region=Asia|climatezone=Cold_Without_dry_season_Cold_Summer,human,-0.1617,-0.1617,0.2915,0.1298,38.29,TRUE,0.5831,0.3392,0.339,TRUE,TRUE,TRUE,TRUE,TRUE,TRUE,TRUE,TRUE,FALSE,TRUE,NA,0.1298,0.3391,0.3827779416101445,0.3828908554572271,CCS
spatial_spd,PVT_Akkol_Lake,Asia,Polar,analysis=spatial_spd|dataset_id=PVT_Akkol_Lake|region=Asia|climatezone=Polar,human,-0.0555,-0.0555,0.0449,-0.0106,-3.94,TRUE,0.0899,0.2685,0.269,TRUE,TRUE,TRUE,TRUE,TRUE,TRUE,TRUE,TRUE,TRUE,TRUE,NA,0,0.2792,0,-0.03940520446096654,POL
spatial_spd,PVT_Ayongwama_Co,Asia,Polar,analysis=spatial_spd|dataset_id=PVT_Ayongwama_Co|region=Asia|climatezone=Polar,human,0.1761,0.1761,-0.01050000000000001,0.1656,30.16,TRUE,-0.0208,0.5492,0.549,TRUE,TRUE,TRUE,TRUE,TRUE,TRUE,TRUE,FALSE,FALSE,TRUE,NA,0.1656,0.5492,0.30152949745083757,0.30163934426229505,POL
spatial_spd,PVT_Chaiwopu_Lake,Asia,Arid,analysis=spatial_spd|dataset_id=PVT_Chaiwopu_Lake|region=Asia|climatezone=Arid,human,0.1548,0.1548,0.00360000000000002,0.1584,52.45,TRUE,0.007,0.3023,0.302,TRUE,TRUE,TRUE,TRUE,TRUE,TRUE,TRUE,FALSE,FALSE,TRUE,NA,0.1584,0.3024,0.5238095238095238,0.5245033112582782,ARD
spatial_spd,PVT_Dahaizi_Lake,Asia,Temperate - Dry Winter,analysis=spatial_spd|dataset_id=PVT_Dahaizi_Lake|region=Asia|climatezone=Temperate_Dry_Winter,human,0.1026,0.1026,0.04550000000000001,0.1481,45.15,TRUE,0.091,0.3282,0.328,TRUE,TRUE,TRUE,TRUE,TRUE,TRUE,TRUE,FALSE,FALSE,TRUE,NA,0.1481,0.32820000000000005,0.45124923826934793,0.45152439024390245,TDW
spatial_spd,PVT_Dali_Nur_Jiangjunpaozi_Lake,Asia,Cold - Dry Winter,analysis=spatial_spd|dataset_id=PVT_Dali_Nur_Jiangjunpaozi_Lake|region=Asia|climatezone=Cold_Dry_Winter,human,-0.046,-0.046,0.0554,0.0094,3.23,TRUE,0.1107,0.2907,0.291,TRUE,TRUE,TRUE,TRUE,TRUE,TRUE,TRUE,TRUE,FALSE,TRUE,NA,0.0094,0.2907,0.03233574131406949,0.03230240549828179,CDW
spatial_spd,PVT_Dali_Nur_Liuzhouwan_Lake,Asia,Cold - Dry Winter,analysis=spatial_spd|dataset_id=PVT_Dali_Nur_Liuzhouwan_Lake|region=Asia|climatezone=Cold_Dry_Winter,human,-0.0117,-0.0117,0.09570000000000001,0.084,17.61,TRUE,0.1914,0.4771,0.477,TRUE,TRUE,TRUE,TRUE,TRUE,TRUE,TRUE,TRUE,FALSE,TRUE,NA,0.084,0.4771,0.17606371829805073,0.17610062893081763,CDW
spatial_spd,PVT_Dongganchi,Asia,Cold - Dry Winter,analysis=spatial_spd|dataset_id=PVT_Dongganchi|region=Asia|climatezone=Cold_Dry_Winter,human,-0.0268,-0.0268,0.0854,0.0586,34.88,TRUE,0.1708,0.1682,0.168,TRUE,TRUE,TRUE,TRUE,TRUE,TRUE,TRUE,TRUE,FALSE,TRUE,NA,0.0586,0.1681,0.3486020226055919,0.3488095238095238,CDW
spatial_spd,PVT_Erhai_Lake,Asia,Temperate - Dry Winter,analysis=spatial_spd|dataset_id=PVT_Erhai_Lake|region=Asia|climatezone=Temperate_Dry_Winter,human,0.2407,0.2407,-0.001700000000000007,0.239,83.57,TRUE,-0.0036,0.2862,0.286,TRUE,TRUE,TRUE,TRUE,TRUE,TRUE,TRUE,FALSE,FALSE,TRUE,NA,0.239,0.2862,0.8350803633822501,0.8356643356643357,TDW
spatial_spd,PVT_Erhailongwan_Lake,Asia,Cold - Dry Winter,analysis=spatial_spd|dataset_id=PVT_Erhailongwan_Lake|region=Asia|climatezone=Cold_Dry_Winter,human,-0.0273,-0.0273,0.09670000000000001,0.0694,17.05,TRUE,0.1934,0.4066,0.407,TRUE,TRUE,TRUE,TRUE,TRUE,TRUE,TRUE,TRUE,FALSE,TRUE,NA,0.0694,0.4067,0.1706417506761741,0.17051597051597053,CDW
spatial_spd,PVT_Ganhai_Lake,Asia,Cold - Dry Winter,analysis=spatial_spd|dataset_id=PVT_Ganhai_Lake|region=Asia|climatezone=Cold_Dry_Winter,human,0.0686,0.0686,0.0213,0.0899,26.21,TRUE,0.0426,0.3427,0.343,TRUE,TRUE,TRUE,TRUE,TRUE,TRUE,TRUE,FALSE,FALSE,TRUE,NA,0.0899,0.3427,0.26232856725999415,0.2620991253644315,CDW
spatial_spd,PVT_Gantang,Asia,Temperate,analysis=spatial_spd|dataset_id=PVT_Gantang|region=Asia|climatezone=Temperate_Without_dry_season,human,-0.033,-0.033,0.0499,0.0169,24.49,TRUE,0.0998,0.0692,0.069,TRUE,TRUE,TRUE,TRUE,TRUE,TRUE,TRUE,TRUE,FALSE,TRUE,NA,0.0169,0.0692,0.24421965317919073,0.244927536231884,TMP
spatial_spd,PVT_Guangfulin,Asia,Temperate,analysis=spatial_spd|dataset_id=PVT_Guangfulin|region=Asia|climatezone=Temperate_Without_dry_season,human,0.0628,0.0628,-0.019899999999999994,0.0429,6.13,TRUE,-0.0398,0.6996,0.7,TRUE,TRUE,TRUE,TRUE,TRUE,TRUE,TRUE,FALSE,FALSE,TRUE,NA,0.0429,0.6996,0.06132075471698113,0.06128571428571429,TMP
spatial_spd,PVT_Kendegelukol_Lake,Asia,Polar,analysis=spatial_spd|dataset_id=PVT_Kendegelukol_Lake|region=Asia|climatezone=Polar,human,0.0689,0.0689,0.032299999999999995,0.1012,16.24,TRUE,0.0646,0.6231,0.623,TRUE,TRUE,TRUE,TRUE,TRUE,TRUE,TRUE,FALSE,FALSE,TRUE,NA,0.1012,0.6231,0.1624137377627989,0.1624398073836276,POL
spatial_spd,PVT_Koucha_Lake,Asia,Polar,analysis=spatial_spd|dataset_id=PVT_Koucha_Lake|region=Asia|climatezone=Polar,human,0.0823,0.0823,-0.024099999999999996,0.0582,22.65,TRUE,-0.0482,0.2574,0.257,TRUE,TRUE,TRUE,TRUE,TRUE,TRUE,TRUE,FALSE,FALSE,TRUE,NA,0.0582,0.25739999999999996,0.22610722610722614,0.2264591439688716,POL
spatial_spd,PVT_Kuhai_Lake,Asia,Polar,analysis=spatial_spd|dataset_id=PVT_Kuhai_Lake|region=Asia|climatezone=Polar,human,0.0032,0.0032,0.0185,0.0217,7.67,TRUE,0.037,0.2834,0.283,TRUE,TRUE,TRUE,TRUE,TRUE,TRUE,TRUE,FALSE,FALSE,TRUE,NA,0.0217,0.2834,0.07657021877205364,0.076678445229682,POL
spatial_spd,PVT_Longquan_Lake_LC2,Asia,Temperate,analysis=spatial_spd|dataset_id=PVT_Longquan_Lake_LC2|region=Asia|climatezone=Temperate_Without_dry_season,human,-0.0277,-0.0277,0.026199999999999998,-0.0015,-0.28,TRUE,0.0525,0.5305,0.531,TRUE,TRUE,TRUE,TRUE,TRUE,TRUE,TRUE,TRUE,TRUE,TRUE,NA,0,0.532,0,-0.002824858757062147,TMP
spatial_spd,PVT_Lop_Nur_Luo4,Asia,Arid,analysis=spatial_spd|dataset_id=PVT_Lop_Nur_Luo4|region=Asia|climatezone=Arid,human,0.0061,0.0061,0.10880000000000001,0.1149,43.69,TRUE,0.2176,0.2629,0.263,TRUE,TRUE,TRUE,TRUE,TRUE,TRUE,TRUE,FALSE,FALSE,TRUE,NA,0.1149,0.26280000000000003,0.43721461187214605,0.43688212927756653,ARD
spatial_spd,PVT_Luanhaizi_LH2,Asia,Cold - Dry Winter,analysis=spatial_spd|dataset_id=PVT_Luanhaizi_LH2|region=Asia|climatezone=Cold_Dry_Winter,human,0.0946,0.0946,-0.0945,1e-4,0.02,TRUE,-0.189,0.612,0.612,TRUE,TRUE,TRUE,TRUE,TRUE,TRUE,TRUE,FALSE,FALSE,TRUE,NA,1e-4,0.6119,1.6342539630658605e-4,1.6339869281045753e-4,CDW
spatial_spd,PVT_Mengcun,Asia,Cold - Dry Winter,analysis=spatial_spd|dataset_id=PVT_Mengcun|region=Asia|climatezone=Cold_Dry_Winter,human,0.0486,0.0486,-0.023499999999999997,0.0251,7.47,TRUE,-0.0471,0.3357,0.336,TRUE,TRUE,TRUE,TRUE,TRUE,TRUE,TRUE,FALSE,FALSE,TRUE,NA,0.0251,0.3357,0.07476913911230265,0.07470238095238095,CDW
spatial_spd,PVT_Naleng_Co,Asia,Polar,analysis=spatial_spd|dataset_id=PVT_Naleng_Co|region=Asia|climatezone=Polar,human,0.0371,0.0371,0.026299999999999997,0.0634,20,TRUE,0.0526,0.3173,0.317,TRUE,TRUE,TRUE,TRUE,TRUE,TRUE,TRUE,FALSE,FALSE,TRUE,NA,0.0634,0.3173,0.1998109045067759,0.19999999999999998,POL
spatial_spd,PVT_Nantun,Asia,Temperate - Dry Winter,analysis=spatial_spd|dataset_id=PVT_Nantun|region=Asia|climatezone=Temperate_Dry_Winter,human,0.0152,0.0152,0.0456,0.0608,16.89,TRUE,0.0912,0.3604,0.36,TRUE,TRUE,TRUE,TRUE,TRUE,TRUE,TRUE,FALSE,FALSE,TRUE,NA,0.0608,0.3604,0.16870144284128746,0.1688888888888889,TDW
spatial_spd,PVT_Qigai_Nuur,Asia,Arid,analysis=spatial_spd|dataset_id=PVT_Qigai_Nuur|region=Asia|climatezone=Arid,human,0.0019,0.0019,0.0639,0.0658,10.02,TRUE,0.1278,0.6572,0.657,TRUE,TRUE,TRUE,TRUE,TRUE,TRUE,TRUE,FALSE,FALSE,TRUE,NA,0.0658,0.6572,0.10012172854534387,0.10015220700152207,ARD
spatial_spd,PVT_Qongjiamong_Co,Asia,Polar,analysis=spatial_spd|dataset_id=PVT_Qongjiamong_Co|region=Asia|climatezone=Polar,human,0.0285,0.0285,0.0484,0.0769,38.84,TRUE,0.0968,0.1983,0.198,TRUE,TRUE,TRUE,TRUE,TRUE,TRUE,TRUE,FALSE,FALSE,TRUE,NA,0.0769,0.1982,0.38799192734611504,0.38838383838383833,POL
spatial_spd,PVT_Ren_Co_R1,Asia,Polar,analysis=spatial_spd|dataset_id=PVT_Ren_Co_R1|region=Asia|climatezone=Polar,human,-0.0252,-0.0252,-0.023,-0.0482,-21.33,TRUE,-0.046,0.2265,0.226,TRUE,TRUE,TRUE,TRUE,TRUE,TRUE,TRUE,TRUE,TRUE,TRUE,NA,0,0.2747,0,-0.21327433628318584,POL
spatial_spd,PVT_Sanjiaocheng_Section,Asia,Arid,analysis=spatial_spd|dataset_id=PVT_Sanjiaocheng_Section|region=Asia|climatezone=Arid,human,0.1147,0.1147,-0.058899999999999994,0.0558,19.04,TRUE,-0.1178,0.2933,0.293,TRUE,TRUE,TRUE,TRUE,TRUE,TRUE,TRUE,FALSE,FALSE,TRUE,NA,0.0558,0.2934,0.1901840490797546,0.19044368600682596,ARD
spatial_spd,PVT_Sayram_Lake,Asia,Cold - Warm Summer,analysis=spatial_spd|dataset_id=PVT_Sayram_Lake|region=Asia|climatezone=Cold_Without_dry_season_Warm_Summer,human,0.0022,0.0022,0.061099999999999995,0.0633,15.9,TRUE,0.1222,0.3985,0.398,TRUE,TRUE,TRUE,TRUE,TRUE,TRUE,TRUE,FALSE,FALSE,TRUE,NA,0.0633,0.39849999999999997,0.1588456712672522,0.15904522613065325,CWS
spatial_spd,PVT_Shaamar,Asia,Cold - Dry Winter,analysis=spatial_spd|dataset_id=PVT_Shaamar|region=Asia|climatezone=Cold_Dry_Winter,human,-0.0092,-0.0092,0.0108,0.0016,0.84,TRUE,0.0216,0.1901,0.19,TRUE,TRUE,TRUE,TRUE,TRUE,TRUE,TRUE,TRUE,FALSE,TRUE,NA,0.0016,0.19019999999999998,0.008412197686645638,0.008421052631578947,CDW
spatial_spd,PVT_Shayema_Lake,Asia,Temperate - Dry Winter,analysis=spatial_spd|dataset_id=PVT_Shayema_Lake|region=Asia|climatezone=Temperate_Dry_Winter,human,0.0853,0.0853,0.0213,0.1066,28.28,TRUE,0.0426,0.3765,0.377,TRUE,TRUE,TRUE,TRUE,TRUE,TRUE,TRUE,FALSE,FALSE,TRUE,NA,0.1066,0.37660000000000005,0.28305894848645774,0.2827586206896552,TDW
spatial_spd,PVT_Sujiawan,Asia,Cold - Dry Winter,analysis=spatial_spd|dataset_id=PVT_Sujiawan|region=Asia|climatezone=Cold_Dry_Winter,human,0.023,0.023,-0.0219,0.0011,0.19,TRUE,-0.0439,0.5828,0.583,TRUE,TRUE,TRUE,TRUE,TRUE,TRUE,TRUE,FALSE,FALSE,TRUE,NA,0.0011,0.5828,0.0018874399450926563,0.001886792452830189,CDW
spatial_spd,PVT_Tiancai_Lake,Asia,Cold - Dry Winter,analysis=spatial_spd|dataset_id=PVT_Tiancai_Lake|region=Asia|climatezone=Cold_Dry_Winter,human,0.009,0.009,0.0348,0.0438,10.12,TRUE,0.0697,0.433,0.433,TRUE,TRUE,TRUE,TRUE,TRUE,TRUE,TRUE,FALSE,FALSE,TRUE,NA,0.0438,0.433,0.10115473441108545,0.10115473441108545,CDW
spatial_spd,PVT_Uzunkol_Lake,Asia,Cold - Cold Summer,analysis=spatial_spd|dataset_id=PVT_Uzunkol_Lake|region=Asia|climatezone=Cold_Without_dry_season_Cold_Summer,human,0.1122,0.1122,-0.0169,0.0953,20.9,TRUE,-0.0339,0.4559,0.456,TRUE,TRUE,TRUE,TRUE,TRUE,TRUE,TRUE,FALSE,FALSE,TRUE,NA,0.0953,0.45589999999999997,0.20903706953279227,0.20899122807017542,CCS
spatial_spd,PVT_Wulungu_Lake,Asia,Arid,analysis=spatial_spd|dataset_id=PVT_Wulungu_Lake|region=Asia|climatezone=Arid,human,0.0773,0.0773,0.02260000000000001,0.0999,27.07,TRUE,0.0452,0.3693,0.369,TRUE,TRUE,TRUE,TRUE,TRUE,TRUE,TRUE,FALSE,FALSE,TRUE,NA,0.0999,0.36929999999999996,0.27051177904142976,0.2707317073170732,ARD
spatial_spd,PVT_Xiehu_Lake_SO4,Asia,Cold - Dry Winter,analysis=spatial_spd|dataset_id=PVT_Xiehu_Lake_SO4|region=Asia|climatezone=Cold_Dry_Winter,human,-0.0188,-0.0188,0.0032000000000000015,-0.0156,-4.3,TRUE,0.0064,0.3631,0.363,TRUE,TRUE,TRUE,TRUE,TRUE,TRUE,TRUE,TRUE,TRUE,TRUE,NA,0,0.3787,0,-0.04297520661157025,CDW
spatial_spd,PVT_Yamant_Nur_Lake,Asia,Arid,analysis=spatial_spd|dataset_id=PVT_Yamant_Nur_Lake|region=Asia|climatezone=Arid,human,-0,-0,0.0363,0.0363,13.1,TRUE,0.0726,0.2766,0.277,TRUE,TRUE,TRUE,TRUE,TRUE,TRUE,TRUE,FALSE,FALSE,TRUE,NA,0.0363,0.2766,0.13123644251626898,0.1310469314079422,ARD
spatial_spd,PVT_Yidun_Lake,Asia,Polar,analysis=spatial_spd|dataset_id=PVT_Yidun_Lake|region=Asia|climatezone=Polar,human,0.035,0.035,0.022699999999999998,0.0577,16.58,TRUE,0.0453,0.3475,0.348,TRUE,TRUE,TRUE,TRUE,TRUE,TRUE,TRUE,FALSE,FALSE,TRUE,NA,0.0577,0.34750000000000003,0.16604316546762588,0.16580459770114944,POL
spatial_spd,PVT_Zoige_RH,Asia,Cold - Dry Winter,analysis=spatial_spd|dataset_id=PVT_Zoige_RH|region=Asia|climatezone=Cold_Dry_Winter,human,0.0535,0.0535,0.05280000000000001,0.1063,23.21,TRUE,0.1057,0.4581,0.458,TRUE,TRUE,TRUE,TRUE,TRUE,TRUE,TRUE,FALSE,FALSE,TRUE,NA,0.1063,0.458,0.23209606986899564,0.23209606986899564,CDW
spatial_spd,cao_8,Asia,Cold - Dry Winter,analysis=spatial_spd|dataset_id=cao_8|region=Asia|climatezone=Cold_Dry_Winter,human,0.0834,0.0834,-0.05790000000000001,0.0255,5.1,TRUE,-0.1158,0.4996,0.5,TRUE,TRUE,TRUE,TRUE,TRUE,TRUE,TRUE,FALSE,FALSE,TRUE,NA,0.0255,0.4995,0.051051051051051045,0.051,CDW
spatial_spd,cao_57,Asia,Cold - Cold Summer,analysis=spatial_spd|dataset_id=cao_57|region=Asia|climatezone=Cold_Without_dry_season_Cold_Summer,human,-0.0099,-0.0099,0.0131,0.0032,0.53,TRUE,0.0262,0.5986,0.599,TRUE,TRUE,TRUE,TRUE,TRUE,TRUE,TRUE,TRUE,FALSE,TRUE,NA,0.0032,0.5986,0.0053458068827263614,0.005342237061769617,CCS
spatial_spd,cao_80,Asia,Cold - Cold Summer,analysis=spatial_spd|dataset_id=cao_80|region=Asia|climatezone=Cold_Without_dry_season_Cold_Summer,human,0.0136,0.0136,0.002800000000000002,0.0164,3.23,TRUE,0.0055,0.5078,0.508,TRUE,TRUE,TRUE,TRUE,TRUE,TRUE,TRUE,FALSE,FALSE,TRUE,NA,0.0164,0.5079,0.03228982083087222,0.03228346456692913,CCS
spatial_spd,cao_101,Asia,Cold - Warm Summer,analysis=spatial_spd|dataset_id=cao_101|region=Asia|climatezone=Cold_Without_dry_season_Warm_Summer,human,0.0441,0.0441,-0.0382,0.0059,1.28,TRUE,-0.0764,0.4623,0.462,TRUE,TRUE,TRUE,TRUE,TRUE,TRUE,TRUE,FALSE,FALSE,TRUE,NA,0.0059,0.4623,0.012762275578628596,0.012770562770562769,CWS
spatial_spd,cao_124,Asia,Cold - Cold Summer,analysis=spatial_spd|dataset_id=cao_124|region=Asia|climatezone=Cold_Without_dry_season_Cold_Summer,human,0.1272,0.1272,-0.0354,0.0918,22.67,TRUE,-0.0706,0.4049,0.405,TRUE,TRUE,TRUE,TRUE,TRUE,TRUE,TRUE,FALSE,FALSE,TRUE,NA,0.0918,0.4049,0.2267226475673006,0.22666666666666666,CCS
spatial_spd,cao_134,Asia,Cold - Cold Summer,analysis=spatial_spd|dataset_id=cao_134|region=Asia|climatezone=Cold_Without_dry_season_Cold_Summer,human,-0.0647,-0.0647,0.053799999999999994,-0.0109,-3.37,TRUE,0.1075,0.3233,0.323,TRUE,TRUE,TRUE,TRUE,TRUE,TRUE,TRUE,TRUE,TRUE,TRUE,NA,0,0.3343,0,-0.03374613003095975,CCS
spatial_spd,cao_158,Asia,Cold - Warm Summer,analysis=spatial_spd|dataset_id=cao_158|region=Asia|climatezone=Cold_Without_dry_season_Warm_Summer,human,-0.0274,-0.0274,0.0391,0.0117,3.51,TRUE,0.0781,0.3332,0.333,TRUE,TRUE,TRUE,TRUE,TRUE,TRUE,TRUE,TRUE,FALSE,TRUE,NA,0.0117,0.3333,0.03510351035103511,0.03513513513513514,CWS
spatial_spd,PANGAEA.884462,Asia,Arid,analysis=spatial_spd|dataset_id=PANGAEA.884462|region=Asia|climatezone=Arid,human,0.1148,0.1148,-0.031700000000000006,0.0831,18.1,TRUE,-0.0634,0.4586,0.459,TRUE,TRUE,TRUE,TRUE,TRUE,TRUE,TRUE,FALSE,FALSE,TRUE,NA,0.0831,0.4586,0.1812036633231574,0.1810457516339869,ARD
spatial_spd,PANGAEA.896256,Asia,Arid,analysis=spatial_spd|dataset_id=PANGAEA.896256|region=Asia|climatezone=Arid,human,-0.0149,-0.0149,0.060399999999999995,0.0455,15.27,TRUE,0.121,0.2975,0.298,TRUE,TRUE,TRUE,TRUE,TRUE,TRUE,TRUE,TRUE,FALSE,TRUE,NA,0.0455,0.2975,0.15294117647058825,0.15268456375838926,ARD
spatial_spd,PANGAEA.783359,Asia,Temperate - Dry Summer,analysis=spatial_spd|dataset_id=PANGAEA.783359|region=Asia|climatezone=Temperate_Dry_Summer,human,-0.0466,-0.0466,0.0358,-0.0108,-5.17,TRUE,0.0716,0.2093,0.209,TRUE,TRUE,TRUE,TRUE,TRUE,TRUE,TRUE,TRUE,TRUE,TRUE,NA,0,0.2201,0,-0.051674641148325366,TDS
spatial_spd,Lake_Moon,Asia,Cold - Dry Winter,analysis=spatial_spd|dataset_id=Lake_Moon|region=Asia|climatezone=Cold_Dry_Winter,human,0.1214,0.1214,-0.006699999999999998,0.1147,42.01,TRUE,-0.0134,0.2729,0.273,TRUE,TRUE,TRUE,TRUE,TRUE,TRUE,TRUE,FALSE,FALSE,TRUE,NA,0.1147,0.273,0.4201465201465201,0.4201465201465201,CDW
spatial_spd,47817,Asia,Arid,analysis=spatial_spd|dataset_id=47817|region=Asia|climatezone=Arid,human,0.1893,0.1893,-0.08009999999999999,0.1092,31.56,TRUE,-0.1602,0.3456,0.346,TRUE,TRUE,TRUE,TRUE,TRUE,TRUE,TRUE,FALSE,FALSE,TRUE,NA,0.1092,0.3456,0.3159722222222222,0.31560693641618504,ARD
spatial_spd,876,Asia,Cold - Warm Summer,analysis=spatial_spd|dataset_id=876|region=Asia|climatezone=Cold_Without_dry_season_Warm_Summer,human,0.0586,0.0586,1.999999999999988e-4,0.0588,11.69,TRUE,3e-4,0.5034,0.503,TRUE,TRUE,TRUE,TRUE,TRUE,TRUE,TRUE,FALSE,FALSE,TRUE,NA,0.0588,0.5034,0.11680572109654351,0.1168986083499006,CWS
spatial_spd,46462,Asia,Cold - Warm Summer,analysis=spatial_spd|dataset_id=46462|region=Asia|climatezone=Cold_Without_dry_season_Warm_Summer,human,-0.0382,-0.0382,0.13240000000000002,0.0942,24.92,TRUE,0.2648,0.3786,0.378,TRUE,TRUE,TRUE,TRUE,TRUE,TRUE,TRUE,TRUE,FALSE,TRUE,NA,0.0942,0.3785,0.24887714663143992,0.2492063492063492,CWS
spatial_spd,46466,Asia,Cold - Warm Summer,analysis=spatial_spd|dataset_id=46466|region=Asia|climatezone=Cold_Without_dry_season_Warm_Summer,human,0.0872,0.0872,-0.0673,0.0199,18.43,TRUE,-0.1345,0.1083,0.108,TRUE,TRUE,TRUE,TRUE,TRUE,TRUE,TRUE,FALSE,FALSE,TRUE,NA,0.0199,0.10830000000000001,0.1837488457987073,0.18425925925925926,CWS
spatial_spd,46483,Asia,Cold - Warm Summer,analysis=spatial_spd|dataset_id=46483|region=Asia|climatezone=Cold_Without_dry_season_Warm_Summer,human,-0.0474,-0.0474,0.041499999999999995,-0.0059,-2.69,TRUE,0.0829,0.2192,0.219,TRUE,TRUE,TRUE,TRUE,TRUE,TRUE,TRUE,TRUE,TRUE,TRUE,NA,0,0.2251,0,-0.026940639269406392,CWS
spatial_spd,3896,Asia,Cold - Cold Summer,analysis=spatial_spd|dataset_id=3896|region=Asia|climatezone=Cold_Without_dry_season_Cold_Summer,human,-0.0282,-0.0282,0.003599999999999999,-0.0246,-6.03,TRUE,0.0071,0.4076,0.408,TRUE,TRUE,TRUE,TRUE,TRUE,TRUE,TRUE,TRUE,TRUE,TRUE,NA,0,0.4322,0,-0.06029411764705883,CCS
spatial_spd,46479,Asia,Cold - Warm Summer,analysis=spatial_spd|dataset_id=46479|region=Asia|climatezone=Cold_Without_dry_season_Warm_Summer,human,0.0204,0.0204,-0.0221,-0.0017,-0.48,TRUE,-0.0444,0.3568,0.357,TRUE,TRUE,TRUE,TRUE,TRUE,TRUE,TRUE,FALSE,TRUE,TRUE,NA,0,0.3585,0,-0.0047619047619047615,CWS
spatial_spd,46485,Asia,Cold - Warm Summer,analysis=spatial_spd|dataset_id=46485|region=Asia|climatezone=Cold_Without_dry_season_Warm_Summer,human,-0.0489,-0.0489,0.0664,0.0175,3.6,TRUE,0.1328,0.486,0.486,TRUE,TRUE,TRUE,TRUE,TRUE,TRUE,TRUE,TRUE,FALSE,TRUE,NA,0.0175,0.48600000000000004,0.0360082304526749,0.0360082304526749,CWS
spatial_spd,46447,Asia,Cold - Cold Summer,analysis=spatial_spd|dataset_id=46447|region=Asia|climatezone=Cold_Without_dry_season_Cold_Summer,human,-0.0226,-0.0226,0.0467,0.0241,4.84,TRUE,0.0934,0.4983,0.498,TRUE,TRUE,TRUE,TRUE,TRUE,TRUE,TRUE,TRUE,FALSE,TRUE,NA,0.0241,0.4983,0.04836443909291591,0.048393574297188754,CCS
spatial_spd,1444,Asia,Cold - Warm Summer,analysis=spatial_spd|dataset_id=1444|region=Asia|climatezone=Cold_Without_dry_season_Warm_Summer,human,0.0494,0.0494,0.075,0.1244,24.73,TRUE,0.15,0.5029,0.503,TRUE,TRUE,TRUE,TRUE,TRUE,TRUE,TRUE,FALSE,FALSE,TRUE,NA,0.1244,0.5029,0.2473652813680652,0.24731610337972165,CWS
spatial_spd,2643,Asia,Cold - Warm Summer,analysis=spatial_spd|dataset_id=2643|region=Asia|climatezone=Cold_Without_dry_season_Warm_Summer,human,-0.0379,-0.0379,0.037200000000000004,-7e-4,-0.37,TRUE,0.0744,0.1914,0.191,TRUE,TRUE,TRUE,TRUE,TRUE,TRUE,TRUE,TRUE,TRUE,TRUE,NA,0,0.1921,0,-0.0036649214659685864,CWS
spatial_spd,1844,Asia,Cold - Warm Summer,analysis=spatial_spd|dataset_id=1844|region=Asia|climatezone=Cold_Without_dry_season_Warm_Summer,human,0.0613,0.0613,0.0638,0.1251,19.98,TRUE,0.1277,0.6258,0.626,TRUE,TRUE,TRUE,TRUE,TRUE,TRUE,TRUE,FALSE,FALSE,TRUE,NA,0.1251,0.6258,0.19990412272291463,0.19984025559105428,CWS
spatial_spd,4543,Asia,Cold - Cold Summer,analysis=spatial_spd|dataset_id=4543|region=Asia|climatezone=Cold_Without_dry_season_Cold_Summer,human,0.0442,0.0442,-0.042,0.0022,0.82,TRUE,-0.084,0.2677,0.268,TRUE,TRUE,TRUE,TRUE,TRUE,TRUE,TRUE,FALSE,FALSE,TRUE,NA,0.0022,0.2676,0.008221225710014948,0.008208955223880597,CCS
spatial_spd,40990,Asia,Cold - Dry Winter,analysis=spatial_spd|dataset_id=40990|region=Asia|climatezone=Cold_Dry_Winter,human,-0.0314,-0.0314,-0.010300000000000004,-0.0417,-20.95,TRUE,-0.0206,0.1993,0.199,TRUE,TRUE,TRUE,TRUE,TRUE,TRUE,TRUE,TRUE,TRUE,TRUE,NA,0,0.241,0,-0.20954773869346732,CDW
spatial_spd,15720,Asia,Cold - Warm Summer,analysis=spatial_spd|dataset_id=15720|region=Asia|climatezone=Cold_Without_dry_season_Warm_Summer,human,0.0979,0.0979,-0.0781,0.0198,9.61,TRUE,-0.1563,0.2062,0.206,TRUE,TRUE,TRUE,TRUE,TRUE,TRUE,TRUE,FALSE,FALSE,TRUE,NA,0.0198,0.20620000000000002,0.09602327837051407,0.09611650485436894,CWS
spatial_spd,4081,Asia,Cold - Dry Winter,analysis=spatial_spd|dataset_id=4081|region=Asia|climatezone=Cold_Dry_Winter,human,-0.0311,-0.0311,-0.0173,-0.0484,-14.19,TRUE,-0.0345,0.3411,0.341,TRUE,TRUE,TRUE,TRUE,TRUE,TRUE,TRUE,TRUE,TRUE,TRUE,NA,0,0.3895,0,-0.14193548387096772,CDW
spatial_spd,3861,Asia,Arid,analysis=spatial_spd|dataset_id=3861|region=Asia|climatezone=Arid,human,-0.0601,-0.0601,-0.004799999999999999,-0.0649,-23.18,TRUE,-0.0096,0.2797,0.28,TRUE,TRUE,TRUE,TRUE,TRUE,TRUE,TRUE,TRUE,TRUE,TRUE,NA,0,0.3446,0,-0.23178571428571426,ARD
spatial_spd,41247,Asia,Temperate - Dry Winter,analysis=spatial_spd|dataset_id=41247|region=Asia|climatezone=Temperate_Dry_Winter,human,0.2045,0.2045,-0.008299999999999974,0.1962,69.57,TRUE,-0.0167,0.2817,0.282,TRUE,TRUE,TRUE,TRUE,TRUE,TRUE,TRUE,FALSE,FALSE,TRUE,NA,0.1962,0.2817,0.6964856230031949,0.6957446808510639,TDW
spatial_spd,15624,Asia,Temperate,analysis=spatial_spd|dataset_id=15624|region=Asia|climatezone=Temperate_Without_dry_season,human,0.0848,0.0848,0.006699999999999998,0.0915,14.16,TRUE,0.0134,0.6461,0.646,TRUE,TRUE,TRUE,TRUE,TRUE,TRUE,TRUE,FALSE,FALSE,TRUE,NA,0.0915,0.6461,0.14161894443584583,0.141640866873065,TMP
spatial_spd,41245,Asia,Cold - Dry Winter,analysis=spatial_spd|dataset_id=41245|region=Asia|climatezone=Cold_Dry_Winter,human,0.0374,0.0374,0.0688,0.1062,18.96,TRUE,0.1375,0.5599,0.56,TRUE,TRUE,TRUE,TRUE,TRUE,TRUE,TRUE,FALSE,FALSE,TRUE,NA,0.1062,0.5599999999999999,0.18964285714285717,0.18964285714285714,CDW
spatial_spd,14612,Asia,Arid,analysis=spatial_spd|dataset_id=14612|region=Asia|climatezone=Arid,human,-0.0189,-0.0189,0.0558,0.0369,11.6,TRUE,0.1117,0.318,0.318,TRUE,TRUE,TRUE,TRUE,TRUE,TRUE,TRUE,TRUE,FALSE,TRUE,NA,0.0369,0.318,0.1160377358490566,0.1160377358490566,ARD
spatial_spd,15649,Asia,Temperate,analysis=spatial_spd|dataset_id=15649|region=Asia|climatezone=Temperate_Without_dry_season,human,0.163,0.163,-0.042300000000000004,0.1207,26.01,TRUE,-0.0845,0.4638,0.464,TRUE,TRUE,TRUE,TRUE,TRUE,TRUE,TRUE,FALSE,FALSE,TRUE,NA,0.1207,0.4638,0.2602414833980164,0.26012931034482756,TMP
spatial_spd,14134,Asia,Temperate,analysis=spatial_spd|dataset_id=14134|region=Asia|climatezone=Temperate_Without_dry_season,human,0.0023,0.0023,-0.0049,-0.0026,-0.48,TRUE,-0.0098,0.5414,0.541,TRUE,TRUE,TRUE,TRUE,TRUE,TRUE,TRUE,FALSE,TRUE,TRUE,NA,0,0.544,0,-0.004805914972273567,TMP
spatial_spd,15656,Asia,Temperate,analysis=spatial_spd|dataset_id=15656|region=Asia|climatezone=Temperate_Without_dry_season,human,-0.0345,-0.0345,0.061,0.0265,8.58,TRUE,0.1222,0.3092,0.309,TRUE,TRUE,TRUE,TRUE,TRUE,TRUE,TRUE,TRUE,FALSE,TRUE,NA,0.0265,0.30920000000000003,0.08570504527813712,0.08576051779935275,TMP
spatial_spd,22330,Asia,Cold - Warm Summer,analysis=spatial_spd|dataset_id=22330|region=Asia|climatezone=Cold_Without_dry_season_Warm_Summer,human,0.011,0.011,0.0032000000000000015,0.0142,8.88,TRUE,0.0064,0.1601,0.16,TRUE,TRUE,TRUE,TRUE,TRUE,TRUE,TRUE,FALSE,FALSE,TRUE,NA,0.0142,0.1601,0.08869456589631482,0.08875000000000001,CWS
spatial_spd,15709,Asia,Cold - Warm Summer,analysis=spatial_spd|dataset_id=15709|region=Asia|climatezone=Cold_Without_dry_season_Warm_Summer,human,0.0185,0.0185,-0.0126,0.0059,1.19,TRUE,-0.0251,0.4953,0.495,TRUE,TRUE,TRUE,TRUE,TRUE,TRUE,TRUE,FALSE,FALSE,TRUE,NA,0.0059,0.4953,0.0119119725418938,0.01191919191919192,CWS
spatial_spd,15678,Asia,Cold - Hot Summer,analysis=spatial_spd|dataset_id=15678|region=Asia|climatezone=Cold_Without_dry_season_Hot_Summer,human,0.0879,0.0879,0.020899999999999988,0.1088,50.37,TRUE,0.0417,0.21560000000000001,0.216,TRUE,TRUE,TRUE,TRUE,TRUE,TRUE,TRUE,FALSE,FALSE,TRUE,NA,0.1088,0.21560000000000001,0.5046382189239331,0.5037037037037037,CHS
spatial_spd,3927,Asia,Temperate - Dry Summer,analysis=spatial_spd|dataset_id=3927|region=Asia|climatezone=Temperate_Dry_Summer,human,-0.0553,-0.0553,-5.999999999999964e-4,-0.0559,-9.79,TRUE,-0.0013,0.5711,0.571,TRUE,TRUE,TRUE,TRUE,TRUE,TRUE,TRUE,TRUE,TRUE,TRUE,NA,0,0.627,0,-0.0978984238178634,TDS
spatial_spd,4137,Asia,Arid,analysis=spatial_spd|dataset_id=4137|region=Asia|climatezone=Arid,human,0.0789,0.0789,-0.0407,0.0382,17.05,TRUE,-0.0814,0.224,0.224,TRUE,TRUE,TRUE,TRUE,TRUE,TRUE,TRUE,FALSE,FALSE,TRUE,NA,0.0382,0.22399999999999998,0.1705357142857143,0.17053571428571426,ARD
spatial_spd,4442,Asia,Cold - Dry Summer,analysis=spatial_spd|dataset_id=4442|region=Asia|climatezone=Cold_Dry_Summer,human,0.0083,0.0083,-0.016399999999999998,-0.0081,-1.6,TRUE,-0.0328,0.5065,0.506,TRUE,TRUE,TRUE,TRUE,TRUE,TRUE,TRUE,FALSE,TRUE,TRUE,NA,0,0.5146,0,-0.01600790513833992,CDS
spatial_spd,4509,Asia,Cold - Dry Summer,analysis=spatial_spd|dataset_id=4509|region=Asia|climatezone=Cold_Dry_Summer,human,-0.0308,-0.0308,-0.022199999999999998,-0.053,-9.55,TRUE,-0.0445,0.5549,0.555,TRUE,TRUE,TRUE,TRUE,TRUE,TRUE,TRUE,TRUE,TRUE,TRUE,NA,0,0.6079,0,-0.09549549549549548,CDS
spatial_spd,24161,Asia,Cold - Dry Summer,analysis=spatial_spd|dataset_id=24161|region=Asia|climatezone=Cold_Dry_Summer,human,-0.0134,-0.0134,0.0125,-9e-4,-0.52,TRUE,0.0249,0.1721,0.172,TRUE,TRUE,TRUE,TRUE,TRUE,TRUE,TRUE,TRUE,TRUE,TRUE,NA,0,0.173,0,-0.005232558139534884,CDS
spatial_spd,24166,Asia,Temperate - Dry Summer,analysis=spatial_spd|dataset_id=24166|region=Asia|climatezone=Temperate_Dry_Summer,human,-0.0107,-0.0107,-0.011000000000000001,-0.0217,-5.49,TRUE,-0.022,0.3949,0.395,TRUE,TRUE,TRUE,TRUE,TRUE,TRUE,TRUE,TRUE,TRUE,TRUE,NA,0,0.4167,0,-0.05493670886075949,TDS
spatial_spd,24175,Asia,Arid,analysis=spatial_spd|dataset_id=24175|region=Asia|climatezone=Arid,human,0.0025,0.0025,0.025500000000000002,0.028,5.61,TRUE,0.0509,0.4994,0.499,TRUE,TRUE,TRUE,TRUE,TRUE,TRUE,TRUE,FALSE,FALSE,TRUE,NA,0.028,0.4994,0.05606728073688426,0.056112224448897796,ARD
spatial_spd,pg_711911,Asia,Arid,analysis=spatial_spd|dataset_id=pg_711911|region=Asia|climatezone=Arid,human,0.0609,0.0609,0.0326,0.0935,29.31,TRUE,0.0652,0.3193,0.319,TRUE,TRUE,TRUE,TRUE,TRUE,TRUE,TRUE,FALSE,FALSE,TRUE,NA,0.0935,0.31930000000000003,0.2928280613842781,0.29310344827586204,ARD
spatial_spd,pg_858056,Asia,Temperate - Dry Summer,analysis=spatial_spd|dataset_id=pg_858056|region=Asia|climatezone=Temperate_Dry_Summer,human,-0.0023,-0.0023,0.057999999999999996,0.0557,10.75,TRUE,0.1161,0.5178,0.518,TRUE,TRUE,TRUE,TRUE,TRUE,TRUE,TRUE,TRUE,FALSE,TRUE,NA,0.0557,0.5178,0.10757049053688682,0.10752895752895753,TDS
spatial_spd,pg_874340,Asia,Arid,analysis=spatial_spd|dataset_id=pg_874340|region=Asia|climatezone=Arid,human,-0.0013,-0.0013,-0.022000000000000002,-0.0233,-291.25,TRUE,-0.0441,0.0079,0.008,TRUE,TRUE,TRUE,TRUE,TRUE,TRUE,TRUE,TRUE,TRUE,TRUE,NA,0,0.0312,0,-2.9125,ARD
spatial_spd,pg_884740,Asia,Arid,analysis=spatial_spd|dataset_id=pg_884740|region=Asia|climatezone=Arid,human,-0.0171,-0.0171,0.0699,0.0528,18.14,TRUE,0.1399,0.2913,0.291,TRUE,TRUE,TRUE,TRUE,TRUE,TRUE,TRUE,TRUE,FALSE,TRUE,NA,0.0528,0.2913,0.18125643666323377,0.1814432989690722,ARD
spatial_spd,pg_907390,Asia,Arid,analysis=spatial_spd|dataset_id=pg_907390|region=Asia|climatezone=Arid,human,0.3536,0.3536,-0.12500000000000003,0.2286,76.45,TRUE,-0.25,0.2987,0.299,TRUE,TRUE,TRUE,TRUE,TRUE,TRUE,TRUE,FALSE,FALSE,TRUE,NA,0.2286,0.2986,0.7655726724715338,0.7645484949832776,ARD
spatial_spd,pg_711930,Asia,Temperate - Dry Summer,analysis=spatial_spd|dataset_id=pg_711930|region=Asia|climatezone=Temperate_Dry_Summer,human,-0.0399,-0.0399,0.060899999999999996,0.021,13.12,TRUE,0.1218,0.1596,0.16,TRUE,TRUE,TRUE,TRUE,TRUE,TRUE,TRUE,TRUE,FALSE,TRUE,NA,0.021,0.1596,0.13157894736842107,0.13125,TDS
spatial_spd,pg_738918,Asia,Cold - Dry Summer,analysis=spatial_spd|dataset_id=pg_738918|region=Asia|climatezone=Cold_Dry_Summer,human,-0.0122,-0.0122,-0.012499999999999999,-0.0247,-18.16,TRUE,-0.0249,0.1356,0.136,TRUE,TRUE,TRUE,TRUE,TRUE,TRUE,TRUE,TRUE,TRUE,TRUE,NA,0,0.1603,0,-0.18161764705882352,CDS
spatial_spd,ippd_975,Oceania,Temperate,analysis=spatial_spd|dataset_id=ippd_975|region=Oceania|climatezone=Temperate_Without_dry_season,human,0.0863,0.0863,0.0878,0.1741,23.43,TRUE,0.1756,0.7434,0.743,TRUE,TRUE,TRUE,TRUE,TRUE,TRUE,TRUE,FALSE,FALSE,TRUE,NA,0.1741,0.7433000000000001,0.23422575003363377,0.23432032301480485,TMP
spatial_spd,ippd_978,Oceania,Temperate,analysis=spatial_spd|dataset_id=ippd_978|region=Oceania|climatezone=Temperate_Without_dry_season,human,0.1497,0.1497,0.13169999999999998,0.2814,46.51,TRUE,0.2634,0.6047,0.605,TRUE,TRUE,TRUE,TRUE,TRUE,TRUE,TRUE,FALSE,FALSE,TRUE,NA,0.2814,0.6047,0.46535472134942946,0.46512396694214875,TMP
spatial_spd,ippd_991,Oceania,Temperate,analysis=spatial_spd|dataset_id=ippd_991|region=Oceania|climatezone=Temperate_Without_dry_season,human,-0.005,-0.005,0.1193,0.1143,62.12,TRUE,0.2387,0.1838,0.184,TRUE,TRUE,TRUE,TRUE,TRUE,TRUE,TRUE,TRUE,FALSE,TRUE,NA,0.1143,0.18380000000000002,0.6218715995647442,0.621195652173913,TMP
spatial_spd,ippd_1016,Oceania,Temperate,analysis=spatial_spd|dataset_id=ippd_1016|region=Oceania|climatezone=Temperate_Without_dry_season,human,-0.0681,-0.0681,0.3238,0.2557,42.62,TRUE,0.6477,0.5998,0.6,TRUE,TRUE,TRUE,TRUE,TRUE,TRUE,TRUE,TRUE,FALSE,TRUE,NA,0.2557,0.5998,0.42630876958986325,0.42616666666666664,TMP
spatial_spd,ippd_1070,Oceania,Tropical,analysis=spatial_spd|dataset_id=ippd_1070|region=Oceania|climatezone=Tropical,human,0.1886,0.1886,0.09639999999999999,0.285,73.08,TRUE,0.1928,0.39,0.39,TRUE,TRUE,TRUE,TRUE,TRUE,TRUE,TRUE,FALSE,FALSE,TRUE,NA,0.285,0.38999999999999996,0.7307692307692308,0.7307692307692307,TRO
spatial_spd,ippd_1443,Oceania,Tropical,analysis=spatial_spd|dataset_id=ippd_1443|region=Oceania|climatezone=Tropical,human,-0.0206,-0.0206,0.0381,0.0175,3.59,TRUE,0.0763,0.4879,0.488,TRUE,TRUE,TRUE,TRUE,TRUE,TRUE,TRUE,TRUE,FALSE,TRUE,NA,0.0175,0.4879,0.03586800573888092,0.03586065573770492,TRO
spatial_spd,ippd_1444,Oceania,Tropical,analysis=spatial_spd|dataset_id=ippd_1444|region=Oceania|climatezone=Tropical,human,0.1988,0.1988,0.10350000000000001,0.3023,77.91,TRUE,0.2069,0.3878,0.388,TRUE,TRUE,TRUE,TRUE,TRUE,TRUE,TRUE,TRUE,FALSE,TRUE,NA,0.3023,0.38780000000000003,0.7795255286230015,0.7791237113402062,TRO
spatial_spd,ippd_1999,Oceania,Tropical,analysis=spatial_spd|dataset_id=ippd_1999|region=Oceania|climatezone=Tropical,human,-0.0282,-0.0282,-0.004899999999999998,-0.0331,-7,TRUE,-0.0098,0.4732,0.473,TRUE,TRUE,TRUE,TRUE,TRUE,TRUE,TRUE,TRUE,TRUE,TRUE,NA,0,0.5063,0,-0.06997885835095137,TRO
spatial_spd,ippd_2000,Oceania,Temperate - Dry Winter,analysis=spatial_spd|dataset_id=ippd_2000|region=Oceania|climatezone=Temperate_Dry_Winter,human,0.0324,0.0324,0.058800000000000005,0.0912,34.55,TRUE,0.1176,0.2643,0.264,TRUE,TRUE,TRUE,TRUE,TRUE,TRUE,TRUE,FALSE,FALSE,TRUE,NA,0.0912,0.2643,0.3450624290578888,0.34545454545454546,TDW
spatial_spd,ippd_2008,Oceania,Temperate,analysis=spatial_spd|dataset_id=ippd_2008|region=Oceania|climatezone=Temperate_Without_dry_season,human,0.2124,0.2124,0.0996,0.312,42.33,TRUE,0.1992,0.7366,0.737,TRUE,TRUE,TRUE,TRUE,TRUE,TRUE,TRUE,FALSE,FALSE,TRUE,NA,0.312,0.7365999999999999,0.42356774368721156,0.4233378561736771,TMP
spatial_spd,ippd_2009,Oceania,Temperate,analysis=spatial_spd|dataset_id=ippd_2009|region=Oceania|climatezone=Temperate_Without_dry_season,human,-0.0357,-0.0357,0.1596,0.1239,48.02,TRUE,0.3191,0.2575,0.258,TRUE,TRUE,TRUE,TRUE,TRUE,TRUE,TRUE,TRUE,FALSE,TRUE,NA,0.1239,0.2575,0.4811650485436893,0.48023255813953486,TMP
spatial_spd,ippd_2094,Oceania,Temperate,analysis=spatial_spd|dataset_id=ippd_2094|region=Oceania|climatezone=Temperate_Without_dry_season,human,0.0156,0.0156,0.07379999999999999,0.0894,13.78,TRUE,0.1475,0.6484,0.649,TRUE,TRUE,TRUE,TRUE,TRUE,TRUE,TRUE,FALSE,FALSE,TRUE,NA,0.0894,0.6485000000000001,0.13785659213569773,0.1377503852080123,TMP
spatial_spd,ippd_2113,Oceania,Temperate,analysis=spatial_spd|dataset_id=ippd_2113|region=Oceania|climatezone=Temperate_Without_dry_season,human,0.1103,0.1103,0.08259999999999999,0.1929,54.65,TRUE,0.1653,0.3531,0.353,TRUE,TRUE,TRUE,TRUE,TRUE,TRUE,TRUE,FALSE,FALSE,TRUE,NA,0.1929,0.35309999999999997,0.546304163126593,0.5464589235127478,TMP
spatial_spd,ippd_2122,Oceania,Temperate,analysis=spatial_spd|dataset_id=ippd_2122|region=Oceania|climatezone=Temperate_Without_dry_season,human,0.0511,0.0511,0.1432,0.1943,106.76,TRUE,0.2864,0.1823,0.182,TRUE,TRUE,TRUE,TRUE,TRUE,TRUE,TRUE,TRUE,TRUE,TRUE,NA,0.1943,0.1943,1,1.0675824175824176,TMP
spatial_spd,ippd_2133,Oceania,Temperate - Dry Summer,analysis=spatial_spd|dataset_id=ippd_2133|region=Oceania|climatezone=Temperate_Dry_Summer,human,-0.046,-0.046,0.0679,0.0219,15.76,TRUE,0.1357,0.1386,0.139,TRUE,TRUE,TRUE,TRUE,TRUE,TRUE,TRUE,TRUE,FALSE,TRUE,NA,0.0219,0.1386,0.15800865800865802,0.15755395683453235,TDS
spatial_spd,ippd_2163,Oceania,Temperate,analysis=spatial_spd|dataset_id=ippd_2163|region=Oceania|climatezone=Temperate_Without_dry_season,human,0.0538,0.0538,0.0635,0.1173,24.96,TRUE,0.127,0.4697,0.47,TRUE,TRUE,TRUE,TRUE,TRUE,TRUE,TRUE,FALSE,FALSE,TRUE,NA,0.1173,0.4697,0.24973387268469235,0.2495744680851064,TMP
spatial_spd,ippd_2216,Oceania,Temperate,analysis=spatial_spd|dataset_id=ippd_2216|region=Oceania|climatezone=Temperate_Without_dry_season,human,-0.0799,-0.0799,0.1099,0.03,21.74,TRUE,0.2197,0.1381,0.138,TRUE,TRUE,TRUE,TRUE,TRUE,TRUE,TRUE,TRUE,FALSE,TRUE,NA,0.03,0.1382,0.21707670043415342,0.21739130434782605,TMP
spatial_spd,ippd_2264,Oceania,Temperate,analysis=spatial_spd|dataset_id=ippd_2264|region=Oceania|climatezone=Temperate_Without_dry_season,human,-2e-4,-2e-4,0.0046,0.0044,2.02,TRUE,0.0091,0.2179,0.218,TRUE,TRUE,TRUE,TRUE,TRUE,TRUE,TRUE,TRUE,FALSE,TRUE,NA,0.0044,0.21789999999999998,0.020192748967416248,0.02018348623853211,TMP
spatial_spd,ippd_2268,Oceania,Temperate,analysis=spatial_spd|dataset_id=ippd_2268|region=Oceania|climatezone=Temperate_Without_dry_season,human,-0.0535,-0.0535,0.0504,-0.0031,-0.69,TRUE,0.1008,0.4488,0.449,TRUE,TRUE,TRUE,TRUE,TRUE,TRUE,TRUE,TRUE,TRUE,TRUE,NA,0,0.4519,0,-0.006904231625835189,TMP
spatial_spd,ippd_2270,Oceania,Temperate,analysis=spatial_spd|dataset_id=ippd_2270|region=Oceania|climatezone=Temperate_Without_dry_season,human,0.0287,0.0287,0.08789999999999999,0.1166,24.55,TRUE,0.1759,0.475,0.475,TRUE,TRUE,TRUE,TRUE,TRUE,TRUE,TRUE,FALSE,FALSE,TRUE,NA,0.1166,0.475,0.24547368421052632,0.24547368421052632,TMP
spatial_spd,ippd_2271,Oceania,Temperate,analysis=spatial_spd|dataset_id=ippd_2271|region=Oceania|climatezone=Temperate_Without_dry_season,human,0.3847,0.3847,0.017800000000000038,0.4025,48.09,TRUE,0.0355,0.8369,0.837,TRUE,TRUE,TRUE,TRUE,TRUE,TRUE,TRUE,FALSE,FALSE,TRUE,NA,0.4025,0.8369,0.4809415700800574,0.48088410991636804,TMP
spatial_spd,ippd_2283,Oceania,Temperate,analysis=spatial_spd|dataset_id=ippd_2283|region=Oceania|climatezone=Temperate_Without_dry_season,human,0.0384,0.0384,0.1212,0.1596,212.8,TRUE,0.2424,0.0751,0.075,TRUE,TRUE,TRUE,TRUE,TRUE,TRUE,TRUE,TRUE,TRUE,TRUE,NA,0.1596,0.1596,1,2.128,TMP
spatial_spd,ippd_2284,Oceania,Temperate,analysis=spatial_spd|dataset_id=ippd_2284|region=Oceania|climatezone=Temperate_Without_dry_season,human,0.2174,0.2174,0.11089999999999997,0.3283,44.19,TRUE,0.2218,0.7431,0.743,TRUE,TRUE,TRUE,TRUE,TRUE,TRUE,TRUE,FALSE,FALSE,TRUE,NA,0.3283,0.7431,0.44179787377203605,0.44185733512786,TMP
spatial_spd,ippd_2287,Oceania,Arid,analysis=spatial_spd|dataset_id=ippd_2287|region=Oceania|climatezone=Arid,human,0.1044,0.1044,-0.02070000000000001,0.0837,24.26,TRUE,-0.0414,0.3452,0.345,TRUE,TRUE,TRUE,TRUE,TRUE,TRUE,TRUE,FALSE,FALSE,TRUE,NA,0.0837,0.3453,0.24239791485664638,0.2426086956521739,ARD
spatial_spd,ippd_2306,Oceania,Temperate,analysis=spatial_spd|dataset_id=ippd_2306|region=Oceania|climatezone=Temperate_Without_dry_season,human,-0.0321,-0.0321,0.032799999999999996,7e-4,6.36,TRUE,0.0657,0.0109,0.011,TRUE,TRUE,TRUE,TRUE,TRUE,TRUE,TRUE,TRUE,FALSE,TRUE,NA,7e-4,0.010799999999999999,0.06481481481481483,0.06363636363636364,TMP
spatial_spd,ippd_2308,Oceania,Temperate,analysis=spatial_spd|dataset_id=ippd_2308|region=Oceania|climatezone=Temperate_Without_dry_season,human,0.0632,0.0632,0.025399999999999992,0.0886,16.35,TRUE,0.0509,0.542,0.542,TRUE,TRUE,TRUE,TRUE,TRUE,TRUE,TRUE,FALSE,FALSE,TRUE,NA,0.0886,0.5418999999999999,0.16349880051670052,0.16346863468634684,TMP
spatial_spd,ippd_2313,Oceania,Cold - Warm Summer,analysis=spatial_spd|dataset_id=ippd_2313|region=Oceania|climatezone=Cold_Without_dry_season_Warm_Summer,human,-0.076,-0.076,0.19140000000000001,0.1154,71.23,TRUE,0.3828,0.1617,0.162,TRUE,TRUE,TRUE,TRUE,TRUE,TRUE,TRUE,TRUE,FALSE,TRUE,NA,0.1154,0.1616,0.7141089108910892,0.7123456790123457,CWS
spatial_spd,ippd_2357,Oceania,Temperate,analysis=spatial_spd|dataset_id=ippd_2357|region=Oceania|climatezone=Temperate_Without_dry_season,human,0.1302,0.1302,0.15990000000000001,0.2901,69.24,TRUE,0.3198,0.4192,0.419,TRUE,TRUE,TRUE,TRUE,TRUE,TRUE,TRUE,TRUE,FALSE,TRUE,NA,0.2901,0.4192,0.6920324427480916,0.6923627684964201,TMP
