analysis,aggregation_level,predictor,profile,individual_sum,total_sum,pooled_allocation,n_models,signed_allocation,delta_from_signed,region,climatezone,age
h2_spd,analysis,climate,signed,20.627,26.166,0.7883130780402048,31,0.7883130780402048,0,NA,NA,NA
h2_spd,analysis,human,signed,5.5376,26.166,0.21163341741190858,31,0.21163341741190858,0,NA,NA,NA
spatial_events,analysis,climate,signed,64.3856,108.318,0.5944127476504366,257,0.5944127476504366,0,NA,NA,NA
spatial_events,analysis,human,signed,43.9321,108.318,0.40558448272678593,257,0.40558448272678593,0,NA,NA,NA
spatial_spd,analysis,climate,signed,313.6065,410.323,0.7642917896388942,1118,0.7642917896388942,0,NA,NA,NA
spatial_spd,analysis,human,signed,96.7157,410.323,0.23570626067756378,1118,0.23570626067756378,0,NA,NA,NA
temporal_events,analysis,climate,signed,7.6039,8.663,0.8777444303359113,76,0.8777444303359113,0,NA,NA,NA
temporal_events,analysis,human,signed,1.0604,8.663,0.12240563315248759,76,0.12240563315248759,0,NA,NA,NA
temporal_spd,analysis,climate,signed,8.4085,9.358,0.8985360119683693,84,0.8985360119683693,0,NA,NA,NA
temporal_spd,analysis,human,signed,0.9523,9.358,0.10176319726437273,84,0.10176319726437273,0,NA,NA,NA
h2_spd,analysis,climate,zero_truncated,20.627,26.1646,0.7883552586318919,31,0.7883130780402048,4.2180591687146496e-5,NA,NA,NA
h2_spd,analysis,human,zero_truncated,5.5376,26.1646,0.21164474136810807,31,0.21163341741190858,1.1323956199488228e-5,NA,NA,NA
spatial_events,analysis,climate,zero_truncated,64.8272,109.3549,0.5928147709887714,257,0.5944127476504366,-0.001597976661665168,NA,NA,NA
spatial_events,analysis,human,zero_truncated,44.5277,109.3549,0.4071852290112286,257,0.40558448272678593,0.0016007462844426779,NA,NA,NA
spatial_spd,analysis,climate,zero_truncated,314.7576,416.2161,0.7562360033645984,1118,0.7642917896388942,-0.008055786274295818,NA,NA,NA
spatial_spd,analysis,human,zero_truncated,101.4585,416.2161,0.24376399663540166,1118,0.23570626067756378,0.008057735957837875,NA,NA,NA
temporal_events,analysis,climate,zero_truncated,7.6039,8.7351,0.870499479113004,76,0.8777444303359113,-0.007244951222907359,NA,NA,NA
temporal_events,analysis,human,zero_truncated,1.1312,8.7351,0.12950052088699615,76,0.12240563315248759,0.007094887734508559,NA,NA,NA
temporal_spd,analysis,climate,zero_truncated,8.4085,9.3996,0.8945593429507639,84,0.8985360119683693,-0.003976669017605405,NA,NA,NA
temporal_spd,analysis,human,zero_truncated,0.9911,9.3996,0.10544065704923614,84,0.10176319726437273,0.0036774597848634044,NA,NA,NA
h2_spd,analysis,climate,exclude_negative,20.627,26.166,0.7883130780402048,31,0.7883130780402048,0,NA,NA,NA
h2_spd,analysis,human,exclude_negative,5.5376,26.166,0.21163341741190858,31,0.21163341741190858,0,NA,NA,NA
spatial_events,analysis,climate,exclude_negative,59.7355,101.618,0.587843689110197,229,0.5944127476504366,-0.006569058540239592,NA,NA,NA
spatial_events,analysis,human,exclude_negative,41.8819,101.618,0.41215040642405876,229,0.40558448272678593,0.006565923697272824,NA,NA,NA
spatial_spd,analysis,climate,exclude_negative,253.2488,349.973,0.7236238224091572,891,0.7642917896388942,-0.04066796722973698,NA,NA,NA
spatial_spd,analysis,human,exclude_negative,96.7189,349.973,0.2763610335654465,891,0.23570626067756378,0.04065477288788272,NA,NA,NA
temporal_events,analysis,climate,exclude_negative,6.3938,7.523,0.8499003057290975,66,0.8777444303359113,-0.027844124606813847,NA,NA,NA
temporal_events,analysis,human,exclude_negative,1.1312,7.523,0.1503655456599761,66,0.12240563315248759,0.0279599125074885,NA,NA,NA
temporal_spd,analysis,climate,exclude_negative,7.6886,8.677,0.8860896623256886,76,0.8985360119683693,-0.012446349642680654,NA,NA,NA
temporal_spd,analysis,human,exclude_negative,0.9911,8.677,0.11422150512850064,76,0.10176319726437273,0.01245830786412791,NA,NA,NA
spatial_events,region_climatezone,climate,signed,2.0272,3.575,0.567048951048951,9,0.567048951048951,0,Asia,Arid,NA
spatial_events,region_climatezone,human,signed,1.5476,3.575,0.4328951048951049,9,0.4328951048951049,0,Asia,Arid,NA
spatial_events,region_climatezone,climate,signed,1.0138,1.718,0.590104772991851,3,0.590104772991851,0,Asia,Cold_Dry_Summer,NA
spatial_events,region_climatezone,human,signed,0.704,1.718,0.409778812572759,3,0.409778812572759,0,Asia,Cold_Dry_Summer,NA
spatial_events,region_climatezone,climate,signed,1.2907,2.245,0.5749220489977728,5,0.5749220489977728,0,Asia,Cold_Dry_Winter,NA
spatial_events,region_climatezone,human,signed,0.9549,2.245,0.42534521158129174,5,0.42534521158129174,0,Asia,Cold_Dry_Winter,NA
spatial_events,region_climatezone,climate,signed,0.9988,1.33,0.7509774436090225,3,0.7509774436090225,0,Asia,Cold_Without_dry_season_Cold_Summer,NA
spatial_events,region_climatezone,human,signed,0.3317,1.33,0.24939849624060148,3,0.24939849624060148,0,Asia,Cold_Without_dry_season_Cold_Summer,NA
spatial_events,region_climatezone,climate,signed,0.1914,0.282,0.6787234042553192,1,0.6787234042553192,0,Asia,Cold_Without_dry_season_Hot_Summer,NA
spatial_events,region_climatezone,human,signed,0.0902,0.282,0.3198581560283688,1,0.3198581560283688,0,Asia,Cold_Without_dry_season_Hot_Summer,NA
spatial_events,region_climatezone,climate,signed,1.6006,2.305,0.6944034707158351,6,0.6944034707158351,0,Asia,Cold_Without_dry_season_Warm_Summer,NA
spatial_events,region_climatezone,human,signed,0.7055,2.305,0.3060737527114967,6,0.3060737527114967,0,Asia,Cold_Without_dry_season_Warm_Summer,NA
spatial_events,region_climatezone,climate,signed,1.9761,2.946,0.6707739307535641,8,0.6707739307535641,0,Asia,Polar,NA
spatial_events,region_climatezone,human,signed,0.9697,2.946,0.3291581805838425,8,0.3291581805838425,0,Asia,Polar,NA
spatial_events,region_climatezone,climate,signed,1.2847,2.425,0.5297731958762887,5,0.5297731958762887,0,Asia,Temperate_Dry_Summer,NA
spatial_events,region_climatezone,human,signed,1.1387,2.425,0.4695670103092784,5,0.4695670103092784,0,Asia,Temperate_Dry_Summer,NA
spatial_events,region_climatezone,climate,signed,0.6031,0.731,0.8250341997264021,1,0.8250341997264021,0,Asia,Temperate_Dry_Winter,NA
spatial_events,region_climatezone,human,signed,0.1283,0.731,0.17551299589603284,1,0.17551299589603284,0,Asia,Temperate_Dry_Winter,NA
spatial_events,region_climatezone,climate,signed,1.4413,1.895,0.7605804749340369,4,0.7605804749340369,0,Asia,Temperate_Without_dry_season,NA
spatial_events,region_climatezone,human,signed,0.4539,1.895,0.2395250659630607,4,0.2395250659630607,0,Asia,Temperate_Without_dry_season,NA
spatial_events,region_climatezone,climate,signed,1.609,3.039,0.5294504771306351,6,0.5294504771306351,0,Europe,Arid,NA
spatial_events,region_climatezone,human,signed,1.4301,3.039,0.4705824284304047,6,0.4705824284304047,0,Europe,Arid,NA
spatial_events,region_climatezone,climate,signed,7.2501,11.143,0.6506416584402763,28,0.6506416584402763,0,Europe,Cold_Without_dry_season_Cold_Summer,NA
spatial_events,region_climatezone,human,signed,3.8914999999999997,11.143,0.34923270214484425,28,0.34923270214484425,0,Europe,Cold_Without_dry_season_Cold_Summer,NA
spatial_events,region_climatezone,climate,signed,8.3533,18.882,0.4423948734244254,47,0.4423948734244254,0,Europe,Cold_Without_dry_season_Warm_Summer,NA
spatial_events,region_climatezone,human,signed,10.5289,18.882,0.5576157186738693,47,0.5576157186738693,0,Europe,Cold_Without_dry_season_Warm_Summer,NA
spatial_events,region_climatezone,climate,signed,1.3772,3.367,0.409028809028809,7,0.409028809028809,0,Europe,Polar,NA
spatial_events,region_climatezone,human,signed,1.9891999999999999,3.367,0.5907929907929907,7,0.5907929907929907,0,Europe,Polar,NA
spatial_events,region_climatezone,climate,signed,1.8504,3.229,0.5730566738928461,7,0.5730566738928461,0,Europe,Temperate_Dry_Summer,NA
spatial_events,region_climatezone,human,signed,1.3796,3.229,0.4272530195106844,7,0.4272530195106844,0,Europe,Temperate_Dry_Summer,NA
spatial_events,region_climatezone,climate,signed,8.3114,16.938,0.49069547762427684,36,0.49069547762427684,0,Europe,Temperate_Without_dry_season,NA
spatial_events,region_climatezone,human,signed,8.6263,16.938,0.5092868107214548,36,0.5092868107214548,0,Europe,Temperate_Without_dry_season,NA
spatial_events,region_climatezone,climate,signed,0.0494,0.24,0.20583333333333334,1,0.20583333333333334,0,Latin America,Cold_Dry_Summer,NA
spatial_events,region_climatezone,human,signed,0.1908,0.24,0.795,1,0.795,0,Latin America,Cold_Dry_Summer,NA
spatial_events,region_climatezone,climate,signed,1.6018000000000001,1.794,0.8928651059085843,7,0.8928651059085843,0,Latin America,Polar,NA
spatial_events,region_climatezone,human,signed,0.1925,1.794,0.10730211817168339,7,0.10730211817168339,0,Latin America,Polar,NA
spatial_events,region_climatezone,climate,signed,1.5059,1.657,0.9088111044055522,5,0.9088111044055522,0,Latin America,Temperate_Dry_Summer,NA
spatial_events,region_climatezone,human,signed,0.152,1.657,0.09173204586602293,5,0.09173204586602293,0,Latin America,Temperate_Dry_Summer,NA
spatial_events,region_climatezone,climate,signed,0.3518,0.385,0.9137662337662338,1,0.9137662337662338,0,Latin America,Temperate_Dry_Winter,NA
spatial_events,region_climatezone,human,signed,0.033,0.385,0.08571428571428572,1,0.08571428571428572,0,Latin America,Temperate_Dry_Winter,NA
spatial_events,region_climatezone,climate,signed,2.0271,2.477,0.8183689947517158,8,0.8183689947517158,0,Latin America,Temperate_Without_dry_season,NA
spatial_events,region_climatezone,human,signed,0.4491,2.477,0.18130803391199032,8,0.18130803391199032,0,Latin America,Temperate_Without_dry_season,NA
spatial_events,region_climatezone,climate,signed,2.4248,3.499,0.692997999428408,9,0.692997999428408,0,Latin America,Tropical,NA
spatial_events,region_climatezone,human,signed,1.0745,3.499,0.30708773935410116,9,0.30708773935410116,0,Latin America,Tropical,NA
spatial_events,region_climatezone,climate,signed,0.20650000000000002,0.46499999999999997,0.4440860215053764,2,0.4440860215053764,0,North America,Arid,NA
spatial_events,region_climatezone,human,signed,0.2582,0.46499999999999997,0.5552688172043011,2,0.5552688172043011,0,North America,Arid,NA
spatial_events,region_climatezone,climate,signed,2.4058,2.936,0.8194141689373298,5,0.8194141689373298,0,North America,Cold_Without_dry_season_Hot_Summer,NA
spatial_events,region_climatezone,human,signed,0.5298,2.936,0.18044959128065396,5,0.18044959128065396,0,North America,Cold_Without_dry_season_Hot_Summer,NA
spatial_events,region_climatezone,climate,signed,5.4278,7.305,0.743025325119781,17,0.743025325119781,0,North America,Cold_Without_dry_season_Warm_Summer,NA
spatial_events,region_climatezone,human,signed,1.8779,7.305,0.2570704996577686,17,0.2570704996577686,0,North America,Cold_Without_dry_season_Warm_Summer,NA
spatial_events,region_climatezone,climate,signed,0.0918,0.11,0.8345454545454546,1,0.8345454545454546,0,North America,Temperate_Dry_Summer,NA
spatial_events,region_climatezone,human,signed,0.0178,0.11,0.1618181818181818,1,0.1618181818181818,0,North America,Temperate_Dry_Summer,NA
spatial_events,region_climatezone,climate,signed,0.7118,1.185,0.6006751054852321,3,0.6006751054852321,0,North America,Temperate_Without_dry_season,NA
spatial_events,region_climatezone,human,signed,0.47330000000000005,1.185,0.399409282700422,3,0.399409282700422,0,North America,Temperate_Without_dry_season,NA
spatial_events,region_climatezone,climate,signed,0.2519,0.402,0.6266169154228856,1,0.6266169154228856,0,Oceania,Arid,NA
spatial_events,region_climatezone,human,signed,0.1498,0.402,0.37263681592039793,1,0.37263681592039793,0,Oceania,Arid,NA
spatial_events,region_climatezone,climate,signed,0.0878,0.216,0.4064814814814815,1,0.4064814814814815,0,Oceania,Cold_Without_dry_season_Cold_Summer,NA
spatial_events,region_climatezone,human,signed,0.1278,0.216,0.5916666666666667,1,0.5916666666666667,0,Oceania,Cold_Without_dry_season_Cold_Summer,NA
spatial_events,region_climatezone,climate,signed,0.2055,0.172,1.1947674418604652,1,1.1947674418604652,0,Oceania,Cold_Without_dry_season_Warm_Summer,NA
spatial_events,region_climatezone,human,signed,-0.0335,0.172,-0.19476744186046516,1,-0.19476744186046516,0,Oceania,Cold_Without_dry_season_Warm_Summer,NA
spatial_events,region_climatezone,climate,signed,0.3748,0.4,0.937,1,0.937,0,Oceania,Polar,NA
spatial_events,region_climatezone,human,signed,0.0254,0.4,0.06349999999999999,1,0.06349999999999999,0,Oceania,Polar,NA
spatial_events,region_climatezone,climate,signed,0.1106,0.29,0.38137931034482764,1,0.38137931034482764,0,Oceania,Temperate_Dry_Summer,NA
spatial_events,region_climatezone,human,signed,0.1793,0.29,0.6182758620689656,1,0.6182758620689656,0,Oceania,Temperate_Dry_Summer,NA
spatial_events,region_climatezone,climate,signed,0.2255,0.254,0.8877952755905512,1,0.8877952755905512,0,Oceania,Temperate_Dry_Winter,NA
spatial_events,region_climatezone,human,signed,0.0287,0.254,0.11299212598425197,1,0.11299212598425197,0,Oceania,Temperate_Dry_Winter,NA
spatial_events,region_climatezone,climate,signed,4.3693,7.364,0.5933324280282455,14,0.5933324280282455,0,Oceania,Temperate_Without_dry_season,NA
spatial_events,region_climatezone,human,signed,2.9947,7.364,0.40666757197175446,14,0.40666757197175446,0,Oceania,Temperate_Without_dry_season,NA
spatial_events,region_climatezone,climate,signed,0.7766,1.117,0.6952551477170993,2,0.6952551477170993,0,Oceania,Tropical,NA
spatial_events,region_climatezone,human,signed,0.3409,1.117,0.3051924798567592,2,0.3051924798567592,0,Oceania,Tropical,NA
spatial_spd,region_climatezone,climate,signed,4.738,5.998,0.7899299766588863,19,0.7899299766588863,0,Asia,Arid,NA
spatial_spd,region_climatezone,human,signed,1.2591,5.998,0.20991997332444148,19,0.20991997332444148,0,Asia,Arid,NA
spatial_spd,region_climatezone,climate,signed,1.4558,1.369,1.0634039444850256,4,1.0634039444850256,0,Asia,Cold_Dry_Summer,NA
spatial_spd,region_climatezone,human,signed,-0.0867,1.369,-0.0633308984660336,4,-0.0633308984660336,0,Asia,Cold_Dry_Summer,NA
spatial_spd,region_climatezone,climate,signed,7.1383,8.091,0.8822518848102832,21,0.8822518848102832,0,Asia,Cold_Dry_Winter,NA
spatial_spd,region_climatezone,human,signed,0.9512,8.091,0.11756272401433693,21,0.11756272401433693,0,Asia,Cold_Dry_Winter,NA
spatial_spd,region_climatezone,climate,signed,3.476,3.8040000000000003,0.9137749737118822,9,0.9137749737118822,0,Asia,Cold_Without_dry_season_Cold_Summer,NA
spatial_spd,region_climatezone,human,signed,0.3273,3.8040000000000003,0.08604100946372238,9,0.08604100946372238,0,Asia,Cold_Without_dry_season_Cold_Summer,NA
spatial_spd,region_climatezone,climate,signed,0.1068,0.216,0.49444444444444446,1,0.49444444444444446,0,Asia,Cold_Without_dry_season_Hot_Summer,NA
spatial_spd,region_climatezone,human,signed,0.1088,0.216,0.5037037037037037,1,0.5037037037037037,0,Asia,Cold_Without_dry_season_Hot_Summer,NA
spatial_spd,region_climatezone,climate,signed,5.2855,5.911,0.8941803417357469,16,0.8941803417357469,0,Asia,Cold_Without_dry_season_Warm_Summer,NA
spatial_spd,region_climatezone,human,signed,0.6289,5.911,0.10639485704618509,16,0.10639485704618509,0,Asia,Cold_Without_dry_season_Warm_Summer,NA
spatial_spd,region_climatezone,climate,signed,2.832,3.412,0.8300117233294255,10,0.8300117233294255,0,Asia,Polar,NA
spatial_spd,region_climatezone,human,signed,0.5813,3.412,0.17036928487690506,10,0.17036928487690506,0,Asia,Polar,NA
spatial_spd,region_climatezone,climate,signed,1.8645,1.853,1.006206152185645,5,1.006206152185645,0,Asia,Temperate_Dry_Summer,NA
spatial_spd,region_climatezone,human,signed,-0.011699999999999999,1.853,-0.006314085267134376,5,-0.006314085267134376,0,Asia,Temperate_Dry_Summer,NA
spatial_spd,region_climatezone,climate,signed,1.0981,2.213,0.4962042476276548,6,0.4962042476276548,0,Asia,Temperate_Dry_Winter,NA
spatial_spd,region_climatezone,human,signed,1.1149,2.213,0.5037957523723452,6,0.5037957523723452,0,Asia,Temperate_Dry_Winter,NA
spatial_spd,region_climatezone,climate,signed,2.9654,3.2600000000000002,0.9096319018404907,7,0.9096319018404907,0,Asia,Temperate_Without_dry_season,NA
spatial_spd,region_climatezone,human,signed,0.2944,3.2600000000000002,0.09030674846625766,7,0.09030674846625766,0,Asia,Temperate_Without_dry_season,NA
spatial_spd,region_climatezone,climate,signed,2.4524,2.367,1.0360794254330377,7,1.0360794254330377,0,Europe,Arid,NA
spatial_spd,region_climatezone,human,signed,-0.0857,2.367,-0.03620616814533164,7,-0.03620616814533164,0,Europe,Arid,NA
spatial_spd,region_climatezone,climate,signed,1.2902,1.552,0.8313144329896907,3,0.8313144329896907,0,Europe,Cold_Dry_Summer,NA
spatial_spd,region_climatezone,human,signed,0.262,1.552,0.16881443298969073,3,0.16881443298969073,0,Europe,Cold_Dry_Summer,NA
spatial_spd,region_climatezone,climate,signed,26.5665,32.201,0.825020962081923,92,0.825020962081923,0,Europe,Cold_Without_dry_season_Cold_Summer,NA
spatial_spd,region_climatezone,human,signed,5.633,32.201,0.1749324555138039,92,0.1749324555138039,0,Europe,Cold_Without_dry_season_Cold_Summer,NA
spatial_spd,region_climatezone,climate,signed,38.544,46.689,0.8255477735655079,144,0.8255477735655079,0,Europe,Cold_Without_dry_season_Warm_Summer,NA
spatial_spd,region_climatezone,human,signed,8.1494,46.689,0.1745464670479128,144,0.1745464670479128,0,Europe,Cold_Without_dry_season_Warm_Summer,NA
spatial_spd,region_climatezone,climate,signed,8.5223,10.23,0.833069403714565,30,0.833069403714565,0,Europe,Polar,NA
spatial_spd,region_climatezone,human,signed,1.7062,10.23,0.16678396871945259,30,0.16678396871945259,0,Europe,Polar,NA
spatial_spd,region_climatezone,climate,signed,3.6875,4.423,0.8337101514808953,14,0.8337101514808953,0,Europe,Temperate_Dry_Summer,NA
spatial_spd,region_climatezone,human,signed,0.7343999999999999,4.423,0.16604114854171376,14,0.16604114854171376,0,Europe,Temperate_Dry_Summer,NA
spatial_spd,region_climatezone,climate,signed,23.3271,34.824,0.6698569951757409,91,0.6698569951757409,0,Europe,Temperate_Without_dry_season,NA
spatial_spd,region_climatezone,human,signed,11.493,34.824,0.3300310130944177,91,0.3300310130944177,0,Europe,Temperate_Without_dry_season,NA
spatial_spd,region_climatezone,climate,signed,1.0602,1.441,0.7357390700902151,5,0.7357390700902151,0,Latin America,Arid,NA
spatial_spd,region_climatezone,human,signed,0.3811,1.441,0.26446911866759193,5,0.26446911866759193,0,Latin America,Arid,NA
spatial_spd,region_climatezone,climate,signed,0.6403,0.675,0.9485925925925925,2,0.9485925925925925,0,Latin America,Cold_Dry_Summer,NA
spatial_spd,region_climatezone,human,signed,0.034,0.675,0.05037037037037037,2,0.05037037037037037,0,Latin America,Cold_Dry_Summer,NA
spatial_spd,region_climatezone,climate,signed,7.5225,9.197,0.8179297597042514,22,0.8179297597042514,0,Latin America,Polar,NA
spatial_spd,region_climatezone,human,signed,1.6757,9.197,0.18220071762531262,22,0.18220071762531262,0,Latin America,Polar,NA
spatial_spd,region_climatezone,climate,signed,2.383,2.375,1.0033684210526317,8,1.0033684210526317,0,Latin America,Temperate_Dry_Summer,NA
spatial_spd,region_climatezone,human,signed,-0.008200000000000015,2.375,-0.0034526315789473747,8,-0.0034526315789473747,0,Latin America,Temperate_Dry_Summer,NA
spatial_spd,region_climatezone,climate,signed,0.5524,0.7470000000000001,0.739491298527443,2,0.739491298527443,0,Latin America,Temperate_Dry_Winter,NA
spatial_spd,region_climatezone,human,signed,0.1945,0.7470000000000001,0.26037483266398925,2,0.26037483266398925,0,Latin America,Temperate_Dry_Winter,NA
spatial_spd,region_climatezone,climate,signed,4.1604,5.62,0.7402846975088968,17,0.7402846975088968,0,Latin America,Temperate_Without_dry_season,NA
spatial_spd,region_climatezone,human,signed,1.4602,5.62,0.2598220640569395,17,0.2598220640569395,0,Latin America,Temperate_Without_dry_season,NA
spatial_spd,region_climatezone,climate,signed,4.4431,6.288,0.7065998727735369,15,0.7065998727735369,0,Latin America,Tropical,NA
spatial_spd,region_climatezone,human,signed,1.8461,6.288,0.2935909669211196,15,0.2935909669211196,0,Latin America,Tropical,NA
spatial_spd,region_climatezone,climate,signed,2.7521,4.34,0.6341244239631336,16,0.6341244239631336,0,North America,Arid,NA
spatial_spd,region_climatezone,human,signed,1.5893,4.34,0.36619815668202765,16,0.36619815668202765,0,North America,Arid,NA
spatial_spd,region_climatezone,climate,signed,11.7079,16.687,0.7016180260082698,46,0.7016180260082698,0,North America,Cold_Dry_Summer,NA
spatial_spd,region_climatezone,human,signed,4.9768,16.687,0.2982441421465811,46,0.2982441421465811,0,North America,Cold_Dry_Summer,NA
spatial_spd,region_climatezone,climate,signed,41.2619,51.556,0.8003316781751881,135,0.8003316781751881,0,North America,Cold_Without_dry_season_Cold_Summer,NA
spatial_spd,region_climatezone,human,signed,10.2931,51.556,0.19964892544029794,135,0.19964892544029794,0,North America,Cold_Without_dry_season_Cold_Summer,NA
spatial_spd,region_climatezone,climate,signed,14.0456,19.405,0.723813450141716,53,0.723813450141716,0,North America,Cold_Without_dry_season_Hot_Summer,NA
spatial_spd,region_climatezone,human,signed,5.3628,19.405,0.27636176243236277,53,0.27636176243236277,0,North America,Cold_Without_dry_season_Hot_Summer,NA
spatial_spd,region_climatezone,climate,signed,56.408500000000004,80.14,0.7038744696780634,194,0.7038744696780634,0,North America,Cold_Without_dry_season_Warm_Summer,NA
spatial_spd,region_climatezone,human,signed,23.7315,80.14,0.2961255303219366,194,0.2961255303219366,0,North America,Cold_Without_dry_season_Warm_Summer,NA
spatial_spd,region_climatezone,climate,signed,10.7741,12.4,0.8688790322580645,35,0.8688790322580645,0,North America,Polar,NA
spatial_spd,region_climatezone,human,signed,1.6284,12.4,0.13132258064516128,35,0.13132258064516128,0,North America,Polar,NA
spatial_spd,region_climatezone,climate,signed,3.1889,4.484,0.7111730597680642,16,0.7111730597680642,0,North America,Temperate_Dry_Summer,NA
spatial_spd,region_climatezone,human,signed,1.2937,4.484,0.2885147190008921,16,0.2885147190008921,0,North America,Temperate_Dry_Summer,NA
spatial_spd,region_climatezone,climate,signed,7.7096,12.539,0.6148496690326183,38,0.6148496690326183,0,North America,Temperate_Without_dry_season,NA
spatial_spd,region_climatezone,human,signed,4.8291,12.539,0.38512640561448286,38,0.38512640561448286,0,North America,Temperate_Without_dry_season,NA
spatial_spd,region_climatezone,climate,signed,0.2616,0.345,0.7582608695652174,1,0.7582608695652174,0,Oceania,Arid,NA
spatial_spd,region_climatezone,human,signed,0.0837,0.345,0.2426086956521739,1,0.2426086956521739,0,Oceania,Arid,NA
spatial_spd,region_climatezone,climate,signed,0.0375,0.019,1.9736842105263157,1,1.9736842105263157,0,Oceania,Cold_Without_dry_season_Cold_Summer,NA
spatial_spd,region_climatezone,human,signed,-0.0189,0.019,-0.9947368421052631,1,-0.9947368421052631,0,Oceania,Cold_Without_dry_season_Cold_Summer,NA
spatial_spd,region_climatezone,climate,signed,0.0462,0.162,0.28518518518518515,1,0.28518518518518515,0,Oceania,Cold_Without_dry_season_Warm_Summer,NA
spatial_spd,region_climatezone,human,signed,0.1154,0.162,0.7123456790123457,1,0.7123456790123457,0,Oceania,Cold_Without_dry_season_Warm_Summer,NA
spatial_spd,region_climatezone,climate,signed,0.1167,0.139,0.8395683453237409,1,0.8395683453237409,0,Oceania,Temperate_Dry_Summer,NA
spatial_spd,region_climatezone,human,signed,0.0219,0.139,0.15755395683453235,1,0.15755395683453235,0,Oceania,Temperate_Dry_Summer,NA
spatial_spd,region_climatezone,climate,signed,0.1731,0.264,0.6556818181818181,1,0.6556818181818181,0,Oceania,Temperate_Dry_Winter,NA
spatial_spd,region_climatezone,human,signed,0.0912,0.264,0.34545454545454546,1,0.34545454545454546,0,Oceania,Temperate_Dry_Winter,NA
spatial_spd,region_climatezone,climate,signed,7.8433,11.348,0.6911614381388791,26,0.6911614381388791,0,Oceania,Temperate_Without_dry_season,NA
spatial_spd,region_climatezone,human,signed,3.5028,11.348,0.3086711314769122,26,0.3086711314769122,0,Oceania,Temperate_Without_dry_season,NA
spatial_spd,region_climatezone,climate,signed,1.1672,1.7389999999999999,0.6711903392754457,4,0.6711903392754457,0,Oceania,Tropical,NA
spatial_spd,region_climatezone,human,signed,0.5717,1.7389999999999999,0.3287521564117309,4,0.3287521564117309,0,Oceania,Tropical,NA
spatial_events,region_climatezone,climate,zero_truncated,2.0272,3.5748,0.5670806758420052,9,0.567048951048951,3.1724793054133116e-5,Asia,Arid,NA
spatial_events,region_climatezone,human,zero_truncated,1.5476,3.5748,0.43291932415799483,9,0.4328951048951049,2.4219262889924043e-5,Asia,Arid,NA
spatial_events,region_climatezone,climate,zero_truncated,1.0138,1.7178,0.59017347770404,3,0.590104772991851,6.870471218900498e-5,Asia,Cold_Dry_Summer,NA
spatial_events,region_climatezone,human,zero_truncated,0.704,1.7178,0.40982652229595995,3,0.409778812572759,4.770972320095046e-5,Asia,Cold_Dry_Summer,NA
spatial_events,region_climatezone,climate,zero_truncated,1.2907,2.2456,0.5747684360527253,5,0.5749220489977728,-1.5361294504745437e-4,Asia,Cold_Dry_Winter,NA
spatial_events,region_climatezone,human,zero_truncated,0.9549,2.2456,0.4252315639472746,5,0.42534521158129174,-1.1364763401711109e-4,Asia,Cold_Dry_Winter,NA
spatial_events,region_climatezone,climate,zero_truncated,0.9988,1.3305,0.7506952273581361,3,0.7509774436090225,-2.8221625088642455e-4,Asia,Cold_Without_dry_season_Cold_Summer,NA
spatial_events,region_climatezone,human,zero_truncated,0.3317,1.3305,0.24930477264186396,3,0.24939849624060148,-9.372359873752178e-5,Asia,Cold_Without_dry_season_Cold_Summer,NA
spatial_events,region_climatezone,climate,zero_truncated,0.1914,0.28159999999999996,0.6796875,1,0.6787234042553192,9.640957446808152e-4,Asia,Cold_Without_dry_season_Hot_Summer,NA
spatial_events,region_climatezone,human,zero_truncated,0.0902,0.28159999999999996,0.32031250000000006,1,0.3198581560283688,4.543439716312436e-4,Asia,Cold_Without_dry_season_Hot_Summer,NA
spatial_events,region_climatezone,climate,zero_truncated,1.6006,2.3061000000000003,0.6940722431811283,6,0.6944034707158351,-3.3122753470682387e-4,Asia,Cold_Without_dry_season_Warm_Summer,NA
spatial_events,region_climatezone,human,zero_truncated,0.7055,2.3061000000000003,0.3059277568188717,6,0.3060737527114967,-1.4599589262503931e-4,Asia,Cold_Without_dry_season_Warm_Summer,NA
spatial_events,region_climatezone,climate,zero_truncated,1.9825,2.9583,0.6701483960382653,8,0.6707739307535641,-6.255347152988033e-4,Asia,Polar,NA
spatial_events,region_climatezone,human,zero_truncated,0.9758,2.9583,0.3298516039617348,8,0.3291581805838425,6.934233778922994e-4,Asia,Polar,NA
spatial_events,region_climatezone,climate,zero_truncated,1.2847,2.4234,0.5301229677312866,5,0.5297731958762887,3.4977185499796004e-4,Asia,Temperate_Dry_Summer,NA
spatial_events,region_climatezone,human,zero_truncated,1.1387,2.4234,0.4698770322687134,5,0.4695670103092784,3.100219594350251e-4,Asia,Temperate_Dry_Summer,NA
spatial_events,region_climatezone,climate,zero_truncated,0.6031,0.7313999999999999,0.8245829915231064,1,0.8250341997264021,-4.5120820329569433e-4,Asia,Temperate_Dry_Winter,NA
spatial_events,region_climatezone,human,zero_truncated,0.1283,0.7313999999999999,0.17541700847689365,1,0.17551299589603284,-9.59874191391874e-5,Asia,Temperate_Dry_Winter,NA
spatial_events,region_climatezone,climate,zero_truncated,1.4413,1.8952,0.7605002110595188,4,0.7605804749340369,-8.026387451809391e-5,Asia,Temperate_Without_dry_season,NA
spatial_events,region_climatezone,human,zero_truncated,0.4539,1.8952,0.23949978894048124,4,0.2395250659630607,-2.52770225794563e-5,Asia,Temperate_Without_dry_season,NA
spatial_events,region_climatezone,climate,zero_truncated,1.609,3.0391000000000004,0.5294330558388997,6,0.5294504771306351,-1.7421291735431055e-5,Europe,Arid,NA
spatial_events,region_climatezone,human,zero_truncated,1.4301,3.0391000000000004,0.47056694416110023,6,0.4705824284304047,-1.548426930447766e-5,Europe,Arid,NA
spatial_events,region_climatezone,climate,zero_truncated,7.2501,11.1416,0.6507234149493789,28,0.6506416584402763,8.175650910258181e-5,Europe,Cold_Without_dry_season_Cold_Summer,NA
spatial_events,region_climatezone,human,zero_truncated,3.8914999999999997,11.1416,0.34927658505062104,28,0.34923270214484425,4.3882905776782e-5,Europe,Cold_Without_dry_season_Cold_Summer,NA
spatial_events,region_climatezone,climate,zero_truncated,8.684,19.3169,0.44955453514797916,47,0.4423948734244254,0.007159661723553756,Europe,Cold_Without_dry_season_Warm_Summer,NA
spatial_events,region_climatezone,human,zero_truncated,10.6329,19.3169,0.5504454648520207,47,0.5576157186738693,-0.007170253821848549,Europe,Cold_Without_dry_season_Warm_Summer,NA
spatial_events,region_climatezone,climate,zero_truncated,1.3866,3.3758000000000004,0.4107470821731145,7,0.409028809028809,0.0017182731443055044,Europe,Polar,NA
spatial_events,region_climatezone,human,zero_truncated,1.9891999999999999,3.3758000000000004,0.5892529178268854,7,0.5907929907929907,-0.0015400729661053658,Europe,Polar,NA
spatial_events,region_climatezone,climate,zero_truncated,1.8504,3.23,0.5728792569659443,7,0.5730566738928461,-1.7741692690176336e-4,Europe,Temperate_Dry_Summer,NA
spatial_events,region_climatezone,human,zero_truncated,1.3796,3.23,0.4271207430340557,7,0.4272530195106844,-1.322764766286677e-4,Europe,Temperate_Dry_Summer,NA
spatial_events,region_climatezone,climate,zero_truncated,8.3434,16.9697,0.4916645550599009,36,0.49069547762427684,9.690774356240772e-4,Europe,Temperate_Without_dry_season,NA
spatial_events,region_climatezone,human,zero_truncated,8.6263,16.9697,0.5083354449400992,36,0.5092868107214548,-9.513657813555731e-4,Europe,Temperate_Without_dry_season,NA
spatial_events,region_climatezone,climate,zero_truncated,0.0494,0.2402,0.20566194837635304,1,0.20583333333333334,-1.713849569802972e-4,Latin America,Cold_Dry_Summer,NA
spatial_events,region_climatezone,human,zero_truncated,0.1908,0.2402,0.794338051623647,1,0.795,-6.619483763530276e-4,Latin America,Cold_Dry_Summer,NA
spatial_events,region_climatezone,climate,zero_truncated,1.6623000000000001,1.9677,0.8447934136301266,7,0.8928651059085843,-0.048071692278457645,Latin America,Polar,NA
spatial_events,region_climatezone,human,zero_truncated,0.3054,1.9677,0.15520658636987344,7,0.10730211817168339,0.04790446819819005,Latin America,Polar,NA
spatial_events,region_climatezone,climate,zero_truncated,1.5059,1.7684,0.8515607328658674,5,0.9088111044055522,-0.05725037153968482,Latin America,Temperate_Dry_Summer,NA
spatial_events,region_climatezone,human,zero_truncated,0.2625,1.7684,0.14843926713413255,5,0.09173204586602293,0.05670722126810962,Latin America,Temperate_Dry_Summer,NA
spatial_events,region_climatezone,climate,zero_truncated,0.3518,0.38480000000000003,0.9142411642411642,1,0.9137662337662338,4.7493047493041285e-4,Latin America,Temperate_Dry_Winter,NA
spatial_events,region_climatezone,human,zero_truncated,0.033,0.38480000000000003,0.08575883575883575,1,0.08571428571428572,4.455004455003464e-5,Latin America,Temperate_Dry_Winter,NA
spatial_events,region_climatezone,climate,zero_truncated,2.0297,2.5173,0.8063004012235332,8,0.8183689947517158,-0.01206859352818257,Latin America,Temperate_Without_dry_season,NA
spatial_events,region_climatezone,human,zero_truncated,0.48760000000000003,2.5173,0.19369959877646686,8,0.18130803391199032,0.01239156486447654,Latin America,Temperate_Without_dry_season,NA
spatial_events,region_climatezone,climate,zero_truncated,2.4248,3.6278,0.6683940680302111,9,0.692997999428408,-0.024603931398196943,Latin America,Tropical,NA
spatial_events,region_climatezone,human,zero_truncated,1.203,3.6278,0.3316059319697889,9,0.30708773935410116,0.024518192615687717,Latin America,Tropical,NA
spatial_events,region_climatezone,climate,zero_truncated,0.20650000000000002,0.5059,0.40818343546155367,2,0.4440860215053764,-0.03590258604382274,North America,Arid,NA
spatial_events,region_climatezone,human,zero_truncated,0.2994,0.5059,0.5918165645384463,2,0.5552688172043011,0.03654774733414523,North America,Arid,NA
spatial_events,region_climatezone,climate,zero_truncated,2.4058,2.9423,0.8176596540121674,5,0.8194141689373298,-0.0017545149251623204,North America,Cold_Without_dry_season_Hot_Summer,NA
spatial_events,region_climatezone,human,zero_truncated,0.5365,2.9423,0.18234034598783264,5,0.18044959128065396,0.0018907547071786712,North America,Cold_Without_dry_season_Hot_Summer,NA
spatial_events,region_climatezone,climate,zero_truncated,5.4278,7.3194,0.7415635161352024,17,0.743025325119781,-0.0014618089845785942,North America,Cold_Without_dry_season_Warm_Summer,NA
spatial_events,region_climatezone,human,zero_truncated,1.8916,7.3194,0.2584364838647977,17,0.2570704996577686,0.0013659842070290473,North America,Cold_Without_dry_season_Warm_Summer,NA
spatial_events,region_climatezone,climate,zero_truncated,0.0918,0.1096,0.8375912408759124,1,0.8345454545454546,0.0030457863304578225,North America,Temperate_Dry_Summer,NA
spatial_events,region_climatezone,human,zero_truncated,0.0178,0.1096,0.1624087591240876,1,0.1618181818181818,5.905773059057817e-4,North America,Temperate_Dry_Summer,NA
spatial_events,region_climatezone,climate,zero_truncated,0.7118,1.1851,0.6006244198801789,3,0.6006751054852321,-5.068560505316899e-5,North America,Temperate_Without_dry_season,NA
spatial_events,region_climatezone,human,zero_truncated,0.47330000000000005,1.1851,0.39937558011982116,3,0.399409282700422,-3.370258060081399e-5,North America,Temperate_Without_dry_season,NA
spatial_events,region_climatezone,climate,zero_truncated,0.2519,0.4017,0.6270848892208116,1,0.6266169154228856,4.6797379792606897e-4,Oceania,Arid,NA
spatial_events,region_climatezone,human,zero_truncated,0.1498,0.4017,0.37291511077918843,1,0.37263681592039793,2.782948587904954e-4,Oceania,Arid,NA
spatial_events,region_climatezone,climate,zero_truncated,0.0878,0.21560000000000001,0.4072356215213358,1,0.4064814814814815,7.541400398543008e-4,Oceania,Cold_Without_dry_season_Cold_Summer,NA
spatial_events,region_climatezone,human,zero_truncated,0.1278,0.21560000000000001,0.5927643784786641,1,0.5916666666666667,0.0010977118119974705,Oceania,Cold_Without_dry_season_Cold_Summer,NA
spatial_events,region_climatezone,climate,zero_truncated,0.2055,0.2055,1,1,1.1947674418604652,-0.19476744186046524,Oceania,Cold_Without_dry_season_Warm_Summer,NA
spatial_events,region_climatezone,human,zero_truncated,0,0.2055,0,1,-0.19476744186046516,0.19476744186046516,Oceania,Cold_Without_dry_season_Warm_Summer,NA
spatial_events,region_climatezone,climate,zero_truncated,0.3748,0.4002,0.9365317341329336,1,0.937,-4.682658670664974e-4,Oceania,Polar,NA
spatial_events,region_climatezone,human,zero_truncated,0.0254,0.4002,0.06346826586706647,1,0.06349999999999999,-3.17341329335169e-5,Oceania,Polar,NA
spatial_events,region_climatezone,climate,zero_truncated,0.1106,0.2899,0.38151086581579857,1,0.38137931034482764,1.3155547097093434e-4,Oceania,Temperate_Dry_Summer,NA
spatial_events,region_climatezone,human,zero_truncated,0.1793,0.2899,0.6184891341842014,1,0.6182758620689656,2.1327211523580747e-4,Oceania,Temperate_Dry_Summer,NA
spatial_events,region_climatezone,climate,zero_truncated,0.2255,0.2542,0.8870967741935485,1,0.8877952755905512,-6.98501397002671e-4,Oceania,Temperate_Dry_Winter,NA
spatial_events,region_climatezone,human,zero_truncated,0.0287,0.2542,0.11290322580645162,1,0.11299212598425197,-8.890017780034676e-5,Oceania,Temperate_Dry_Winter,NA
spatial_events,region_climatezone,climate,zero_truncated,4.3693,7.364,0.5933324280282455,14,0.5933324280282455,0,Oceania,Temperate_Without_dry_season,NA
spatial_events,region_climatezone,human,zero_truncated,2.9947,7.364,0.40666757197175446,14,0.40666757197175446,0,Oceania,Temperate_Without_dry_season,NA
spatial_events,region_climatezone,climate,zero_truncated,0.7766,1.1175,0.6949440715883669,2,0.6952551477170993,-3.1107612873237933e-4,Oceania,Tropical,NA
spatial_events,region_climatezone,human,zero_truncated,0.3409,1.1175,0.3050559284116331,2,0.3051924798567592,-1.365514451260874e-4,Oceania,Tropical,NA
spatial_spd,region_climatezone,climate,zero_truncated,4.738,6.086,0.7785080512651988,19,0.7899299766588863,-0.011421925393687471,Asia,Arid,NA
spatial_spd,region_climatezone,human,zero_truncated,1.348,6.086,0.2214919487348012,19,0.20991997332444148,0.011571975410359703,Asia,Arid,NA
spatial_spd,region_climatezone,climate,zero_truncated,1.4558,1.4558,1,4,1.0634039444850256,-0.06340394448502562,Asia,Cold_Dry_Summer,NA
spatial_spd,region_climatezone,human,zero_truncated,0,1.4558,0,4,-0.0633308984660336,0.0633308984660336,Asia,Cold_Dry_Summer,NA
spatial_spd,region_climatezone,climate,zero_truncated,7.1383,8.2031,0.8701954139288807,21,0.8822518848102832,-0.012056470881402492,Asia,Cold_Dry_Winter,NA
spatial_spd,region_climatezone,human,zero_truncated,1.0648,8.2031,0.12980458607111947,21,0.11756272401433693,0.012241862056782543,Asia,Cold_Dry_Winter,NA
spatial_spd,region_climatezone,climate,zero_truncated,3.476,3.8388,0.9054912993643847,9,0.9137749737118822,-0.00828367434749755,Asia,Cold_Without_dry_season_Cold_Summer,NA
spatial_spd,region_climatezone,human,zero_truncated,0.3628,3.8388,0.0945087006356153,9,0.08604100946372238,0.008467691171892916,Asia,Cold_Without_dry_season_Cold_Summer,NA
spatial_spd,region_climatezone,climate,zero_truncated,0.1068,0.21560000000000001,0.49536178107606677,1,0.49444444444444446,9.173366316223008e-4,Asia,Cold_Without_dry_season_Hot_Summer,NA
spatial_spd,region_climatezone,human,zero_truncated,0.1088,0.21560000000000001,0.5046382189239331,1,0.5037037037037037,9.345152202294704e-4,Asia,Cold_Without_dry_season_Hot_Summer,NA
spatial_spd,region_climatezone,climate,zero_truncated,5.2855,5.9227,0.8924139328346868,16,0.8941803417357469,-0.001766408901060057,Asia,Cold_Without_dry_season_Warm_Summer,NA
spatial_spd,region_climatezone,human,zero_truncated,0.6372,5.9227,0.10758606716531312,16,0.10639485704618509,0.001191210119128025,Asia,Cold_Without_dry_season_Warm_Summer,NA
spatial_spd,region_climatezone,climate,zero_truncated,2.832,3.4721,0.8156447106938164,10,0.8300117233294255,-0.014367012635609133,Asia,Polar,NA
spatial_spd,region_climatezone,human,zero_truncated,0.6401,3.4721,0.18435528930618356,10,0.17036928487690506,0.013986004429278498,Asia,Polar,NA
spatial_spd,region_climatezone,climate,zero_truncated,1.8645,1.9412,0.9604883577168761,5,1.006206152185645,-0.04571779446876878,Asia,Temperate_Dry_Summer,NA
spatial_spd,region_climatezone,human,zero_truncated,0.0767,1.9412,0.03951164228312384,5,-0.006314085267134376,0.04582572755025822,Asia,Temperate_Dry_Summer,NA
spatial_spd,region_climatezone,climate,zero_truncated,1.0981,2.213,0.4962042476276548,6,0.4962042476276548,0,Asia,Temperate_Dry_Winter,NA
spatial_spd,region_climatezone,human,zero_truncated,1.1149,2.213,0.5037957523723452,6,0.5037957523723452,0,Asia,Temperate_Dry_Winter,NA
spatial_spd,region_climatezone,climate,zero_truncated,2.9654,3.2639,0.9085449921872606,7,0.9096319018404907,-0.001086909653230106,Asia,Temperate_Without_dry_season,NA
spatial_spd,region_climatezone,human,zero_truncated,0.2985,3.2639,0.09145500781273935,7,0.09030674846625766,0.0011482593464816893,Asia,Temperate_Without_dry_season,NA
spatial_spd,region_climatezone,climate,zero_truncated,2.4524,2.4724,0.9919106940624495,7,1.0360794254330377,-0.04416873137058819,Europe,Arid,NA
spatial_spd,region_climatezone,human,zero_truncated,0.02,2.4724,0.008089305937550558,7,-0.03620616814533164,0.044295474082882196,Europe,Arid,NA
spatial_spd,region_climatezone,climate,zero_truncated,1.2902,1.5733000000000001,0.8200597470285387,3,0.8313144329896907,-0.011254685961151978,Europe,Cold_Dry_Summer,NA
spatial_spd,region_climatezone,human,zero_truncated,0.2831,1.5733000000000001,0.17994025297146127,3,0.16881443298969073,0.011125819981770535,Europe,Cold_Dry_Summer,NA
spatial_spd,region_climatezone,climate,zero_truncated,26.5665,32.8568,0.8085540892600619,92,0.825020962081923,-0.0164668728218611,Europe,Cold_Without_dry_season_Cold_Summer,NA
spatial_spd,region_climatezone,human,zero_truncated,6.2903,32.8568,0.19144591073993816,92,0.1749324555138039,0.01651345522613426,Europe,Cold_Without_dry_season_Cold_Summer,NA
spatial_spd,region_climatezone,climate,zero_truncated,38.7412,47.7975,0.8105277472671165,144,0.8255477735655079,-0.015020026298391387,Europe,Cold_Without_dry_season_Warm_Summer,NA
spatial_spd,region_climatezone,human,zero_truncated,9.0563,47.7975,0.18947225273288354,144,0.1745464670479128,0.014925785684970744,Europe,Cold_Without_dry_season_Warm_Summer,NA
spatial_spd,region_climatezone,climate,zero_truncated,8.5432,10.2689,0.8319488942340465,30,0.833069403714565,-0.0011205094805184501,Europe,Polar,NA
spatial_spd,region_climatezone,human,zero_truncated,1.7257,10.2689,0.1680511057659535,30,0.16678396871945259,0.0012671370465009157,Europe,Polar,NA
spatial_spd,region_climatezone,climate,zero_truncated,3.7802,4.5288,0.8347023494082316,14,0.8337101514808953,9.921979273362913e-4,Europe,Temperate_Dry_Summer,NA
spatial_spd,region_climatezone,human,zero_truncated,0.7486,4.5288,0.16529765059176824,14,0.16604114854171376,-7.434979499455208e-4,Europe,Temperate_Dry_Summer,NA
spatial_spd,region_climatezone,climate,zero_truncated,23.358,35.0266,0.6668646114667138,91,0.6698569951757409,-0.002992383709027102,Europe,Temperate_Without_dry_season,NA
spatial_spd,region_climatezone,human,zero_truncated,11.6686,35.0266,0.3331353885332861,91,0.3300310130944177,0.003104375438868434,Europe,Temperate_Without_dry_season,NA
spatial_spd,region_climatezone,climate,zero_truncated,1.0602,1.4832,0.7148058252427184,5,0.7357390700902151,-0.0209332448474967,Latin America,Arid,NA
spatial_spd,region_climatezone,human,zero_truncated,0.423,1.4832,0.28519417475728154,5,0.26446911866759193,0.02072505608968961,Latin America,Arid,NA
spatial_spd,region_climatezone,climate,zero_truncated,0.6403,0.6743,0.9495773394631469,2,0.9485925925925925,9.847468705543871e-4,Latin America,Cold_Dry_Summer,NA
spatial_spd,region_climatezone,human,zero_truncated,0.034,0.6743,0.050422660536853035,2,0.05037037037037037,5.2290166482664435e-5,Latin America,Cold_Dry_Summer,NA
spatial_spd,region_climatezone,climate,zero_truncated,7.5225,9.280899999999999,0.8105356161579158,22,0.8179297597042514,-0.0073941435463356076,Latin America,Polar,NA
spatial_spd,region_climatezone,human,zero_truncated,1.7584,9.280899999999999,0.1894643838420843,22,0.18220071762531262,0.007263666216771686,Latin America,Polar,NA
spatial_spd,region_climatezone,climate,zero_truncated,2.383,2.5677,0.9280679207072478,8,1.0033684210526317,-0.07530050034538394,Latin America,Temperate_Dry_Summer,NA
spatial_spd,region_climatezone,human,zero_truncated,0.18469999999999998,2.5677,0.07193207929275226,8,-0.0034526315789473747,0.07538471087169964,Latin America,Temperate_Dry_Summer,NA
spatial_spd,region_climatezone,climate,zero_truncated,0.5524,0.7469,0.7395903066006159,2,0.739491298527443,9.90080731728682e-5,Latin America,Temperate_Dry_Winter,NA
spatial_spd,region_climatezone,human,zero_truncated,0.1945,0.7469,0.26040969339938413,2,0.26037483266398925,3.486073539488155e-5,Latin America,Temperate_Dry_Winter,NA
spatial_spd,region_climatezone,climate,zero_truncated,4.1604,5.7642,0.7217653794108463,17,0.7402846975088968,-0.01851931809805052,Latin America,Temperate_Without_dry_season,NA
spatial_spd,region_climatezone,human,zero_truncated,1.6038000000000001,5.7642,0.27823462058915377,17,0.2598220640569395,0.018412556532214297,Latin America,Temperate_Without_dry_season,NA
spatial_spd,region_climatezone,climate,zero_truncated,4.4431,6.4189,0.692190250666002,15,0.7065998727735369,-0.014409622107534825,Latin America,Tropical,NA
spatial_spd,region_climatezone,human,zero_truncated,1.9758,6.4189,0.3078097493339981,15,0.2935909669211196,0.014218782412878495,Latin America,Tropical,NA
spatial_spd,region_climatezone,climate,zero_truncated,2.8515,4.4887999999999995,0.6352477276777759,16,0.6341244239631336,0.0011233037146423097,North America,Arid,NA
spatial_spd,region_climatezone,human,zero_truncated,1.6373,4.4887999999999995,0.36475227232222424,16,0.36619815668202765,-0.0014458843598034177,North America,Arid,NA
spatial_spd,region_climatezone,climate,zero_truncated,11.7593,16.8393,0.698324752216541,46,0.7016180260082698,-0.0032932737917288346,North America,Cold_Dry_Summer,NA
spatial_spd,region_climatezone,human,zero_truncated,5.08,16.8393,0.3016752477834589,46,0.2982441421465811,0.0034311056368777626,North America,Cold_Dry_Summer,NA
spatial_spd,region_climatezone,climate,zero_truncated,41.4746,52.3466,0.7923074277985581,135,0.8003316781751881,-0.008024250376630016,North America,Cold_Without_dry_season_Cold_Summer,NA
spatial_spd,region_climatezone,human,zero_truncated,10.872,52.3466,0.2076925722014419,135,0.19964892544029794,0.008043646761143969,North America,Cold_Without_dry_season_Cold_Summer,NA
spatial_spd,region_climatezone,climate,zero_truncated,14.0853,19.716,0.7144096165550822,53,0.723813450141716,-0.00940383358663388,North America,Cold_Without_dry_season_Hot_Summer,NA
spatial_spd,region_climatezone,human,zero_truncated,5.6307,19.716,0.28559038344491783,53,0.27636176243236277,0.00922862101255506,North America,Cold_Without_dry_season_Hot_Summer,NA
spatial_spd,region_climatezone,climate,zero_truncated,56.528,80.5674,0.7016237336689529,194,0.7038744696780634,-0.002250736009110521,North America,Cold_Without_dry_season_Warm_Summer,NA
spatial_spd,region_climatezone,human,zero_truncated,24.0394,80.5674,0.298376266331047,194,0.2961255303219366,0.00225073600911041,North America,Cold_Without_dry_season_Warm_Summer,NA
spatial_spd,region_climatezone,climate,zero_truncated,10.7741,12.5822,0.8562969909872677,35,0.8688790322580645,-0.012582041270796762,North America,Polar,NA
spatial_spd,region_climatezone,human,zero_truncated,1.8081,12.5822,0.14370300901273228,35,0.13132258064516128,0.012380428367571,North America,Polar,NA
spatial_spd,region_climatezone,climate,zero_truncated,3.2076,4.5013,0.7125941394708195,16,0.7111730597680642,0.0014210797027552902,North America,Temperate_Dry_Summer,NA
spatial_spd,region_climatezone,human,zero_truncated,1.2937,4.5013,0.2874058605291805,16,0.2885147190008921,-0.0011088584717116046,North America,Temperate_Dry_Summer,NA
spatial_spd,region_climatezone,climate,zero_truncated,7.881,12.8126,0.6150976382623355,38,0.6148496690326183,2.4796922971725976e-4,North America,Temperate_Without_dry_season,NA
spatial_spd,region_climatezone,human,zero_truncated,4.9316,12.8126,0.3849023617376645,38,0.38512640561448286,-2.2404387681834725e-4,North America,Temperate_Without_dry_season,NA
spatial_spd,region_climatezone,climate,zero_truncated,0.2616,0.3453,0.7576020851433536,1,0.7582608695652174,-6.58784421863845e-4,Oceania,Arid,NA
spatial_spd,region_climatezone,human,zero_truncated,0.0837,0.3453,0.24239791485664638,1,0.2426086956521739,-2.107807955275265e-4,Oceania,Arid,NA
spatial_spd,region_climatezone,climate,zero_truncated,0.0375,0.0375,1,1,1.9736842105263157,-0.9736842105263157,Oceania,Cold_Without_dry_season_Cold_Summer,NA
spatial_spd,region_climatezone,human,zero_truncated,0,0.0375,0,1,-0.9947368421052631,0.9947368421052631,Oceania,Cold_Without_dry_season_Cold_Summer,NA
spatial_spd,region_climatezone,climate,zero_truncated,0.0462,0.1616,0.28589108910891087,1,0.28518518518518515,7.059039237257148e-4,Oceania,Cold_Without_dry_season_Warm_Summer,NA
spatial_spd,region_climatezone,human,zero_truncated,0.1154,0.1616,0.7141089108910892,1,0.7123456790123457,0.0017632318787434986,Oceania,Cold_Without_dry_season_Warm_Summer,NA
spatial_spd,region_climatezone,climate,zero_truncated,0.1167,0.1386,0.841991341991342,1,0.8395683453237409,0.0024229966676010406,Oceania,Temperate_Dry_Summer,NA
spatial_spd,region_climatezone,human,zero_truncated,0.0219,0.1386,0.15800865800865802,1,0.15755395683453235,4.5470117412566013e-4,Oceania,Temperate_Dry_Summer,NA
spatial_spd,region_climatezone,climate,zero_truncated,0.1731,0.2643,0.6549375709421114,1,0.6556818181818181,-7.442472397067856e-4,Oceania,Temperate_Dry_Winter,NA
spatial_spd,region_climatezone,human,zero_truncated,0.0912,0.2643,0.3450624290578888,1,0.34545454545454546,-3.921163966566499e-4,Oceania,Temperate_Dry_Winter,NA
spatial_spd,region_climatezone,climate,zero_truncated,7.9399,11.57,0.6862489196197061,26,0.6911614381388791,-0.004912518519172959,Oceania,Temperate_Without_dry_season,NA
spatial_spd,region_climatezone,human,zero_truncated,3.6301,11.57,0.31375108038029387,26,0.3086711314769122,0.005079948903381648,Oceania,Temperate_Without_dry_season,NA
spatial_spd,region_climatezone,climate,zero_truncated,1.1672,1.772,0.6586907449209932,4,0.6711903392754457,-0.01249959435445247,Oceania,Tropical,NA
spatial_spd,region_climatezone,human,zero_truncated,0.6048,1.772,0.3413092550790068,4,0.3287521564117309,0.01255709866727589,Oceania,Tropical,NA
spatial_events,region_climatezone,climate,exclude_negative,2.0272,3.575,0.567048951048951,9,0.567048951048951,0,Asia,Arid,NA
spatial_events,region_climatezone,human,exclude_negative,1.5476,3.575,0.4328951048951049,9,0.4328951048951049,0,Asia,Arid,NA
spatial_events,region_climatezone,climate,exclude_negative,1.0138,1.718,0.590104772991851,3,0.590104772991851,0,Asia,Cold_Dry_Summer,NA
spatial_events,region_climatezone,human,exclude_negative,0.704,1.718,0.409778812572759,3,0.409778812572759,0,Asia,Cold_Dry_Summer,NA
spatial_events,region_climatezone,climate,exclude_negative,1.2907,2.245,0.5749220489977728,5,0.5749220489977728,0,Asia,Cold_Dry_Winter,NA
spatial_events,region_climatezone,human,exclude_negative,0.9549,2.245,0.42534521158129174,5,0.42534521158129174,0,Asia,Cold_Dry_Winter,NA
spatial_events,region_climatezone,climate,exclude_negative,0.9988,1.33,0.7509774436090225,3,0.7509774436090225,0,Asia,Cold_Without_dry_season_Cold_Summer,NA
spatial_events,region_climatezone,human,exclude_negative,0.3317,1.33,0.24939849624060148,3,0.24939849624060148,0,Asia,Cold_Without_dry_season_Cold_Summer,NA
spatial_events,region_climatezone,climate,exclude_negative,0.1914,0.282,0.6787234042553192,1,0.6787234042553192,0,Asia,Cold_Without_dry_season_Hot_Summer,NA
spatial_events,region_climatezone,human,exclude_negative,0.0902,0.282,0.3198581560283688,1,0.3198581560283688,0,Asia,Cold_Without_dry_season_Hot_Summer,NA
spatial_events,region_climatezone,climate,exclude_negative,1.6006,2.305,0.6944034707158351,6,0.6944034707158351,0,Asia,Cold_Without_dry_season_Warm_Summer,NA
spatial_events,region_climatezone,human,exclude_negative,0.7055,2.305,0.3060737527114967,6,0.3060737527114967,0,Asia,Cold_Without_dry_season_Warm_Summer,NA
spatial_events,region_climatezone,climate,exclude_negative,1.68,2.598,0.6466512702078522,6,0.6707739307535641,-0.024122660545711883,Asia,Polar,NA
spatial_events,region_climatezone,human,exclude_negative,0.9172,2.598,0.35304080061585835,6,0.3291581805838425,0.023882620032015855,Asia,Polar,NA
spatial_events,region_climatezone,climate,exclude_negative,1.2847,2.425,0.5297731958762887,5,0.5297731958762887,0,Asia,Temperate_Dry_Summer,NA
spatial_events,region_climatezone,human,exclude_negative,1.1387,2.425,0.4695670103092784,5,0.4695670103092784,0,Asia,Temperate_Dry_Summer,NA
spatial_events,region_climatezone,climate,exclude_negative,0.6031,0.731,0.8250341997264021,1,0.8250341997264021,0,Asia,Temperate_Dry_Winter,NA
spatial_events,region_climatezone,human,exclude_negative,0.1283,0.731,0.17551299589603284,1,0.17551299589603284,0,Asia,Temperate_Dry_Winter,NA
spatial_events,region_climatezone,climate,exclude_negative,1.4413,1.895,0.7605804749340369,4,0.7605804749340369,0,Asia,Temperate_Without_dry_season,NA
spatial_events,region_climatezone,human,exclude_negative,0.4539,1.895,0.2395250659630607,4,0.2395250659630607,0,Asia,Temperate_Without_dry_season,NA
spatial_events,region_climatezone,climate,exclude_negative,1.609,3.039,0.5294504771306351,6,0.5294504771306351,0,Europe,Arid,NA
spatial_events,region_climatezone,human,exclude_negative,1.4301,3.039,0.4705824284304047,6,0.4705824284304047,0,Europe,Arid,NA
spatial_events,region_climatezone,climate,exclude_negative,7.2501,11.143,0.6506416584402763,28,0.6506416584402763,0,Europe,Cold_Without_dry_season_Cold_Summer,NA
spatial_events,region_climatezone,human,exclude_negative,3.8914999999999997,11.143,0.34923270214484425,28,0.34923270214484425,0,Europe,Cold_Without_dry_season_Cold_Summer,NA
spatial_events,region_climatezone,climate,exclude_negative,7.5865,16.401,0.46256325833790624,39,0.4423948734244254,0.02016838491348083,Europe,Cold_Without_dry_season_Warm_Summer,NA
spatial_events,region_climatezone,human,exclude_negative,8.8145,16.401,0.5374367416620939,39,0.5576157186738693,-0.0201789770117754,Europe,Cold_Without_dry_season_Warm_Summer,NA
spatial_events,region_climatezone,climate,exclude_negative,1.3866,3.1390000000000002,0.4417330359987257,6,0.409028809028809,0.032704226969916705,Europe,Polar,NA
spatial_events,region_climatezone,human,exclude_negative,1.7522,3.1390000000000002,0.5582032494424976,6,0.5907929907929907,-0.032589741350493195,Europe,Polar,NA
spatial_events,region_climatezone,climate,exclude_negative,1.8504,3.229,0.5730566738928461,7,0.5730566738928461,0,Europe,Temperate_Dry_Summer,NA
spatial_events,region_climatezone,human,exclude_negative,1.3796,3.229,0.4272530195106844,7,0.4272530195106844,0,Europe,Temperate_Dry_Summer,NA
spatial_events,region_climatezone,climate,exclude_negative,8.3434,16.646,0.501225519644359,35,0.49069547762427684,0.010530042020082175,Europe,Temperate_Without_dry_season,NA
spatial_events,region_climatezone,human,exclude_negative,8.3026,16.646,0.498774480355641,35,0.5092868107214548,-0.010512330365813782,Europe,Temperate_Without_dry_season,NA
spatial_events,region_climatezone,climate,exclude_negative,0.0494,0.24,0.20583333333333334,1,0.20583333333333334,0,Latin America,Cold_Dry_Summer,NA
spatial_events,region_climatezone,human,exclude_negative,0.1908,0.24,0.795,1,0.795,0,Latin America,Cold_Dry_Summer,NA
spatial_events,region_climatezone,climate,exclude_negative,0.6267,0.746,0.8400804289544237,2,0.8928651059085843,-0.05278467695416056,Latin America,Polar,NA
spatial_events,region_climatezone,human,exclude_negative,0.1191,0.746,0.1596514745308311,2,0.10730211817168339,0.0523493563591477,Latin America,Polar,NA
spatial_events,region_climatezone,climate,exclude_negative,0.6533,0.915,0.7139890710382514,2,0.9088111044055522,-0.19482203336730086,Latin America,Temperate_Dry_Summer,NA
spatial_events,region_climatezone,human,exclude_negative,0.2625,0.915,0.28688524590163933,2,0.09173204586602293,0.1951532000356164,Latin America,Temperate_Dry_Summer,NA
spatial_events,region_climatezone,climate,exclude_negative,0.3518,0.385,0.9137662337662338,1,0.9137662337662338,0,Latin America,Temperate_Dry_Winter,NA
spatial_events,region_climatezone,human,exclude_negative,0.033,0.385,0.08571428571428572,1,0.08571428571428572,0,Latin America,Temperate_Dry_Winter,NA
spatial_events,region_climatezone,climate,exclude_negative,1.7453,2.212,0.7890144665461121,6,0.8183689947517158,-0.02935452820560369,Latin America,Temperate_Without_dry_season,NA
spatial_events,region_climatezone,human,exclude_negative,0.4658,2.212,0.21057866184448462,6,0.18130803391199032,0.029270627932494298,Latin America,Temperate_Without_dry_season,NA
spatial_events,region_climatezone,climate,exclude_negative,1.9910999999999999,3.194,0.6233876017532873,7,0.692997999428408,-0.06961039767512067,Latin America,Tropical,NA
spatial_events,region_climatezone,human,exclude_negative,1.203,3.194,0.3766437069505323,7,0.30708773935410116,0.06955596759643112,Latin America,Tropical,NA
spatial_events,region_climatezone,climate,exclude_negative,0.0695,0.369,0.1883468834688347,1,0.4440860215053764,-0.2557391380365417,North America,Arid,NA
spatial_events,region_climatezone,human,exclude_negative,0.2994,0.369,0.8113821138211382,1,0.5552688172043011,0.2561132966168371,North America,Arid,NA
spatial_events,region_climatezone,climate,exclude_negative,2.0342000000000002,2.571,0.7912096460521199,4,0.8194141689373298,-0.028204522885209915,North America,Cold_Without_dry_season_Hot_Summer,NA
spatial_events,region_climatezone,human,exclude_negative,0.5365,2.571,0.20867366783352778,4,0.18044959128065396,0.028224076552873817,North America,Cold_Without_dry_season_Hot_Summer,NA
spatial_events,region_climatezone,climate,exclude_negative,5.0565,6.947,0.7278681445228156,16,0.743025325119781,-0.01515718059696547,North America,Cold_Without_dry_season_Warm_Summer,NA
spatial_events,region_climatezone,human,exclude_negative,1.8916,6.947,0.27229019720742764,16,0.2570704996577686,0.015219697549659017,North America,Cold_Without_dry_season_Warm_Summer,NA
spatial_events,region_climatezone,climate,exclude_negative,0.0918,0.11,0.8345454545454546,1,0.8345454545454546,0,North America,Temperate_Dry_Summer,NA
spatial_events,region_climatezone,human,exclude_negative,0.0178,0.11,0.1618181818181818,1,0.1618181818181818,0,North America,Temperate_Dry_Summer,NA
spatial_events,region_climatezone,climate,exclude_negative,0.7118,1.185,0.6006751054852321,3,0.6006751054852321,0,North America,Temperate_Without_dry_season,NA
spatial_events,region_climatezone,human,exclude_negative,0.47330000000000005,1.185,0.399409282700422,3,0.399409282700422,0,North America,Temperate_Without_dry_season,NA
spatial_events,region_climatezone,climate,exclude_negative,0.2519,0.402,0.6266169154228856,1,0.6266169154228856,0,Oceania,Arid,NA
spatial_events,region_climatezone,human,exclude_negative,0.1498,0.402,0.37263681592039793,1,0.37263681592039793,0,Oceania,Arid,NA
spatial_events,region_climatezone,climate,exclude_negative,0.0878,0.216,0.4064814814814815,1,0.4064814814814815,0,Oceania,Cold_Without_dry_season_Cold_Summer,NA
spatial_events,region_climatezone,human,exclude_negative,0.1278,0.216,0.5916666666666667,1,0.5916666666666667,0,Oceania,Cold_Without_dry_season_Cold_Summer,NA
spatial_events,region_climatezone,climate,exclude_negative,0.3748,0.4,0.937,1,0.937,0,Oceania,Polar,NA
spatial_events,region_climatezone,human,exclude_negative,0.0254,0.4,0.06349999999999999,1,0.06349999999999999,0,Oceania,Polar,NA
spatial_events,region_climatezone,climate,exclude_negative,0.1106,0.29,0.38137931034482764,1,0.38137931034482764,0,Oceania,Temperate_Dry_Summer,NA
spatial_events,region_climatezone,human,exclude_negative,0.1793,0.29,0.6182758620689656,1,0.6182758620689656,0,Oceania,Temperate_Dry_Summer,NA
spatial_events,region_climatezone,climate,exclude_negative,0.2255,0.254,0.8877952755905512,1,0.8877952755905512,0,Oceania,Temperate_Dry_Winter,NA
spatial_events,region_climatezone,human,exclude_negative,0.0287,0.254,0.11299212598425197,1,0.11299212598425197,0,Oceania,Temperate_Dry_Winter,NA
spatial_events,region_climatezone,climate,exclude_negative,4.3693,7.364,0.5933324280282455,14,0.5933324280282455,0,Oceania,Temperate_Without_dry_season,NA
spatial_events,region_climatezone,human,exclude_negative,2.9947,7.364,0.40666757197175446,14,0.40666757197175446,0,Oceania,Temperate_Without_dry_season,NA
spatial_events,region_climatezone,climate,exclude_negative,0.7766,1.117,0.6952551477170993,2,0.6952551477170993,0,Oceania,Tropical,NA
spatial_events,region_climatezone,human,exclude_negative,0.3409,1.117,0.3051924798567592,2,0.3051924798567592,0,Oceania,Tropical,NA
spatial_spd,region_climatezone,climate,exclude_negative,4.2679,5.616,0.7599537037037037,16,0.7899299766588863,-0.02997627295518257,Asia,Arid,NA
spatial_spd,region_climatezone,human,exclude_negative,1.348,5.616,0.24002849002849005,16,0.20991997332444148,0.03010851670404857,Asia,Arid,NA
spatial_spd,region_climatezone,climate,exclude_negative,5.8028,6.87,0.8446579330422126,17,0.8822518848102832,-0.037593951768070566,Asia,Cold_Dry_Winter,NA
spatial_spd,region_climatezone,human,exclude_negative,1.0648,6.87,0.15499272197962152,17,0.11756272401433693,0.037429997965284595,Asia,Cold_Dry_Winter,NA
spatial_spd,region_climatezone,climate,exclude_negative,2.7095000000000002,3.073,0.8817116823950538,7,0.9137749737118822,-0.03206329131682839,Asia,Cold_Without_dry_season_Cold_Summer,NA
spatial_spd,region_climatezone,human,exclude_negative,0.3628,3.073,0.11806052717214449,7,0.08604100946372238,0.03201951770842211,Asia,Cold_Without_dry_season_Cold_Summer,NA
spatial_spd,region_climatezone,climate,exclude_negative,0.1068,0.216,0.49444444444444446,1,0.49444444444444446,0,Asia,Cold_Without_dry_season_Hot_Summer,NA
spatial_spd,region_climatezone,human,exclude_negative,0.1088,0.216,0.5037037037037037,1,0.5037037037037037,0,Asia,Cold_Without_dry_season_Hot_Summer,NA
spatial_spd,region_climatezone,climate,exclude_negative,4.5098,5.144,0.8767107309486781,13,0.8941803417357469,-0.017469610787068768,Asia,Cold_Without_dry_season_Warm_Summer,NA
spatial_spd,region_climatezone,human,exclude_negative,0.6372,5.144,0.12387247278382581,13,0.10639485704618509,0.017477615737640714,Asia,Cold_Without_dry_season_Warm_Summer,NA
spatial_spd,region_climatezone,climate,exclude_negative,2.2781000000000002,2.917,0.7809736030167982,8,0.8300117233294255,-0.04903812031262733,Asia,Polar,NA
spatial_spd,region_climatezone,human,exclude_negative,0.6401,2.917,0.21943777853959548,8,0.17036928487690506,0.04906849366269042,Asia,Polar,NA
spatial_spd,region_climatezone,climate,exclude_negative,0.6007,0.678,0.8859882005899704,2,1.006206152185645,-0.1202179515956745,Asia,Temperate_Dry_Summer,NA
spatial_spd,region_climatezone,human,exclude_negative,0.0767,0.678,0.11312684365781711,2,-0.006314085267134376,0.11944092892495149,Asia,Temperate_Dry_Summer,NA
spatial_spd,region_climatezone,climate,exclude_negative,1.0981,2.213,0.4962042476276548,6,0.4962042476276548,0,Asia,Temperate_Dry_Winter,NA
spatial_spd,region_climatezone,human,exclude_negative,1.1149,2.213,0.5037957523723452,6,0.5037957523723452,0,Asia,Temperate_Dry_Winter,NA
spatial_spd,region_climatezone,climate,exclude_negative,1.8894,2.188,0.8635283363802558,5,0.9096319018404907,-0.04610356546023486,Asia,Temperate_Without_dry_season,NA
spatial_spd,region_climatezone,human,exclude_negative,0.2985,2.188,0.13642595978062155,5,0.09030674846625766,0.04611921131436389,Asia,Temperate_Without_dry_season,NA
spatial_spd,region_climatezone,climate,exclude_negative,0.3619,0.382,0.9473821989528796,1,1.0360794254330377,-0.0886972264801581,Europe,Arid,NA
spatial_spd,region_climatezone,human,exclude_negative,0.02,0.382,0.05235602094240838,1,-0.03620616814533164,0.08856218908774002,Europe,Arid,NA
spatial_spd,region_climatezone,climate,exclude_negative,0.7488,1.032,0.7255813953488373,2,0.8313144329896907,-0.1057330376408534,Europe,Cold_Dry_Summer,NA
spatial_spd,region_climatezone,human,exclude_negative,0.2831,1.032,0.2743217054263566,2,0.16881443298969073,0.10550727243666586,Europe,Cold_Dry_Summer,NA
spatial_spd,region_climatezone,climate,exclude_negative,20.5923,26.884,0.7659686058622229,71,0.825020962081923,-0.059052356219700064,Europe,Cold_Without_dry_season_Cold_Summer,NA
spatial_spd,region_climatezone,human,exclude_negative,6.2903,26.884,0.23397931855378665,71,0.1749324555138039,0.059046863039982744,Europe,Cold_Without_dry_season_Cold_Summer,NA
spatial_spd,region_climatezone,climate,exclude_negative,26.904700000000002,35.262,0.762994158017129,100,0.8255477735655079,-0.0625536155483789,Europe,Cold_Without_dry_season_Warm_Summer,NA
spatial_spd,region_climatezone,human,exclude_negative,8.3581,35.262,0.23702852929499177,100,0.1745464670479128,0.06248206224707897,Europe,Cold_Without_dry_season_Warm_Summer,NA
spatial_spd,region_climatezone,climate,exclude_negative,7.8594,9.51,0.8264353312302839,27,0.833069403714565,-0.0066340724842810506,Europe,Polar,NA
spatial_spd,region_climatezone,human,exclude_negative,1.6494,9.51,0.1734384858044164,27,0.16678396871945259,0.0066545170849638124,Europe,Polar,NA
spatial_spd,region_climatezone,climate,exclude_negative,1.9242,2.384,0.8071308724832215,9,0.8337101514808953,-0.026579278997673872,Europe,Temperate_Dry_Summer,NA
spatial_spd,region_climatezone,human,exclude_negative,0.4593,2.384,0.19265939597315437,9,0.16604114854171376,0.026618247431440617,Europe,Temperate_Dry_Summer,NA
spatial_spd,region_climatezone,climate,exclude_negative,18.8549,30.256,0.6231788736118457,77,0.6698569951757409,-0.04667812156389528,Europe,Temperate_Without_dry_season,NA
spatial_spd,region_climatezone,human,exclude_negative,11.3998,30.256,0.3767781597038604,77,0.3300310130944177,0.046747146609442736,Europe,Temperate_Without_dry_season,NA
spatial_spd,region_climatezone,climate,exclude_negative,0.6817,1.105,0.6169230769230769,3,0.7357390700902151,-0.1188159931671382,Latin America,Arid,NA
spatial_spd,region_climatezone,human,exclude_negative,0.423,1.105,0.38280542986425337,3,0.26446911866759193,0.11833631119666144,Latin America,Arid,NA
spatial_spd,region_climatezone,climate,exclude_negative,0.6403,0.675,0.9485925925925925,2,0.9485925925925925,0,Latin America,Cold_Dry_Summer,NA
spatial_spd,region_climatezone,human,exclude_negative,0.034,0.675,0.05037037037037037,2,0.05037037037037037,0,Latin America,Cold_Dry_Summer,NA
spatial_spd,region_climatezone,climate,exclude_negative,6.5063,8.264,0.7873063891577929,19,0.8179297597042514,-0.030623370546458473,Latin America,Polar,NA
spatial_spd,region_climatezone,human,exclude_negative,1.7584,8.264,0.2127783155856728,19,0.18220071762531262,0.030577597960360192,Latin America,Polar,NA
spatial_spd,region_climatezone,climate,exclude_negative,0.3968,0.5820000000000001,0.6817869415807559,2,1.0033684210526317,-0.32158147947187576,Latin America,Temperate_Dry_Summer,NA
spatial_spd,region_climatezone,human,exclude_negative,0.18469999999999998,0.5820000000000001,0.3173539518900343,2,-0.0034526315789473747,0.32080658346898167,Latin America,Temperate_Dry_Summer,NA
spatial_spd,region_climatezone,climate,exclude_negative,0.5524,0.7470000000000001,0.739491298527443,2,0.739491298527443,0,Latin America,Temperate_Dry_Winter,NA
spatial_spd,region_climatezone,human,exclude_negative,0.1945,0.7470000000000001,0.26037483266398925,2,0.26037483266398925,0,Latin America,Temperate_Dry_Winter,NA
spatial_spd,region_climatezone,climate,exclude_negative,2.6771,4.28,0.6254906542056073,11,0.7402846975088968,-0.11479404330328946,Latin America,Temperate_Without_dry_season,NA
spatial_spd,region_climatezone,human,exclude_negative,1.6038000000000001,4.28,0.3747196261682243,11,0.2598220640569395,0.11489756211128482,Latin America,Temperate_Without_dry_season,NA
spatial_spd,region_climatezone,climate,exclude_negative,4.241,6.216,0.6822715572715572,14,0.7065998727735369,-0.02432831550197967,Latin America,Tropical,NA
spatial_spd,region_climatezone,human,exclude_negative,1.9758,6.216,0.31785714285714284,14,0.2935909669211196,0.02426617593602326,Latin America,Tropical,NA
spatial_spd,region_climatezone,climate,exclude_negative,1.7092,2.972,0.5751009421265142,9,0.6341244239631336,-0.05902348183661943,North America,Arid,NA
spatial_spd,region_climatezone,human,exclude_negative,1.2632,2.972,0.42503364737550475,9,0.36619815668202765,0.0588354906934771,North America,Arid,NA
spatial_spd,region_climatezone,climate,exclude_negative,9.7574,14.73,0.6624168363883232,39,0.7016180260082698,-0.039201189619946675,North America,Cold_Dry_Summer,NA
spatial_spd,region_climatezone,human,exclude_negative,4.971,14.73,0.33747454175152747,39,0.2982441421465811,0.03923039960494634,North America,Cold_Dry_Summer,NA
spatial_spd,region_climatezone,climate,exclude_negative,34.9078,44.758,0.7799231422315563,108,0.8003316781751881,-0.02040853594363179,North America,Cold_Without_dry_season_Cold_Summer,NA
spatial_spd,region_climatezone,human,exclude_negative,9.8505,44.758,0.2200835604808079,108,0.19964892544029794,0.020434635040509963,North America,Cold_Without_dry_season_Cold_Summer,NA
spatial_spd,region_climatezone,climate,exclude_negative,12.0441,17.235,0.69881636205396,42,0.723813450141716,-0.024997088087756025,North America,Cold_Without_dry_season_Hot_Summer,NA
spatial_spd,region_climatezone,human,exclude_negative,5.1933,17.235,0.30132288946910357,42,0.27636176243236277,0.024961127036740804,North America,Cold_Without_dry_season_Hot_Summer,NA
spatial_spd,region_climatezone,climate,exclude_negative,52.9231,76.48,0.6919861401673639,179,0.7038744696780634,-0.011888329510699513,North America,Cold_Without_dry_season_Warm_Summer,NA
spatial_spd,region_climatezone,human,exclude_negative,23.555,76.48,0.30798901673640167,179,0.2961255303219366,0.011863486414465052,North America,Cold_Without_dry_season_Warm_Summer,NA
spatial_spd,region_climatezone,climate,exclude_negative,7.1342,8.941,0.7979196957834693,24,0.8688790322580645,-0.07095933647459518,North America,Polar,NA
spatial_spd,region_climatezone,human,exclude_negative,1.8081,8.941,0.2022257018230623,24,0.13132258064516128,0.07090312117790101,North America,Polar,NA
spatial_spd,region_climatezone,climate,exclude_negative,3.2076,4.464,0.718548387096774,15,0.7111730597680642,0.007375327328709824,North America,Temperate_Dry_Summer,NA
spatial_spd,region_climatezone,human,exclude_negative,1.2552,4.464,0.28118279569892474,15,0.2885147190008921,-0.007331923301967358,North America,Temperate_Dry_Summer,NA
spatial_spd,region_climatezone,climate,exclude_negative,7.5882,11.931,0.636007040482776,32,0.6148496690326183,0.021157371450157725,North America,Temperate_Without_dry_season,NA
spatial_spd,region_climatezone,human,exclude_negative,4.3434,11.931,0.3640432486799095,32,0.38512640561448286,-0.021083156934573355,North America,Temperate_Without_dry_season,NA
spatial_spd,region_climatezone,climate,exclude_negative,0.2616,0.345,0.7582608695652174,1,0.7582608695652174,0,Oceania,Arid,NA
spatial_spd,region_climatezone,human,exclude_negative,0.0837,0.345,0.2426086956521739,1,0.2426086956521739,0,Oceania,Arid,NA
spatial_spd,region_climatezone,climate,exclude_negative,0.0462,0.162,0.28518518518518515,1,0.28518518518518515,0,Oceania,Cold_Without_dry_season_Warm_Summer,NA
spatial_spd,region_climatezone,human,exclude_negative,0.1154,0.162,0.7123456790123457,1,0.7123456790123457,0,Oceania,Cold_Without_dry_season_Warm_Summer,NA
spatial_spd,region_climatezone,climate,exclude_negative,0.1167,0.139,0.8395683453237409,1,0.8395683453237409,0,Oceania,Temperate_Dry_Summer,NA
spatial_spd,region_climatezone,human,exclude_negative,0.0219,0.139,0.15755395683453235,1,0.15755395683453235,0,Oceania,Temperate_Dry_Summer,NA
spatial_spd,region_climatezone,climate,exclude_negative,0.1731,0.264,0.6556818181818181,1,0.6556818181818181,0,Oceania,Temperate_Dry_Winter,NA
spatial_spd,region_climatezone,human,exclude_negative,0.0912,0.264,0.34545454545454546,1,0.34545454545454546,0,Oceania,Temperate_Dry_Winter,NA
spatial_spd,region_climatezone,climate,exclude_negative,6.5138,9.792,0.6652165032679739,21,0.6911614381388791,-0.025944934870905212,Oceania,Temperate_Without_dry_season,NA
spatial_spd,region_climatezone,human,exclude_negative,3.2762,9.792,0.33457924836601305,21,0.3086711314769122,0.02590811688910083,Oceania,Temperate_Without_dry_season,NA
spatial_spd,region_climatezone,climate,exclude_negative,0.6609,1.266,0.5220379146919432,3,0.6711903392754457,-0.14915242458350253,Oceania,Tropical,NA
spatial_spd,region_climatezone,human,exclude_negative,0.6048,1.266,0.4777251184834123,3,0.3287521564117309,0.14897296207168143,Oceania,Tropical,NA
temporal_events,region_age,climate,signed,0.0718,0.136,0.5279411764705882,1,0.5279411764705882,0,Asia,NA,500
temporal_events,region_age,human,signed,0.0646,0.136,0.475,1,0.475,0,Asia,NA,500
temporal_events,region_age,climate,signed,0.0429,0.094,0.4563829787234043,1,0.4563829787234043,0,Asia,NA,1000
temporal_events,region_age,human,signed,0.0509,0.094,0.5414893617021277,1,0.5414893617021277,0,Asia,NA,1000
temporal_events,region_age,climate,signed,0.0517,0.129,0.4007751937984496,1,0.4007751937984496,0,Asia,NA,1500
temporal_events,region_age,human,signed,0.0774,0.129,0.6,1,0.6,0,Asia,NA,1500
temporal_events,region_age,climate,signed,0.0533,0.111,0.48018018018018016,1,0.48018018018018016,0,Asia,NA,2000
temporal_events,region_age,human,signed,0.0573,0.111,0.5162162162162162,1,0.5162162162162162,0,Asia,NA,2000
temporal_events,region_age,climate,signed,0.0655,0.107,0.6121495327102804,1,0.6121495327102804,0,Asia,NA,2500
temporal_events,region_age,human,signed,0.0416,0.107,0.38878504672897196,1,0.38878504672897196,0,Asia,NA,2500
temporal_events,region_age,climate,signed,0.0691,0.113,0.611504424778761,1,0.611504424778761,0,Asia,NA,3000
temporal_events,region_age,human,signed,0.0444,0.113,0.3929203539823009,1,0.3929203539823009,0,Asia,NA,3000
temporal_events,region_age,climate,signed,0.0893,0.1,0.893,1,0.893,0,Asia,NA,3500
temporal_events,region_age,human,signed,0.0103,0.1,0.103,1,0.103,0,Asia,NA,3500
temporal_events,region_age,climate,signed,0.0679,0.096,0.7072916666666667,1,0.7072916666666667,0,Asia,NA,4000
temporal_events,region_age,human,signed,0.0276,0.096,0.2875,1,0.2875,0,Asia,NA,4000
temporal_events,region_age,climate,signed,0.0763,0.093,0.8204301075268818,1,0.8204301075268818,0,Asia,NA,4500
temporal_events,region_age,human,signed,0.017,0.093,0.1827956989247312,1,0.1827956989247312,0,Asia,NA,4500
temporal_events,region_age,climate,signed,0.0758,0.098,0.7734693877551021,1,0.7734693877551021,0,Asia,NA,5000
temporal_events,region_age,human,signed,0.0219,0.098,0.22346938775510203,1,0.22346938775510203,0,Asia,NA,5000
temporal_events,region_age,climate,signed,0.0915,0.104,0.8798076923076923,1,0.8798076923076923,0,Asia,NA,5500
temporal_events,region_age,human,signed,0.0126,0.104,0.12115384615384615,1,0.12115384615384615,0,Asia,NA,5500
temporal_events,region_age,climate,signed,0.0935,0.099,0.9444444444444444,1,0.9444444444444444,0,Asia,NA,6000
temporal_events,region_age,human,signed,0.0055,0.099,0.05555555555555555,1,0.05555555555555555,0,Asia,NA,6000
temporal_events,region_age,climate,signed,0.1074,0.11,0.9763636363636363,1,0.9763636363636363,0,Asia,NA,6500
temporal_events,region_age,human,signed,0.0025,0.11,0.022727272727272728,1,0.022727272727272728,0,Asia,NA,6500
temporal_events,region_age,climate,signed,0.1207,0.13,0.9284615384615384,1,0.9284615384615384,0,Asia,NA,7000
temporal_events,region_age,human,signed,0.0097,0.13,0.07461538461538461,1,0.07461538461538461,0,Asia,NA,7000
temporal_events,region_age,climate,signed,0.1277,0.135,0.945925925925926,1,0.945925925925926,0,Asia,NA,7500
temporal_events,region_age,human,signed,0.0072,0.135,0.05333333333333333,1,0.05333333333333333,0,Asia,NA,7500
temporal_events,region_age,climate,signed,0.1574,0.166,0.9481927710843374,1,0.9481927710843374,0,Asia,NA,8000
temporal_events,region_age,human,signed,0.0089,0.166,0.0536144578313253,1,0.0536144578313253,0,Asia,NA,8000
temporal_events,region_age,climate,signed,0.1602,0.172,0.9313953488372094,1,0.9313953488372094,0,Asia,NA,8500
temporal_events,region_age,human,signed,0.0122,0.172,0.07093023255813954,1,0.07093023255813954,0,Asia,NA,8500
temporal_events,region_age,climate,signed,0.067,0.082,0.8170731707317074,1,0.8170731707317074,0,Europe,NA,500
temporal_events,region_age,human,signed,0.0145,0.082,0.17682926829268292,1,0.17682926829268292,0,Europe,NA,500
temporal_events,region_age,climate,signed,0.1067,0.126,0.8468253968253968,1,0.8468253968253968,0,Europe,NA,1000
temporal_events,region_age,human,signed,0.0197,0.126,0.15634920634920635,1,0.15634920634920635,0,Europe,NA,1000
temporal_events,region_age,climate,signed,0.0939,0.115,0.8165217391304347,1,0.8165217391304347,0,Europe,NA,1500
temporal_events,region_age,human,signed,0.021,0.115,0.1826086956521739,1,0.1826086956521739,0,Europe,NA,1500
temporal_events,region_age,climate,signed,0.0854,0.108,0.7907407407407407,1,0.7907407407407407,0,Europe,NA,2000
temporal_events,region_age,human,signed,0.0226,0.108,0.20925925925925926,1,0.20925925925925926,0,Europe,NA,2000
temporal_events,region_age,climate,signed,0.0711,0.084,0.8464285714285713,1,0.8464285714285713,0,Europe,NA,2500
temporal_events,region_age,human,signed,0.0128,0.084,0.15238095238095237,1,0.15238095238095237,0,Europe,NA,2500
temporal_events,region_age,climate,signed,0.0612,0.072,0.85,1,0.85,0,Europe,NA,3000
temporal_events,region_age,human,signed,0.0103,0.072,0.14305555555555557,1,0.14305555555555557,0,Europe,NA,3000
temporal_events,region_age,climate,signed,0.0559,0.089,0.6280898876404495,1,0.6280898876404495,0,Europe,NA,3500
temporal_events,region_age,human,signed,0.0327,0.089,0.3674157303370787,1,0.3674157303370787,0,Europe,NA,3500
temporal_events,region_age,climate,signed,0.085,0.091,0.9340659340659342,1,0.9340659340659342,0,Europe,NA,4000
temporal_events,region_age,human,signed,0.0064,0.091,0.07032967032967033,1,0.07032967032967033,0,Europe,NA,4000
temporal_events,region_age,climate,signed,0.0849,0.089,0.953932584269663,1,0.953932584269663,0,Europe,NA,4500
temporal_events,region_age,human,signed,0.0044,0.089,0.04943820224719102,1,0.04943820224719102,0,Europe,NA,4500
temporal_events,region_age,climate,signed,0.0702,0.079,0.8886075949367088,1,0.8886075949367088,0,Europe,NA,5000
temporal_events,region_age,human,signed,0.009,0.079,0.11392405063291139,1,0.11392405063291139,0,Europe,NA,5000
temporal_events,region_age,climate,signed,0.086,0.089,0.9662921348314606,1,0.9662921348314606,0,Europe,NA,5500
temporal_events,region_age,human,signed,0.0027,0.089,0.030337078651685397,1,0.030337078651685397,0,Europe,NA,5500
temporal_events,region_age,climate,signed,0.0773,0.104,0.7432692307692308,1,0.7432692307692308,0,Europe,NA,6000
temporal_events,region_age,human,signed,0.0272,0.104,0.26153846153846155,1,0.26153846153846155,0,Europe,NA,6000
temporal_events,region_age,climate,signed,0.0717,0.074,0.968918918918919,1,0.968918918918919,0,Europe,NA,6500
temporal_events,region_age,human,signed,0.0025,0.074,0.033783783783783786,1,0.033783783783783786,0,Europe,NA,6500
temporal_events,region_age,climate,signed,0.0799,0.1,0.7989999999999999,1,0.7989999999999999,0,Europe,NA,7000
temporal_events,region_age,human,signed,0.0203,0.1,0.20299999999999999,1,0.20299999999999999,0,Europe,NA,7000
temporal_events,region_age,climate,signed,0.0786,0.106,0.7415094339622642,1,0.7415094339622642,0,Europe,NA,7500
temporal_events,region_age,human,signed,0.0269,0.106,0.2537735849056604,1,0.2537735849056604,0,Europe,NA,7500
temporal_events,region_age,climate,signed,0.0778,0.087,0.8942528735632184,1,0.8942528735632184,0,Europe,NA,8000
temporal_events,region_age,human,signed,0.0089,0.087,0.10229885057471265,1,0.10229885057471265,0,Europe,NA,8000
temporal_events,region_age,climate,signed,0.074,0.078,0.9487179487179487,1,0.9487179487179487,0,Europe,NA,8500
temporal_events,region_age,human,signed,0.0041,0.078,0.05256410256410257,1,0.05256410256410257,0,Europe,NA,8500
temporal_events,region_age,climate,signed,0.0687,0.078,0.8807692307692307,1,0.8807692307692307,0,Latin America,NA,500
temporal_events,region_age,human,signed,0.0097,0.078,0.12435897435897436,1,0.12435897435897436,0,Latin America,NA,500
temporal_events,region_age,climate,signed,0.095,0.093,1.021505376344086,1,1.021505376344086,0,Latin America,NA,1000
temporal_events,region_age,human,signed,-0.0021,0.093,-0.02258064516129032,1,-0.02258064516129032,0,Latin America,NA,1000
temporal_events,region_age,climate,signed,0.1286,0.129,0.9968992248062014,1,0.9968992248062014,0,Latin America,NA,1500
temporal_events,region_age,human,signed,8e-4,0.129,0.006201550387596899,1,0.006201550387596899,0,Latin America,NA,1500
temporal_events,region_age,climate,signed,0.151,0.157,0.9617834394904459,1,0.9617834394904459,0,Latin America,NA,2000
temporal_events,region_age,human,signed,0.0058,0.157,0.03694267515923567,1,0.03694267515923567,0,Latin America,NA,2000
temporal_events,region_age,climate,signed,0.1404,0.159,0.8830188679245282,1,0.8830188679245282,0,Latin America,NA,2500
temporal_events,region_age,human,signed,0.0186,0.159,0.11698113207547169,1,0.11698113207547169,0,Latin America,NA,2500
temporal_events,region_age,climate,signed,0.1672,0.172,0.9720930232558139,1,0.9720930232558139,0,Latin America,NA,3000
temporal_events,region_age,human,signed,0.0046,0.172,0.02674418604651163,1,0.02674418604651163,0,Latin America,NA,3000
temporal_events,region_age,climate,signed,0.1634,0.183,0.8928961748633879,1,0.8928961748633879,0,Latin America,NA,3500
temporal_events,region_age,human,signed,0.0194,0.183,0.10601092896174864,1,0.10601092896174864,0,Latin America,NA,3500
temporal_events,region_age,climate,signed,0.1758,0.189,0.9301587301587302,1,0.9301587301587302,0,Latin America,NA,4000
temporal_events,region_age,human,signed,0.013,0.189,0.06878306878306878,1,0.06878306878306878,0,Latin America,NA,4000
temporal_events,region_age,climate,signed,0.1668,0.178,0.9370786516853933,1,0.9370786516853933,0,Latin America,NA,4500
temporal_events,region_age,human,signed,0.0115,0.178,0.06460674157303371,1,0.06460674157303371,0,Latin America,NA,4500
temporal_events,region_age,climate,signed,0.1677,0.165,1.0163636363636361,1,1.0163636363636361,0,Latin America,NA,5000
temporal_events,region_age,human,signed,-0.0031,0.165,-0.018787878787878787,1,-0.018787878787878787,0,Latin America,NA,5000
temporal_events,region_age,climate,signed,0.1625,0.16,1.015625,1,1.015625,0,Latin America,NA,5500
temporal_events,region_age,human,signed,-0.0026,0.16,-0.01625,1,-0.01625,0,Latin America,NA,5500
temporal_events,region_age,climate,signed,0.1538,0.152,1.0118421052631579,1,1.0118421052631579,0,Latin America,NA,6000
temporal_events,region_age,human,signed,-0.0018,0.152,-0.011842105263157895,1,-0.011842105263157895,0,Latin America,NA,6000
temporal_events,region_age,climate,signed,0.161,0.164,0.9817073170731707,1,0.9817073170731707,0,Latin America,NA,6500
temporal_events,region_age,human,signed,0.0032,0.164,0.01951219512195122,1,0.01951219512195122,0,Latin America,NA,6500
temporal_events,region_age,climate,signed,0.124,0.132,0.9393939393939393,1,0.9393939393939393,0,Latin America,NA,7000
temporal_events,region_age,human,signed,0.0077,0.132,0.058333333333333334,1,0.058333333333333334,0,Latin America,NA,7000
temporal_events,region_age,climate,signed,0.1417,0.145,0.9772413793103448,1,0.9772413793103448,0,Latin America,NA,7500
temporal_events,region_age,human,signed,0.0034,0.145,0.023448275862068966,1,0.023448275862068966,0,Latin America,NA,7500
temporal_events,region_age,climate,signed,0.1162,0.111,1.0468468468468468,1,1.0468468468468468,0,Latin America,NA,8000
temporal_events,region_age,human,signed,-0.0053,0.111,-0.047747747747747746,1,-0.047747747747747746,0,Latin America,NA,8000
temporal_events,region_age,climate,signed,0.1219,0.117,1.0418803418803417,1,1.0418803418803417,0,Latin America,NA,8500
temporal_events,region_age,human,signed,-0.0052,0.117,-0.04444444444444444,1,-0.04444444444444444,0,Latin America,NA,8500
temporal_events,region_age,climate,signed,0.1032,0.158,0.6531645569620254,1,0.6531645569620254,0,North America,NA,500
temporal_events,region_age,human,signed,0.0551,0.158,0.3487341772151899,1,0.3487341772151899,0,North America,NA,500
temporal_events,region_age,climate,signed,0.0947,0.109,0.8688073394495414,1,0.8688073394495414,0,North America,NA,1000
temporal_events,region_age,human,signed,0.0145,0.109,0.13302752293577982,1,0.13302752293577982,0,North America,NA,1000
temporal_events,region_age,climate,signed,0.0953,0.102,0.9343137254901961,1,0.9343137254901961,0,North America,NA,1500
temporal_events,region_age,human,signed,0.0065,0.102,0.06372549019607843,1,0.06372549019607843,0,North America,NA,1500
temporal_events,region_age,climate,signed,0.0974,0.101,0.9643564356435643,1,0.9643564356435643,0,North America,NA,2000
temporal_events,region_age,human,signed,0.0033,0.101,0.03267326732673267,1,0.03267326732673267,0,North America,NA,2000
temporal_events,region_age,climate,signed,0.0964,0.102,0.9450980392156864,1,0.9450980392156864,0,North America,NA,2500
temporal_events,region_age,human,signed,0.0061,0.102,0.05980392156862746,1,0.05980392156862746,0,North America,NA,2500
temporal_events,region_age,climate,signed,0.1001,0.108,0.9268518518518518,1,0.9268518518518518,0,North America,NA,3000
temporal_events,region_age,human,signed,0.0076,0.108,0.07037037037037037,1,0.07037037037037037,0,North America,NA,3000
temporal_events,region_age,climate,signed,0.097,0.105,0.9238095238095239,1,0.9238095238095239,0,North America,NA,3500
temporal_events,region_age,human,signed,0.0084,0.105,0.08,1,0.08,0,North America,NA,3500
temporal_events,region_age,climate,signed,0.0872,0.094,0.9276595744680851,1,0.9276595744680851,0,North America,NA,4000
temporal_events,region_age,human,signed,0.0071,0.094,0.07553191489361702,1,0.07553191489361702,0,North America,NA,4000
temporal_events,region_age,climate,signed,0.0957,0.103,0.929126213592233,1,0.929126213592233,0,North America,NA,4500
temporal_events,region_age,human,signed,0.0076,0.103,0.07378640776699029,1,0.07378640776699029,0,North America,NA,4500
temporal_events,region_age,climate,signed,0.0978,0.109,0.8972477064220183,1,0.8972477064220183,0,North America,NA,5000
temporal_events,region_age,human,signed,0.0108,0.109,0.09908256880733946,1,0.09908256880733946,0,North America,NA,5000
temporal_events,region_age,climate,signed,0.0839,0.093,0.9021505376344087,1,0.9021505376344087,0,North America,NA,5500
temporal_events,region_age,human,signed,0.0089,0.093,0.0956989247311828,1,0.0956989247311828,0,North America,NA,5500
temporal_events,region_age,climate,signed,0.0898,0.099,0.907070707070707,1,0.907070707070707,0,North America,NA,6000
temporal_events,region_age,human,signed,0.0094,0.099,0.09494949494949495,1,0.09494949494949495,0,North America,NA,6000
temporal_events,region_age,climate,signed,0.0905,0.099,0.914141414141414,1,0.914141414141414,0,North America,NA,6500
temporal_events,region_age,human,signed,0.0088,0.099,0.08888888888888889,1,0.08888888888888889,0,North America,NA,6500
temporal_events,region_age,climate,signed,0.0937,0.095,0.9863157894736843,1,0.9863157894736843,0,North America,NA,7000
temporal_events,region_age,human,signed,0.0011,0.095,0.011578947368421053,1,0.011578947368421053,0,North America,NA,7000
temporal_events,region_age,climate,signed,0.0882,0.103,0.8563106796116505,1,0.8563106796116505,0,North America,NA,7500
temporal_events,region_age,human,signed,0.0148,0.103,0.14368932038834953,1,0.14368932038834953,0,North America,NA,7500
temporal_events,region_age,climate,signed,0.1074,0.132,0.8136363636363636,1,0.8136363636363636,0,North America,NA,8000
temporal_events,region_age,human,signed,0.0248,0.132,0.18787878787878787,1,0.18787878787878787,0,North America,NA,8000
temporal_events,region_age,climate,signed,0.1051,0.147,0.7149659863945579,1,0.7149659863945579,0,North America,NA,8500
temporal_events,region_age,human,signed,0.0422,0.147,0.2870748299319728,1,0.2870748299319728,0,North America,NA,8500
temporal_events,region_age,climate,signed,0.0856,0.068,1.2588235294117645,1,1.2588235294117645,0,Oceania,NA,500
temporal_events,region_age,human,signed,-0.018,0.068,-0.2647058823529411,1,-0.2647058823529411,0,Oceania,NA,500
temporal_events,region_age,climate,signed,0.0864,0.119,0.7260504201680673,1,0.7260504201680673,0,Oceania,NA,1000
temporal_events,region_age,human,signed,0.0322,0.119,0.27058823529411763,1,0.27058823529411763,0,Oceania,NA,1000
temporal_events,region_age,climate,signed,0.0727,0.067,1.0850746268656717,1,1.0850746268656717,0,Oceania,NA,1500
temporal_events,region_age,human,signed,-0.0055,0.067,-0.08208955223880596,1,-0.08208955223880596,0,Oceania,NA,1500
temporal_events,region_age,climate,signed,0.0211,0.031,0.6806451612903226,1,0.6806451612903226,0,Oceania,NA,2000
temporal_events,region_age,human,signed,0.0096,0.031,0.30967741935483867,1,0.30967741935483867,0,Oceania,NA,2000
temporal_events,region_age,climate,signed,0.1016,0.121,0.8396694214876033,1,0.8396694214876033,0,Oceania,NA,2500
temporal_events,region_age,human,signed,0.0198,0.121,0.16363636363636366,1,0.16363636363636366,0,Oceania,NA,2500
temporal_events,region_age,climate,signed,0.1241,0.141,0.8801418439716313,1,0.8801418439716313,0,Oceania,NA,3000
temporal_events,region_age,human,signed,0.0173,0.141,0.12269503546099292,1,0.12269503546099292,0,Oceania,NA,3000
temporal_events,region_age,climate,signed,0.1352,0.12,1.1266666666666667,1,1.1266666666666667,0,Oceania,NA,3500
temporal_events,region_age,human,signed,-0.0147,0.12,-0.1225,1,-0.1225,0,Oceania,NA,3500
temporal_events,region_age,climate,signed,0.0995,0.087,1.1436781609195403,1,1.1436781609195403,0,Oceania,NA,4000
temporal_events,region_age,human,signed,-0.0125,0.087,-0.14367816091954025,1,-0.14367816091954025,0,Oceania,NA,4000
temporal_spd,region_age,climate,signed,0.0949,0.092,1.0315217391304348,1,1.0315217391304348,0,Asia,NA,500
temporal_spd,region_age,human,signed,-0.0032,0.092,-0.034782608695652174,1,-0.034782608695652174,0,Asia,NA,500
temporal_spd,region_age,climate,signed,0.0574,0.066,0.8696969696969696,1,0.8696969696969696,0,Asia,NA,1000
temporal_spd,region_age,human,signed,0.0084,0.066,0.12727272727272726,1,0.12727272727272726,0,Asia,NA,1000
temporal_spd,region_age,climate,signed,0.0779,0.083,0.9385542168674698,1,0.9385542168674698,0,Asia,NA,1500
temporal_spd,region_age,human,signed,0.0052,0.083,0.06265060240963854,1,0.06265060240963854,0,Asia,NA,1500
temporal_spd,region_age,climate,signed,0.0769,0.097,0.7927835051546391,1,0.7927835051546391,0,Asia,NA,2000
temporal_spd,region_age,human,signed,0.0203,0.097,0.2092783505154639,1,0.2092783505154639,0,Asia,NA,2000
temporal_spd,region_age,climate,signed,0.089,0.094,0.9468085106382979,1,0.9468085106382979,0,Asia,NA,2500
temporal_spd,region_age,human,signed,0.0055,0.094,0.058510638297872335,1,0.058510638297872335,0,Asia,NA,2500
temporal_spd,region_age,climate,signed,0.0861,0.091,0.9461538461538461,1,0.9461538461538461,0,Asia,NA,3000
temporal_spd,region_age,human,signed,0.0049,0.091,0.05384615384615385,1,0.05384615384615385,0,Asia,NA,3000
temporal_spd,region_age,climate,signed,0.0882,0.094,0.9382978723404255,1,0.9382978723404255,0,Asia,NA,3500
temporal_spd,region_age,human,signed,0.0056,0.094,0.059574468085106386,1,0.059574468085106386,0,Asia,NA,3500
temporal_spd,region_age,climate,signed,0.0717,0.076,0.9434210526315789,1,0.9434210526315789,0,Asia,NA,4000
temporal_spd,region_age,human,signed,0.0047,0.076,0.0618421052631579,1,0.0618421052631579,0,Asia,NA,4000
temporal_spd,region_age,climate,signed,0.0704,0.084,0.8380952380952381,1,0.8380952380952381,0,Asia,NA,4500
temporal_spd,region_age,human,signed,0.014,0.084,0.16666666666666666,1,0.16666666666666666,0,Asia,NA,4500
temporal_spd,region_age,climate,signed,0.0665,0.087,0.7643678160919541,1,0.7643678160919541,0,Asia,NA,5000
temporal_spd,region_age,human,signed,0.02,0.087,0.2298850574712644,1,0.2298850574712644,0,Asia,NA,5000
temporal_spd,region_age,climate,signed,0.0865,0.093,0.9301075268817204,1,0.9301075268817204,0,Asia,NA,5500
temporal_spd,region_age,human,signed,0.0065,0.093,0.06989247311827956,1,0.06989247311827956,0,Asia,NA,5500
temporal_spd,region_age,climate,signed,0.0794,0.106,0.749056603773585,1,0.749056603773585,0,Asia,NA,6000
temporal_spd,region_age,human,signed,0.0266,0.106,0.2509433962264151,1,0.2509433962264151,0,Asia,NA,6000
temporal_spd,region_age,climate,signed,0.1015,0.106,0.9575471698113208,1,0.9575471698113208,0,Asia,NA,6500
temporal_spd,region_age,human,signed,0.0049,0.106,0.04622641509433962,1,0.04622641509433962,0,Asia,NA,6500
temporal_spd,region_age,climate,signed,0.1105,0.133,0.8308270676691729,1,0.8308270676691729,0,Asia,NA,7000
temporal_spd,region_age,human,signed,0.0223,0.133,0.16766917293233083,1,0.16766917293233083,0,Asia,NA,7000
temporal_spd,region_age,climate,signed,0.1148,0.133,0.863157894736842,1,0.863157894736842,0,Asia,NA,7500
temporal_spd,region_age,human,signed,0.018,0.133,0.13533834586466165,1,0.13533834586466165,0,Asia,NA,7500
temporal_spd,region_age,climate,signed,0.1502,0.16,0.93875,1,0.93875,0,Asia,NA,8000
temporal_spd,region_age,human,signed,0.0097,0.16,0.060625,1,0.060625,0,Asia,NA,8000
temporal_spd,region_age,climate,signed,0.1613,0.167,0.9658682634730539,1,0.9658682634730539,0,Asia,NA,8500
temporal_spd,region_age,human,signed,0.0055,0.167,0.03293413173652694,1,0.03293413173652694,0,Asia,NA,8500
temporal_spd,region_age,climate,signed,0.0764,0.088,0.8681818181818182,1,0.8681818181818182,0,Europe,NA,500
temporal_spd,region_age,human,signed,0.0119,0.088,0.13522727272727275,1,0.13522727272727275,0,Europe,NA,500
temporal_spd,region_age,climate,signed,0.1194,0.125,0.9552,1,0.9552,0,Europe,NA,1000
temporal_spd,region_age,human,signed,0.0057,0.125,0.0456,1,0.0456,0,Europe,NA,1000
temporal_spd,region_age,climate,signed,0.1003,0.102,0.9833333333333334,1,0.9833333333333334,0,Europe,NA,1500
temporal_spd,region_age,human,signed,0.002,0.102,0.019607843137254905,1,0.019607843137254905,0,Europe,NA,1500
temporal_spd,region_age,climate,signed,0.0924,0.096,0.9624999999999999,1,0.9624999999999999,0,Europe,NA,2000
temporal_spd,region_age,human,signed,0.0035,0.096,0.036458333333333336,1,0.036458333333333336,0,Europe,NA,2000
temporal_spd,region_age,climate,signed,0.0791,0.083,0.9530120481927711,1,0.9530120481927711,0,Europe,NA,2500
temporal_spd,region_age,human,signed,0.0041,0.083,0.04939759036144579,1,0.04939759036144579,0,Europe,NA,2500
temporal_spd,region_age,climate,signed,0.0582,0.064,0.909375,1,0.909375,0,Europe,NA,3000
temporal_spd,region_age,human,signed,0.0057,0.064,0.0890625,1,0.0890625,0,Europe,NA,3000
temporal_spd,region_age,climate,signed,0.0511,0.071,0.719718309859155,1,0.719718309859155,0,Europe,NA,3500
temporal_spd,region_age,human,signed,0.02,0.071,0.28169014084507044,1,0.28169014084507044,0,Europe,NA,3500
temporal_spd,region_age,climate,signed,0.0787,0.084,0.9369047619047619,1,0.9369047619047619,0,Europe,NA,4000
temporal_spd,region_age,human,signed,0.0057,0.084,0.06785714285714285,1,0.06785714285714285,0,Europe,NA,4000
temporal_spd,region_age,climate,signed,0.081,0.084,0.9642857142857143,1,0.9642857142857143,0,Europe,NA,4500
temporal_spd,region_age,human,signed,0.0028,0.084,0.03333333333333333,1,0.03333333333333333,0,Europe,NA,4500
temporal_spd,region_age,climate,signed,0.0645,0.069,0.9347826086956521,1,0.9347826086956521,0,Europe,NA,5000
temporal_spd,region_age,human,signed,0.0045,0.069,0.06521739130434781,1,0.06521739130434781,0,Europe,NA,5000
temporal_spd,region_age,climate,signed,0.0868,0.087,0.9977011494252874,1,0.9977011494252874,0,Europe,NA,5500
temporal_spd,region_age,human,signed,6e-4,0.087,0.006896551724137931,1,0.006896551724137931,0,Europe,NA,5500
temporal_spd,region_age,climate,signed,0.0706,0.082,0.8609756097560974,1,0.8609756097560974,0,Europe,NA,6000
temporal_spd,region_age,human,signed,0.0117,0.082,0.14268292682926828,1,0.14268292682926828,0,Europe,NA,6000
temporal_spd,region_age,climate,signed,0.0567,0.086,0.6593023255813955,1,0.6593023255813955,0,Europe,NA,6500
temporal_spd,region_age,human,signed,0.0294,0.086,0.3418604651162791,1,0.3418604651162791,0,Europe,NA,6500
temporal_spd,region_age,climate,signed,0.0687,0.086,0.7988372093023256,1,0.7988372093023256,0,Europe,NA,7000
temporal_spd,region_age,human,signed,0.0175,0.086,0.20348837209302328,1,0.20348837209302328,0,Europe,NA,7000
temporal_spd,region_age,climate,signed,0.0641,0.119,0.538655462184874,1,0.538655462184874,0,Europe,NA,7500
temporal_spd,region_age,human,signed,0.0547,0.119,0.4596638655462185,1,0.4596638655462185,0,Europe,NA,7500
temporal_spd,region_age,climate,signed,0.0784,0.094,0.8340425531914893,1,0.8340425531914893,0,Europe,NA,8000
temporal_spd,region_age,human,signed,0.0154,0.094,0.16382978723404257,1,0.16382978723404257,0,Europe,NA,8000
temporal_spd,region_age,climate,signed,0.0686,0.078,0.8794871794871794,1,0.8794871794871794,0,Europe,NA,8500
temporal_spd,region_age,human,signed,0.0089,0.078,0.1141025641025641,1,0.1141025641025641,0,Europe,NA,8500
temporal_spd,region_age,climate,signed,0.0689,0.061,1.1295081967213116,1,1.1295081967213116,0,Latin America,NA,500
temporal_spd,region_age,human,signed,-0.0075,0.061,-0.12295081967213115,1,-0.12295081967213115,0,Latin America,NA,500
temporal_spd,region_age,climate,signed,0.0946,0.093,1.017204301075269,1,1.017204301075269,0,Latin America,NA,1000
temporal_spd,region_age,human,signed,-0.0015,0.093,-0.016129032258064516,1,-0.016129032258064516,0,Latin America,NA,1000
temporal_spd,region_age,climate,signed,0.1278,0.144,0.8875000000000001,1,0.8875000000000001,0,Latin America,NA,1500
temporal_spd,region_age,human,signed,0.0164,0.144,0.1138888888888889,1,0.1138888888888889,0,Latin America,NA,1500
temporal_spd,region_age,climate,signed,0.1496,0.153,0.9777777777777779,1,0.9777777777777779,0,Latin America,NA,2000
temporal_spd,region_age,human,signed,0.003,0.153,0.0196078431372549,1,0.0196078431372549,0,Latin America,NA,2000
temporal_spd,region_age,climate,signed,0.1453,0.152,0.955921052631579,1,0.955921052631579,0,Latin America,NA,2500
temporal_spd,region_age,human,signed,0.0068,0.152,0.04473684210526316,1,0.04473684210526316,0,Latin America,NA,2500
temporal_spd,region_age,climate,signed,0.1837,0.193,0.9518134715025907,1,0.9518134715025907,0,Latin America,NA,3000
temporal_spd,region_age,human,signed,0.009,0.193,0.0466321243523316,1,0.0466321243523316,0,Latin America,NA,3000
temporal_spd,region_age,climate,signed,0.1927,0.207,0.9309178743961354,1,0.9309178743961354,0,Latin America,NA,3500
temporal_spd,region_age,human,signed,0.0146,0.207,0.07053140096618359,1,0.07053140096618359,0,Latin America,NA,3500
temporal_spd,region_age,climate,signed,0.1913,0.218,0.8775229357798165,1,0.8775229357798165,0,Latin America,NA,4000
temporal_spd,region_age,human,signed,0.027,0.218,0.1238532110091743,1,0.1238532110091743,0,Latin America,NA,4000
temporal_spd,region_age,climate,signed,0.1816,0.197,0.9218274111675127,1,0.9218274111675127,0,Latin America,NA,4500
temporal_spd,region_age,human,signed,0.0157,0.197,0.0796954314720812,1,0.0796954314720812,0,Latin America,NA,4500
temporal_spd,region_age,climate,signed,0.1821,0.207,0.8797101449275363,1,0.8797101449275363,0,Latin America,NA,5000
temporal_spd,region_age,human,signed,0.0252,0.207,0.12173913043478261,1,0.12173913043478261,0,Latin America,NA,5000
temporal_spd,region_age,climate,signed,0.1684,0.178,0.946067415730337,1,0.946067415730337,0,Latin America,NA,5500
temporal_spd,region_age,human,signed,0.0094,0.178,0.052808988764044947,1,0.052808988764044947,0,Latin America,NA,5500
temporal_spd,region_age,climate,signed,0.1557,0.165,0.9436363636363636,1,0.9436363636363636,0,Latin America,NA,6000
temporal_spd,region_age,human,signed,0.0096,0.165,0.058181818181818175,1,0.058181818181818175,0,Latin America,NA,6000
temporal_spd,region_age,climate,signed,0.163,0.159,1.0251572327044025,1,1.0251572327044025,0,Latin America,NA,6500
temporal_spd,region_age,human,signed,-0.0044,0.159,-0.027672955974842768,1,-0.027672955974842768,0,Latin America,NA,6500
temporal_spd,region_age,climate,signed,0.122,0.128,0.953125,1,0.953125,0,Latin America,NA,7000
temporal_spd,region_age,human,signed,0.0064,0.128,0.05,1,0.05,0,Latin America,NA,7000
temporal_spd,region_age,climate,signed,0.1495,0.156,0.9583333333333333,1,0.9583333333333333,0,Latin America,NA,7500
temporal_spd,region_age,human,signed,0.0065,0.156,0.041666666666666664,1,0.041666666666666664,0,Latin America,NA,7500
temporal_spd,region_age,climate,signed,0.1198,0.172,0.6965116279069768,1,0.6965116279069768,0,Latin America,NA,8000
temporal_spd,region_age,human,signed,0.0524,0.172,0.3046511627906977,1,0.3046511627906977,0,Latin America,NA,8000
temporal_spd,region_age,climate,signed,0.1274,0.137,0.9299270072992701,1,0.9299270072992701,0,Latin America,NA,8500
temporal_spd,region_age,human,signed,0.0097,0.137,0.0708029197080292,1,0.0708029197080292,0,Latin America,NA,8500
temporal_spd,region_age,climate,signed,0.1045,0.158,0.6613924050632911,1,0.6613924050632911,0,North America,NA,500
temporal_spd,region_age,human,signed,0.0532,0.158,0.33670886075949363,1,0.33670886075949363,0,North America,NA,500
temporal_spd,region_age,climate,signed,0.0931,0.103,0.9038834951456312,1,0.9038834951456312,0,North America,NA,1000
temporal_spd,region_age,human,signed,0.0102,0.103,0.09902912621359225,1,0.09902912621359225,0,North America,NA,1000
temporal_spd,region_age,climate,signed,0.0961,0.103,0.9330097087378642,1,0.9330097087378642,0,North America,NA,1500
temporal_spd,region_age,human,signed,0.0072,0.103,0.06990291262135923,1,0.06990291262135923,0,North America,NA,1500
temporal_spd,region_age,climate,signed,0.0979,0.103,0.950485436893204,1,0.950485436893204,0,North America,NA,2000
temporal_spd,region_age,human,signed,0.0054,0.103,0.052427184466019426,1,0.052427184466019426,0,North America,NA,2000
temporal_spd,region_age,climate,signed,0.1004,0.109,0.9211009174311927,1,0.9211009174311927,0,North America,NA,2500
temporal_spd,region_age,human,signed,0.0082,0.109,0.07522935779816514,1,0.07522935779816514,0,North America,NA,2500
temporal_spd,region_age,climate,signed,0.1033,0.114,0.906140350877193,1,0.906140350877193,0,North America,NA,3000
temporal_spd,region_age,human,signed,0.011,0.114,0.09649122807017543,1,0.09649122807017543,0,North America,NA,3000
temporal_spd,region_age,climate,signed,0.1002,0.104,0.9634615384615385,1,0.9634615384615385,0,North America,NA,3500
temporal_spd,region_age,human,signed,0.0038,0.104,0.03653846153846154,1,0.03653846153846154,0,North America,NA,3500
temporal_spd,region_age,climate,signed,0.0879,0.098,0.8969387755102041,1,0.8969387755102041,0,North America,NA,4000
temporal_spd,region_age,human,signed,0.0103,0.098,0.10510204081632653,1,0.10510204081632653,0,North America,NA,4000
temporal_spd,region_age,climate,signed,0.0982,0.107,0.9177570093457944,1,0.9177570093457944,0,North America,NA,4500
temporal_spd,region_age,human,signed,0.0092,0.107,0.08598130841121496,1,0.08598130841121496,0,North America,NA,4500
temporal_spd,region_age,climate,signed,0.1011,0.108,0.9361111111111111,1,0.9361111111111111,0,North America,NA,5000
temporal_spd,region_age,human,signed,0.0067,0.108,0.062037037037037036,1,0.062037037037037036,0,North America,NA,5000
temporal_spd,region_age,climate,signed,0.087,0.098,0.8877551020408162,1,0.8877551020408162,0,North America,NA,5500
temporal_spd,region_age,human,signed,0.0114,0.098,0.11632653061224489,1,0.11632653061224489,0,North America,NA,5500
temporal_spd,region_age,climate,signed,0.0931,0.106,0.8783018867924529,1,0.8783018867924529,0,North America,NA,6000
temporal_spd,region_age,human,signed,0.0125,0.106,0.11792452830188681,1,0.11792452830188681,0,North America,NA,6000
temporal_spd,region_age,climate,signed,0.0944,0.104,0.9076923076923077,1,0.9076923076923077,0,North America,NA,6500
temporal_spd,region_age,human,signed,0.0092,0.104,0.08846153846153847,1,0.08846153846153847,0,North America,NA,6500
temporal_spd,region_age,climate,signed,0.0938,0.106,0.8849056603773585,1,0.8849056603773585,0,North America,NA,7000
temporal_spd,region_age,human,signed,0.0121,0.106,0.11415094339622642,1,0.11415094339622642,0,North America,NA,7000
temporal_spd,region_age,climate,signed,0.0924,0.104,0.8884615384615384,1,0.8884615384615384,0,North America,NA,7500
temporal_spd,region_age,human,signed,0.0119,0.104,0.11442307692307693,1,0.11442307692307693,0,North America,NA,7500
temporal_spd,region_age,climate,signed,0.1183,0.125,0.9464,1,0.9464,0,North America,NA,8000
temporal_spd,region_age,human,signed,0.0066,0.125,0.0528,1,0.0528,0,North America,NA,8000
temporal_spd,region_age,climate,signed,0.1151,0.12,0.9591666666666666,1,0.9591666666666666,0,North America,NA,8500
temporal_spd,region_age,human,signed,0.0048,0.12,0.04,1,0.04,0,North America,NA,8500
temporal_spd,region_age,climate,signed,0.0852,0.093,0.9161290322580645,1,0.9161290322580645,0,Oceania,NA,500
temporal_spd,region_age,human,signed,0.0074,0.093,0.07956989247311828,1,0.07956989247311828,0,Oceania,NA,500
temporal_spd,region_age,climate,signed,0.0631,0.094,0.6712765957446809,1,0.6712765957446809,0,Oceania,NA,1000
temporal_spd,region_age,human,signed,0.0314,0.094,0.33404255319148934,1,0.33404255319148934,0,Oceania,NA,1000
temporal_spd,region_age,climate,signed,0.0559,0.083,0.6734939759036144,1,0.6734939759036144,0,Oceania,NA,1500
temporal_spd,region_age,human,signed,0.0268,0.083,0.3228915662650602,1,0.3228915662650602,0,Oceania,NA,1500
temporal_spd,region_age,climate,signed,0.0083,0.032,0.259375,1,0.259375,0,Oceania,NA,2000
temporal_spd,region_age,human,signed,0.0232,0.032,0.725,1,0.725,0,Oceania,NA,2000
temporal_spd,region_age,climate,signed,0.0794,0.102,0.7784313725490196,1,0.7784313725490196,0,Oceania,NA,2500
temporal_spd,region_age,human,signed,0.0224,0.102,0.21960784313725493,1,0.21960784313725493,0,Oceania,NA,2500
temporal_spd,region_age,climate,signed,0.123,0.153,0.803921568627451,1,0.803921568627451,0,Oceania,NA,3000
temporal_spd,region_age,human,signed,0.0304,0.153,0.19869281045751636,1,0.19869281045751636,0,Oceania,NA,3000
temporal_spd,region_age,climate,signed,0.1355,0.16,0.846875,1,0.846875,0,Oceania,NA,3500
temporal_spd,region_age,human,signed,0.0243,0.16,0.15187499999999998,1,0.15187499999999998,0,Oceania,NA,3500
temporal_spd,region_age,climate,signed,0.0957,0.106,0.9028301886792452,1,0.9028301886792452,0,Oceania,NA,4000
temporal_spd,region_age,human,signed,0.0101,0.106,0.09528301886792452,1,0.09528301886792452,0,Oceania,NA,4000
temporal_spd,region_age,climate,signed,0.1186,0.123,0.9642276422764228,1,0.9642276422764228,0,Oceania,NA,4500
temporal_spd,region_age,human,signed,0.0048,0.123,0.03902439024390244,1,0.03902439024390244,0,Oceania,NA,4500
temporal_spd,region_age,climate,signed,0.0633,0.076,0.8328947368421052,1,0.8328947368421052,0,Oceania,NA,5000
temporal_spd,region_age,human,signed,0.0126,0.076,0.16578947368421054,1,0.16578947368421054,0,Oceania,NA,5000
temporal_spd,region_age,climate,signed,0.0631,0.069,0.9144927536231884,1,0.9144927536231884,0,Oceania,NA,5500
temporal_spd,region_age,human,signed,0.0057,0.069,0.08260869565217391,1,0.08260869565217391,0,Oceania,NA,5500
temporal_spd,region_age,climate,signed,0.0688,0.068,1.011764705882353,1,1.011764705882353,0,Oceania,NA,6000
temporal_spd,region_age,human,signed,-0.0013,0.068,-0.019117647058823527,1,-0.019117647058823527,0,Oceania,NA,6000
temporal_spd,region_age,climate,signed,0.0866,0.074,1.1702702702702703,1,1.1702702702702703,0,Oceania,NA,6500
temporal_spd,region_age,human,signed,-0.0124,0.074,-0.16756756756756758,1,-0.16756756756756758,0,Oceania,NA,6500
temporal_spd,region_age,climate,signed,0.0584,0.051,1.1450980392156864,1,1.1450980392156864,0,Oceania,NA,7500
temporal_spd,region_age,human,signed,-0.007,0.051,-0.13725490196078433,1,-0.13725490196078433,0,Oceania,NA,7500
temporal_spd,region_age,climate,signed,0.0847,0.083,1.0204819277108432,1,1.0204819277108432,0,Oceania,NA,8000
temporal_spd,region_age,human,signed,-0.0015,0.083,-0.018072289156626505,1,-0.018072289156626505,0,Oceania,NA,8000
temporal_spd,region_age,climate,signed,0.1405,0.141,0.99645390070922,1,0.99645390070922,0,Oceania,NA,8500
temporal_spd,region_age,human,signed,4e-4,0.141,0.002836879432624114,1,0.002836879432624114,0,Oceania,NA,8500
temporal_events,region_age,climate,zero_truncated,0.0718,0.13640000000000002,0.5263929618768328,1,0.5279411764705882,-0.001548214593755426,Asia,NA,500
temporal_events,region_age,human,zero_truncated,0.0646,0.13640000000000002,0.4736070381231671,1,0.475,-0.0013929618768328544,Asia,NA,500
temporal_events,region_age,climate,zero_truncated,0.0429,0.0938,0.45735607675906187,1,0.4563829787234043,9.730980356575936e-4,Asia,NA,1000
temporal_events,region_age,human,zero_truncated,0.0509,0.0938,0.5426439232409382,1,0.5414893617021277,0.0011545615388105501,Asia,NA,1000
temporal_events,region_age,climate,zero_truncated,0.0517,0.1291,0.40046475600309844,1,0.4007751937984496,-3.1043779535117055e-4,Asia,NA,1500
temporal_events,region_age,human,zero_truncated,0.0774,0.1291,0.5995352439969016,1,0.6,-4.647560030983655e-4,Asia,NA,1500
temporal_events,region_age,climate,zero_truncated,0.0533,0.1106,0.4819168173598553,1,0.48018018018018016,0.001736637179675149,Asia,NA,2000
temporal_events,region_age,human,zero_truncated,0.0573,0.1106,0.5180831826401446,1,0.5162162162162162,0.0018669664239284733,Asia,NA,2000
temporal_events,region_age,climate,zero_truncated,0.0655,0.1071,0.611577964519141,1,0.6121495327102804,-5.715681911393489e-4,Asia,NA,2500
temporal_events,region_age,human,zero_truncated,0.0416,0.1071,0.38842203548085896,1,0.38878504672897196,-3.630112481129988e-4,Asia,NA,2500
temporal_events,region_age,climate,zero_truncated,0.0691,0.11349999999999999,0.6088105726872247,1,0.611504424778761,-0.002693852091536275,Asia,NA,3000
temporal_events,region_age,human,zero_truncated,0.0444,0.11349999999999999,0.3911894273127754,1,0.3929203539823009,-0.001730926669525512,Asia,NA,3000
temporal_events,region_age,climate,zero_truncated,0.0893,0.09960000000000001,0.896586345381526,1,0.893,0.0035863453815260238,Asia,NA,3500
temporal_events,region_age,human,zero_truncated,0.0103,0.09960000000000001,0.10341365461847389,1,0.103,4.136546184738965e-4,Asia,NA,3500
temporal_events,region_age,climate,zero_truncated,0.0679,0.0955,0.7109947643979058,1,0.7072916666666667,0.0037030977312391133,Asia,NA,4000
temporal_events,region_age,human,zero_truncated,0.0276,0.0955,0.28900523560209423,1,0.2875,0.001505235602094257,Asia,NA,4000
temporal_events,region_age,climate,zero_truncated,0.0763,0.09330000000000001,0.8177920685959271,1,0.8204301075268818,-0.0026380389309547114,Asia,NA,4500
temporal_events,region_age,human,zero_truncated,0.017,0.09330000000000001,0.18220793140407288,1,0.1827956989247312,-5.877675206583111e-4,Asia,NA,4500
temporal_events,region_age,climate,zero_truncated,0.0758,0.09770000000000001,0.7758444216990789,1,0.7734693877551021,0.0023750339439767565,Asia,NA,5000
temporal_events,region_age,human,zero_truncated,0.0219,0.09770000000000001,0.22415557830092117,1,0.22346938775510203,6.861905458191431e-4,Asia,NA,5000
temporal_events,region_age,climate,zero_truncated,0.0915,0.1041,0.8789625360230547,1,0.8798076923076923,-8.451562846375493e-4,Asia,NA,5500
temporal_events,region_age,human,zero_truncated,0.0126,0.1041,0.12103746397694524,1,0.12115384615384615,-1.163821769009088e-4,Asia,NA,5500
temporal_events,region_age,climate,zero_truncated,0.0935,0.099,0.9444444444444444,1,0.9444444444444444,0,Asia,NA,6000
temporal_events,region_age,human,zero_truncated,0.0055,0.099,0.05555555555555555,1,0.05555555555555555,0,Asia,NA,6000
temporal_events,region_age,climate,zero_truncated,0.1074,0.1099,0.9772520473157416,1,0.9763636363636363,8.884109521052341e-4,Asia,NA,6500
temporal_events,region_age,human,zero_truncated,0.0025,0.1099,0.02274795268425842,1,0.022727272727272728,2.0679956985691222e-5,Asia,NA,6500
temporal_events,region_age,climate,zero_truncated,0.1207,0.13040000000000002,0.9256134969325153,1,0.9284615384615384,-0.002848041529023182,Asia,NA,7000
temporal_events,region_age,human,zero_truncated,0.0097,0.13040000000000002,0.07438650306748465,1,0.07461538461538461,-2.2888154789996173e-4,Asia,NA,7000
temporal_events,region_age,climate,zero_truncated,0.1277,0.13490000000000002,0.9466271312083023,1,0.945925925925926,7.012052823763826e-4,Asia,NA,7500
temporal_events,region_age,human,zero_truncated,0.0072,0.13490000000000002,0.053372868791697545,1,0.05333333333333333,3.9535458364214904e-5,Asia,NA,7500
temporal_events,region_age,climate,zero_truncated,0.1574,0.1663,0.9464822609741431,1,0.9481927710843374,-0.0017105101101942966,Asia,NA,8000
temporal_events,region_age,human,zero_truncated,0.0089,0.1663,0.05351773902585688,1,0.0536144578313253,-9.671880546841677e-5,Asia,NA,8000
temporal_events,region_age,climate,zero_truncated,0.1602,0.1724,0.9292343387470998,1,0.9313953488372094,-0.002161010090109605,Asia,NA,8500
temporal_events,region_age,human,zero_truncated,0.0122,0.1724,0.07076566125290024,1,0.07093023255813954,-1.645713052393083e-4,Asia,NA,8500
temporal_events,region_age,climate,zero_truncated,0.067,0.0815,0.8220858895705522,1,0.8170731707317074,0.0050127188388447985,Europe,NA,500
temporal_events,region_age,human,zero_truncated,0.0145,0.0815,0.17791411042944785,1,0.17682926829268292,0.0010848421367649352,Europe,NA,500
temporal_events,region_age,climate,zero_truncated,0.1067,0.1264,0.8441455696202531,1,0.8468253968253968,-0.0026798272051437033,Europe,NA,1000
temporal_events,region_age,human,zero_truncated,0.0197,0.1264,0.1558544303797468,1,0.15634920634920635,-4.947759694595433e-4,Europe,NA,1000
temporal_events,region_age,climate,zero_truncated,0.0939,0.1149,0.8172323759791122,1,0.8165217391304347,7.106368486775594e-4,Europe,NA,1500
temporal_events,region_age,human,zero_truncated,0.021,0.1149,0.18276762402088773,1,0.1826086956521739,1.589283687138121e-4,Europe,NA,1500
temporal_events,region_age,climate,zero_truncated,0.0854,0.108,0.7907407407407407,1,0.7907407407407407,0,Europe,NA,2000
temporal_events,region_age,human,zero_truncated,0.0226,0.108,0.20925925925925926,1,0.20925925925925926,0,Europe,NA,2000
temporal_events,region_age,climate,zero_truncated,0.0711,0.0839,0.8474374255065553,1,0.8464285714285713,0.0010088540779840116,Europe,NA,2500
temporal_events,region_age,human,zero_truncated,0.0128,0.0839,0.15256257449344457,1,0.15238095238095237,1.816221124922024e-4,Europe,NA,2500
temporal_events,region_age,climate,zero_truncated,0.0612,0.0715,0.855944055944056,1,0.85,0.005944055944056004,Europe,NA,3000
temporal_events,region_age,human,zero_truncated,0.0103,0.0715,0.14405594405594407,1,0.14305555555555557,0.0010003885003884994,Europe,NA,3000
temporal_events,region_age,climate,zero_truncated,0.0559,0.0886,0.6309255079006771,1,0.6280898876404495,0.002835620260227656,Europe,NA,3500
temporal_events,region_age,human,zero_truncated,0.0327,0.0886,0.3690744920993228,1,0.3674157303370787,0.0016587617622441098,Europe,NA,3500
temporal_events,region_age,climate,zero_truncated,0.085,0.09140000000000001,0.9299781181619255,1,0.9340659340659342,-0.00408781590400864,Europe,NA,4000
temporal_events,region_age,human,zero_truncated,0.0064,0.09140000000000001,0.0700218818380744,1,0.07032967032967033,-3.077884915959339e-4,Europe,NA,4000
temporal_events,region_age,climate,zero_truncated,0.0849,0.0893,0.9507278835386338,1,0.953932584269663,-0.0032047007310291864,Europe,NA,4500
temporal_events,region_age,human,zero_truncated,0.0044,0.0893,0.04927211646136618,1,0.04943820224719102,-1.6608578582483907e-4,Europe,NA,4500
temporal_events,region_age,climate,zero_truncated,0.0702,0.07919999999999999,0.8863636363636365,1,0.8886075949367088,-0.0022439585730723577,Europe,NA,5000
temporal_events,region_age,human,zero_truncated,0.009,0.07919999999999999,0.11363636363636363,1,0.11392405063291139,-2.876869965477563e-4,Europe,NA,5000
temporal_events,region_age,climate,zero_truncated,0.086,0.08869999999999999,0.9695603156708005,1,0.9662921348314606,0.003268180839339885,Europe,NA,5500
temporal_events,region_age,human,zero_truncated,0.0027,0.08869999999999999,0.030439684329199555,1,0.030337078651685397,1.0260567751415803e-4,Europe,NA,5500
temporal_events,region_age,climate,zero_truncated,0.0773,0.1045,0.7397129186602871,1,0.7432692307692308,-0.0035563121089436933,Europe,NA,6000
temporal_events,region_age,human,zero_truncated,0.0272,0.1045,0.2602870813397129,1,0.26153846153846155,-0.0012513801987486528,Europe,NA,6000
temporal_events,region_age,climate,zero_truncated,0.0717,0.0742,0.9663072776280324,1,0.968918918918919,-0.002611641290886646,Europe,NA,6500
temporal_events,region_age,human,zero_truncated,0.0025,0.0742,0.03369272237196765,1,0.033783783783783786,-9.10614118161332e-5,Europe,NA,6500
temporal_events,region_age,climate,zero_truncated,0.0799,0.1002,0.7974051896207585,1,0.7989999999999999,-0.0015948103792414736,Europe,NA,7000
temporal_events,region_age,human,zero_truncated,0.0203,0.1002,0.2025948103792415,1,0.20299999999999999,-4.0518962075847265e-4,Europe,NA,7000
temporal_events,region_age,climate,zero_truncated,0.0786,0.10550000000000001,0.7450236966824644,1,0.7415094339622642,0.0035142627202001675,Europe,NA,7500
temporal_events,region_age,human,zero_truncated,0.0269,0.10550000000000001,0.2549763033175355,1,0.2537735849056604,0.0012027184118751366,Europe,NA,7500
temporal_events,region_age,climate,zero_truncated,0.0778,0.0867,0.8973471741637831,1,0.8942528735632184,0.0030943006005647034,Europe,NA,8000
temporal_events,region_age,human,zero_truncated,0.0089,0.0867,0.10265282583621683,1,0.10229885057471265,3.539752615041858e-4,Europe,NA,8000
temporal_events,region_age,climate,zero_truncated,0.074,0.0781,0.9475032010243277,1,0.9487179487179487,-0.0012147476936209545,Europe,NA,8500
temporal_events,region_age,human,zero_truncated,0.0041,0.0781,0.05249679897567222,1,0.05256410256410257,-6.730358843035078e-5,Europe,NA,8500
temporal_events,region_age,climate,zero_truncated,0.0687,0.0784,0.8762755102040817,1,0.8807692307692307,-0.004493720565149073,Latin America,NA,500
temporal_events,region_age,human,zero_truncated,0.0097,0.0784,0.12372448979591838,1,0.12435897435897436,-6.344845630559814e-4,Latin America,NA,500
temporal_events,region_age,climate,zero_truncated,0.095,0.095,1,1,1.021505376344086,-0.021505376344086002,Latin America,NA,1000
temporal_events,region_age,human,zero_truncated,0,0.095,0,1,-0.02258064516129032,0.02258064516129032,Latin America,NA,1000
temporal_events,region_age,climate,zero_truncated,0.1286,0.1294,0.9938176197836167,1,0.9968992248062014,-0.003081605022584699,Latin America,NA,1500
temporal_events,region_age,human,zero_truncated,8e-4,0.1294,0.006182380216383308,1,0.006201550387596899,-1.9170171213590825e-5,Latin America,NA,1500
temporal_events,region_age,climate,zero_truncated,0.151,0.1568,0.9630102040816326,1,0.9617834394904459,0.0012267645911867575,Latin America,NA,2000
temporal_events,region_age,human,zero_truncated,0.0058,0.1568,0.036989795918367346,1,0.03694267515923567,4.7120759131678847e-5,Latin America,NA,2000
temporal_events,region_age,climate,zero_truncated,0.1404,0.159,0.8830188679245282,1,0.8830188679245282,0,Latin America,NA,2500
temporal_events,region_age,human,zero_truncated,0.0186,0.159,0.11698113207547169,1,0.11698113207547169,0,Latin America,NA,2500
temporal_events,region_age,climate,zero_truncated,0.1672,0.17179999999999998,0.9732246798603027,1,0.9720930232558139,0.0011316566044887733,Latin America,NA,3000
temporal_events,region_age,human,zero_truncated,0.0046,0.17179999999999998,0.026775320139697325,1,0.02674418604651163,3.1134093185693906e-5,Latin America,NA,3000
temporal_events,region_age,climate,zero_truncated,0.1634,0.1828,0.8938730853391684,1,0.8928961748633879,9.769104757805236e-4,Latin America,NA,3500
temporal_events,region_age,human,zero_truncated,0.0194,0.1828,0.10612691466083152,1,0.10601092896174864,1.1598569908287393e-4,Latin America,NA,3500
temporal_events,region_age,climate,zero_truncated,0.1758,0.18880000000000002,0.9311440677966101,1,0.9301587301587302,9.853376378798906e-4,Latin America,NA,4000
temporal_events,region_age,human,zero_truncated,0.013,0.18880000000000002,0.06885593220338981,1,0.06878306878306878,7.286342032103432e-5,Latin America,NA,4000
temporal_events,region_age,climate,zero_truncated,0.1668,0.17830000000000001,0.9355019629837352,1,0.9370786516853933,-0.0015766887016580577,Latin America,NA,4500
temporal_events,region_age,human,zero_truncated,0.0115,0.17830000000000001,0.06449803701626472,1,0.06460674157303371,-1.0870455676899315e-4,Latin America,NA,4500
temporal_events,region_age,climate,zero_truncated,0.1677,0.1677,1,1,1.0163636363636361,-0.016363636363636136,Latin America,NA,5000
temporal_events,region_age,human,zero_truncated,0,0.1677,0,1,-0.018787878787878787,0.018787878787878787,Latin America,NA,5000
temporal_events,region_age,climate,zero_truncated,0.1625,0.1625,1,1,1.015625,-0.015625,Latin America,NA,5500
temporal_events,region_age,human,zero_truncated,0,0.1625,0,1,-0.01625,0.01625,Latin America,NA,5500
temporal_events,region_age,climate,zero_truncated,0.1538,0.1538,1,1,1.0118421052631579,-0.011842105263157876,Latin America,NA,6000
temporal_events,region_age,human,zero_truncated,0,0.1538,0,1,-0.011842105263157895,0.011842105263157895,Latin America,NA,6000
temporal_events,region_age,climate,zero_truncated,0.161,0.1642,0.9805115712545676,1,0.9817073170731707,-0.0011957458186031555,Latin America,NA,6500
temporal_events,region_age,human,zero_truncated,0.0032,0.1642,0.0194884287454324,1,0.01951219512195122,-2.3766376518821047e-5,Latin America,NA,6500
temporal_events,region_age,climate,zero_truncated,0.124,0.1317,0.9415337889141988,1,0.9393939393939393,0.0021398495202594736,Latin America,NA,7000
temporal_events,region_age,human,zero_truncated,0.0077,0.1317,0.05846621108580106,1,0.058333333333333334,1.3287775246772354e-4,Latin America,NA,7000
temporal_events,region_age,climate,zero_truncated,0.1417,0.14509999999999998,0.976567884217781,1,0.9772413793103448,-6.734950925638694e-4,Latin America,NA,7500
temporal_events,region_age,human,zero_truncated,0.0034,0.14509999999999998,0.02343211578221916,1,0.023448275862068966,-1.6160079849805026e-5,Latin America,NA,7500
temporal_events,region_age,climate,zero_truncated,0.1162,0.1162,1,1,1.0468468468468468,-0.04684684684684681,Latin America,NA,8000
temporal_events,region_age,human,zero_truncated,0,0.1162,0,1,-0.047747747747747746,0.047747747747747746,Latin America,NA,8000
temporal_events,region_age,climate,zero_truncated,0.1219,0.1219,1,1,1.0418803418803417,-0.04188034188034173,Latin America,NA,8500
temporal_events,region_age,human,zero_truncated,0,0.1219,0,1,-0.04444444444444444,0.04444444444444444,Latin America,NA,8500
temporal_events,region_age,climate,zero_truncated,0.1032,0.1583,0.6519267214150347,1,0.6531645569620254,-0.00123783554699064,North America,NA,500
temporal_events,region_age,human,zero_truncated,0.0551,0.1583,0.3480732785849653,1,0.3487341772151899,-6.608986302246156e-4,North America,NA,500
temporal_events,region_age,climate,zero_truncated,0.0947,0.1092,0.8672161172161172,1,0.8688073394495414,-0.0015912222334241166,North America,NA,1000
temporal_events,region_age,human,zero_truncated,0.0145,0.1092,0.13278388278388278,1,0.13302752293577982,-2.4364015189703991e-4,North America,NA,1000
temporal_events,region_age,climate,zero_truncated,0.0953,0.1018,0.9361493123772101,1,0.9343137254901961,0.001835586887014018,North America,NA,1500
temporal_events,region_age,human,zero_truncated,0.0065,0.1018,0.06385068762278978,1,0.06372549019607843,1.2519742671135425e-4,North America,NA,1500
temporal_events,region_age,climate,zero_truncated,0.0974,0.1007,0.9672293942403178,1,0.9643564356435643,0.0028729585967535165,North America,NA,2000
temporal_events,region_age,human,zero_truncated,0.0033,0.1007,0.03277060575968223,1,0.03267326732673267,9.733843294956052e-5,North America,NA,2000
temporal_events,region_age,climate,zero_truncated,0.0964,0.1025,0.9404878048780488,1,0.9450980392156864,-0.00461023433763752,North America,NA,2500
temporal_events,region_age,human,zero_truncated,0.0061,0.1025,0.059512195121951224,1,0.05980392156862746,-2.9172644667623676e-4,North America,NA,2500
temporal_events,region_age,climate,zero_truncated,0.1001,0.10769999999999999,0.9294336118848654,1,0.9268518518518518,0.0025817600330135804,North America,NA,3000
temporal_events,region_age,human,zero_truncated,0.0076,0.10769999999999999,0.07056638811513465,1,0.07037037037037037,1.960177447642708e-4,North America,NA,3000
temporal_events,region_age,climate,zero_truncated,0.097,0.10540000000000001,0.920303605313093,1,0.9238095238095239,-0.003505918496430893,North America,NA,3500
temporal_events,region_age,human,zero_truncated,0.0084,0.10540000000000001,0.07969639468690701,1,0.08,-3.0360531309299443e-4,North America,NA,3500
temporal_events,region_age,climate,zero_truncated,0.0872,0.0943,0.9247083775185578,1,0.9276595744680851,-0.0029511969495272794,North America,NA,4000
temporal_events,region_age,human,zero_truncated,0.0071,0.0943,0.07529162248144221,1,0.07553191489361702,-2.4029241217481123e-4,North America,NA,4000
temporal_events,region_age,climate,zero_truncated,0.0957,0.10329999999999999,0.9264278799612778,1,0.929126213592233,-0.002698333630955174,North America,NA,4500
temporal_events,region_age,human,zero_truncated,0.0076,0.10329999999999999,0.07357212003872218,1,0.07378640776699029,-2.1428772826810605e-4,North America,NA,4500
temporal_events,region_age,climate,zero_truncated,0.0978,0.1086,0.9005524861878452,1,0.8972477064220183,0.003304779765826882,North America,NA,5000
temporal_events,region_age,human,zero_truncated,0.0108,0.1086,0.0994475138121547,1,0.09908256880733946,3.6494500481525083e-4,North America,NA,5000
temporal_events,region_age,climate,zero_truncated,0.0839,0.09280000000000001,0.9040948275862069,1,0.9021505376344087,0.0019442899517981838,North America,NA,5500
temporal_events,region_age,human,zero_truncated,0.0089,0.09280000000000001,0.0959051724137931,1,0.0956989247311828,2.0624768261029436e-4,North America,NA,5500
temporal_events,region_age,climate,zero_truncated,0.0898,0.09920000000000001,0.9052419354838709,1,0.907070707070707,-0.001828771586836142,North America,NA,6000
temporal_events,region_age,human,zero_truncated,0.0094,0.09920000000000001,0.09475806451612903,1,0.09494949494949495,-1.9143043336591892e-4,North America,NA,6000
temporal_events,region_age,climate,zero_truncated,0.0905,0.0993,0.9113796576032225,1,0.914141414141414,-0.002761756538191551,North America,NA,6500
temporal_events,region_age,human,zero_truncated,0.0088,0.0993,0.08862034239677745,1,0.08888888888888889,-2.685464921114433e-4,North America,NA,6500
temporal_events,region_age,climate,zero_truncated,0.0937,0.09480000000000001,0.9883966244725738,1,0.9863157894736843,0.002080834998889558,North America,NA,7000
temporal_events,region_age,human,zero_truncated,0.0011,0.09480000000000001,0.01160337552742616,1,0.011578947368421053,2.4428159005105907e-5,North America,NA,7000
temporal_events,region_age,climate,zero_truncated,0.0882,0.10300000000000001,0.8563106796116504,1,0.8563106796116505,-1.1102230246251565e-16,North America,NA,7500
temporal_events,region_age,human,zero_truncated,0.0148,0.10300000000000001,0.1436893203883495,1,0.14368932038834953,-2.7755575615628914e-17,North America,NA,7500
temporal_events,region_age,climate,zero_truncated,0.1074,0.13219999999999998,0.8124054462934948,1,0.8136363636363636,-0.0012309173428688425,North America,NA,8000
temporal_events,region_age,human,zero_truncated,0.0248,0.13219999999999998,0.18759455370650532,1,0.18787878787878787,-2.8423417228254366e-4,North America,NA,8000
temporal_events,region_age,climate,zero_truncated,0.1051,0.1473,0.7135098438560761,1,0.7149659863945579,-0.0014561425384818083,North America,NA,8500
temporal_events,region_age,human,zero_truncated,0.0422,0.1473,0.286490156143924,1,0.2870748299319728,-5.846737880488284e-4,North America,NA,8500
temporal_events,region_age,climate,zero_truncated,0.0856,0.0856,1,1,1.2588235294117645,-0.25882352941176445,Oceania,NA,500
temporal_events,region_age,human,zero_truncated,0,0.0856,0,1,-0.2647058823529411,0.2647058823529411,Oceania,NA,500
temporal_events,region_age,climate,zero_truncated,0.0864,0.11860000000000001,0.7284991568296796,1,0.7260504201680673,0.002448736661612272,Oceania,NA,1000
temporal_events,region_age,human,zero_truncated,0.0322,0.11860000000000001,0.27150084317032036,1,0.27058823529411763,9.126078762027312e-4,Oceania,NA,1000
temporal_events,region_age,climate,zero_truncated,0.0727,0.0727,1,1,1.0850746268656717,-0.08507462686567169,Oceania,NA,1500
temporal_events,region_age,human,zero_truncated,0,0.0727,0,1,-0.08208955223880596,0.08208955223880596,Oceania,NA,1500
temporal_events,region_age,climate,zero_truncated,0.0211,0.030699999999999998,0.6872964169381108,1,0.6806451612903226,0.0066512556477882345,Oceania,NA,2000
temporal_events,region_age,human,zero_truncated,0.0096,0.030699999999999998,0.3127035830618892,1,0.30967741935483867,0.0030261637070505554,Oceania,NA,2000
temporal_events,region_age,climate,zero_truncated,0.1016,0.1214,0.8369028006589786,1,0.8396694214876033,-0.0027666208286246663,Oceania,NA,2500
temporal_events,region_age,human,zero_truncated,0.0198,0.1214,0.16309719934102143,1,0.16363636363636366,-5.391642953422315e-4,Oceania,NA,2500
temporal_events,region_age,climate,zero_truncated,0.1241,0.1414,0.8776520509193777,1,0.8801418439716313,-0.0024897930522536083,Oceania,NA,3000
temporal_events,region_age,human,zero_truncated,0.0173,0.1414,0.12234794908062234,1,0.12269503546099292,-3.470863803705787e-4,Oceania,NA,3000
temporal_events,region_age,climate,zero_truncated,0.1352,0.1352,1,1,1.1266666666666667,-0.1266666666666667,Oceania,NA,3500
temporal_events,region_age,human,zero_truncated,0,0.1352,0,1,-0.1225,0.1225,Oceania,NA,3500
temporal_events,region_age,climate,zero_truncated,0.0995,0.0995,1,1,1.1436781609195403,-0.14367816091954033,Oceania,NA,4000
temporal_events,region_age,human,zero_truncated,0,0.0995,0,1,-0.14367816091954025,0.14367816091954025,Oceania,NA,4000
temporal_spd,region_age,climate,zero_truncated,0.0949,0.0949,1,1,1.0315217391304348,-0.03152173913043477,Asia,NA,500
temporal_spd,region_age,human,zero_truncated,0,0.0949,0,1,-0.034782608695652174,0.034782608695652174,Asia,NA,500
temporal_spd,region_age,climate,zero_truncated,0.0574,0.0658,0.8723404255319149,1,0.8696969696969696,0.0026434558349452963,Asia,NA,1000
temporal_spd,region_age,human,zero_truncated,0.0084,0.0658,0.1276595744680851,1,0.12727272727272726,3.8684719535783674e-4,Asia,NA,1000
temporal_spd,region_age,climate,zero_truncated,0.0779,0.0831,0.937424789410349,1,0.9385542168674698,-0.0011294274571207463,Asia,NA,1500
temporal_spd,region_age,human,zero_truncated,0.0052,0.0831,0.06257521058965103,1,0.06265060240963854,-7.539181998751643e-5,Asia,NA,1500
temporal_spd,region_age,climate,zero_truncated,0.0769,0.0972,0.7911522633744856,1,0.7927835051546391,-0.0016312417801535029,Asia,NA,2000
temporal_spd,region_age,human,zero_truncated,0.0203,0.0972,0.2088477366255144,1,0.2092783505154639,-4.3061388994949934e-4,Asia,NA,2000
temporal_spd,region_age,climate,zero_truncated,0.089,0.0945,0.9417989417989417,1,0.9468085106382979,-0.005009568839356104,Asia,NA,2500
temporal_spd,region_age,human,zero_truncated,0.0055,0.0945,0.0582010582010582,1,0.058510638297872335,-3.0958009681413684e-4,Asia,NA,2500
temporal_spd,region_age,climate,zero_truncated,0.0861,0.091,0.9461538461538461,1,0.9461538461538461,0,Asia,NA,3000
temporal_spd,region_age,human,zero_truncated,0.0049,0.091,0.05384615384615385,1,0.05384615384615385,0,Asia,NA,3000
temporal_spd,region_age,climate,zero_truncated,0.0882,0.0938,0.9402985074626866,1,0.9382978723404255,0.0020006351222611185,Asia,NA,3500
temporal_spd,region_age,human,zero_truncated,0.0056,0.0938,0.05970149253731344,1,0.059574468085106386,1.2702445220705294e-4,Asia,NA,3500
temporal_spd,region_age,climate,zero_truncated,0.0717,0.0764,0.9384816753926702,1,0.9434210526315789,-0.004939377238908693,Asia,NA,4000
temporal_spd,region_age,human,zero_truncated,0.0047,0.0764,0.061518324607329845,1,0.0618421052631579,-3.2378065582805426e-4,Asia,NA,4000
temporal_spd,region_age,climate,zero_truncated,0.0704,0.0844,0.8341232227488152,1,0.8380952380952381,-0.003972015346422886,Asia,NA,4500
temporal_spd,region_age,human,zero_truncated,0.014,0.0844,0.16587677725118483,1,0.16666666666666666,-7.898894154818314e-4,Asia,NA,4500
temporal_spd,region_age,climate,zero_truncated,0.0665,0.08650000000000001,0.7687861271676301,1,0.7643678160919541,0.004418311075675918,Asia,NA,5000
temporal_spd,region_age,human,zero_truncated,0.02,0.08650000000000001,0.23121387283236994,1,0.2298850574712644,0.0013288153611055453,Asia,NA,5000
temporal_spd,region_age,climate,zero_truncated,0.0865,0.093,0.9301075268817204,1,0.9301075268817204,0,Asia,NA,5500
temporal_spd,region_age,human,zero_truncated,0.0065,0.093,0.06989247311827956,1,0.06989247311827956,0,Asia,NA,5500
temporal_spd,region_age,climate,zero_truncated,0.0794,0.106,0.749056603773585,1,0.749056603773585,0,Asia,NA,6000
temporal_spd,region_age,human,zero_truncated,0.0266,0.106,0.2509433962264151,1,0.2509433962264151,0,Asia,NA,6000
temporal_spd,region_age,climate,zero_truncated,0.1015,0.10640000000000001,0.9539473684210527,1,0.9575471698113208,-0.0035998013902681647,Asia,NA,6500
temporal_spd,region_age,human,zero_truncated,0.0049,0.10640000000000001,0.046052631578947366,1,0.04622641509433962,-1.7378351539225345e-4,Asia,NA,6500
temporal_spd,region_age,climate,zero_truncated,0.1105,0.1328,0.8320783132530121,1,0.8308270676691729,0.0012512455838391556,Asia,NA,7000
temporal_spd,region_age,human,zero_truncated,0.0223,0.1328,0.16792168674698796,1,0.16766917293233083,2.525138146571293e-4,Asia,NA,7000
temporal_spd,region_age,climate,zero_truncated,0.1148,0.1328,0.8644578313253012,1,0.863157894736842,0.0012999365884591718,Asia,NA,7500
temporal_spd,region_age,human,zero_truncated,0.018,0.1328,0.1355421686746988,1,0.13533834586466165,2.0382281003714087e-4,Asia,NA,7500
temporal_spd,region_age,climate,zero_truncated,0.1502,0.1599,0.9393370856785491,1,0.93875,5.870856785491485e-4,Asia,NA,8000
temporal_spd,region_age,human,zero_truncated,0.0097,0.1599,0.06066291432145091,1,0.060625,3.79143214509145e-5,Asia,NA,8000
temporal_spd,region_age,climate,zero_truncated,0.1613,0.1668,0.9670263788968825,1,0.9658682634730539,0.0011581154238285984,Asia,NA,8500
temporal_spd,region_age,human,zero_truncated,0.0055,0.1668,0.0329736211031175,1,0.03293413173652694,3.948936659056018e-5,Asia,NA,8500
temporal_spd,region_age,climate,zero_truncated,0.0764,0.08829999999999999,0.8652321630804077,1,0.8681818181818182,-0.002949655101410431,Europe,NA,500
temporal_spd,region_age,human,zero_truncated,0.0119,0.08829999999999999,0.13476783691959232,1,0.13522727272727275,-4.594358076804306e-4,Europe,NA,500
temporal_spd,region_age,climate,zero_truncated,0.1194,0.12510000000000002,0.9544364508393285,1,0.9552,-7.635491606715616e-4,Europe,NA,1000
temporal_spd,region_age,human,zero_truncated,0.0057,0.12510000000000002,0.04556354916067146,1,0.0456,-3.645083932854454e-5,Europe,NA,1000
temporal_spd,region_age,climate,zero_truncated,0.1003,0.1023,0.9804496578690127,1,0.9833333333333334,-0.0028836754643206675,Europe,NA,1500
temporal_spd,region_age,human,zero_truncated,0.002,0.1023,0.019550342130987292,1,0.019607843137254905,-5.75010062676129e-5,Europe,NA,1500
temporal_spd,region_age,climate,zero_truncated,0.0924,0.0959,0.9635036496350364,1,0.9624999999999999,0.0010036496350365187,Europe,NA,2000
temporal_spd,region_age,human,zero_truncated,0.0035,0.0959,0.03649635036496351,1,0.036458333333333336,3.8017031630172005e-5,Europe,NA,2000
temporal_spd,region_age,climate,zero_truncated,0.0791,0.08320000000000001,0.9507211538461537,1,0.9530120481927711,-0.0022908943466173337,Europe,NA,2500
temporal_spd,region_age,human,zero_truncated,0.0041,0.08320000000000001,0.04927884615384615,1,0.04939759036144579,-1.1874420759963589e-4,Europe,NA,2500
temporal_spd,region_age,climate,zero_truncated,0.0582,0.0639,0.9107981220657277,1,0.909375,0.0014231220657277,Europe,NA,3000
temporal_spd,region_age,human,zero_truncated,0.0057,0.0639,0.08920187793427231,1,0.0890625,1.3937793427230838e-4,Europe,NA,3000
temporal_spd,region_age,climate,zero_truncated,0.0511,0.0711,0.7187060478199719,1,0.719718309859155,-0.0010122620391830317,Europe,NA,3500
temporal_spd,region_age,human,zero_truncated,0.02,0.0711,0.2812939521800282,1,0.28169014084507044,-3.96188665042263e-4,Europe,NA,3500
temporal_spd,region_age,climate,zero_truncated,0.0787,0.0844,0.9324644549763034,1,0.9369047619047619,-0.004440306928458537,Europe,NA,4000
temporal_spd,region_age,human,zero_truncated,0.0057,0.0844,0.06753554502369669,1,0.06785714285714285,-3.215978334461661e-4,Europe,NA,4000
temporal_spd,region_age,climate,zero_truncated,0.081,0.0838,0.9665871121718378,1,0.9642857142857143,0.0023013978861234907,Europe,NA,4500
temporal_spd,region_age,human,zero_truncated,0.0028,0.0838,0.03341288782816229,1,0.03333333333333333,7.95544948289581e-5,Europe,NA,4500
temporal_spd,region_age,climate,zero_truncated,0.0645,0.069,0.9347826086956521,1,0.9347826086956521,0,Europe,NA,5000
temporal_spd,region_age,human,zero_truncated,0.0045,0.069,0.06521739130434781,1,0.06521739130434781,0,Europe,NA,5000
temporal_spd,region_age,climate,zero_truncated,0.0868,0.0874,0.9931350114416475,1,0.9977011494252874,-0.004566137983639917,Europe,NA,5500
temporal_spd,region_age,human,zero_truncated,6e-4,0.0874,0.0068649885583524015,1,0.006896551724137931,-3.156316578552948e-5,Europe,NA,5500
temporal_spd,region_age,climate,zero_truncated,0.0706,0.0823,0.8578371810449574,1,0.8609756097560974,-0.0031384287111400067,Europe,NA,6000
temporal_spd,region_age,human,zero_truncated,0.0117,0.0823,0.14216281895504254,1,0.14268292682926828,-5.201078742257392e-4,Europe,NA,6000
temporal_spd,region_age,climate,zero_truncated,0.0567,0.0861,0.6585365853658537,1,0.6593023255813955,-7.657402155417659e-4,Europe,NA,6500
temporal_spd,region_age,human,zero_truncated,0.0294,0.0861,0.34146341463414637,1,0.3418604651162791,-3.9705048213273253e-4,Europe,NA,6500
temporal_spd,region_age,climate,zero_truncated,0.0687,0.0862,0.796983758700696,1,0.7988372093023256,-0.0018534506016295582,Europe,NA,7000
temporal_spd,region_age,human,zero_truncated,0.0175,0.0862,0.20301624129930396,1,0.20348837209302328,-4.7213079371932754e-4,Europe,NA,7000
temporal_spd,region_age,climate,zero_truncated,0.0641,0.1188,0.5395622895622896,1,0.538655462184874,9.068273774155422e-4,Europe,NA,7500
temporal_spd,region_age,human,zero_truncated,0.0547,0.1188,0.4604377104377104,1,0.4596638655462185,7.738448914919038e-4,Europe,NA,7500
temporal_spd,region_age,climate,zero_truncated,0.0784,0.0938,0.835820895522388,1,0.8340425531914893,0.0017783423308986857,Europe,NA,8000
temporal_spd,region_age,human,zero_truncated,0.0154,0.0938,0.16417910447761194,1,0.16382978723404257,3.4931724356937477e-4,Europe,NA,8000
temporal_spd,region_age,climate,zero_truncated,0.0686,0.0775,0.8851612903225806,1,0.8794871794871794,0.005674110835401258,Europe,NA,8500
temporal_spd,region_age,human,zero_truncated,0.0089,0.0775,0.11483870967741935,1,0.1141025641025641,7.361455748552542e-4,Europe,NA,8500
temporal_spd,region_age,climate,zero_truncated,0.0689,0.0689,1,1,1.1295081967213116,-0.12950819672131164,Latin America,NA,500
temporal_spd,region_age,human,zero_truncated,0,0.0689,0,1,-0.12295081967213115,0.12295081967213115,Latin America,NA,500
temporal_spd,region_age,climate,zero_truncated,0.0946,0.0946,1,1,1.017204301075269,-0.017204301075268935,Latin America,NA,1000
temporal_spd,region_age,human,zero_truncated,0,0.0946,0,1,-0.016129032258064516,0.016129032258064516,Latin America,NA,1000
temporal_spd,region_age,climate,zero_truncated,0.1278,0.1442,0.8862690707350902,1,0.8875000000000001,-0.0012309292649098635,Latin America,NA,1500
temporal_spd,region_age,human,zero_truncated,0.0164,0.1442,0.11373092926490987,1,0.1138888888888889,-1.579596239790343e-4,Latin America,NA,1500
temporal_spd,region_age,climate,zero_truncated,0.1496,0.1526,0.9803407601572739,1,0.9777777777777779,0.002562982379496037,Latin America,NA,2000
temporal_spd,region_age,human,zero_truncated,0.003,0.1526,0.01965923984272608,1,0.0196078431372549,5.1396705471176696e-5,Latin America,NA,2000
temporal_spd,region_age,climate,zero_truncated,0.1453,0.1521,0.9552925706771861,1,0.955921052631579,-6.284819543929121e-4,Latin America,NA,2500
temporal_spd,region_age,human,zero_truncated,0.0068,0.1521,0.044707429322813935,1,0.04473684210526316,-2.9412782449222963e-5,Latin America,NA,2500
temporal_spd,region_age,climate,zero_truncated,0.1837,0.1927,0.9532952776336273,1,0.9518134715025907,0.001481806131036656,Latin America,NA,3000
temporal_spd,region_age,human,zero_truncated,0.009,0.1927,0.046704722366372596,1,0.0466321243523316,7.259801404099764e-5,Latin America,NA,3000
temporal_spd,region_age,climate,zero_truncated,0.1927,0.2073,0.929570670525808,1,0.9309178743961354,-0.0013472038703273848,Latin America,NA,3500
temporal_spd,region_age,human,zero_truncated,0.0146,0.2073,0.07042932947419199,1,0.07053140096618359,-1.0207149199159549e-4,Latin America,NA,3500
temporal_spd,region_age,climate,zero_truncated,0.1913,0.2183,0.8763169949610627,1,0.8775229357798165,-0.0012059408187538034,Latin America,NA,4000
temporal_spd,region_age,human,zero_truncated,0.027,0.2183,0.12368300503893724,1,0.1238532110091743,-1.7020597023706396e-4,Latin America,NA,4000
temporal_spd,region_age,climate,zero_truncated,0.1816,0.1973,0.9204257475924987,1,0.9218274111675127,-0.0014016635750139228,Latin America,NA,4500
temporal_spd,region_age,human,zero_truncated,0.0157,0.1973,0.07957425240750125,1,0.0796954314720812,-1.2117906457995153e-4,Latin America,NA,4500
temporal_spd,region_age,climate,zero_truncated,0.1821,0.2073,0.8784370477568741,1,0.8797101449275363,-0.0012730971706621519,Latin America,NA,5000
temporal_spd,region_age,human,zero_truncated,0.0252,0.2073,0.1215629522431259,1,0.12173913043478261,-1.7617819165671733e-4,Latin America,NA,5000
temporal_spd,region_age,climate,zero_truncated,0.1684,0.17779999999999999,0.9471316085489314,1,0.946067415730337,0.0010641928185943783,Latin America,NA,5500
temporal_spd,region_age,human,zero_truncated,0.0094,0.17779999999999999,0.05286839145106862,1,0.052808988764044947,5.940268702367413e-5,Latin America,NA,5500
temporal_spd,region_age,climate,zero_truncated,0.1557,0.1653,0.941923774954628,1,0.9436363636363636,-0.0017125886817356273,Latin America,NA,6000
temporal_spd,region_age,human,zero_truncated,0.0096,0.1653,0.05807622504537204,1,0.058181818181818175,-1.0559313644613322e-4,Latin America,NA,6000
temporal_spd,region_age,climate,zero_truncated,0.163,0.163,1,1,1.0251572327044025,-0.02515723270440251,Latin America,NA,6500
temporal_spd,region_age,human,zero_truncated,0,0.163,0,1,-0.027672955974842768,0.027672955974842768,Latin America,NA,6500
temporal_spd,region_age,climate,zero_truncated,0.122,0.1284,0.9501557632398755,1,0.953125,-0.002969236760124505,Latin America,NA,7000
temporal_spd,region_age,human,zero_truncated,0.0064,0.1284,0.049844236760124616,1,0.05,-1.5576323987538665e-4,Latin America,NA,7000
temporal_spd,region_age,climate,zero_truncated,0.1495,0.156,0.9583333333333333,1,0.9583333333333333,0,Latin America,NA,7500
temporal_spd,region_age,human,zero_truncated,0.0065,0.156,0.041666666666666664,1,0.041666666666666664,0,Latin America,NA,7500
temporal_spd,region_age,climate,zero_truncated,0.1198,0.17220000000000002,0.6957026713124274,1,0.6965116279069768,-8.089565945494925e-4,Latin America,NA,8000
temporal_spd,region_age,human,zero_truncated,0.0524,0.17220000000000002,0.3042973286875726,1,0.3046511627906977,-3.5383410312511687e-4,Latin America,NA,8000
temporal_spd,region_age,climate,zero_truncated,0.1274,0.1371,0.9292487235594458,1,0.9299270072992701,-6.782837398243702e-4,Latin America,NA,8500
temporal_spd,region_age,human,zero_truncated,0.0097,0.1371,0.07075127644055434,1,0.0708029197080292,-5.164326747485182e-5,Latin America,NA,8500
temporal_spd,region_age,climate,zero_truncated,0.1045,0.1577,0.6626506024096385,1,0.6613924050632911,0.0012581973463473561,North America,NA,500
temporal_spd,region_age,human,zero_truncated,0.0532,0.1577,0.3373493975903614,1,0.33670886075949363,6.405368308677883e-4,North America,NA,500
temporal_spd,region_age,climate,zero_truncated,0.0931,0.1033,0.9012584704743466,1,0.9038834951456312,-0.0026250246712845593,North America,NA,1000
temporal_spd,region_age,human,zero_truncated,0.0102,0.1033,0.09874152952565345,1,0.09902912621359225,-2.875966879388042e-4,North America,NA,1000
temporal_spd,region_age,climate,zero_truncated,0.0961,0.1033,0.9303000968054211,1,0.9330097087378642,-0.0027096119324430123,North America,NA,1500
temporal_spd,region_age,human,zero_truncated,0.0072,0.1033,0.06969990319457889,1,0.06990291262135923,-2.030094267803373e-4,North America,NA,1500
temporal_spd,region_age,climate,zero_truncated,0.0979,0.1033,0.9477250726040658,1,0.950485436893204,-0.002760364289138173,North America,NA,2000
temporal_spd,region_age,human,zero_truncated,0.0054,0.1033,0.05227492739593417,1,0.052427184466019426,-1.5225707008525297e-4,North America,NA,2000
temporal_spd,region_age,climate,zero_truncated,0.1004,0.1086,0.9244935543278084,1,0.9211009174311927,0.0033926368966157305,North America,NA,2500
temporal_spd,region_age,human,zero_truncated,0.0082,0.1086,0.07550644567219153,1,0.07522935779816514,2.7708787402638824e-4,North America,NA,2500
temporal_spd,region_age,climate,zero_truncated,0.1033,0.1143,0.9037620297462817,1,0.906140350877193,-0.0023783211309112984,North America,NA,3000
temporal_spd,region_age,human,zero_truncated,0.011,0.1143,0.09623797025371827,1,0.09649122807017543,-2.532578164571586e-4,North America,NA,3000
temporal_spd,region_age,climate,zero_truncated,0.1002,0.104,0.9634615384615385,1,0.9634615384615385,0,North America,NA,3500
temporal_spd,region_age,human,zero_truncated,0.0038,0.104,0.03653846153846154,1,0.03653846153846154,0,North America,NA,3500
temporal_spd,region_age,climate,zero_truncated,0.0879,0.09820000000000001,0.895112016293279,1,0.8969387755102041,-0.0018267592169251001,North America,NA,4000
temporal_spd,region_age,human,zero_truncated,0.0103,0.09820000000000001,0.10488798370672096,1,0.10510204081632653,-2.1405710960556434e-4,North America,NA,4000
temporal_spd,region_age,climate,zero_truncated,0.0982,0.1074,0.9143389199255121,1,0.9177570093457944,-0.003418089420282322,North America,NA,4500
temporal_spd,region_age,human,zero_truncated,0.0092,0.1074,0.0856610800744879,1,0.08598130841121496,-3.2022833672705475e-4,North America,NA,4500
temporal_spd,region_age,climate,zero_truncated,0.1011,0.10779999999999999,0.937847866419295,1,0.9361111111111111,0.001736755308183846,North America,NA,5000
temporal_spd,region_age,human,zero_truncated,0.0067,0.10779999999999999,0.06215213358070502,1,0.062037037037037036,1.1509654366798072e-4,North America,NA,5000
temporal_spd,region_age,climate,zero_truncated,0.087,0.09839999999999999,0.8841463414634146,1,0.8877551020408162,-0.0036087605774015596,North America,NA,5500
temporal_spd,region_age,human,zero_truncated,0.0114,0.09839999999999999,0.11585365853658539,1,0.11632653061224489,-4.728720756595056e-4,North America,NA,5500
temporal_spd,region_age,climate,zero_truncated,0.0931,0.1056,0.881628787878788,1,0.8783018867924529,0.0033269010863350434,North America,NA,6000
temporal_spd,region_age,human,zero_truncated,0.0125,0.1056,0.11837121212121213,1,0.11792452830188681,4.466838193253192e-4,North America,NA,6000
temporal_spd,region_age,climate,zero_truncated,0.0944,0.1036,0.9111969111969112,1,0.9076923076923077,0.003504603504603465,North America,NA,6500
temporal_spd,region_age,human,zero_truncated,0.0092,0.1036,0.0888030888030888,1,0.08846153846153847,3.415503415503396e-4,North America,NA,6500
temporal_spd,region_age,climate,zero_truncated,0.0938,0.1059,0.8857412653446648,1,0.8849056603773585,8.356049673062804e-4,North America,NA,7000
temporal_spd,region_age,human,zero_truncated,0.0121,0.1059,0.11425873465533523,1,0.11415094339622642,1.0779125910881371e-4,North America,NA,7000
temporal_spd,region_age,climate,zero_truncated,0.0924,0.1043,0.8859060402684563,1,0.8884615384615384,-0.0025554981930820952,North America,NA,7500
temporal_spd,region_age,human,zero_truncated,0.0119,0.1043,0.11409395973154363,1,0.11442307692307693,-3.291171915333069e-4,North America,NA,7500
temporal_spd,region_age,climate,zero_truncated,0.1183,0.1249,0.9471577261809448,1,0.9464,7.577261809448288e-4,North America,NA,8000
temporal_spd,region_age,human,zero_truncated,0.0066,0.1249,0.05284227381905524,1,0.0528,4.227381905524269e-5,North America,NA,8000
temporal_spd,region_age,climate,zero_truncated,0.1151,0.11989999999999999,0.9599666388657214,1,0.9591666666666666,7.999721990548103e-4,North America,NA,8500
temporal_spd,region_age,human,zero_truncated,0.0048,0.11989999999999999,0.040033361134278564,1,0.04,3.3361134278563076e-5,North America,NA,8500
temporal_spd,region_age,climate,zero_truncated,0.0852,0.0926,0.9200863930885529,1,0.9161290322580645,0.003957360830488366,Oceania,NA,500
temporal_spd,region_age,human,zero_truncated,0.0074,0.0926,0.07991360691144708,1,0.07956989247311828,3.437144383287988e-4,Oceania,NA,500
temporal_spd,region_age,climate,zero_truncated,0.0631,0.0945,0.6677248677248677,1,0.6712765957446809,-0.003551728019813183,Oceania,NA,1000
temporal_spd,region_age,human,zero_truncated,0.0314,0.0945,0.3322751322751322,1,0.33404255319148934,-0.0017674209163571208,Oceania,NA,1000
temporal_spd,region_age,climate,zero_truncated,0.0559,0.0827,0.6759371221281741,1,0.6734939759036144,0.002443146224559767,Oceania,NA,1500
temporal_spd,region_age,human,zero_truncated,0.0268,0.0827,0.3240628778718259,1,0.3228915662650602,0.0011713116067657015,Oceania,NA,1500
temporal_spd,region_age,climate,zero_truncated,0.0083,0.0315,0.2634920634920635,1,0.259375,0.0041170634920634774,Oceania,NA,2000
temporal_spd,region_age,human,zero_truncated,0.0232,0.0315,0.7365079365079364,1,0.725,0.011507936507936467,Oceania,NA,2000
temporal_spd,region_age,climate,zero_truncated,0.0794,0.1018,0.7799607072691552,1,0.7784313725490196,0.0015293347201356111,Oceania,NA,2500
temporal_spd,region_age,human,zero_truncated,0.0224,0.1018,0.2200392927308448,1,0.21960784313725493,4.314495935898721e-4,Oceania,NA,2500
temporal_spd,region_age,climate,zero_truncated,0.123,0.1534,0.8018252933507171,1,0.803921568627451,-0.00209627527673395,Oceania,NA,3000
temporal_spd,region_age,human,zero_truncated,0.0304,0.1534,0.1981747066492829,1,0.19869281045751636,-5.181038082334444e-4,Oceania,NA,3000
temporal_spd,region_age,climate,zero_truncated,0.1355,0.1598,0.8479349186483105,1,0.846875,0.001059918648310454,Oceania,NA,3500
temporal_spd,region_age,human,zero_truncated,0.0243,0.1598,0.1520650813516896,1,0.15187499999999998,1.9008135168963047e-4,Oceania,NA,3500
temporal_spd,region_age,climate,zero_truncated,0.0957,0.10579999999999999,0.9045368620037807,1,0.9028301886792452,0.001706673324535446,Oceania,NA,4000
temporal_spd,region_age,human,zero_truncated,0.0101,0.10579999999999999,0.09546313799621929,1,0.09528301886792452,1.8011912829477006e-4,Oceania,NA,4000
temporal_spd,region_age,climate,zero_truncated,0.1186,0.1234,0.9611021069692058,1,0.9642276422764228,-0.003125535307216931,Oceania,NA,4500
temporal_spd,region_age,human,zero_truncated,0.0048,0.1234,0.03889789303079416,1,0.03902439024390244,-1.2649721310827727e-4,Oceania,NA,4500
temporal_spd,region_age,climate,zero_truncated,0.0633,0.0759,0.83399209486166,1,0.8328947368421052,0.001097358019554795,Oceania,NA,5000
temporal_spd,region_age,human,zero_truncated,0.0126,0.0759,0.16600790513833993,1,0.16578947368421054,2.184314541293919e-4,Oceania,NA,5000
temporal_spd,region_age,climate,zero_truncated,0.0631,0.0688,0.9171511627906977,1,0.9144927536231884,0.002658409167509368,Oceania,NA,5500
temporal_spd,region_age,human,zero_truncated,0.0057,0.0688,0.08284883720930233,1,0.08260869565217391,2.40141557128426e-4,Oceania,NA,5500
temporal_spd,region_age,climate,zero_truncated,0.0688,0.0688,1,1,1.011764705882353,-0.0117647058823529,Oceania,NA,6000
temporal_spd,region_age,human,zero_truncated,0,0.0688,0,1,-0.019117647058823527,0.019117647058823527,Oceania,NA,6000
temporal_spd,region_age,climate,zero_truncated,0.0866,0.0866,1,1,1.1702702702702703,-0.1702702702702703,Oceania,NA,6500
temporal_spd,region_age,human,zero_truncated,0,0.0866,0,1,-0.16756756756756758,0.16756756756756758,Oceania,NA,6500
temporal_spd,region_age,climate,zero_truncated,0.0584,0.0584,1,1,1.1450980392156864,-0.14509803921568643,Oceania,NA,7500
temporal_spd,region_age,human,zero_truncated,0,0.0584,0,1,-0.13725490196078433,0.13725490196078433,Oceania,NA,7500
temporal_spd,region_age,climate,zero_truncated,0.0847,0.0847,1,1,1.0204819277108432,-0.02048192771084323,Oceania,NA,8000
temporal_spd,region_age,human,zero_truncated,0,0.0847,0,1,-0.018072289156626505,0.018072289156626505,Oceania,NA,8000
temporal_spd,region_age,climate,zero_truncated,0.1405,0.14090000000000003,0.9971611071682043,1,0.99645390070922,7.072064589842553e-4,Oceania,NA,8500
temporal_spd,region_age,human,zero_truncated,4e-4,0.14090000000000003,0.0028388928317955994,1,0.002836879432624114,2.0133991714852903e-6,Oceania,NA,8500
temporal_events,region_age,climate,exclude_negative,0.0718,0.136,0.5279411764705882,1,0.5279411764705882,0,Asia,NA,500
temporal_events,region_age,human,exclude_negative,0.0646,0.136,0.475,1,0.475,0,Asia,NA,500
temporal_events,region_age,climate,exclude_negative,0.0429,0.094,0.4563829787234043,1,0.4563829787234043,0,Asia,NA,1000
temporal_events,region_age,human,exclude_negative,0.0509,0.094,0.5414893617021277,1,0.5414893617021277,0,Asia,NA,1000
temporal_events,region_age,climate,exclude_negative,0.0517,0.129,0.4007751937984496,1,0.4007751937984496,0,Asia,NA,1500
temporal_events,region_age,human,exclude_negative,0.0774,0.129,0.6,1,0.6,0,Asia,NA,1500
temporal_events,region_age,climate,exclude_negative,0.0533,0.111,0.48018018018018016,1,0.48018018018018016,0,Asia,NA,2000
temporal_events,region_age,human,exclude_negative,0.0573,0.111,0.5162162162162162,1,0.5162162162162162,0,Asia,NA,2000
temporal_events,region_age,climate,exclude_negative,0.0655,0.107,0.6121495327102804,1,0.6121495327102804,0,Asia,NA,2500
temporal_events,region_age,human,exclude_negative,0.0416,0.107,0.38878504672897196,1,0.38878504672897196,0,Asia,NA,2500
temporal_events,region_age,climate,exclude_negative,0.0691,0.113,0.611504424778761,1,0.611504424778761,0,Asia,NA,3000
temporal_events,region_age,human,exclude_negative,0.0444,0.113,0.3929203539823009,1,0.3929203539823009,0,Asia,NA,3000
temporal_events,region_age,climate,exclude_negative,0.0893,0.1,0.893,1,0.893,0,Asia,NA,3500
temporal_events,region_age,human,exclude_negative,0.0103,0.1,0.103,1,0.103,0,Asia,NA,3500
temporal_events,region_age,climate,exclude_negative,0.0679,0.096,0.7072916666666667,1,0.7072916666666667,0,Asia,NA,4000
temporal_events,region_age,human,exclude_negative,0.0276,0.096,0.2875,1,0.2875,0,Asia,NA,4000
temporal_events,region_age,climate,exclude_negative,0.0763,0.093,0.8204301075268818,1,0.8204301075268818,0,Asia,NA,4500
temporal_events,region_age,human,exclude_negative,0.017,0.093,0.1827956989247312,1,0.1827956989247312,0,Asia,NA,4500
temporal_events,region_age,climate,exclude_negative,0.0758,0.098,0.7734693877551021,1,0.7734693877551021,0,Asia,NA,5000
temporal_events,region_age,human,exclude_negative,0.0219,0.098,0.22346938775510203,1,0.22346938775510203,0,Asia,NA,5000
temporal_events,region_age,climate,exclude_negative,0.0915,0.104,0.8798076923076923,1,0.8798076923076923,0,Asia,NA,5500
temporal_events,region_age,human,exclude_negative,0.0126,0.104,0.12115384615384615,1,0.12115384615384615,0,Asia,NA,5500
temporal_events,region_age,climate,exclude_negative,0.0935,0.099,0.9444444444444444,1,0.9444444444444444,0,Asia,NA,6000
temporal_events,region_age,human,exclude_negative,0.0055,0.099,0.05555555555555555,1,0.05555555555555555,0,Asia,NA,6000
temporal_events,region_age,climate,exclude_negative,0.1074,0.11,0.9763636363636363,1,0.9763636363636363,0,Asia,NA,6500
temporal_events,region_age,human,exclude_negative,0.0025,0.11,0.022727272727272728,1,0.022727272727272728,0,Asia,NA,6500
temporal_events,region_age,climate,exclude_negative,0.1207,0.13,0.9284615384615384,1,0.9284615384615384,0,Asia,NA,7000
temporal_events,region_age,human,exclude_negative,0.0097,0.13,0.07461538461538461,1,0.07461538461538461,0,Asia,NA,7000
temporal_events,region_age,climate,exclude_negative,0.1277,0.135,0.945925925925926,1,0.945925925925926,0,Asia,NA,7500
temporal_events,region_age,human,exclude_negative,0.0072,0.135,0.05333333333333333,1,0.05333333333333333,0,Asia,NA,7500
temporal_events,region_age,climate,exclude_negative,0.1574,0.166,0.9481927710843374,1,0.9481927710843374,0,Asia,NA,8000
temporal_events,region_age,human,exclude_negative,0.0089,0.166,0.0536144578313253,1,0.0536144578313253,0,Asia,NA,8000
temporal_events,region_age,climate,exclude_negative,0.1602,0.172,0.9313953488372094,1,0.9313953488372094,0,Asia,NA,8500
temporal_events,region_age,human,exclude_negative,0.0122,0.172,0.07093023255813954,1,0.07093023255813954,0,Asia,NA,8500
temporal_events,region_age,climate,exclude_negative,0.067,0.082,0.8170731707317074,1,0.8170731707317074,0,Europe,NA,500
temporal_events,region_age,human,exclude_negative,0.0145,0.082,0.17682926829268292,1,0.17682926829268292,0,Europe,NA,500
temporal_events,region_age,climate,exclude_negative,0.1067,0.126,0.8468253968253968,1,0.8468253968253968,0,Europe,NA,1000
temporal_events,region_age,human,exclude_negative,0.0197,0.126,0.15634920634920635,1,0.15634920634920635,0,Europe,NA,1000
temporal_events,region_age,climate,exclude_negative,0.0939,0.115,0.8165217391304347,1,0.8165217391304347,0,Europe,NA,1500
temporal_events,region_age,human,exclude_negative,0.021,0.115,0.1826086956521739,1,0.1826086956521739,0,Europe,NA,1500
temporal_events,region_age,climate,exclude_negative,0.0854,0.108,0.7907407407407407,1,0.7907407407407407,0,Europe,NA,2000
temporal_events,region_age,human,exclude_negative,0.0226,0.108,0.20925925925925926,1,0.20925925925925926,0,Europe,NA,2000
temporal_events,region_age,climate,exclude_negative,0.0711,0.084,0.8464285714285713,1,0.8464285714285713,0,Europe,NA,2500
temporal_events,region_age,human,exclude_negative,0.0128,0.084,0.15238095238095237,1,0.15238095238095237,0,Europe,NA,2500
temporal_events,region_age,climate,exclude_negative,0.0612,0.072,0.85,1,0.85,0,Europe,NA,3000
temporal_events,region_age,human,exclude_negative,0.0103,0.072,0.14305555555555557,1,0.14305555555555557,0,Europe,NA,3000
temporal_events,region_age,climate,exclude_negative,0.0559,0.089,0.6280898876404495,1,0.6280898876404495,0,Europe,NA,3500
temporal_events,region_age,human,exclude_negative,0.0327,0.089,0.3674157303370787,1,0.3674157303370787,0,Europe,NA,3500
temporal_events,region_age,climate,exclude_negative,0.085,0.091,0.9340659340659342,1,0.9340659340659342,0,Europe,NA,4000
temporal_events,region_age,human,exclude_negative,0.0064,0.091,0.07032967032967033,1,0.07032967032967033,0,Europe,NA,4000
temporal_events,region_age,climate,exclude_negative,0.0849,0.089,0.953932584269663,1,0.953932584269663,0,Europe,NA,4500
temporal_events,region_age,human,exclude_negative,0.0044,0.089,0.04943820224719102,1,0.04943820224719102,0,Europe,NA,4500
temporal_events,region_age,climate,exclude_negative,0.0702,0.079,0.8886075949367088,1,0.8886075949367088,0,Europe,NA,5000
temporal_events,region_age,human,exclude_negative,0.009,0.079,0.11392405063291139,1,0.11392405063291139,0,Europe,NA,5000
temporal_events,region_age,climate,exclude_negative,0.086,0.089,0.9662921348314606,1,0.9662921348314606,0,Europe,NA,5500
temporal_events,region_age,human,exclude_negative,0.0027,0.089,0.030337078651685397,1,0.030337078651685397,0,Europe,NA,5500
temporal_events,region_age,climate,exclude_negative,0.0773,0.104,0.7432692307692308,1,0.7432692307692308,0,Europe,NA,6000
temporal_events,region_age,human,exclude_negative,0.0272,0.104,0.26153846153846155,1,0.26153846153846155,0,Europe,NA,6000
temporal_events,region_age,climate,exclude_negative,0.0717,0.074,0.968918918918919,1,0.968918918918919,0,Europe,NA,6500
temporal_events,region_age,human,exclude_negative,0.0025,0.074,0.033783783783783786,1,0.033783783783783786,0,Europe,NA,6500
temporal_events,region_age,climate,exclude_negative,0.0799,0.1,0.7989999999999999,1,0.7989999999999999,0,Europe,NA,7000
temporal_events,region_age,human,exclude_negative,0.0203,0.1,0.20299999999999999,1,0.20299999999999999,0,Europe,NA,7000
temporal_events,region_age,climate,exclude_negative,0.0786,0.106,0.7415094339622642,1,0.7415094339622642,0,Europe,NA,7500
temporal_events,region_age,human,exclude_negative,0.0269,0.106,0.2537735849056604,1,0.2537735849056604,0,Europe,NA,7500
temporal_events,region_age,climate,exclude_negative,0.0778,0.087,0.8942528735632184,1,0.8942528735632184,0,Europe,NA,8000
temporal_events,region_age,human,exclude_negative,0.0089,0.087,0.10229885057471265,1,0.10229885057471265,0,Europe,NA,8000
temporal_events,region_age,climate,exclude_negative,0.074,0.078,0.9487179487179487,1,0.9487179487179487,0,Europe,NA,8500
temporal_events,region_age,human,exclude_negative,0.0041,0.078,0.05256410256410257,1,0.05256410256410257,0,Europe,NA,8500
temporal_events,region_age,climate,exclude_negative,0.0687,0.078,0.8807692307692307,1,0.8807692307692307,0,Latin America,NA,500
temporal_events,region_age,human,exclude_negative,0.0097,0.078,0.12435897435897436,1,0.12435897435897436,0,Latin America,NA,500
temporal_events,region_age,climate,exclude_negative,0.1286,0.129,0.9968992248062014,1,0.9968992248062014,0,Latin America,NA,1500
temporal_events,region_age,human,exclude_negative,8e-4,0.129,0.006201550387596899,1,0.006201550387596899,0,Latin America,NA,1500
temporal_events,region_age,climate,exclude_negative,0.151,0.157,0.9617834394904459,1,0.9617834394904459,0,Latin America,NA,2000
temporal_events,region_age,human,exclude_negative,0.0058,0.157,0.03694267515923567,1,0.03694267515923567,0,Latin America,NA,2000
temporal_events,region_age,climate,exclude_negative,0.1404,0.159,0.8830188679245282,1,0.8830188679245282,0,Latin America,NA,2500
temporal_events,region_age,human,exclude_negative,0.0186,0.159,0.11698113207547169,1,0.11698113207547169,0,Latin America,NA,2500
temporal_events,region_age,climate,exclude_negative,0.1672,0.172,0.9720930232558139,1,0.9720930232558139,0,Latin America,NA,3000
temporal_events,region_age,human,exclude_negative,0.0046,0.172,0.02674418604651163,1,0.02674418604651163,0,Latin America,NA,3000
temporal_events,region_age,climate,exclude_negative,0.1634,0.183,0.8928961748633879,1,0.8928961748633879,0,Latin America,NA,3500
temporal_events,region_age,human,exclude_negative,0.0194,0.183,0.10601092896174864,1,0.10601092896174864,0,Latin America,NA,3500
temporal_events,region_age,climate,exclude_negative,0.1758,0.189,0.9301587301587302,1,0.9301587301587302,0,Latin America,NA,4000
temporal_events,region_age,human,exclude_negative,0.013,0.189,0.06878306878306878,1,0.06878306878306878,0,Latin America,NA,4000
temporal_events,region_age,climate,exclude_negative,0.1668,0.178,0.9370786516853933,1,0.9370786516853933,0,Latin America,NA,4500
temporal_events,region_age,human,exclude_negative,0.0115,0.178,0.06460674157303371,1,0.06460674157303371,0,Latin America,NA,4500
temporal_events,region_age,climate,exclude_negative,0.161,0.164,0.9817073170731707,1,0.9817073170731707,0,Latin America,NA,6500
temporal_events,region_age,human,exclude_negative,0.0032,0.164,0.01951219512195122,1,0.01951219512195122,0,Latin America,NA,6500
temporal_events,region_age,climate,exclude_negative,0.124,0.132,0.9393939393939393,1,0.9393939393939393,0,Latin America,NA,7000
temporal_events,region_age,human,exclude_negative,0.0077,0.132,0.058333333333333334,1,0.058333333333333334,0,Latin America,NA,7000
temporal_events,region_age,climate,exclude_negative,0.1417,0.145,0.9772413793103448,1,0.9772413793103448,0,Latin America,NA,7500
temporal_events,region_age,human,exclude_negative,0.0034,0.145,0.023448275862068966,1,0.023448275862068966,0,Latin America,NA,7500
temporal_events,region_age,climate,exclude_negative,0.1032,0.158,0.6531645569620254,1,0.6531645569620254,0,North America,NA,500
temporal_events,region_age,human,exclude_negative,0.0551,0.158,0.3487341772151899,1,0.3487341772151899,0,North America,NA,500
temporal_events,region_age,climate,exclude_negative,0.0947,0.109,0.8688073394495414,1,0.8688073394495414,0,North America,NA,1000
temporal_events,region_age,human,exclude_negative,0.0145,0.109,0.13302752293577982,1,0.13302752293577982,0,North America,NA,1000
temporal_events,region_age,climate,exclude_negative,0.0953,0.102,0.9343137254901961,1,0.9343137254901961,0,North America,NA,1500
temporal_events,region_age,human,exclude_negative,0.0065,0.102,0.06372549019607843,1,0.06372549019607843,0,North America,NA,1500
temporal_events,region_age,climate,exclude_negative,0.0974,0.101,0.9643564356435643,1,0.9643564356435643,0,North America,NA,2000
temporal_events,region_age,human,exclude_negative,0.0033,0.101,0.03267326732673267,1,0.03267326732673267,0,North America,NA,2000
temporal_events,region_age,climate,exclude_negative,0.0964,0.102,0.9450980392156864,1,0.9450980392156864,0,North America,NA,2500
temporal_events,region_age,human,exclude_negative,0.0061,0.102,0.05980392156862746,1,0.05980392156862746,0,North America,NA,2500
temporal_events,region_age,climate,exclude_negative,0.1001,0.108,0.9268518518518518,1,0.9268518518518518,0,North America,NA,3000
temporal_events,region_age,human,exclude_negative,0.0076,0.108,0.07037037037037037,1,0.07037037037037037,0,North America,NA,3000
temporal_events,region_age,climate,exclude_negative,0.097,0.105,0.9238095238095239,1,0.9238095238095239,0,North America,NA,3500
temporal_events,region_age,human,exclude_negative,0.0084,0.105,0.08,1,0.08,0,North America,NA,3500
temporal_events,region_age,climate,exclude_negative,0.0872,0.094,0.9276595744680851,1,0.9276595744680851,0,North America,NA,4000
temporal_events,region_age,human,exclude_negative,0.0071,0.094,0.07553191489361702,1,0.07553191489361702,0,North America,NA,4000
temporal_events,region_age,climate,exclude_negative,0.0957,0.103,0.929126213592233,1,0.929126213592233,0,North America,NA,4500
temporal_events,region_age,human,exclude_negative,0.0076,0.103,0.07378640776699029,1,0.07378640776699029,0,North America,NA,4500
temporal_events,region_age,climate,exclude_negative,0.0978,0.109,0.8972477064220183,1,0.8972477064220183,0,North America,NA,5000
temporal_events,region_age,human,exclude_negative,0.0108,0.109,0.09908256880733946,1,0.09908256880733946,0,North America,NA,5000
temporal_events,region_age,climate,exclude_negative,0.0839,0.093,0.9021505376344087,1,0.9021505376344087,0,North America,NA,5500
temporal_events,region_age,human,exclude_negative,0.0089,0.093,0.0956989247311828,1,0.0956989247311828,0,North America,NA,5500
temporal_events,region_age,climate,exclude_negative,0.0898,0.099,0.907070707070707,1,0.907070707070707,0,North America,NA,6000
temporal_events,region_age,human,exclude_negative,0.0094,0.099,0.09494949494949495,1,0.09494949494949495,0,North America,NA,6000
temporal_events,region_age,climate,exclude_negative,0.0905,0.099,0.914141414141414,1,0.914141414141414,0,North America,NA,6500
temporal_events,region_age,human,exclude_negative,0.0088,0.099,0.08888888888888889,1,0.08888888888888889,0,North America,NA,6500
temporal_events,region_age,climate,exclude_negative,0.0937,0.095,0.9863157894736843,1,0.9863157894736843,0,North America,NA,7000
temporal_events,region_age,human,exclude_negative,0.0011,0.095,0.011578947368421053,1,0.011578947368421053,0,North America,NA,7000
temporal_events,region_age,climate,exclude_negative,0.0882,0.103,0.8563106796116505,1,0.8563106796116505,0,North America,NA,7500
temporal_events,region_age,human,exclude_negative,0.0148,0.103,0.14368932038834953,1,0.14368932038834953,0,North America,NA,7500
temporal_events,region_age,climate,exclude_negative,0.1074,0.132,0.8136363636363636,1,0.8136363636363636,0,North America,NA,8000
temporal_events,region_age,human,exclude_negative,0.0248,0.132,0.18787878787878787,1,0.18787878787878787,0,North America,NA,8000
temporal_events,region_age,climate,exclude_negative,0.1051,0.147,0.7149659863945579,1,0.7149659863945579,0,North America,NA,8500
temporal_events,region_age,human,exclude_negative,0.0422,0.147,0.2870748299319728,1,0.2870748299319728,0,North America,NA,8500
temporal_events,region_age,climate,exclude_negative,0.0864,0.119,0.7260504201680673,1,0.7260504201680673,0,Oceania,NA,1000
temporal_events,region_age,human,exclude_negative,0.0322,0.119,0.27058823529411763,1,0.27058823529411763,0,Oceania,NA,1000
temporal_events,region_age,climate,exclude_negative,0.0211,0.031,0.6806451612903226,1,0.6806451612903226,0,Oceania,NA,2000
temporal_events,region_age,human,exclude_negative,0.0096,0.031,0.30967741935483867,1,0.30967741935483867,0,Oceania,NA,2000
temporal_events,region_age,climate,exclude_negative,0.1016,0.121,0.8396694214876033,1,0.8396694214876033,0,Oceania,NA,2500
temporal_events,region_age,human,exclude_negative,0.0198,0.121,0.16363636363636366,1,0.16363636363636366,0,Oceania,NA,2500
temporal_events,region_age,climate,exclude_negative,0.1241,0.141,0.8801418439716313,1,0.8801418439716313,0,Oceania,NA,3000
temporal_events,region_age,human,exclude_negative,0.0173,0.141,0.12269503546099292,1,0.12269503546099292,0,Oceania,NA,3000
temporal_spd,region_age,climate,exclude_negative,0.0574,0.066,0.8696969696969696,1,0.8696969696969696,0,Asia,NA,1000
temporal_spd,region_age,human,exclude_negative,0.0084,0.066,0.12727272727272726,1,0.12727272727272726,0,Asia,NA,1000
temporal_spd,region_age,climate,exclude_negative,0.0779,0.083,0.9385542168674698,1,0.9385542168674698,0,Asia,NA,1500
temporal_spd,region_age,human,exclude_negative,0.0052,0.083,0.06265060240963854,1,0.06265060240963854,0,Asia,NA,1500
temporal_spd,region_age,climate,exclude_negative,0.0769,0.097,0.7927835051546391,1,0.7927835051546391,0,Asia,NA,2000
temporal_spd,region_age,human,exclude_negative,0.0203,0.097,0.2092783505154639,1,0.2092783505154639,0,Asia,NA,2000
temporal_spd,region_age,climate,exclude_negative,0.089,0.094,0.9468085106382979,1,0.9468085106382979,0,Asia,NA,2500
temporal_spd,region_age,human,exclude_negative,0.0055,0.094,0.058510638297872335,1,0.058510638297872335,0,Asia,NA,2500
temporal_spd,region_age,climate,exclude_negative,0.0861,0.091,0.9461538461538461,1,0.9461538461538461,0,Asia,NA,3000
temporal_spd,region_age,human,exclude_negative,0.0049,0.091,0.05384615384615385,1,0.05384615384615385,0,Asia,NA,3000
temporal_spd,region_age,climate,exclude_negative,0.0882,0.094,0.9382978723404255,1,0.9382978723404255,0,Asia,NA,3500
temporal_spd,region_age,human,exclude_negative,0.0056,0.094,0.059574468085106386,1,0.059574468085106386,0,Asia,NA,3500
temporal_spd,region_age,climate,exclude_negative,0.0717,0.076,0.9434210526315789,1,0.9434210526315789,0,Asia,NA,4000
temporal_spd,region_age,human,exclude_negative,0.0047,0.076,0.0618421052631579,1,0.0618421052631579,0,Asia,NA,4000
temporal_spd,region_age,climate,exclude_negative,0.0704,0.084,0.8380952380952381,1,0.8380952380952381,0,Asia,NA,4500
temporal_spd,region_age,human,exclude_negative,0.014,0.084,0.16666666666666666,1,0.16666666666666666,0,Asia,NA,4500
temporal_spd,region_age,climate,exclude_negative,0.0665,0.087,0.7643678160919541,1,0.7643678160919541,0,Asia,NA,5000
temporal_spd,region_age,human,exclude_negative,0.02,0.087,0.2298850574712644,1,0.2298850574712644,0,Asia,NA,5000
temporal_spd,region_age,climate,exclude_negative,0.0865,0.093,0.9301075268817204,1,0.9301075268817204,0,Asia,NA,5500
temporal_spd,region_age,human,exclude_negative,0.0065,0.093,0.06989247311827956,1,0.06989247311827956,0,Asia,NA,5500
temporal_spd,region_age,climate,exclude_negative,0.0794,0.106,0.749056603773585,1,0.749056603773585,0,Asia,NA,6000
temporal_spd,region_age,human,exclude_negative,0.0266,0.106,0.2509433962264151,1,0.2509433962264151,0,Asia,NA,6000
temporal_spd,region_age,climate,exclude_negative,0.1015,0.106,0.9575471698113208,1,0.9575471698113208,0,Asia,NA,6500
temporal_spd,region_age,human,exclude_negative,0.0049,0.106,0.04622641509433962,1,0.04622641509433962,0,Asia,NA,6500
temporal_spd,region_age,climate,exclude_negative,0.1105,0.133,0.8308270676691729,1,0.8308270676691729,0,Asia,NA,7000
temporal_spd,region_age,human,exclude_negative,0.0223,0.133,0.16766917293233083,1,0.16766917293233083,0,Asia,NA,7000
temporal_spd,region_age,climate,exclude_negative,0.1148,0.133,0.863157894736842,1,0.863157894736842,0,Asia,NA,7500
temporal_spd,region_age,human,exclude_negative,0.018,0.133,0.13533834586466165,1,0.13533834586466165,0,Asia,NA,7500
temporal_spd,region_age,climate,exclude_negative,0.1502,0.16,0.93875,1,0.93875,0,Asia,NA,8000
temporal_spd,region_age,human,exclude_negative,0.0097,0.16,0.060625,1,0.060625,0,Asia,NA,8000
temporal_spd,region_age,climate,exclude_negative,0.1613,0.167,0.9658682634730539,1,0.9658682634730539,0,Asia,NA,8500
temporal_spd,region_age,human,exclude_negative,0.0055,0.167,0.03293413173652694,1,0.03293413173652694,0,Asia,NA,8500
temporal_spd,region_age,climate,exclude_negative,0.0764,0.088,0.8681818181818182,1,0.8681818181818182,0,Europe,NA,500
temporal_spd,region_age,human,exclude_negative,0.0119,0.088,0.13522727272727275,1,0.13522727272727275,0,Europe,NA,500
temporal_spd,region_age,climate,exclude_negative,0.1194,0.125,0.9552,1,0.9552,0,Europe,NA,1000
temporal_spd,region_age,human,exclude_negative,0.0057,0.125,0.0456,1,0.0456,0,Europe,NA,1000
temporal_spd,region_age,climate,exclude_negative,0.1003,0.102,0.9833333333333334,1,0.9833333333333334,0,Europe,NA,1500
temporal_spd,region_age,human,exclude_negative,0.002,0.102,0.019607843137254905,1,0.019607843137254905,0,Europe,NA,1500
temporal_spd,region_age,climate,exclude_negative,0.0924,0.096,0.9624999999999999,1,0.9624999999999999,0,Europe,NA,2000
temporal_spd,region_age,human,exclude_negative,0.0035,0.096,0.036458333333333336,1,0.036458333333333336,0,Europe,NA,2000
temporal_spd,region_age,climate,exclude_negative,0.0791,0.083,0.9530120481927711,1,0.9530120481927711,0,Europe,NA,2500
temporal_spd,region_age,human,exclude_negative,0.0041,0.083,0.04939759036144579,1,0.04939759036144579,0,Europe,NA,2500
temporal_spd,region_age,climate,exclude_negative,0.0582,0.064,0.909375,1,0.909375,0,Europe,NA,3000
temporal_spd,region_age,human,exclude_negative,0.0057,0.064,0.0890625,1,0.0890625,0,Europe,NA,3000
temporal_spd,region_age,climate,exclude_negative,0.0511,0.071,0.719718309859155,1,0.719718309859155,0,Europe,NA,3500
temporal_spd,region_age,human,exclude_negative,0.02,0.071,0.28169014084507044,1,0.28169014084507044,0,Europe,NA,3500
temporal_spd,region_age,climate,exclude_negative,0.0787,0.084,0.9369047619047619,1,0.9369047619047619,0,Europe,NA,4000
temporal_spd,region_age,human,exclude_negative,0.0057,0.084,0.06785714285714285,1,0.06785714285714285,0,Europe,NA,4000
temporal_spd,region_age,climate,exclude_negative,0.081,0.084,0.9642857142857143,1,0.9642857142857143,0,Europe,NA,4500
temporal_spd,region_age,human,exclude_negative,0.0028,0.084,0.03333333333333333,1,0.03333333333333333,0,Europe,NA,4500
temporal_spd,region_age,climate,exclude_negative,0.0645,0.069,0.9347826086956521,1,0.9347826086956521,0,Europe,NA,5000
temporal_spd,region_age,human,exclude_negative,0.0045,0.069,0.06521739130434781,1,0.06521739130434781,0,Europe,NA,5000
temporal_spd,region_age,climate,exclude_negative,0.0868,0.087,0.9977011494252874,1,0.9977011494252874,0,Europe,NA,5500
temporal_spd,region_age,human,exclude_negative,6e-4,0.087,0.006896551724137931,1,0.006896551724137931,0,Europe,NA,5500
temporal_spd,region_age,climate,exclude_negative,0.0706,0.082,0.8609756097560974,1,0.8609756097560974,0,Europe,NA,6000
temporal_spd,region_age,human,exclude_negative,0.0117,0.082,0.14268292682926828,1,0.14268292682926828,0,Europe,NA,6000
temporal_spd,region_age,climate,exclude_negative,0.0567,0.086,0.6593023255813955,1,0.6593023255813955,0,Europe,NA,6500
temporal_spd,region_age,human,exclude_negative,0.0294,0.086,0.3418604651162791,1,0.3418604651162791,0,Europe,NA,6500
temporal_spd,region_age,climate,exclude_negative,0.0687,0.086,0.7988372093023256,1,0.7988372093023256,0,Europe,NA,7000
temporal_spd,region_age,human,exclude_negative,0.0175,0.086,0.20348837209302328,1,0.20348837209302328,0,Europe,NA,7000
temporal_spd,region_age,climate,exclude_negative,0.0641,0.119,0.538655462184874,1,0.538655462184874,0,Europe,NA,7500
temporal_spd,region_age,human,exclude_negative,0.0547,0.119,0.4596638655462185,1,0.4596638655462185,0,Europe,NA,7500
temporal_spd,region_age,climate,exclude_negative,0.0784,0.094,0.8340425531914893,1,0.8340425531914893,0,Europe,NA,8000
temporal_spd,region_age,human,exclude_negative,0.0154,0.094,0.16382978723404257,1,0.16382978723404257,0,Europe,NA,8000
temporal_spd,region_age,climate,exclude_negative,0.0686,0.078,0.8794871794871794,1,0.8794871794871794,0,Europe,NA,8500
temporal_spd,region_age,human,exclude_negative,0.0089,0.078,0.1141025641025641,1,0.1141025641025641,0,Europe,NA,8500
temporal_spd,region_age,climate,exclude_negative,0.1278,0.144,0.8875000000000001,1,0.8875000000000001,0,Latin America,NA,1500
temporal_spd,region_age,human,exclude_negative,0.0164,0.144,0.1138888888888889,1,0.1138888888888889,0,Latin America,NA,1500
temporal_spd,region_age,climate,exclude_negative,0.1496,0.153,0.9777777777777779,1,0.9777777777777779,0,Latin America,NA,2000
temporal_spd,region_age,human,exclude_negative,0.003,0.153,0.0196078431372549,1,0.0196078431372549,0,Latin America,NA,2000
temporal_spd,region_age,climate,exclude_negative,0.1453,0.152,0.955921052631579,1,0.955921052631579,0,Latin America,NA,2500
temporal_spd,region_age,human,exclude_negative,0.0068,0.152,0.04473684210526316,1,0.04473684210526316,0,Latin America,NA,2500
temporal_spd,region_age,climate,exclude_negative,0.1837,0.193,0.9518134715025907,1,0.9518134715025907,0,Latin America,NA,3000
temporal_spd,region_age,human,exclude_negative,0.009,0.193,0.0466321243523316,1,0.0466321243523316,0,Latin America,NA,3000
temporal_spd,region_age,climate,exclude_negative,0.1927,0.207,0.9309178743961354,1,0.9309178743961354,0,Latin America,NA,3500
temporal_spd,region_age,human,exclude_negative,0.0146,0.207,0.07053140096618359,1,0.07053140096618359,0,Latin America,NA,3500
temporal_spd,region_age,climate,exclude_negative,0.1913,0.218,0.8775229357798165,1,0.8775229357798165,0,Latin America,NA,4000
temporal_spd,region_age,human,exclude_negative,0.027,0.218,0.1238532110091743,1,0.1238532110091743,0,Latin America,NA,4000
temporal_spd,region_age,climate,exclude_negative,0.1816,0.197,0.9218274111675127,1,0.9218274111675127,0,Latin America,NA,4500
temporal_spd,region_age,human,exclude_negative,0.0157,0.197,0.0796954314720812,1,0.0796954314720812,0,Latin America,NA,4500
temporal_spd,region_age,climate,exclude_negative,0.1821,0.207,0.8797101449275363,1,0.8797101449275363,0,Latin America,NA,5000
temporal_spd,region_age,human,exclude_negative,0.0252,0.207,0.12173913043478261,1,0.12173913043478261,0,Latin America,NA,5000
temporal_spd,region_age,climate,exclude_negative,0.1684,0.178,0.946067415730337,1,0.946067415730337,0,Latin America,NA,5500
temporal_spd,region_age,human,exclude_negative,0.0094,0.178,0.052808988764044947,1,0.052808988764044947,0,Latin America,NA,5500
temporal_spd,region_age,climate,exclude_negative,0.1557,0.165,0.9436363636363636,1,0.9436363636363636,0,Latin America,NA,6000
temporal_spd,region_age,human,exclude_negative,0.0096,0.165,0.058181818181818175,1,0.058181818181818175,0,Latin America,NA,6000
temporal_spd,region_age,climate,exclude_negative,0.122,0.128,0.953125,1,0.953125,0,Latin America,NA,7000
temporal_spd,region_age,human,exclude_negative,0.0064,0.128,0.05,1,0.05,0,Latin America,NA,7000
temporal_spd,region_age,climate,exclude_negative,0.1495,0.156,0.9583333333333333,1,0.9583333333333333,0,Latin America,NA,7500
temporal_spd,region_age,human,exclude_negative,0.0065,0.156,0.041666666666666664,1,0.041666666666666664,0,Latin America,NA,7500
temporal_spd,region_age,climate,exclude_negative,0.1198,0.172,0.6965116279069768,1,0.6965116279069768,0,Latin America,NA,8000
temporal_spd,region_age,human,exclude_negative,0.0524,0.172,0.3046511627906977,1,0.3046511627906977,0,Latin America,NA,8000
temporal_spd,region_age,climate,exclude_negative,0.1274,0.137,0.9299270072992701,1,0.9299270072992701,0,Latin America,NA,8500
temporal_spd,region_age,human,exclude_negative,0.0097,0.137,0.0708029197080292,1,0.0708029197080292,0,Latin America,NA,8500
temporal_spd,region_age,climate,exclude_negative,0.1045,0.158,0.6613924050632911,1,0.6613924050632911,0,North America,NA,500
temporal_spd,region_age,human,exclude_negative,0.0532,0.158,0.33670886075949363,1,0.33670886075949363,0,North America,NA,500
temporal_spd,region_age,climate,exclude_negative,0.0931,0.103,0.9038834951456312,1,0.9038834951456312,0,North America,NA,1000
temporal_spd,region_age,human,exclude_negative,0.0102,0.103,0.09902912621359225,1,0.09902912621359225,0,North America,NA,1000
temporal_spd,region_age,climate,exclude_negative,0.0961,0.103,0.9330097087378642,1,0.9330097087378642,0,North America,NA,1500
temporal_spd,region_age,human,exclude_negative,0.0072,0.103,0.06990291262135923,1,0.06990291262135923,0,North America,NA,1500
temporal_spd,region_age,climate,exclude_negative,0.0979,0.103,0.950485436893204,1,0.950485436893204,0,North America,NA,2000
temporal_spd,region_age,human,exclude_negative,0.0054,0.103,0.052427184466019426,1,0.052427184466019426,0,North America,NA,2000
temporal_spd,region_age,climate,exclude_negative,0.1004,0.109,0.9211009174311927,1,0.9211009174311927,0,North America,NA,2500
temporal_spd,region_age,human,exclude_negative,0.0082,0.109,0.07522935779816514,1,0.07522935779816514,0,North America,NA,2500
temporal_spd,region_age,climate,exclude_negative,0.1033,0.114,0.906140350877193,1,0.906140350877193,0,North America,NA,3000
temporal_spd,region_age,human,exclude_negative,0.011,0.114,0.09649122807017543,1,0.09649122807017543,0,North America,NA,3000
temporal_spd,region_age,climate,exclude_negative,0.1002,0.104,0.9634615384615385,1,0.9634615384615385,0,North America,NA,3500
temporal_spd,region_age,human,exclude_negative,0.0038,0.104,0.03653846153846154,1,0.03653846153846154,0,North America,NA,3500
temporal_spd,region_age,climate,exclude_negative,0.0879,0.098,0.8969387755102041,1,0.8969387755102041,0,North America,NA,4000
temporal_spd,region_age,human,exclude_negative,0.0103,0.098,0.10510204081632653,1,0.10510204081632653,0,North America,NA,4000
temporal_spd,region_age,climate,exclude_negative,0.0982,0.107,0.9177570093457944,1,0.9177570093457944,0,North America,NA,4500
temporal_spd,region_age,human,exclude_negative,0.0092,0.107,0.08598130841121496,1,0.08598130841121496,0,North America,NA,4500
temporal_spd,region_age,climate,exclude_negative,0.1011,0.108,0.9361111111111111,1,0.9361111111111111,0,North America,NA,5000
temporal_spd,region_age,human,exclude_negative,0.0067,0.108,0.062037037037037036,1,0.062037037037037036,0,North America,NA,5000
temporal_spd,region_age,climate,exclude_negative,0.087,0.098,0.8877551020408162,1,0.8877551020408162,0,North America,NA,5500
temporal_spd,region_age,human,exclude_negative,0.0114,0.098,0.11632653061224489,1,0.11632653061224489,0,North America,NA,5500
temporal_spd,region_age,climate,exclude_negative,0.0931,0.106,0.8783018867924529,1,0.8783018867924529,0,North America,NA,6000
temporal_spd,region_age,human,exclude_negative,0.0125,0.106,0.11792452830188681,1,0.11792452830188681,0,North America,NA,6000
temporal_spd,region_age,climate,exclude_negative,0.0944,0.104,0.9076923076923077,1,0.9076923076923077,0,North America,NA,6500
temporal_spd,region_age,human,exclude_negative,0.0092,0.104,0.08846153846153847,1,0.08846153846153847,0,North America,NA,6500
temporal_spd,region_age,climate,exclude_negative,0.0938,0.106,0.8849056603773585,1,0.8849056603773585,0,North America,NA,7000
temporal_spd,region_age,human,exclude_negative,0.0121,0.106,0.11415094339622642,1,0.11415094339622642,0,North America,NA,7000
temporal_spd,region_age,climate,exclude_negative,0.0924,0.104,0.8884615384615384,1,0.8884615384615384,0,North America,NA,7500
temporal_spd,region_age,human,exclude_negative,0.0119,0.104,0.11442307692307693,1,0.11442307692307693,0,North America,NA,7500
temporal_spd,region_age,climate,exclude_negative,0.1183,0.125,0.9464,1,0.9464,0,North America,NA,8000
temporal_spd,region_age,human,exclude_negative,0.0066,0.125,0.0528,1,0.0528,0,North America,NA,8000
temporal_spd,region_age,climate,exclude_negative,0.1151,0.12,0.9591666666666666,1,0.9591666666666666,0,North America,NA,8500
temporal_spd,region_age,human,exclude_negative,0.0048,0.12,0.04,1,0.04,0,North America,NA,8500
temporal_spd,region_age,climate,exclude_negative,0.0852,0.093,0.9161290322580645,1,0.9161290322580645,0,Oceania,NA,500
temporal_spd,region_age,human,exclude_negative,0.0074,0.093,0.07956989247311828,1,0.07956989247311828,0,Oceania,NA,500
temporal_spd,region_age,climate,exclude_negative,0.0631,0.094,0.6712765957446809,1,0.6712765957446809,0,Oceania,NA,1000
temporal_spd,region_age,human,exclude_negative,0.0314,0.094,0.33404255319148934,1,0.33404255319148934,0,Oceania,NA,1000
temporal_spd,region_age,climate,exclude_negative,0.0559,0.083,0.6734939759036144,1,0.6734939759036144,0,Oceania,NA,1500
temporal_spd,region_age,human,exclude_negative,0.0268,0.083,0.3228915662650602,1,0.3228915662650602,0,Oceania,NA,1500
temporal_spd,region_age,climate,exclude_negative,0.0083,0.032,0.259375,1,0.259375,0,Oceania,NA,2000
temporal_spd,region_age,human,exclude_negative,0.0232,0.032,0.725,1,0.725,0,Oceania,NA,2000
temporal_spd,region_age,climate,exclude_negative,0.0794,0.102,0.7784313725490196,1,0.7784313725490196,0,Oceania,NA,2500
temporal_spd,region_age,human,exclude_negative,0.0224,0.102,0.21960784313725493,1,0.21960784313725493,0,Oceania,NA,2500
temporal_spd,region_age,climate,exclude_negative,0.123,0.153,0.803921568627451,1,0.803921568627451,0,Oceania,NA,3000
temporal_spd,region_age,human,exclude_negative,0.0304,0.153,0.19869281045751636,1,0.19869281045751636,0,Oceania,NA,3000
temporal_spd,region_age,climate,exclude_negative,0.1355,0.16,0.846875,1,0.846875,0,Oceania,NA,3500
temporal_spd,region_age,human,exclude_negative,0.0243,0.16,0.15187499999999998,1,0.15187499999999998,0,Oceania,NA,3500
temporal_spd,region_age,climate,exclude_negative,0.0957,0.106,0.9028301886792452,1,0.9028301886792452,0,Oceania,NA,4000
temporal_spd,region_age,human,exclude_negative,0.0101,0.106,0.09528301886792452,1,0.09528301886792452,0,Oceania,NA,4000
temporal_spd,region_age,climate,exclude_negative,0.1186,0.123,0.9642276422764228,1,0.9642276422764228,0,Oceania,NA,4500
temporal_spd,region_age,human,exclude_negative,0.0048,0.123,0.03902439024390244,1,0.03902439024390244,0,Oceania,NA,4500
temporal_spd,region_age,climate,exclude_negative,0.0633,0.076,0.8328947368421052,1,0.8328947368421052,0,Oceania,NA,5000
temporal_spd,region_age,human,exclude_negative,0.0126,0.076,0.16578947368421054,1,0.16578947368421054,0,Oceania,NA,5000
temporal_spd,region_age,climate,exclude_negative,0.0631,0.069,0.9144927536231884,1,0.9144927536231884,0,Oceania,NA,5500
temporal_spd,region_age,human,exclude_negative,0.0057,0.069,0.08260869565217391,1,0.08260869565217391,0,Oceania,NA,5500
temporal_spd,region_age,climate,exclude_negative,0.1405,0.141,0.99645390070922,1,0.99645390070922,0,Oceania,NA,8500
temporal_spd,region_age,human,exclude_negative,4e-4,0.141,0.002836879432624114,1,0.002836879432624114,0,Oceania,NA,8500
h2_spd,region_climatezone,climate,signed,0.5843,0.699,0.8359084406294708,1,0.8359084406294708,0,Asia,Arid,NA
h2_spd,region_climatezone,human,signed,0.1143,0.699,0.16351931330472103,1,0.16351931330472103,0,Asia,Arid,NA
h2_spd,region_climatezone,climate,signed,0.8835,1.086,0.8135359116022098,1,0.8135359116022098,0,Asia,Cold_Dry_Summer,NA
h2_spd,region_climatezone,human,signed,0.2023,1.086,0.18627992633517496,1,0.18627992633517496,0,Asia,Cold_Dry_Summer,NA
h2_spd,region_climatezone,climate,signed,0.8045,1.061,0.7582469368520264,1,0.7582469368520264,0,Asia,Cold_Dry_Winter,NA
h2_spd,region_climatezone,human,signed,0.2566,1.061,0.24184731385485392,1,0.24184731385485392,0,Asia,Cold_Dry_Winter,NA
h2_spd,region_climatezone,climate,signed,0.5738,0.838,0.6847255369928401,1,0.6847255369928401,0,Asia,Cold_Without_dry_season_Cold_Summer,NA
h2_spd,region_climatezone,human,signed,0.264,0.838,0.3150357995226731,1,0.3150357995226731,0,Asia,Cold_Without_dry_season_Cold_Summer,NA
h2_spd,region_climatezone,climate,signed,0.4086,0.419,0.9751789976133652,1,0.9751789976133652,0,Asia,Cold_Without_dry_season_Warm_Summer,NA
h2_spd,region_climatezone,human,signed,0.0102,0.419,0.024343675417661102,1,0.024343675417661102,0,Asia,Cold_Without_dry_season_Warm_Summer,NA
h2_spd,region_climatezone,climate,signed,0.6599,0.947,0.6968321013727562,1,0.6968321013727562,0,Asia,Polar,NA
h2_spd,region_climatezone,human,signed,0.2867,0.947,0.30274551214361145,1,0.30274551214361145,0,Asia,Polar,NA
h2_spd,region_climatezone,climate,signed,0.6126,0.917,0.6680479825517993,1,0.6680479825517993,0,Asia,Temperate_Dry_Summer,NA
h2_spd,region_climatezone,human,signed,0.3048,0.917,0.33238822246455835,1,0.33238822246455835,0,Asia,Temperate_Dry_Summer,NA
h2_spd,region_climatezone,climate,signed,0.603,0.876,0.6883561643835616,1,0.6883561643835616,0,Asia,Temperate_Dry_Winter,NA
h2_spd,region_climatezone,human,signed,0.2726,0.876,0.31118721461187215,1,0.31118721461187215,0,Asia,Temperate_Dry_Winter,NA
h2_spd,region_climatezone,climate,signed,0.7753,0.837,0.926284348864994,1,0.926284348864994,0,Asia,Temperate_Without_dry_season,NA
h2_spd,region_climatezone,human,signed,0.0618,0.837,0.07383512544802867,1,0.07383512544802867,0,Asia,Temperate_Without_dry_season,NA
h2_spd,region_climatezone,climate,signed,0.2408,0.326,0.7386503067484662,1,0.7386503067484662,0,Europe,Arid,NA
h2_spd,region_climatezone,human,signed,0.0847,0.326,0.2598159509202454,1,0.2598159509202454,0,Europe,Arid,NA
h2_spd,region_climatezone,climate,signed,0.9466,1.076,0.8797397769516728,1,0.8797397769516728,0,Europe,Cold_Without_dry_season_Cold_Summer,NA
h2_spd,region_climatezone,human,signed,0.1291,1.076,0.11998141263940519,1,0.11998141263940519,0,Europe,Cold_Without_dry_season_Cold_Summer,NA
h2_spd,region_climatezone,climate,signed,0.9871,1.039,0.9500481231953802,1,0.9500481231953802,0,Europe,Cold_Without_dry_season_Warm_Summer,NA
h2_spd,region_climatezone,human,signed,0.0518,1.039,0.04985563041385948,1,0.04985563041385948,0,Europe,Cold_Without_dry_season_Warm_Summer,NA
h2_spd,region_climatezone,climate,signed,0.6551,0.745,0.8793288590604027,1,0.8793288590604027,0,Europe,Polar,NA
h2_spd,region_climatezone,human,signed,0.0898,0.745,0.12053691275167785,1,0.12053691275167785,0,Europe,Polar,NA
h2_spd,region_climatezone,climate,signed,0.5066,0.713,0.7105189340813465,1,0.7105189340813465,0,Europe,Temperate_Dry_Summer,NA
h2_spd,region_climatezone,human,signed,0.2065,0.713,0.28962131837307153,1,0.28962131837307153,0,Europe,Temperate_Dry_Summer,NA
h2_spd,region_climatezone,climate,signed,0.9482,1.014,0.9351084812623275,1,0.9351084812623275,0,Europe,Temperate_Without_dry_season,NA
h2_spd,region_climatezone,human,signed,0.0659,1.014,0.06499013806706114,1,0.06499013806706114,0,Europe,Temperate_Without_dry_season,NA
h2_spd,region_climatezone,climate,signed,0.7841,0.953,0.8227701993704093,1,0.8227701993704093,0,Latin America,Arid,NA
h2_spd,region_climatezone,human,signed,0.1692,0.953,0.17754459601259182,1,0.17754459601259182,0,Latin America,Arid,NA
h2_spd,region_climatezone,climate,signed,0.6635,0.863,0.7688296639629201,1,0.7688296639629201,0,Latin America,Polar,NA
h2_spd,region_climatezone,human,signed,0.1998,0.863,0.23151796060254926,1,0.23151796060254926,0,Latin America,Polar,NA
h2_spd,region_climatezone,climate,signed,0.2475,0.402,0.6156716417910447,1,0.6156716417910447,0,Latin America,Temperate_Dry_Summer,NA
h2_spd,region_climatezone,human,signed,0.1547,0.402,0.38482587064676615,1,0.38482587064676615,0,Latin America,Temperate_Dry_Summer,NA
h2_spd,region_climatezone,climate,signed,0.4114,0.584,0.7044520547945206,1,0.7044520547945206,0,Latin America,Temperate_Dry_Winter,NA
h2_spd,region_climatezone,human,signed,0.1726,0.584,0.2955479452054795,1,0.2955479452054795,0,Latin America,Temperate_Dry_Winter,NA
h2_spd,region_climatezone,climate,signed,0.2174,0.658,0.3303951367781155,1,0.3303951367781155,0,Latin America,Temperate_Without_dry_season,NA
h2_spd,region_climatezone,human,signed,0.4406,0.658,0.6696048632218845,1,0.6696048632218845,0,Latin America,Temperate_Without_dry_season,NA
h2_spd,region_climatezone,climate,signed,0.6561,0.833,0.7876350540216087,1,0.7876350540216087,0,Latin America,Tropical,NA
h2_spd,region_climatezone,human,signed,0.1772,0.833,0.21272509003601442,1,0.21272509003601442,0,Latin America,Tropical,NA
h2_spd,region_climatezone,climate,signed,0.7208,0.75,0.9610666666666666,1,0.9610666666666666,0,North America,Arid,NA
h2_spd,region_climatezone,human,signed,0.0291,0.75,0.0388,1,0.0388,0,North America,Arid,NA
h2_spd,region_climatezone,climate,signed,0.6726,0.768,0.87578125,1,0.87578125,0,North America,Cold_Dry_Summer,NA
h2_spd,region_climatezone,human,signed,0.0952,0.768,0.12395833333333334,1,0.12395833333333334,0,North America,Cold_Dry_Summer,NA
h2_spd,region_climatezone,climate,signed,0.8751,1.32,0.6629545454545455,1,0.6629545454545455,0,North America,Cold_Without_dry_season_Cold_Summer,NA
h2_spd,region_climatezone,human,signed,0.4449,1.32,0.33704545454545454,1,0.33704545454545454,0,North America,Cold_Without_dry_season_Cold_Summer,NA
h2_spd,region_climatezone,climate,signed,0.764,0.943,0.8101802757158006,1,0.8101802757158006,0,North America,Cold_Without_dry_season_Hot_Summer,NA
h2_spd,region_climatezone,human,signed,0.1789,0.943,0.1897136797454931,1,0.1897136797454931,0,North America,Cold_Without_dry_season_Hot_Summer,NA
h2_spd,region_climatezone,climate,signed,0.9947,1.133,0.8779346866725508,1,0.8779346866725508,0,North America,Cold_Without_dry_season_Warm_Summer,NA
h2_spd,region_climatezone,human,signed,0.1384,1.133,0.12215357458075904,1,0.12215357458075904,0,North America,Cold_Without_dry_season_Warm_Summer,NA
h2_spd,region_climatezone,climate,signed,0.6302,0.703,0.896443812233286,1,0.896443812233286,0,North America,Polar,NA
h2_spd,region_climatezone,human,signed,0.0727,0.703,0.10341394025604553,1,0.10341394025604553,0,North America,Polar,NA
h2_spd,region_climatezone,climate,signed,0.5903,0.732,0.8064207650273225,1,0.8064207650273225,0,North America,Temperate_Dry_Summer,NA
h2_spd,region_climatezone,human,signed,0.1418,0.732,0.19371584699453553,1,0.19371584699453553,0,North America,Temperate_Dry_Summer,NA
h2_spd,region_climatezone,climate,signed,0.5098,0.85,0.599764705882353,1,0.599764705882353,0,North America,Temperate_Without_dry_season,NA
h2_spd,region_climatezone,human,signed,0.3399,0.85,0.39988235294117647,1,0.39988235294117647,0,North America,Temperate_Without_dry_season,NA
h2_spd,region_climatezone,climate,signed,0.8384,1.06,0.7909433962264151,1,0.7909433962264151,0,Oceania,Temperate_Without_dry_season,NA
h2_spd,region_climatezone,human,signed,0.222,1.06,0.20943396226415092,1,0.20943396226415092,0,Oceania,Temperate_Without_dry_season,NA
h2_spd,region_climatezone,climate,signed,0.8612,1.021,0.8434867776689521,1,0.8434867776689521,0,Oceania,Tropical,NA
h2_spd,region_climatezone,human,signed,0.1595,1.021,0.15621939275220373,1,0.15621939275220373,0,Oceania,Tropical,NA
h2_spd,region_climatezone,climate,zero_truncated,0.5843,0.6986,0.8363870598339537,1,0.8359084406294708,4.7861920448288853e-4,Asia,Arid,NA
h2_spd,region_climatezone,human,zero_truncated,0.1143,0.6986,0.16361294016604638,1,0.16351931330472103,9.362686132535769e-5,Asia,Arid,NA
h2_spd,region_climatezone,climate,zero_truncated,0.8835,1.0857999999999999,0.8136857616503961,1,0.8135359116022098,1.498500481862397e-4,Asia,Cold_Dry_Summer,NA
h2_spd,region_climatezone,human,zero_truncated,0.2023,1.0857999999999999,0.186314238349604,1,0.18627992633517496,3.431201442904985e-5,Asia,Cold_Dry_Summer,NA
h2_spd,region_climatezone,climate,zero_truncated,0.8045,1.0611,0.7581754782772595,1,0.7582469368520264,-7.145857476686945e-5,Asia,Cold_Dry_Winter,NA
h2_spd,region_climatezone,human,zero_truncated,0.2566,1.0611,0.24182452172274058,1,0.24184731385485392,-2.2792132113341745e-5,Asia,Cold_Dry_Winter,NA
h2_spd,region_climatezone,climate,zero_truncated,0.5738,0.8378,0.6848889949868704,1,0.6847255369928401,1.634579940302805e-4,Asia,Cold_Without_dry_season_Cold_Summer,NA
h2_spd,region_climatezone,human,zero_truncated,0.264,0.8378,0.31511100501312966,1,0.3150357995226731,7.520549045658687e-5,Asia,Cold_Without_dry_season_Cold_Summer,NA
h2_spd,region_climatezone,climate,zero_truncated,0.4086,0.4188,0.9756446991404012,1,0.9751789976133652,4.6570152703595546e-4,Asia,Cold_Without_dry_season_Warm_Summer,NA
h2_spd,region_climatezone,human,zero_truncated,0.0102,0.4188,0.024355300859598854,1,0.024343675417661102,1.1625441937751502e-5,Asia,Cold_Without_dry_season_Warm_Summer,NA
h2_spd,region_climatezone,climate,zero_truncated,0.6599,0.9466000000000001,0.6971265582083245,1,0.6968321013727562,2.9445683556827973e-4,Asia,Polar,NA
h2_spd,region_climatezone,human,zero_truncated,0.2867,0.9466000000000001,0.30287344179167547,1,0.30274551214361145,1.2792964806401796e-4,Asia,Polar,NA
h2_spd,region_climatezone,climate,zero_truncated,0.6126,0.9174,0.6677567037279268,1,0.6680479825517993,-2.9127882387247617e-4,Asia,Temperate_Dry_Summer,NA
h2_spd,region_climatezone,human,zero_truncated,0.3048,0.9174,0.3322432962720733,1,0.33238822246455835,-1.449261924850731e-4,Asia,Temperate_Dry_Summer,NA
h2_spd,region_climatezone,climate,zero_truncated,0.603,0.8755999999999999,0.6886706258565556,1,0.6883561643835616,3.1446147299396543e-4,Asia,Temperate_Dry_Winter,NA
h2_spd,region_climatezone,human,zero_truncated,0.2726,0.8755999999999999,0.3113293741434445,1,0.31118721461187215,1.4215953157237227e-4,Asia,Temperate_Dry_Winter,NA
h2_spd,region_climatezone,climate,zero_truncated,0.7753,0.8371,0.9261736948990563,1,0.926284348864994,-1.1065396593767929e-4,Asia,Temperate_Without_dry_season,NA
h2_spd,region_climatezone,human,zero_truncated,0.0618,0.8371,0.07382630510094373,1,0.07383512544802867,-8.820347084936841e-6,Asia,Temperate_Without_dry_season,NA
h2_spd,region_climatezone,climate,zero_truncated,0.2408,0.3255,0.7397849462365591,1,0.7386503067484662,0.0011346394880928923,Europe,Arid,NA
h2_spd,region_climatezone,human,zero_truncated,0.0847,0.3255,0.26021505376344084,1,0.2598159509202454,3.991028431954424e-4,Europe,Arid,NA
h2_spd,region_climatezone,climate,zero_truncated,0.9466,1.0756999999999999,0.8799851259644883,1,0.8797397769516728,2.453490128154767e-4,Europe,Cold_Without_dry_season_Cold_Summer,NA
h2_spd,region_climatezone,human,zero_truncated,0.1291,1.0756999999999999,0.12001487403551177,1,0.11998141263940519,3.346139610657661e-5,Europe,Cold_Without_dry_season_Cold_Summer,NA
h2_spd,region_climatezone,climate,zero_truncated,0.9871,1.0389,0.9501395706997786,1,0.9500481231953802,9.144750439837868e-5,Europe,Cold_Without_dry_season_Warm_Summer,NA
h2_spd,region_climatezone,human,zero_truncated,0.0518,1.0389,0.04986042930022139,1,0.04985563041385948,4.798886361907784e-6,Europe,Cold_Without_dry_season_Warm_Summer,NA
h2_spd,region_climatezone,climate,zero_truncated,0.6551,0.7449,0.8794469056249161,1,0.8793288590604027,1.1804656451341877e-4,Europe,Polar,NA
h2_spd,region_climatezone,human,zero_truncated,0.0898,0.7449,0.12055309437508391,1,0.12053691275167785,1.6181623406053003e-5,Europe,Polar,NA
h2_spd,region_climatezone,climate,zero_truncated,0.5066,0.7131000000000001,0.7104192960314122,1,0.7105189340813465,-9.963804993429193e-5,Europe,Temperate_Dry_Summer,NA
h2_spd,region_climatezone,human,zero_truncated,0.2065,0.7131000000000001,0.2895807039685878,1,0.28962131837307153,-4.061440448371867e-5,Europe,Temperate_Dry_Summer,NA
h2_spd,region_climatezone,climate,zero_truncated,0.9482,1.0141,0.935016270584755,1,0.9351084812623275,-9.221067757247958e-5,Europe,Temperate_Without_dry_season,NA
h2_spd,region_climatezone,human,zero_truncated,0.0659,1.0141,0.06498372941524505,1,0.06499013806706114,-6.40865181608663e-6,Europe,Temperate_Without_dry_season,NA
h2_spd,region_climatezone,climate,zero_truncated,0.7841,0.9533,0.8225112766180636,1,0.8227701993704093,-2.5892275234573603e-4,Latin America,Arid,NA
h2_spd,region_climatezone,human,zero_truncated,0.1692,0.9533,0.17748872338193641,1,0.17754459601259182,-5.587263065540138e-5,Latin America,Arid,NA
h2_spd,region_climatezone,climate,zero_truncated,0.6635,0.8633,0.7685624927603383,1,0.7688296639629201,-2.6717120258179516e-4,Latin America,Polar,NA
h2_spd,region_climatezone,human,zero_truncated,0.1998,0.8633,0.23143750723966178,1,0.23151796060254926,-8.045336288747817e-5,Latin America,Polar,NA
h2_spd,region_climatezone,climate,zero_truncated,0.2475,0.4022,0.6153654898060666,1,0.6156716417910447,-3.0615198497807583e-4,Latin America,Temperate_Dry_Summer,NA
h2_spd,region_climatezone,human,zero_truncated,0.1547,0.4022,0.38463451019393335,1,0.38482587064676615,-1.9136045283280056e-4,Latin America,Temperate_Dry_Summer,NA
h2_spd,region_climatezone,climate,zero_truncated,0.4114,0.584,0.7044520547945206,1,0.7044520547945206,0,Latin America,Temperate_Dry_Winter,NA
h2_spd,region_climatezone,human,zero_truncated,0.1726,0.584,0.2955479452054795,1,0.2955479452054795,0,Latin America,Temperate_Dry_Winter,NA
h2_spd,region_climatezone,climate,zero_truncated,0.2174,0.658,0.3303951367781155,1,0.3303951367781155,0,Latin America,Temperate_Without_dry_season,NA
h2_spd,region_climatezone,human,zero_truncated,0.4406,0.658,0.6696048632218845,1,0.6696048632218845,0,Latin America,Temperate_Without_dry_season,NA
h2_spd,region_climatezone,climate,zero_truncated,0.6561,0.8333,0.7873514940597623,1,0.7876350540216087,-2.835599618463691e-4,Latin America,Tropical,NA
h2_spd,region_climatezone,human,zero_truncated,0.1772,0.8333,0.2126485059402376,1,0.21272509003601442,-7.658409577682157e-5,Latin America,Tropical,NA
h2_spd,region_climatezone,climate,zero_truncated,0.7208,0.7499,0.9611948259767968,1,0.9610666666666666,1.2815931013021586e-4,North America,Arid,NA
h2_spd,region_climatezone,human,zero_truncated,0.0291,0.7499,0.0388051740232031,1,0.0388,5.1740232030958455e-6,North America,Arid,NA
h2_spd,region_climatezone,climate,zero_truncated,0.6726,0.7678,0.8760093774420421,1,0.87578125,2.2812744204214752e-4,North America,Cold_Dry_Summer,NA
h2_spd,region_climatezone,human,zero_truncated,0.0952,0.7678,0.1239906225579578,1,0.12395833333333334,3.228922462446271e-5,North America,Cold_Dry_Summer,NA
h2_spd,region_climatezone,climate,zero_truncated,0.8751,1.32,0.6629545454545455,1,0.6629545454545455,0,North America,Cold_Without_dry_season_Cold_Summer,NA
h2_spd,region_climatezone,human,zero_truncated,0.4449,1.32,0.33704545454545454,1,0.33704545454545454,0,North America,Cold_Without_dry_season_Cold_Summer,NA
h2_spd,region_climatezone,climate,zero_truncated,0.764,0.9429000000000001,0.8102662000212111,1,0.8101802757158006,8.592430541043417e-5,North America,Cold_Without_dry_season_Hot_Summer,NA
h2_spd,region_climatezone,human,zero_truncated,0.1789,0.9429000000000001,0.18973379997878884,1,0.1897136797454931,2.012023329572843e-5,North America,Cold_Without_dry_season_Hot_Summer,NA
h2_spd,region_climatezone,climate,zero_truncated,0.9947,1.1331,0.8778572058953314,1,0.8779346866725508,-7.748077721936308e-5,North America,Cold_Without_dry_season_Warm_Summer,NA
h2_spd,region_climatezone,human,zero_truncated,0.1384,1.1331,0.1221427941046686,1,0.12215357458075904,-1.0780476090432867e-5,North America,Cold_Without_dry_season_Warm_Summer,NA
h2_spd,region_climatezone,climate,zero_truncated,0.6302,0.7029,0.8965713472755726,1,0.896443812233286,1.275350422866861e-4,North America,Polar,NA
h2_spd,region_climatezone,human,zero_truncated,0.0727,0.7029,0.10342865272442738,1,0.10341394025604553,1.4712468381847255e-5,North America,Polar,NA
h2_spd,region_climatezone,climate,zero_truncated,0.5903,0.7321000000000001,0.8063106133041934,1,0.8064207650273225,-1.1015172312911492e-4,North America,Temperate_Dry_Summer,NA
h2_spd,region_climatezone,human,zero_truncated,0.1418,0.7321000000000001,0.19368938669580657,1,0.19371584699453553,-2.646029872896416e-5,North America,Temperate_Dry_Summer,NA
h2_spd,region_climatezone,climate,zero_truncated,0.5098,0.8497,0.599976462280805,1,0.599764705882353,2.1175639845205652e-4,North America,Temperate_Without_dry_season,NA
h2_spd,region_climatezone,human,zero_truncated,0.3399,0.8497,0.40002353771919497,1,0.39988235294117647,1.4118477801849938e-4,North America,Temperate_Without_dry_season,NA
h2_spd,region_climatezone,climate,zero_truncated,0.8384,1.0604,0.7906450396076953,1,0.7909433962264151,-2.9835661871979724e-4,Oceania,Temperate_Without_dry_season,NA
h2_spd,region_climatezone,human,zero_truncated,0.222,1.0604,0.20935496039230478,1,0.20943396226415092,-7.900187184614604e-5,Oceania,Temperate_Without_dry_season,NA
h2_spd,region_climatezone,climate,zero_truncated,0.8612,1.0207,0.8437346918781229,1,0.8434867776689521,2.4791420917080753e-4,Oceania,Tropical,NA
h2_spd,region_climatezone,human,zero_truncated,0.1595,1.0207,0.15626530812187717,1,0.15621939275220373,4.591536967343823e-5,Oceania,Tropical,NA
h2_spd,region_climatezone,climate,exclude_negative,0.5843,0.699,0.8359084406294708,1,0.8359084406294708,0,Asia,Arid,NA
h2_spd,region_climatezone,human,exclude_negative,0.1143,0.699,0.16351931330472103,1,0.16351931330472103,0,Asia,Arid,NA
h2_spd,region_climatezone,climate,exclude_negative,0.8835,1.086,0.8135359116022098,1,0.8135359116022098,0,Asia,Cold_Dry_Summer,NA
h2_spd,region_climatezone,human,exclude_negative,0.2023,1.086,0.18627992633517496,1,0.18627992633517496,0,Asia,Cold_Dry_Summer,NA
h2_spd,region_climatezone,climate,exclude_negative,0.8045,1.061,0.7582469368520264,1,0.7582469368520264,0,Asia,Cold_Dry_Winter,NA
h2_spd,region_climatezone,human,exclude_negative,0.2566,1.061,0.24184731385485392,1,0.24184731385485392,0,Asia,Cold_Dry_Winter,NA
h2_spd,region_climatezone,climate,exclude_negative,0.5738,0.838,0.6847255369928401,1,0.6847255369928401,0,Asia,Cold_Without_dry_season_Cold_Summer,NA
h2_spd,region_climatezone,human,exclude_negative,0.264,0.838,0.3150357995226731,1,0.3150357995226731,0,Asia,Cold_Without_dry_season_Cold_Summer,NA
h2_spd,region_climatezone,climate,exclude_negative,0.4086,0.419,0.9751789976133652,1,0.9751789976133652,0,Asia,Cold_Without_dry_season_Warm_Summer,NA
h2_spd,region_climatezone,human,exclude_negative,0.0102,0.419,0.024343675417661102,1,0.024343675417661102,0,Asia,Cold_Without_dry_season_Warm_Summer,NA
h2_spd,region_climatezone,climate,exclude_negative,0.6599,0.947,0.6968321013727562,1,0.6968321013727562,0,Asia,Polar,NA
h2_spd,region_climatezone,human,exclude_negative,0.2867,0.947,0.30274551214361145,1,0.30274551214361145,0,Asia,Polar,NA
h2_spd,region_climatezone,climate,exclude_negative,0.6126,0.917,0.6680479825517993,1,0.6680479825517993,0,Asia,Temperate_Dry_Summer,NA
h2_spd,region_climatezone,human,exclude_negative,0.3048,0.917,0.33238822246455835,1,0.33238822246455835,0,Asia,Temperate_Dry_Summer,NA
h2_spd,region_climatezone,climate,exclude_negative,0.603,0.876,0.6883561643835616,1,0.6883561643835616,0,Asia,Temperate_Dry_Winter,NA
h2_spd,region_climatezone,human,exclude_negative,0.2726,0.876,0.31118721461187215,1,0.31118721461187215,0,Asia,Temperate_Dry_Winter,NA
h2_spd,region_climatezone,climate,exclude_negative,0.7753,0.837,0.926284348864994,1,0.926284348864994,0,Asia,Temperate_Without_dry_season,NA
h2_spd,region_climatezone,human,exclude_negative,0.0618,0.837,0.07383512544802867,1,0.07383512544802867,0,Asia,Temperate_Without_dry_season,NA
h2_spd,region_climatezone,climate,exclude_negative,0.2408,0.326,0.7386503067484662,1,0.7386503067484662,0,Europe,Arid,NA
h2_spd,region_climatezone,human,exclude_negative,0.0847,0.326,0.2598159509202454,1,0.2598159509202454,0,Europe,Arid,NA
h2_spd,region_climatezone,climate,exclude_negative,0.9466,1.076,0.8797397769516728,1,0.8797397769516728,0,Europe,Cold_Without_dry_season_Cold_Summer,NA
h2_spd,region_climatezone,human,exclude_negative,0.1291,1.076,0.11998141263940519,1,0.11998141263940519,0,Europe,Cold_Without_dry_season_Cold_Summer,NA
h2_spd,region_climatezone,climate,exclude_negative,0.9871,1.039,0.9500481231953802,1,0.9500481231953802,0,Europe,Cold_Without_dry_season_Warm_Summer,NA
h2_spd,region_climatezone,human,exclude_negative,0.0518,1.039,0.04985563041385948,1,0.04985563041385948,0,Europe,Cold_Without_dry_season_Warm_Summer,NA
h2_spd,region_climatezone,climate,exclude_negative,0.6551,0.745,0.8793288590604027,1,0.8793288590604027,0,Europe,Polar,NA
h2_spd,region_climatezone,human,exclude_negative,0.0898,0.745,0.12053691275167785,1,0.12053691275167785,0,Europe,Polar,NA
h2_spd,region_climatezone,climate,exclude_negative,0.5066,0.713,0.7105189340813465,1,0.7105189340813465,0,Europe,Temperate_Dry_Summer,NA
h2_spd,region_climatezone,human,exclude_negative,0.2065,0.713,0.28962131837307153,1,0.28962131837307153,0,Europe,Temperate_Dry_Summer,NA
h2_spd,region_climatezone,climate,exclude_negative,0.9482,1.014,0.9351084812623275,1,0.9351084812623275,0,Europe,Temperate_Without_dry_season,NA
h2_spd,region_climatezone,human,exclude_negative,0.0659,1.014,0.06499013806706114,1,0.06499013806706114,0,Europe,Temperate_Without_dry_season,NA
h2_spd,region_climatezone,climate,exclude_negative,0.7841,0.953,0.8227701993704093,1,0.8227701993704093,0,Latin America,Arid,NA
h2_spd,region_climatezone,human,exclude_negative,0.1692,0.953,0.17754459601259182,1,0.17754459601259182,0,Latin America,Arid,NA
h2_spd,region_climatezone,climate,exclude_negative,0.6635,0.863,0.7688296639629201,1,0.7688296639629201,0,Latin America,Polar,NA
h2_spd,region_climatezone,human,exclude_negative,0.1998,0.863,0.23151796060254926,1,0.23151796060254926,0,Latin America,Polar,NA
h2_spd,region_climatezone,climate,exclude_negative,0.2475,0.402,0.6156716417910447,1,0.6156716417910447,0,Latin America,Temperate_Dry_Summer,NA
h2_spd,region_climatezone,human,exclude_negative,0.1547,0.402,0.38482587064676615,1,0.38482587064676615,0,Latin America,Temperate_Dry_Summer,NA
h2_spd,region_climatezone,climate,exclude_negative,0.4114,0.584,0.7044520547945206,1,0.7044520547945206,0,Latin America,Temperate_Dry_Winter,NA
h2_spd,region_climatezone,human,exclude_negative,0.1726,0.584,0.2955479452054795,1,0.2955479452054795,0,Latin America,Temperate_Dry_Winter,NA
h2_spd,region_climatezone,climate,exclude_negative,0.2174,0.658,0.3303951367781155,1,0.3303951367781155,0,Latin America,Temperate_Without_dry_season,NA
h2_spd,region_climatezone,human,exclude_negative,0.4406,0.658,0.6696048632218845,1,0.6696048632218845,0,Latin America,Temperate_Without_dry_season,NA
h2_spd,region_climatezone,climate,exclude_negative,0.6561,0.833,0.7876350540216087,1,0.7876350540216087,0,Latin America,Tropical,NA
h2_spd,region_climatezone,human,exclude_negative,0.1772,0.833,0.21272509003601442,1,0.21272509003601442,0,Latin America,Tropical,NA
h2_spd,region_climatezone,climate,exclude_negative,0.7208,0.75,0.9610666666666666,1,0.9610666666666666,0,North America,Arid,NA
h2_spd,region_climatezone,human,exclude_negative,0.0291,0.75,0.0388,1,0.0388,0,North America,Arid,NA
h2_spd,region_climatezone,climate,exclude_negative,0.6726,0.768,0.87578125,1,0.87578125,0,North America,Cold_Dry_Summer,NA
h2_spd,region_climatezone,human,exclude_negative,0.0952,0.768,0.12395833333333334,1,0.12395833333333334,0,North America,Cold_Dry_Summer,NA
h2_spd,region_climatezone,climate,exclude_negative,0.8751,1.32,0.6629545454545455,1,0.6629545454545455,0,North America,Cold_Without_dry_season_Cold_Summer,NA
h2_spd,region_climatezone,human,exclude_negative,0.4449,1.32,0.33704545454545454,1,0.33704545454545454,0,North America,Cold_Without_dry_season_Cold_Summer,NA
h2_spd,region_climatezone,climate,exclude_negative,0.764,0.943,0.8101802757158006,1,0.8101802757158006,0,North America,Cold_Without_dry_season_Hot_Summer,NA
h2_spd,region_climatezone,human,exclude_negative,0.1789,0.943,0.1897136797454931,1,0.1897136797454931,0,North America,Cold_Without_dry_season_Hot_Summer,NA
h2_spd,region_climatezone,climate,exclude_negative,0.9947,1.133,0.8779346866725508,1,0.8779346866725508,0,North America,Cold_Without_dry_season_Warm_Summer,NA
h2_spd,region_climatezone,human,exclude_negative,0.1384,1.133,0.12215357458075904,1,0.12215357458075904,0,North America,Cold_Without_dry_season_Warm_Summer,NA
h2_spd,region_climatezone,climate,exclude_negative,0.6302,0.703,0.896443812233286,1,0.896443812233286,0,North America,Polar,NA
h2_spd,region_climatezone,human,exclude_negative,0.0727,0.703,0.10341394025604553,1,0.10341394025604553,0,North America,Polar,NA
h2_spd,region_climatezone,climate,exclude_negative,0.5903,0.732,0.8064207650273225,1,0.8064207650273225,0,North America,Temperate_Dry_Summer,NA
h2_spd,region_climatezone,human,exclude_negative,0.1418,0.732,0.19371584699453553,1,0.19371584699453553,0,North America,Temperate_Dry_Summer,NA
h2_spd,region_climatezone,climate,exclude_negative,0.5098,0.85,0.599764705882353,1,0.599764705882353,0,North America,Temperate_Without_dry_season,NA
h2_spd,region_climatezone,human,exclude_negative,0.3399,0.85,0.39988235294117647,1,0.39988235294117647,0,North America,Temperate_Without_dry_season,NA
h2_spd,region_climatezone,climate,exclude_negative,0.8384,1.06,0.7909433962264151,1,0.7909433962264151,0,Oceania,Temperate_Without_dry_season,NA
h2_spd,region_climatezone,human,exclude_negative,0.222,1.06,0.20943396226415092,1,0.20943396226415092,0,Oceania,Temperate_Without_dry_season,NA
h2_spd,region_climatezone,climate,exclude_negative,0.8612,1.021,0.8434867776689521,1,0.8434867776689521,0,Oceania,Tropical,NA
h2_spd,region_climatezone,human,exclude_negative,0.1595,1.021,0.15621939275220373,1,0.15621939275220373,0,Oceania,Tropical,NA
