summary_level,metric,contrast,cohort,n_units,n_finite,minimum,lower_quartile,median,mean,upper_quartile,maximum,n_negative,n_zero,n_positive,region,climatezone
overall,climate,events_minus_spd,as_coded,151,151,-0.1649,-0.04125000000000002,-0.009599999999999997,-0.007737748344370861,0.025349999999999998,0.12689999999999999,91,0,60,NA,NA
overall,climate,events_minus_spd,observed_events_only,151,151,-0.1649,-0.04125000000000002,-0.009599999999999997,-0.007737748344370861,0.025349999999999998,0.12689999999999999,91,0,60,NA,NA
overall,climate,spd_events_minus_spd,as_coded,151,151,-0.1555,-0.044999999999999984,-0.017600000000000005,-0.01679933774834437,0.006700000000000001,0.1287,103,0,48,NA,NA
overall,climate,spd_events_minus_spd,observed_events_only,151,151,-0.1555,-0.044999999999999984,-0.017600000000000005,-0.01679933774834437,0.006700000000000001,0.1287,103,0,48,NA,NA
overall,human,events_minus_spd,as_coded,151,151,-0.18680000000000002,-0.032799999999999996,0.040999999999999995,0.05159933774834437,0.12434999999999999,0.4489,55,0,96,NA,NA
overall,human,events_minus_spd,observed_events_only,151,151,-0.18680000000000002,-0.032799999999999996,0.040999999999999995,0.05159933774834437,0.12434999999999999,0.4489,55,0,96,NA,NA
overall,human,spd_events_minus_spd,as_coded,151,151,-0.07139999999999999,0.018900000000000007,0.0741,0.09352781456953642,0.15549999999999997,0.48519999999999996,25,0,126,NA,NA
overall,human,spd_events_minus_spd,observed_events_only,151,151,-0.07139999999999999,0.018900000000000007,0.0741,0.09352781456953642,0.15549999999999997,0.48519999999999996,25,0,126,NA,NA
overall,signed_balance,events_minus_spd,as_coded,151,151,-14.955925925925925,-0.10926669504775093,0.11678004535147392,0.05934388284143308,0.35621544631834134,5.1581418581418585,55,0,96,NA,NA
overall,signed_balance,events_minus_spd,observed_events_only,151,151,-14.955925925925925,-0.10926669504775093,0.11678004535147392,0.05934388284143308,0.35621544631834134,5.1581418581418585,55,0,96,NA,NA
overall,signed_balance,spd_events_minus_spd,as_coded,151,151,-1.5017948717948721,0.06828326986990389,0.23522276362589692,0.7384116969982316,0.43389986735049024,49.696815286624215,23,0,128,NA,NA
overall,signed_balance,spd_events_minus_spd,observed_events_only,151,151,-1.5017948717948721,0.06828326986990389,0.23522276362589692,0.7384116969982316,0.43389986735049024,49.696815286624215,23,0,128,NA,NA
overall,signed_difference,events_minus_spd,as_coded,151,151,-0.22580000000000003,-0.031799999999999995,0.04669999999999998,0.05933708609271523,0.15050000000000002,0.48019999999999996,56,0,95,NA,NA
overall,signed_difference,events_minus_spd,observed_events_only,151,151,-0.22580000000000003,-0.031799999999999995,0.04669999999999998,0.05933708609271523,0.15050000000000002,0.48019999999999996,56,0,95,NA,NA
overall,signed_difference,spd_events_minus_spd,as_coded,151,151,-0.06609999999999999,0.030400000000000003,0.09109999999999999,0.11032715231788079,0.17604999999999998,0.5427,23,0,128,NA,NA
overall,signed_difference,spd_events_minus_spd,observed_events_only,151,151,-0.06609999999999999,0.030400000000000003,0.09109999999999999,0.11032715231788079,0.17604999999999998,0.5427,23,0,128,NA,NA
overall,unique_adjusted_r2_pure_climate,events_minus_spd,as_coded,151,151,-0.31791796657890836,-0.07196623823963749,-0.018647228634895208,-0.013104489830389676,0.04579445964953094,0.3208486293372854,89,0,62,NA,NA
overall,unique_adjusted_r2_pure_climate,events_minus_spd,observed_events_only,151,151,-0.31791796657890836,-0.07196623823963749,-0.018647228634895208,-0.013104489830389676,0.04579445964953094,0.3208486293372854,89,0,62,NA,NA
overall,unique_adjusted_r2_pure_climate,spd_events_minus_spd,as_coded,151,151,-0.275687163901316,-0.06032106147378519,-0.02632028624397742,-0.019700636697426867,0.022773106676220456,0.3355158460734661,95,0,56,NA,NA
overall,unique_adjusted_r2_pure_climate,spd_events_minus_spd,observed_events_only,151,151,-0.275687163901316,-0.06032106147378519,-0.02632028624397742,-0.019700636697426867,0.022773106676220456,0.3355158460734661,95,0,56,NA,NA
overall,unique_adjusted_r2_pure_human,events_minus_spd,as_coded,151,151,-0.2944419377769013,-0.034610325077764514,0.02199342317351105,0.03194894271427298,0.09107306844907503,0.5799472686009334,64,0,87,NA,NA
overall,unique_adjusted_r2_pure_human,events_minus_spd,observed_events_only,151,151,-0.2944419377769013,-0.034610325077764514,0.02199342317351105,0.03194894271427298,0.09107306844907503,0.5799472686009334,64,0,87,NA,NA
overall,unique_adjusted_r2_pure_human,spd_events_minus_spd,as_coded,151,151,-0.1561759258113704,-0.024573835107637665,0.035437736028826494,0.05603322116807549,0.10442131439365365,0.5840129870244585,50,0,101,NA,NA
overall,unique_adjusted_r2_pure_human,spd_events_minus_spd,observed_events_only,151,151,-0.1561759258113704,-0.024573835107637665,0.035437736028826494,0.05603322116807549,0.10442131439365365,0.5840129870244585,50,0,101,NA,NA
overall,zero_balance,events_minus_spd,as_coded,151,146,-1.7019527235354572,-0.09842410418258889,0.15815415387305004,0.2323840059579747,0.6467110494820767,2,46,9,91,NA,NA
overall,zero_balance,events_minus_spd,observed_events_only,151,146,-1.7019527235354572,-0.09842410418258889,0.15815415387305004,0.2323840059579747,0.6467110494820767,2,46,9,91,NA,NA
overall,zero_balance,spd_events_minus_spd,as_coded,151,148,-0.5297872198964133,0.04745390978267356,0.346128537484675,0.434827673750287,0.7355745714229321,2,17,14,117,NA,NA
overall,zero_balance,spd_events_minus_spd,observed_events_only,151,148,-0.5297872198964133,0.04745390978267356,0.346128537484675,0.434827673750287,0.7355745714229321,2,17,14,117,NA,NA
continent,climate,events_minus_spd,as_coded,23,23,-0.12989999999999996,-0.0475,-0.026000000000000023,-0.016908695652173913,-2.0000000000000183e-4,0.11679999999999999,17,0,6,Asia,NA
continent,climate,events_minus_spd,observed_events_only,23,23,-0.12989999999999996,-0.0475,-0.026000000000000023,-0.016908695652173913,-2.0000000000000183e-4,0.11679999999999999,17,0,6,Asia,NA
continent,climate,spd_events_minus_spd,as_coded,23,23,-0.08959999999999999,-0.05445000000000001,-0.033900000000000013,-0.02597391304347826,0.0018500000000000044,0.09579999999999997,16,0,7,Asia,NA
continent,climate,spd_events_minus_spd,observed_events_only,23,23,-0.08959999999999999,-0.05445000000000001,-0.033900000000000013,-0.02597391304347826,0.0018500000000000044,0.09579999999999997,16,0,7,Asia,NA
continent,human,events_minus_spd,as_coded,23,23,-0.0779,0.009900000000000004,0.05399999999999999,0.07730434782608696,0.11705,0.3623,4,0,19,Asia,NA
continent,human,events_minus_spd,observed_events_only,23,23,-0.0779,0.009900000000000004,0.05399999999999999,0.07730434782608696,0.11705,0.3623,4,0,19,Asia,NA
continent,human,spd_events_minus_spd,as_coded,23,23,-0.0465,0.037399999999999996,0.1008,0.10505652173913044,0.17165,0.3274,1,0,22,Asia,NA
continent,human,spd_events_minus_spd,observed_events_only,23,23,-0.0465,0.037399999999999996,0.1008,0.10505652173913044,0.17165,0.3274,1,0,22,Asia,NA
continent,signed_balance,events_minus_spd,as_coded,23,23,-0.29637143287025425,0.022325356253165535,0.22575757575757574,0.28947766207540065,0.3369310909716013,2.006813186813187,5,0,18,Asia,NA
continent,signed_balance,events_minus_spd,observed_events_only,23,23,-0.29637143287025425,0.022325356253165535,0.22575757575757574,0.28947766207540065,0.3369310909716013,2.006813186813187,5,0,18,Asia,NA
continent,signed_balance,spd_events_minus_spd,as_coded,23,23,-0.18869426751592352,0.17588779237339494,0.3147677475898334,0.4352347839804045,0.5115006462594887,2.159090909090909,2,0,21,Asia,NA
continent,signed_balance,spd_events_minus_spd,observed_events_only,23,23,-0.18869426751592352,0.17588779237339494,0.3147677475898334,0.4352347839804045,0.5115006462594887,2.159090909090909,2,0,21,Asia,NA
continent,signed_difference,events_minus_spd,as_coded,23,23,-0.10009999999999998,0.023649999999999997,0.0786,0.09421304347826087,0.1697,0.4192,5,0,18,Asia,NA
continent,signed_difference,events_minus_spd,observed_events_only,23,23,-0.10009999999999998,0.023649999999999997,0.0786,0.09421304347826087,0.1697,0.4192,5,0,18,Asia,NA
continent,signed_difference,spd_events_minus_spd,as_coded,23,23,-0.0482,0.03765,0.1621,0.1310304347826087,0.19240000000000002,0.39790000000000003,2,0,21,Asia,NA
continent,signed_difference,spd_events_minus_spd,observed_events_only,23,23,-0.0482,0.03765,0.1621,0.1310304347826087,0.19240000000000002,0.39790000000000003,2,0,21,Asia,NA
continent,unique_adjusted_r2_pure_climate,events_minus_spd,as_coded,23,23,-0.2387394250288396,-0.06889014856097864,-0.025342055095718408,-0.024546386545542642,-0.0039990804730462015,0.22031727813748914,18,0,5,Asia,NA
continent,unique_adjusted_r2_pure_climate,events_minus_spd,observed_events_only,23,23,-0.2387394250288396,-0.06889014856097864,-0.025342055095718408,-0.024546386545542642,-0.0039990804730462015,0.22031727813748914,18,0,5,Asia,NA
continent,unique_adjusted_r2_pure_climate,spd_events_minus_spd,as_coded,23,23,-0.21097995108911094,-0.059193878283526014,-0.03647227151086285,-0.030588131550365858,-0.0021399014229819824,0.1976848580241487,17,0,6,Asia,NA
continent,unique_adjusted_r2_pure_climate,spd_events_minus_spd,observed_events_only,23,23,-0.21097995108911094,-0.059193878283526014,-0.03647227151086285,-0.030588131550365858,-0.0021399014229819824,0.1976848580241487,17,0,6,Asia,NA
continent,unique_adjusted_r2_pure_human,events_minus_spd,as_coded,23,23,-0.2944419377769013,-0.0067237841917091035,0.0430372367906704,0.03550171194483469,0.08619716776762104,0.1855427712955785,7,0,16,Asia,NA
continent,unique_adjusted_r2_pure_human,events_minus_spd,observed_events_only,23,23,-0.2944419377769013,-0.0067237841917091035,0.0430372367906704,0.03550171194483469,0.08619716776762104,0.1855427712955785,7,0,16,Asia,NA
continent,unique_adjusted_r2_pure_human,spd_events_minus_spd,as_coded,23,23,-0.04827120207905378,-0.016267120731031204,0.03141929601830307,0.04821478171585775,0.10052884999772893,0.2228321984022562,7,0,16,Asia,NA
continent,unique_adjusted_r2_pure_human,spd_events_minus_spd,observed_events_only,23,23,-0.04827120207905378,-0.016267120731031204,0.03141929601830307,0.04821478171585775,0.10052884999772893,0.2228321984022562,7,0,16,Asia,NA
continent,zero_balance,events_minus_spd,as_coded,23,23,-0.7301387137452711,0.038965195019781684,0.33601369711321405,0.47209163239658875,0.8479092539961994,2,4,1,18,Asia,NA
continent,zero_balance,events_minus_spd,observed_events_only,23,23,-0.7301387137452711,0.038965195019781684,0.33601369711321405,0.47209163239658875,0.8479092539961994,2,4,1,18,Asia,NA
continent,zero_balance,spd_events_minus_spd,as_coded,23,23,-0.5297872198964133,0.2492084861490318,0.5441504997060553,0.6162981746194369,0.8472666980889306,2,1,1,21,Asia,NA
continent,zero_balance,spd_events_minus_spd,observed_events_only,23,23,-0.5297872198964133,0.2492084861490318,0.5441504997060553,0.6162981746194369,0.8472666980889306,2,1,1,21,Asia,NA
continent,climate,events_minus_spd,as_coded,56,56,-0.10190000000000002,-0.042074999999999994,-0.022299999999999993,-0.016573214285714285,0.012150000000000008,0.1169,40,0,16,Europe,NA
continent,climate,events_minus_spd,observed_events_only,56,56,-0.10190000000000002,-0.042074999999999994,-0.022299999999999993,-0.016573214285714285,0.012150000000000008,0.1169,40,0,16,Europe,NA
continent,climate,spd_events_minus_spd,as_coded,56,56,-0.09939999999999999,-0.053174999999999986,-0.022649999999999976,-0.022810714285714285,-9.499999999999856e-4,0.0797,42,0,14,Europe,NA
continent,climate,spd_events_minus_spd,observed_events_only,56,56,-0.09939999999999999,-0.053174999999999986,-0.022649999999999976,-0.022810714285714285,-9.499999999999856e-4,0.0797,42,0,14,Europe,NA
continent,human,events_minus_spd,as_coded,56,56,-0.1791,-0.030674999999999997,0.04815,0.06546071428571429,0.147875,0.3137,18,0,38,Europe,NA
continent,human,events_minus_spd,observed_events_only,56,56,-0.1791,-0.030674999999999997,0.04815,0.06546071428571429,0.147875,0.3137,18,0,38,Europe,NA
continent,human,spd_events_minus_spd,as_coded,56,56,-0.0492,0.047575,0.0973,0.1141375,0.16947500000000001,0.3114,4,0,52,Europe,NA
continent,human,spd_events_minus_spd,observed_events_only,56,56,-0.0492,0.047575,0.0973,0.1141375,0.16947500000000001,0.3114,4,0,52,Europe,NA
continent,signed_balance,events_minus_spd,as_coded,56,56,-0.5310046381771515,0.004050405088320198,0.14559807641388023,0.2562653423391227,0.44820267929320035,3.304227812718379,14,0,42,Europe,NA
continent,signed_balance,events_minus_spd,observed_events_only,56,56,-0.5310046381771515,0.004050405088320198,0.14559807641388023,0.2562653423391227,0.44820267929320035,3.304227812718379,14,0,42,Europe,NA
continent,signed_balance,spd_events_minus_spd,as_coded,56,56,-0.18608515141647675,0.1568467354427931,0.28384529215658877,1.2576066381569915,0.47158584779844503,49.696815286624215,3,0,53,Europe,NA
continent,signed_balance,spd_events_minus_spd,observed_events_only,56,56,-0.18608515141647675,0.1568467354427931,0.28384529215658877,1.2576066381569915,0.47158584779844503,49.696815286624215,3,0,53,Europe,NA
continent,signed_difference,events_minus_spd,as_coded,56,56,-0.22580000000000003,-0.008199999999999971,0.07015000000000002,0.08203392857142856,0.16695000000000004,0.38969999999999994,15,0,41,Europe,NA
continent,signed_difference,events_minus_spd,observed_events_only,56,56,-0.22580000000000003,-0.008199999999999971,0.07015000000000002,0.08203392857142856,0.16695000000000004,0.38969999999999994,15,0,41,Europe,NA
continent,signed_difference,spd_events_minus_spd,as_coded,56,56,-0.001899999999999992,0.064575,0.11379999999999998,0.13694821428571427,0.1936,0.40259999999999996,3,0,53,Europe,NA
continent,signed_difference,spd_events_minus_spd,observed_events_only,56,56,-0.001899999999999992,0.064575,0.11379999999999998,0.13694821428571427,0.1936,0.40259999999999996,3,0,53,Europe,NA
continent,unique_adjusted_r2_pure_climate,events_minus_spd,as_coded,56,56,-0.18896634232286935,-0.0763080240238202,-0.03679010119577131,-0.015543301909798324,0.03545316451748648,0.232568740828632,35,0,21,Europe,NA
continent,unique_adjusted_r2_pure_climate,events_minus_spd,observed_events_only,56,56,-0.18896634232286935,-0.0763080240238202,-0.03679010119577131,-0.015543301909798324,0.03545316451748648,0.232568740828632,35,0,21,Europe,NA
continent,unique_adjusted_r2_pure_climate,spd_events_minus_spd,as_coded,56,56,-0.17863736965688803,-0.06938862276745014,-0.029757393949020383,-0.025200947447783232,0.015304118086173879,0.168940319732242,38,0,18,Europe,NA
continent,unique_adjusted_r2_pure_climate,spd_events_minus_spd,observed_events_only,56,56,-0.17863736965688803,-0.06938862276745014,-0.029757393949020383,-0.025200947447783232,0.015304118086173879,0.168940319732242,38,0,18,Europe,NA
continent,unique_adjusted_r2_pure_human,events_minus_spd,as_coded,56,56,-0.23090342680790465,-0.039799269428679285,0.010925299846443692,0.02224028886415439,0.079463995727406,0.3332867212773598,27,0,29,Europe,NA
continent,unique_adjusted_r2_pure_human,events_minus_spd,observed_events_only,56,56,-0.23090342680790465,-0.039799269428679285,0.010925299846443692,0.02224028886415439,0.079463995727406,0.3332867212773598,27,0,29,Europe,NA
continent,unique_adjusted_r2_pure_human,spd_events_minus_spd,as_coded,56,56,-0.1561759258113704,-0.011042754762822876,0.039341765564322895,0.05459513626979415,0.10629563779781373,0.33722720650887206,18,0,38,Europe,NA
continent,unique_adjusted_r2_pure_human,spd_events_minus_spd,observed_events_only,56,56,-0.1561759258113704,-0.011042754762822876,0.039341765564322895,0.05459513626979415,0.10629563779781373,0.33722720650887206,18,0,38,Europe,NA
continent,zero_balance,events_minus_spd,as_coded,56,53,-0.8778551678762183,0.003699693020741912,0.3038949651882914,0.3632633361068301,0.7911802853437094,1.6910129245566576,12,1,40,Europe,NA
continent,zero_balance,events_minus_spd,observed_events_only,56,53,-0.8778551678762183,0.003699693020741912,0.3038949651882914,0.3632633361068301,0.7911802853437094,1.6910129245566576,12,1,40,Europe,NA
continent,zero_balance,spd_events_minus_spd,as_coded,56,54,-0.2450792316881949,0.21100661418346925,0.4532375295249683,0.5242110858579425,0.8271542763252716,1.769661266568483,4,4,46,Europe,NA
continent,zero_balance,spd_events_minus_spd,observed_events_only,56,54,-0.2450792316881949,0.21100661418346925,0.4532375295249683,0.5242110858579425,0.8271542763252716,1.769661266568483,4,4,46,Europe,NA
continent,climate,events_minus_spd,as_coded,28,28,-0.0998,-0.02175,-0.00885000000000001,-0.0025000000000000005,0.030749999999999996,0.0738,15,0,13,Latin America,NA
continent,climate,events_minus_spd,observed_events_only,28,28,-0.0998,-0.02175,-0.00885000000000001,-0.0025000000000000005,0.030749999999999996,0.0738,15,0,13,Latin America,NA
continent,climate,spd_events_minus_spd,as_coded,28,28,-0.058300000000000005,-0.023799999999999995,-0.008099999999999993,-0.006021428571428568,0.013399999999999988,0.048100000000000004,16,0,12,Latin America,NA
continent,climate,spd_events_minus_spd,observed_events_only,28,28,-0.058300000000000005,-0.023799999999999995,-0.008099999999999993,-0.006021428571428568,0.013399999999999988,0.048100000000000004,16,0,12,Latin America,NA
continent,human,events_minus_spd,as_coded,28,28,-0.154,-0.03075,0.0044,0.020039285714285714,0.080175,0.2514,13,0,15,Latin America,NA
continent,human,events_minus_spd,observed_events_only,28,28,-0.154,-0.03075,0.0044,0.020039285714285714,0.080175,0.2514,13,0,15,Latin America,NA
continent,human,spd_events_minus_spd,as_coded,28,28,-0.07139999999999999,-0.03115,0.0365,0.042975,0.10022500000000001,0.23709999999999998,10,0,18,Latin America,NA
continent,human,spd_events_minus_spd,observed_events_only,28,28,-0.07139999999999999,-0.03115,0.0365,0.042975,0.10022500000000001,0.23709999999999998,10,0,18,Latin America,NA
continent,signed_balance,events_minus_spd,as_coded,28,28,-14.955925925925925,-0.15566817794652352,0.008403331626825938,-0.5231292280770923,0.2762796190007384,5.1581418581418585,14,0,14,Latin America,NA
continent,signed_balance,events_minus_spd,observed_events_only,28,28,-14.955925925925925,-0.15566817794652352,0.008403331626825938,-0.5231292280770923,0.2762796190007384,5.1581418581418585,14,0,14,Latin America,NA
continent,signed_balance,spd_events_minus_spd,as_coded,28,28,-1.5017948717948721,-0.07059285767753759,0.14792634983335518,0.7858142451824957,0.2638049457265235,19.941737210158262,9,0,19,Latin America,NA
continent,signed_balance,spd_events_minus_spd,observed_events_only,28,28,-1.5017948717948721,-0.07059285767753759,0.14792634983335518,0.7858142451824957,0.2638049457265235,19.941737210158262,9,0,19,Latin America,NA
continent,signed_difference,events_minus_spd,as_coded,28,28,-0.18569999999999998,-0.05197500000000002,0.016,0.022539285714285717,0.09565,0.2128,13,0,15,Latin America,NA
continent,signed_difference,events_minus_spd,observed_events_only,28,28,-0.18569999999999998,-0.05197500000000002,0.016,0.022539285714285717,0.09565,0.2128,13,0,15,Latin America,NA
continent,signed_difference,spd_events_minus_spd,as_coded,28,28,-0.06609999999999999,-0.029900000000000006,0.046450000000000005,0.048996428571428566,0.09935,0.21939999999999998,10,0,18,Latin America,NA
continent,signed_difference,spd_events_minus_spd,observed_events_only,28,28,-0.06609999999999999,-0.029900000000000006,0.046450000000000005,0.048996428571428566,0.09935,0.21939999999999998,10,0,18,Latin America,NA
continent,unique_adjusted_r2_pure_climate,events_minus_spd,as_coded,28,28,-0.31791796657890836,-0.07069263381870272,-0.006487810978266451,-0.022337538115220386,0.05310840466254094,0.13716962411838207,14,0,14,Latin America,NA
continent,unique_adjusted_r2_pure_climate,events_minus_spd,observed_events_only,28,28,-0.31791796657890836,-0.07069263381870272,-0.006487810978266451,-0.022337538115220386,0.05310840466254094,0.13716962411838207,14,0,14,Latin America,NA
continent,unique_adjusted_r2_pure_climate,spd_events_minus_spd,as_coded,28,28,-0.23123337986092174,-0.055387950473202996,0.0061212082679567015,-0.011224748909741412,0.032268135202156184,0.12672943477648613,13,0,15,Latin America,NA
continent,unique_adjusted_r2_pure_climate,spd_events_minus_spd,observed_events_only,28,28,-0.23123337986092174,-0.055387950473202996,0.0061212082679567015,-0.011224748909741412,0.032268135202156184,0.12672943477648613,13,0,15,Latin America,NA
continent,unique_adjusted_r2_pure_human,events_minus_spd,as_coded,28,28,-0.13739033443445114,-0.07688666775831074,3.4779884293445473e-4,0.021275819459648213,0.06646095913309163,0.36323859658338387,14,0,14,Latin America,NA
continent,unique_adjusted_r2_pure_human,events_minus_spd,observed_events_only,28,28,-0.13739033443445114,-0.07688666775831074,3.4779884293445473e-4,0.021275819459648213,0.06646095913309163,0.36323859658338387,14,0,14,Latin America,NA
continent,unique_adjusted_r2_pure_human,spd_events_minus_spd,as_coded,28,28,-0.10067432177165936,-0.03562689281718537,0.016754152842651637,0.03940885377891206,0.0999634726675468,0.3047088535641368,12,0,16,Latin America,NA
continent,unique_adjusted_r2_pure_human,spd_events_minus_spd,observed_events_only,28,28,-0.10067432177165936,-0.03562689281718537,0.016754152842651637,0.03940885377891206,0.0999634726675468,0.3047088535641368,12,0,16,Latin America,NA
continent,zero_balance,events_minus_spd,as_coded,28,27,-1.7019527235354572,-0.07365434194694301,0,0.025454972595782825,0.3607526998700695,0.9822855158040986,9,6,12,Latin America,NA
continent,zero_balance,events_minus_spd,observed_events_only,28,27,-1.7019527235354572,-0.07365434194694301,0,0.025454972595782825,0.3607526998700695,0.9822855158040986,9,6,12,Latin America,NA
continent,zero_balance,spd_events_minus_spd,as_coded,28,27,-0.24859550561797739,0,0.2130075962096145,0.24569124128800765,0.41292399616871245,1.0901537183215622,3,7,17,Latin America,NA
continent,zero_balance,spd_events_minus_spd,observed_events_only,28,27,-0.24859550561797739,0,0.2130075962096145,0.24569124128800765,0.41292399616871245,1.0901537183215622,3,7,17,Latin America,NA
continent,climate,events_minus_spd,as_coded,25,25,-0.0691,-0.029099999999999987,0.021199999999999997,0.011260000000000001,0.0504,0.1121,11,0,14,North America,NA
continent,climate,events_minus_spd,observed_events_only,25,25,-0.0691,-0.029099999999999987,0.021199999999999997,0.011260000000000001,0.0504,0.1121,11,0,14,North America,NA
continent,climate,spd_events_minus_spd,as_coded,25,25,-0.05210000000000001,-0.027400000000000008,-0.009699999999999986,-0.002548000000000004,0.012699999999999989,0.10379999999999999,16,0,9,North America,NA
continent,climate,spd_events_minus_spd,observed_events_only,25,25,-0.05210000000000001,-0.027400000000000008,-0.009699999999999986,-0.002548000000000004,0.012699999999999989,0.10379999999999999,16,0,9,North America,NA
continent,human,events_minus_spd,as_coded,25,25,-0.18680000000000002,-0.060700000000000004,-0.0092,0.002611999999999999,0.09729999999999998,0.18819999999999998,14,0,11,North America,NA
continent,human,events_minus_spd,observed_events_only,25,25,-0.18680000000000002,-0.060700000000000004,-0.0092,0.002611999999999999,0.09729999999999998,0.18819999999999998,14,0,11,North America,NA
continent,human,spd_events_minus_spd,as_coded,25,25,-0.06480000000000001,0.004499999999999999,0.0561,0.060404,0.10819999999999999,0.20829999999999999,6,0,19,North America,NA
continent,human,spd_events_minus_spd,observed_events_only,25,25,-0.06480000000000001,0.004499999999999999,0.0561,0.060404,0.10819999999999999,0.20829999999999999,6,0,19,North America,NA
continent,signed_balance,events_minus_spd,as_coded,25,25,-0.9037788018433179,-0.1469327000928139,-0.03084412544858791,-0.022337950410657486,0.1849214798241341,0.5227187261296198,14,0,11,North America,NA
continent,signed_balance,events_minus_spd,observed_events_only,25,25,-0.9037788018433179,-0.1469327000928139,-0.03084412544858791,-0.022337950410657486,0.1849214798241341,0.5227187261296198,14,0,11,North America,NA
continent,signed_balance,spd_events_minus_spd,as_coded,25,25,-0.1573182957393483,0.012532004159644394,0.13515172654342517,0.13839083220210177,0.23522276362589692,0.7077340949820788,6,0,19,North America,NA
continent,signed_balance,spd_events_minus_spd,observed_events_only,25,25,-0.1573182957393483,0.012532004159644394,0.13515172654342517,0.13839083220210177,0.23522276362589692,0.7077340949820788,6,0,19,North America,NA
continent,signed_difference,events_minus_spd,as_coded,25,25,-0.18180000000000002,-0.08140000000000003,-0.012899999999999981,-0.008648,0.04290000000000001,0.2173,16,0,9,North America,NA
continent,signed_difference,events_minus_spd,observed_events_only,25,25,-0.18180000000000002,-0.08140000000000003,-0.012899999999999981,-0.008648,0.04290000000000001,0.2173,16,0,9,North America,NA
continent,signed_difference,spd_events_minus_spd,as_coded,25,25,-0.03900000000000001,0.0132,0.07420000000000002,0.06295200000000001,0.09630000000000002,0.2487,6,0,19,North America,NA
continent,signed_difference,spd_events_minus_spd,observed_events_only,25,25,-0.03900000000000001,0.0132,0.07420000000000002,0.06295200000000001,0.09630000000000002,0.2487,6,0,19,North America,NA
continent,unique_adjusted_r2_pure_climate,events_minus_spd,as_coded,25,25,-0.13775270286543206,-0.04770122355817741,-0.01450472840039474,0.009078666162677652,0.07324756773727215,0.21318889149132902,13,0,12,North America,NA
continent,unique_adjusted_r2_pure_climate,events_minus_spd,observed_events_only,25,25,-0.13775270286543206,-0.04770122355817741,-0.01450472840039474,0.009078666162677652,0.07324756773727215,0.21318889149132902,13,0,12,North America,NA
continent,unique_adjusted_r2_pure_climate,spd_events_minus_spd,as_coded,25,25,-0.16851955780650396,-0.04899514325108134,-0.02313216703229215,-4.7762853554410344e-4,0.02437152390981967,0.24258891712230812,16,0,9,North America,NA
continent,unique_adjusted_r2_pure_climate,spd_events_minus_spd,observed_events_only,25,25,-0.16851955780650396,-0.04899514325108134,-0.02313216703229215,-4.7762853554410344e-4,0.02437152390981967,0.24258891712230812,16,0,9,North America,NA
continent,unique_adjusted_r2_pure_human,events_minus_spd,as_coded,25,25,-0.2701118874766215,-0.012341795131635358,0.015365456096727348,0.023834474478600275,0.08724737788348103,0.3291975280374936,10,0,15,North America,NA
continent,unique_adjusted_r2_pure_human,events_minus_spd,observed_events_only,25,25,-0.2701118874766215,-0.012341795131635358,0.015365456096727348,0.023834474478600275,0.08724737788348103,0.3291975280374936,10,0,15,North America,NA
continent,unique_adjusted_r2_pure_human,spd_events_minus_spd,as_coded,25,25,-0.10054717165700433,-0.009691909981530689,0.031376089355422354,0.04602151381463418,0.06451040944743347,0.35990874596042144,8,0,17,North America,NA
continent,unique_adjusted_r2_pure_human,spd_events_minus_spd,observed_events_only,25,25,-0.10054717165700433,-0.009691909981530689,0.031376089355422354,0.04602151381463418,0.06451040944743347,0.35990874596042144,8,0,17,North America,NA
continent,zero_balance,events_minus_spd,as_coded,25,24,-1.4623655913978495,-0.3028326596597999,-0.06426655883947532,-0.04529488479458645,0.32868861884513917,1.081676396300092,13,1,10,North America,NA
continent,zero_balance,events_minus_spd,observed_events_only,25,24,-1.4623655913978495,-0.3028326596597999,-0.06426655883947532,-0.04529488479458645,0.32868861884513917,1.081676396300092,13,1,10,North America,NA
continent,zero_balance,spd_events_minus_spd,as_coded,25,25,-0.516417670891161,0,0.2403030892155299,0.2585270303630985,0.41220995932733956,1.3427109674910938,5,2,18,North America,NA
continent,zero_balance,spd_events_minus_spd,observed_events_only,25,25,-0.516417670891161,0,0.2403030892155299,0.2585270303630985,0.41220995932733956,1.3427109674910938,5,2,18,North America,NA
continent,climate,events_minus_spd,as_coded,19,19,-0.1649,-0.042800000000000005,0.008600000000000052,-0.0033105263157894734,0.03505,0.12689999999999999,8,0,11,Oceania,NA
continent,climate,events_minus_spd,observed_events_only,19,19,-0.1649,-0.042800000000000005,0.008600000000000052,-0.0033105263157894734,0.03505,0.12689999999999999,8,0,11,Oceania,NA
continent,climate,spd_events_minus_spd,as_coded,19,19,-0.1555,-0.05180000000000001,-0.02040000000000003,-0.02261052631578947,0.006850000000000009,0.1287,13,0,6,Oceania,NA
continent,climate,spd_events_minus_spd,observed_events_only,19,19,-0.1555,-0.05180000000000001,-0.02040000000000003,-0.02261052631578947,0.006850000000000009,0.1287,13,0,6,Oceania,NA
continent,human,events_minus_spd,as_coded,19,19,-0.1503,-0.05855,0.07700000000000001,0.09059473684210527,0.23495,0.4489,6,0,13,Oceania,NA
continent,human,events_minus_spd,observed_events_only,19,19,-0.1503,-0.05855,0.07700000000000001,0.09059473684210527,0.23495,0.4489,6,0,13,Oceania,NA
continent,human,spd_events_minus_spd,as_coded,19,19,-0.0459,0.028299999999999995,0.1166,0.13691052631578948,0.22105,0.48519999999999996,4,0,15,Oceania,NA
continent,human,spd_events_minus_spd,observed_events_only,19,19,-0.0459,0.028299999999999995,0.1166,0.13691052631578948,0.22105,0.48519999999999996,4,0,15,Oceania,NA
continent,signed_balance,events_minus_spd,as_coded,19,19,-0.4141233548213806,-0.14500445640417353,0.03167066613625574,0.16621831877664905,0.6050669000430207,0.8232139311948723,8,0,11,Oceania,NA
continent,signed_balance,events_minus_spd,observed_events_only,19,19,-0.4141233548213806,-0.14500445640417353,0.03167066613625574,0.16621831877664905,0.6050669000430207,0.8232139311948723,8,0,11,Oceania,NA
continent,signed_balance,spd_events_minus_spd,as_coded,19,19,-0.21591877867564674,0.0478305638447281,0.15284779234080692,0.2948013056963013,0.6298177350662801,0.8802926193578959,3,0,16,Oceania,NA
continent,signed_balance,spd_events_minus_spd,observed_events_only,19,19,-0.21591877867564674,0.0478305638447281,0.15284779234080692,0.2948013056963013,0.6298177350662801,0.8802926193578959,3,0,16,Oceania,NA
continent,signed_difference,events_minus_spd,as_coded,19,19,-0.19599999999999998,-0.051750000000000004,0.025200000000000028,0.09390526315789474,0.2603,0.48019999999999996,7,0,12,Oceania,NA
continent,signed_difference,events_minus_spd,observed_events_only,19,19,-0.19599999999999998,-0.051750000000000004,0.025200000000000028,0.09390526315789474,0.2603,0.48019999999999996,7,0,12,Oceania,NA
continent,signed_difference,spd_events_minus_spd,as_coded,19,19,-0.018099999999999998,0.03589999999999996,0.11550000000000002,0.15952105263157895,0.25095,0.5427,2,0,17,Oceania,NA
continent,signed_difference,spd_events_minus_spd,observed_events_only,19,19,-0.018099999999999998,0.03589999999999996,0.11550000000000002,0.15952105263157895,0.25095,0.5427,2,0,17,Oceania,NA
continent,unique_adjusted_r2_pure_climate,events_minus_spd,as_coded,19,19,-0.2931109968688148,-0.09030518470976773,0.010063105699226083,-0.00764746072281182,0.0593902538518572,0.3208486293372854,9,0,10,Oceania,NA
continent,unique_adjusted_r2_pure_climate,events_minus_spd,observed_events_only,19,19,-0.2931109968688148,-0.09030518470976773,0.010063105699226083,-0.00764746072281182,0.0593902538518572,0.3208486293372854,9,0,10,Oceania,NA
continent,unique_adjusted_r2_pure_climate,spd_events_minus_spd,as_coded,19,19,-0.275687163901316,-0.07424355732934146,-0.008133637338022637,-0.028093809248201,0.014424591284048383,0.3355158460734661,11,0,8,Oceania,NA
continent,unique_adjusted_r2_pure_climate,spd_events_minus_spd,observed_events_only,19,19,-0.275687163901316,-0.07424355732934146,-0.008133637338022637,-0.028093809248201,0.014424591284048383,0.3355158460734661,11,0,8,Oceania,NA
continent,unique_adjusted_r2_pure_human,events_minus_spd,as_coded,19,19,-0.19173492966762518,-0.022830848794308578,0.06863497743239777,0.0826689469419063,0.12264590456567143,0.5799472686009334,6,0,13,Oceania,NA
continent,unique_adjusted_r2_pure_human,events_minus_spd,observed_events_only,19,19,-0.19173492966762518,-0.022830848794308578,0.06863497743239777,0.0826689469419063,0.12264590456567143,0.5799472686009334,6,0,13,Oceania,NA
continent,unique_adjusted_r2_pure_human,spd_events_minus_spd,as_coded,19,19,-0.07243354451910045,2.363134071355355e-4,0.09835561726093611,0.10740858077004246,0.14807398068882738,0.5840129870244585,5,0,14,Oceania,NA
continent,unique_adjusted_r2_pure_human,spd_events_minus_spd,observed_events_only,19,19,-0.07243354451910045,2.363134071355355e-4,0.09835561726093611,0.10740858077004246,0.14807398068882738,0.5840129870244585,5,0,14,Oceania,NA
continent,zero_balance,events_minus_spd,as_coded,19,19,-1.3951527924130662,-0.28367247283397684,0.035706341399665,0.22193649926656353,0.9445011181593328,1.2242245199409159,8,0,11,Oceania,NA
continent,zero_balance,events_minus_spd,observed_events_only,19,19,-1.3951527924130662,-0.28367247283397684,0.035706341399665,0.22193649926656353,0.9445011181593328,1.2242245199409159,8,0,11,Oceania,NA
continent,zero_balance,spd_events_minus_spd,as_coded,19,19,-0.3473075533068306,0.03269010237216785,0.35751019801199446,0.46186314676909795,0.9571021072496987,1.302022804568409,4,0,15,Oceania,NA
continent,zero_balance,spd_events_minus_spd,observed_events_only,19,19,-0.3473075533068306,0.03269010237216785,0.35751019801199446,0.46186314676909795,0.9571021072496987,1.302022804568409,4,0,15,Oceania,NA
climate_zone_within_continent,climate,events_minus_spd,as_coded,5,5,-0.0824,-0.0476,-0.0474,-0.04152,-0.026000000000000023,-0.004199999999999995,5,0,0,Asia,Arid
climate_zone_within_continent,climate,events_minus_spd,observed_events_only,5,5,-0.0824,-0.0476,-0.0474,-0.04152,-0.026000000000000023,-0.004199999999999995,5,0,0,Asia,Arid
climate_zone_within_continent,climate,spd_events_minus_spd,as_coded,5,5,-0.07399999999999998,-0.0552,-0.033900000000000013,-0.03506,-0.014199999999999999,0.0020000000000000018,4,0,1,Asia,Arid
climate_zone_within_continent,climate,spd_events_minus_spd,observed_events_only,5,5,-0.07399999999999998,-0.0552,-0.033900000000000013,-0.03506,-0.014199999999999999,0.0020000000000000018,4,0,1,Asia,Arid
climate_zone_within_continent,human,events_minus_spd,as_coded,5,5,0.005100000000000007,0.0098,0.09490000000000001,0.06390000000000001,0.09970000000000001,0.11000000000000001,0,0,5,Asia,Arid
climate_zone_within_continent,human,events_minus_spd,observed_events_only,5,5,0.005100000000000007,0.0098,0.09490000000000001,0.06390000000000001,0.09970000000000001,0.11000000000000001,0,0,5,Asia,Arid
climate_zone_within_continent,human,spd_events_minus_spd,as_coded,5,5,0.046599999999999996,0.0483,0.0656,0.08558,0.09910000000000002,0.1683,0,0,5,Asia,Arid
climate_zone_within_continent,human,spd_events_minus_spd,observed_events_only,5,5,0.046599999999999996,0.0483,0.0656,0.08558,0.09910000000000002,0.1683,0,0,5,Asia,Arid
climate_zone_within_continent,signed_balance,events_minus_spd,as_coded,5,5,0.04192245245090459,0.1357215983043611,0.32370711496616894,0.56867969174851,0.33523410620792826,2.006813186813187,0,0,5,Asia,Arid
climate_zone_within_continent,signed_balance,events_minus_spd,observed_events_only,5,5,0.04192245245090459,0.1357215983043611,0.32370711496616894,0.56867969174851,0.33523410620792826,2.006813186813187,0,0,5,Asia,Arid
climate_zone_within_continent,signed_balance,spd_events_minus_spd,as_coded,5,5,0.19478672985781992,0.22607675409399552,0.29031685817802794,0.4739693093366365,0.29904112375178793,1.359625080801551,0,0,5,Asia,Arid
climate_zone_within_continent,signed_balance,spd_events_minus_spd,observed_events_only,5,5,0.19478672985781992,0.22607675409399552,0.29031685817802794,0.4739693093366365,0.29904112375178793,1.359625080801551,0,0,5,Asia,Arid
climate_zone_within_continent,signed_difference,events_minus_spd,as_coded,5,5,0.013999999999999999,0.052700000000000025,0.12090000000000001,0.10542000000000001,0.1471,0.19240000000000002,0,0,5,Asia,Arid
climate_zone_within_continent,signed_difference,events_minus_spd,observed_events_only,5,5,0.013999999999999999,0.052700000000000025,0.12090000000000001,0.10542000000000001,0.1471,0.19240000000000002,0,0,5,Asia,Arid
climate_zone_within_continent,signed_difference,spd_events_minus_spd,as_coded,5,5,0.0446,0.0822,0.12080000000000002,0.12064,0.1731,0.1825,0,0,5,Asia,Arid
climate_zone_within_continent,signed_difference,spd_events_minus_spd,observed_events_only,5,5,0.0446,0.0822,0.12080000000000002,0.12064,0.1731,0.1825,0,0,5,Asia,Arid
climate_zone_within_continent,unique_adjusted_r2_pure_climate,events_minus_spd,as_coded,5,5,-0.1047121443469452,-0.09364841331346119,-0.07719303960674884,-0.07580001041990318,-0.06058725751520844,-0.042859197317152264,5,0,0,Asia,Arid
climate_zone_within_continent,unique_adjusted_r2_pure_climate,events_minus_spd,observed_events_only,5,5,-0.1047121443469452,-0.09364841331346119,-0.07719303960674884,-0.07580001041990318,-0.06058725751520844,-0.042859197317152264,5,0,0,Asia,Arid
climate_zone_within_continent,unique_adjusted_r2_pure_climate,spd_events_minus_spd,as_coded,5,5,-0.11957845751769902,-0.06028552583221658,-0.05810223073483545,-0.05935392882125819,-0.03766358412814086,-0.021139845893399012,5,0,0,Asia,Arid
climate_zone_within_continent,unique_adjusted_r2_pure_climate,spd_events_minus_spd,observed_events_only,5,5,-0.11957845751769902,-0.06028552583221658,-0.05810223073483545,-0.05935392882125819,-0.03766358412814086,-0.021139845893399012,5,0,0,Asia,Arid
climate_zone_within_continent,unique_adjusted_r2_pure_human,events_minus_spd,as_coded,5,5,-0.048569157972550236,-0.008681729569999241,0.019417511904421092,0.014563374220093883,0.05516963352818749,0.05548061321041031,2,0,3,Asia,Arid
climate_zone_within_continent,unique_adjusted_r2_pure_human,events_minus_spd,observed_events_only,5,5,-0.048569157972550236,-0.008681729569999241,0.019417511904421092,0.014563374220093883,0.05516963352818749,0.05548061321041031,2,0,3,Asia,Arid
climate_zone_within_continent,unique_adjusted_r2_pure_human,spd_events_minus_spd,as_coded,5,5,-0.04087750236476706,9.924714637699061e-5,0.027148281885013725,0.04056404825399247,0.03141929601830307,0.18503091858503562,1,0,4,Asia,Arid
climate_zone_within_continent,unique_adjusted_r2_pure_human,spd_events_minus_spd,observed_events_only,5,5,-0.04087750236476706,9.924714637699061e-5,0.027148281885013725,0.04056404825399247,0.03141929601830307,0.18503091858503562,1,0,4,Asia,Arid
climate_zone_within_continent,zero_balance,events_minus_spd,as_coded,5,5,0.10385207762477677,0.15362907273039295,0.48210587371356195,0.6887884236623286,0.7043550942429114,2,0,0,5,Asia,Arid
climate_zone_within_continent,zero_balance,events_minus_spd,observed_events_only,5,5,0.10385207762477677,0.15362907273039295,0.48210587371356195,0.6887884236623286,0.7043550942429114,2,0,0,5,Asia,Arid
climate_zone_within_continent,zero_balance,spd_events_minus_spd,as_coded,5,5,0.297368764239343,0.4116106013608275,0.5441504997060553,0.7785554315137597,0.6396472922625726,2,0,0,5,Asia,Arid
climate_zone_within_continent,zero_balance,spd_events_minus_spd,observed_events_only,5,5,0.297368764239343,0.4116106013608275,0.5441504997060553,0.7785554315137597,0.6396472922625726,2,0,0,5,Asia,Arid
climate_zone_within_continent,climate,events_minus_spd,as_coded,2,2,-0.0569,-0.05564999999999999,-0.05439999999999999,-0.05439999999999999,-0.05314999999999998,-0.051899999999999974,2,0,0,Asia,Cold_Dry_Summer
climate_zone_within_continent,climate,events_minus_spd,observed_events_only,2,2,-0.0569,-0.05564999999999999,-0.05439999999999999,-0.05439999999999999,-0.05314999999999998,-0.051899999999999974,2,0,0,Asia,Cold_Dry_Summer
climate_zone_within_continent,climate,spd_events_minus_spd,as_coded,2,2,-0.0705,-0.06389999999999998,-0.05729999999999998,-0.05729999999999998,-0.05069999999999998,-0.04409999999999997,2,0,0,Asia,Cold_Dry_Summer
climate_zone_within_continent,climate,spd_events_minus_spd,observed_events_only,2,2,-0.0705,-0.06389999999999998,-0.05729999999999998,-0.05729999999999998,-0.05069999999999998,-0.04409999999999997,2,0,0,Asia,Cold_Dry_Summer
climate_zone_within_continent,human,events_minus_spd,as_coded,2,2,0.12409999999999999,0.18364999999999998,0.2432,0.2432,0.30274999999999996,0.3623,0,0,2,Asia,Cold_Dry_Summer
climate_zone_within_continent,human,events_minus_spd,observed_events_only,2,2,0.12409999999999999,0.18364999999999998,0.2432,0.2432,0.30274999999999996,0.3623,0,0,2,Asia,Cold_Dry_Summer
climate_zone_within_continent,human,spd_events_minus_spd,as_coded,2,2,0.1445,0.190225,0.23595,0.23595,0.281675,0.3274,0,0,2,Asia,Cold_Dry_Summer
climate_zone_within_continent,human,spd_events_minus_spd,observed_events_only,2,2,0.1445,0.190225,0.23595,0.23595,0.281675,0.3274,0,0,2,Asia,Cold_Dry_Summer
climate_zone_within_continent,signed_balance,events_minus_spd,as_coded,2,2,0.28816261115323627,0.42740215761772915,0.566641704082222,0.566641704082222,0.705881250546715,0.8451207970112079,0,0,2,Asia,Cold_Dry_Summer
climate_zone_within_continent,signed_balance,events_minus_spd,observed_events_only,2,2,0.28816261115323627,0.42740215761772915,0.566641704082222,0.566641704082222,0.705881250546715,0.8451207970112079,0,0,2,Asia,Cold_Dry_Summer
climate_zone_within_continent,signed_balance,spd_events_minus_spd,as_coded,2,2,0.3147677475898334,0.4513623608796717,0.58795697416951,0.58795697416951,0.7245515874593482,0.8611462007491866,0,0,2,Asia,Cold_Dry_Summer
climate_zone_within_continent,signed_balance,spd_events_minus_spd,observed_events_only,2,2,0.3147677475898334,0.4513623608796717,0.58795697416951,0.58795697416951,0.7245515874593482,0.8611462007491866,0,0,2,Asia,Cold_Dry_Summer
climate_zone_within_continent,signed_difference,events_minus_spd,as_coded,2,2,0.176,0.2368,0.2976,0.2976,0.3584,0.4192,0,0,2,Asia,Cold_Dry_Summer
climate_zone_within_continent,signed_difference,events_minus_spd,observed_events_only,2,2,0.176,0.2368,0.2976,0.2976,0.3584,0.4192,0,0,2,Asia,Cold_Dry_Summer
climate_zone_within_continent,signed_difference,spd_events_minus_spd,as_coded,2,2,0.1886,0.240925,0.29325,0.29325,0.3455750000000001,0.39790000000000003,0,0,2,Asia,Cold_Dry_Summer
climate_zone_within_continent,signed_difference,spd_events_minus_spd,observed_events_only,2,2,0.1886,0.240925,0.29325,0.29325,0.3455750000000001,0.39790000000000003,0,0,2,Asia,Cold_Dry_Summer
climate_zone_within_continent,unique_adjusted_r2_pure_climate,events_minus_spd,as_coded,2,2,-0.1023924185436097,-0.09096178779909028,-0.07953115705457087,-0.07953115705457087,-0.06810052631005145,-0.056669895565532036,2,0,0,Asia,Cold_Dry_Summer
climate_zone_within_continent,unique_adjusted_r2_pure_climate,events_minus_spd,observed_events_only,2,2,-0.1023924185436097,-0.09096178779909028,-0.07953115705457087,-0.07953115705457087,-0.06810052631005145,-0.056669895565532036,2,0,0,Asia,Cold_Dry_Summer
climate_zone_within_continent,unique_adjusted_r2_pure_climate,spd_events_minus_spd,as_coded,2,2,-0.13248092696563962,-0.10783598303492115,-0.08319103910420267,-0.08319103910420267,-0.05854609517348419,-0.033901151242765715,2,0,0,Asia,Cold_Dry_Summer
climate_zone_within_continent,unique_adjusted_r2_pure_climate,spd_events_minus_spd,observed_events_only,2,2,-0.13248092696563962,-0.10783598303492115,-0.08319103910420267,-0.08319103910420267,-0.05854609517348419,-0.033901151242765715,2,0,0,Asia,Cold_Dry_Summer
climate_zone_within_continent,unique_adjusted_r2_pure_human,events_minus_spd,as_coded,2,2,0.060385957388665035,0.0916751608653934,0.12296436434212177,0.12296436434212177,0.15425356781885013,0.1855427712955785,0,0,2,Asia,Cold_Dry_Summer
climate_zone_within_continent,unique_adjusted_r2_pure_human,events_minus_spd,observed_events_only,2,2,0.060385957388665035,0.0916751608653934,0.12296436434212177,0.12296436434212177,0.15425356781885013,0.1855427712955785,0,0,2,Asia,Cold_Dry_Summer
climate_zone_within_continent,unique_adjusted_r2_pure_human,spd_events_minus_spd,as_coded,2,2,0.09701410854644354,0.10682087969678261,0.11662765084712168,0.11662765084712168,0.12643442199746074,0.1362411931477998,0,0,2,Asia,Cold_Dry_Summer
climate_zone_within_continent,unique_adjusted_r2_pure_human,spd_events_minus_spd,observed_events_only,2,2,0.09701410854644354,0.10682087969678261,0.11662765084712168,0.11662765084712168,0.12643442199746074,0.1362411931477998,0,0,2,Asia,Cold_Dry_Summer
climate_zone_within_continent,zero_balance,events_minus_spd,as_coded,2,2,0.5927209705372617,0.9073121860208366,1.2219034015044117,1.2219034015044117,1.5364946169879867,1.8510858324715616,0,0,2,Asia,Cold_Dry_Summer
climate_zone_within_continent,zero_balance,events_minus_spd,observed_events_only,2,2,0.5927209705372617,0.9073121860208366,1.2219034015044117,1.2219034015044117,1.5364946169879867,1.8510858324715616,0,0,2,Asia,Cold_Dry_Summer
climate_zone_within_continent,zero_balance,spd_events_minus_spd,as_coded,2,2,0.657051282051282,0.9703231940244208,1.2835951059975594,1.2835951059975594,1.596867017970698,1.910138929943837,0,0,2,Asia,Cold_Dry_Summer
climate_zone_within_continent,zero_balance,spd_events_minus_spd,observed_events_only,2,2,0.657051282051282,0.9703231940244208,1.2835951059975594,1.2835951059975594,1.596867017970698,1.910138929943837,0,0,2,Asia,Cold_Dry_Summer
climate_zone_within_continent,climate,events_minus_spd,as_coded,4,4,-0.0695,-0.039349999999999996,-0.023549999999999988,-0.028824999999999996,-0.013024999999999988,0.0012999999999999956,3,0,1,Asia,Cold_Dry_Winter
climate_zone_within_continent,climate,events_minus_spd,observed_events_only,4,4,-0.0695,-0.039349999999999996,-0.023549999999999988,-0.028824999999999996,-0.013024999999999988,0.0012999999999999956,3,0,1,Asia,Cold_Dry_Winter
climate_zone_within_continent,climate,spd_events_minus_spd,as_coded,4,4,-0.03699999999999999,-0.032200000000000006,-0.014450000000000005,-0.014724999999999999,0.003025000000000007,0.007000000000000006,2,0,2,Asia,Cold_Dry_Winter
climate_zone_within_continent,climate,spd_events_minus_spd,observed_events_only,4,4,-0.03699999999999999,-0.032200000000000006,-0.014450000000000005,-0.014724999999999999,0.003025000000000007,0.007000000000000006,2,0,2,Asia,Cold_Dry_Winter
climate_zone_within_continent,human,events_minus_spd,as_coded,4,4,-0.0658,0.04504999999999999,0.11505,0.096175,0.16617500000000002,0.22039999999999998,1,0,3,Asia,Cold_Dry_Winter
climate_zone_within_continent,human,events_minus_spd,observed_events_only,4,4,-0.0658,0.04504999999999999,0.11505,0.096175,0.16617500000000002,0.22039999999999998,1,0,3,Asia,Cold_Dry_Winter
climate_zone_within_continent,human,spd_events_minus_spd,as_coded,4,4,-0.0465,0.12315000000000001,0.19240000000000002,0.139675,0.20892499999999997,0.22039999999999998,1,0,3,Asia,Cold_Dry_Winter
climate_zone_within_continent,human,spd_events_minus_spd,observed_events_only,4,4,-0.0465,0.12315000000000001,0.19240000000000002,0.139675,0.20892499999999997,0.22039999999999998,1,0,3,Asia,Cold_Dry_Winter
climate_zone_within_continent,signed_balance,events_minus_spd,as_coded,4,4,-0.29637143287025425,0.09981518775944787,0.28525273518564476,0.2021461798597739,0.3875837272859708,0.5344506819380603,1,0,3,Asia,Cold_Dry_Winter
climate_zone_within_continent,signed_balance,events_minus_spd,observed_events_only,4,4,-0.29637143287025425,0.09981518775944787,0.28525273518564476,0.2021461798597739,0.3875837272859708,0.5344506819380603,1,0,3,Asia,Cold_Dry_Winter
climate_zone_within_continent,signed_balance,spd_events_minus_spd,as_coded,4,4,-0.18869426751592352,0.21003647782532825,0.4083274802898479,0.2779093066850765,0.4762003091495961,0.48367653367653374,1,0,3,Asia,Cold_Dry_Winter
climate_zone_within_continent,signed_balance,spd_events_minus_spd,observed_events_only,4,4,-0.18869426751592352,0.21003647782532825,0.4083274802898479,0.2779093066850765,0.4762003091495961,0.48367653367653374,1,0,3,Asia,Cold_Dry_Winter
climate_zone_within_continent,signed_difference,events_minus_spd,as_coded,4,4,-0.06709999999999999,0.058074999999999974,0.15869999999999998,0.12499999999999999,0.22562499999999996,0.24969999999999998,1,0,3,Asia,Cold_Dry_Winter
climate_zone_within_continent,signed_difference,events_minus_spd,observed_events_only,4,4,-0.06709999999999999,0.058074999999999974,0.15869999999999998,0.12499999999999999,0.22562499999999996,0.24969999999999998,1,0,3,Asia,Cold_Dry_Winter
climate_zone_within_continent,signed_difference,spd_events_minus_spd,as_coded,4,4,-0.0482,0.145675,0.21184999999999998,0.15439999999999998,0.22057499999999997,0.2421,1,0,3,Asia,Cold_Dry_Winter
climate_zone_within_continent,signed_difference,spd_events_minus_spd,observed_events_only,4,4,-0.0482,0.145675,0.21184999999999998,0.15439999999999998,0.22057499999999997,0.2421,1,0,3,Asia,Cold_Dry_Winter
climate_zone_within_continent,unique_adjusted_r2_pure_climate,events_minus_spd,as_coded,4,4,-0.032010221714427134,-0.02700909675039559,-0.02391653019676404,-0.020015821579170062,-0.016923255025538514,-2.2000420872503312e-4,4,0,0,Asia,Cold_Dry_Winter
climate_zone_within_continent,unique_adjusted_r2_pure_climate,events_minus_spd,observed_events_only,4,4,-0.032010221714427134,-0.02700909675039559,-0.02391653019676404,-0.020015821579170062,-0.016923255025538514,-2.2000420872503312e-4,4,0,0,Asia,Cold_Dry_Winter
climate_zone_within_continent,unique_adjusted_r2_pure_climate,spd_events_minus_spd,as_coded,4,4,-0.04726307103426386,-0.016462386101610327,0.02645028405494615,0.01890433696011523,0.06181700711667171,0.06997985076483249,2,0,2,Asia,Cold_Dry_Winter
climate_zone_within_continent,unique_adjusted_r2_pure_climate,spd_events_minus_spd,observed_events_only,4,4,-0.04726307103426386,-0.016462386101610327,0.02645028405494615,0.01890433696011523,0.06181700711667171,0.06997985076483249,2,0,2,Asia,Cold_Dry_Winter
climate_zone_within_continent,unique_adjusted_r2_pure_human,events_minus_spd,as_coded,4,4,-0.06018544732020925,-0.018620740940116537,0.003534878798741259,0.015973328648596824,0.03812894838745462,0.11700900431711403,2,0,2,Asia,Cold_Dry_Winter
climate_zone_within_continent,unique_adjusted_r2_pure_human,events_minus_spd,observed_events_only,4,4,-0.06018544732020925,-0.018620740940116537,0.003534878798741259,0.015973328648596824,0.03812894838745462,0.11700900431711403,2,0,2,Asia,Cold_Dry_Winter
climate_zone_within_continent,unique_adjusted_r2_pure_human,spd_events_minus_spd,as_coded,4,4,-0.03483946177678943,0.04577030165621468,0.08381965753405601,0.0735644570632906,0.11161381294113193,0.16145797496183978,1,0,3,Asia,Cold_Dry_Winter
climate_zone_within_continent,unique_adjusted_r2_pure_human,spd_events_minus_spd,observed_events_only,4,4,-0.03483946177678943,0.04577030165621468,0.08381965753405601,0.0735644570632906,0.11161381294113193,0.16145797496183978,1,0,3,Asia,Cold_Dry_Winter
climate_zone_within_continent,zero_balance,events_minus_spd,as_coded,4,4,-0.7301387137452711,0.06947559439859274,0.5235374275474414,0.3407019252456598,0.7947637583945085,1.0458715596330275,1,0,3,Asia,Cold_Dry_Winter
climate_zone_within_continent,zero_balance,events_minus_spd,observed_events_only,4,4,-0.7301387137452711,0.06947559439859274,0.5235374275474414,0.3407019252456598,0.7947637583945085,1.0458715596330275,1,0,3,Asia,Cold_Dry_Winter
climate_zone_within_continent,zero_balance,spd_events_minus_spd,as_coded,4,4,-0.5297872198964133,0.33378278167743536,0.6742376922123658,0.44507159718091427,0.7855265077158449,0.9615982241953385,1,0,3,Asia,Cold_Dry_Winter
climate_zone_within_continent,zero_balance,spd_events_minus_spd,observed_events_only,4,4,-0.5297872198964133,0.33378278167743536,0.6742376922123658,0.44507159718091427,0.7855265077158449,0.9615982241953385,1,0,3,Asia,Cold_Dry_Winter
climate_zone_within_continent,climate,events_minus_spd,as_coded,1,1,-0.0408,-0.0408,-0.0408,-0.0408,-0.0408,-0.0408,1,0,0,Asia,Cold_Without_dry_season_Cold_Summer
climate_zone_within_continent,climate,events_minus_spd,observed_events_only,1,1,-0.0408,-0.0408,-0.0408,-0.0408,-0.0408,-0.0408,1,0,0,Asia,Cold_Without_dry_season_Cold_Summer
climate_zone_within_continent,climate,spd_events_minus_spd,as_coded,1,1,-0.055900000000000005,-0.055900000000000005,-0.055900000000000005,-0.055900000000000005,-0.055900000000000005,-0.055900000000000005,1,0,0,Asia,Cold_Without_dry_season_Cold_Summer
climate_zone_within_continent,climate,spd_events_minus_spd,observed_events_only,1,1,-0.055900000000000005,-0.055900000000000005,-0.055900000000000005,-0.055900000000000005,-0.055900000000000005,-0.055900000000000005,1,0,0,Asia,Cold_Without_dry_season_Cold_Summer
climate_zone_within_continent,human,events_minus_spd,as_coded,1,1,0.2334,0.2334,0.2334,0.2334,0.2334,0.2334,0,0,1,Asia,Cold_Without_dry_season_Cold_Summer
climate_zone_within_continent,human,events_minus_spd,observed_events_only,1,1,0.2334,0.2334,0.2334,0.2334,0.2334,0.2334,0,0,1,Asia,Cold_Without_dry_season_Cold_Summer
climate_zone_within_continent,human,spd_events_minus_spd,as_coded,1,1,0.1998,0.1998,0.1998,0.1998,0.1998,0.1998,0,0,1,Asia,Cold_Without_dry_season_Cold_Summer
climate_zone_within_continent,human,spd_events_minus_spd,observed_events_only,1,1,0.1998,0.1998,0.1998,0.1998,0.1998,0.1998,0,0,1,Asia,Cold_Without_dry_season_Cold_Summer
climate_zone_within_continent,signed_balance,events_minus_spd,as_coded,1,1,0.8743822584630591,0.8743822584630591,0.8743822584630591,0.8743822584630591,0.8743822584630591,0.8743822584630591,0,0,1,Asia,Cold_Without_dry_season_Cold_Summer
climate_zone_within_continent,signed_balance,events_minus_spd,observed_events_only,1,1,0.8743822584630591,0.8743822584630591,0.8743822584630591,0.8743822584630591,0.8743822584630591,0.8743822584630591,0,0,1,Asia,Cold_Without_dry_season_Cold_Summer
climate_zone_within_continent,signed_balance,spd_events_minus_spd,as_coded,1,1,0.8520766542991968,0.8520766542991968,0.8520766542991968,0.8520766542991968,0.8520766542991968,0.8520766542991968,0,0,1,Asia,Cold_Without_dry_season_Cold_Summer
climate_zone_within_continent,signed_balance,spd_events_minus_spd,observed_events_only,1,1,0.8520766542991968,0.8520766542991968,0.8520766542991968,0.8520766542991968,0.8520766542991968,0.8520766542991968,0,0,1,Asia,Cold_Without_dry_season_Cold_Summer
climate_zone_within_continent,signed_difference,events_minus_spd,as_coded,1,1,0.2742,0.2742,0.2742,0.2742,0.2742,0.2742,0,0,1,Asia,Cold_Without_dry_season_Cold_Summer
climate_zone_within_continent,signed_difference,events_minus_spd,observed_events_only,1,1,0.2742,0.2742,0.2742,0.2742,0.2742,0.2742,0,0,1,Asia,Cold_Without_dry_season_Cold_Summer
climate_zone_within_continent,signed_difference,spd_events_minus_spd,as_coded,1,1,0.25570000000000004,0.25570000000000004,0.25570000000000004,0.25570000000000004,0.25570000000000004,0.25570000000000004,0,0,1,Asia,Cold_Without_dry_season_Cold_Summer
climate_zone_within_continent,signed_difference,spd_events_minus_spd,observed_events_only,1,1,0.25570000000000004,0.25570000000000004,0.25570000000000004,0.25570000000000004,0.25570000000000004,0.25570000000000004,0,0,1,Asia,Cold_Without_dry_season_Cold_Summer
climate_zone_within_continent,unique_adjusted_r2_pure_climate,events_minus_spd,as_coded,1,1,-0.01192712409914587,-0.01192712409914587,-0.01192712409914587,-0.01192712409914587,-0.01192712409914587,-0.01192712409914587,1,0,0,Asia,Cold_Without_dry_season_Cold_Summer
climate_zone_within_continent,unique_adjusted_r2_pure_climate,events_minus_spd,observed_events_only,1,1,-0.01192712409914587,-0.01192712409914587,-0.01192712409914587,-0.01192712409914587,-0.01192712409914587,-0.01192712409914587,1,0,0,Asia,Cold_Without_dry_season_Cold_Summer
climate_zone_within_continent,unique_adjusted_r2_pure_climate,spd_events_minus_spd,as_coded,1,1,-0.042891175017434224,-0.042891175017434224,-0.042891175017434224,-0.042891175017434224,-0.042891175017434224,-0.042891175017434224,1,0,0,Asia,Cold_Without_dry_season_Cold_Summer
climate_zone_within_continent,unique_adjusted_r2_pure_climate,spd_events_minus_spd,observed_events_only,1,1,-0.042891175017434224,-0.042891175017434224,-0.042891175017434224,-0.042891175017434224,-0.042891175017434224,-0.042891175017434224,1,0,0,Asia,Cold_Without_dry_season_Cold_Summer
climate_zone_within_continent,unique_adjusted_r2_pure_human,events_minus_spd,as_coded,1,1,0.1712237852493308,0.1712237852493308,0.1712237852493308,0.1712237852493308,0.1712237852493308,0.1712237852493308,0,0,1,Asia,Cold_Without_dry_season_Cold_Summer
climate_zone_within_continent,unique_adjusted_r2_pure_human,events_minus_spd,observed_events_only,1,1,0.1712237852493308,0.1712237852493308,0.1712237852493308,0.1712237852493308,0.1712237852493308,0.1712237852493308,0,0,1,Asia,Cold_Without_dry_season_Cold_Summer
climate_zone_within_continent,unique_adjusted_r2_pure_human,spd_events_minus_spd,as_coded,1,1,0.10655653373880758,0.10655653373880758,0.10655653373880758,0.10655653373880758,0.10655653373880758,0.10655653373880758,0,0,1,Asia,Cold_Without_dry_season_Cold_Summer
climate_zone_within_continent,unique_adjusted_r2_pure_human,spd_events_minus_spd,observed_events_only,1,1,0.10655653373880758,0.10655653373880758,0.10655653373880758,0.10655653373880758,0.10655653373880758,0.10655653373880758,0,0,1,Asia,Cold_Without_dry_season_Cold_Summer
climate_zone_within_continent,zero_balance,events_minus_spd,as_coded,1,1,1.2094017094017093,1.2094017094017093,1.2094017094017093,1.2094017094017093,1.2094017094017093,1.2094017094017093,0,0,1,Asia,Cold_Without_dry_season_Cold_Summer
climate_zone_within_continent,zero_balance,events_minus_spd,observed_events_only,1,1,1.2094017094017093,1.2094017094017093,1.2094017094017093,1.2094017094017093,1.2094017094017093,1.2094017094017093,0,0,1,Asia,Cold_Without_dry_season_Cold_Summer
climate_zone_within_continent,zero_balance,spd_events_minus_spd,as_coded,1,1,1.179634277518824,1.179634277518824,1.179634277518824,1.179634277518824,1.179634277518824,1.179634277518824,0,0,1,Asia,Cold_Without_dry_season_Cold_Summer
climate_zone_within_continent,zero_balance,spd_events_minus_spd,observed_events_only,1,1,1.179634277518824,1.179634277518824,1.179634277518824,1.179634277518824,1.179634277518824,1.179634277518824,0,0,1,Asia,Cold_Without_dry_season_Cold_Summer
climate_zone_within_continent,climate,events_minus_spd,as_coded,4,4,-0.037099999999999994,0.015174999999999994,0.03324999999999999,0.03654999999999999,0.05462499999999999,0.11679999999999999,1,0,3,Asia,Cold_Without_dry_season_Warm_Summer
climate_zone_within_continent,climate,events_minus_spd,observed_events_only,4,4,-0.037099999999999994,0.015174999999999994,0.03324999999999999,0.03654999999999999,0.05462499999999999,0.11679999999999999,1,0,3,Asia,Cold_Without_dry_season_Warm_Summer
climate_zone_within_continent,climate,spd_events_minus_spd,as_coded,4,4,-0.051199999999999996,-0.017750000000000002,0.0031499999999999966,0.012724999999999992,0.03362499999999999,0.09579999999999997,2,0,2,Asia,Cold_Without_dry_season_Warm_Summer
climate_zone_within_continent,climate,spd_events_minus_spd,observed_events_only,4,4,-0.051199999999999996,-0.017750000000000002,0.0031499999999999966,0.012724999999999992,0.03362499999999999,0.09579999999999997,2,0,2,Asia,Cold_Without_dry_season_Warm_Summer
climate_zone_within_continent,human,events_minus_spd,as_coded,4,4,0.0128,0.015724999999999996,0.029099999999999997,0.06674999999999999,0.080125,0.19599999999999998,0,0,4,Asia,Cold_Without_dry_season_Warm_Summer
climate_zone_within_continent,human,events_minus_spd,observed_events_only,4,4,0.0128,0.015724999999999996,0.029099999999999997,0.06674999999999999,0.080125,0.19599999999999998,0,0,4,Asia,Cold_Without_dry_season_Warm_Summer
climate_zone_within_continent,human,spd_events_minus_spd,as_coded,4,4,0.019299999999999998,0.0442,0.0814,0.089275,0.126475,0.175,0,0,4,Asia,Cold_Without_dry_season_Warm_Summer
climate_zone_within_continent,human,spd_events_minus_spd,observed_events_only,4,4,0.019299999999999998,0.0442,0.0814,0.089275,0.126475,0.175,0,0,4,Asia,Cold_Without_dry_season_Warm_Summer
climate_zone_within_continent,signed_balance,events_minus_spd,as_coded,4,4,-0.11766816633576799,-0.06190798224527368,0.1428222948892582,0.1413542280431181,0.34608450517765,0.397440488729724,2,0,2,Asia,Cold_Without_dry_season_Warm_Summer
climate_zone_within_continent,signed_balance,events_minus_spd,observed_events_only,4,4,-0.11766816633576799,-0.06190798224527368,0.1428222948892582,0.1413542280431181,0.34608450517765,0.397440488729724,2,0,2,Asia,Cold_Without_dry_season_Warm_Summer
climate_zone_within_continent,signed_balance,spd_events_minus_spd,as_coded,4,4,0.06933555574859926,0.1350755301038773,0.24186885035465816,0.2757181019504053,0.38251142220118617,0.5497991513437057,0,0,4,Asia,Cold_Without_dry_season_Warm_Summer
climate_zone_within_continent,signed_balance,spd_events_minus_spd,observed_events_only,4,4,0.06933555574859926,0.1350755301038773,0.24186885035465816,0.2757181019504053,0.38251142220118617,0.5497991513437057,0,0,4,Asia,Cold_Without_dry_season_Warm_Summer
climate_zone_within_continent,signed_difference,events_minus_spd,as_coded,4,4,-0.10009999999999998,-0.040849999999999984,0.028750000000000008,0.030200000000000005,0.0998,0.1634,2,0,2,Asia,Cold_Without_dry_season_Warm_Summer
climate_zone_within_continent,signed_difference,events_minus_spd,observed_events_only,4,4,-0.10009999999999998,-0.040849999999999984,0.028750000000000008,0.030200000000000005,0.0998,0.1634,2,0,2,Asia,Cold_Without_dry_season_Warm_Summer
climate_zone_within_continent,signed_difference,spd_events_minus_spd,as_coded,4,4,0.014500000000000027,0.023050000000000005,0.0648,0.076550000000000007,0.11829999999999999,0.1621,0,0,4,Asia,Cold_Without_dry_season_Warm_Summer
climate_zone_within_continent,signed_difference,spd_events_minus_spd,observed_events_only,4,4,0.014500000000000027,0.023050000000000005,0.0648,0.076550000000000007,0.11829999999999999,0.1621,0,0,4,Asia,Cold_Without_dry_season_Warm_Summer
climate_zone_within_continent,unique_adjusted_r2_pure_climate,events_minus_spd,as_coded,4,4,-0.03736987658810986,-0.015176086700052993,0.042191779788845085,0.06683274028176736,0.12420060677066544,0.22031727813748914,2,0,2,Asia,Cold_Without_dry_season_Warm_Summer
climate_zone_within_continent,unique_adjusted_r2_pure_climate,events_minus_spd,observed_events_only,4,4,-0.03736987658810986,-0.015176086700052993,0.042191779788845085,0.06683274028176736,0.12420060677066544,0.22031727813748914,2,0,2,Asia,Cold_Without_dry_season_Warm_Summer
climate_zone_within_continent,unique_adjusted_r2_pure_climate,spd_events_minus_spd,as_coded,4,4,-0.05660997200511475,-0.04150669663442583,-0.020800218239094004,0.024868612385211486,0.04557509078054331,0.1976848580241487,3,0,1,Asia,Cold_Without_dry_season_Warm_Summer
climate_zone_within_continent,unique_adjusted_r2_pure_climate,spd_events_minus_spd,observed_events_only,4,4,-0.05660997200511475,-0.04150669663442583,-0.020800218239094004,0.024868612385211486,0.04557509078054331,0.1976848580241487,3,0,1,Asia,Cold_Without_dry_season_Warm_Summer
climate_zone_within_continent,unique_adjusted_r2_pure_human,events_minus_spd,as_coded,4,4,-0.013854800753789975,0.028814227404555304,0.09415530975011921,0.08280639739560236,0.14814747974116627,0.156769770835961,1,0,3,Asia,Cold_Without_dry_season_Warm_Summer
climate_zone_within_continent,unique_adjusted_r2_pure_human,events_minus_spd,observed_events_only,4,4,-0.013854800753789975,0.028814227404555304,0.09415530975011921,0.08280639739560236,0.14814747974116627,0.156769770835961,1,0,3,Asia,Cold_Without_dry_season_Warm_Summer
climate_zone_within_continent,unique_adjusted_r2_pure_human,spd_events_minus_spd,as_coded,4,4,-0.02734297801504415,0.007879453015041088,0.061831927403708575,0.0797882687986573,0.1337407431873248,0.2228321984022562,1,0,3,Asia,Cold_Without_dry_season_Warm_Summer
climate_zone_within_continent,unique_adjusted_r2_pure_human,spd_events_minus_spd,observed_events_only,4,4,-0.02734297801504415,0.007879453015041088,0.061831927403708575,0.0797882687986573,0.1337407431873248,0.2228321984022562,1,0,3,Asia,Cold_Without_dry_season_Warm_Summer
climate_zone_within_continent,zero_balance,events_minus_spd,as_coded,4,4,-0.14756847672262158,0.016498184845638877,0.5279722110228945,0.47680859820293797,0.9882826243801937,0.9988584474885844,1,0,3,Asia,Cold_Without_dry_season_Warm_Summer
climate_zone_within_continent,zero_balance,events_minus_spd,observed_events_only,4,4,-0.14756847672262158,0.016498184845638877,0.5279722110228945,0.47680859820293797,0.9882826243801937,0.9988584474885844,1,0,3,Asia,Cold_Without_dry_season_Warm_Summer
climate_zone_within_continent,zero_balance,spd_events_minus_spd,as_coded,4,4,0.1642705503845468,0.3317814346314845,0.691064606483365,0.7139660505105335,1.073249222362414,1.3094644386908572,0,0,4,Asia,Cold_Without_dry_season_Warm_Summer
climate_zone_within_continent,zero_balance,spd_events_minus_spd,observed_events_only,4,4,0.1642705503845468,0.3317814346314845,0.691064606483365,0.7139660505105335,1.073249222362414,1.3094644386908572,0,0,4,Asia,Cold_Without_dry_season_Warm_Summer
climate_zone_within_continent,climate,events_minus_spd,as_coded,3,3,-0.026300000000000018,-0.019000000000000003,-0.011699999999999988,0.015899999999999997,0.037000000000000005,0.0857,2,0,1,Asia,Polar
climate_zone_within_continent,climate,events_minus_spd,observed_events_only,3,3,-0.026300000000000018,-0.019000000000000003,-0.011699999999999988,0.015899999999999997,0.037000000000000005,0.0857,2,0,1,Asia,Polar
climate_zone_within_continent,climate,spd_events_minus_spd,as_coded,3,3,-0.0782,-0.040350000000000004,-0.0025000000000000022,-0.0219,0.0062500000000000056,0.015000000000000013,2,0,1,Asia,Polar
climate_zone_within_continent,climate,spd_events_minus_spd,observed_events_only,3,3,-0.0782,-0.040350000000000004,-0.0025000000000000022,-0.0219,0.0062500000000000056,0.015000000000000013,2,0,1,Asia,Polar
climate_zone_within_continent,human,events_minus_spd,as_coded,3,3,-0.0012999999999999956,0.004350000000000007,0.010000000000000009,0.020900000000000002,0.032,0.05399999999999999,1,0,2,Asia,Polar
climate_zone_within_continent,human,events_minus_spd,observed_events_only,3,3,-0.0012999999999999956,0.004350000000000007,0.010000000000000009,0.020900000000000002,0.032,0.05399999999999999,1,0,2,Asia,Polar
climate_zone_within_continent,human,spd_events_minus_spd,as_coded,3,3,0.012800000000000006,0.0205,0.028199999999999996,0.047266666666666665,0.0645,0.1008,0,0,3,Asia,Polar
climate_zone_within_continent,human,spd_events_minus_spd,observed_events_only,3,3,0.012800000000000006,0.0205,0.028199999999999996,0.047266666666666665,0.0645,0.1008,0,0,3,Asia,Polar
climate_zone_within_continent,signed_balance,events_minus_spd,as_coded,3,3,-0.16908090189823935,-0.04552084310598238,0.07803921568627459,0.02722332879217788,0.1253754441373865,0.1727116725884984,1,0,2,Asia,Polar
climate_zone_within_continent,signed_balance,events_minus_spd,observed_events_only,3,3,-0.16908090189823935,-0.04552084310598238,0.07803921568627459,0.02722332879217788,0.1253754441373865,0.1727116725884984,1,0,2,Asia,Polar
climate_zone_within_continent,signed_balance,spd_events_minus_spd,as_coded,3,3,0.012037348272642356,0.047315496313467875,0.0825936443542934,0.2113185838231265,0.31095920159836854,0.5393247588424437,0,0,3,Asia,Polar
climate_zone_within_continent,signed_balance,spd_events_minus_spd,observed_events_only,3,3,0.012037348272642356,0.047315496313467875,0.0825936443542934,0.2113185838231265,0.31095920159836854,0.5393247588424437,0,0,3,Asia,Polar
climate_zone_within_continent,signed_difference,events_minus_spd,as_coded,3,3,-0.087,-0.025349999999999984,0.03630000000000003,0.0050000000000000044,0.051000000000000004,0.06569999999999998,1,0,2,Asia,Polar
climate_zone_within_continent,signed_difference,events_minus_spd,observed_events_only,3,3,-0.087,-0.025349999999999984,0.03630000000000003,0.0050000000000000044,0.051000000000000004,0.06569999999999998,1,0,2,Asia,Polar
climate_zone_within_continent,signed_difference,spd_events_minus_spd,as_coded,3,3,-0.0022000000000000075,0.014249999999999999,0.030700000000000005,0.06916666666666667,0.10485,0.179,1,0,2,Asia,Polar
climate_zone_within_continent,signed_difference,spd_events_minus_spd,observed_events_only,3,3,-0.0022000000000000075,0.014249999999999999,0.030700000000000005,0.06916666666666667,0.10485,0.179,1,0,2,Asia,Polar
climate_zone_within_continent,unique_adjusted_r2_pure_climate,events_minus_spd,as_coded,3,3,-0.10066413601214608,-0.038980101407202095,0.022703933197741888,0.019026569134944826,0.07887192170849028,0.13503991021923867,1,0,2,Asia,Polar
climate_zone_within_continent,unique_adjusted_r2_pure_climate,events_minus_spd,observed_events_only,3,3,-0.10066413601214608,-0.038980101407202095,0.022703933197741888,0.019026569134944826,0.07887192170849028,0.13503991021923867,1,0,2,Asia,Polar
climate_zone_within_continent,unique_adjusted_r2_pure_climate,spd_events_minus_spd,as_coded,3,3,-0.21097995108911094,-0.10321740949789077,0.004545132093329407,-0.05383867823466163,0.02473195819256302,0.04491878429179663,1,0,2,Asia,Polar
climate_zone_within_continent,unique_adjusted_r2_pure_climate,spd_events_minus_spd,observed_events_only,3,3,-0.21097995108911094,-0.10321740949789077,0.004545132093329407,-0.05383867823466163,0.02473195819256302,0.04491878429179663,1,0,2,Asia,Polar
climate_zone_within_continent,unique_adjusted_r2_pure_human,events_minus_spd,as_coded,3,3,-0.05370082006253474,-0.015853698444511843,0.02199342317351105,0.026766993752517787,0.06700090066004405,0.11200837814657705,1,0,2,Asia,Polar
climate_zone_within_continent,unique_adjusted_r2_pure_human,events_minus_spd,observed_events_only,3,3,-0.05370082006253474,-0.015853698444511843,0.02199342317351105,0.026766993752517787,0.06700090066004405,0.11200837814657705,1,0,2,Asia,Polar
climate_zone_within_continent,unique_adjusted_r2_pure_human,spd_events_minus_spd,as_coded,3,3,-0.04827120207905378,-0.01918466735769281,0.00990186736366816,0.001587077601147328,0.02651621744124788,0.0431305675188276,1,0,2,Asia,Polar
climate_zone_within_continent,unique_adjusted_r2_pure_human,spd_events_minus_spd,observed_events_only,3,3,-0.04827120207905378,-0.01918466735769281,0.00990186736366816,0.001587077601147328,0.02651621744124788,0.0431305675188276,1,0,2,Asia,Polar
climate_zone_within_continent,zero_balance,events_minus_spd,as_coded,3,3,-0.24954784500593974,-0.05427555811701974,0.14099672877190025,0.08540191910513158,0.25287680116066724,0.3647568735494342,1,0,2,Asia,Polar
climate_zone_within_continent,zero_balance,events_minus_spd,observed_events_only,3,3,-0.24954784500593974,-0.05427555811701974,0.14099672877190025,0.08540191910513158,0.25287680116066724,0.3647568735494342,1,0,2,Asia,Polar
climate_zone_within_continent,zero_balance,spd_events_minus_spd,as_coded,3,3,0.022328587549529516,0.11168839780412505,0.2010482080587206,0.318770655863591,0.4669916900206217,0.7329351719825228,0,0,3,Asia,Polar
climate_zone_within_continent,zero_balance,spd_events_minus_spd,observed_events_only,3,3,0.022328587549529516,0.11168839780412505,0.2010482080587206,0.318770655863591,0.4669916900206217,0.7329351719825228,0,0,3,Asia,Polar
climate_zone_within_continent,climate,events_minus_spd,as_coded,4,4,-0.12989999999999996,-0.046424999999999994,-0.010150000000000003,-0.027574999999999992,0.008699999999999998,0.03989999999999999,3,0,1,Asia,Temperate_Without_dry_season
climate_zone_within_continent,climate,events_minus_spd,observed_events_only,4,4,-0.12989999999999996,-0.046424999999999994,-0.010150000000000003,-0.027574999999999992,0.008699999999999998,0.03989999999999999,3,0,1,Asia,Temperate_Without_dry_season
climate_zone_within_continent,climate,spd_events_minus_spd,as_coded,4,4,-0.08959999999999999,-0.06267500000000001,-0.046350000000000016,-0.044475,-0.028149999999999994,0.004400000000000015,3,0,1,Asia,Temperate_Without_dry_season
climate_zone_within_continent,climate,spd_events_minus_spd,observed_events_only,4,4,-0.08959999999999999,-0.06267500000000001,-0.046350000000000016,-0.044475,-0.028149999999999994,0.004400000000000015,3,0,1,Asia,Temperate_Without_dry_season
climate_zone_within_continent,human,events_minus_spd,as_coded,4,4,-0.0779,-0.01985,0.015549999999999998,0.006075000000000002,0.041475,0.07110000000000001,2,0,2,Asia,Temperate_Without_dry_season
climate_zone_within_continent,human,events_minus_spd,observed_events_only,4,4,-0.0779,-0.01985,0.015549999999999998,0.006075000000000002,0.041475,0.07110000000000001,2,0,2,Asia,Temperate_Without_dry_season
climate_zone_within_continent,human,spd_events_minus_spd,as_coded,4,4,0.0051,0.010650000000000001,0.0583,0.064775,0.11242500000000001,0.13740000000000002,0,0,4,Asia,Temperate_Without_dry_season
climate_zone_within_continent,human,spd_events_minus_spd,observed_events_only,4,4,0.0051,0.010650000000000001,0.0583,0.064775,0.11242500000000001,0.13740000000000002,0,0,4,Asia,Temperate_Without_dry_season
climate_zone_within_continent,signed_balance,events_minus_spd,as_coded,4,4,-0.02584630877682237,-0.004415382152635733,0.0756696086976536,0.08781262109401514,0.16789761194430447,0.22575757575757574,1,0,3,Asia,Temperate_Without_dry_season
climate_zone_within_continent,signed_balance,events_minus_spd,observed_events_only,4,4,-0.02584630877682237,-0.004415382152635733,0.0756696086976536,0.08781262109401514,0.16789761194430447,0.22575757575757574,1,0,3,Asia,Temperate_Without_dry_season
climate_zone_within_continent,signed_balance,spd_events_minus_spd,as_coded,4,4,-0.0057346208737234505,0.21875751530563314,0.30537060399970595,0.6910243740541494,0.7776374627482222,2.159090909090909,1,0,3,Asia,Temperate_Without_dry_season
climate_zone_within_continent,signed_balance,spd_events_minus_spd,observed_events_only,4,4,-0.0057346208737234505,0.21875751530563314,0.30537060399970595,0.6910243740541494,0.7776374627482222,2.159090909090909,1,0,3,Asia,Temperate_Without_dry_season
climate_zone_within_continent,signed_difference,events_minus_spd,as_coded,4,4,-0.04039999999999999,0.014875,0.04264999999999998,0.03365,0.06142499999999998,0.08970000000000003,1,0,3,Asia,Temperate_Without_dry_season
climate_zone_within_continent,signed_difference,events_minus_spd,observed_events_only,4,4,-0.04039999999999999,0.014875,0.04264999999999998,0.03365,0.06142499999999998,0.08970000000000003,1,0,3,Asia,Temperate_Without_dry_season
climate_zone_within_continent,signed_difference,spd_events_minus_spd,as_coded,4,4,6.999999999999784e-4,0.0388,0.12130000000000002,0.10925,0.19175000000000003,0.19369999999999998,0,0,4,Asia,Temperate_Without_dry_season
climate_zone_within_continent,signed_difference,spd_events_minus_spd,observed_events_only,4,4,6.999999999999784e-4,0.0388,0.12130000000000002,0.10925,0.19175000000000003,0.19369999999999998,0,0,4,Asia,Temperate_Without_dry_season
climate_zone_within_continent,unique_adjusted_r2_pure_climate,events_minus_spd,as_coded,4,4,-0.2387394250288396,-0.0736702777333813,-0.017644062837383567,-0.06473119561372523,-0.00870498071772749,0.015102768248705822,3,0,1,Asia,Temperate_Without_dry_season
climate_zone_within_continent,unique_adjusted_r2_pure_climate,events_minus_spd,observed_events_only,4,4,-0.2387394250288396,-0.0736702777333813,-0.017644062837383567,-0.06473119561372523,-0.00870498071772749,0.015102768248705822,3,0,1,Asia,Temperate_Without_dry_season
climate_zone_within_continent,unique_adjusted_r2_pure_climate,spd_events_minus_spd,as_coded,4,4,-0.14251795453630656,-0.081741078115495025,-0.03469514929433043,-0.052764972750901556,-0.005719043929736961,8.483621213611903e-4,3,0,1,Asia,Temperate_Without_dry_season
climate_zone_within_continent,unique_adjusted_r2_pure_climate,spd_events_minus_spd,observed_events_only,4,4,-0.14251795453630656,-0.081741078115495025,-0.03469514929433043,-0.052764972750901556,-0.005719043929736961,8.483621213611903e-4,3,0,1,Asia,Temperate_Without_dry_season
climate_zone_within_continent,unique_adjusted_r2_pure_human,events_minus_spd,as_coded,4,4,-0.2944419377769013,-0.04331721227849511,0.04338686016960769,-0.037212473934298995,0.0494915985138038,0.05881832170048995,1,0,3,Asia,Temperate_Without_dry_season
climate_zone_within_continent,unique_adjusted_r2_pure_human,events_minus_spd,observed_events_only,4,4,-0.2944419377769013,-0.04331721227849511,0.04338686016960769,-0.037212473934298995,0.0494915985138038,0.05881832170048995,1,0,3,Asia,Temperate_Without_dry_season
climate_zone_within_continent,unique_adjusted_r2_pure_human,spd_events_minus_spd,as_coded,4,4,-0.047369728780343845,-0.04062896629906679,-0.021786654459496346,-0.01296605837237963,0.005876253467190812,0.03907880420981802,3,0,1,Asia,Temperate_Without_dry_season
climate_zone_within_continent,unique_adjusted_r2_pure_human,spd_events_minus_spd,observed_events_only,4,4,-0.047369728780343845,-0.04062896629906679,-0.021786654459496346,-0.01296605837237963,0.005876253467190812,0.03907880420981802,3,0,1,Asia,Temperate_Without_dry_season
climate_zone_within_continent,zero_balance,events_minus_spd,as_coded,4,4,-0.027537777085014148,-0.006884444271253537,0.0033716590022521697,0.05867726582239484,0.06893336909590055,0.25550352237008916,1,1,2,Asia,Temperate_Without_dry_season
climate_zone_within_continent,zero_balance,events_minus_spd,observed_events_only,4,4,-0.027537777085014148,-0.006884444271253537,0.0033716590022521697,0.05867726582239484,0.06893336909590055,0.25550352237008916,1,1,2,Asia,Temperate_Without_dry_season
climate_zone_within_continent,zero_balance,spd_events_minus_spd,as_coded,4,4,0,0.03205938146098153,0.23220573959154509,0.23569845270193568,0.43584481083249926,0.4783823316246526,0,1,3,Asia,Temperate_Without_dry_season
climate_zone_within_continent,zero_balance,spd_events_minus_spd,observed_events_only,4,4,0,0.03205938146098153,0.23220573959154509,0.23569845270193568,0.43584481083249926,0.4783823316246526,0,1,3,Asia,Temperate_Without_dry_season
climate_zone_within_continent,climate,events_minus_spd,as_coded,2,2,-0.09110000000000001,-0.06897500000000001,-0.04685000000000002,-0.04685000000000002,-0.024725000000000018,-0.002600000000000019,2,0,0,Europe,Arid
climate_zone_within_continent,climate,events_minus_spd,observed_events_only,2,2,-0.09110000000000001,-0.06897500000000001,-0.04685000000000002,-0.04685000000000002,-0.024725000000000018,-0.002600000000000019,2,0,0,Europe,Arid
climate_zone_within_continent,climate,spd_events_minus_spd,as_coded,2,2,-0.08380000000000001,-0.057125000000000016,-0.030450000000000005,-0.030450000000000005,-0.0037750000000000006,0.022900000000000004,1,0,1,Europe,Arid
climate_zone_within_continent,climate,spd_events_minus_spd,observed_events_only,2,2,-0.08380000000000001,-0.057125000000000016,-0.030450000000000005,-0.030450000000000005,-0.0037750000000000006,0.022900000000000004,1,0,1,Europe,Arid
climate_zone_within_continent,human,events_minus_spd,as_coded,2,2,0.1618,0.19524999999999998,0.2287,0.2287,0.26215,0.2956,0,0,2,Europe,Arid
climate_zone_within_continent,human,events_minus_spd,observed_events_only,2,2,0.1618,0.19524999999999998,0.2287,0.2287,0.26215,0.2956,0,0,2,Europe,Arid
climate_zone_within_continent,human,spd_events_minus_spd,as_coded,2,2,0.1676,0.19640000000000002,0.2252,0.2252,0.254,0.2828,0,0,2,Europe,Arid
climate_zone_within_continent,human,spd_events_minus_spd,observed_events_only,2,2,0.1676,0.19640000000000002,0.2252,0.2252,0.254,0.2828,0,0,2,Europe,Arid
climate_zone_within_continent,signed_balance,events_minus_spd,as_coded,2,2,0.47173639675637563,0.5017009195253516,0.5316654422943274,0.5316654422943274,0.5616299650633034,0.5915944878322793,0,0,2,Europe,Arid
climate_zone_within_continent,signed_balance,events_minus_spd,observed_events_only,2,2,0.47173639675637563,0.5017009195253516,0.5316654422943274,0.5316654422943274,0.5616299650633034,0.5915944878322793,0,0,2,Europe,Arid
climate_zone_within_continent,signed_balance,spd_events_minus_spd,as_coded,2,2,0.43310055561608013,0.46609109069325133,0.4990816257704225,0.4990816257704225,0.5320721608475937,0.5650626959247649,0,0,2,Europe,Arid
climate_zone_within_continent,signed_balance,spd_events_minus_spd,observed_events_only,2,2,0.43310055561608013,0.46609109069325133,0.4990816257704225,0.4990816257704225,0.5320721608475937,0.5650626959247649,0,0,2,Europe,Arid
climate_zone_within_continent,signed_difference,events_minus_spd,as_coded,2,2,0.16440000000000002,0.21997500000000003,0.27555,0.27555,0.331125,0.3867,0,0,2,Europe,Arid
climate_zone_within_continent,signed_difference,events_minus_spd,observed_events_only,2,2,0.16440000000000002,0.21997500000000003,0.27555,0.27555,0.331125,0.3867,0,0,2,Europe,Arid
climate_zone_within_continent,signed_difference,spd_events_minus_spd,as_coded,2,2,0.1447,0.200175,0.25565000000000004,0.25565000000000004,0.31112500000000004,0.36660000000000004,0,0,2,Europe,Arid
climate_zone_within_continent,signed_difference,spd_events_minus_spd,observed_events_only,2,2,0.1447,0.200175,0.25565000000000004,0.25565000000000004,0.31112500000000004,0.36660000000000004,0,0,2,Europe,Arid
climate_zone_within_continent,unique_adjusted_r2_pure_climate,events_minus_spd,as_coded,2,2,-0.09348134693974175,-0.07334697764164877,-0.05321260834355579,-0.05321260834355579,-0.03307823904546281,-0.01294386974736983,2,0,0,Europe,Arid
climate_zone_within_continent,unique_adjusted_r2_pure_climate,events_minus_spd,observed_events_only,2,2,-0.09348134693974175,-0.07334697764164877,-0.05321260834355579,-0.05321260834355579,-0.03307823904546281,-0.01294386974736983,2,0,0,Europe,Arid
climate_zone_within_continent,unique_adjusted_r2_pure_climate,spd_events_minus_spd,as_coded,2,2,-0.08661841496676992,-0.05168535888678377,-0.016752302806797625,-0.016752302806797625,0.01818075327318852,0.05311380935317467,1,0,1,Europe,Arid
climate_zone_within_continent,unique_adjusted_r2_pure_climate,spd_events_minus_spd,observed_events_only,2,2,-0.08661841496676992,-0.05168535888678377,-0.016752302806797625,-0.016752302806797625,0.01818075327318852,0.05311380935317467,1,0,1,Europe,Arid
climate_zone_within_continent,unique_adjusted_r2_pure_human,events_minus_spd,as_coded,2,2,0.05356805676598286,0.08350894533985231,0.11344983391372176,0.11344983391372176,0.14339072248759122,0.17333161106146067,0,0,2,Europe,Arid
climate_zone_within_continent,unique_adjusted_r2_pure_human,events_minus_spd,observed_events_only,2,2,0.05356805676598286,0.08350894533985231,0.11344983391372176,0.11344983391372176,0.14339072248759122,0.17333161106146067,0,0,2,Europe,Arid
climate_zone_within_continent,unique_adjusted_r2_pure_human,spd_events_minus_spd,as_coded,2,2,0.041647631944427554,0.08450201004451297,0.12735638814459838,0.12735638814459838,0.1702107662446838,0.2130651443447692,0,0,2,Europe,Arid
climate_zone_within_continent,unique_adjusted_r2_pure_human,spd_events_minus_spd,observed_events_only,2,2,0.041647631944427554,0.08450201004451297,0.12735638814459838,0.12735638814459838,0.1702107662446838,0.2130651443447692,0,0,2,Europe,Arid
climate_zone_within_continent,zero_balance,events_minus_spd,as_coded,2,2,0.8900059366735393,0.9690232094780931,1.0480404822826466,1.0480404822826466,1.1270577550872003,1.206075027891754,0,0,2,Europe,Arid
climate_zone_within_continent,zero_balance,events_minus_spd,observed_events_only,2,2,0.8900059366735393,0.9690232094780931,1.0480404822826466,1.0480404822826466,1.1270577550872003,1.206075027891754,0,0,2,Europe,Arid
climate_zone_within_continent,zero_balance,spd_events_minus_spd,as_coded,2,2,0.8312629191898989,0.9151595962249551,0.9990562732600115,0.9990562732600115,1.0829529502950677,1.1668496273301239,0,0,2,Europe,Arid
climate_zone_within_continent,zero_balance,spd_events_minus_spd,observed_events_only,2,2,0.8312629191898989,0.9151595962249551,0.9990562732600115,0.9990562732600115,1.0829529502950677,1.1668496273301239,0,0,2,Europe,Arid
climate_zone_within_continent,climate,events_minus_spd,as_coded,15,15,-0.10190000000000002,-0.041550000000000004,-0.016200000000000006,-0.022066666666666672,2.500000000000002e-4,0.031399999999999983,11,0,4,Europe,Cold_Without_dry_season_Cold_Summer
climate_zone_within_continent,climate,events_minus_spd,observed_events_only,15,15,-0.10190000000000002,-0.041550000000000004,-0.016200000000000006,-0.022066666666666672,2.500000000000002e-4,0.031399999999999983,11,0,4,Europe,Cold_Without_dry_season_Cold_Summer
climate_zone_within_continent,climate,spd_events_minus_spd,as_coded,15,15,-0.09140000000000001,-0.05074999999999999,-0.024300000000000002,-0.030899999999999997,-0.013250000000000012,0.04260000000000003,14,0,1,Europe,Cold_Without_dry_season_Cold_Summer
climate_zone_within_continent,climate,spd_events_minus_spd,observed_events_only,15,15,-0.09140000000000001,-0.05074999999999999,-0.024300000000000002,-0.030899999999999997,-0.013250000000000012,0.04260000000000003,14,0,1,Europe,Cold_Without_dry_season_Cold_Summer
climate_zone_within_continent,human,events_minus_spd,as_coded,15,15,-0.0909,-0.022449999999999987,0.0165,0.019673333333333338,0.05475,0.20600000000000002,6,0,9,Europe,Cold_Without_dry_season_Cold_Summer
climate_zone_within_continent,human,events_minus_spd,observed_events_only,15,15,-0.0909,-0.022449999999999987,0.0165,0.019673333333333338,0.05475,0.20600000000000002,6,0,9,Europe,Cold_Without_dry_season_Cold_Summer
climate_zone_within_continent,human,spd_events_minus_spd,as_coded,15,15,0.005999999999999999,0.0323,0.048100000000000004,0.06358,0.08365,0.1605,0,0,15,Europe,Cold_Without_dry_season_Cold_Summer
climate_zone_within_continent,human,spd_events_minus_spd,observed_events_only,15,15,0.005999999999999999,0.0323,0.048100000000000004,0.06358,0.08365,0.1605,0,0,15,Europe,Cold_Without_dry_season_Cold_Summer
climate_zone_within_continent,signed_balance,events_minus_spd,as_coded,15,15,-0.23682231655548816,-0.05010035524957422,0.12282618502011883,0.07596428051591239,0.1629916160877846,0.5403885655597399,4,0,11,Europe,Cold_Without_dry_season_Cold_Summer
climate_zone_within_continent,signed_balance,events_minus_spd,observed_events_only,15,15,-0.23682231655548816,-0.05010035524957422,0.12282618502011883,0.07596428051591239,0.1629916160877846,0.5403885655597399,4,0,11,Europe,Cold_Without_dry_season_Cold_Summer
climate_zone_within_continent,signed_balance,spd_events_minus_spd,as_coded,15,15,0.033586668918538565,0.12360759027283016,0.19529184737711688,0.19213162163915345,0.2245860297915724,0.4069853110466455,0,0,15,Europe,Cold_Without_dry_season_Cold_Summer
climate_zone_within_continent,signed_balance,spd_events_minus_spd,observed_events_only,15,15,0.033586668918538565,0.12360759027283016,0.19529184737711688,0.19213162163915345,0.2245860297915724,0.4069853110466455,0,0,15,Europe,Cold_Without_dry_season_Cold_Summer
climate_zone_within_continent,signed_difference,events_minus_spd,as_coded,15,15,-0.11629999999999999,-0.0037500000000000033,0.05739999999999999,0.041740000000000006,0.08380000000000001,0.17460000000000003,4,0,11,Europe,Cold_Without_dry_season_Cold_Summer
climate_zone_within_continent,signed_difference,events_minus_spd,observed_events_only,15,15,-0.11629999999999999,-0.0037500000000000033,0.05739999999999999,0.041740000000000006,0.08380000000000001,0.17460000000000003,4,0,11,Europe,Cold_Without_dry_season_Cold_Summer
climate_zone_within_continent,signed_difference,spd_events_minus_spd,as_coded,15,15,0.023300000000000015,0.06160000000000001,0.1026,0.09448,0.11995000000000001,0.21359999999999998,0,0,15,Europe,Cold_Without_dry_season_Cold_Summer
climate_zone_within_continent,signed_difference,spd_events_minus_spd,observed_events_only,15,15,0.023300000000000015,0.06160000000000001,0.1026,0.09448,0.11995000000000001,0.21359999999999998,0,0,15,Europe,Cold_Without_dry_season_Cold_Summer
climate_zone_within_continent,unique_adjusted_r2_pure_climate,events_minus_spd,as_coded,15,15,-0.1574977903825654,-0.0813026565118497,-0.05129306082387752,-0.04361487640877617,-0.004248307063495327,0.07205412618863671,11,0,4,Europe,Cold_Without_dry_season_Cold_Summer
climate_zone_within_continent,unique_adjusted_r2_pure_climate,events_minus_spd,observed_events_only,15,15,-0.1574977903825654,-0.0813026565118497,-0.05129306082387752,-0.04361487640877617,-0.004248307063495327,0.07205412618863671,11,0,4,Europe,Cold_Without_dry_season_Cold_Summer
climate_zone_within_continent,unique_adjusted_r2_pure_climate,spd_events_minus_spd,as_coded,15,15,-0.17863736965688803,-0.07631719806877207,-0.0359257243738792,-0.04756840186531655,-0.02024598557260998,0.09215227657510505,13,0,2,Europe,Cold_Without_dry_season_Cold_Summer
climate_zone_within_continent,unique_adjusted_r2_pure_climate,spd_events_minus_spd,observed_events_only,15,15,-0.17863736965688803,-0.07631719806877207,-0.0359257243738792,-0.04756840186531655,-0.02024598557260998,0.09215227657510505,13,0,2,Europe,Cold_Without_dry_season_Cold_Summer
climate_zone_within_continent,unique_adjusted_r2_pure_human,events_minus_spd,as_coded,15,15,-0.20273617315625658,-0.04860590902626788,-0.012941180430461996,-0.019951338351685114,0.021230209194930905,0.17159352570781738,10,0,5,Europe,Cold_Without_dry_season_Cold_Summer
climate_zone_within_continent,unique_adjusted_r2_pure_human,events_minus_spd,observed_events_only,15,15,-0.20273617315625658,-0.04860590902626788,-0.012941180430461996,-0.019951338351685114,0.021230209194930905,0.17159352570781738,10,0,5,Europe,Cold_Without_dry_season_Cold_Summer
climate_zone_within_continent,unique_adjusted_r2_pure_human,spd_events_minus_spd,as_coded,15,15,-0.07729754185109916,-0.026136813862980002,5.307098012792277e-4,0.003510910404166475,0.03225698570944624,0.13177485581296278,7,0,8,Europe,Cold_Without_dry_season_Cold_Summer
climate_zone_within_continent,unique_adjusted_r2_pure_human,spd_events_minus_spd,observed_events_only,15,15,-0.07729754185109916,-0.026136813862980002,5.307098012792277e-4,0.003510910404166475,0.03225698570944624,0.13177485581296278,7,0,8,Europe,Cold_Without_dry_season_Cold_Summer
climate_zone_within_continent,zero_balance,events_minus_spd,as_coded,15,15,-0.537910447761194,-0.10710289695840011,0.18063466232709524,0.12418778394445991,0.3223854320515616,0.763797942001871,4,0,11,Europe,Cold_Without_dry_season_Cold_Summer
climate_zone_within_continent,zero_balance,events_minus_spd,observed_events_only,15,15,-0.537910447761194,-0.10710289695840011,0.18063466232709524,0.12418778394445991,0.3223854320515616,0.763797942001871,4,0,11,Europe,Cold_Without_dry_season_Cold_Summer
climate_zone_within_continent,zero_balance,spd_events_minus_spd,as_coded,15,15,0,0.21627384956516454,0.29338702555095497,0.3381455026788114,0.4267340062868022,0.808138037599794,0,1,14,Europe,Cold_Without_dry_season_Cold_Summer
climate_zone_within_continent,zero_balance,spd_events_minus_spd,observed_events_only,15,15,0,0.21627384956516454,0.29338702555095497,0.3381455026788114,0.4267340062868022,0.808138037599794,0,1,14,Europe,Cold_Without_dry_season_Cold_Summer
climate_zone_within_continent,climate,events_minus_spd,as_coded,22,22,-0.09109999999999999,-0.048049999999999995,-0.026799999999999997,-0.018568181818181817,0.011674999999999994,0.1169,16,0,6,Europe,Cold_Without_dry_season_Warm_Summer
climate_zone_within_continent,climate,events_minus_spd,observed_events_only,22,22,-0.09109999999999999,-0.048049999999999995,-0.026799999999999997,-0.018568181818181817,0.011674999999999994,0.1169,16,0,6,Europe,Cold_Without_dry_season_Warm_Summer
climate_zone_within_continent,climate,spd_events_minus_spd,as_coded,22,22,-0.09939999999999999,-0.05735,-0.01925,-0.01833181818181818,0.0078250000000000125,0.0797,13,0,9,Europe,Cold_Without_dry_season_Warm_Summer
climate_zone_within_continent,climate,spd_events_minus_spd,observed_events_only,22,22,-0.09939999999999999,-0.05735,-0.01925,-0.01833181818181818,0.0078250000000000125,0.0797,13,0,9,Europe,Cold_Without_dry_season_Warm_Summer
climate_zone_within_continent,human,events_minus_spd,as_coded,22,22,-0.1791,0.0010999999999999985,0.1333,0.10675,0.19437500000000002,0.3137,6,0,16,Europe,Cold_Without_dry_season_Warm_Summer
climate_zone_within_continent,human,events_minus_spd,observed_events_only,22,22,-0.1791,0.0010999999999999985,0.1333,0.10675,0.19437500000000002,0.3137,6,0,16,Europe,Cold_Without_dry_season_Warm_Summer
climate_zone_within_continent,human,spd_events_minus_spd,as_coded,22,22,-0.0492,0.08854999999999999,0.14984999999999998,0.15377272727272728,0.22712499999999997,0.3114,1,0,21,Europe,Cold_Without_dry_season_Warm_Summer
climate_zone_within_continent,human,spd_events_minus_spd,observed_events_only,22,22,-0.0492,0.08854999999999999,0.14984999999999998,0.15377272727272728,0.22712499999999997,0.3114,1,0,21,Europe,Cold_Without_dry_season_Warm_Summer
climate_zone_within_continent,signed_balance,events_minus_spd,as_coded,22,22,-0.4367329145642399,0.12312217200865551,0.3528478883117372,0.36246156585271944,0.6941017951264323,0.9343949044585987,4,0,18,Europe,Cold_Without_dry_season_Warm_Summer
climate_zone_within_continent,signed_balance,events_minus_spd,observed_events_only,22,22,-0.4367329145642399,0.12312217200865551,0.3528478883117372,0.36246156585271944,0.6941017951264323,0.9343949044585987,4,0,18,Europe,Cold_Without_dry_season_Warm_Summer
climate_zone_within_continent,signed_balance,spd_events_minus_spd,as_coded,22,22,-0.18608515141647675,0.19781825284536603,0.4524449745867257,0.4244395333629305,0.6478229504422515,0.9613534298042209,3,0,19,Europe,Cold_Without_dry_season_Warm_Summer
climate_zone_within_continent,signed_balance,spd_events_minus_spd,observed_events_only,22,22,-0.18608515141647675,0.19781825284536603,0.4524449745867257,0.4244395333629305,0.6478229504422515,0.9613534298042209,3,0,19,Europe,Cold_Without_dry_season_Warm_Summer
climate_zone_within_continent,signed_difference,events_minus_spd,as_coded,22,22,-0.15460000000000002,0.042349999999999985,0.13390000000000002,0.1253181818181818,0.221425,0.38969999999999994,5,0,17,Europe,Cold_Without_dry_season_Warm_Summer
climate_zone_within_continent,signed_difference,events_minus_spd,observed_events_only,22,22,-0.15460000000000002,0.042349999999999985,0.13390000000000002,0.1253181818181818,0.221425,0.38969999999999994,5,0,17,Europe,Cold_Without_dry_season_Warm_Summer
climate_zone_within_continent,signed_difference,spd_events_minus_spd,as_coded,22,22,-8.999999999999841e-4,0.07809999999999999,0.1567,0.17210454545454545,0.23575000000000002,0.40259999999999996,1,0,21,Europe,Cold_Without_dry_season_Warm_Summer
climate_zone_within_continent,signed_difference,spd_events_minus_spd,observed_events_only,22,22,-8.999999999999841e-4,0.07809999999999999,0.1567,0.17210454545454545,0.23575000000000002,0.40259999999999996,1,0,21,Europe,Cold_Without_dry_season_Warm_Summer
climate_zone_within_continent,unique_adjusted_r2_pure_climate,events_minus_spd,as_coded,22,22,-0.14435506376680995,-0.07385043619586554,-0.03136930852923203,-0.013002034267528323,0.029268835207315436,0.232568740828632,13,0,9,Europe,Cold_Without_dry_season_Warm_Summer
climate_zone_within_continent,unique_adjusted_r2_pure_climate,events_minus_spd,observed_events_only,22,22,-0.14435506376680995,-0.07385043619586554,-0.03136930852923203,-0.013002034267528323,0.029268835207315436,0.232568740828632,13,0,9,Europe,Cold_Without_dry_season_Warm_Summer
climate_zone_within_continent,unique_adjusted_r2_pure_climate,spd_events_minus_spd,as_coded,22,22,-0.15924947670409528,-0.054307064514689196,-0.01653100119430062,-0.012136142303659815,0.031877439644167366,0.1625196273851831,12,0,10,Europe,Cold_Without_dry_season_Warm_Summer
climate_zone_within_continent,unique_adjusted_r2_pure_climate,spd_events_minus_spd,observed_events_only,22,22,-0.15924947670409528,-0.054307064514689196,-0.01653100119430062,-0.012136142303659815,0.031877439644167366,0.1625196273851831,12,0,10,Europe,Cold_Without_dry_season_Warm_Summer
climate_zone_within_continent,unique_adjusted_r2_pure_human,events_minus_spd,as_coded,22,22,-0.23090342680790465,-0.03278857341281083,0.03356962485469406,0.04064864355110876,0.09177601834930099,0.3332867212773598,9,0,13,Europe,Cold_Without_dry_season_Warm_Summer
climate_zone_within_continent,unique_adjusted_r2_pure_human,events_minus_spd,observed_events_only,22,22,-0.23090342680790465,-0.03278857341281083,0.03356962485469406,0.04064864355110876,0.09177601834930099,0.3332867212773598,9,0,13,Europe,Cold_Without_dry_season_Warm_Summer
climate_zone_within_continent,unique_adjusted_r2_pure_human,spd_events_minus_spd,as_coded,22,22,-0.11958219868407616,0.03500831802548057,0.08142499615588034,0.08087961256810067,0.13569798286650395,0.27669153851396733,5,0,17,Europe,Cold_Without_dry_season_Warm_Summer
climate_zone_within_continent,unique_adjusted_r2_pure_human,spd_events_minus_spd,observed_events_only,22,22,-0.11958219868407616,0.03500831802548057,0.08142499615588034,0.08087961256810067,0.13569798286650395,0.27669153851396733,5,0,17,Europe,Cold_Without_dry_season_Warm_Summer
climate_zone_within_continent,zero_balance,events_minus_spd,as_coded,22,20,-0.4784560534950517,0.07028705666485932,0.8067025553495585,0.6298342131198773,1.027049880744254,1.6910129245566576,3,1,16,Europe,Cold_Without_dry_season_Warm_Summer
climate_zone_within_continent,zero_balance,events_minus_spd,observed_events_only,22,20,-0.4784560534950517,0.07028705666485932,0.8067025553495585,0.6298342131198773,1.027049880744254,1.6910129245566576,3,1,16,Europe,Cold_Without_dry_season_Warm_Summer
climate_zone_within_continent,zero_balance,spd_events_minus_spd,as_coded,22,21,-0.2450792316881949,0.02747493896512243,0.7744852286944073,0.6558308572474854,1.0309278350515465,1.769661266568483,3,2,16,Europe,Cold_Without_dry_season_Warm_Summer
climate_zone_within_continent,zero_balance,spd_events_minus_spd,observed_events_only,22,21,-0.2450792316881949,0.02747493896512243,0.7744852286944073,0.6558308572474854,1.0309278350515465,1.769661266568483,3,2,16,Europe,Cold_Without_dry_season_Warm_Summer
climate_zone_within_continent,climate,events_minus_spd,as_coded,3,3,-0.0637,-0.05315,-0.0426,-0.04276666666666667,-0.0323,-0.022000000000000006,3,0,0,Europe,Polar
climate_zone_within_continent,climate,events_minus_spd,observed_events_only,3,3,-0.0637,-0.05315,-0.0426,-0.04276666666666667,-0.0323,-0.022000000000000006,3,0,0,Europe,Polar
climate_zone_within_continent,climate,spd_events_minus_spd,as_coded,3,3,-0.07740000000000001,-0.053950000000000005,-0.030500000000000003,-0.03763333333333334,-0.017750000000000002,-0.0050000000000000044,3,0,0,Europe,Polar
climate_zone_within_continent,climate,spd_events_minus_spd,observed_events_only,3,3,-0.07740000000000001,-0.053950000000000005,-0.030500000000000003,-0.03763333333333334,-0.017750000000000002,-0.0050000000000000044,3,0,0,Europe,Polar
climate_zone_within_continent,human,events_minus_spd,as_coded,3,3,-0.054,-0.019399999999999997,0.015200000000000005,0.06746666666666667,0.1282,0.24120000000000003,1,0,2,Europe,Polar
climate_zone_within_continent,human,events_minus_spd,observed_events_only,3,3,-0.054,-0.019399999999999997,0.015200000000000005,0.06746666666666667,0.1282,0.24120000000000003,1,0,2,Europe,Polar
climate_zone_within_continent,human,spd_events_minus_spd,as_coded,3,3,-0.0324,0.038,0.1084,0.11476666666666666,0.18835,0.2683,1,0,2,Europe,Polar
climate_zone_within_continent,human,spd_events_minus_spd,observed_events_only,3,3,-0.0324,0.038,0.1084,0.11476666666666666,0.18835,0.2683,1,0,2,Europe,Polar
climate_zone_within_continent,signed_balance,events_minus_spd,as_coded,3,3,-0.028357795624480764,0.055483911879263714,0.1393256193830082,0.2334778587585835,0.3643956859501156,0.5894657525172231,1,0,2,Europe,Polar
climate_zone_within_continent,signed_balance,events_minus_spd,observed_events_only,3,3,-0.028357795624480764,0.055483911879263714,0.1393256193830082,0.2334778587585835,0.3643956859501156,0.5894657525172231,1,0,2,Europe,Polar
climate_zone_within_continent,signed_balance,spd_events_minus_spd,as_coded,3,3,0.16687616895631785,0.282023161821198,0.39717015468607825,0.4218213220492633,0.5492938985957361,0.7014176425053938,0,0,3,Europe,Polar
climate_zone_within_continent,signed_balance,spd_events_minus_spd,observed_events_only,3,3,0.16687616895631785,0.282023161821198,0.39717015468607825,0.4218213220492633,0.5492938985957361,0.7014176425053938,0,0,3,Europe,Polar
climate_zone_within_continent,signed_difference,events_minus_spd,as_coded,3,3,-0.031999999999999994,0.02345000000000001,0.07890000000000001,0.11023333333333335,0.18135000000000004,0.28380000000000005,1,0,2,Europe,Polar
climate_zone_within_continent,signed_difference,events_minus_spd,observed_events_only,3,3,-0.031999999999999994,0.02345000000000001,0.07890000000000001,0.11023333333333335,0.18135000000000004,0.28380000000000005,1,0,2,Europe,Polar
climate_zone_within_continent,signed_difference,spd_events_minus_spd,as_coded,3,3,-0.001899999999999992,0.05575000000000001,0.1134,0.1524,0.22955,0.3457,1,0,2,Europe,Polar
climate_zone_within_continent,signed_difference,spd_events_minus_spd,observed_events_only,3,3,-0.001899999999999992,0.05575000000000001,0.1134,0.1524,0.22955,0.3457,1,0,2,Europe,Polar
climate_zone_within_continent,unique_adjusted_r2_pure_climate,events_minus_spd,as_coded,3,3,-0.09409132459298508,-0.07731213193858782,-0.06053293928419057,-0.0661527082823264,-0.05218340012699707,-0.04383386096980357,3,0,0,Europe,Polar
climate_zone_within_continent,unique_adjusted_r2_pure_climate,events_minus_spd,observed_events_only,3,3,-0.09409132459298508,-0.07731213193858782,-0.06053293928419057,-0.0661527082823264,-0.05218340012699707,-0.04383386096980357,3,0,0,Europe,Polar
climate_zone_within_continent,unique_adjusted_r2_pure_climate,spd_events_minus_spd,as_coded,3,3,-0.11524763039973684,-0.07484476253444466,-0.034441894669152484,-0.018270824540111492,0.030217578389701183,0.09487705144855485,2,0,1,Europe,Polar
climate_zone_within_continent,unique_adjusted_r2_pure_climate,spd_events_minus_spd,observed_events_only,3,3,-0.11524763039973684,-0.07484476253444466,-0.034441894669152484,-0.018270824540111492,0.030217578389701183,0.09487705144855485,2,0,1,Europe,Polar
climate_zone_within_continent,unique_adjusted_r2_pure_human,events_minus_spd,as_coded,3,3,-0.0881225998859777,-0.050319007005957206,-0.012515414125936708,6.511017725522687e-5,0.04415896520887169,0.10083334454368009,2,0,1,Europe,Polar
climate_zone_within_continent,unique_adjusted_r2_pure_human,events_minus_spd,observed_events_only,3,3,-0.0881225998859777,-0.050319007005957206,-0.012515414125936708,6.511017725522687e-5,0.04415896520887169,0.10083334454368009,2,0,1,Europe,Polar
climate_zone_within_continent,unique_adjusted_r2_pure_human,spd_events_minus_spd,as_coded,3,3,-0.08733917259192558,0.007922531882243788,0.10318423635641316,0.05891297483863508,0.1320390485539154,0.16089386075141765,1,0,2,Europe,Polar
climate_zone_within_continent,unique_adjusted_r2_pure_human,spd_events_minus_spd,observed_events_only,3,3,-0.08733917259192558,0.007922531882243788,0.10318423635641316,0.05891297483863508,0.1320390485539154,0.16089386075141765,1,0,2,Europe,Polar
climate_zone_within_continent,zero_balance,events_minus_spd,as_coded,3,3,0.07050765511684143,0.3170575244497608,0.5636073937826802,0.6108755551748188,0.8810595052038075,1.1985116166249348,0,0,3,Europe,Polar
climate_zone_within_continent,zero_balance,events_minus_spd,observed_events_only,3,3,0.07050765511684143,0.3170575244497608,0.5636073937826802,0.6108755551748188,0.8810595052038075,1.1985116166249348,0,0,3,Europe,Polar
climate_zone_within_continent,zero_balance,spd_events_minus_spd,as_coded,3,3,0.48249326988397395,0.49138641688216034,0.5002795638803468,0.78413880743473,0.934961576210108,1.3696435885398692,0,0,3,Europe,Polar
climate_zone_within_continent,zero_balance,spd_events_minus_spd,observed_events_only,3,3,0.48249326988397395,0.49138641688216034,0.5002795638803468,0.78413880743473,0.934961576210108,1.3696435885398692,0,0,3,Europe,Polar
climate_zone_within_continent,climate,events_minus_spd,as_coded,1,1,0.0813,0.0813,0.0813,0.0813,0.0813,0.0813,0,0,1,Europe,Temperate_Dry_Summer
climate_zone_within_continent,climate,events_minus_spd,observed_events_only,1,1,0.0813,0.0813,0.0813,0.0813,0.0813,0.0813,0,0,1,Europe,Temperate_Dry_Summer
climate_zone_within_continent,climate,spd_events_minus_spd,as_coded,1,1,0.06129999999999999,0.06129999999999999,0.06129999999999999,0.06129999999999999,0.06129999999999999,0.06129999999999999,0,0,1,Europe,Temperate_Dry_Summer
climate_zone_within_continent,climate,spd_events_minus_spd,observed_events_only,1,1,0.06129999999999999,0.06129999999999999,0.06129999999999999,0.06129999999999999,0.06129999999999999,0.06129999999999999,0,0,1,Europe,Temperate_Dry_Summer
climate_zone_within_continent,human,events_minus_spd,as_coded,1,1,0.1671,0.1671,0.1671,0.1671,0.1671,0.1671,0,0,1,Europe,Temperate_Dry_Summer
climate_zone_within_continent,human,events_minus_spd,observed_events_only,1,1,0.1671,0.1671,0.1671,0.1671,0.1671,0.1671,0,0,1,Europe,Temperate_Dry_Summer
climate_zone_within_continent,human,spd_events_minus_spd,as_coded,1,1,0.1787,0.1787,0.1787,0.1787,0.1787,0.1787,0,0,1,Europe,Temperate_Dry_Summer
climate_zone_within_continent,human,spd_events_minus_spd,observed_events_only,1,1,0.1787,0.1787,0.1787,0.1787,0.1787,0.1787,0,0,1,Europe,Temperate_Dry_Summer
climate_zone_within_continent,signed_balance,events_minus_spd,as_coded,1,1,3.304227812718379,3.304227812718379,3.304227812718379,3.304227812718379,3.304227812718379,3.304227812718379,0,0,1,Europe,Temperate_Dry_Summer
climate_zone_within_continent,signed_balance,events_minus_spd,observed_events_only,1,1,3.304227812718379,3.304227812718379,3.304227812718379,3.304227812718379,3.304227812718379,3.304227812718379,0,0,1,Europe,Temperate_Dry_Summer
climate_zone_within_continent,signed_balance,spd_events_minus_spd,as_coded,1,1,3.434322872490811,3.434322872490811,3.434322872490811,3.434322872490811,3.434322872490811,3.434322872490811,0,0,1,Europe,Temperate_Dry_Summer
climate_zone_within_continent,signed_balance,spd_events_minus_spd,observed_events_only,1,1,3.434322872490811,3.434322872490811,3.434322872490811,3.434322872490811,3.434322872490811,3.434322872490811,0,0,1,Europe,Temperate_Dry_Summer
climate_zone_within_continent,signed_difference,events_minus_spd,as_coded,1,1,0.08580000000000002,0.08580000000000002,0.08580000000000002,0.08580000000000002,0.08580000000000002,0.08580000000000002,0,0,1,Europe,Temperate_Dry_Summer
climate_zone_within_continent,signed_difference,events_minus_spd,observed_events_only,1,1,0.08580000000000002,0.08580000000000002,0.08580000000000002,0.08580000000000002,0.08580000000000002,0.08580000000000002,0,0,1,Europe,Temperate_Dry_Summer
climate_zone_within_continent,signed_difference,spd_events_minus_spd,as_coded,1,1,0.1174,0.1174,0.1174,0.1174,0.1174,0.1174,0,0,1,Europe,Temperate_Dry_Summer
climate_zone_within_continent,signed_difference,spd_events_minus_spd,observed_events_only,1,1,0.1174,0.1174,0.1174,0.1174,0.1174,0.1174,0,0,1,Europe,Temperate_Dry_Summer
climate_zone_within_continent,unique_adjusted_r2_pure_climate,events_minus_spd,as_coded,1,1,0.18354963234301536,0.18354963234301536,0.18354963234301536,0.18354963234301536,0.18354963234301536,0.18354963234301536,0,0,1,Europe,Temperate_Dry_Summer
climate_zone_within_continent,unique_adjusted_r2_pure_climate,events_minus_spd,observed_events_only,1,1,0.18354963234301536,0.18354963234301536,0.18354963234301536,0.18354963234301536,0.18354963234301536,0.18354963234301536,0,0,1,Europe,Temperate_Dry_Summer
climate_zone_within_continent,unique_adjusted_r2_pure_climate,spd_events_minus_spd,as_coded,1,1,0.13242921617170533,0.13242921617170533,0.13242921617170533,0.13242921617170533,0.13242921617170533,0.13242921617170533,0,0,1,Europe,Temperate_Dry_Summer
climate_zone_within_continent,unique_adjusted_r2_pure_climate,spd_events_minus_spd,observed_events_only,1,1,0.13242921617170533,0.13242921617170533,0.13242921617170533,0.13242921617170533,0.13242921617170533,0.13242921617170533,0,0,1,Europe,Temperate_Dry_Summer
climate_zone_within_continent,unique_adjusted_r2_pure_human,events_minus_spd,as_coded,1,1,0.3195121223203189,0.3195121223203189,0.3195121223203189,0.3195121223203189,0.3195121223203189,0.3195121223203189,0,0,1,Europe,Temperate_Dry_Summer
climate_zone_within_continent,unique_adjusted_r2_pure_human,events_minus_spd,observed_events_only,1,1,0.3195121223203189,0.3195121223203189,0.3195121223203189,0.3195121223203189,0.3195121223203189,0.3195121223203189,0,0,1,Europe,Temperate_Dry_Summer
climate_zone_within_continent,unique_adjusted_r2_pure_human,spd_events_minus_spd,as_coded,1,1,0.31611121985215784,0.31611121985215784,0.31611121985215784,0.31611121985215784,0.31611121985215784,0.31611121985215784,0,0,1,Europe,Temperate_Dry_Summer
climate_zone_within_continent,unique_adjusted_r2_pure_human,spd_events_minus_spd,observed_events_only,1,1,0.31611121985215784,0.31611121985215784,0.31611121985215784,0.31611121985215784,0.31611121985215784,0.31611121985215784,0,0,1,Europe,Temperate_Dry_Summer
climate_zone_within_continent,zero_balance,events_minus_spd,as_coded,1,1,-0.0857975843398584,-0.0857975843398584,-0.0857975843398584,-0.0857975843398584,-0.0857975843398584,-0.0857975843398584,1,0,0,Europe,Temperate_Dry_Summer
climate_zone_within_continent,zero_balance,events_minus_spd,observed_events_only,1,1,-0.0857975843398584,-0.0857975843398584,-0.0857975843398584,-0.0857975843398584,-0.0857975843398584,-0.0857975843398584,1,0,0,Europe,Temperate_Dry_Summer
climate_zone_within_continent,zero_balance,spd_events_minus_spd,as_coded,1,1,0,0,0,0,0,0,0,1,0,Europe,Temperate_Dry_Summer
climate_zone_within_continent,zero_balance,spd_events_minus_spd,observed_events_only,1,1,0,0,0,0,0,0,0,1,0,Europe,Temperate_Dry_Summer
climate_zone_within_continent,climate,events_minus_spd,as_coded,13,13,-0.0781,-0.035,-0.002599999999999991,-0.003684615384615382,0.018199999999999994,0.08100000000000002,8,0,5,Europe,Temperate_Without_dry_season
climate_zone_within_continent,climate,events_minus_spd,observed_events_only,13,13,-0.0781,-0.035,-0.002599999999999991,-0.003684615384615382,0.018199999999999994,0.08100000000000002,8,0,5,Europe,Temperate_Without_dry_season
climate_zone_within_continent,climate,spd_events_minus_spd,as_coded,13,13,-0.08600000000000001,-0.038099999999999995,-0.0204,-0.022930769230769234,-0.003500000000000003,0.07050000000000001,11,0,2,Europe,Temperate_Without_dry_season
climate_zone_within_continent,climate,spd_events_minus_spd,observed_events_only,13,13,-0.08600000000000001,-0.038099999999999995,-0.0204,-0.022930769230769234,-0.003500000000000003,0.07050000000000001,11,0,2,Europe,Temperate_Without_dry_season
climate_zone_within_continent,human,events_minus_spd,as_coded,13,13,-0.14479999999999998,-0.049199999999999994,0.039999999999999994,0.015023076923076922,0.08249999999999999,0.1814,5,0,8,Europe,Temperate_Without_dry_season
climate_zone_within_continent,human,events_minus_spd,observed_events_only,13,13,-0.14479999999999998,-0.049199999999999994,0.039999999999999994,0.015023076923076922,0.08249999999999999,0.1814,5,0,8,Europe,Temperate_Without_dry_season
climate_zone_within_continent,human,spd_events_minus_spd,as_coded,13,13,-0.0368,0.04600000000000001,0.06870000000000001,0.0832,0.11540000000000002,0.23770000000000002,2,0,11,Europe,Temperate_Without_dry_season
climate_zone_within_continent,human,spd_events_minus_spd,observed_events_only,13,13,-0.0368,0.04600000000000001,0.06870000000000001,0.0832,0.11540000000000002,0.23770000000000002,2,0,11,Europe,Temperate_Without_dry_season
climate_zone_within_continent,signed_balance,events_minus_spd,as_coded,13,13,-0.5310046381771515,-0.13626742014271348,0.07471231115396973,0.01301909545458249,0.14342307518423075,0.37380281690140843,5,0,8,Europe,Temperate_Without_dry_season
climate_zone_within_continent,signed_balance,events_minus_spd,observed_events_only,13,13,-0.5310046381771515,-0.13626742014271348,0.07471231115396973,0.01301909545458249,0.14342307518423075,0.37380281690140843,5,0,8,Europe,Temperate_Without_dry_season
climate_zone_within_continent,signed_balance,spd_events_minus_spd,as_coded,13,13,0.002529196323681815,0.17665869835243384,0.2570272849273302,4.039105968310793,0.34182725885304843,49.696815286624215,0,0,13,Europe,Temperate_Without_dry_season
climate_zone_within_continent,signed_balance,spd_events_minus_spd,observed_events_only,13,13,0.002529196323681815,0.17665869835243384,0.2570272849273302,4.039105968310793,0.34182725885304843,49.696815286624215,0,0,13,Europe,Temperate_Without_dry_season
climate_zone_within_continent,signed_difference,events_minus_spd,as_coded,13,13,-0.22580000000000003,-0.02260000000000001,0.01609999999999999,0.018707692307692297,0.0528,0.2233,5,0,8,Europe,Temperate_Without_dry_season
climate_zone_within_continent,signed_difference,events_minus_spd,observed_events_only,13,13,-0.22580000000000003,-0.02260000000000001,0.01609999999999999,0.018707692307692297,0.0528,0.2233,5,0,8,Europe,Temperate_Without_dry_season
climate_zone_within_continent,signed_difference,spd_events_minus_spd,as_coded,13,13,-1.3877787807814457e-17,0.0547,0.0944,0.10613076923076924,0.16720000000000002,0.1972,1,0,12,Europe,Temperate_Without_dry_season
climate_zone_within_continent,signed_difference,spd_events_minus_spd,observed_events_only,13,13,-1.3877787807814457e-17,0.0547,0.0944,0.10613076923076924,0.16720000000000002,0.1972,1,0,12,Europe,Temperate_Without_dry_season
climate_zone_within_continent,unique_adjusted_r2_pure_climate,events_minus_spd,as_coded,13,13,-0.18896634232286935,-0.07322816124858444,0.013498276240937024,0.014705900173818077,0.11052408319331608,0.19075009930445652,6,0,7,Europe,Temperate_Without_dry_season
climate_zone_within_continent,unique_adjusted_r2_pure_climate,events_minus_spd,observed_events_only,13,13,-0.18896634232286935,-0.07322816124858444,0.013498276240937024,0.014705900173818077,0.11052408319331608,0.19075009930445652,6,0,7,Europe,Temperate_Without_dry_season
climate_zone_within_continent,unique_adjusted_r2_pure_climate,spd_events_minus_spd,as_coded,13,13,-0.17571176225228768,-0.058331879745566195,-0.03656120096256055,-0.036526464257951724,-0.02018047591079175,0.168940319732242,10,0,3,Europe,Temperate_Without_dry_season
climate_zone_within_continent,unique_adjusted_r2_pure_climate,spd_events_minus_spd,observed_events_only,13,13,-0.17571176225228768,-0.058331879745566195,-0.03656120096256055,-0.036526464257951724,-0.02018047591079175,0.168940319732242,10,0,3,Europe,Temperate_Without_dry_season
climate_zone_within_continent,unique_adjusted_r2_pure_human,events_minus_spd,as_coded,13,13,-0.17919972158012276,-0.0415866688511034,0.023655812478663107,0.007988382528000134,0.05851244481881679,0.21520638996544994,6,0,7,Europe,Temperate_Without_dry_season
climate_zone_within_continent,unique_adjusted_r2_pure_human,events_minus_spd,observed_events_only,13,13,-0.17919972158012276,-0.0415866688511034,0.023655812478663107,0.007988382528000134,0.05851244481881679,0.21520638996544994,6,0,7,Europe,Temperate_Without_dry_season
climate_zone_within_continent,unique_adjusted_r2_pure_human,spd_events_minus_spd,as_coded,13,13,-0.1561759258113704,-0.00583518340447986,0.0027003404791252628,0.03674996753003853,0.04074592813527489,0.33722720650887206,5,0,8,Europe,Temperate_Without_dry_season
climate_zone_within_continent,unique_adjusted_r2_pure_human,spd_events_minus_spd,observed_events_only,13,13,-0.1561759258113704,-0.00583518340447986,0.0027003404791252628,0.03674996753003853,0.04074592813527489,0.33722720650887206,5,0,8,Europe,Temperate_Without_dry_season
climate_zone_within_continent,zero_balance,events_minus_spd,as_coded,13,12,-0.8778551678762183,-0.28773460765739667,0.15132537009360914,0.0792121455289717,0.5565522097958536,0.713818105046629,4,0,8,Europe,Temperate_Without_dry_season
climate_zone_within_continent,zero_balance,events_minus_spd,observed_events_only,13,12,-0.8778551678762183,-0.28773460765739667,0.15132537009360914,0.0792121455289717,0.5565522097958536,0.713818105046629,4,0,8,Europe,Temperate_Without_dry_season
climate_zone_within_continent,zero_balance,spd_events_minus_spd,as_coded,13,12,-0.0027171581198680572,0.2194892808468232,0.3504214924278528,0.4260199270937768,0.6434707770662629,0.9249885843722303,1,0,11,Europe,Temperate_Without_dry_season
climate_zone_within_continent,zero_balance,spd_events_minus_spd,observed_events_only,13,12,-0.0027171581198680572,0.2194892808468232,0.3504214924278528,0.4260199270937768,0.6434707770662629,0.9249885843722303,1,0,11,Europe,Temperate_Without_dry_season
climate_zone_within_continent,climate,events_minus_spd,as_coded,1,1,-0.0806,-0.0806,-0.0806,-0.0806,-0.0806,-0.0806,1,0,0,Latin America,Cold_Dry_Summer
climate_zone_within_continent,climate,events_minus_spd,observed_events_only,1,1,-0.0806,-0.0806,-0.0806,-0.0806,-0.0806,-0.0806,1,0,0,Latin America,Cold_Dry_Summer
climate_zone_within_continent,climate,spd_events_minus_spd,as_coded,1,1,-0.058300000000000005,-0.058300000000000005,-0.058300000000000005,-0.058300000000000005,-0.058300000000000005,-0.058300000000000005,1,0,0,Latin America,Cold_Dry_Summer
climate_zone_within_continent,climate,spd_events_minus_spd,observed_events_only,1,1,-0.058300000000000005,-0.058300000000000005,-0.058300000000000005,-0.058300000000000005,-0.058300000000000005,-0.058300000000000005,1,0,0,Latin America,Cold_Dry_Summer
climate_zone_within_continent,human,events_minus_spd,as_coded,1,1,0.1322,0.1322,0.1322,0.1322,0.1322,0.1322,0,0,1,Latin America,Cold_Dry_Summer
climate_zone_within_continent,human,events_minus_spd,observed_events_only,1,1,0.1322,0.1322,0.1322,0.1322,0.1322,0.1322,0,0,1,Latin America,Cold_Dry_Summer
climate_zone_within_continent,human,spd_events_minus_spd,as_coded,1,1,0.15100000000000002,0.15100000000000002,0.15100000000000002,0.15100000000000002,0.15100000000000002,0.15100000000000002,0,0,1,Latin America,Cold_Dry_Summer
climate_zone_within_continent,human,spd_events_minus_spd,observed_events_only,1,1,0.15100000000000002,0.15100000000000002,0.15100000000000002,0.15100000000000002,0.15100000000000002,0.15100000000000002,0,0,1,Latin America,Cold_Dry_Summer
climate_zone_within_continent,signed_balance,events_minus_spd,as_coded,1,1,0.9896978917626604,0.9896978917626604,0.9896978917626604,0.9896978917626604,0.9896978917626604,0.9896978917626604,0,0,1,Latin America,Cold_Dry_Summer
climate_zone_within_continent,signed_balance,events_minus_spd,observed_events_only,1,1,0.9896978917626604,0.9896978917626604,0.9896978917626604,0.9896978917626604,0.9896978917626604,0.9896978917626604,0,0,1,Latin America,Cold_Dry_Summer
climate_zone_within_continent,signed_balance,spd_events_minus_spd,as_coded,1,1,0.74127448697908,0.74127448697908,0.74127448697908,0.74127448697908,0.74127448697908,0.74127448697908,0,0,1,Latin America,Cold_Dry_Summer
climate_zone_within_continent,signed_balance,spd_events_minus_spd,observed_events_only,1,1,0.74127448697908,0.74127448697908,0.74127448697908,0.74127448697908,0.74127448697908,0.74127448697908,0,0,1,Latin America,Cold_Dry_Summer
climate_zone_within_continent,signed_difference,events_minus_spd,as_coded,1,1,0.2128,0.2128,0.2128,0.2128,0.2128,0.2128,0,0,1,Latin America,Cold_Dry_Summer
climate_zone_within_continent,signed_difference,events_minus_spd,observed_events_only,1,1,0.2128,0.2128,0.2128,0.2128,0.2128,0.2128,0,0,1,Latin America,Cold_Dry_Summer
climate_zone_within_continent,signed_difference,spd_events_minus_spd,as_coded,1,1,0.2093,0.2093,0.2093,0.2093,0.2093,0.2093,0,0,1,Latin America,Cold_Dry_Summer
climate_zone_within_continent,signed_difference,spd_events_minus_spd,observed_events_only,1,1,0.2093,0.2093,0.2093,0.2093,0.2093,0.2093,0,0,1,Latin America,Cold_Dry_Summer
climate_zone_within_continent,unique_adjusted_r2_pure_climate,events_minus_spd,as_coded,1,1,-0.1094594544255606,-0.1094594544255606,-0.1094594544255606,-0.1094594544255606,-0.1094594544255606,-0.1094594544255606,1,0,0,Latin America,Cold_Dry_Summer
climate_zone_within_continent,unique_adjusted_r2_pure_climate,events_minus_spd,observed_events_only,1,1,-0.1094594544255606,-0.1094594544255606,-0.1094594544255606,-0.1094594544255606,-0.1094594544255606,-0.1094594544255606,1,0,0,Latin America,Cold_Dry_Summer
climate_zone_within_continent,unique_adjusted_r2_pure_climate,spd_events_minus_spd,as_coded,1,1,-0.044242230733124166,-0.044242230733124166,-0.044242230733124166,-0.044242230733124166,-0.044242230733124166,-0.044242230733124166,1,0,0,Latin America,Cold_Dry_Summer
climate_zone_within_continent,unique_adjusted_r2_pure_climate,spd_events_minus_spd,observed_events_only,1,1,-0.044242230733124166,-0.044242230733124166,-0.044242230733124166,-0.044242230733124166,-0.044242230733124166,-0.044242230733124166,1,0,0,Latin America,Cold_Dry_Summer
climate_zone_within_continent,unique_adjusted_r2_pure_human,events_minus_spd,as_coded,1,1,0.0010170563835824042,0.0010170563835824042,0.0010170563835824042,0.0010170563835824042,0.0010170563835824042,0.0010170563835824042,0,0,1,Latin America,Cold_Dry_Summer
climate_zone_within_continent,unique_adjusted_r2_pure_human,events_minus_spd,observed_events_only,1,1,0.0010170563835824042,0.0010170563835824042,0.0010170563835824042,0.0010170563835824042,0.0010170563835824042,0.0010170563835824042,0,0,1,Latin America,Cold_Dry_Summer
climate_zone_within_continent,unique_adjusted_r2_pure_human,spd_events_minus_spd,as_coded,1,1,0.06733273916599902,0.06733273916599902,0.06733273916599902,0.06733273916599902,0.06733273916599902,0.06733273916599902,0,0,1,Latin America,Cold_Dry_Summer
climate_zone_within_continent,unique_adjusted_r2_pure_human,spd_events_minus_spd,observed_events_only,1,1,0.06733273916599902,0.06733273916599902,0.06733273916599902,0.06733273916599902,0.06733273916599902,0.06733273916599902,0,0,1,Latin America,Cold_Dry_Summer
climate_zone_within_continent,zero_balance,events_minus_spd,as_coded,1,1,0.9310344827586208,0.9310344827586208,0.9310344827586208,0.9310344827586208,0.9310344827586208,0.9310344827586208,0,0,1,Latin America,Cold_Dry_Summer
climate_zone_within_continent,zero_balance,events_minus_spd,observed_events_only,1,1,0.9310344827586208,0.9310344827586208,0.9310344827586208,0.9310344827586208,0.9310344827586208,0.9310344827586208,0,0,1,Latin America,Cold_Dry_Summer
climate_zone_within_continent,zero_balance,spd_events_minus_spd,as_coded,1,1,0.9310344827586208,0.9310344827586208,0.9310344827586208,0.9310344827586208,0.9310344827586208,0.9310344827586208,0,0,1,Latin America,Cold_Dry_Summer
climate_zone_within_continent,zero_balance,spd_events_minus_spd,observed_events_only,1,1,0.9310344827586208,0.9310344827586208,0.9310344827586208,0.9310344827586208,0.9310344827586208,0.9310344827586208,0,0,1,Latin America,Cold_Dry_Summer
climate_zone_within_continent,climate,events_minus_spd,as_coded,7,7,-0.021900000000000003,0.008249999999999993,0.0441,0.03374285714285714,0.06184999999999998,0.0738,1,0,6,Latin America,Polar
climate_zone_within_continent,climate,events_minus_spd,observed_events_only,7,7,-0.021900000000000003,0.008249999999999993,0.0441,0.03374285714285714,0.06184999999999998,0.0738,1,0,6,Latin America,Polar
climate_zone_within_continent,climate,spd_events_minus_spd,as_coded,7,7,0.005099999999999993,0.006200000000000011,0.015200000000000019,0.021642857142857148,0.03534999999999999,0.048100000000000004,0,0,7,Latin America,Polar
climate_zone_within_continent,climate,spd_events_minus_spd,observed_events_only,7,7,0.005099999999999993,0.006200000000000011,0.015200000000000019,0.021642857142857148,0.03534999999999999,0.048100000000000004,0,0,7,Latin America,Polar
climate_zone_within_continent,human,events_minus_spd,as_coded,7,7,-0.0633,-0.03815,0.0075,0.04574285714285715,0.10045000000000001,0.2514,3,0,4,Latin America,Polar
climate_zone_within_continent,human,events_minus_spd,observed_events_only,7,7,-0.0633,-0.03815,0.0075,0.04574285714285715,0.10045000000000001,0.2514,3,0,4,Latin America,Polar
climate_zone_within_continent,human,spd_events_minus_spd,as_coded,7,7,-0.0586,-0.034300000000000004,0.017799999999999996,0.05007142857142857,0.11140000000000001,0.23709999999999998,3,0,4,Latin America,Polar
climate_zone_within_continent,human,spd_events_minus_spd,observed_events_only,7,7,-0.0586,-0.034300000000000004,0.017799999999999996,0.05007142857142857,0.11140000000000001,0.23709999999999998,3,0,4,Latin America,Polar
climate_zone_within_continent,signed_balance,events_minus_spd,as_coded,7,7,-0.21889320442606452,-0.18235869555353532,0.07871917146952989,0.7678872035683095,0.3609799954499566,5.1581418581418585,3,0,4,Latin America,Polar
climate_zone_within_continent,signed_balance,events_minus_spd,observed_events_only,7,7,-0.21889320442606452,-0.18235869555353532,0.07871917146952989,0.7678872035683095,0.3609799954499566,5.1581418581418585,3,0,4,Latin America,Polar
climate_zone_within_continent,signed_balance,spd_events_minus_spd,as_coded,7,7,-0.33083673073189673,-0.1632334657261822,0.060709708654914096,2.8802596015279276,0.40833697703328853,19.941737210158262,3,0,4,Latin America,Polar
climate_zone_within_continent,signed_balance,spd_events_minus_spd,observed_events_only,7,7,-0.33083673073189673,-0.1632334657261822,0.060709708654914096,2.8802596015279276,0.40833697703328853,19.941737210158262,3,0,4,Latin America,Polar
climate_zone_within_continent,signed_difference,events_minus_spd,as_coded,7,7,-0.11419999999999997,-0.05029999999999998,-0.029599999999999987,0.012000000000000021,0.07540000000000001,0.17760000000000004,4,0,3,Latin America,Polar
climate_zone_within_continent,signed_difference,events_minus_spd,observed_events_only,7,7,-0.11419999999999997,-0.05029999999999998,-0.029599999999999987,0.012000000000000021,0.07540000000000001,0.17760000000000004,4,0,3,Latin America,Polar
climate_zone_within_continent,signed_difference,spd_events_minus_spd,as_coded,7,7,-0.0651,-0.04444999999999999,-0.0015000000000000013,0.028428571428571428,0.08004999999999998,0.19440000000000002,4,0,3,Latin America,Polar
climate_zone_within_continent,signed_difference,spd_events_minus_spd,observed_events_only,7,7,-0.0651,-0.04444999999999999,-0.0015000000000000013,0.028428571428571428,0.08004999999999998,0.19440000000000002,4,0,3,Latin America,Polar
climate_zone_within_continent,unique_adjusted_r2_pure_climate,events_minus_spd,as_coded,7,7,-0.052195508681685765,0.01909443073702627,0.08934353185482524,0.059240688314189084,0.10108915471687474,0.13716962411838207,1,0,6,Latin America,Polar
climate_zone_within_continent,unique_adjusted_r2_pure_climate,events_minus_spd,observed_events_only,7,7,-0.052195508681685765,0.01909443073702627,0.08934353185482524,0.059240688314189084,0.10108915471687474,0.13716962411838207,1,0,6,Latin America,Polar
climate_zone_within_continent,unique_adjusted_r2_pure_climate,spd_events_minus_spd,as_coded,7,7,0.008285129175236827,0.015082946629502492,0.05146532745459942,0.05056459269799331,0.0686531821103129,0.12672943477648613,0,0,7,Latin America,Polar
climate_zone_within_continent,unique_adjusted_r2_pure_climate,spd_events_minus_spd,observed_events_only,7,7,0.008285129175236827,0.015082946629502492,0.05146532745459942,0.05056459269799331,0.0686531821103129,0.12672943477648613,0,0,7,Latin America,Polar
climate_zone_within_continent,unique_adjusted_r2_pure_human,events_minus_spd,as_coded,7,7,-0.026906923400950133,-0.014621839675745152,0.01441344161815139,0.11125615784727065,0.2286458347408999,0.36323859658338387,3,0,4,Latin America,Polar
climate_zone_within_continent,unique_adjusted_r2_pure_human,events_minus_spd,observed_events_only,7,7,-0.026906923400950133,-0.014621839675745152,0.01441344161815139,0.11125615784727065,0.2286458347408999,0.36323859658338387,3,0,4,Latin America,Polar
climate_zone_within_continent,unique_adjusted_r2_pure_human,spd_events_minus_spd,as_coded,7,7,-0.049750989362186915,-0.019490973230086306,0.029880721479698558,0.08742884969372748,0.1830726543173083,0.3047088535641368,2,0,5,Latin America,Polar
climate_zone_within_continent,unique_adjusted_r2_pure_human,spd_events_minus_spd,observed_events_only,7,7,-0.049750989362186915,-0.019490973230086306,0.029880721479698558,0.08742884969372748,0.1830726543173083,0.3047088535641368,2,0,5,Latin America,Polar
climate_zone_within_continent,zero_balance,events_minus_spd,as_coded,7,6,-0.24859550561797739,-0.07486788021139174,0,0.1139724794720568,0.0374765301960564,0.9822855158040986,2,2,2,Latin America,Polar
climate_zone_within_continent,zero_balance,events_minus_spd,observed_events_only,7,6,-0.24859550561797739,-0.07486788021139174,0,0.1139724794720568,0.0374765301960564,0.9822855158040986,2,2,2,Latin America,Polar
climate_zone_within_continent,zero_balance,spd_events_minus_spd,as_coded,7,6,-0.24859550561797739,0,0.045613745519242355,0.19096554999194734,0.18256256991683206,1.0901537183215622,1,2,3,Latin America,Polar
climate_zone_within_continent,zero_balance,spd_events_minus_spd,observed_events_only,7,6,-0.24859550561797739,0,0.045613745519242355,0.19096554999194734,0.18256256991683206,1.0901537183215622,1,2,3,Latin America,Polar
climate_zone_within_continent,climate,events_minus_spd,as_coded,5,5,-0.02140000000000003,-0.013600000000000001,-0.0126,-0.00424000000000001,-0.008400000000000019,0.0348,4,0,1,Latin America,Temperate_Dry_Summer
climate_zone_within_continent,climate,events_minus_spd,observed_events_only,5,5,-0.02140000000000003,-0.013600000000000001,-0.0126,-0.00424000000000001,-0.008400000000000019,0.0348,4,0,1,Latin America,Temperate_Dry_Summer
climate_zone_within_continent,climate,spd_events_minus_spd,as_coded,5,5,-0.023499999999999993,-0.022200000000000004,-0.0204,-0.0032600000000000086,0.012799999999999978,0.03699999999999998,3,0,2,Latin America,Temperate_Dry_Summer
climate_zone_within_continent,climate,spd_events_minus_spd,observed_events_only,5,5,-0.023499999999999993,-0.022200000000000004,-0.0204,-0.0032600000000000086,0.012799999999999978,0.03699999999999998,3,0,2,Latin America,Temperate_Dry_Summer
climate_zone_within_continent,human,events_minus_spd,as_coded,5,5,-0.1509,-0.03,-0.0058,-0.006519999999999998,0.07100000000000001,0.08310000000000001,3,0,2,Latin America,Temperate_Dry_Summer
climate_zone_within_continent,human,events_minus_spd,observed_events_only,5,5,-0.1509,-0.03,-0.0058,-0.006519999999999998,0.07100000000000001,0.08310000000000001,3,0,2,Latin America,Temperate_Dry_Summer
climate_zone_within_continent,human,spd_events_minus_spd,as_coded,5,5,-0.0569,-0.0431,-0.0291,0.0057399999999999994,0.054099999999999995,0.1037,3,0,2,Latin America,Temperate_Dry_Summer
climate_zone_within_continent,human,spd_events_minus_spd,observed_events_only,5,5,-0.0569,-0.0431,-0.0291,0.0057399999999999994,0.054099999999999995,0.1037,3,0,2,Latin America,Temperate_Dry_Summer
climate_zone_within_continent,signed_balance,events_minus_spd,as_coded,5,5,-0.8133191654860127,-0.13634540593096733,-0.0021950505424063183,-0.09939583207015548,0.19173014422100343,0.2631503173876055,3,0,2,Latin America,Temperate_Dry_Summer
climate_zone_within_continent,signed_balance,events_minus_spd,observed_events_only,5,5,-0.8133191654860127,-0.13634540593096733,-0.0021950505424063183,-0.09939583207015548,0.19173014422100343,0.2631503173876055,3,0,2,Latin America,Temperate_Dry_Summer
climate_zone_within_continent,signed_balance,spd_events_minus_spd,as_coded,5,5,-0.15549028610525928,-0.10358011100408236,-0.047333379424778776,0.037115923196937135,0.24108108108108103,0.25090231143772507,3,0,2,Latin America,Temperate_Dry_Summer
climate_zone_within_continent,signed_balance,spd_events_minus_spd,observed_events_only,5,5,-0.15549028610525928,-0.10358011100408236,-0.047333379424778776,0.037115923196937135,0.24108108108108103,0.25090231143772507,3,0,2,Latin America,Temperate_Dry_Summer
climate_zone_within_continent,signed_difference,events_minus_spd,as_coded,5,5,-0.18569999999999998,-0.008599999999999941,0.002599999999999991,-0.002279999999999982,0.08360000000000001,0.09670000000000001,2,0,3,Latin America,Temperate_Dry_Summer
climate_zone_within_continent,signed_difference,events_minus_spd,observed_events_only,5,5,-0.18569999999999998,-0.008599999999999941,0.002599999999999991,-0.002279999999999982,0.08360000000000001,0.09670000000000001,2,0,3,Latin America,Temperate_Dry_Summer
climate_zone_within_continent,signed_difference,spd_events_minus_spd,as_coded,5,5,-0.06609999999999999,-0.05589999999999995,-0.034699999999999995,0.009000000000000008,0.07759999999999999,0.12409999999999999,3,0,2,Latin America,Temperate_Dry_Summer
climate_zone_within_continent,signed_difference,spd_events_minus_spd,observed_events_only,5,5,-0.06609999999999999,-0.05589999999999995,-0.034699999999999995,0.009000000000000008,0.07759999999999999,0.12409999999999999,3,0,2,Latin America,Temperate_Dry_Summer
climate_zone_within_continent,unique_adjusted_r2_pure_climate,events_minus_spd,as_coded,5,5,-0.07428461217201876,-0.06949530770093071,-0.013474139699636178,-0.009158469124789926,0.041278153462176115,0.0701835604864599,3,0,2,Latin America,Temperate_Dry_Summer
climate_zone_within_continent,unique_adjusted_r2_pure_climate,events_minus_spd,observed_events_only,5,5,-0.07428461217201876,-0.06949530770093071,-0.013474139699636178,-0.009158469124789926,0.041278153462176115,0.0701835604864599,3,0,2,Latin America,Temperate_Dry_Summer
climate_zone_within_continent,unique_adjusted_r2_pure_climate,spd_events_minus_spd,as_coded,5,5,-0.07058253320199781,-0.05159215939740913,0.02408488019072541,0.009222984728101924,0.03258499897439171,0.11161973707479944,2,0,3,Latin America,Temperate_Dry_Summer
climate_zone_within_continent,unique_adjusted_r2_pure_climate,spd_events_minus_spd,observed_events_only,5,5,-0.07058253320199781,-0.05159215939740913,0.02408488019072541,0.009222984728101924,0.03258499897439171,0.11161973707479944,2,0,3,Latin America,Temperate_Dry_Summer
climate_zone_within_continent,unique_adjusted_r2_pure_human,events_minus_spd,as_coded,5,5,-0.1246965377449788,-0.07621426416781285,-0.005531671601523014,-0.019478744779128854,0.029303120949356165,0.07974562866931423,3,0,2,Latin America,Temperate_Dry_Summer
climate_zone_within_continent,unique_adjusted_r2_pure_human,events_minus_spd,observed_events_only,5,5,-0.1246965377449788,-0.07621426416781285,-0.005531671601523014,-0.019478744779128854,0.029303120949356165,0.07974562866931423,3,0,2,Latin America,Temperate_Dry_Summer
climate_zone_within_continent,unique_adjusted_r2_pure_human,spd_events_minus_spd,as_coded,5,5,-0.0791468442704577,-0.02491408997729394,0.03725673712576427,0.009010785906100138,0.05247373347626194,0.059384393176226125,2,0,3,Latin America,Temperate_Dry_Summer
climate_zone_within_continent,unique_adjusted_r2_pure_human,spd_events_minus_spd,observed_events_only,5,5,-0.0791468442704577,-0.02491408997729394,0.03725673712576427,0.009010785906100138,0.05247373347626194,0.059384393176226125,2,0,3,Latin America,Temperate_Dry_Summer
climate_zone_within_continent,zero_balance,events_minus_spd,as_coded,5,5,-1.1942363112391932,0,0,-0.07755703531603991,0.3652949061662199,0.4411562284927737,1,2,2,Latin America,Temperate_Dry_Summer
climate_zone_within_continent,zero_balance,events_minus_spd,observed_events_only,5,5,-1.1942363112391932,0,0,-0.07755703531603991,0.3652949061662199,0.4411562284927737,1,2,2,Latin America,Temperate_Dry_Summer
climate_zone_within_continent,zero_balance,spd_events_minus_spd,as_coded,5,5,-0.2048295315781761,0,0,0.13752717908469672,0.33596082779009606,0.5565045992115637,1,2,2,Latin America,Temperate_Dry_Summer
climate_zone_within_continent,zero_balance,spd_events_minus_spd,observed_events_only,5,5,-0.2048295315781761,0,0,0.13752717908469672,0.33596082779009606,0.5565045992115637,1,2,2,Latin America,Temperate_Dry_Summer
climate_zone_within_continent,climate,events_minus_spd,as_coded,1,1,0.06520000000000001,0.06520000000000001,0.06520000000000001,0.06520000000000001,0.06520000000000001,0.06520000000000001,0,0,1,Latin America,Temperate_Dry_Winter
climate_zone_within_continent,climate,events_minus_spd,observed_events_only,1,1,0.06520000000000001,0.06520000000000001,0.06520000000000001,0.06520000000000001,0.06520000000000001,0.06520000000000001,0,0,1,Latin America,Temperate_Dry_Winter
climate_zone_within_continent,climate,spd_events_minus_spd,as_coded,1,1,0.04189999999999999,0.04189999999999999,0.04189999999999999,0.04189999999999999,0.04189999999999999,0.04189999999999999,0,0,1,Latin America,Temperate_Dry_Winter
climate_zone_within_continent,climate,spd_events_minus_spd,observed_events_only,1,1,0.04189999999999999,0.04189999999999999,0.04189999999999999,0.04189999999999999,0.04189999999999999,0.04189999999999999,0,0,1,Latin America,Temperate_Dry_Winter
climate_zone_within_continent,human,events_minus_spd,as_coded,1,1,0.014299999999999997,0.014299999999999997,0.014299999999999997,0.014299999999999997,0.014299999999999997,0.014299999999999997,0,0,1,Latin America,Temperate_Dry_Winter
climate_zone_within_continent,human,events_minus_spd,observed_events_only,1,1,0.014299999999999997,0.014299999999999997,0.014299999999999997,0.014299999999999997,0.014299999999999997,0.014299999999999997,0,0,1,Latin America,Temperate_Dry_Winter
climate_zone_within_continent,human,spd_events_minus_spd,as_coded,1,1,0.10949999999999999,0.10949999999999999,0.10949999999999999,0.10949999999999999,0.10949999999999999,0.10949999999999999,0,0,1,Latin America,Temperate_Dry_Winter
climate_zone_within_continent,human,spd_events_minus_spd,observed_events_only,1,1,0.10949999999999999,0.10949999999999999,0.10949999999999999,0.10949999999999999,0.10949999999999999,0.10949999999999999,0,0,1,Latin America,Temperate_Dry_Winter
climate_zone_within_continent,signed_balance,events_minus_spd,as_coded,1,1,-0.060584946236559245,-0.060584946236559245,-0.060584946236559245,-0.060584946236559245,-0.060584946236559245,-0.060584946236559245,1,0,0,Latin America,Temperate_Dry_Winter
climate_zone_within_continent,signed_balance,events_minus_spd,observed_events_only,1,1,-0.060584946236559245,-0.060584946236559245,-0.060584946236559245,-0.060584946236559245,-0.060584946236559245,-0.060584946236559245,1,0,0,Latin America,Temperate_Dry_Winter
climate_zone_within_continent,signed_balance,spd_events_minus_spd,as_coded,1,1,0.2614856068277159,0.2614856068277159,0.2614856068277159,0.2614856068277159,0.2614856068277159,0.2614856068277159,0,0,1,Latin America,Temperate_Dry_Winter
climate_zone_within_continent,signed_balance,spd_events_minus_spd,observed_events_only,1,1,0.2614856068277159,0.2614856068277159,0.2614856068277159,0.2614856068277159,0.2614856068277159,0.2614856068277159,0,0,1,Latin America,Temperate_Dry_Winter
climate_zone_within_continent,signed_difference,events_minus_spd,as_coded,1,1,-0.05090000000000003,-0.05090000000000003,-0.05090000000000003,-0.05090000000000003,-0.05090000000000003,-0.05090000000000003,1,0,0,Latin America,Temperate_Dry_Winter
climate_zone_within_continent,signed_difference,events_minus_spd,observed_events_only,1,1,-0.05090000000000003,-0.05090000000000003,-0.05090000000000003,-0.05090000000000003,-0.05090000000000003,-0.05090000000000003,1,0,0,Latin America,Temperate_Dry_Winter
climate_zone_within_continent,signed_difference,spd_events_minus_spd,as_coded,1,1,0.0676,0.0676,0.0676,0.0676,0.0676,0.0676,0,0,1,Latin America,Temperate_Dry_Winter
climate_zone_within_continent,signed_difference,spd_events_minus_spd,observed_events_only,1,1,0.0676,0.0676,0.0676,0.0676,0.0676,0.0676,0,0,1,Latin America,Temperate_Dry_Winter
climate_zone_within_continent,unique_adjusted_r2_pure_climate,events_minus_spd,as_coded,1,1,0.08781166444665978,0.08781166444665978,0.08781166444665978,0.08781166444665978,0.08781166444665978,0.08781166444665978,0,0,1,Latin America,Temperate_Dry_Winter
climate_zone_within_continent,unique_adjusted_r2_pure_climate,events_minus_spd,observed_events_only,1,1,0.08781166444665978,0.08781166444665978,0.08781166444665978,0.08781166444665978,0.08781166444665978,0.08781166444665978,0,0,1,Latin America,Temperate_Dry_Winter
climate_zone_within_continent,unique_adjusted_r2_pure_climate,spd_events_minus_spd,as_coded,1,1,0.060264173411278876,0.060264173411278876,0.060264173411278876,0.060264173411278876,0.060264173411278876,0.060264173411278876,0,0,1,Latin America,Temperate_Dry_Winter
climate_zone_within_continent,unique_adjusted_r2_pure_climate,spd_events_minus_spd,observed_events_only,1,1,0.060264173411278876,0.060264173411278876,0.060264173411278876,0.060264173411278876,0.060264173411278876,0.060264173411278876,0,0,1,Latin America,Temperate_Dry_Winter
climate_zone_within_continent,unique_adjusted_r2_pure_human,events_minus_spd,as_coded,1,1,0.09588387269478238,0.09588387269478238,0.09588387269478238,0.09588387269478238,0.09588387269478238,0.09588387269478238,0,0,1,Latin America,Temperate_Dry_Winter
climate_zone_within_continent,unique_adjusted_r2_pure_human,events_minus_spd,observed_events_only,1,1,0.09588387269478238,0.09588387269478238,0.09588387269478238,0.09588387269478238,0.09588387269478238,0.09588387269478238,0,0,1,Latin America,Temperate_Dry_Winter
climate_zone_within_continent,unique_adjusted_r2_pure_human,spd_events_minus_spd,as_coded,1,1,0.16700366027975933,0.16700366027975933,0.16700366027975933,0.16700366027975933,0.16700366027975933,0.16700366027975933,0,0,1,Latin America,Temperate_Dry_Winter
climate_zone_within_continent,unique_adjusted_r2_pure_human,spd_events_minus_spd,observed_events_only,1,1,0.16700366027975933,0.16700366027975933,0.16700366027975933,0.16700366027975933,0.16700366027975933,0.16700366027975933,0,0,1,Latin America,Temperate_Dry_Winter
climate_zone_within_continent,zero_balance,events_minus_spd,as_coded,1,1,0.021415324280870673,0.021415324280870673,0.021415324280870673,0.021415324280870673,0.021415324280870673,0.021415324280870673,0,0,1,Latin America,Temperate_Dry_Winter
climate_zone_within_continent,zero_balance,events_minus_spd,observed_events_only,1,1,0.021415324280870673,0.021415324280870673,0.021415324280870673,0.021415324280870673,0.021415324280870673,0.021415324280870673,0,0,1,Latin America,Temperate_Dry_Winter
climate_zone_within_continent,zero_balance,spd_events_minus_spd,as_coded,1,1,0.64041887711901,0.64041887711901,0.64041887711901,0.64041887711901,0.64041887711901,0.64041887711901,0,0,1,Latin America,Temperate_Dry_Winter
climate_zone_within_continent,zero_balance,spd_events_minus_spd,observed_events_only,1,1,0.64041887711901,0.64041887711901,0.64041887711901,0.64041887711901,0.64041887711901,0.64041887711901,0,0,1,Latin America,Temperate_Dry_Winter
climate_zone_within_continent,climate,events_minus_spd,as_coded,8,8,-0.0998,-0.029749999999999995,-0.015649999999999997,-0.016187499999999997,0.01855000000000001,0.029399999999999996,5,0,3,Latin America,Temperate_Without_dry_season
climate_zone_within_continent,climate,events_minus_spd,observed_events_only,8,8,-0.0998,-0.029749999999999995,-0.015649999999999997,-0.016187499999999997,0.01855000000000001,0.029399999999999996,5,0,3,Latin America,Temperate_Without_dry_season
climate_zone_within_continent,climate,spd_events_minus_spd,as_coded,8,8,-0.038099999999999995,-0.023125000000000003,-0.008099999999999993,-0.010724999999999991,-0.0023249999999999937,0.02310000000000001,6,0,2,Latin America,Temperate_Without_dry_season
climate_zone_within_continent,climate,spd_events_minus_spd,observed_events_only,8,8,-0.038099999999999995,-0.023125000000000003,-0.008099999999999993,-0.010724999999999991,-0.0023249999999999937,0.02310000000000001,6,0,2,Latin America,Temperate_Without_dry_season
climate_zone_within_continent,human,events_minus_spd,as_coded,8,8,-0.154,-0.03785,-0.0015999999999999996,0.010862499999999997,0.07075,0.16929999999999998,4,0,4,Latin America,Temperate_Without_dry_season
climate_zone_within_continent,human,events_minus_spd,observed_events_only,8,8,-0.154,-0.03785,-0.0015999999999999996,0.010862499999999997,0.07075,0.16929999999999998,4,0,4,Latin America,Temperate_Without_dry_season
climate_zone_within_continent,human,spd_events_minus_spd,as_coded,8,8,-0.0373,0.0029499999999999978,0.031799999999999995,0.046412499999999995,0.054,0.2236,2,0,6,Latin America,Temperate_Without_dry_season
climate_zone_within_continent,human,spd_events_minus_spd,observed_events_only,8,8,-0.0373,0.0029499999999999978,0.031799999999999995,0.046412499999999995,0.054,0.2236,2,0,6,Latin America,Temperate_Without_dry_season
climate_zone_within_continent,signed_balance,events_minus_spd,as_coded,8,8,-8.226262626262626,-0.19535667146842217,-0.005441671837603107,-0.7572370735768735,0.39466435889875884,1.8188265971316815,4,0,4,Latin America,Temperate_Without_dry_season
climate_zone_within_continent,signed_balance,events_minus_spd,observed_events_only,8,8,-8.226262626262626,-0.19535667146842217,-0.005441671837603107,-0.7572370735768735,0.39466435889875884,1.8188265971316815,4,0,4,Latin America,Temperate_Without_dry_season
climate_zone_within_continent,signed_balance,spd_events_minus_spd,as_coded,8,8,-1.5017948717948721,0.01035140037720187,0.15168164098985332,-0.015988564721800384,0.26776890526890523,0.5500457325884645,2,0,6,Latin America,Temperate_Without_dry_season
climate_zone_within_continent,signed_balance,spd_events_minus_spd,observed_events_only,8,8,-1.5017948717948721,0.01035140037720187,0.15168164098985332,-0.015988564721800384,0.26776890526890523,0.5500457325884645,2,0,6,Latin America,Temperate_Without_dry_season
climate_zone_within_continent,signed_difference,events_minus_spd,as_coded,8,8,-0.12899999999999998,-0.038000000000000006,0.0638,0.027050000000000005,0.08615,0.1446,3,0,5,Latin America,Temperate_Without_dry_season
climate_zone_within_continent,signed_difference,events_minus_spd,observed_events_only,8,8,-0.12899999999999998,-0.038000000000000006,0.0638,0.027050000000000005,0.08615,0.1446,3,0,5,Latin America,Temperate_Without_dry_season
climate_zone_within_continent,signed_difference,spd_events_minus_spd,as_coded,8,8,-0.030500000000000013,0.03595,0.046450000000000005,0.057137499999999994,0.053375,0.21939999999999998,1,0,7,Latin America,Temperate_Without_dry_season
climate_zone_within_continent,signed_difference,spd_events_minus_spd,observed_events_only,8,8,-0.030500000000000013,0.03595,0.046450000000000005,0.057137499999999994,0.053375,0.21939999999999998,1,0,7,Latin America,Temperate_Without_dry_season
climate_zone_within_continent,unique_adjusted_r2_pure_climate,events_minus_spd,as_coded,8,8,-0.27463259236317983,-0.08132072293013118,-0.05048929689832171,-0.0649171253323917,-0.02204744459624075,0.04741668605456795,6,0,2,Latin America,Temperate_Without_dry_season
climate_zone_within_continent,unique_adjusted_r2_pure_climate,events_minus_spd,observed_events_only,8,8,-0.27463259236317983,-0.08132072293013118,-0.05048929689832171,-0.0649171253323917,-0.02204744459624075,0.04741668605456795,6,0,2,Latin America,Temperate_Without_dry_season
climate_zone_within_continent,unique_adjusted_r2_pure_climate,spd_events_minus_spd,as_coded,8,8,-0.08268983030896238,-0.065003254023388,-0.0025192095736786824,-0.016878179730157053,0.029660143239036013,0.03216251394474434,4,0,4,Latin America,Temperate_Without_dry_season
climate_zone_within_continent,unique_adjusted_r2_pure_climate,spd_events_minus_spd,observed_events_only,8,8,-0.08268983030896238,-0.065003254023388,-0.0025192095736786824,-0.016878179730157053,0.029660143239036013,0.03216251394474434,4,0,4,Latin America,Temperate_Without_dry_season
climate_zone_within_continent,unique_adjusted_r2_pure_human,events_minus_spd,as_coded,8,8,-0.13739033443445114,-0.08793207924585261,0.0033563103919345694,0.015125811444476292,0.07701318998330856,0.2370269827374566,4,0,4,Latin America,Temperate_Without_dry_season
climate_zone_within_continent,unique_adjusted_r2_pure_human,events_minus_spd,observed_events_only,8,8,-0.13739033443445114,-0.08793207924585261,0.0033563103919345694,0.015125811444476292,0.07701318998330856,0.2370269827374566,4,0,4,Latin America,Temperate_Without_dry_season
climate_zone_within_continent,unique_adjusted_r2_pure_human,spd_events_minus_spd,as_coded,8,8,-0.039581213750888855,-0.03386310585693253,0.007512927329969943,0.04456767519449409,0.10124318587643968,0.23531366402636444,4,0,4,Latin America,Temperate_Without_dry_season
climate_zone_within_continent,unique_adjusted_r2_pure_human,spd_events_minus_spd,observed_events_only,8,8,-0.039581213750888855,-0.03386310585693253,0.007512927329969943,0.04456767519449409,0.10124318587643968,0.23531366402636444,4,0,4,Latin America,Temperate_Without_dry_season
climate_zone_within_continent,zero_balance,events_minus_spd,as_coded,8,8,-0.6610687022900763,-0.20053750144353855,-0.0030244540087451255,0.022250504968276637,0.34299454637238486,0.6269951170475397,4,1,3,Latin America,Temperate_Without_dry_season
climate_zone_within_continent,zero_balance,events_minus_spd,observed_events_only,8,8,-0.6610687022900763,-0.20053750144353855,-0.0030244540087451255,0.022250504968276637,0.34299454637238486,0.6269951170475397,4,1,3,Latin America,Temperate_Without_dry_season
climate_zone_within_continent,zero_balance,spd_events_minus_spd,as_coded,8,8,-0.24496955093822723,0,0.08750393167024773,0.17716626972178215,0.31681213330275315,0.7819652881661279,1,2,5,Latin America,Temperate_Without_dry_season
climate_zone_within_continent,zero_balance,spd_events_minus_spd,observed_events_only,8,8,-0.24496955093822723,0,0.08750393167024773,0.17716626972178215,0.31681213330275315,0.7819652881661279,1,2,5,Latin America,Temperate_Without_dry_season
climate_zone_within_continent,climate,events_minus_spd,as_coded,6,6,-0.09399999999999997,-0.05847499999999998,-0.014649999999999996,-0.02334999999999999,0.010575,0.0373,4,0,2,Latin America,Tropical
climate_zone_within_continent,climate,events_minus_spd,observed_events_only,6,6,-0.09399999999999997,-0.05847499999999998,-0.014649999999999996,-0.02334999999999999,0.010575,0.0373,4,0,2,Latin America,Tropical
climate_zone_within_continent,climate,spd_events_minus_spd,as_coded,6,6,-0.05319999999999998,-0.04712499999999999,-0.03549999999999999,-0.03359999999999999,-0.01967499999999999,-0.011999999999999983,6,0,0,Latin America,Tropical
climate_zone_within_continent,climate,spd_events_minus_spd,observed_events_only,6,6,-0.05319999999999998,-0.04712499999999999,-0.03549999999999999,-0.03359999999999999,-0.01967499999999999,-0.011999999999999983,6,0,0,Latin America,Tropical
climate_zone_within_continent,human,events_minus_spd,as_coded,6,6,-0.1378,-0.022625,0.012399999999999998,0.006683333333333329,0.070075,0.09809999999999999,3,0,3,Latin America,Tropical
climate_zone_within_continent,human,events_minus_spd,observed_events_only,6,6,-0.1378,-0.022625,0.012399999999999998,0.006683333333333329,0.070075,0.09809999999999999,3,0,3,Latin America,Tropical
climate_zone_within_continent,human,spd_events_minus_spd,as_coded,6,6,-0.07139999999999999,-0.018724999999999995,0.050300000000000004,0.03205,0.09075,0.1006,2,0,4,Latin America,Tropical
climate_zone_within_continent,human,spd_events_minus_spd,observed_events_only,6,6,-0.07139999999999999,-0.018724999999999995,0.050300000000000004,0.03205,0.09075,0.1006,2,0,4,Latin America,Tropical
climate_zone_within_continent,signed_balance,events_minus_spd,as_coded,6,6,-14.955925925925925,-0.09468436938160504,0.06353342306063228,-2.399511001282848,0.21354524211249848,0.3156675238401371,3,0,3,Latin America,Tropical
climate_zone_within_continent,signed_balance,events_minus_spd,observed_events_only,6,6,-14.955925925925925,-0.09468436938160504,0.06353342306063228,-2.399511001282848,0.21354524211249848,0.3156675238401371,3,0,3,Latin America,Tropical
climate_zone_within_continent,signed_balance,spd_events_minus_spd,as_coded,6,6,-0.4176034930636159,0.1261545673796102,0.1812289926132369,0.1300917437328846,0.2509448491569164,0.45371607659457214,1,0,5,Latin America,Tropical
climate_zone_within_continent,signed_balance,spd_events_minus_spd,observed_events_only,6,6,-0.4176034930636159,0.1261545673796102,0.1812289926132369,0.1300917437328846,0.2509448491569164,0.45371607659457214,1,0,5,Latin America,Tropical
climate_zone_within_continent,signed_difference,events_minus_spd,as_coded,6,6,-0.155,-0.04245,0.02389999999999999,0.030033333333333315,0.14004999999999995,0.17319999999999994,3,0,3,Latin America,Tropical
climate_zone_within_continent,signed_difference,events_minus_spd,observed_events_only,6,6,-0.155,-0.04245,0.02389999999999999,0.030033333333333315,0.14004999999999995,0.17319999999999994,3,0,3,Latin America,Tropical
climate_zone_within_continent,signed_difference,spd_events_minus_spd,as_coded,6,6,-0.0467,9.749999999999863e-4,0.08589999999999998,0.06564999999999999,0.13294999999999998,0.14749999999999996,2,0,4,Latin America,Tropical
climate_zone_within_continent,signed_difference,spd_events_minus_spd,observed_events_only,6,6,-0.0467,9.749999999999863e-4,0.08589999999999998,0.06564999999999999,0.13294999999999998,0.14749999999999996,2,0,4,Latin America,Tropical
climate_zone_within_continent,unique_adjusted_r2_pure_climate,events_minus_spd,as_coded,6,6,-0.31791796657890836,-0.20189444225331732,-0.01015366635667625,-0.07555979119391838,0.02693823072567672,0.1113723899278205,3,0,3,Latin America,Tropical
climate_zone_within_continent,unique_adjusted_r2_pure_climate,events_minus_spd,observed_events_only,6,6,-0.31791796657890836,-0.20189444225331732,-0.01015366635667625,-0.07555979119391838,0.02693823072567672,0.1113723899278205,3,0,3,Latin America,Tropical
climate_zone_within_continent,unique_adjusted_r2_pure_climate,spd_events_minus_spd,as_coded,6,6,-0.23123337986092174,-0.1674355542276006,-0.057198401002835075,-0.09922609113935343,-0.03466642985757831,-0.018389320191180225,6,0,0,Latin America,Tropical
climate_zone_within_continent,unique_adjusted_r2_pure_climate,spd_events_minus_spd,observed_events_only,6,6,-0.23123337986092174,-0.1674355542276006,-0.057198401002835075,-0.09922609113935343,-0.03466642985757831,-0.018389320191180225,6,0,0,Latin America,Tropical
climate_zone_within_continent,unique_adjusted_r2_pure_human,events_minus_spd,as_coded,6,6,-0.12885789279422377,-0.11090053146233719,-0.07598804669128695,-0.05059730946654591,0.009319553184072293,0.06203273595435077,4,0,2,Latin America,Tropical
climate_zone_within_continent,unique_adjusted_r2_pure_human,events_minus_spd,observed_events_only,6,6,-0.12885789279422377,-0.11090053146233719,-0.07598804669128695,-0.05059730946654591,0.009319553184072293,0.06203273595435077,4,0,2,Latin America,Tropical
climate_zone_within_continent,unique_adjusted_r2_pure_human,spd_events_minus_spd,as_coded,6,6,-0.10067432177165936,-0.06554991921628028,-0.04585961796677801,-0.024080962096461083,-0.006277364343900194,0.11310441789550418,4,0,2,Latin America,Tropical
climate_zone_within_continent,unique_adjusted_r2_pure_human,spd_events_minus_spd,observed_events_only,6,6,-0.10067432177165936,-0.06554991921628028,-0.04585961796677801,-0.024080962096461083,-0.006277364343900194,0.11310441789550418,4,0,2,Latin America,Tropical
climate_zone_within_continent,zero_balance,events_minus_spd,as_coded,6,6,-1.7019527235354572,-0.03561363270902278,0.13271665227948637,-0.12320321449195158,0.3335161963201826,0.38857448206288614,2,1,3,Latin America,Tropical
climate_zone_within_continent,zero_balance,events_minus_spd,observed_events_only,6,6,-1.7019527235354572,-0.03561363270902278,0.13271665227948637,-0.12320321449195158,0.3335161963201826,0.38857448206288614,2,1,3,Latin America,Tropical
climate_zone_within_continent,zero_balance,spd_events_minus_spd,as_coded,6,6,0,0.2713208018072244,0.3022679399745408,0.30190846695819185,0.37773396822173955,0.5430205217444779,0,1,5,Latin America,Tropical
climate_zone_within_continent,zero_balance,spd_events_minus_spd,observed_events_only,6,6,0,0.2713208018072244,0.3022679399745408,0.30190846695819185,0.37773396822173955,0.5430205217444779,0,1,5,Latin America,Tropical
climate_zone_within_continent,climate,events_minus_spd,as_coded,1,1,-0.0050000000000000044,-0.0050000000000000044,-0.0050000000000000044,-0.0050000000000000044,-0.0050000000000000044,-0.0050000000000000044,1,0,0,North America,Arid
climate_zone_within_continent,climate,events_minus_spd,observed_events_only,1,1,-0.0050000000000000044,-0.0050000000000000044,-0.0050000000000000044,-0.0050000000000000044,-0.0050000000000000044,-0.0050000000000000044,1,0,0,North America,Arid
climate_zone_within_continent,climate,spd_events_minus_spd,as_coded,1,1,-0.025800000000000003,-0.025800000000000003,-0.025800000000000003,-0.025800000000000003,-0.025800000000000003,-0.025800000000000003,1,0,0,North America,Arid
climate_zone_within_continent,climate,spd_events_minus_spd,observed_events_only,1,1,-0.025800000000000003,-0.025800000000000003,-0.025800000000000003,-0.025800000000000003,-0.025800000000000003,-0.025800000000000003,1,0,0,North America,Arid
climate_zone_within_continent,human,events_minus_spd,as_coded,1,1,-0.18680000000000002,-0.18680000000000002,-0.18680000000000002,-0.18680000000000002,-0.18680000000000002,-0.18680000000000002,1,0,0,North America,Arid
climate_zone_within_continent,human,events_minus_spd,observed_events_only,1,1,-0.18680000000000002,-0.18680000000000002,-0.18680000000000002,-0.18680000000000002,-0.18680000000000002,-0.18680000000000002,1,0,0,North America,Arid
climate_zone_within_continent,human,spd_events_minus_spd,as_coded,1,1,-0.06480000000000001,-0.06480000000000001,-0.06480000000000001,-0.06480000000000001,-0.06480000000000001,-0.06480000000000001,1,0,0,North America,Arid
climate_zone_within_continent,human,spd_events_minus_spd,observed_events_only,1,1,-0.06480000000000001,-0.06480000000000001,-0.06480000000000001,-0.06480000000000001,-0.06480000000000001,-0.06480000000000001,1,0,0,North America,Arid
climate_zone_within_continent,signed_balance,events_minus_spd,as_coded,1,1,-0.9037788018433179,-0.9037788018433179,-0.9037788018433179,-0.9037788018433179,-0.9037788018433179,-0.9037788018433179,1,0,0,North America,Arid
climate_zone_within_continent,signed_balance,events_minus_spd,observed_events_only,1,1,-0.9037788018433179,-0.9037788018433179,-0.9037788018433179,-0.9037788018433179,-0.9037788018433179,-0.9037788018433179,1,0,0,North America,Arid
climate_zone_within_continent,signed_balance,spd_events_minus_spd,as_coded,1,1,-0.051883439943141485,-0.051883439943141485,-0.051883439943141485,-0.051883439943141485,-0.051883439943141485,-0.051883439943141485,1,0,0,North America,Arid
climate_zone_within_continent,signed_balance,spd_events_minus_spd,observed_events_only,1,1,-0.051883439943141485,-0.051883439943141485,-0.051883439943141485,-0.051883439943141485,-0.051883439943141485,-0.051883439943141485,1,0,0,North America,Arid
climate_zone_within_continent,signed_difference,events_minus_spd,as_coded,1,1,-0.18180000000000002,-0.18180000000000002,-0.18180000000000002,-0.18180000000000002,-0.18180000000000002,-0.18180000000000002,1,0,0,North America,Arid
climate_zone_within_continent,signed_difference,events_minus_spd,observed_events_only,1,1,-0.18180000000000002,-0.18180000000000002,-0.18180000000000002,-0.18180000000000002,-0.18180000000000002,-0.18180000000000002,1,0,0,North America,Arid
climate_zone_within_continent,signed_difference,spd_events_minus_spd,as_coded,1,1,-0.03900000000000001,-0.03900000000000001,-0.03900000000000001,-0.03900000000000001,-0.03900000000000001,-0.03900000000000001,1,0,0,North America,Arid
climate_zone_within_continent,signed_difference,spd_events_minus_spd,observed_events_only,1,1,-0.03900000000000001,-0.03900000000000001,-0.03900000000000001,-0.03900000000000001,-0.03900000000000001,-0.03900000000000001,1,0,0,North America,Arid
climate_zone_within_continent,unique_adjusted_r2_pure_climate,events_minus_spd,as_coded,1,1,0.006209505038247354,0.006209505038247354,0.006209505038247354,0.006209505038247354,0.006209505038247354,0.006209505038247354,0,0,1,North America,Arid
climate_zone_within_continent,unique_adjusted_r2_pure_climate,events_minus_spd,observed_events_only,1,1,0.006209505038247354,0.006209505038247354,0.006209505038247354,0.006209505038247354,0.006209505038247354,0.006209505038247354,0,0,1,North America,Arid
climate_zone_within_continent,unique_adjusted_r2_pure_climate,spd_events_minus_spd,as_coded,1,1,-0.06604839573575927,-0.06604839573575927,-0.06604839573575927,-0.06604839573575927,-0.06604839573575927,-0.06604839573575927,1,0,0,North America,Arid
climate_zone_within_continent,unique_adjusted_r2_pure_climate,spd_events_minus_spd,observed_events_only,1,1,-0.06604839573575927,-0.06604839573575927,-0.06604839573575927,-0.06604839573575927,-0.06604839573575927,-0.06604839573575927,1,0,0,North America,Arid
climate_zone_within_continent,unique_adjusted_r2_pure_human,events_minus_spd,as_coded,1,1,-0.1466997998817865,-0.1466997998817865,-0.1466997998817865,-0.1466997998817865,-0.1466997998817865,-0.1466997998817865,1,0,0,North America,Arid
climate_zone_within_continent,unique_adjusted_r2_pure_human,events_minus_spd,observed_events_only,1,1,-0.1466997998817865,-0.1466997998817865,-0.1466997998817865,-0.1466997998817865,-0.1466997998817865,-0.1466997998817865,1,0,0,North America,Arid
climate_zone_within_continent,unique_adjusted_r2_pure_human,spd_events_minus_spd,as_coded,1,1,-0.10054717165700433,-0.10054717165700433,-0.10054717165700433,-0.10054717165700433,-0.10054717165700433,-0.10054717165700433,1,0,0,North America,Arid
climate_zone_within_continent,unique_adjusted_r2_pure_human,spd_events_minus_spd,observed_events_only,1,1,-0.10054717165700433,-0.10054717165700433,-0.10054717165700433,-0.10054717165700433,-0.10054717165700433,-0.10054717165700433,1,0,0,North America,Arid
climate_zone_within_continent,zero_balance,events_minus_spd,as_coded,1,1,-1.4623655913978495,-1.4623655913978495,-1.4623655913978495,-1.4623655913978495,-1.4623655913978495,-1.4623655913978495,1,0,0,North America,Arid
climate_zone_within_continent,zero_balance,events_minus_spd,observed_events_only,1,1,-1.4623655913978495,-1.4623655913978495,-1.4623655913978495,-1.4623655913978495,-1.4623655913978495,-1.4623655913978495,1,0,0,North America,Arid
climate_zone_within_continent,zero_balance,spd_events_minus_spd,as_coded,1,1,0.030296882396699754,0.030296882396699754,0.030296882396699754,0.030296882396699754,0.030296882396699754,0.030296882396699754,0,0,1,North America,Arid
climate_zone_within_continent,zero_balance,spd_events_minus_spd,observed_events_only,1,1,0.030296882396699754,0.030296882396699754,0.030296882396699754,0.030296882396699754,0.030296882396699754,0.030296882396699754,0,0,1,North America,Arid
climate_zone_within_continent,climate,events_minus_spd,as_coded,4,4,-0.029099999999999987,0.009600000000000018,0.03720000000000001,0.02530000000000001,0.0529,0.055900000000000005,1,0,3,North America,Cold_Without_dry_season_Hot_Summer
climate_zone_within_continent,climate,events_minus_spd,observed_events_only,4,4,-0.029099999999999987,0.009600000000000018,0.03720000000000001,0.02530000000000001,0.0529,0.055900000000000005,1,0,3,North America,Cold_Without_dry_season_Hot_Summer
climate_zone_within_continent,climate,spd_events_minus_spd,as_coded,4,4,-0.04100000000000001,-0.018050000000000017,-0.005100000000000007,-0.010175000000000003,0.0027750000000000066,0.01050000000000001,2,0,2,North America,Cold_Without_dry_season_Hot_Summer
climate_zone_within_continent,climate,spd_events_minus_spd,observed_events_only,4,4,-0.04100000000000001,-0.018050000000000017,-0.005100000000000007,-0.010175000000000003,0.0027750000000000066,0.01050000000000001,2,0,2,North America,Cold_Without_dry_season_Hot_Summer
climate_zone_within_continent,human,events_minus_spd,as_coded,4,4,-0.12990000000000002,-0.07665,5.00000000000049e-5,0.014599999999999993,0.09129999999999999,0.18819999999999998,2,0,2,North America,Cold_Without_dry_season_Hot_Summer
climate_zone_within_continent,human,events_minus_spd,observed_events_only,4,4,-0.12990000000000002,-0.07665,5.00000000000049e-5,0.014599999999999993,0.09129999999999999,0.18819999999999998,2,0,2,North America,Cold_Without_dry_season_Hot_Summer
climate_zone_within_continent,human,spd_events_minus_spd,as_coded,4,4,0.0116,0.013024999999999988,0.05115,0.06725,0.10537500000000002,0.1551,0,0,4,North America,Cold_Without_dry_season_Hot_Summer
climate_zone_within_continent,human,spd_events_minus_spd,observed_events_only,4,4,0.0116,0.013024999999999988,0.05115,0.06725,0.10537500000000002,0.1551,0,0,4,North America,Cold_Without_dry_season_Hot_Summer
climate_zone_within_continent,signed_balance,events_minus_spd,as_coded,4,4,-0.5018127261839673,-0.21308468779613574,-0.03941560487143675,-0.046486382267384635,0.12718270065731435,0.3946984068573023,2,0,2,North America,Cold_Without_dry_season_Hot_Summer
climate_zone_within_continent,signed_balance,events_minus_spd,observed_events_only,4,4,-0.5018127261839673,-0.21308468779613574,-0.03941560487143675,-0.046486382267384635,0.12718270065731435,0.3946984068573023,2,0,2,North America,Cold_Without_dry_season_Hot_Summer
climate_zone_within_continent,signed_balance,spd_events_minus_spd,as_coded,4,4,0.02637471720762735,0.03431668061506443,0.08698995148303112,0.13602134829659351,0.1886946191645602,0.3437307730126845,0,0,4,North America,Cold_Without_dry_season_Hot_Summer
climate_zone_within_continent,signed_balance,spd_events_minus_spd,observed_events_only,4,4,0.02637471720762735,0.03431668061506443,0.08698995148303112,0.13602134829659351,0.1886946191645602,0.3437307730126845,0,0,4,North America,Cold_Without_dry_season_Hot_Summer
climate_zone_within_continent,signed_difference,events_minus_spd,as_coded,4,4,-0.18180000000000002,-0.10650000000000003,-0.039150000000000004,-0.010700000000000008,0.05665000000000001,0.2173,2,0,2,North America,Cold_Without_dry_season_Hot_Summer
climate_zone_within_continent,signed_difference,events_minus_spd,observed_events_only,4,4,-0.18180000000000002,-0.10650000000000003,-0.039150000000000004,-0.010700000000000008,0.05665000000000001,0.2173,2,0,2,North America,Cold_Without_dry_season_Hot_Summer
climate_zone_within_continent,signed_difference,spd_events_minus_spd,as_coded,4,4,0.013299999999999979,0.01982500000000001,0.050150000000000014,0.07742500000000001,0.10775000000000001,0.19610000000000002,0,0,4,North America,Cold_Without_dry_season_Hot_Summer
climate_zone_within_continent,signed_difference,spd_events_minus_spd,observed_events_only,4,4,0.013299999999999979,0.01982500000000001,0.050150000000000014,0.07742500000000001,0.10775000000000001,0.19610000000000002,0,0,4,North America,Cold_Without_dry_season_Hot_Summer
climate_zone_within_continent,unique_adjusted_r2_pure_climate,events_minus_spd,as_coded,4,4,-0.05899825278040138,-0.028375555222644788,-0.017106425668958092,-0.0200171668784824,-0.008748037324795704,0.013142436604387964,3,0,1,North America,Cold_Without_dry_season_Hot_Summer
climate_zone_within_continent,unique_adjusted_r2_pure_climate,events_minus_spd,observed_events_only,4,4,-0.05899825278040138,-0.028375555222644788,-0.017106425668958092,-0.0200171668784824,-0.008748037324795704,0.013142436604387964,3,0,1,North America,Cold_Without_dry_season_Hot_Summer
climate_zone_within_continent,unique_adjusted_r2_pure_climate,spd_events_minus_spd,as_coded,4,4,-0.06227785066460345,-0.04732260228830579,-0.03896769575846393,-0.03336322423543117,-0.02500831770558931,0.00676034523980662,3,0,1,North America,Cold_Without_dry_season_Hot_Summer
climate_zone_within_continent,unique_adjusted_r2_pure_climate,spd_events_minus_spd,observed_events_only,4,4,-0.06227785066460345,-0.04732260228830579,-0.03896769575846393,-0.03336322423543117,-0.02500831770558931,0.00676034523980662,3,0,1,North America,Cold_Without_dry_season_Hot_Summer
climate_zone_within_continent,unique_adjusted_r2_pure_human,events_minus_spd,as_coded,4,4,-0.04134110092224663,-0.016381889307557018,0.003651651997033434,0.011129442277532042,0.031162983582122494,0.07855556603830793,2,0,2,North America,Cold_Without_dry_season_Hot_Summer
climate_zone_within_continent,unique_adjusted_r2_pure_human,events_minus_spd,observed_events_only,4,4,-0.04134110092224663,-0.016381889307557018,0.003651651997033434,0.011129442277532042,0.031162983582122494,0.07855556603830793,2,0,2,North America,Cold_Without_dry_season_Hot_Summer
climate_zone_within_continent,unique_adjusted_r2_pure_human,spd_events_minus_spd,as_coded,4,4,-0.03927491332763755,-0.017087660818057404,0.0068331358077489135,0.0014418619108206576,0.025362658536626975,0.031376089355422354,2,0,2,North America,Cold_Without_dry_season_Hot_Summer
climate_zone_within_continent,unique_adjusted_r2_pure_human,spd_events_minus_spd,observed_events_only,4,4,-0.03927491332763755,-0.017087660818057404,0.0068331358077489135,0.0014418619108206576,0.025362658536626975,0.031376089355422354,2,0,2,North America,Cold_Without_dry_season_Hot_Summer
climate_zone_within_continent,zero_balance,events_minus_spd,as_coded,4,4,-0.837900297127765,-0.41141303303438187,-0.049029461750449754,-0.021098619397763335,0.3412849518861688,0.8515647430376112,2,0,2,North America,Cold_Without_dry_season_Hot_Summer
climate_zone_within_continent,zero_balance,events_minus_spd,observed_events_only,4,4,-0.837900297127765,-0.41141303303438187,-0.049029461750449754,-0.021098619397763335,0.3412849518861688,0.8515647430376112,2,0,2,North America,Cold_Without_dry_season_Hot_Summer
climate_zone_within_continent,zero_balance,spd_events_minus_spd,as_coded,4,4,0.04902326572757296,0.05330211740931148,0.19865247730355534,0.30149303431215757,0.4468433942064014,0.7596439169139466,0,0,4,North America,Cold_Without_dry_season_Hot_Summer
climate_zone_within_continent,zero_balance,spd_events_minus_spd,observed_events_only,4,4,0.04902326572757296,0.05330211740931148,0.19865247730355534,0.30149303431215757,0.4468433942064014,0.7596439169139466,0,0,4,North America,Cold_Without_dry_season_Hot_Summer
climate_zone_within_continent,climate,events_minus_spd,as_coded,17,17,-0.05740000000000001,-0.0385,0.02260000000000001,0.01354705882352941,0.0504,0.1121,8,0,9,North America,Cold_Without_dry_season_Warm_Summer
climate_zone_within_continent,climate,events_minus_spd,observed_events_only,17,17,-0.05740000000000001,-0.0385,0.02260000000000001,0.01354705882352941,0.0504,0.1121,8,0,9,North America,Cold_Without_dry_season_Warm_Summer
climate_zone_within_continent,climate,spd_events_minus_spd,as_coded,17,17,-0.05210000000000001,-0.04190000000000002,-0.0091,0.0022647058823529373,0.029000000000000026,0.10379999999999999,10,0,7,North America,Cold_Without_dry_season_Warm_Summer
climate_zone_within_continent,climate,spd_events_minus_spd,observed_events_only,17,17,-0.05210000000000001,-0.04190000000000002,-0.0091,0.0022647058823529373,0.029000000000000026,0.10379999999999999,10,0,7,North America,Cold_Without_dry_season_Warm_Summer
climate_zone_within_continent,human,events_minus_spd,as_coded,17,17,-0.159,-0.060700000000000004,-0.0011999999999999927,0.013605882352941178,0.1152,0.158,9,0,8,North America,Cold_Without_dry_season_Warm_Summer
climate_zone_within_continent,human,events_minus_spd,observed_events_only,17,17,-0.159,-0.060700000000000004,-0.0011999999999999927,0.013605882352941178,0.1152,0.158,9,0,8,North America,Cold_Without_dry_season_Warm_Summer
climate_zone_within_continent,human,spd_events_minus_spd,as_coded,17,17,-0.0328,0.004499999999999999,0.06890000000000002,0.07209411764705882,0.11349999999999999,0.20829999999999999,4,0,13,North America,Cold_Without_dry_season_Warm_Summer
climate_zone_within_continent,human,spd_events_minus_spd,observed_events_only,17,17,-0.0328,0.004499999999999999,0.06890000000000002,0.07209411764705882,0.11349999999999999,0.20829999999999999,4,0,13,North America,Cold_Without_dry_season_Warm_Summer
climate_zone_within_continent,signed_balance,events_minus_spd,as_coded,17,17,-0.5633976475931832,-0.1469327000928139,-0.03705223880597014,0.01793799178279718,0.21666666666666667,0.5227187261296198,10,0,7,North America,Cold_Without_dry_season_Warm_Summer
climate_zone_within_continent,signed_balance,events_minus_spd,observed_events_only,17,17,-0.5633976475931832,-0.1469327000928139,-0.03705223880597014,0.01793799178279718,0.21666666666666667,0.5227187261296198,10,0,7,North America,Cold_Without_dry_season_Warm_Summer
climate_zone_within_continent,signed_balance,spd_events_minus_spd,as_coded,17,17,-0.1573182957393483,-0.020105434189615412,0.16850655260283948,0.15686557456963782,0.2549382716049383,0.7077340949820788,5,0,12,North America,Cold_Without_dry_season_Warm_Summer
climate_zone_within_continent,signed_balance,spd_events_minus_spd,observed_events_only,17,17,-0.1573182957393483,-0.020105434189615412,0.16850655260283948,0.15686557456963782,0.2549382716049383,0.7077340949820788,5,0,12,North America,Cold_Without_dry_season_Warm_Summer
climate_zone_within_continent,signed_difference,events_minus_spd,as_coded,17,17,-0.14840000000000003,-0.052399999999999974,-0.012899999999999981,5.882352941176721e-5,0.0591,0.17219999999999996,11,0,6,North America,Cold_Without_dry_season_Warm_Summer
climate_zone_within_continent,signed_difference,events_minus_spd,observed_events_only,17,17,-0.14840000000000003,-0.052399999999999974,-0.012899999999999981,5.882352941176721e-5,0.0591,0.17219999999999996,11,0,6,North America,Cold_Without_dry_season_Warm_Summer
climate_zone_within_continent,signed_difference,spd_events_minus_spd,as_coded,17,17,-0.03649999999999999,-0.023799999999999988,0.08490000000000002,0.06982941176470589,0.11059999999999999,0.2487,5,0,12,North America,Cold_Without_dry_season_Warm_Summer
climate_zone_within_continent,signed_difference,spd_events_minus_spd,observed_events_only,17,17,-0.03649999999999999,-0.023799999999999988,0.08490000000000002,0.06982941176470589,0.11059999999999999,0.2487,5,0,12,North America,Cold_Without_dry_season_Warm_Summer
climate_zone_within_continent,unique_adjusted_r2_pure_climate,events_minus_spd,as_coded,17,17,-0.13775270286543206,-0.04770122355817741,0.051781588876685825,0.02691524553011934,0.09080607096330096,0.21318889149132902,7,0,10,North America,Cold_Without_dry_season_Warm_Summer
climate_zone_within_continent,unique_adjusted_r2_pure_climate,events_minus_spd,observed_events_only,17,17,-0.13775270286543206,-0.04770122355817741,0.051781588876685825,0.02691524553011934,0.09080607096330096,0.21318889149132902,7,0,10,North America,Cold_Without_dry_season_Warm_Summer
climate_zone_within_continent,unique_adjusted_r2_pure_climate,spd_events_minus_spd,as_coded,17,17,-0.16851955780650396,-0.03825987933316066,-2.975848903544742e-4,0.0171109236640033,0.0615416438141112,0.24258891712230812,9,0,8,North America,Cold_Without_dry_season_Warm_Summer
climate_zone_within_continent,unique_adjusted_r2_pure_climate,spd_events_minus_spd,observed_events_only,17,17,-0.16851955780650396,-0.03825987933316066,-2.975848903544742e-4,0.0171109236640033,0.0615416438141112,0.24258891712230812,9,0,8,North America,Cold_Without_dry_season_Warm_Summer
climate_zone_within_continent,unique_adjusted_r2_pure_human,events_minus_spd,as_coded,17,17,-0.2701118874766215,-0.012341795131635358,0.04702819255152568,0.03942584354838162,0.11681251351470245,0.3291975280374936,5,0,12,North America,Cold_Without_dry_season_Warm_Summer
climate_zone_within_continent,unique_adjusted_r2_pure_human,events_minus_spd,observed_events_only,17,17,-0.2701118874766215,-0.012341795131635358,0.04702819255152568,0.03942584354838162,0.11681251351470245,0.3291975280374936,5,0,12,North America,Cold_Without_dry_season_Warm_Summer
climate_zone_within_continent,unique_adjusted_r2_pure_human,spd_events_minus_spd,as_coded,17,17,-0.044070419535629846,7.002322861651145e-4,0.04173259774809501,0.07100127241996385,0.0697749842838622,0.35990874596042144,4,0,13,North America,Cold_Without_dry_season_Warm_Summer
climate_zone_within_continent,unique_adjusted_r2_pure_human,spd_events_minus_spd,observed_events_only,17,17,-0.044070419535629846,7.002322861651145e-4,0.04173259774809501,0.07100127241996385,0.0697749842838622,0.35990874596042144,4,0,13,North America,Cold_Without_dry_season_Warm_Summer
climate_zone_within_continent,zero_balance,events_minus_spd,as_coded,17,17,-0.7615824905146383,-0.3007294267391198,-0.05825038708250385,0.031174444971486755,0.3861314738333672,1.081676396300092,9,0,8,North America,Cold_Without_dry_season_Warm_Summer
climate_zone_within_continent,zero_balance,events_minus_spd,observed_events_only,17,17,-0.7615824905146383,-0.3007294267391198,-0.05825038708250385,0.031174444971486755,0.3861314738333672,1.081676396300092,9,0,8,North America,Cold_Without_dry_season_Warm_Summer
climate_zone_within_continent,zero_balance,spd_events_minus_spd,as_coded,17,17,-0.516417670891161,-0.027934992718198437,0.2403030892155299,0.24014440994253541,0.41220995932733956,1.3427109674910938,5,1,11,North America,Cold_Without_dry_season_Warm_Summer
climate_zone_within_continent,zero_balance,spd_events_minus_spd,observed_events_only,17,17,-0.516417670891161,-0.027934992718198437,0.2403030892155299,0.24014440994253541,0.41220995932733956,1.3427109674910938,5,1,11,North America,Cold_Without_dry_season_Warm_Summer
climate_zone_within_continent,climate,events_minus_spd,as_coded,1,1,0.0029,0.0029,0.0029,0.0029,0.0029,0.0029,0,0,1,North America,Temperate_Dry_Summer
climate_zone_within_continent,climate,events_minus_spd,observed_events_only,1,1,0.0029,0.0029,0.0029,0.0029,0.0029,0.0029,0,0,1,North America,Temperate_Dry_Summer
climate_zone_within_continent,climate,spd_events_minus_spd,as_coded,1,1,-0.0034000000000000002,-0.0034000000000000002,-0.0034000000000000002,-0.0034000000000000002,-0.0034000000000000002,-0.0034000000000000002,1,0,0,North America,Temperate_Dry_Summer
climate_zone_within_continent,climate,spd_events_minus_spd,observed_events_only,1,1,-0.0034000000000000002,-0.0034000000000000002,-0.0034000000000000002,-0.0034000000000000002,-0.0034000000000000002,-0.0034000000000000002,1,0,0,North America,Temperate_Dry_Summer
climate_zone_within_continent,human,events_minus_spd,as_coded,1,1,8.99999999999998e-4,8.99999999999998e-4,8.99999999999998e-4,8.99999999999998e-4,8.99999999999998e-4,8.99999999999998e-4,0,0,1,North America,Temperate_Dry_Summer
climate_zone_within_continent,human,events_minus_spd,observed_events_only,1,1,8.99999999999998e-4,8.99999999999998e-4,8.99999999999998e-4,8.99999999999998e-4,8.99999999999998e-4,8.99999999999998e-4,0,0,1,North America,Temperate_Dry_Summer
climate_zone_within_continent,human,spd_events_minus_spd,as_coded,1,1,0.025199999999999997,0.025199999999999997,0.025199999999999997,0.025199999999999997,0.025199999999999997,0.025199999999999997,0,0,1,North America,Temperate_Dry_Summer
climate_zone_within_continent,human,spd_events_minus_spd,observed_events_only,1,1,0.025199999999999997,0.025199999999999997,0.025199999999999997,0.025199999999999997,0.025199999999999997,0.025199999999999997,0,0,1,North America,Temperate_Dry_Summer
climate_zone_within_continent,signed_balance,events_minus_spd,as_coded,1,1,0.14891854578923136,0.14891854578923136,0.14891854578923136,0.14891854578923136,0.14891854578923136,0.14891854578923136,0,0,1,North America,Temperate_Dry_Summer
climate_zone_within_continent,signed_balance,events_minus_spd,observed_events_only,1,1,0.14891854578923136,0.14891854578923136,0.14891854578923136,0.14891854578923136,0.14891854578923136,0.14891854578923136,0,0,1,North America,Temperate_Dry_Summer
climate_zone_within_continent,signed_balance,spd_events_minus_spd,as_coded,1,1,0.11959003028185422,0.11959003028185422,0.11959003028185422,0.11959003028185422,0.11959003028185422,0.11959003028185422,0,0,1,North America,Temperate_Dry_Summer
climate_zone_within_continent,signed_balance,spd_events_minus_spd,observed_events_only,1,1,0.11959003028185422,0.11959003028185422,0.11959003028185422,0.11959003028185422,0.11959003028185422,0.11959003028185422,0,0,1,North America,Temperate_Dry_Summer
climate_zone_within_continent,signed_difference,events_minus_spd,as_coded,1,1,-0.0020000000000000018,-0.0020000000000000018,-0.0020000000000000018,-0.0020000000000000018,-0.0020000000000000018,-0.0020000000000000018,1,0,0,North America,Temperate_Dry_Summer
climate_zone_within_continent,signed_difference,events_minus_spd,observed_events_only,1,1,-0.0020000000000000018,-0.0020000000000000018,-0.0020000000000000018,-0.0020000000000000018,-0.0020000000000000018,-0.0020000000000000018,1,0,0,North America,Temperate_Dry_Summer
climate_zone_within_continent,signed_difference,spd_events_minus_spd,as_coded,1,1,0.0286,0.0286,0.0286,0.0286,0.0286,0.0286,0,0,1,North America,Temperate_Dry_Summer
climate_zone_within_continent,signed_difference,spd_events_minus_spd,observed_events_only,1,1,0.0286,0.0286,0.0286,0.0286,0.0286,0.0286,0,0,1,North America,Temperate_Dry_Summer
climate_zone_within_continent,unique_adjusted_r2_pure_climate,events_minus_spd,as_coded,1,1,-0.030043249105202285,-0.030043249105202285,-0.030043249105202285,-0.030043249105202285,-0.030043249105202285,-0.030043249105202285,1,0,0,North America,Temperate_Dry_Summer
climate_zone_within_continent,unique_adjusted_r2_pure_climate,events_minus_spd,observed_events_only,1,1,-0.030043249105202285,-0.030043249105202285,-0.030043249105202285,-0.030043249105202285,-0.030043249105202285,-0.030043249105202285,1,0,0,North America,Temperate_Dry_Summer
climate_zone_within_continent,unique_adjusted_r2_pure_climate,spd_events_minus_spd,as_coded,1,1,-0.003641892806840019,-0.003641892806840019,-0.003641892806840019,-0.003641892806840019,-0.003641892806840019,-0.003641892806840019,1,0,0,North America,Temperate_Dry_Summer
climate_zone_within_continent,unique_adjusted_r2_pure_climate,spd_events_minus_spd,observed_events_only,1,1,-0.003641892806840019,-0.003641892806840019,-0.003641892806840019,-0.003641892806840019,-0.003641892806840019,-0.003641892806840019,1,0,0,North America,Temperate_Dry_Summer
climate_zone_within_continent,unique_adjusted_r2_pure_human,events_minus_spd,as_coded,1,1,-0.011655549770294371,-0.011655549770294371,-0.011655549770294371,-0.011655549770294371,-0.011655549770294371,-0.011655549770294371,1,0,0,North America,Temperate_Dry_Summer
climate_zone_within_continent,unique_adjusted_r2_pure_human,events_minus_spd,observed_events_only,1,1,-0.011655549770294371,-0.011655549770294371,-0.011655549770294371,-0.011655549770294371,-0.011655549770294371,-0.011655549770294371,1,0,0,North America,Temperate_Dry_Summer
climate_zone_within_continent,unique_adjusted_r2_pure_human,spd_events_minus_spd,as_coded,1,1,0.02773346015769418,0.02773346015769418,0.02773346015769418,0.02773346015769418,0.02773346015769418,0.02773346015769418,0,0,1,North America,Temperate_Dry_Summer
climate_zone_within_continent,unique_adjusted_r2_pure_human,spd_events_minus_spd,observed_events_only,1,1,0.02773346015769418,0.02773346015769418,0.02773346015769418,0.02773346015769418,0.02773346015769418,0.02773346015769418,0,0,1,North America,Temperate_Dry_Summer
climate_zone_within_continent,zero_balance,events_minus_spd,as_coded,1,1,0,0,0,0,0,0,0,1,0,North America,Temperate_Dry_Summer
climate_zone_within_continent,zero_balance,events_minus_spd,observed_events_only,1,1,0,0,0,0,0,0,0,1,0,North America,Temperate_Dry_Summer
climate_zone_within_continent,zero_balance,spd_events_minus_spd,as_coded,1,1,0,0,0,0,0,0,0,1,0,North America,Temperate_Dry_Summer
climate_zone_within_continent,zero_balance,spd_events_minus_spd,observed_events_only,1,1,0,0,0,0,0,0,0,1,0,North America,Temperate_Dry_Summer
climate_zone_within_continent,climate,events_minus_spd,as_coded,2,2,-0.0691,-0.046525,-0.02395,-0.02395,-0.0013750000000000012,0.021199999999999997,1,0,1,North America,Temperate_Without_dry_season
climate_zone_within_continent,climate,events_minus_spd,observed_events_only,2,2,-0.0691,-0.046525,-0.02395,-0.02395,-0.0013750000000000012,0.021199999999999997,1,0,1,North America,Temperate_Without_dry_season
climate_zone_within_continent,climate,spd_events_minus_spd,as_coded,2,2,-0.0201,-0.018125000000000002,-0.016150000000000008,-0.016150000000000008,-0.014175000000000012,-0.012200000000000016,2,0,0,North America,Temperate_Without_dry_season
climate_zone_within_continent,climate,spd_events_minus_spd,observed_events_only,2,2,-0.0201,-0.018125000000000002,-0.016150000000000008,-0.016150000000000008,-0.014175000000000012,-0.012200000000000016,2,0,0,North America,Temperate_Without_dry_season
climate_zone_within_continent,human,events_minus_spd,as_coded,2,2,-0.0293,-0.024275,-0.01925,-0.01925,-0.014225,-0.0092,2,0,0,North America,Temperate_Without_dry_season
climate_zone_within_continent,human,events_minus_spd,observed_events_only,2,2,-0.0293,-0.024275,-0.01925,-0.01925,-0.014225,-0.0092,2,0,0,North America,Temperate_Without_dry_season
climate_zone_within_continent,human,spd_events_minus_spd,as_coded,2,2,-0.0069,0.010325,0.027549999999999998,0.027549999999999998,0.044775,0.062,1,0,1,North America,Temperate_Without_dry_season
climate_zone_within_continent,human,spd_events_minus_spd,observed_events_only,2,2,-0.0069,0.010325,0.027549999999999998,0.027549999999999998,0.044775,0.062,1,0,1,North America,Temperate_Without_dry_season
climate_zone_within_continent,signed_balance,events_minus_spd,as_coded,2,2,-0.025887012773422424,0.006409284750697755,0.038705582274817935,0.038705582274817935,0.07100187979893811,0.1032981773230583,1,0,1,North America,Temperate_Without_dry_season
climate_zone_within_continent,signed_balance,events_minus_spd,observed_events_only,2,2,-0.025887012773422424,0.006409284750697755,0.038705582274817935,0.038705582274817935,0.07100187979893811,0.1032981773230583,1,0,1,North America,Temperate_Without_dry_season
climate_zone_within_continent,signed_balance,spd_events_minus_spd,as_coded,2,2,0.039000479979055466,0.06481625345043139,0.0906320269218073,0.0906320269218073,0.11644780039318324,0.14226357386455915,0,0,2,North America,Temperate_Without_dry_season
climate_zone_within_continent,signed_balance,spd_events_minus_spd,observed_events_only,2,2,0.039000479979055466,0.06481625345043139,0.0906320269218073,0.0906320269218073,0.11644780039318324,0.14226357386455915,0,0,2,North America,Temperate_Without_dry_season
climate_zone_within_continent,signed_difference,events_minus_spd,as_coded,2,2,-0.030399999999999983,-0.012849999999999988,0.004700000000000006,0.004700000000000006,0.02225,0.039799999999999995,1,0,1,North America,Temperate_Without_dry_season
climate_zone_within_continent,signed_difference,events_minus_spd,observed_events_only,2,2,-0.030399999999999983,-0.012849999999999988,0.004700000000000006,0.004700000000000006,0.02225,0.039799999999999995,1,0,1,North America,Temperate_Without_dry_season
climate_zone_within_continent,signed_difference,spd_events_minus_spd,as_coded,2,2,0.0132,0.028450000000000003,0.04370000000000001,0.04370000000000001,0.05895000000000001,0.07420000000000002,0,0,2,North America,Temperate_Without_dry_season
climate_zone_within_continent,signed_difference,spd_events_minus_spd,observed_events_only,2,2,0.0132,0.028450000000000003,0.04370000000000001,0.04370000000000001,0.05895000000000001,0.07420000000000002,0,0,2,North America,Temperate_Without_dry_season
climate_zone_within_continent,unique_adjusted_r2_pure_climate,events_minus_spd,as_coded,2,2,-0.08733128240419319,-0.07533816829314735,-0.06334505418210151,-0.06334505418210151,-0.051351940071055674,-0.039358825960009836,2,0,0,North America,Temperate_Without_dry_season
climate_zone_within_continent,unique_adjusted_r2_pure_climate,events_minus_spd,observed_events_only,2,2,-0.08733128240419319,-0.07533816829314735,-0.06334505418210151,-0.06334505418210151,-0.051351940071055674,-0.039358825960009836,2,0,0,North America,Temperate_Without_dry_season
climate_zone_within_continent,unique_adjusted_r2_pure_climate,spd_events_minus_spd,as_coded,2,2,-0.06979556724130387,-0.05981859116873561,-0.04984161509616736,-0.04984161509616736,-0.0398646390235991,-0.029887662951030847,2,0,0,North America,Temperate_Without_dry_season
climate_zone_within_continent,unique_adjusted_r2_pure_climate,spd_events_minus_spd,observed_events_only,2,2,-0.06979556724130387,-0.05981859116873561,-0.04984161509616736,-0.04984161509616736,-0.0398646390235991,-0.029887662951030847,2,0,0,North America,Temperate_Without_dry_season
climate_zone_within_continent,unique_adjusted_r2_pure_human,events_minus_spd,as_coded,2,2,-0.008941987557231634,0.005394031767502194,0.019730051092236023,0.019730051092236023,0.03406607041696985,0.04840208974170368,1,0,1,North America,Temperate_Without_dry_season
climate_zone_within_continent,unique_adjusted_r2_pure_human,events_minus_spd,observed_events_only,2,2,-0.008941987557231634,0.005394031767502194,0.019730051092236023,0.019730051092236023,0.03406607041696985,0.04840208974170368,1,0,1,North America,Temperate_Without_dry_season
climate_zone_within_continent,unique_adjusted_r2_pure_human,spd_events_minus_spd,as_coded,2,2,-0.04608759513000149,-0.02040317804437658,0.005281239041248331,0.005281239041248331,0.030965656126873242,0.05665007321249815,1,0,1,North America,Temperate_Without_dry_season
climate_zone_within_continent,unique_adjusted_r2_pure_human,spd_events_minus_spd,observed_events_only,2,2,-0.04608759513000149,-0.02040317804437658,0.005281239041248331,0.005281239041248331,0.030965656126873242,0.05665007321249815,1,0,1,North America,Temperate_Without_dry_season
climate_zone_within_continent,zero_balance,events_minus_spd,as_coded,2,1,-0.0702827305964468,-0.0702827305964468,-0.0702827305964468,-0.0702827305964468,-0.0702827305964468,-0.0702827305964468,1,0,0,North America,Temperate_Without_dry_season
climate_zone_within_continent,zero_balance,events_minus_spd,observed_events_only,2,1,-0.0702827305964468,-0.0702827305964468,-0.0702827305964468,-0.0702827305964468,-0.0702827305964468,-0.0702827305964468,1,0,0,North America,Temperate_Without_dry_season
climate_zone_within_continent,zero_balance,spd_events_minus_spd,as_coded,2,2,0.2569517704090296,0.4145888278067722,0.5722258852045148,0.5722258852045148,0.7298629426022574,0.8875000000000001,0,0,2,North America,Temperate_Without_dry_season
climate_zone_within_continent,zero_balance,spd_events_minus_spd,observed_events_only,2,2,0.2569517704090296,0.4145888278067722,0.5722258852045148,0.5722258852045148,0.7298629426022574,0.8875000000000001,0,0,2,North America,Temperate_Without_dry_season
climate_zone_within_continent,climate,events_minus_spd,as_coded,1,1,0.013300000000000006,0.013300000000000006,0.013300000000000006,0.013300000000000006,0.013300000000000006,0.013300000000000006,0,0,1,Oceania,Arid
climate_zone_within_continent,climate,events_minus_spd,observed_events_only,1,1,0.013300000000000006,0.013300000000000006,0.013300000000000006,0.013300000000000006,0.013300000000000006,0.013300000000000006,0,0,1,Oceania,Arid
climate_zone_within_continent,climate,spd_events_minus_spd,as_coded,1,1,0.023800000000000016,0.023800000000000016,0.023800000000000016,0.023800000000000016,0.023800000000000016,0.023800000000000016,0,0,1,Oceania,Arid
climate_zone_within_continent,climate,spd_events_minus_spd,observed_events_only,1,1,0.023800000000000016,0.023800000000000016,0.023800000000000016,0.023800000000000016,0.023800000000000016,0.023800000000000016,0,0,1,Oceania,Arid
climate_zone_within_continent,human,events_minus_spd,as_coded,1,1,0.05760000000000001,0.05760000000000001,0.05760000000000001,0.05760000000000001,0.05760000000000001,0.05760000000000001,0,0,1,Oceania,Arid
climate_zone_within_continent,human,events_minus_spd,observed_events_only,1,1,0.05760000000000001,0.05760000000000001,0.05760000000000001,0.05760000000000001,0.05760000000000001,0.05760000000000001,0,0,1,Oceania,Arid
climate_zone_within_continent,human,spd_events_minus_spd,as_coded,1,1,0.06570000000000001,0.06570000000000001,0.06570000000000001,0.06570000000000001,0.06570000000000001,0.06570000000000001,0,0,1,Oceania,Arid
climate_zone_within_continent,human,spd_events_minus_spd,observed_events_only,1,1,0.06570000000000001,0.06570000000000001,0.06570000000000001,0.06570000000000001,0.06570000000000001,0.06570000000000001,0,0,1,Oceania,Arid
climate_zone_within_continent,signed_balance,events_minus_spd,as_coded,1,1,0.11678004535147392,0.11678004535147392,0.11678004535147392,0.11678004535147392,0.11678004535147392,0.11678004535147392,0,0,1,Oceania,Arid
climate_zone_within_continent,signed_balance,events_minus_spd,observed_events_only,1,1,0.11678004535147392,0.11678004535147392,0.11678004535147392,0.11678004535147392,0.11678004535147392,0.11678004535147392,0,0,1,Oceania,Arid
climate_zone_within_continent,signed_balance,spd_events_minus_spd,as_coded,1,1,0.11995464852607707,0.11995464852607707,0.11995464852607707,0.11995464852607707,0.11995464852607707,0.11995464852607707,0,0,1,Oceania,Arid
climate_zone_within_continent,signed_balance,spd_events_minus_spd,observed_events_only,1,1,0.11995464852607707,0.11995464852607707,0.11995464852607707,0.11995464852607707,0.11995464852607707,0.11995464852607707,0,0,1,Oceania,Arid
climate_zone_within_continent,signed_difference,events_minus_spd,as_coded,1,1,0.044300000000000006,0.044300000000000006,0.044300000000000006,0.044300000000000006,0.044300000000000006,0.044300000000000006,0,0,1,Oceania,Arid
climate_zone_within_continent,signed_difference,events_minus_spd,observed_events_only,1,1,0.044300000000000006,0.044300000000000006,0.044300000000000006,0.044300000000000006,0.044300000000000006,0.044300000000000006,0,0,1,Oceania,Arid
climate_zone_within_continent,signed_difference,spd_events_minus_spd,as_coded,1,1,0.04189999999999999,0.04189999999999999,0.04189999999999999,0.04189999999999999,0.04189999999999999,0.04189999999999999,0,0,1,Oceania,Arid
climate_zone_within_continent,signed_difference,spd_events_minus_spd,observed_events_only,1,1,0.04189999999999999,0.04189999999999999,0.04189999999999999,0.04189999999999999,0.04189999999999999,0.04189999999999999,0,0,1,Oceania,Arid
climate_zone_within_continent,unique_adjusted_r2_pure_climate,events_minus_spd,as_coded,1,1,0.04967484732549865,0.04967484732549865,0.04967484732549865,0.04967484732549865,0.04967484732549865,0.04967484732549865,0,0,1,Oceania,Arid
climate_zone_within_continent,unique_adjusted_r2_pure_climate,events_minus_spd,observed_events_only,1,1,0.04967484732549865,0.04967484732549865,0.04967484732549865,0.04967484732549865,0.04967484732549865,0.04967484732549865,0,0,1,Oceania,Arid
climate_zone_within_continent,unique_adjusted_r2_pure_climate,spd_events_minus_spd,as_coded,1,1,0.045993451118915396,0.045993451118915396,0.045993451118915396,0.045993451118915396,0.045993451118915396,0.045993451118915396,0,0,1,Oceania,Arid
climate_zone_within_continent,unique_adjusted_r2_pure_climate,spd_events_minus_spd,observed_events_only,1,1,0.045993451118915396,0.045993451118915396,0.045993451118915396,0.045993451118915396,0.045993451118915396,0.045993451118915396,0,0,1,Oceania,Arid
climate_zone_within_continent,unique_adjusted_r2_pure_human,events_minus_spd,as_coded,1,1,0.06247859219912,0.06247859219912,0.06247859219912,0.06247859219912,0.06247859219912,0.06247859219912,0,0,1,Oceania,Arid
climate_zone_within_continent,unique_adjusted_r2_pure_human,events_minus_spd,observed_events_only,1,1,0.06247859219912,0.06247859219912,0.06247859219912,0.06247859219912,0.06247859219912,0.06247859219912,0,0,1,Oceania,Arid
climate_zone_within_continent,unique_adjusted_r2_pure_human,spd_events_minus_spd,as_coded,1,1,0.09835561726093611,0.09835561726093611,0.09835561726093611,0.09835561726093611,0.09835561726093611,0.09835561726093611,0,0,1,Oceania,Arid
climate_zone_within_continent,unique_adjusted_r2_pure_human,spd_events_minus_spd,observed_events_only,1,1,0.09835561726093611,0.09835561726093611,0.09835561726093611,0.09835561726093611,0.09835561726093611,0.09835561726093611,0,0,1,Oceania,Arid
climate_zone_within_continent,zero_balance,events_minus_spd,as_coded,1,1,0.23235585544590248,0.23235585544590248,0.23235585544590248,0.23235585544590248,0.23235585544590248,0.23235585544590248,0,0,1,Oceania,Arid
climate_zone_within_continent,zero_balance,events_minus_spd,observed_events_only,1,1,0.23235585544590248,0.23235585544590248,0.23235585544590248,0.23235585544590248,0.23235585544590248,0.23235585544590248,0,0,1,Oceania,Arid
climate_zone_within_continent,zero_balance,spd_events_minus_spd,as_coded,1,1,0.2352750584929428,0.2352750584929428,0.2352750584929428,0.2352750584929428,0.2352750584929428,0.2352750584929428,0,0,1,Oceania,Arid
climate_zone_within_continent,zero_balance,spd_events_minus_spd,observed_events_only,1,1,0.2352750584929428,0.2352750584929428,0.2352750584929428,0.2352750584929428,0.2352750584929428,0.2352750584929428,0,0,1,Oceania,Arid
climate_zone_within_continent,climate,events_minus_spd,as_coded,1,1,0.0315,0.0315,0.0315,0.0315,0.0315,0.0315,0,0,1,Oceania,Cold_Without_dry_season_Cold_Summer
climate_zone_within_continent,climate,events_minus_spd,observed_events_only,1,1,0.0315,0.0315,0.0315,0.0315,0.0315,0.0315,0,0,1,Oceania,Cold_Without_dry_season_Cold_Summer
climate_zone_within_continent,climate,spd_events_minus_spd,as_coded,1,1,0.0058,0.0058,0.0058,0.0058,0.0058,0.0058,0,0,1,Oceania,Cold_Without_dry_season_Cold_Summer
climate_zone_within_continent,climate,spd_events_minus_spd,observed_events_only,1,1,0.0058,0.0058,0.0058,0.0058,0.0058,0.0058,0,0,1,Oceania,Cold_Without_dry_season_Cold_Summer
climate_zone_within_continent,human,events_minus_spd,as_coded,1,1,0.10919999999999999,0.10919999999999999,0.10919999999999999,0.10919999999999999,0.10919999999999999,0.10919999999999999,0,0,1,Oceania,Cold_Without_dry_season_Cold_Summer
climate_zone_within_continent,human,events_minus_spd,observed_events_only,1,1,0.10919999999999999,0.10919999999999999,0.10919999999999999,0.10919999999999999,0.10919999999999999,0.10919999999999999,0,0,1,Oceania,Cold_Without_dry_season_Cold_Summer
climate_zone_within_continent,human,spd_events_minus_spd,as_coded,1,1,0.1166,0.1166,0.1166,0.1166,0.1166,0.1166,0,0,1,Oceania,Cold_Without_dry_season_Cold_Summer
climate_zone_within_continent,human,spd_events_minus_spd,observed_events_only,1,1,0.1166,0.1166,0.1166,0.1166,0.1166,0.1166,0,0,1,Oceania,Cold_Without_dry_season_Cold_Summer
climate_zone_within_continent,signed_balance,events_minus_spd,as_coded,1,1,0.40261891875638944,0.40261891875638944,0.40261891875638944,0.40261891875638944,0.40261891875638944,0.40261891875638944,0,0,1,Oceania,Cold_Without_dry_season_Cold_Summer
climate_zone_within_continent,signed_balance,events_minus_spd,observed_events_only,1,1,0.40261891875638944,0.40261891875638944,0.40261891875638944,0.40261891875638944,0.40261891875638944,0.40261891875638944,0,0,1,Oceania,Cold_Without_dry_season_Cold_Summer
climate_zone_within_continent,signed_balance,spd_events_minus_spd,as_coded,1,1,0.5068540917511168,0.5068540917511168,0.5068540917511168,0.5068540917511168,0.5068540917511168,0.5068540917511168,0,0,1,Oceania,Cold_Without_dry_season_Cold_Summer
climate_zone_within_continent,signed_balance,spd_events_minus_spd,observed_events_only,1,1,0.5068540917511168,0.5068540917511168,0.5068540917511168,0.5068540917511168,0.5068540917511168,0.5068540917511168,0,0,1,Oceania,Cold_Without_dry_season_Cold_Summer
climate_zone_within_continent,signed_difference,events_minus_spd,as_coded,1,1,0.07769999999999999,0.07769999999999999,0.07769999999999999,0.07769999999999999,0.07769999999999999,0.07769999999999999,0,0,1,Oceania,Cold_Without_dry_season_Cold_Summer
climate_zone_within_continent,signed_difference,events_minus_spd,observed_events_only,1,1,0.07769999999999999,0.07769999999999999,0.07769999999999999,0.07769999999999999,0.07769999999999999,0.07769999999999999,0,0,1,Oceania,Cold_Without_dry_season_Cold_Summer
climate_zone_within_continent,signed_difference,spd_events_minus_spd,as_coded,1,1,0.11080000000000001,0.11080000000000001,0.11080000000000001,0.11080000000000001,0.11080000000000001,0.11080000000000001,0,0,1,Oceania,Cold_Without_dry_season_Cold_Summer
climate_zone_within_continent,signed_difference,spd_events_minus_spd,observed_events_only,1,1,0.11080000000000001,0.11080000000000001,0.11080000000000001,0.11080000000000001,0.11080000000000001,0.11080000000000001,0,0,1,Oceania,Cold_Without_dry_season_Cold_Summer
climate_zone_within_continent,unique_adjusted_r2_pure_climate,events_minus_spd,as_coded,1,1,0.04417223324449393,0.04417223324449393,0.04417223324449393,0.04417223324449393,0.04417223324449393,0.04417223324449393,0,0,1,Oceania,Cold_Without_dry_season_Cold_Summer
climate_zone_within_continent,unique_adjusted_r2_pure_climate,events_minus_spd,observed_events_only,1,1,0.04417223324449393,0.04417223324449393,0.04417223324449393,0.04417223324449393,0.04417223324449393,0.04417223324449393,0,0,1,Oceania,Cold_Without_dry_season_Cold_Summer
climate_zone_within_continent,unique_adjusted_r2_pure_climate,spd_events_minus_spd,as_coded,1,1,0.007151461089337174,0.007151461089337174,0.007151461089337174,0.007151461089337174,0.007151461089337174,0.007151461089337174,0,0,1,Oceania,Cold_Without_dry_season_Cold_Summer
climate_zone_within_continent,unique_adjusted_r2_pure_climate,spd_events_minus_spd,observed_events_only,1,1,0.007151461089337174,0.007151461089337174,0.007151461089337174,0.007151461089337174,0.007151461089337174,0.007151461089337174,0,0,1,Oceania,Cold_Without_dry_season_Cold_Summer
climate_zone_within_continent,unique_adjusted_r2_pure_human,events_minus_spd,as_coded,1,1,0.10324114247724381,0.10324114247724381,0.10324114247724381,0.10324114247724381,0.10324114247724381,0.10324114247724381,0,0,1,Oceania,Cold_Without_dry_season_Cold_Summer
climate_zone_within_continent,unique_adjusted_r2_pure_human,events_minus_spd,observed_events_only,1,1,0.10324114247724381,0.10324114247724381,0.10324114247724381,0.10324114247724381,0.10324114247724381,0.10324114247724381,0,0,1,Oceania,Cold_Without_dry_season_Cold_Summer
climate_zone_within_continent,unique_adjusted_r2_pure_human,spd_events_minus_spd,as_coded,1,1,0.12802296573878802,0.12802296573878802,0.12802296573878802,0.12802296573878802,0.12802296573878802,0.12802296573878802,0,0,1,Oceania,Cold_Without_dry_season_Cold_Summer
climate_zone_within_continent,unique_adjusted_r2_pure_human,spd_events_minus_spd,observed_events_only,1,1,0.12802296573878802,0.12802296573878802,0.12802296573878802,0.12802296573878802,0.12802296573878802,0.12802296573878802,0,0,1,Oceania,Cold_Without_dry_season_Cold_Summer
climate_zone_within_continent,zero_balance,events_minus_spd,as_coded,1,1,1.055869464557735,1.055869464557735,1.055869464557735,1.055869464557735,1.055869464557735,1.055869464557735,0,0,1,Oceania,Cold_Without_dry_season_Cold_Summer
climate_zone_within_continent,zero_balance,events_minus_spd,observed_events_only,1,1,1.055869464557735,1.055869464557735,1.055869464557735,1.055869464557735,1.055869464557735,1.055869464557735,0,0,1,Oceania,Cold_Without_dry_season_Cold_Summer
climate_zone_within_continent,zero_balance,spd_events_minus_spd,as_coded,1,1,1.302022804568409,1.302022804568409,1.302022804568409,1.302022804568409,1.302022804568409,1.302022804568409,0,0,1,Oceania,Cold_Without_dry_season_Cold_Summer
climate_zone_within_continent,zero_balance,spd_events_minus_spd,observed_events_only,1,1,1.302022804568409,1.302022804568409,1.302022804568409,1.302022804568409,1.302022804568409,1.302022804568409,0,0,1,Oceania,Cold_Without_dry_season_Cold_Summer
climate_zone_within_continent,climate,events_minus_spd,as_coded,1,1,0.0457,0.0457,0.0457,0.0457,0.0457,0.0457,0,0,1,Oceania,Cold_Without_dry_season_Warm_Summer
climate_zone_within_continent,climate,events_minus_spd,observed_events_only,1,1,0.0457,0.0457,0.0457,0.0457,0.0457,0.0457,0,0,1,Oceania,Cold_Without_dry_season_Warm_Summer
climate_zone_within_continent,climate,spd_events_minus_spd,as_coded,1,1,-0.0469,-0.0469,-0.0469,-0.0469,-0.0469,-0.0469,1,0,0,Oceania,Cold_Without_dry_season_Warm_Summer
climate_zone_within_continent,climate,spd_events_minus_spd,observed_events_only,1,1,-0.0469,-0.0469,-0.0469,-0.0469,-0.0469,-0.0469,1,0,0,Oceania,Cold_Without_dry_season_Warm_Summer
climate_zone_within_continent,human,events_minus_spd,as_coded,1,1,-0.1503,-0.1503,-0.1503,-0.1503,-0.1503,-0.1503,1,0,0,Oceania,Cold_Without_dry_season_Warm_Summer
climate_zone_within_continent,human,events_minus_spd,observed_events_only,1,1,-0.1503,-0.1503,-0.1503,-0.1503,-0.1503,-0.1503,1,0,0,Oceania,Cold_Without_dry_season_Warm_Summer
climate_zone_within_continent,human,spd_events_minus_spd,as_coded,1,1,-0.018699999999999994,-0.018699999999999994,-0.018699999999999994,-0.018699999999999994,-0.018699999999999994,-0.018699999999999994,1,0,0,Oceania,Cold_Without_dry_season_Warm_Summer
climate_zone_within_continent,human,spd_events_minus_spd,observed_events_only,1,1,-0.018699999999999994,-0.018699999999999994,-0.018699999999999994,-0.018699999999999994,-0.018699999999999994,-0.018699999999999994,1,0,0,Oceania,Cold_Without_dry_season_Warm_Summer
climate_zone_within_continent,signed_balance,events_minus_spd,as_coded,1,1,-0.4141233548213806,-0.4141233548213806,-0.4141233548213806,-0.4141233548213806,-0.4141233548213806,-0.4141233548213806,1,0,0,Oceania,Cold_Without_dry_season_Warm_Summer
climate_zone_within_continent,signed_balance,events_minus_spd,observed_events_only,1,1,-0.4141233548213806,-0.4141233548213806,-0.4141233548213806,-0.4141233548213806,-0.4141233548213806,-0.4141233548213806,1,0,0,Oceania,Cold_Without_dry_season_Warm_Summer
climate_zone_within_continent,signed_balance,spd_events_minus_spd,as_coded,1,1,0.06648878858474086,0.06648878858474086,0.06648878858474086,0.06648878858474086,0.06648878858474086,0.06648878858474086,0,0,1,Oceania,Cold_Without_dry_season_Warm_Summer
climate_zone_within_continent,signed_balance,spd_events_minus_spd,observed_events_only,1,1,0.06648878858474086,0.06648878858474086,0.06648878858474086,0.06648878858474086,0.06648878858474086,0.06648878858474086,0,0,1,Oceania,Cold_Without_dry_season_Warm_Summer
climate_zone_within_continent,signed_difference,events_minus_spd,as_coded,1,1,-0.19599999999999998,-0.19599999999999998,-0.19599999999999998,-0.19599999999999998,-0.19599999999999998,-0.19599999999999998,1,0,0,Oceania,Cold_Without_dry_season_Warm_Summer
climate_zone_within_continent,signed_difference,events_minus_spd,observed_events_only,1,1,-0.19599999999999998,-0.19599999999999998,-0.19599999999999998,-0.19599999999999998,-0.19599999999999998,-0.19599999999999998,1,0,0,Oceania,Cold_Without_dry_season_Warm_Summer
climate_zone_within_continent,signed_difference,spd_events_minus_spd,as_coded,1,1,0.028200000000000017,0.028200000000000017,0.028200000000000017,0.028200000000000017,0.028200000000000017,0.028200000000000017,0,0,1,Oceania,Cold_Without_dry_season_Warm_Summer
climate_zone_within_continent,signed_difference,spd_events_minus_spd,observed_events_only,1,1,0.028200000000000017,0.028200000000000017,0.028200000000000017,0.028200000000000017,0.028200000000000017,0.028200000000000017,0,0,1,Oceania,Cold_Without_dry_season_Warm_Summer
climate_zone_within_continent,unique_adjusted_r2_pure_climate,events_minus_spd,as_coded,1,1,-0.022376689356606527,-0.022376689356606527,-0.022376689356606527,-0.022376689356606527,-0.022376689356606527,-0.022376689356606527,1,0,0,Oceania,Cold_Without_dry_season_Warm_Summer
climate_zone_within_continent,unique_adjusted_r2_pure_climate,events_minus_spd,observed_events_only,1,1,-0.022376689356606527,-0.022376689356606527,-0.022376689356606527,-0.022376689356606527,-0.022376689356606527,-0.022376689356606527,1,0,0,Oceania,Cold_Without_dry_season_Warm_Summer
climate_zone_within_continent,unique_adjusted_r2_pure_climate,spd_events_minus_spd,as_coded,1,1,-0.10082635426835496,-0.10082635426835496,-0.10082635426835496,-0.10082635426835496,-0.10082635426835496,-0.10082635426835496,1,0,0,Oceania,Cold_Without_dry_season_Warm_Summer
climate_zone_within_continent,unique_adjusted_r2_pure_climate,spd_events_minus_spd,observed_events_only,1,1,-0.10082635426835496,-0.10082635426835496,-0.10082635426835496,-0.10082635426835496,-0.10082635426835496,-0.10082635426835496,1,0,0,Oceania,Cold_Without_dry_season_Warm_Summer
climate_zone_within_continent,unique_adjusted_r2_pure_human,events_minus_spd,as_coded,1,1,-0.10611906728707976,-0.10611906728707976,-0.10611906728707976,-0.10611906728707976,-0.10611906728707976,-0.10611906728707976,1,0,0,Oceania,Cold_Without_dry_season_Warm_Summer
climate_zone_within_continent,unique_adjusted_r2_pure_human,events_minus_spd,observed_events_only,1,1,-0.10611906728707976,-0.10611906728707976,-0.10611906728707976,-0.10611906728707976,-0.10611906728707976,-0.10611906728707976,1,0,0,Oceania,Cold_Without_dry_season_Warm_Summer
climate_zone_within_continent,unique_adjusted_r2_pure_human,spd_events_minus_spd,as_coded,1,1,-0.03876836169160158,-0.03876836169160158,-0.03876836169160158,-0.03876836169160158,-0.03876836169160158,-0.03876836169160158,1,0,0,Oceania,Cold_Without_dry_season_Warm_Summer
climate_zone_within_continent,unique_adjusted_r2_pure_human,spd_events_minus_spd,observed_events_only,1,1,-0.03876836169160158,-0.03876836169160158,-0.03876836169160158,-0.03876836169160158,-0.03876836169160158,-0.03876836169160158,1,0,0,Oceania,Cold_Without_dry_season_Warm_Summer
climate_zone_within_continent,zero_balance,events_minus_spd,as_coded,1,1,-1.3951527924130662,-1.3951527924130662,-1.3951527924130662,-1.3951527924130662,-1.3951527924130662,-1.3951527924130662,1,0,0,Oceania,Cold_Without_dry_season_Warm_Summer
climate_zone_within_continent,zero_balance,events_minus_spd,observed_events_only,1,1,-1.3951527924130662,-1.3951527924130662,-1.3951527924130662,-1.3951527924130662,-1.3951527924130662,-1.3951527924130662,1,0,0,Oceania,Cold_Without_dry_season_Warm_Summer
climate_zone_within_continent,zero_balance,spd_events_minus_spd,as_coded,1,1,0.435765081983069,0.435765081983069,0.435765081983069,0.435765081983069,0.435765081983069,0.435765081983069,0,0,1,Oceania,Cold_Without_dry_season_Warm_Summer
climate_zone_within_continent,zero_balance,spd_events_minus_spd,observed_events_only,1,1,0.435765081983069,0.435765081983069,0.435765081983069,0.435765081983069,0.435765081983069,0.435765081983069,0,0,1,Oceania,Cold_Without_dry_season_Warm_Summer
climate_zone_within_continent,climate,events_minus_spd,as_coded,1,1,-0.05349999999999999,-0.05349999999999999,-0.05349999999999999,-0.05349999999999999,-0.05349999999999999,-0.05349999999999999,1,0,0,Oceania,Temperate_Dry_Summer
climate_zone_within_continent,climate,events_minus_spd,observed_events_only,1,1,-0.05349999999999999,-0.05349999999999999,-0.05349999999999999,-0.05349999999999999,-0.05349999999999999,-0.05349999999999999,1,0,0,Oceania,Temperate_Dry_Summer
climate_zone_within_continent,climate,spd_events_minus_spd,as_coded,1,1,-0.027599999999999986,-0.027599999999999986,-0.027599999999999986,-0.027599999999999986,-0.027599999999999986,-0.027599999999999986,1,0,0,Oceania,Temperate_Dry_Summer
climate_zone_within_continent,climate,spd_events_minus_spd,observed_events_only,1,1,-0.027599999999999986,-0.027599999999999986,-0.027599999999999986,-0.027599999999999986,-0.027599999999999986,-0.027599999999999986,1,0,0,Oceania,Temperate_Dry_Summer
climate_zone_within_continent,human,events_minus_spd,as_coded,1,1,0.1573,0.1573,0.1573,0.1573,0.1573,0.1573,0,0,1,Oceania,Temperate_Dry_Summer
climate_zone_within_continent,human,events_minus_spd,observed_events_only,1,1,0.1573,0.1573,0.1573,0.1573,0.1573,0.1573,0,0,1,Oceania,Temperate_Dry_Summer
climate_zone_within_continent,human,spd_events_minus_spd,as_coded,1,1,0.1543,0.1543,0.1543,0.1543,0.1543,0.1543,0,0,1,Oceania,Temperate_Dry_Summer
climate_zone_within_continent,human,spd_events_minus_spd,observed_events_only,1,1,0.1543,0.1543,0.1543,0.1543,0.1543,0.1543,0,0,1,Oceania,Temperate_Dry_Summer
climate_zone_within_continent,signed_balance,events_minus_spd,as_coded,1,1,0.8232139311948723,0.8232139311948723,0.8232139311948723,0.8232139311948723,0.8232139311948723,0.8232139311948723,0,0,1,Oceania,Temperate_Dry_Summer
climate_zone_within_continent,signed_balance,events_minus_spd,observed_events_only,1,1,0.8232139311948723,0.8232139311948723,0.8232139311948723,0.8232139311948723,0.8232139311948723,0.8232139311948723,0,0,1,Oceania,Temperate_Dry_Summer
climate_zone_within_continent,signed_balance,spd_events_minus_spd,as_coded,1,1,0.7071574414374281,0.7071574414374281,0.7071574414374281,0.7071574414374281,0.7071574414374281,0.7071574414374281,0,0,1,Oceania,Temperate_Dry_Summer
climate_zone_within_continent,signed_balance,spd_events_minus_spd,observed_events_only,1,1,0.7071574414374281,0.7071574414374281,0.7071574414374281,0.7071574414374281,0.7071574414374281,0.7071574414374281,0,0,1,Oceania,Temperate_Dry_Summer
climate_zone_within_continent,signed_difference,events_minus_spd,as_coded,1,1,0.2108,0.2108,0.2108,0.2108,0.2108,0.2108,0,0,1,Oceania,Temperate_Dry_Summer
climate_zone_within_continent,signed_difference,events_minus_spd,observed_events_only,1,1,0.2108,0.2108,0.2108,0.2108,0.2108,0.2108,0,0,1,Oceania,Temperate_Dry_Summer
climate_zone_within_continent,signed_difference,spd_events_minus_spd,as_coded,1,1,0.1819,0.1819,0.1819,0.1819,0.1819,0.1819,0,0,1,Oceania,Temperate_Dry_Summer
climate_zone_within_continent,signed_difference,spd_events_minus_spd,observed_events_only,1,1,0.1819,0.1819,0.1819,0.1819,0.1819,0.1819,0,0,1,Oceania,Temperate_Dry_Summer
climate_zone_within_continent,unique_adjusted_r2_pure_climate,events_minus_spd,as_coded,1,1,-0.15440817470643098,-0.15440817470643098,-0.15440817470643098,-0.15440817470643098,-0.15440817470643098,-0.15440817470643098,1,0,0,Oceania,Temperate_Dry_Summer
climate_zone_within_continent,unique_adjusted_r2_pure_climate,events_minus_spd,observed_events_only,1,1,-0.15440817470643098,-0.15440817470643098,-0.15440817470643098,-0.15440817470643098,-0.15440817470643098,-0.15440817470643098,1,0,0,Oceania,Temperate_Dry_Summer
climate_zone_within_continent,unique_adjusted_r2_pure_climate,spd_events_minus_spd,as_coded,1,1,-0.05032412768560546,-0.05032412768560546,-0.05032412768560546,-0.05032412768560546,-0.05032412768560546,-0.05032412768560546,1,0,0,Oceania,Temperate_Dry_Summer
climate_zone_within_continent,unique_adjusted_r2_pure_climate,spd_events_minus_spd,observed_events_only,1,1,-0.05032412768560546,-0.05032412768560546,-0.05032412768560546,-0.05032412768560546,-0.05032412768560546,-0.05032412768560546,1,0,0,Oceania,Temperate_Dry_Summer
climate_zone_within_continent,unique_adjusted_r2_pure_human,events_minus_spd,as_coded,1,1,0.10374010322146732,0.10374010322146732,0.10374010322146732,0.10374010322146732,0.10374010322146732,0.10374010322146732,0,0,1,Oceania,Temperate_Dry_Summer
climate_zone_within_continent,unique_adjusted_r2_pure_human,events_minus_spd,observed_events_only,1,1,0.10374010322146732,0.10374010322146732,0.10374010322146732,0.10374010322146732,0.10374010322146732,0.10374010322146732,0,0,1,Oceania,Temperate_Dry_Summer
climate_zone_within_continent,unique_adjusted_r2_pure_human,spd_events_minus_spd,as_coded,1,1,0.15079710356507559,0.15079710356507559,0.15079710356507559,0.15079710356507559,0.15079710356507559,0.15079710356507559,0,0,1,Oceania,Temperate_Dry_Summer
climate_zone_within_continent,unique_adjusted_r2_pure_human,spd_events_minus_spd,observed_events_only,1,1,0.15079710356507559,0.15079710356507559,0.15079710356507559,0.15079710356507559,0.15079710356507559,0.15079710356507559,0,0,1,Oceania,Temperate_Dry_Summer
climate_zone_within_continent,zero_balance,events_minus_spd,as_coded,1,1,1.1764976673636243,1.1764976673636243,1.1764976673636243,1.1764976673636243,1.1764976673636243,1.1764976673636243,0,0,1,Oceania,Temperate_Dry_Summer
climate_zone_within_continent,zero_balance,events_minus_spd,observed_events_only,1,1,1.1764976673636243,1.1764976673636243,1.1764976673636243,1.1764976673636243,1.1764976673636243,1.1764976673636243,0,0,1,Oceania,Temperate_Dry_Summer
climate_zone_within_continent,zero_balance,spd_events_minus_spd,as_coded,1,1,1.0380680700871059,1.0380680700871059,1.0380680700871059,1.0380680700871059,1.0380680700871059,1.0380680700871059,0,0,1,Oceania,Temperate_Dry_Summer
climate_zone_within_continent,zero_balance,spd_events_minus_spd,observed_events_only,1,1,1.0380680700871059,1.0380680700871059,1.0380680700871059,1.0380680700871059,1.0380680700871059,1.0380680700871059,0,0,1,Oceania,Temperate_Dry_Summer
climate_zone_within_continent,climate,events_minus_spd,as_coded,1,1,0.0121,0.0121,0.0121,0.0121,0.0121,0.0121,0,0,1,Oceania,Temperate_Dry_Winter
climate_zone_within_continent,climate,events_minus_spd,observed_events_only,1,1,0.0121,0.0121,0.0121,0.0121,0.0121,0.0121,0,0,1,Oceania,Temperate_Dry_Winter
climate_zone_within_continent,climate,spd_events_minus_spd,as_coded,1,1,-0.027800000000000005,-0.027800000000000005,-0.027800000000000005,-0.027800000000000005,-0.027800000000000005,-0.027800000000000005,1,0,0,Oceania,Temperate_Dry_Winter
climate_zone_within_continent,climate,spd_events_minus_spd,observed_events_only,1,1,-0.027800000000000005,-0.027800000000000005,-0.027800000000000005,-0.027800000000000005,-0.027800000000000005,-0.027800000000000005,1,0,0,Oceania,Temperate_Dry_Winter
climate_zone_within_continent,human,events_minus_spd,as_coded,1,1,-0.0644,-0.0644,-0.0644,-0.0644,-0.0644,-0.0644,1,0,0,Oceania,Temperate_Dry_Winter
climate_zone_within_continent,human,events_minus_spd,observed_events_only,1,1,-0.0644,-0.0644,-0.0644,-0.0644,-0.0644,-0.0644,1,0,0,Oceania,Temperate_Dry_Winter
climate_zone_within_continent,human,spd_events_minus_spd,as_coded,1,1,-0.0459,-0.0459,-0.0459,-0.0459,-0.0459,-0.0459,1,0,0,Oceania,Temperate_Dry_Winter
climate_zone_within_continent,human,spd_events_minus_spd,observed_events_only,1,1,-0.0459,-0.0459,-0.0459,-0.0459,-0.0459,-0.0459,1,0,0,Oceania,Temperate_Dry_Winter
climate_zone_within_continent,signed_balance,events_minus_spd,as_coded,1,1,-0.30040905916392296,-0.30040905916392296,-0.30040905916392296,-0.30040905916392296,-0.30040905916392296,-0.30040905916392296,1,0,0,Oceania,Temperate_Dry_Winter
climate_zone_within_continent,signed_balance,events_minus_spd,observed_events_only,1,1,-0.30040905916392296,-0.30040905916392296,-0.30040905916392296,-0.30040905916392296,-0.30040905916392296,-0.30040905916392296,1,0,0,Oceania,Temperate_Dry_Winter
climate_zone_within_continent,signed_balance,spd_events_minus_spd,as_coded,1,1,-0.0796481064263491,-0.0796481064263491,-0.0796481064263491,-0.0796481064263491,-0.0796481064263491,-0.0796481064263491,1,0,0,Oceania,Temperate_Dry_Winter
climate_zone_within_continent,signed_balance,spd_events_minus_spd,observed_events_only,1,1,-0.0796481064263491,-0.0796481064263491,-0.0796481064263491,-0.0796481064263491,-0.0796481064263491,-0.0796481064263491,1,0,0,Oceania,Temperate_Dry_Winter
climate_zone_within_continent,signed_difference,events_minus_spd,as_coded,1,1,-0.0765,-0.0765,-0.0765,-0.0765,-0.0765,-0.0765,1,0,0,Oceania,Temperate_Dry_Winter
climate_zone_within_continent,signed_difference,events_minus_spd,observed_events_only,1,1,-0.0765,-0.0765,-0.0765,-0.0765,-0.0765,-0.0765,1,0,0,Oceania,Temperate_Dry_Winter
climate_zone_within_continent,signed_difference,spd_events_minus_spd,as_coded,1,1,-0.018099999999999998,-0.018099999999999998,-0.018099999999999998,-0.018099999999999998,-0.018099999999999998,-0.018099999999999998,1,0,0,Oceania,Temperate_Dry_Winter
climate_zone_within_continent,signed_difference,spd_events_minus_spd,observed_events_only,1,1,-0.018099999999999998,-0.018099999999999998,-0.018099999999999998,-0.018099999999999998,-0.018099999999999998,-0.018099999999999998,1,0,0,Oceania,Temperate_Dry_Winter
climate_zone_within_continent,unique_adjusted_r2_pure_climate,events_minus_spd,as_coded,1,1,-0.016199718891227066,-0.016199718891227066,-0.016199718891227066,-0.016199718891227066,-0.016199718891227066,-0.016199718891227066,1,0,0,Oceania,Temperate_Dry_Winter
climate_zone_within_continent,unique_adjusted_r2_pure_climate,events_minus_spd,observed_events_only,1,1,-0.016199718891227066,-0.016199718891227066,-0.016199718891227066,-0.016199718891227066,-0.016199718891227066,-0.016199718891227066,1,0,0,Oceania,Temperate_Dry_Winter
climate_zone_within_continent,unique_adjusted_r2_pure_climate,spd_events_minus_spd,as_coded,1,1,-0.05877348539039107,-0.05877348539039107,-0.05877348539039107,-0.05877348539039107,-0.05877348539039107,-0.05877348539039107,1,0,0,Oceania,Temperate_Dry_Winter
climate_zone_within_continent,unique_adjusted_r2_pure_climate,spd_events_minus_spd,observed_events_only,1,1,-0.05877348539039107,-0.05877348539039107,-0.05877348539039107,-0.05877348539039107,-0.05877348539039107,-0.05877348539039107,1,0,0,Oceania,Temperate_Dry_Winter
climate_zone_within_continent,unique_adjusted_r2_pure_human,events_minus_spd,as_coded,1,1,-0.05419567259460745,-0.05419567259460745,-0.05419567259460745,-0.05419567259460745,-0.05419567259460745,-0.05419567259460745,1,0,0,Oceania,Temperate_Dry_Winter
climate_zone_within_continent,unique_adjusted_r2_pure_human,events_minus_spd,observed_events_only,1,1,-0.05419567259460745,-0.05419567259460745,-0.05419567259460745,-0.05419567259460745,-0.05419567259460745,-0.05419567259460745,1,0,0,Oceania,Temperate_Dry_Winter
climate_zone_within_continent,unique_adjusted_r2_pure_human,spd_events_minus_spd,as_coded,1,1,-0.07243354451910045,-0.07243354451910045,-0.07243354451910045,-0.07243354451910045,-0.07243354451910045,-0.07243354451910045,1,0,0,Oceania,Temperate_Dry_Winter
climate_zone_within_continent,unique_adjusted_r2_pure_human,spd_events_minus_spd,observed_events_only,1,1,-0.07243354451910045,-0.07243354451910045,-0.07243354451910045,-0.07243354451910045,-0.07243354451910045,-0.07243354451910045,1,0,0,Oceania,Temperate_Dry_Winter
climate_zone_within_continent,zero_balance,events_minus_spd,as_coded,1,1,-0.6301001132486094,-0.6301001132486094,-0.6301001132486094,-0.6301001132486094,-0.6301001132486094,-0.6301001132486094,1,0,0,Oceania,Temperate_Dry_Winter
climate_zone_within_continent,zero_balance,events_minus_spd,observed_events_only,1,1,-0.6301001132486094,-0.6301001132486094,-0.6301001132486094,-0.6301001132486094,-0.6301001132486094,-0.6301001132486094,1,0,0,Oceania,Temperate_Dry_Winter
climate_zone_within_continent,zero_balance,spd_events_minus_spd,as_coded,1,1,-0.1941002501447442,-0.1941002501447442,-0.1941002501447442,-0.1941002501447442,-0.1941002501447442,-0.1941002501447442,1,0,0,Oceania,Temperate_Dry_Winter
climate_zone_within_continent,zero_balance,spd_events_minus_spd,observed_events_only,1,1,-0.1941002501447442,-0.1941002501447442,-0.1941002501447442,-0.1941002501447442,-0.1941002501447442,-0.1941002501447442,1,0,0,Oceania,Temperate_Dry_Winter
climate_zone_within_continent,climate,events_minus_spd,as_coded,13,13,-0.1649,-0.0446,-0.00990000000000002,-0.0137,0.0348,0.12689999999999999,7,0,6,Oceania,Temperate_Without_dry_season
climate_zone_within_continent,climate,events_minus_spd,observed_events_only,13,13,-0.1649,-0.0446,-0.00990000000000002,-0.0137,0.0348,0.12689999999999999,7,0,6,Oceania,Temperate_Without_dry_season
climate_zone_within_continent,climate,spd_events_minus_spd,as_coded,13,13,-0.1555,-0.057499999999999996,-0.02040000000000003,-0.02876153846153846,-4.0000000000001146e-4,0.1287,10,0,3,Oceania,Temperate_Without_dry_season
climate_zone_within_continent,climate,spd_events_minus_spd,observed_events_only,13,13,-0.1555,-0.057499999999999996,-0.02040000000000003,-0.02876153846153846,-4.0000000000001146e-4,0.1287,10,0,3,Oceania,Temperate_Without_dry_season
climate_zone_within_continent,human,events_minus_spd,as_coded,13,13,-0.0922,-0.0527,0.0813,0.11806923076923077,0.2652,0.4489,4,0,9,Oceania,Temperate_Without_dry_season
climate_zone_within_continent,human,events_minus_spd,observed_events_only,13,13,-0.0922,-0.0527,0.0813,0.11806923076923077,0.2652,0.4489,4,0,9,Oceania,Temperate_Without_dry_season
climate_zone_within_continent,human,spd_events_minus_spd,as_coded,13,13,-0.018299999999999997,0.05029999999999999,0.15200000000000002,0.16729230769230768,0.2536,0.48519999999999996,2,0,11,Oceania,Temperate_Without_dry_season
climate_zone_within_continent,human,spd_events_minus_spd,observed_events_only,13,13,-0.018299999999999997,0.05029999999999999,0.15200000000000002,0.16729230769230768,0.2536,0.48519999999999996,2,0,11,Oceania,Temperate_Without_dry_season
climate_zone_within_continent,signed_balance,events_minus_spd,as_coded,13,13,-0.31425067431570197,-0.11851438367017686,0.03167066613625574,0.20535658337032675,0.6629410873845223,0.7909870740305522,5,0,8,Oceania,Temperate_Without_dry_season
climate_zone_within_continent,signed_balance,events_minus_spd,observed_events_only,13,13,-0.31425067431570197,-0.11851438367017686,0.03167066613625574,0.20535658337032675,0.6629410873845223,0.7909870740305522,5,0,8,Oceania,Temperate_Without_dry_season
climate_zone_within_continent,signed_balance,spd_events_minus_spd,as_coded,13,13,-0.21591877867564674,0.040742126423944675,0.30461749882571,0.3197169355664763,0.6610576699984222,0.8802926193578959,2,0,11,Oceania,Temperate_Without_dry_season
climate_zone_within_continent,signed_balance,spd_events_minus_spd,observed_events_only,13,13,-0.21591877867564674,0.040742126423944675,0.30461749882571,0.3197169355664763,0.6610576699984222,0.8802926193578959,2,0,11,Oceania,Temperate_Without_dry_season
climate_zone_within_continent,signed_difference,events_minus_spd,as_coded,13,13,-0.1275,-0.042199999999999994,0.025200000000000028,0.13176923076923078,0.3098,0.48019999999999996,5,0,8,Oceania,Temperate_Without_dry_season
climate_zone_within_continent,signed_difference,events_minus_spd,observed_events_only,13,13,-0.1275,-0.042199999999999994,0.025200000000000028,0.13176923076923078,0.3098,0.48019999999999996,5,0,8,Oceania,Temperate_Without_dry_season
climate_zone_within_continent,signed_difference,spd_events_minus_spd,as_coded,13,13,-0.013499999999999998,0.05070000000000002,0.1441,0.19605384615384616,0.284,0.5427,1,0,12,Oceania,Temperate_Without_dry_season
climate_zone_within_continent,signed_difference,spd_events_minus_spd,observed_events_only,13,13,-0.013499999999999998,0.05070000000000002,0.1441,0.19605384615384616,0.284,0.5427,1,0,12,Oceania,Temperate_Without_dry_season
climate_zone_within_continent,unique_adjusted_r2_pure_climate,events_minus_spd,as_coded,13,13,-0.2931109968688148,-0.13504311839345462,0.010063105699226083,-0.011756944544127106,0.06910566037821575,0.3208486293372854,6,0,7,Oceania,Temperate_Without_dry_season
climate_zone_within_continent,unique_adjusted_r2_pure_climate,events_minus_spd,observed_events_only,13,13,-0.2931109968688148,-0.13504311839345462,0.010063105699226083,-0.011756944544127106,0.06910566037821575,0.3208486293372854,6,0,7,Oceania,Temperate_Without_dry_season
climate_zone_within_continent,unique_adjusted_r2_pure_climate,spd_events_minus_spd,as_coded,13,13,-0.275687163901316,-0.08971362926829185,-0.008133637338022637,-0.03174743744226187,0.013585079558960489,0.3355158460734661,8,0,5,Oceania,Temperate_Without_dry_season
climate_zone_within_continent,unique_adjusted_r2_pure_climate,spd_events_minus_spd,observed_events_only,13,13,-0.275687163901316,-0.08971362926829185,-0.008133637338022637,-0.03174743744226187,0.013585079558960489,0.3355158460734661,8,0,5,Oceania,Temperate_Without_dry_season
climate_zone_within_continent,unique_adjusted_r2_pure_human,events_minus_spd,as_coded,13,13,-0.19173492966762518,-0.02001962395020207,0.06863497743239777,0.09610299401476566,0.14155170590987554,0.5799472686009334,4,0,9,Oceania,Temperate_Without_dry_season
climate_zone_within_continent,unique_adjusted_r2_pure_human,events_minus_spd,observed_events_only,13,13,-0.19173492966762518,-0.02001962395020207,0.06863497743239777,0.09610299401476566,0.14155170590987554,0.5799472686009334,4,0,9,Oceania,Temperate_Without_dry_season
climate_zone_within_continent,unique_adjusted_r2_pure_human,spd_events_minus_spd,as_coded,13,13,-0.03056796821061547,0.012878263876282436,0.07371911912755214,0.1226590511018083,0.14535085781257917,0.5840129870244585,3,0,10,Oceania,Temperate_Without_dry_season
climate_zone_within_continent,unique_adjusted_r2_pure_human,spd_events_minus_spd,observed_events_only,13,13,-0.03056796821061547,0.012878263876282436,0.07371911912755214,0.1226590511018083,0.14535085781257917,0.5840129870244585,3,0,10,Oceania,Temperate_Without_dry_season
climate_zone_within_continent,zero_balance,events_minus_spd,as_coded,13,13,-0.40705925867216186,-0.202395894413941,0.035706341399665,0.310403212445463,0.8331327717609306,1.2242245199409159,5,0,8,Oceania,Temperate_Without_dry_season
climate_zone_within_continent,zero_balance,events_minus_spd,observed_events_only,13,13,-0.40705925867216186,-0.202395894413941,0.035706341399665,0.310403212445463,0.8331327717609306,1.2242245199409159,5,0,8,Oceania,Temperate_Without_dry_season
climate_zone_within_continent,zero_balance,spd_events_minus_spd,as_coded,13,13,-0.3473075533068306,0.013981300308364086,0.35751019801199446,0.4543654295735531,0.8761361444122915,1.2698312032564034,3,0,10,Oceania,Temperate_Without_dry_season
climate_zone_within_continent,zero_balance,spd_events_minus_spd,observed_events_only,13,13,-0.3473075533068306,0.013981300308364086,0.35751019801199446,0.4543654295735531,0.8761361444122915,1.2698312032564034,3,0,10,Oceania,Temperate_Without_dry_season
climate_zone_within_continent,climate,events_minus_spd,as_coded,1,1,0.06609999999999999,0.06609999999999999,0.06609999999999999,0.06609999999999999,0.06609999999999999,0.06609999999999999,0,0,1,Oceania,Tropical
climate_zone_within_continent,climate,events_minus_spd,observed_events_only,1,1,0.06609999999999999,0.06609999999999999,0.06609999999999999,0.06609999999999999,0.06609999999999999,0.06609999999999999,0,0,1,Oceania,Tropical
climate_zone_within_continent,climate,spd_events_minus_spd,as_coded,1,1,0.017000000000000005,0.017000000000000005,0.017000000000000005,0.017000000000000005,0.017000000000000005,0.017000000000000005,0,0,1,Oceania,Tropical
climate_zone_within_continent,climate,spd_events_minus_spd,observed_events_only,1,1,0.017000000000000005,0.017000000000000005,0.017000000000000005,0.017000000000000005,0.017000000000000005,0.017000000000000005,0,0,1,Oceania,Tropical
climate_zone_within_continent,human,events_minus_spd,as_coded,1,1,0.07700000000000001,0.07700000000000001,0.07700000000000001,0.07700000000000001,0.07700000000000001,0.07700000000000001,0,0,1,Oceania,Tropical
climate_zone_within_continent,human,events_minus_spd,observed_events_only,1,1,0.07700000000000001,0.07700000000000001,0.07700000000000001,0.07700000000000001,0.07700000000000001,0.07700000000000001,0,0,1,Oceania,Tropical
climate_zone_within_continent,human,spd_events_minus_spd,as_coded,1,1,0.1545,0.1545,0.1545,0.1545,0.1545,0.1545,0,0,1,Oceania,Tropical
climate_zone_within_continent,human,spd_events_minus_spd,observed_events_only,1,1,0.1545,0.1545,0.1545,0.1545,0.1545,0.1545,0,0,1,Oceania,Tropical
climate_zone_within_continent,signed_balance,events_minus_spd,as_coded,1,1,-0.13956800837534777,-0.13956800837534777,-0.13956800837534777,-0.13956800837534777,-0.13956800837534777,-0.13956800837534777,1,0,0,Oceania,Tropical
climate_zone_within_continent,signed_balance,events_minus_spd,observed_events_only,1,1,-0.13956800837534777,-0.13956800837534777,-0.13956800837534777,-0.13956800837534777,-0.13956800837534777,-0.13956800837534777,1,0,0,Oceania,Tropical
climate_zone_within_continent,signed_balance,spd_events_minus_spd,as_coded,1,1,0.12409778199251886,0.12409778199251886,0.12409778199251886,0.12409778199251886,0.12409778199251886,0.12409778199251886,0,0,1,Oceania,Tropical
climate_zone_within_continent,signed_balance,spd_events_minus_spd,observed_events_only,1,1,0.12409778199251886,0.12409778199251886,0.12409778199251886,0.12409778199251886,0.12409778199251886,0.12409778199251886,0,0,1,Oceania,Tropical
climate_zone_within_continent,signed_difference,events_minus_spd,as_coded,1,1,0.01090000000000002,0.01090000000000002,0.01090000000000002,0.01090000000000002,0.01090000000000002,0.01090000000000002,0,0,1,Oceania,Tropical
climate_zone_within_continent,signed_difference,events_minus_spd,observed_events_only,1,1,0.01090000000000002,0.01090000000000002,0.01090000000000002,0.01090000000000002,0.01090000000000002,0.01090000000000002,0,0,1,Oceania,Tropical
climate_zone_within_continent,signed_difference,spd_events_minus_spd,as_coded,1,1,0.1375,0.1375,0.1375,0.1375,0.1375,0.1375,0,0,1,Oceania,Tropical
climate_zone_within_continent,signed_difference,spd_events_minus_spd,observed_events_only,1,1,0.1375,0.1375,0.1375,0.1375,0.1375,0.1375,0,0,1,Oceania,Tropical
climate_zone_within_continent,unique_adjusted_r2_pure_climate,events_minus_spd,as_coded,1,1,0.1066760277244998,0.1066760277244998,0.1066760277244998,0.1066760277244998,0.1066760277244998,0.1066760277244998,0,0,1,Oceania,Tropical
climate_zone_within_continent,unique_adjusted_r2_pure_climate,events_minus_spd,observed_events_only,1,1,0.1066760277244998,0.1066760277244998,0.1066760277244998,0.1066760277244998,0.1066760277244998,0.1066760277244998,0,0,1,Oceania,Tropical
climate_zone_within_continent,unique_adjusted_r2_pure_climate,spd_events_minus_spd,as_coded,1,1,0.035713366169684235,0.035713366169684235,0.035713366169684235,0.035713366169684235,0.035713366169684235,0.035713366169684235,0,0,1,Oceania,Tropical
climate_zone_within_continent,unique_adjusted_r2_pure_climate,spd_events_minus_spd,observed_events_only,1,1,0.035713366169684235,0.035713366169684235,0.035713366169684235,0.035713366169684235,0.035713366169684235,0.035713366169684235,0,0,1,Oceania,Tropical
climate_zone_within_continent,unique_adjusted_r2_pure_human,events_minus_spd,as_coded,1,1,0.21222597168812196,0.21222597168812196,0.21222597168812196,0.21222597168812196,0.21222597168812196,0.21222597168812196,0,0,1,Oceania,Tropical
climate_zone_within_continent,unique_adjusted_r2_pure_human,events_minus_spd,observed_events_only,1,1,0.21222597168812196,0.21222597168812196,0.21222597168812196,0.21222597168812196,0.21222597168812196,0.21222597168812196,0,0,1,Oceania,Tropical
climate_zone_within_continent,unique_adjusted_r2_pure_human,spd_events_minus_spd,as_coded,1,1,0.18022158995320126,0.18022158995320126,0.18022158995320126,0.18022158995320126,0.18022158995320126,0.18022158995320126,0,0,1,Oceania,Tropical
climate_zone_within_continent,unique_adjusted_r2_pure_human,spd_events_minus_spd,observed_events_only,1,1,0.18022158995320126,0.18022158995320126,0.18022158995320126,0.18022158995320126,0.18022158995320126,0.18022158995320126,0,0,1,Oceania,Tropical
climate_zone_within_continent,zero_balance,events_minus_spd,as_coded,1,1,-0.2579183574318975,-0.2579183574318975,-0.2579183574318975,-0.2579183574318975,-0.2579183574318975,-0.2579183574318975,1,0,0,Oceania,Tropical
climate_zone_within_continent,zero_balance,events_minus_spd,observed_events_only,1,1,-0.2579183574318975,-0.2579183574318975,-0.2579183574318975,-0.2579183574318975,-0.2579183574318975,-0.2579183574318975,1,0,0,Oceania,Tropical
climate_zone_within_continent,zero_balance,spd_events_minus_spd,as_coded,1,1,0.05161843916988862,0.05161843916988862,0.05161843916988862,0.05161843916988862,0.05161843916988862,0.05161843916988862,0,0,1,Oceania,Tropical
climate_zone_within_continent,zero_balance,spd_events_minus_spd,observed_events_only,1,1,0.05161843916988862,0.05161843916988862,0.05161843916988862,0.05161843916988862,0.05161843916988862,0.05161843916988862,0,0,1,Oceania,Tropical
