cohort,proxy_variant,region,age,status,selection_status,human_climate_only_balance,controlled_human,controlled_climate,controlled_balance,human_climate_only_ranking,controlled_ranking,ranking_changed,zero_allocation_human,zero_allocation_climate,zero_allocation_space,unique_adjusted_r2_pure_human,unique_adjusted_r2_pure_climate,unique_adjusted_r2_pure_space,unique_adjusted_r2_shared,unique_adjusted_r2_total_explained,unique_adjusted_r2_unexplained,requested_regional_events,retained_human_predictors,reference_category
as_coded,events,Europe,2000,spatial_model_estimated,selected,-0.0702,0.0168,0.0727,-0.055900000000000005,climate,climate,FALSE,0.08931419457735247,0.3864965443912813,0.5241892610313663,0.010631173915982672,0.052299287163906194,0.07719353011537111,0.04790119379866975,0.18802518499392973,0.8119748150060703,fi;fc;ec;cc,fi;fc;ec;cc,bi
as_coded,events,Europe,2500,spatial_model_estimated,selected,-0.061700000000000005,0.0093,0.0672,-0.05789999999999999,climate,climate,FALSE,0.05400696864111498,0.3902439024390244,0.5557491289198606,0.0027856069744923717,0.056934445620956065,0.08717365658856813,0.025247229841320884,0.17214093902533745,0.8278590609746626,fi;fc;ec;cc,fi;fc;ec;cc,bi
as_coded,events,Europe,3000,spatial_model_estimated,selected,-0.0499,0.0082,0.0541,-0.0459,climate,climate,FALSE,0.05536799459824443,0.3652937204591492,0.5793382849426063,0.00572405711714441,0.04749082267037574,0.07813736372487001,0.016828585366842952,0.14818082887923312,0.8518191711207669,fi;fc;ec;cc,fi;fc;ec;cc,bi
as_coded,events,Europe,3500,spatial_model_estimated,selected,-0.0484,0.0128,0.0664,-0.0536,climate,climate,FALSE,0.06801275239107332,0.35281615302869285,0.5791710945802337,0.012190054582897347,0.07111693272433517,0.1122322584825578,-0.007265970839376523,0.1882732749504138,0.8117267250495862,fi;fc;ec;cc,fi;fc;ec;cc,bi
as_coded,events,Europe,4000,spatial_model_estimated,selected,-0.0722,0.0056,0.0803,-0.0747,climate,climate,FALSE,0.0306178239475123,0.4390377255330781,0.5303444505194095,0.0045881396035629685,0.08184254791943113,0.09670680990847347,-2.653042992775134e-4,0.18287219313219005,0.81712780686781,fi;fc;ec;cc,fi;fc;ec;cc,bi
as_coded,events,Europe,4500,spatial_model_estimated,selected,-0.082,0.0031,0.0676,-0.06449999999999999,climate,climate,FALSE,0.01586489252814739,0.34595701125895595,0.6381780962128967,0.003152844387476317,0.05024093980948652,0.10657348709377634,0.03541556484341035,0.19538283613414953,0.8046171638658505,fi;fc;ec;cc,fi;fc;ec;cc,bi
as_coded,events,Europe,5000,spatial_model_estimated,selected,-0.05789999999999999,0.0081,0.059,-0.0509,climate,climate,FALSE,0.04835820895522387,0.3522388059701492,0.5994029850746269,0.007584434691990882,0.05151320754119626,0.09104981804762546,0.01740669359053526,0.16755415387134787,0.8324458461286521,fi;fc;ec;cc,fi;fc;ec;cc,bi
as_coded,events,Europe,5500,spatial_model_estimated,selected,-0.0808,0.0047,0.0809,-0.0762,climate,climate,FALSE,0.024620220010476687,0.42378208486118385,0.5515976951283394,0.007922263614900338,0.07934559578206823,0.10315723428809698,4.433997359751807e-4,0.19086849342104073,0.8091315065789593,fi;fc;ec;cc,fi;fc;ec;cc,bi
as_coded,events,Europe,6000,spatial_model_estimated,selected,-0.07250000000000001,0.0039,0.0667,-0.0628,climate,climate,FALSE,0.02200902934537246,0.37641083521444696,0.6015801354401806,0.003435752809675674,0.056521025910983624,0.09453614248304565,0.022729901688701926,0.17722282289240687,0.8227771771075931,fi;fc;ec;cc,fi;fc;ec;cc,bi
as_coded,events,Europe,6500,spatial_model_estimated,selected,-0.0635,0.001,0.049,-0.048,climate,climate,FALSE,0.005813953488372094,0.28488372093023256,0.7093023255813954,1.237738470618588e-4,0.03245586897152941,0.10411619779739156,0.03529382932520353,0.17198966994118636,0.8280103300588136,fi;fc;ec;cc,fi;fc;ec;cc,bi
as_coded,events,Europe,7000,spatial_model_estimated,selected,-0.06319999999999999,0.0092,0.0612,-0.052,climate,climate,FALSE,0.05367561260210035,0.3570595099183197,0.58926487747958,0.008586519645286006,0.04941339897395847,0.08836257255079305,0.025013356734139403,0.17137584790417693,0.8286241520958231,fi;fc;ec;cc,fi;fc;ec;cc,bi
as_coded,events,Europe,7500,spatial_model_estimated,selected,-0.0651,0.0147,0.077,-0.0623,climate,climate,FALSE,0.0769633507853403,0.4031413612565445,0.5198952879581151,0.0178505274933628,0.07743958538926898,0.09865765131282611,-0.0029724996912170454,0.19097526450424085,0.8090247354957592,fi;fc;ec;cc,fi;fc;ec;cc,bi
as_coded,events,Europe,8000,spatial_model_estimated,selected,-0.06799999999999999,0.009,0.0712,-0.0622,climate,climate,FALSE,0.056568196103079824,0.4475172847265871,0.49591451917033313,0.009963436617649313,0.06642973020262588,0.07161549412504276,0.011196502694632682,0.15920516363995063,0.8407948363600494,fi;fc;ec;cc,fi;fc;ec;cc,bi
as_coded,events,Europe,8500,spatial_model_estimated,selected,-0.0696,0.0027,0.0755,-0.0728,climate,climate,FALSE,0.017976031957390146,0.5026631158455392,0.47936085219707053,0.0014292131296348431,0.07746125390374337,0.07207284366857858,-7.707099800537964e-4,0.150192600721903,0.849807399278097,fi;fc;ec;cc,fi;fc;ec;cc,bi
as_coded,events,North America,2000,spatial_model_estimated,selected,-0.09079999999999999,0.0025,0.0578,-0.055299999999999995,climate,climate,FALSE,0.012481278082875686,0.28856714927608584,0.6989515726410385,-7.358776301868986e-5,0.019782820327128414,0.10258706165972509,0.0780406652120752,0.20033695943591,0.79966304056409,fc;es,fc;es,bi
as_coded,events,North America,2500,spatial_model_estimated,selected,-0.08940000000000001,0.0052,0.0591,-0.053900000000000003,climate,climate,FALSE,0.02411873840445269,0.2741187384044527,0.7017625231910947,0.0023819067961982077,0.020804352226063694,0.11382912507817922,0.07854396157448462,0.21555934567492574,0.7844406543250743,fc;es,fc;es,bi
as_coded,events,North America,3000,spatial_model_estimated,selected,-0.089,0.0067,0.057,-0.050300000000000004,climate,climate,FALSE,0.03201146679407549,0.272336359292881,0.6956521739130435,0.0037038154474700047,0.015299876335464813,0.10447194013086936,0.08579444851980134,0.2092700804336055,0.7907299195663945,fc;es,fc;es,bi
as_coded,events,North America,3500,spatial_model_estimated,selected,-0.0882,0.0075,0.0585,-0.051000000000000004,climate,climate,FALSE,0.03766951280763435,0.293822199899548,0.6685082872928176,0.004694005190616801,0.018318679636528223,0.09427563601285338,0.08180688579096629,0.1990952066309647,0.8009047933690353,fc;es,fc;es,bi
as_coded,events,North America,4000,spatial_model_estimated,selected,-0.0762,0.009,0.051,-0.041999999999999996,climate,climate,FALSE,0.048913043478260865,0.27717391304347827,0.6739130434782609,0.005858561827348785,0.013670027971997567,0.08749596512195967,0.07692470919766059,0.18394926411896662,0.8160507358810334,fc;es,fc;es,bi
as_coded,events,North America,4500,spatial_model_estimated,selected,-0.0865,0.0068,0.0548,-0.048,climate,climate,FALSE,0.03299369238233867,0.2658903444929646,0.7011159631246968,0.0040518408908171155,0.013634412054745582,0.10374406774670641,0.08461577845924273,0.20604609915151184,0.7939539008484882,fc;es,fc;es,bi
as_coded,events,North America,5000,spatial_model_estimated,selected,-0.0882,0.0067,0.0562,-0.0495,climate,climate,FALSE,0.033483258370814596,0.28085957021489255,0.6856571714142928,0.0034917975205954743,0.014283330227623736,0.09453129745098043,0.08779634393794677,0.20010276913714642,0.7998972308628536,fc;es,fc;es,bi
as_coded,events,North America,5500,spatial_model_estimated,selected,-0.074,0.0069,0.0479,-0.040999999999999995,climate,climate,FALSE,0.034328358208955224,0.2383084577114428,0.727363184079602,0.003677800313857116,0.01172086493050939,0.10908876887742847,0.07638340690943646,0.20087084103123143,0.7991291589687686,fc;es,fc;es,bi
as_coded,events,North America,6000,spatial_model_estimated,selected,-0.0818,0.0052,0.0541,-0.0489,climate,climate,FALSE,0.026078234704112337,0.27131394182547647,0.7026078234704113,0.0030838925458360755,0.019052887851635503,0.10483021999489095,0.07242250164674857,0.1993895020391111,0.8006104979608889,fc;es,fc;es,bi
as_coded,events,North America,6500,spatial_model_estimated,selected,-0.0939,0.0022,0.0584,-0.0562,climate,climate,FALSE,0.010357815442561208,0.27495291902071567,0.7146892655367232,4.863995973867219e-4,0.01914427251975248,0.11230807143623567,0.08043579439277782,0.21237453794615269,0.7876254620538473,fc;es,fc;es,bi
as_coded,events,North America,7000,spatial_model_estimated,selected,-0.0944,5e-4,0.0622,-0.0617,climate,climate,FALSE,0.002370791844476055,0.29492650545282123,0.7027027027027026,-6.912251285784432e-4,0.028414683979287036,0.11430394489005125,0.06888785847498513,0.21091526221574497,0.789084737784255,fc;es,fc;es,bi
as_coded,events,North America,7500,spatial_model_estimated,selected,-0.0843,9e-4,0.0583,-0.0574,climate,climate,FALSE,0.005033557046979866,0.3260626398210291,0.668903803131991,-6.980305681115739e-4,0.029932003987612532,0.09095402855073476,0.05864137212405407,0.17882937409428978,0.8211706259057102,fc;es,fc;es,bi
as_coded,events,North America,8000,spatial_model_estimated,selected,-0.0974,0.002,0.0697,-0.0677,climate,climate,FALSE,0.010875475802066341,0.379010331702012,0.6101141924959217,4.8175276738504635e-5,0.03802699109097829,0.0797567757587444,0.06618429969234496,0.18401624181880616,0.8159837581811938,fc;es,fc;es,bi
as_coded,events,North America,8500,spatial_model_estimated,selected,-0.0955,0.0028,0.0637,-0.06090000000000001,climate,climate,FALSE,0.013645224171539962,0.31042884990253417,0.6759259259259259,0.0022526821704894617,0.028683097745265784,0.1037096067514105,0.07056981958477704,0.20521520625194278,0.7947847937480572,fc;es,fc;es,bi
as_coded,events,Latin America,2000,spatial_model_estimated,selected,-0.1452,0.0076,0.1414,-0.1338,climate,climate,FALSE,0.04423748544819557,0.8230500582072177,0.13271245634458673,0.00437307549982302,0.12667654782692606,0.014938616375129388,0.025820682966716135,0.1718089226685946,0.8281910773314054,weak;strong,weak;strong,no_impact
as_coded,events,Latin America,2500,spatial_model_estimated,selected,-0.1252,0.018,0.1342,-0.11620000000000001,climate,climate,FALSE,0.09988901220865702,0.7447280799112097,0.15538290788013318,0.004310795764642661,0.11146934809213915,0.022240875498003465,0.04224212530835336,0.18026314466313864,0.8197368553368614,weak;strong,weak;strong,no_impact
as_coded,events,Latin America,3000,spatial_model_estimated,selected,-0.16,-7e-4,0.1307,-0.13140000000000002,climate,climate,FALSE,0,0.6467095497278575,0.3532904502721425,-0.00652651219751843,0.09613724381592281,0.04241947752470998,0.0694344608003854,0.20146466994349976,0.7985353300565002,weak;strong,weak;strong,no_impact
as_coded,events,Latin America,4000,spatial_model_estimated,selected,-0.1628,0.0191,0.1749,-0.1558,climate,climate,FALSE,0.0910824988078207,0.8340486409155937,0.0748688602765856,0.021491490399907276,0.17031743409430133,0.02084522636069841,-0.002969327115040943,0.20968482373986608,0.7903151762601339,weak;strong,weak;strong,no_impact
as_coded,events,Latin America,4500,spatial_model_estimated,selected,-0.1553,0.0101,0.1313,-0.1212,climate,climate,FALSE,0.044434667839859214,0.5776506819181698,0.37791465024197096,0.0038097882941859895,0.09091129471818427,0.04905921771878685,0.08356850489422085,0.22734880562537796,0.772651194374622,weak;strong,weak;strong,no_impact
as_coded,events,Latin America,5000,spatial_model_estimated,selected,-0.16690000000000002,-0.003,0.1305,-0.1335,climate,climate,FALSE,0,0.6178977272727273,0.3821022727272727,-0.005190372925890974,0.09491248041435163,0.04974470351514482,0.06875114006585048,0.20821795106945595,0.791782048930544,weak;strong,weak;strong,no_impact
as_coded,events,Latin America,5500,spatial_model_estimated,selected,-0.1559,-0.0028,0.1152,-0.118,climate,climate,FALSE,0,0.615056059797117,0.3849439402028831,-0.004671374441485687,0.07537025619574744,0.03552051637676146,0.0782742199659866,0.18449361809700981,0.8155063819029902,weak;strong,weak;strong,no_impact
as_coded,events,Latin America,6000,no_spatial_terms_selected,no_terms_selected,-0.1609,-0.0011,0.1598,-0.1609,climate,climate,FALSE,0,1,0,0.003929384412721393,0.16482210003466768,0,-0.010133929159384714,0.15861755528800436,0.8413824447119956,weak;strong,weak;strong,no_impact
as_coded,events,Latin America,6500,no_spatial_terms_selected,no_terms_selected,-0.1578,0.0032,0.161,-0.1578,climate,climate,FALSE,0.0194884287454324,0.9805115712545676,0,0.0010513046894126132,0.15877945599313914,0,0.004364908253883915,0.16419566893643567,0.8358043310635643,weak;strong,weak;strong,no_impact
as_coded,events,Latin America,7000,no_spatial_terms_selected,no_terms_selected,-0.1163,0.0077,0.124,-0.1163,climate,climate,FALSE,0.05846621108580106,0.9415337889141988,0,0.005756720953555172,0.12196807620269434,0,0.003976343402255056,0.13170114055850457,0.8682988594414954,weak;strong,weak;strong,no_impact
as_coded,events,Latin America,7500,spatial_model_estimated,selected,-0.13790000000000002,0.006,0.1394,-0.1334,climate,climate,FALSE,0.03683241252302026,0.8557397176181707,0.1074278698588091,0.009642938361568154,0.1385550212395973,0.01972247829947571,-0.005086157387702461,0.1628342805129387,0.8371657194870613,weak;strong,weak;strong,no_impact
as_coded,events,Latin America,8000,no_spatial_terms_selected,no_terms_selected,-0.1209,-0.0057,0.1152,-0.1209,climate,climate,FALSE,0,1,0,-0.004301236912515827,0.11656888845367919,0,-0.002775715439387705,0.10949193610177566,0.8905080638982243,weak;strong,weak;strong,no_impact
as_coded,events,Latin America,8500,spatial_model_estimated,selected,-0.1271,-0.0057,0.0911,-0.0968,climate,climate,FALSE,0,0.5740390674228103,0.4259609325771896,-0.005255062893637863,0.061326623133824865,0.036309629781281605,0.060626280785847086,0.1530074708073157,0.8469925291926843,weak;strong,weak;strong,no_impact
as_coded,events,Latin America,3500,spatial_model_estimated,selected,-0.14040000000000002,0.0197,0.1397,-0.12,climate,climate,FALSE,0.08775055679287304,0.6222717149220489,0.28997772828507795,0.005427279108730421,0.10515123350297517,0.04149851509621538,0.07235699709349352,0.2244340248014145,0.7755659751985855,weak;strong,weak;strong,no_impact
as_coded,events,Oceania,2000,no_spatial_terms_selected,no_terms_selected,-0.011500000000000002,0.0096,0.0211,-0.011500000000000002,climate,climate,FALSE,0.3127035830618892,0.6872964169381108,0,0.008070917522671306,0.01954542119519609,0,0.003129210558897033,0.030745549276764428,0.9692544507232356,weak;medium;strong,weak;medium;strong,no_impact
as_coded,events,Oceania,2500,no_spatial_terms_selected,no_terms_selected,-0.059199999999999996,0.0133,0.0725,-0.059199999999999996,climate,climate,FALSE,0.15501165501165504,0.8449883449883451,0,0.018243956213138124,0.07740535207719201,0,-0.009899032024295651,0.08575027626603449,0.9142497237339655,weak;medium;strong,weak;medium;strong,no_impact
as_coded,events,Oceania,3000,no_spatial_terms_selected,no_terms_selected,-0.0994,0.0134,0.1128,-0.0994,climate,climate,FALSE,0.10618066561014262,0.8938193343898573,0,0.005866008326541827,0.10520301972783719,0,0.015138801590230067,0.12620782964460908,0.8737921703553909,weak;medium;strong,weak;medium;strong,no_impact
as_coded,events,Oceania,3500,spatial_model_estimated,selected,-0.1321,-0.015,0.1283,-0.14329999999999998,climate,climate,FALSE,0,0.9771515613099772,0.02284843869002285,-0.019573029371023565,0.13503752780759326,0.014427117354110841,-0.013589283251161821,0.11630233253951872,0.8836976674604813,weak;medium;strong,weak;medium;strong,no_impact
as_coded,events,Oceania,4000,no_spatial_terms_selected,no_terms_selected,-0.0886,-0.0124,0.0762,-0.0886,climate,climate,FALSE,0,1,0,-0.018645430654847472,0.06997390507452272,0,0.01240315107165868,0.06373162549133393,0.9362683745086661,weak;medium;strong,weak;medium;strong,no_impact
as_coded,events,Oceania,4500,missing_predictor_group,missing_predictor_group,NA,NA,NA,NA,NA,NA,NA,NA,NA,NA,NA,NA,NA,NA,NA,NA,weak;medium;strong,weak;medium;strong,no_impact
as_coded,events,Oceania,5000,missing_predictor_group,missing_predictor_group,NA,NA,NA,NA,NA,NA,NA,NA,NA,NA,NA,NA,NA,NA,NA,NA,weak;medium;strong,weak;medium;strong,no_impact
as_coded,events,Oceania,5500,missing_predictor_group,missing_predictor_group,NA,NA,NA,NA,NA,NA,NA,NA,NA,NA,NA,NA,NA,NA,NA,NA,weak;medium;strong,weak;medium;strong,no_impact
as_coded,events,Oceania,6000,missing_predictor_group,missing_predictor_group,NA,NA,NA,NA,NA,NA,NA,NA,NA,NA,NA,NA,NA,NA,NA,NA,weak;medium;strong,weak;medium;strong,no_impact
as_coded,events,Oceania,7000,missing_predictor_group,missing_predictor_group,NA,NA,NA,NA,NA,NA,NA,NA,NA,NA,NA,NA,NA,NA,NA,NA,weak;medium;strong,weak;medium;strong,no_impact
as_coded,events,Oceania,7500,missing_predictor_group,missing_predictor_group,NA,NA,NA,NA,NA,NA,NA,NA,NA,NA,NA,NA,NA,NA,NA,NA,weak;medium;strong,weak;medium;strong,no_impact
as_coded,events,Asia,2000,no_spatial_terms_selected,no_terms_selected,0.0032000000000000015,0.0575,0.0543,0.0032000000000000015,human,human,FALSE,0.5143112701252236,0.48568872987477635,0,0.04246504099603843,0.039250873244280116,0,0.030013886446045634,0.11172980068636418,0.8882701993136358,fi;fc;ei,fi;fc;ei,bi
as_coded,events,Asia,2500,spatial_model_estimated,selected,-0.023900000000000005,0.0421,0.0684,-0.026300000000000004,climate,climate,FALSE,0.28388401888064735,0.46122724207687127,0.2548887390424815,0.024008191917298527,0.0528279399376298,0.04122602674661291,0.030208052191218138,0.14827021079275937,0.8517297892072406,fi;fc;ei,fi;fc;ei,bi
as_coded,events,Asia,3000,no_spatial_terms_selected,no_terms_selected,-0.023999999999999994,0.0451,0.0691,-0.023999999999999994,climate,climate,FALSE,0.3949211908931699,0.6050788091068301,0,0.032434173684771195,0.05644890873743402,0,0.025337312174264603,0.11422039459646982,0.8857796054035302,fi;fc;ei,fi;fc;ei,bi
as_coded,events,Asia,3500,no_spatial_terms_selected,no_terms_selected,-0.0686,0.0151,0.0837,-0.0686,climate,climate,FALSE,0.152834008097166,0.847165991902834,0,0.008527977610060855,0.07720988108554205,0,0.013062339448970173,0.09880019814457308,0.9011998018554269,fi;fc;ei,fi;fc;ei,bi
as_coded,events,Asia,4000,no_spatial_terms_selected,no_terms_selected,-0.0577,0.0107,0.0684,-0.0577,climate,climate,FALSE,0.13527180783817952,0.8647281921618205,0,0.007442490831842341,0.06511955437322214,0,0.006612093515181772,0.07917413872024626,0.9208258612797537,fi;fc;ei,fi;fc;ei,bi
as_coded,events,Asia,4500,spatial_model_estimated,selected,-0.061,0.0201,0.0809,-0.0608,climate,climate,FALSE,0.14235127478753543,0.5729461756373938,0.28470254957507085,0.016887779238760614,0.07758997444172622,0.04457513693830706,0.002128600018871829,0.14118149063766572,0.8588185093623343,fi;fc;ei,fi;fc;ei,bi
as_coded,events,Asia,5000,spatial_model_estimated,selected,-0.053900000000000003,0.0241,0.0755,-0.0514,climate,climate,FALSE,0.18653250773993807,0.5843653250773994,0.22910216718266252,0.02125640973382603,0.0701144055568711,0.03161692383147818,0.006286492047766656,0.12927423116994197,0.870725768830058,fi;fc;ei,fi;fc;ei,bi
as_coded,events,Asia,5500,spatial_model_estimated,selected,-0.07859999999999999,0.0141,0.0914,-0.0773,climate,climate,FALSE,0.10136592379583033,0.6570812365204888,0.2415528396836808,0.012361253390871907,0.08828613306371291,0.034995704318680154,0.0035184704111823617,0.13916156118444734,0.8608384388155527,fi;fc;ei,fi;fc;ei,bi
as_coded,events,Asia,6000,spatial_model_estimated,selected,-0.08850000000000001,0.0083,0.0965,-0.0882,climate,climate,FALSE,0.06374807987711213,0.7411674347158218,0.19508448540706602,0.008191643727674336,0.09605154647184111,0.02754639947085369,-0.0015885183874790876,0.13020107128289005,0.86979892871711,fi;fc;ei,fi;fc;ei,bi
as_coded,events,Asia,6500,no_spatial_terms_selected,no_spatial_signal,-0.1057,0.0016,0.1073,-0.1057,climate,climate,FALSE,0.014692378328741965,0.985307621671258,0,2.521931682903933e-4,0.10592200236775884,0,0.002681809184978068,0.1088560047210273,0.8911439952789727,fi;fc;ei,fi;fc;ei,bi
as_coded,events,Asia,7000,no_spatial_terms_selected,no_spatial_signal,-0.1157,0.0019,0.1176,-0.1157,climate,climate,FALSE,0.015899581589958158,0.9841004184100418,0,8.953926992353312e-4,0.11667567218980635,0,0.0019435671618908135,0.11951463205093249,0.8804853679490675,fi;fc;ei,fi;fc;ei,bi
as_coded,events,Asia,7500,no_spatial_terms_selected,no_spatial_signal,-0.12869999999999998,0.008,0.1367,-0.12869999999999998,climate,climate,FALSE,0.055286800276434005,0.9447131997235659,0,0.005631367602955906,0.1343284904212606,0,0.004695040387579064,0.14465489841179557,0.8553451015882044,fi;fc;ei,fi;fc;ei,bi
as_coded,events,Asia,8000,spatial_model_estimated,selected,-0.1512,0.0073,0.154,-0.1467,climate,climate,FALSE,0.03986892408519935,0.8410704533042054,0.11906062261059532,0.0064701731301036736,0.14850455157739273,0.0202276908050415,0.007930279217587155,0.18313269473012506,0.8168673052698749,fi;fc;ei,fi;fc;ei,bi
as_coded,events,Asia,8500,spatial_model_estimated,selected,-0.1448,0.0121,0.1589,-0.1468,climate,climate,FALSE,0.06561822125813449,0.8617136659436009,0.07266811279826464,0.006529051854376466,0.15529988412804896,0.01687526163073272,0.005714948613854132,0.18441914622701228,0.8155808537729877,fi;fc;ei,fi;fc;ei,bi
as_coded,events,Oceania,6500,missing_predictor_group,missing_predictor_group,NA,NA,NA,NA,NA,NA,NA,NA,NA,NA,NA,NA,NA,NA,NA,NA,weak;medium;strong,weak;medium;strong,no_impact
as_coded,events,Oceania,8000,missing_predictor_group,missing_predictor_group,NA,NA,NA,NA,NA,NA,NA,NA,NA,NA,NA,NA,NA,NA,NA,NA,weak;medium;strong,weak;medium;strong,no_impact
as_coded,events,Oceania,8500,missing_predictor_group,missing_predictor_group,NA,NA,NA,NA,NA,NA,NA,NA,NA,NA,NA,NA,NA,NA,NA,NA,weak;medium;strong,weak;medium;strong,no_impact
observed_events_only,events,North America,2000,spatial_model_estimated,selected,-0.0899,0.0025,0.0566,-0.054099999999999995,climate,climate,FALSE,0.012980269989615784,0.29387331256490135,0.6931464174454829,-7.936580085832201e-5,0.018066085863484793,0.09550561263222179,0.07909929469751076,0.19259162739235902,0.807408372607641,fc;es,fc;es,bi
observed_events_only,events,North America,2500,spatial_model_estimated,selected,-0.0886,0.005,0.0593,-0.0543,climate,climate,FALSE,0.024015369836695485,0.28482228626320844,0.6911623439000961,0.0019400506878476387,0.02188163679600874,0.10709514380121932,0.07720615771888295,0.20812298900395865,0.7918770109960414,fc;es,fc;es,bi
observed_events_only,events,North America,3000,spatial_model_estimated,selected,-0.0887,0.0069,0.0592,-0.0523,climate,climate,FALSE,0.03369140625,0.28906250000000006,0.67724609375,0.0038569289951752017,0.019733952547989264,0.10018923519101042,0.08108388947550593,0.20486400620968082,0.7951359937903192,fc;es,fc;es,bi
observed_events_only,events,North America,3500,spatial_model_estimated,selected,-0.0876,0.0076,0.0582,-0.0506,climate,climate,FALSE,0.038345105953582245,0.29364278506559033,0.6680121089808274,0.004751279256585694,0.01830208711277781,0.09397423348523781,0.08117546223089822,0.19820306208549954,0.8017969379145005,fc;es,fc;es,bi
observed_events_only,events,North America,4000,spatial_model_estimated,selected,-0.0754,0.0091,0.0507,-0.0416,climate,climate,FALSE,0.04961832061068702,0.27644492911668483,0.6739367502726281,0.005937406201656614,0.013755748143448043,0.08757731867705776,0.07607504523579045,0.18334551825795287,0.8166544817420471,fc;es,fc;es,bi
observed_events_only,events,North America,4500,spatial_model_estimated,selected,-0.08589999999999999,0.0068,0.0545,-0.0477,climate,climate,FALSE,0.03313840155945419,0.2655945419103314,0.7012670565302145,0.004115157228867683,0.013572693206558184,0.1034536530539536,0.08405307803763618,0.20519458152701564,0.7948054184729844,fc;es,fc;es,bi
observed_events_only,events,North America,5000,spatial_model_estimated,selected,-0.0877,0.0068,0.0579,-0.0511,climate,climate,FALSE,0.0368763557483731,0.3139913232104121,0.6491323210412148,0.003637488937703992,0.018148604254900058,0.0792507910961816,0.08328861730959292,0.18432550159837857,0.8156744984016214,fc;es,fc;es,bi
observed_events_only,events,North America,5500,spatial_model_estimated,selected,-0.073,0.007,0.0494,-0.0424,climate,climate,FALSE,0.03678402522333158,0.25959012086179717,0.7036258539148712,0.00401194646551617,0.01594647941441729,0.09941089277765369,0.07088194452613783,0.19025126318372498,0.809748736816275,fc;es,fc;es,bi
observed_events_only,events,North America,6000,spatial_model_estimated,selected,-0.0814,0.0052,0.0515,-0.046299999999999994,climate,climate,FALSE,0.027382833070036857,0.2711953659820958,0.7014218009478673,0.0031345338309561876,0.014288703067749764,0.09573335301125396,0.07671980484815011,0.18987639475811002,0.81012360524189,fc;es,fc;es,bi
observed_events_only,events,North America,6500,spatial_model_estimated,selected,-0.0939,0.0024,0.0572,-0.0548,climate,climate,FALSE,0.011650485436893203,0.27766990291262134,0.7106796116504854,8.193158162841385e-4,0.01662751508739957,0.10591168903122672,0.08262099181786065,0.20597951175277107,0.7940204882472289,fc;es,fc;es,bi
observed_events_only,events,North America,7000,spatial_model_estimated,selected,-0.094,5e-4,0.0598,-0.0593,climate,climate,FALSE,0.002450980392156863,0.2931372549019608,0.7044117647058824,-6.465671450237576e-4,0.02393876972981457,0.107766858258041,0.07290252265888775,0.20396158350171956,0.7960384164982804,fc;es,fc;es,bi
observed_events_only,events,North America,7500,spatial_model_estimated,selected,-0.084,9e-4,0.0582,-0.057300000000000004,climate,climate,FALSE,0.005073280721533258,0.32807215332581735,0.6668545659526494,-6.7729626213342e-4,0.030078598652216848,0.08988355158878647,0.058142694599682354,0.17742754857855225,0.8225724514214477,fc;es,fc;es,bi
observed_events_only,events,North America,8000,spatial_model_estimated,selected,-0.0973,0.002,0.0696,-0.0676,climate,climate,FALSE,0.010188487009679063,0.35455934793683136,0.6352521650534896,-5.663610154860166e-6,0.0378350679727244,0.09218158537177978,0.06624842578856771,0.19625941552291704,0.803740584477083,fc;es,fc;es,bi
observed_events_only,events,North America,8500,spatial_model_estimated,selected,-0.0948,0.0026,0.0646,-0.062000000000000006,climate,climate,FALSE,0.012670565302144247,0.3148148148148148,0.672514619883041,0.0017449642931373077,0.030866482103927062,0.1041355522223073,0.0683749823307288,0.20512198095010048,0.7948780190498995,fc;es,fc;es,bi
observed_events_only,events,Europe,2000,spatial_model_estimated,selected,-0.054299999999999994,0.0328,0.0781,-0.0453,climate,climate,FALSE,0.16898505924781043,0.4023699124162803,0.42864502833590934,0.01823231900068445,0.05446063279430857,0.056737682135114986,0.06468521051351939,0.1941158444436274,0.8058841555563726,fi;fc;ec;cc,fi;fc;ec;cc,bi
observed_events_only,events,Europe,2500,spatial_model_estimated,selected,-0.0317,0.0352,0.068,-0.0328,climate,climate,FALSE,0.2143727161997564,0.41412911084043846,0.3714981729598051,0.019328234817554302,0.05340049678076264,0.05250399751528856,0.038973713999212234,0.16420644311281773,0.8357935568871823,fi;fc;ec;cc,fi;fc;ec;cc,bi
observed_events_only,events,Europe,3000,spatial_model_estimated,selected,-0.008800000000000002,0.0293,0.0392,-0.009899999999999999,climate,climate,FALSE,0.23143759873617695,0.30963665086887837,0.4589257503949447,0.019959963789763058,0.030999063751291023,0.04522516375645469,0.030407492060744223,0.126591683358253,0.873408316641747,fi;fc;ec;cc,fi;fc;ec;cc,bi
observed_events_only,events,Europe,3500,spatial_model_estimated,selected,8.99999999999998e-4,0.044,0.0589,-0.014900000000000004,human,climate,TRUE,0.20764511562057572,0.2779613025011798,0.5143935818782445,0.037088118543189164,0.06764650941444672,0.10660242622203797,5.473764281344051e-4,0.21188443060780826,0.7881155693921917,fi;fc;ec;cc,fi;fc;ec;cc,bi
observed_events_only,events,Europe,4000,spatial_model_estimated,selected,-0.0257,0.0223,0.057,-0.0347,climate,climate,FALSE,0.13515151515151513,0.34545454545454546,0.5193939393939394,0.015885728428414514,0.05964117618734943,0.08353076764864853,0.005964713799499588,0.16502238606391206,0.8349776139360879,fi;fc;ec;cc,fi;fc;ec;cc,bi
observed_events_only,events,Europe,4500,spatial_model_estimated,selected,-0.0592,0.0052,0.0704,-0.06520000000000001,climate,climate,FALSE,0.031175059952038366,0.4220623501199041,0.5467625899280576,0.00638939308317954,0.07770718989410319,0.0995842863231996,-0.016923331022845378,0.16675753827763695,0.833242461722363,fi;fc;ec;cc,fi;fc;ec;cc,bi
observed_events_only,events,Europe,5000,spatial_model_estimated,selected,-0.0335,0.015,0.0558,-0.0408,climate,climate,FALSE,0.12541806020066887,0.46655518394648826,0.4080267558528428,0.01655049579484802,0.06462949117317696,0.05654113541316341,-0.01809445979066493,0.11962666259052346,0.8803733374094765,fi;fc;ec;cc,fi;fc;ec;cc,bi
observed_events_only,events,Europe,5500,spatial_model_estimated,selected,-0.0648,0.0019,0.0755,-0.0736,climate,climate,FALSE,0.014514896867838046,0.5767761650114591,0.40870893812070286,-0.0025850716881500313,0.07973120055086602,0.05527243286097916,-0.0015421169834607396,0.1308764447402344,0.8691235552597656,fi;fc;ec;cc,fi;fc;ec;cc,bi
observed_events_only,events,Europe,6000,spatial_model_estimated,selected,-0.053899999999999997,0.0081,0.0677,-0.0596,climate,climate,FALSE,0.07258064516129033,0.6066308243727598,0.32078853046594985,0.009183376337309812,0.07437567163520964,0.03672547289502626,-0.00863777712394631,0.1116467437435994,0.8883532562564006,fi;fc;ec;cc,fi;fc;ec;cc,bi
observed_events_only,events,Europe,6500,spatial_model_estimated,selected,-0.057300000000000004,-0.0023,0.0628,-0.06509999999999999,climate,climate,FALSE,0,0.5072697899838449,0.4927302100161551,-0.0010923798666512274,0.07175186575375403,0.05933498171630203,-0.00851050158914346,0.12148396601426137,0.8785160339857386,fi;fc;ec;cc,fi;fc;ec;cc,bi
observed_events_only,events,Europe,7000,spatial_model_estimated,selected,-0.0555,0.0108,0.0771,-0.0663,climate,climate,FALSE,0.08071748878923767,0.5762331838565022,0.34304932735426014,0.0029735412737952327,0.07992134670921802,0.047830617855920465,0.003062208326575444,0.13378771416550916,0.8662122858344908,fi;fc;ec;cc,fi;fc;ec;cc,bi
observed_events_only,events,Europe,7500,spatial_model_estimated,selected,-0.0331,0.0317,0.0719,-0.04020000000000001,climate,climate,FALSE,0.21831955922865015,0.4951790633608816,0.2865013774104683,0.040993282044315404,0.08814222270221594,0.04950964165332694,-0.03343639309464563,0.14520875330521266,0.8547912466947873,fi;fc;ec;cc,fi;fc;ec;cc,bi
observed_events_only,events,Europe,8000,spatial_model_estimated,selected,-0.0315,0.0206,0.0532,-0.0326,climate,climate,FALSE,0.14315496872828354,0.3697011813759555,0.4871438498957609,0.019626832047092924,0.05337049026257856,0.06503028305663539,0.005894268812655867,0.14392187417896274,0.8560781258210373,fi;fc;ec;cc,fi;fc;ec;cc,bi
observed_events_only,events,Europe,8500,spatial_model_estimated,selected,-0.038,0.0112,0.051,-0.039799999999999995,climate,climate,FALSE,0.10191082802547771,0.4640582347588717,0.4340309372156506,0.009000895662277464,0.050712719069036516,0.04664594393124177,0.003521247762061419,0.10988080642461717,0.8901191935753828,fi;fc;ec;cc,fi;fc;ec;cc,bi
observed_events_only,events,Latin America,2000,spatial_model_estimated,selected,-0.1452,0.0076,0.1414,-0.1338,climate,climate,FALSE,0.04423748544819557,0.8230500582072177,0.13271245634458673,0.00437307549982302,0.12667654782692606,0.014938616375129388,0.025820682966716135,0.1718089226685946,0.8281910773314054,weak;strong,weak;strong,no_impact
observed_events_only,events,Latin America,2500,spatial_model_estimated,selected,-0.1252,0.018,0.1342,-0.11620000000000001,climate,climate,FALSE,0.09988901220865702,0.7447280799112097,0.15538290788013318,0.004310795764642661,0.11146934809213915,0.022240875498003465,0.04224212530835336,0.18026314466313864,0.8197368553368614,weak;strong,weak;strong,no_impact
observed_events_only,events,Latin America,3000,spatial_model_estimated,selected,-0.16,-7e-4,0.1307,-0.13140000000000002,climate,climate,FALSE,0,0.6467095497278575,0.3532904502721425,-0.00652651219751843,0.09613724381592281,0.04241947752470998,0.0694344608003854,0.20146466994349976,0.7985353300565002,weak;strong,weak;strong,no_impact
observed_events_only,events,Latin America,4000,spatial_model_estimated,selected,-0.1628,0.0191,0.1749,-0.1558,climate,climate,FALSE,0.0910824988078207,0.8340486409155937,0.0748688602765856,0.021491490399907276,0.17031743409430133,0.02084522636069841,-0.002969327115040943,0.20968482373986608,0.7903151762601339,weak;strong,weak;strong,no_impact
observed_events_only,events,Latin America,4500,spatial_model_estimated,selected,-0.1553,0.0101,0.1313,-0.1212,climate,climate,FALSE,0.044434667839859214,0.5776506819181698,0.37791465024197096,0.0038097882941859895,0.09091129471818427,0.04905921771878685,0.08356850489422085,0.22734880562537796,0.772651194374622,weak;strong,weak;strong,no_impact
observed_events_only,events,Latin America,5000,spatial_model_estimated,selected,-0.16690000000000002,-0.003,0.1305,-0.1335,climate,climate,FALSE,0,0.6178977272727273,0.3821022727272727,-0.005190372925890974,0.09491248041435163,0.04974470351514482,0.06875114006585048,0.20821795106945595,0.791782048930544,weak;strong,weak;strong,no_impact
observed_events_only,events,Latin America,5500,spatial_model_estimated,selected,-0.1559,-0.0028,0.1152,-0.118,climate,climate,FALSE,0,0.615056059797117,0.3849439402028831,-0.004671374441485687,0.07537025619574744,0.03552051637676146,0.0782742199659866,0.18449361809700981,0.8155063819029902,weak;strong,weak;strong,no_impact
observed_events_only,events,Latin America,6000,no_spatial_terms_selected,no_terms_selected,-0.1609,-0.0011,0.1598,-0.1609,climate,climate,FALSE,0,1,0,0.003929384412721393,0.16482210003466768,0,-0.010133929159384714,0.15861755528800436,0.8413824447119956,weak;strong,weak;strong,no_impact
observed_events_only,events,Latin America,6500,no_spatial_terms_selected,no_terms_selected,-0.1578,0.0032,0.161,-0.1578,climate,climate,FALSE,0.0194884287454324,0.9805115712545676,0,0.0010513046894126132,0.15877945599313914,0,0.004364908253883915,0.16419566893643567,0.8358043310635643,weak;strong,weak;strong,no_impact
observed_events_only,events,Latin America,7000,no_spatial_terms_selected,no_terms_selected,-0.1163,0.0077,0.124,-0.1163,climate,climate,FALSE,0.05846621108580106,0.9415337889141988,0,0.005756720953555172,0.12196807620269434,0,0.003976343402255056,0.13170114055850457,0.8682988594414954,weak;strong,weak;strong,no_impact
observed_events_only,events,Latin America,7500,spatial_model_estimated,selected,-0.13790000000000002,0.006,0.1394,-0.1334,climate,climate,FALSE,0.03683241252302026,0.8557397176181707,0.1074278698588091,0.009642938361568154,0.1385550212395973,0.01972247829947571,-0.005086157387702461,0.1628342805129387,0.8371657194870613,weak;strong,weak;strong,no_impact
observed_events_only,events,Latin America,8000,no_spatial_terms_selected,no_terms_selected,-0.1209,-0.0057,0.1152,-0.1209,climate,climate,FALSE,0,1,0,-0.004301236912515827,0.11656888845367919,0,-0.002775715439387705,0.10949193610177566,0.8905080638982243,weak;strong,weak;strong,no_impact
observed_events_only,events,Latin America,8500,spatial_model_estimated,selected,-0.1271,-0.0057,0.0911,-0.0968,climate,climate,FALSE,0,0.5740390674228103,0.4259609325771896,-0.005255062893637863,0.061326623133824865,0.036309629781281605,0.060626280785847086,0.1530074708073157,0.8469925291926843,weak;strong,weak;strong,no_impact
observed_events_only,events,Latin America,3500,spatial_model_estimated,selected,-0.14040000000000002,0.0197,0.1397,-0.12,climate,climate,FALSE,0.08775055679287304,0.6222717149220489,0.28997772828507795,0.005427279108730421,0.10515123350297517,0.04149851509621538,0.07235699709349352,0.2244340248014145,0.7755659751985855,weak;strong,weak;strong,no_impact
observed_events_only,events,Oceania,2000,no_spatial_terms_selected,no_terms_selected,-0.011500000000000002,0.0096,0.0211,-0.011500000000000002,climate,climate,FALSE,0.3127035830618892,0.6872964169381108,0,0.008070917522671306,0.01954542119519609,0,0.003129210558897033,0.030745549276764428,0.9692544507232356,weak;medium;strong,weak;medium;strong,no_impact
observed_events_only,events,Oceania,2500,no_spatial_terms_selected,no_terms_selected,-0.059199999999999996,0.0133,0.0725,-0.059199999999999996,climate,climate,FALSE,0.15501165501165504,0.8449883449883451,0,0.018243956213138124,0.07740535207719201,0,-0.009899032024295651,0.08575027626603449,0.9142497237339655,weak;medium;strong,weak;medium;strong,no_impact
observed_events_only,events,Oceania,3000,no_spatial_terms_selected,no_terms_selected,-0.0994,0.0134,0.1128,-0.0994,climate,climate,FALSE,0.10618066561014262,0.8938193343898573,0,0.005866008326541827,0.10520301972783719,0,0.015138801590230067,0.12620782964460908,0.8737921703553909,weak;medium;strong,weak;medium;strong,no_impact
observed_events_only,events,Oceania,3500,spatial_model_estimated,selected,-0.1321,-0.015,0.1283,-0.14329999999999998,climate,climate,FALSE,0,0.9771515613099772,0.02284843869002285,-0.019573029371023565,0.13503752780759326,0.014427117354110841,-0.013589283251161821,0.11630233253951872,0.8836976674604813,weak;medium;strong,weak;medium;strong,no_impact
observed_events_only,events,Oceania,4000,no_spatial_terms_selected,no_terms_selected,-0.0886,-0.0124,0.0762,-0.0886,climate,climate,FALSE,0,1,0,-0.018645430654847472,0.06997390507452272,0,0.01240315107165868,0.06373162549133393,0.9362683745086661,weak;medium;strong,weak;medium;strong,no_impact
observed_events_only,events,Oceania,4500,missing_predictor_group,missing_predictor_group,NA,NA,NA,NA,NA,NA,NA,NA,NA,NA,NA,NA,NA,NA,NA,NA,weak;medium;strong,weak;medium;strong,no_impact
observed_events_only,events,Oceania,5000,missing_predictor_group,missing_predictor_group,NA,NA,NA,NA,NA,NA,NA,NA,NA,NA,NA,NA,NA,NA,NA,NA,weak;medium;strong,weak;medium;strong,no_impact
observed_events_only,events,Oceania,5500,missing_predictor_group,missing_predictor_group,NA,NA,NA,NA,NA,NA,NA,NA,NA,NA,NA,NA,NA,NA,NA,NA,weak;medium;strong,weak;medium;strong,no_impact
observed_events_only,events,Oceania,6000,missing_predictor_group,missing_predictor_group,NA,NA,NA,NA,NA,NA,NA,NA,NA,NA,NA,NA,NA,NA,NA,NA,weak;medium;strong,weak;medium;strong,no_impact
observed_events_only,events,Oceania,7000,missing_predictor_group,missing_predictor_group,NA,NA,NA,NA,NA,NA,NA,NA,NA,NA,NA,NA,NA,NA,NA,NA,weak;medium;strong,weak;medium;strong,no_impact
observed_events_only,events,Oceania,7500,missing_predictor_group,missing_predictor_group,NA,NA,NA,NA,NA,NA,NA,NA,NA,NA,NA,NA,NA,NA,NA,NA,weak;medium;strong,weak;medium;strong,no_impact
observed_events_only,events,Asia,2000,no_spatial_terms_selected,no_terms_selected,0.0032000000000000015,0.0575,0.0543,0.0032000000000000015,human,human,FALSE,0.5143112701252236,0.48568872987477635,0,0.04246504099603843,0.039250873244280116,0,0.030013886446045634,0.11172980068636418,0.8882701993136358,fi;fc;ei,fi;fc;ei,bi
observed_events_only,events,Asia,2500,spatial_model_estimated,selected,-0.023900000000000005,0.0421,0.0684,-0.026300000000000004,climate,climate,FALSE,0.28388401888064735,0.46122724207687127,0.2548887390424815,0.024008191917298527,0.0528279399376298,0.04122602674661291,0.030208052191218138,0.14827021079275937,0.8517297892072406,fi;fc;ei,fi;fc;ei,bi
observed_events_only,events,Asia,3000,no_spatial_terms_selected,no_terms_selected,-0.023999999999999994,0.0451,0.0691,-0.023999999999999994,climate,climate,FALSE,0.3949211908931699,0.6050788091068301,0,0.032434173684771195,0.05644890873743402,0,0.025337312174264603,0.11422039459646982,0.8857796054035302,fi;fc;ei,fi;fc;ei,bi
observed_events_only,events,Asia,3500,no_spatial_terms_selected,no_terms_selected,-0.0686,0.0151,0.0837,-0.0686,climate,climate,FALSE,0.152834008097166,0.847165991902834,0,0.008527977610060855,0.07720988108554205,0,0.013062339448970173,0.09880019814457308,0.9011998018554269,fi;fc;ei,fi;fc;ei,bi
observed_events_only,events,Asia,4000,no_spatial_terms_selected,no_terms_selected,-0.0577,0.0107,0.0684,-0.0577,climate,climate,FALSE,0.13527180783817952,0.8647281921618205,0,0.007442490831842341,0.06511955437322214,0,0.006612093515181772,0.07917413872024626,0.9208258612797537,fi;fc;ei,fi;fc;ei,bi
observed_events_only,events,Asia,4500,spatial_model_estimated,selected,-0.061,0.0201,0.0809,-0.0608,climate,climate,FALSE,0.14235127478753543,0.5729461756373938,0.28470254957507085,0.016887779238760614,0.07758997444172622,0.04457513693830706,0.002128600018871829,0.14118149063766572,0.8588185093623343,fi;fc;ei,fi;fc;ei,bi
observed_events_only,events,Asia,5000,spatial_model_estimated,selected,-0.053900000000000003,0.0241,0.0755,-0.0514,climate,climate,FALSE,0.18653250773993807,0.5843653250773994,0.22910216718266252,0.02125640973382603,0.0701144055568711,0.03161692383147818,0.006286492047766656,0.12927423116994197,0.870725768830058,fi;fc;ei,fi;fc;ei,bi
observed_events_only,events,Asia,5500,spatial_model_estimated,selected,-0.07859999999999999,0.0141,0.0914,-0.0773,climate,climate,FALSE,0.10136592379583033,0.6570812365204888,0.2415528396836808,0.012361253390871907,0.08828613306371291,0.034995704318680154,0.0035184704111823617,0.13916156118444734,0.8608384388155527,fi;fc;ei,fi;fc;ei,bi
observed_events_only,events,Asia,6000,spatial_model_estimated,selected,-0.08850000000000001,0.0083,0.0965,-0.0882,climate,climate,FALSE,0.06374807987711213,0.7411674347158218,0.19508448540706602,0.008191643727674336,0.09605154647184111,0.02754639947085369,-0.0015885183874790876,0.13020107128289005,0.86979892871711,fi;fc;ei,fi;fc;ei,bi
observed_events_only,events,Asia,6500,no_spatial_terms_selected,no_spatial_signal,-0.1057,0.0016,0.1073,-0.1057,climate,climate,FALSE,0.014692378328741965,0.985307621671258,0,2.521931682903933e-4,0.10592200236775884,0,0.002681809184978068,0.1088560047210273,0.8911439952789727,fi;fc;ei,fi;fc;ei,bi
observed_events_only,events,Asia,7000,no_spatial_terms_selected,no_spatial_signal,-0.1157,0.0019,0.1176,-0.1157,climate,climate,FALSE,0.015899581589958158,0.9841004184100418,0,8.953926992353312e-4,0.11667567218980635,0,0.0019435671618908135,0.11951463205093249,0.8804853679490675,fi;fc;ei,fi;fc;ei,bi
observed_events_only,events,Asia,7500,no_spatial_terms_selected,no_spatial_signal,-0.12869999999999998,0.008,0.1367,-0.12869999999999998,climate,climate,FALSE,0.055286800276434005,0.9447131997235659,0,0.005631367602955906,0.1343284904212606,0,0.004695040387579064,0.14465489841179557,0.8553451015882044,fi;fc;ei,fi;fc;ei,bi
observed_events_only,events,Asia,8000,spatial_model_estimated,selected,-0.1512,0.0073,0.154,-0.1467,climate,climate,FALSE,0.03986892408519935,0.8410704533042054,0.11906062261059532,0.0064701731301036736,0.14850455157739273,0.0202276908050415,0.007930279217587155,0.18313269473012506,0.8168673052698749,fi;fc;ei,fi;fc;ei,bi
observed_events_only,events,Asia,8500,spatial_model_estimated,selected,-0.1448,0.0121,0.1589,-0.1468,climate,climate,FALSE,0.06561822125813449,0.8617136659436009,0.07266811279826464,0.006529051854376466,0.15529988412804896,0.01687526163073272,0.005714948613854132,0.18441914622701228,0.8155808537729877,fi;fc;ei,fi;fc;ei,bi
observed_events_only,events,Oceania,6500,missing_predictor_group,missing_predictor_group,NA,NA,NA,NA,NA,NA,NA,NA,NA,NA,NA,NA,NA,NA,NA,NA,weak;medium;strong,weak;medium;strong,no_impact
observed_events_only,events,Oceania,8000,missing_predictor_group,missing_predictor_group,NA,NA,NA,NA,NA,NA,NA,NA,NA,NA,NA,NA,NA,NA,NA,NA,weak;medium;strong,weak;medium;strong,no_impact
observed_events_only,events,Oceania,8500,missing_predictor_group,missing_predictor_group,NA,NA,NA,NA,NA,NA,NA,NA,NA,NA,NA,NA,NA,NA,NA,NA,weak;medium;strong,weak;medium;strong,no_impact
as_coded,spd,Europe,2000,spatial_model_estimated,selected,-0.0945,0.0029,0.0755,-0.0726,climate,climate,FALSE,0.016084303937881305,0.41874653355518576,0.5651691625069328,0.0029190797839376836,0.05359518534609442,0.07959168487577606,0.04420714085607658,0.18031309086188474,0.8196869091381153,,spd,bi
as_coded,spd,Europe,2500,spatial_model_estimated,selected,-0.0764,0.0071,0.0613,-0.0542,climate,climate,FALSE,0.04057142857142858,0.3502857142857143,0.6091428571428572,0.012016554511803723,0.04413375197800129,0.08997108422894018,0.028867356967991142,0.17498874768673633,0.8250112523132637,,spd,bi
as_coded,spd,Europe,3000,spatial_model_estimated,selected,-0.0513,0.0069,0.0493,-0.04239999999999999,climate,climate,FALSE,0.0478502080443828,0.3418862690707351,0.6102635228848821,0.003920464110483635,0.037559510648820904,0.08222021467789076,0.020599244421812934,0.14429943385900823,0.8557005661409918,,spd,bi
as_coded,spd,Europe,3500,spatial_model_estimated,selected,-0.0478,0.0085,0.059,-0.050499999999999996,climate,climate,FALSE,0.047914317925591886,0.33258173618940245,0.6195039458850056,0.001334227371870056,0.05447964116662307,0.11220872149535643,0.009394857705536941,0.1774174477393865,0.8225825522606135,,spd,bi
as_coded,spd,Europe,4000,spatial_model_estimated,selected,-0.0671,0.008,0.0715,-0.0635,climate,climate,FALSE,0.04566210045662101,0.4081050228310502,0.5462328767123288,0.001987756277883612,0.061907593938235306,0.09664566033444988,0.01458135186520082,0.17512236241576962,0.8248776375842304,,spd,bi
as_coded,spd,Europe,4500,spatial_model_estimated,selected,-0.07970000000000001,0.0015,0.0651,-0.0636,climate,climate,FALSE,0.007853403141361256,0.34083769633507854,0.6513089005235602,-0.0012468433210740537,0.046244410253108326,0.10685490965517408,0.03913067183839147,0.19098314842559982,0.8090168515744002,,spd,bi
as_coded,spd,Europe,5000,spatial_model_estimated,selected,-0.0576,0.003,0.0567,-0.0537,climate,climate,FALSE,0.01876172607879925,0.3545966228893058,0.626641651031895,-8.409773046380575e-5,0.04967600518702919,0.09353374208889098,0.01675997190343692,0.1598856214488933,0.8401143785511067,,spd,bi
as_coded,spd,Europe,5500,spatial_model_estimated,selected,-0.08339999999999999,5e-4,0.0718,-0.0713,climate,climate,FALSE,0.002554931016862545,0.36688809402146144,0.6305569749616761,2.734901012153568e-4,0.059484429629933944,0.11087659057876131,0.025031200979693913,0.19566571128960453,0.8043342887103955,,spd,bi
as_coded,spd,Europe,6000,spatial_model_estimated,selected,-0.059500000000000004,0.0162,0.0653,-0.0491,climate,climate,FALSE,0.0962566844919786,0.3879976232917409,0.5157456922162804,0.01535666470448882,0.05405916187357407,0.08521915675592617,0.01370270007162011,0.16833768340560917,0.8316623165943908,,spd,bi
as_coded,spd,Europe,6500,spatial_model_estimated,selected,-0.021,0.0322,0.0461,-0.013900000000000003,climate,climate,FALSE,0.1871005229517722,0.26786751888436955,0.5450319581638582,0.024213911269282073,0.030951115043914235,0.09092505861710154,0.026010592111339714,0.17210067704163756,0.8278993229583624,,spd,bi
as_coded,spd,Europe,7000,spatial_model_estimated,selected,-0.04479999999999999,0.0171,0.0548,-0.0377,climate,climate,FALSE,0.1103938024531956,0.3537766300839251,0.5358295674628792,0.010274171400039389,0.04093001295204157,0.07495939379126959,0.02876689325244064,0.1549304713957912,0.8450695286042088,,spd,bi
as_coded,spd,Europe,7500,spatial_model_estimated,selected,-0.0133,0.049,0.0615,-0.012499999999999997,climate,climate,FALSE,0.2705687465488681,0.3395913859745997,0.3898398674765323,0.039404479599088105,0.051147024458973345,0.06485261291165567,0.025751965405459765,0.18115608237517689,0.8188439176248231,,spd,bi
as_coded,spd,Europe,8000,spatial_model_estimated,selected,-0.062000000000000006,0.0113,0.0746,-0.0633,climate,climate,FALSE,0.06983930778739184,0.4610630407911001,0.469097651421508,0.007999613065893585,0.07255972418842949,0.06739720888701495,0.013783504027967575,0.1617400501693056,0.8382599498306944,,spd,bi
as_coded,spd,Europe,8500,spatial_model_estimated,selected,-0.0603,0.0088,0.0688,-0.06,climate,climate,FALSE,0.058085808580858093,0.45412541254125416,0.48778877887788774,0.002701484118592834,0.06245890651661534,0.074293250092337,0.01201123098331569,0.15146487171086087,0.8485351282891391,,spd,bi
as_coded,spd,North America,2000,spatial_model_estimated,selected,-0.0887,0.0038,0.0568,-0.053000000000000005,climate,climate,FALSE,0.018990504747626185,0.2838580709645177,0.697151424287856,-2.317084619085641e-4,0.017043581756738146,0.10007182908852963,0.08321154301419287,0.20009524539755208,0.7999047546024479,,spd,bi
as_coded,spd,North America,2500,spatial_model_estimated,selected,-0.0913,0.0068,0.0598,-0.053,climate,climate,FALSE,0.03132197144173192,0.2754491017964072,0.6932289267618609,0.00513091320230441,0.01991100470819618,0.10959446190436772,0.08252680570435922,0.21716318551922753,0.7828368144807725,,spd,bi
as_coded,spd,North America,3000,spatial_model_estimated,selected,-0.0919,0.0058,0.059,-0.0532,climate,climate,FALSE,0.02815533980582524,0.28640776699029125,0.6854368932038835,0.0031023071058920992,0.017522176119982746,0.09666684457318142,0.08866454400289403,0.2059558718019503,0.7940441281980497,,spd,bi
as_coded,spd,North America,3500,spatial_model_estimated,selected,-0.0959,0.003,0.0598,-0.056799999999999996,climate,climate,FALSE,0.015306122448979591,0.3051020408163265,0.6795918367346939,0.0015074307337823445,0.0193120427830753,0.09284364621100627,0.08224551244626643,0.19590863217413035,0.8040913678258697,,spd,bi
as_coded,spd,North America,4000,spatial_model_estimated,selected,-0.0774,0.0078,0.052,-0.044199999999999996,climate,climate,FALSE,0.042763157894736836,0.2850877192982456,0.6721491228070176,0.004326835325254463,0.015328007687900658,0.08444677872930584,0.07831591587441156,0.18241753761687252,0.8175824623831275,,spd,bi
as_coded,spd,North America,4500,spatial_model_estimated,selected,-0.08750000000000001,0.008,0.0564,-0.0484,climate,climate,FALSE,0.03836930455635491,0.27050359712230215,0.6911270983213429,0.006480085236499122,0.015682084569906163,0.10204375638740482,0.08426841730338364,0.20847434349719374,0.7915256565028063,,spd,bi
as_coded,spd,North America,5000,spatial_model_estimated,selected,-0.0933,0.0044,0.0591,-0.0547,climate,climate,FALSE,0.024242424242424246,0.3256198347107438,0.650137741046832,0.0023953103680505183,0.018451322345358623,0.0746256205763961,0.0860752586652136,0.18154751195501884,0.8184524880449812,,spd,bi
as_coded,spd,North America,5500,spatial_model_estimated,selected,-0.07450000000000001,0.01,0.0525,-0.042499999999999996,climate,climate,FALSE,0.04875670404680644,0.25597269624573377,0.6952705997074597,0.008922574975615216,0.019409794565484972,0.10776727101139583,0.06897700299194898,0.205076643544445,0.794923356455555,,spd,bi
as_coded,spd,North America,6000,spatial_model_estimated,selected,-0.0776,0.0126,0.0572,-0.0446,climate,climate,FALSE,0.06164383561643836,0.27984344422700586,0.6585127201565558,0.012127905888862367,0.023678361024497607,0.10160116713431355,0.06691762320259664,0.20432505725027017,0.7956749427497298,,spd,bi
as_coded,spd,North America,6500,spatial_model_estimated,selected,-0.0895,0.0086,0.0592,-0.050600000000000006,climate,climate,FALSE,0.039126478616924476,0.26933575978161967,0.6915377616014559,0.007818197731437104,0.0195579286008829,0.11157974780893598,0.0807504619389472,0.21970633608020318,0.7802936639197968,,spd,bi
as_coded,spd,North America,7000,spatial_model_estimated,selected,-0.0838,0.011,0.0621,-0.051100000000000007,climate,climate,FALSE,0.05032021957913998,0.28408051235132664,0.6655992680695334,0.009368433713600854,0.02785966361147585,0.11083142050882866,0.07047814605138114,0.2185376638852865,0.7814623361147135,,spd,bi
as_coded,spd,North America,7500,spatial_model_estimated,selected,-0.0737,0.0109,0.0584,-0.0475,climate,climate,FALSE,0.06085985482970408,0.3260748185371301,0.6130653266331658,0.009216707820407066,0.03041805380156548,0.08018931615836555,0.0592814714115536,0.1791055491918917,0.8208944508081083,,spd,bi
as_coded,spd,North America,8000,spatial_model_estimated,selected,-0.0952,0.0088,0.0712,-0.0624,climate,climate,FALSE,0.04505888376856119,0.3645673323092678,0.590373783922171,0.008800613689336156,0.03831320495431623,0.08308105934554244,0.06508914521556564,0.19528402320476046,0.8047159767952395,,spd,bi
as_coded,spd,North America,8500,spatial_model_estimated,selected,-0.09359999999999999,0.0037,0.0627,-0.059000000000000004,climate,climate,FALSE,0.018137254901960782,0.3073529411764706,0.6745098039215686,9.658513151902248e-4,0.0253584832544973,0.10032997130888399,0.07727406951807259,0.2039283753966441,0.7960716246033559,,spd,bi
as_coded,spd,Latin America,2000,spatial_model_estimated,selected,-0.1466,0.0048,0.1406,-0.1358,climate,climate,FALSE,0.028537455410225916,0.8359096313912009,0.13555291319857313,7.592679839880656e-4,0.12574990488365723,0.015581677582610198,0.026104264702504043,0.16819511515275953,0.8318048848472405,,spd,no_impact
as_coded,spd,Latin America,2500,spatial_model_estimated,selected,-0.1416,0.0097,0.1409,-0.13119999999999998,climate,climate,FALSE,0.05350248207391065,0.7771649200220629,0.1693325979040265,0.005439319712083224,0.1261148015020529,0.028798099413360978,0.021039447983082105,0.1813916686105792,0.8186083313894208,,spd,no_impact
as_coded,spd,Latin America,3000,spatial_model_estimated,selected,-0.1628,0.0133,0.1693,-0.156,climate,climate,FALSE,0.06646676661669165,0.8460769615192404,0.08745627186406797,0.02377422603759871,0.17286603679238466,0.020078821282065507,-0.016609893078166738,0.20010919103388214,0.7998908089661179,,spd,no_impact
as_coded,spd,Latin America,4000,spatial_model_estimated,selected,-0.1643,0.0274,0.1938,-0.1664,climate,climate,FALSE,0.1229802513464991,0.86983842010772,0.00718132854578097,0.0407383317595319,0.20923251444295843,0.004395335172175829,-0.03162747059873028,0.22273871077593588,0.7772612892240641,,spd,no_impact
as_coded,spd,Latin America,4500,no_spatial_terms_selected,no_terms_selected,-0.16590000000000002,0.0157,0.1816,-0.16590000000000002,climate,climate,FALSE,0.07957425240750125,0.9204257475924987,0,0.02117226795077798,0.18704610896322627,0,-0.01088276656057241,0.19733561035343183,0.8026643896465682,,spd,no_impact
as_coded,spd,Latin America,5000,spatial_model_estimated,selected,-0.1544,0.0191,0.1419,-0.12279999999999999,climate,climate,FALSE,0.08138048572645931,0.6046016190881978,0.314017895185343,0.021278728904059463,0.11251704422916231,0.030699741108777046,0.07019153865740746,0.23468705289940628,0.7653129471005937,,spd,no_impact
as_coded,spd,Latin America,5500,no_spatial_terms_selected,no_terms_selected,-0.1464,0.0094,0.1558,-0.1464,climate,climate,FALSE,0.05690072639225182,0.9430992736077483,0,0.011958029104286783,0.15834138493002314,0,-0.005082257918207489,0.16521715611610244,0.8347828438838976,,spd,no_impact
as_coded,spd,Latin America,6000,no_spatial_terms_selected,no_terms_selected,-0.1508,0.0095,0.1603,-0.1508,climate,climate,FALSE,0.05594817432273262,0.9440518256772673,0,0.015132624006980566,0.1659062775160065,0,-0.011218106640723424,0.16982079488226365,0.8301792051177364,,spd,no_impact
as_coded,spd,Latin America,6500,no_spatial_terms_selected,no_terms_selected,-0.1674,-0.0044,0.163,-0.1674,climate,climate,FALSE,0,1,0,-0.004489876908555401,0.16292425551857104,0,2.201087284522396e-4,0.15865448733846788,0.8413455126615321,,spd,no_impact
as_coded,spd,Latin America,7000,no_spatial_terms_selected,no_spatial_signal,-0.1156,0.0064,0.122,-0.1156,climate,climate,FALSE,0.049844236760124616,0.9501557632398755,0,0.002452787395990641,0.11811025291463917,0,0.00783416669031023,0.12839720700094004,0.87160279299906,,spd,no_impact
as_coded,spd,Latin America,7500,spatial_model_estimated,selected,-0.14609999999999998,-3e-4,0.1225,-0.12279999999999999,climate,climate,FALSE,0,0.7227138643067847,0.27728613569321536,0.001938346660397161,0.10134028796790584,0.024298594235356408,0.041604015132822414,0.16918124399648182,0.8308187560035182,,spd,no_impact
as_coded,spd,Latin America,8000,no_spatial_terms_selected,no_spatial_signal,-0.07039999999999999,0.0512,0.1216,-0.07039999999999999,climate,climate,FALSE,0.2962962962962963,0.7037037037037037,0,0.05906996817961807,0.12945287471719635,0,-0.015659701702905426,0.172863141193909,0.827136858806091,,spd,no_impact
as_coded,spd,Latin America,8500,spatial_model_estimated,selected,-0.11770000000000001,0.0098,0.0953,-0.08549999999999999,climate,climate,FALSE,0.05654933641084824,0.5499134448932488,0.3935372186959031,0.015052413002135334,0.06827936279109603,0.03619964545198695,0.05378352545787035,0.17331494670308867,0.8266850532969113,,spd,no_impact
as_coded,spd,Latin America,3500,no_spatial_terms_selected,no_spatial_signal,-0.17809999999999998,0.013,0.1911,-0.17809999999999998,climate,climate,FALSE,0.06369426751592357,0.9363057324840763,0,0.024647738475072845,0.2026991459789922,0,-0.023210753410916052,0.20413613104314898,0.795863868956851,,spd,no_impact
as_coded,spd,Oceania,2000,no_spatial_terms_selected,no_terms_selected,0.014899999999999998,0.0232,0.0083,0.014899999999999998,human,human,FALSE,0.7365079365079364,0.2634920634920635,0,0.008820202112440945,-0.005990722835036433,0,0.028665354589129333,0.031494833866533845,0.9685051661334662,,spd,no_impact
as_coded,spd,Oceania,2500,no_spatial_terms_selected,no_terms_selected,-0.0517,0.0094,0.0611,-0.0517,climate,climate,FALSE,0.13333333333333333,0.8666666666666666,0,0.0030125112241004004,0.054656244879729754,0,0.012850075173166609,0.07051883127699676,0.9294811687230032,,spd,no_impact
as_coded,spd,Oceania,3000,no_spatial_terms_selected,no_terms_selected,-0.0879,0.0275,0.1154,-0.0879,climate,climate,FALSE,0.19244226731980407,0.8075577326801959,0,0.02250923784994141,0.11045925925593492,0,0.009882562062132116,0.14285105916800844,0.8571489408319916,,spd,no_impact
as_coded,spd,Oceania,3500,spatial_model_estimated,selected,-0.0955,0.0252,0.1386,-0.1134,climate,climate,FALSE,0.15080789946140036,0.829443447037702,0.019748653500897665,0.025837725100781972,0.15734023127045604,0.024366957942278944,-0.04049715360495476,0.1670477607085622,0.8329522392914378,,spd,no_impact
as_coded,spd,Oceania,4000,no_spatial_terms_selected,no_terms_selected,-0.0678,0.0072,0.075,-0.0678,climate,climate,FALSE,0.08759124087591241,0.9124087591240876,0,-2.2240357317915294e-4,0.06755715114683225,0,0.014819904999349154,0.08215465257300225,0.9178453474269977,,spd,no_impact
as_coded,spd,Oceania,4500,spatial_model_estimated,selected,-0.1138,0.0056,0.1265,-0.12090000000000001,climate,climate,FALSE,0.040668119099491654,0.9186637618010168,0.040668119099491654,4.3129298816468875e-4,0.12831858820765596,0.014398319450245056,-0.005377361206951314,0.1377708394391144,0.8622291605608856,,spd,no_impact
as_coded,spd,Oceania,5000,no_spatial_terms_selected,no_spatial_signal,-0.0618,0.0016,0.0634,-0.0618,climate,climate,FALSE,0.024615384615384615,0.9753846153846153,0,-0.009272622955229681,0.052473868849698846,0,0.021787983608027695,0.06498922950249686,0.9350107704975031,,spd,no_impact
as_coded,spd,Oceania,5500,no_spatial_terms_selected,no_spatial_signal,-0.052700000000000004,0.0058,0.0585,-0.052700000000000004,climate,climate,FALSE,0.09020217729393468,0.9097978227060655,0,-5.869979176701401e-4,0.05203762037512505,0,0.012846040712248263,0.06429666316970317,0.9357033368302968,,spd,no_impact
as_coded,spd,Oceania,6000,no_spatial_terms_selected,no_spatial_signal,-0.0701,-0.0013,0.0688,-0.0701,climate,climate,FALSE,0,1,0,-0.00245768725440898,0.06763023140197644,0,0.002392127546723466,0.06756467169429092,0.9324353283057091,,spd,no_impact
as_coded,spd,Oceania,7000,no_spatial_terms_selected,no_terms_selected,-0.0204,-0.0138,0.0066,-0.0204,climate,climate,FALSE,0,1,0,-0.016585569950388068,0.0038261790880251834,0,0.005564798818815886,-0.007194592043546999,1.007194592043547,,spd,no_impact
as_coded,spd,Oceania,7500,no_spatial_terms_selected,no_terms_selected,-0.0581,-0.0149,0.0432,-0.0581,climate,climate,FALSE,0,1,0,-0.016861016607486512,0.04121803456624262,0,0.0039301444606776315,0.028287162419433742,0.9717128375805663,,spd,no_impact
as_coded,spd,Asia,2000,spatial_model_estimated,selected,-0.057499999999999996,0.0144,0.0799,-0.0655,climate,climate,FALSE,0.11162790697674418,0.6193798449612403,0.2689922480620155,0.01646818755036783,0.08976972207601741,0.03090074284675537,-0.00813835227230264,0.12900030020083797,0.870999699799162,,spd,bi
as_coded,spd,Asia,2500,spatial_model_estimated,selected,-0.08349999999999999,0.0028,0.0904,-0.0876,climate,climate,FALSE,0.02190923317683881,0.7073552425665102,0.27073552425665104,0.0036273321612295684,0.09527374064501504,0.03344588447269414,-0.004457606242248557,0.1278893510366902,0.8721106489633098,,spd,bi
as_coded,spd,Asia,3000,spatial_model_estimated,selected,-0.0817,0.003,0.0836,-0.08059999999999999,climate,climate,FALSE,0.024732069249793903,0.6892003297609234,0.2860676009892828,0.004389528676442711,0.08390523576148734,0.02968615522983231,0.003372704833709994,0.12135362450147236,0.8786463754985276,,spd,bi
as_coded,spd,Asia,3500,no_spatial_terms_selected,no_terms_selected,-0.0786,0.0057,0.0843,-0.0786,climate,climate,FALSE,0.06333333333333334,0.9366666666666666,0,-1.8776938613784822e-4,0.07842311700666393,0,0.011849103527848293,0.09008445114837438,0.9099155488516256,,spd,bi
as_coded,spd,Asia,4000,no_spatial_terms_selected,no_terms_selected,-0.06509999999999999,0.0054,0.0705,-0.06509999999999999,climate,climate,FALSE,0.07114624505928854,0.9288537549407114,0,0.004152790380215765,0.06932562098338813,0,0.002406026905015679,0.07588443826861957,0.9241155617313804,,spd,bi
as_coded,spd,Asia,4500,spatial_model_estimated,selected,-0.058800000000000005,0.0149,0.0736,-0.0587,climate,climate,FALSE,0.11695447409733126,0.5777080062794349,0.3053375196232339,0.0031617997605227766,0.0616644948091426,0.04069341664982973,0.021935799939933,0.1274555111594281,0.8725444888405719,,spd,bi
as_coded,spd,Asia,5000,spatial_model_estimated,selected,-0.0465,0.0241,0.0671,-0.04300000000000001,climate,climate,FALSE,0.2149866190900981,0.5985727029438002,0.18644067796610167,0.012855450405264146,0.05238111814195079,0.02556105780301743,0.021182256513295306,0.11197988286352767,0.8880201171364723,,spd,bi
as_coded,spd,Asia,5500,spatial_model_estimated,selected,-0.0813,0.0048,0.0875,-0.0827,climate,climate,FALSE,0.038740920096852295,0.7062146892655367,0.25504439063761103,-0.002888152510223785,0.08123068963003355,0.03176334443221074,0.013806273731331142,0.12391215528335164,0.8760878447166484,,spd,bi
as_coded,spd,Asia,6000,no_spatial_terms_selected,no_terms_selected,-0.058,0.0245,0.0825,-0.058,climate,climate,FALSE,0.2289719626168224,0.7710280373831775,0,0.01027111180477569,0.06828020523718448,0,0.028455425918755606,0.10700674296071577,0.8929932570392842,,spd,bi
as_coded,spd,Asia,6500,no_spatial_terms_selected,no_spatial_signal,-0.093,0.0066,0.0996,-0.093,climate,climate,FALSE,0.062146892655367235,0.9378531073446328,0,-0.002393239124602986,0.09053024332947812,0,0.018073568223258785,0.10621057242813392,0.8937894275718661,,spd,bi
as_coded,spd,Asia,7000,no_spatial_terms_selected,no_spatial_signal,-0.0968,0.0125,0.1093,-0.0968,climate,climate,FALSE,0.1026272577996716,0.8973727422003285,0,0.003130478006058812,0.09991748729333039,0,0.018701752058367327,0.12174971735775653,0.8782502826422435,,spd,bi
as_coded,spd,Asia,7500,no_spatial_terms_selected,no_spatial_signal,-0.10120000000000001,0.0221,0.1233,-0.10120000000000001,climate,climate,FALSE,0.15199449793672629,0.8480055020632737,0,0.006433218168668153,0.10765587406949517,0,0.03136765673934394,0.14545674897750727,0.8545432510224927,,spd,bi
as_coded,spd,Asia,8000,spatial_model_estimated,selected,-0.1415,0.0093,0.1472,-0.1379,climate,climate,FALSE,0.05230596175478065,0.8278965129358831,0.11979752530933634,0.0011380118977120102,0.1354047994122657,0.019735699291171582,0.02152202289658367,0.17780053349773295,0.822199466502267,,spd,bi
as_coded,spd,Asia,8500,spatial_model_estimated,selected,-0.15239999999999998,0.0047,0.1601,-0.15539999999999998,climate,climate,FALSE,0.02649379932356257,0.9024802705749717,0.07102593010146561,-5.229415731253795e-4,0.15787643979815325,0.015566280262206522,0.00444737431227582,0.1773671527995102,0.8226328472004898,,spd,bi
as_coded,spd,Oceania,6500,no_spatial_terms_selected,no_spatial_signal,-0.09899999999999999,-0.0124,0.0866,-0.09899999999999999,climate,climate,FALSE,0,1,0,-0.014284128788675687,0.0847416137721142,0,0.003720876068200374,0.07417836105163889,0.9258216389483611,,spd,no_impact
as_coded,spd,Oceania,8000,no_spatial_terms_selected,no_terms_selected,-0.058499999999999996,8e-4,0.0593,-0.058499999999999996,climate,climate,FALSE,0.013311148086522463,0.9866888519134775,0,-0.0014825173685475423,0.05701414757543877,0,0.004472624516250301,0.060004254723141526,0.9399957452768585,,spd,no_impact
as_coded,spd,Oceania,8500,spatial_model_estimated,selected,-0.06649999999999999,-0.001,0.056,-0.057,climate,climate,FALSE,0,0.5189990732159407,0.48100092678405937,-0.008040047758109958,0.039318414751736586,0.0380706989552162,0.03746612946278116,0.10681519541162399,0.893184804588376,,spd,no_impact
observed_events_only,spd,North America,2000,spatial_model_estimated,selected,-0.08789999999999999,0.006,0.0574,-0.0514,climate,climate,FALSE,0.029925187032418952,0.28628428927680794,0.683790523690773,0.004519831303029909,0.019273254309337906,0.10061817889882507,0.07602894442141028,0.20044020893260317,0.7995597910673968,,spd,bi
observed_events_only,spd,North America,2500,spatial_model_estimated,selected,-0.0905,0.0074,0.0597,-0.0523,climate,climate,FALSE,0.03357531760435572,0.27087114337568063,0.6955535390199638,0.005893482789449345,0.019931095853986558,0.11317188691077618,0.08142575109035466,0.22042221664456674,0.7795777833554333,,spd,bi
observed_events_only,spd,North America,3000,spatial_model_estimated,selected,-0.09140000000000001,0.006,0.0584,-0.0524,climate,climate,FALSE,0.028901734104046242,0.2813102119460501,0.6897880539499036,0.0028931205821511874,0.01630981959803024,0.0979744108365379,0.09043386381957319,0.20761121483629252,0.7923887851637075,,spd,bi
observed_events_only,spd,North America,3500,spatial_model_estimated,selected,-0.0953,0.003,0.0595,-0.056499999999999995,climate,climate,FALSE,0.015384615384615384,0.3051282051282051,0.6794871794871795,0.0015511561322294476,0.019313478641665993,0.09245652330187626,0.08168178088537181,0.1950029389611435,0.8049970610388565,,spd,bi
observed_events_only,spd,North America,4000,spatial_model_estimated,selected,-0.0766,0.008,0.0517,-0.0437,climate,climate,FALSE,0.04395604395604396,0.2840659340659341,0.671978021978022,0.004638024086789594,0.015506635290405746,0.08463565602403889,0.07726582074185184,0.18204613614308607,0.8179538638569139,,spd,bi
observed_events_only,spd,North America,4500,spatial_model_estimated,selected,-0.0869,0.0082,0.0561,-0.0479,climate,climate,FALSE,0.03942307692307693,0.26971153846153845,0.6908653846153846,0.006799318090771056,0.015644566741760957,0.10192826556231416,0.08350659199407306,0.20787874238891924,0.7921212576110808,,spd,bi
observed_events_only,spd,North America,5000,spatial_model_estimated,selected,-0.0928,0.0045,0.059,-0.0545,climate,climate,FALSE,0.024986118822876182,0.3275957801221544,0.6474181010549696,0.0025034357742472757,0.01873873901792933,0.07358747935720511,0.08528419393324649,0.1801138480826282,0.8198861519173718,,spd,bi
observed_events_only,spd,North America,5500,spatial_model_estimated,selected,-0.0736,0.0115,0.0505,-0.03900000000000001,climate,climate,FALSE,0.05958549222797927,0.2616580310880829,0.6787564766839378,0.01181875610450478,0.016185625019443428,0.0966393709931167,0.06832562118384755,0.19296937330091246,0.8070306266990875,,spd,bi
observed_events_only,spd,North America,6000,spatial_model_estimated,selected,-0.077,0.0133,0.0525,-0.0392,climate,climate,FALSE,0.06626806178375685,0.2615844544095665,0.6721474838066767,0.014014872681424206,0.015369863957769181,0.09821640422096933,0.07315559274841521,0.20075673360857793,0.7992432663914221,,spd,bi
observed_events_only,spd,North America,6500,spatial_model_estimated,selected,-0.0895,0.0085,0.0581,-0.0496,climate,climate,FALSE,0.03992484734617191,0.27289807421324563,0.6871770784405825,0.007777331603330939,0.017460075615280846,0.10476286295394921,0.0829372573672571,0.2129375275398181,0.7870624724601819,,spd,bi
observed_events_only,spd,North America,7000,spatial_model_estimated,selected,-0.0837,0.0112,0.0599,-0.0487,climate,climate,FALSE,0.0521415270018622,0.27886405959031657,0.6689944134078212,0.010101082146498519,0.02393547064522583,0.10742835005847196,0.07324432994304508,0.2147092327932414,0.7852907672067586,,spd,bi
observed_events_only,spd,North America,7500,spatial_model_estimated,selected,-0.0735,0.011,0.0585,-0.0475,climate,climate,FALSE,0.061659192825112105,0.32791479820627806,0.6104260089686099,0.009498720974341457,0.030890705366254934,0.07982405599320697,0.058182181471336136,0.1783956638051395,0.8216043361948605,,spd,bi
observed_events_only,spd,North America,8000,spatial_model_estimated,selected,-0.0952,0.0095,0.0721,-0.0626,climate,climate,FALSE,0.047263681592039794,0.3587064676616915,0.5940298507462687,0.01023931870384931,0.04018764799934449,0.08885548994220638,0.061769252616139414,0.2010517092615396,0.7989482907384604,,spd,bi
observed_events_only,spd,North America,8500,spatial_model_estimated,selected,-0.09319999999999999,0.0051,0.0637,-0.058600000000000006,climate,climate,FALSE,0.02428571428571429,0.3033333333333334,0.6723809523809524,0.003083407854634679,0.027113010679639893,0.10606125833137137,0.0738009420131438,0.21005861887878974,0.7899413811212103,,spd,bi
observed_events_only,spd,Europe,2000,spatial_model_estimated,selected,-0.11,0.0061,0.1082,-0.10210000000000001,climate,climate,FALSE,0.03344298245614035,0.5932017543859649,0.3733552631578947,0.011807686706924114,0.10602182128119553,0.06518239675943083,-6.713506537218139e-4,0.18234055409382866,0.8176594459061713,,spd,bi
observed_events_only,spd,Europe,2500,spatial_model_estimated,selected,-0.08149999999999999,0.0101,0.0823,-0.0722,climate,climate,FALSE,0.06445437141033822,0.5252074026802808,0.41033822590938096,0.013874750931012203,0.07682437175551782,0.05749681038522858,0.008571351051854692,0.1567672841236133,0.8432327158763867,,spd,bi
observed_events_only,spd,Europe,3000,spatial_model_estimated,selected,-0.0359,0.0112,0.0437,-0.0325,climate,climate,FALSE,0.11678832116788321,0.45568300312825866,0.4275286757038582,0.007670556027286168,0.03680377444640415,0.03773937586778231,0.01360103510730748,0.0958147414487801,0.9041852585512199,,spd,bi
observed_events_only,spd,Europe,3500,spatial_model_estimated,selected,-0.028900000000000002,0.0312,0.0562,-0.025,climate,climate,FALSE,0.1555333998005982,0.2801595214356929,0.5643070787637089,0.03688765581161835,0.05809291095043101,0.12814309089900988,-0.02246532266292689,0.20065833499813235,0.7993416650018677,,spd,bi
observed_events_only,spd,Europe,4000,spatial_model_estimated,selected,-0.045899999999999996,0.006,0.0547,-0.0487,climate,climate,FALSE,0.04987531172069826,0.45469659185369904,0.49542809642560265,0.005025480025167339,0.05662339192607846,0.06396792563069864,-0.0053598265825688385,0.1202569709993756,0.8797430290006244,,spd,bi
observed_events_only,spd,Europe,4500,spatial_model_estimated,selected,-0.0647,8e-4,0.0685,-0.06770000000000001,climate,climate,FALSE,0.004405286343612334,0.3772026431718062,0.6183920704845814,0.0014726499672021998,0.07219221806159026,0.11848802540042047,-0.010571157842064305,0.18158173558714863,0.8184182644128514,,spd,bi
observed_events_only,spd,Europe,5000,spatial_model_estimated,selected,-0.0386,0.0121,0.0568,-0.044700000000000004,climate,climate,FALSE,0.09029850746268656,0.42388059701492536,0.48582089552238805,0.016506597581311455,0.06712905670678815,0.08072718244533506,-0.030374484362210685,0.13398835237122397,0.866011647628776,,spd,bi
observed_events_only,spd,Europe,5500,spatial_model_estimated,selected,-0.0733,7e-4,0.0733,-0.0726,climate,climate,FALSE,0.005494505494505494,0.575353218210361,0.4191522762951334,0.0059359250619639425,0.07768324059853782,0.05617378778698945,-0.012391220250612789,0.12740173319687842,0.8725982668031216,,spd,bi
observed_events_only,spd,Europe,6000,spatial_model_estimated,selected,-0.0438,0.0128,0.0584,-0.0456,climate,climate,FALSE,0.11091854419410746,0.5060658578856152,0.38301559792027734,0.008005777901857192,0.055615889920623385,0.04580252611240754,0.005978505170317949,0.11540269910520606,0.8845973008947939,,spd,bi
observed_events_only,spd,Europe,6500,spatial_model_estimated,selected,-0.006799999999999997,0.0314,0.0398,-0.008400000000000005,climate,climate,FALSE,0.2672340425531915,0.33872340425531916,0.3940425531914894,0.015884906933655296,0.025983239169867667,0.04893412094106142,0.026685421490224792,0.11748768853480918,0.8825123114651908,,spd,bi
observed_events_only,spd,Europe,7000,spatial_model_estimated,selected,-0.0478,0.0124,0.0659,-0.0535,climate,climate,FALSE,0.10726643598615918,0.5700692041522492,0.3226643598615917,9.076936265633995e-4,0.060137229426169614,0.04078191328088887,0.013752167783267377,0.11557900411688926,0.8844209958831107,,spd,bi
observed_events_only,spd,Europe,7500,spatial_model_estimated,selected,-5.000000000000004e-4,0.0468,0.051,-0.004199999999999995,climate,climate,FALSE,0.3027166882276843,0.32988357050452777,0.36739974126778785,0.035758702681055965,0.043732943166214455,0.05954320130687951,0.015525769445656756,0.1545606165998067,0.8454393834001933,,spd,bi
observed_events_only,spd,Europe,8000,spatial_model_estimated,selected,-0.0361,0.0129,0.0626,-0.0497,climate,climate,FALSE,0.10311750599520385,0.5003996802557954,0.3964828137490008,0.008051531243029042,0.07124092706772112,0.04985218912113809,-0.003981939483203356,0.1251627079486849,0.8748372920513151,,spd,bi
observed_events_only,spd,Europe,8500,spatial_model_estimated,selected,-0.0314,0.0159,0.0412,-0.0253,climate,climate,FALSE,0.14695009242144177,0.3807763401109057,0.4722735674676525,0.007360258777290185,0.02668463315325309,0.0492599933696477,0.024935284239438915,0.1082401695396299,0.8917598304603701,,spd,bi
observed_events_only,spd,Latin America,2000,spatial_model_estimated,selected,-0.1466,0.0048,0.1406,-0.1358,climate,climate,FALSE,0.028537455410225916,0.8359096313912009,0.13555291319857313,7.592679839880656e-4,0.12574990488365723,0.015581677582610198,0.026104264702504043,0.16819511515275953,0.8318048848472405,,spd,no_impact
observed_events_only,spd,Latin America,2500,spatial_model_estimated,selected,-0.1416,0.0097,0.1409,-0.13119999999999998,climate,climate,FALSE,0.05350248207391065,0.7771649200220629,0.1693325979040265,0.005439319712083224,0.1261148015020529,0.028798099413360978,0.021039447983082105,0.1813916686105792,0.8186083313894208,,spd,no_impact
observed_events_only,spd,Latin America,3000,spatial_model_estimated,selected,-0.1628,0.0133,0.1693,-0.156,climate,climate,FALSE,0.06646676661669165,0.8460769615192404,0.08745627186406797,0.02377422603759871,0.17286603679238466,0.020078821282065507,-0.016609893078166738,0.20010919103388214,0.7998908089661179,,spd,no_impact
observed_events_only,spd,Latin America,4000,spatial_model_estimated,selected,-0.1643,0.0274,0.1938,-0.1664,climate,climate,FALSE,0.1229802513464991,0.86983842010772,0.00718132854578097,0.0407383317595319,0.20923251444295843,0.004395335172175829,-0.03162747059873028,0.22273871077593588,0.7772612892240641,,spd,no_impact
observed_events_only,spd,Latin America,4500,no_spatial_terms_selected,no_terms_selected,-0.16590000000000002,0.0157,0.1816,-0.16590000000000002,climate,climate,FALSE,0.07957425240750125,0.9204257475924987,0,0.02117226795077798,0.18704610896322627,0,-0.01088276656057241,0.19733561035343183,0.8026643896465682,,spd,no_impact
observed_events_only,spd,Latin America,5000,spatial_model_estimated,selected,-0.1544,0.0191,0.1419,-0.12279999999999999,climate,climate,FALSE,0.08138048572645931,0.6046016190881978,0.314017895185343,0.021278728904059463,0.11251704422916231,0.030699741108777046,0.07019153865740746,0.23468705289940628,0.7653129471005937,,spd,no_impact
observed_events_only,spd,Latin America,5500,no_spatial_terms_selected,no_terms_selected,-0.1464,0.0094,0.1558,-0.1464,climate,climate,FALSE,0.05690072639225182,0.9430992736077483,0,0.011958029104286783,0.15834138493002314,0,-0.005082257918207489,0.16521715611610244,0.8347828438838976,,spd,no_impact
observed_events_only,spd,Latin America,6000,no_spatial_terms_selected,no_terms_selected,-0.1508,0.0095,0.1603,-0.1508,climate,climate,FALSE,0.05594817432273262,0.9440518256772673,0,0.015132624006980566,0.1659062775160065,0,-0.011218106640723424,0.16982079488226365,0.8301792051177364,,spd,no_impact
observed_events_only,spd,Latin America,6500,no_spatial_terms_selected,no_terms_selected,-0.1674,-0.0044,0.163,-0.1674,climate,climate,FALSE,0,1,0,-0.004489876908555401,0.16292425551857104,0,2.201087284522396e-4,0.15865448733846788,0.8413455126615321,,spd,no_impact
observed_events_only,spd,Latin America,7000,no_spatial_terms_selected,no_spatial_signal,-0.1156,0.0064,0.122,-0.1156,climate,climate,FALSE,0.049844236760124616,0.9501557632398755,0,0.002452787395990641,0.11811025291463917,0,0.00783416669031023,0.12839720700094004,0.87160279299906,,spd,no_impact
observed_events_only,spd,Latin America,7500,spatial_model_estimated,selected,-0.14609999999999998,-3e-4,0.1225,-0.12279999999999999,climate,climate,FALSE,0,0.7227138643067847,0.27728613569321536,0.001938346660397161,0.10134028796790584,0.024298594235356408,0.041604015132822414,0.16918124399648182,0.8308187560035182,,spd,no_impact
observed_events_only,spd,Latin America,8000,no_spatial_terms_selected,no_spatial_signal,-0.07039999999999999,0.0512,0.1216,-0.07039999999999999,climate,climate,FALSE,0.2962962962962963,0.7037037037037037,0,0.05906996817961807,0.12945287471719635,0,-0.015659701702905426,0.172863141193909,0.827136858806091,,spd,no_impact
observed_events_only,spd,Latin America,8500,spatial_model_estimated,selected,-0.11770000000000001,0.0098,0.0953,-0.08549999999999999,climate,climate,FALSE,0.05654933641084824,0.5499134448932488,0.3935372186959031,0.015052413002135334,0.06827936279109603,0.03619964545198695,0.05378352545787035,0.17331494670308867,0.8266850532969113,,spd,no_impact
observed_events_only,spd,Latin America,3500,no_spatial_terms_selected,no_spatial_signal,-0.17809999999999998,0.013,0.1911,-0.17809999999999998,climate,climate,FALSE,0.06369426751592357,0.9363057324840763,0,0.024647738475072845,0.2026991459789922,0,-0.023210753410916052,0.20413613104314898,0.795863868956851,,spd,no_impact
observed_events_only,spd,Oceania,2000,no_spatial_terms_selected,no_terms_selected,0.014899999999999998,0.0232,0.0083,0.014899999999999998,human,human,FALSE,0.7365079365079364,0.2634920634920635,0,0.008820202112440945,-0.005990722835036433,0,0.028665354589129333,0.031494833866533845,0.9685051661334662,,spd,no_impact
observed_events_only,spd,Oceania,2500,no_spatial_terms_selected,no_terms_selected,-0.0517,0.0094,0.0611,-0.0517,climate,climate,FALSE,0.13333333333333333,0.8666666666666666,0,0.0030125112241004004,0.054656244879729754,0,0.012850075173166609,0.07051883127699676,0.9294811687230032,,spd,no_impact
observed_events_only,spd,Oceania,3000,no_spatial_terms_selected,no_terms_selected,-0.0879,0.0275,0.1154,-0.0879,climate,climate,FALSE,0.19244226731980407,0.8075577326801959,0,0.02250923784994141,0.11045925925593492,0,0.009882562062132116,0.14285105916800844,0.8571489408319916,,spd,no_impact
observed_events_only,spd,Oceania,3500,spatial_model_estimated,selected,-0.0955,0.0252,0.1386,-0.1134,climate,climate,FALSE,0.15080789946140036,0.829443447037702,0.019748653500897665,0.025837725100781972,0.15734023127045604,0.024366957942278944,-0.04049715360495476,0.1670477607085622,0.8329522392914378,,spd,no_impact
observed_events_only,spd,Oceania,4000,no_spatial_terms_selected,no_terms_selected,-0.0678,0.0072,0.075,-0.0678,climate,climate,FALSE,0.08759124087591241,0.9124087591240876,0,-2.2240357317915294e-4,0.06755715114683225,0,0.014819904999349154,0.08215465257300225,0.9178453474269977,,spd,no_impact
observed_events_only,spd,Oceania,4500,spatial_model_estimated,selected,-0.1138,0.0056,0.1265,-0.12090000000000001,climate,climate,FALSE,0.040668119099491654,0.9186637618010168,0.040668119099491654,4.3129298816468875e-4,0.12831858820765596,0.014398319450245056,-0.005377361206951314,0.1377708394391144,0.8622291605608856,,spd,no_impact
observed_events_only,spd,Oceania,5000,no_spatial_terms_selected,no_spatial_signal,-0.0618,0.0016,0.0634,-0.0618,climate,climate,FALSE,0.024615384615384615,0.9753846153846153,0,-0.009272622955229681,0.052473868849698846,0,0.021787983608027695,0.06498922950249686,0.9350107704975031,,spd,no_impact
observed_events_only,spd,Oceania,5500,no_spatial_terms_selected,no_spatial_signal,-0.052700000000000004,0.0058,0.0585,-0.052700000000000004,climate,climate,FALSE,0.09020217729393468,0.9097978227060655,0,-5.869979176701401e-4,0.05203762037512505,0,0.012846040712248263,0.06429666316970317,0.9357033368302968,,spd,no_impact
observed_events_only,spd,Oceania,6000,no_spatial_terms_selected,no_spatial_signal,-0.0701,-0.0013,0.0688,-0.0701,climate,climate,FALSE,0,1,0,-0.00245768725440898,0.06763023140197644,0,0.002392127546723466,0.06756467169429092,0.9324353283057091,,spd,no_impact
observed_events_only,spd,Oceania,7000,no_spatial_terms_selected,no_terms_selected,-0.0204,-0.0138,0.0066,-0.0204,climate,climate,FALSE,0,1,0,-0.016585569950388068,0.0038261790880251834,0,0.005564798818815886,-0.007194592043546999,1.007194592043547,,spd,no_impact
observed_events_only,spd,Oceania,7500,no_spatial_terms_selected,no_terms_selected,-0.0581,-0.0149,0.0432,-0.0581,climate,climate,FALSE,0,1,0,-0.016861016607486512,0.04121803456624262,0,0.0039301444606776315,0.028287162419433742,0.9717128375805663,,spd,no_impact
observed_events_only,spd,Asia,2000,spatial_model_estimated,selected,-0.057499999999999996,0.0144,0.0799,-0.0655,climate,climate,FALSE,0.11162790697674418,0.6193798449612403,0.2689922480620155,0.01646818755036783,0.08976972207601741,0.03090074284675537,-0.00813835227230264,0.12900030020083797,0.870999699799162,,spd,bi
observed_events_only,spd,Asia,2500,spatial_model_estimated,selected,-0.08349999999999999,0.0028,0.0904,-0.0876,climate,climate,FALSE,0.02190923317683881,0.7073552425665102,0.27073552425665104,0.0036273321612295684,0.09527374064501504,0.03344588447269414,-0.004457606242248557,0.1278893510366902,0.8721106489633098,,spd,bi
observed_events_only,spd,Asia,3000,spatial_model_estimated,selected,-0.0817,0.003,0.0836,-0.08059999999999999,climate,climate,FALSE,0.024732069249793903,0.6892003297609234,0.2860676009892828,0.004389528676442711,0.08390523576148734,0.02968615522983231,0.003372704833709994,0.12135362450147236,0.8786463754985276,,spd,bi
observed_events_only,spd,Asia,3500,no_spatial_terms_selected,no_terms_selected,-0.0786,0.0057,0.0843,-0.0786,climate,climate,FALSE,0.06333333333333334,0.9366666666666666,0,-1.8776938613784822e-4,0.07842311700666393,0,0.011849103527848293,0.09008445114837438,0.9099155488516256,,spd,bi
observed_events_only,spd,Asia,4000,no_spatial_terms_selected,no_terms_selected,-0.06509999999999999,0.0054,0.0705,-0.06509999999999999,climate,climate,FALSE,0.07114624505928854,0.9288537549407114,0,0.004152790380215765,0.06932562098338813,0,0.002406026905015679,0.07588443826861957,0.9241155617313804,,spd,bi
observed_events_only,spd,Asia,4500,spatial_model_estimated,selected,-0.058800000000000005,0.0149,0.0736,-0.0587,climate,climate,FALSE,0.11695447409733126,0.5777080062794349,0.3053375196232339,0.0031617997605227766,0.0616644948091426,0.04069341664982973,0.021935799939933,0.1274555111594281,0.8725444888405719,,spd,bi
observed_events_only,spd,Asia,5000,spatial_model_estimated,selected,-0.0465,0.0241,0.0671,-0.04300000000000001,climate,climate,FALSE,0.2149866190900981,0.5985727029438002,0.18644067796610167,0.012855450405264146,0.05238111814195079,0.02556105780301743,0.021182256513295306,0.11197988286352767,0.8880201171364723,,spd,bi
observed_events_only,spd,Asia,5500,spatial_model_estimated,selected,-0.0813,0.0048,0.0875,-0.0827,climate,climate,FALSE,0.038740920096852295,0.7062146892655367,0.25504439063761103,-0.002888152510223785,0.08123068963003355,0.03176334443221074,0.013806273731331142,0.12391215528335164,0.8760878447166484,,spd,bi
observed_events_only,spd,Asia,6000,no_spatial_terms_selected,no_terms_selected,-0.058,0.0245,0.0825,-0.058,climate,climate,FALSE,0.2289719626168224,0.7710280373831775,0,0.01027111180477569,0.06828020523718448,0,0.028455425918755606,0.10700674296071577,0.8929932570392842,,spd,bi
observed_events_only,spd,Asia,6500,no_spatial_terms_selected,no_spatial_signal,-0.093,0.0066,0.0996,-0.093,climate,climate,FALSE,0.062146892655367235,0.9378531073446328,0,-0.002393239124602986,0.09053024332947812,0,0.018073568223258785,0.10621057242813392,0.8937894275718661,,spd,bi
observed_events_only,spd,Asia,7000,no_spatial_terms_selected,no_spatial_signal,-0.0968,0.0125,0.1093,-0.0968,climate,climate,FALSE,0.1026272577996716,0.8973727422003285,0,0.003130478006058812,0.09991748729333039,0,0.018701752058367327,0.12174971735775653,0.8782502826422435,,spd,bi
observed_events_only,spd,Asia,7500,no_spatial_terms_selected,no_spatial_signal,-0.10120000000000001,0.0221,0.1233,-0.10120000000000001,climate,climate,FALSE,0.15199449793672629,0.8480055020632737,0,0.006433218168668153,0.10765587406949517,0,0.03136765673934394,0.14545674897750727,0.8545432510224927,,spd,bi
observed_events_only,spd,Asia,8000,spatial_model_estimated,selected,-0.1415,0.0093,0.1472,-0.1379,climate,climate,FALSE,0.05230596175478065,0.8278965129358831,0.11979752530933634,0.0011380118977120102,0.1354047994122657,0.019735699291171582,0.02152202289658367,0.17780053349773295,0.822199466502267,,spd,bi
observed_events_only,spd,Asia,8500,spatial_model_estimated,selected,-0.15239999999999998,0.0047,0.1601,-0.15539999999999998,climate,climate,FALSE,0.02649379932356257,0.9024802705749717,0.07102593010146561,-5.229415731253795e-4,0.15787643979815325,0.015566280262206522,0.00444737431227582,0.1773671527995102,0.8226328472004898,,spd,bi
observed_events_only,spd,Oceania,6500,no_spatial_terms_selected,no_spatial_signal,-0.09899999999999999,-0.0124,0.0866,-0.09899999999999999,climate,climate,FALSE,0,1,0,-0.014284128788675687,0.0847416137721142,0,0.003720876068200374,0.07417836105163889,0.9258216389483611,,spd,no_impact
observed_events_only,spd,Oceania,8000,no_spatial_terms_selected,no_terms_selected,-0.058499999999999996,8e-4,0.0593,-0.058499999999999996,climate,climate,FALSE,0.013311148086522463,0.9866888519134775,0,-0.0014825173685475423,0.05701414757543877,0,0.004472624516250301,0.060004254723141526,0.9399957452768585,,spd,no_impact
observed_events_only,spd,Oceania,8500,spatial_model_estimated,selected,-0.06649999999999999,-0.001,0.056,-0.057,climate,climate,FALSE,0,0.5189990732159407,0.48100092678405937,-0.008040047758109958,0.039318414751736586,0.0380706989552162,0.03746612946278116,0.10681519541162399,0.893184804588376,,spd,no_impact
as_coded,spd_events,Europe,2000,spatial_model_estimated,selected,-0.0686,0.0195,0.0729,-0.0534,climate,climate,FALSE,0.10198744769874477,0.38127615062761505,0.5167364016736401,0.013790340606047224,0.05200604392497343,0.07693193444512303,0.04845603270785115,0.19118435168399484,0.8088156483160052,fi;fc;ec;cc,spd;fi;fc;ec;cc,bi
as_coded,spd_events,Europe,2500,spatial_model_estimated,selected,-0.05950000000000001,0.0146,0.056,-0.0414,climate,climate,FALSE,0.07874865156418555,0.30204962243797195,0.6192017259978425,0.011956087641016078,0.03543136671703839,0.093297074663232,0.04477427605551876,0.18545880507680523,0.8145411949231948,fi;fc;ec;cc,spd;fi;fc;ec;cc,bi
as_coded,spd_events,Europe,3000,spatial_model_estimated,selected,-0.039799999999999995,0.0152,0.0486,-0.0334,climate,climate,FALSE,0.1009966777408638,0.3229235880398671,0.5760797342192692,0.010101601901669977,0.03710179477707154,0.08052178625965445,0.022755388711798608,0.15048057165019457,0.8495194283498054,fi;fc;ec;cc,spd;fi;fc;ec;cc,bi
as_coded,spd_events,Europe,3500,spatial_model_estimated,selected,-0.0331,0.022,0.0609,-0.038900000000000004,climate,climate,FALSE,0.11943539630836048,0.33061889250814336,0.5499457111834962,0.01593875924649879,0.060649608086861595,0.1059941959535835,0.0015413263207555428,0.18412388960769943,0.8158761103923006,fi;fc;ec;cc,spd;fi;fc;ec;cc,bi
as_coded,spd_events,Europe,4000,spatial_model_estimated,selected,-0.0596,0.0138,0.0717,-0.0579,climate,climate,FALSE,0.07679465776293823,0.3989983305509182,0.5242070116861436,0.00661226077806043,0.0627756939270524,0.0939594533387329,0.016399458872101036,0.17974686691594677,0.8202531330840532,fi;fc;ec;cc,spd;fi;fc;ec;cc,bi
as_coded,spd_events,Europe,4500,spatial_model_estimated,selected,-0.0772,0.0045,0.0656,-0.06110000000000001,climate,climate,FALSE,0.02316006176016469,0.3376222336592898,0.6392177045805456,0.0019954364472795083,0.046943066435521263,0.10623122822482733,0.03905569708632539,0.1942254281939535,0.8057745718060465,fi;fc;ec;cc,spd;fi;fc;ec;cc,bi
as_coded,spd_events,Europe,5000,spatial_model_estimated,selected,-0.050600000000000006,0.0103,0.0573,-0.047,climate,climate,FALSE,0.06171360095865788,0.3433193529059317,0.5949670461354104,0.006930752444726296,0.050431961847184015,0.09103906742799273,0.01849868990418002,0.16690047162408306,0.8330995283759169,fi;fc;ec;cc,spd;fi;fc;ec;cc,bi
as_coded,spd_events,Europe,5500,spatial_model_estimated,selected,-0.08070000000000001,0.0055,0.0812,-0.07569999999999999,climate,climate,FALSE,0.028720626631853784,0.4240208877284595,0.5472584856396867,0.008446880048370797,0.07914479442310018,0.10135023143063682,0.0024512039524031692,0.19139310985451097,0.808606890145489,fi;fc;ec;cc,spd;fi;fc;ec;cc,bi
as_coded,spd_events,Europe,6000,spatial_model_estimated,selected,-0.056799999999999996,0.021,0.0667,-0.04569999999999999,climate,climate,FALSE,0.11777902411665733,0.3740886146943354,0.5081323611890073,0.021167568745635523,0.05592099754683222,0.08902527443246178,0.012163370073395852,0.17827721079832537,0.8217227892016746,fi;fc;ec;cc,spd;fi;fc;ec;cc,bi
as_coded,spd_events,Europe,6500,spatial_model_estimated,selected,-0.0206,0.0316,0.047,-0.015399999999999997,climate,climate,FALSE,0.1861012956419317,0.27679623085983507,0.5371024734982333,0.02199848886602851,0.032193570353832524,0.0853084357823537,0.030384759636168934,0.16988525463838366,0.8301147453616163,fi;fc;ec;cc,spd;fi;fc;ec;cc,bi
as_coded,spd_events,Europe,7000,spatial_model_estimated,selected,-0.0337,0.0272,0.0551,-0.027900000000000005,climate,climate,FALSE,0.1585081585081585,0.32109557109557113,0.5203962703962705,0.019634312275214727,0.041854574678896084,0.07936398752848961,0.030802720700537023,0.17165559518313744,0.8283444048168626,fi;fc;ec;cc,spd;fi;fc;ec;cc,bi
as_coded,spd_events,Europe,7500,spatial_model_estimated,selected,-0.0012999999999999956,0.064,0.0623,0.0017000000000000001,climate,human,TRUE,0.3227433182047403,0.3141704488149269,0.36308623298033277,0.05633245783761043,0.05159177364767886,0.06576477961356408,0.02452257753630227,0.19821158863515564,0.8017884113648444,fi;fc;ec;cc,spd;fi;fc;ec;cc,bi
as_coded,spd_events,Europe,8000,spatial_model_estimated,selected,-0.051500000000000004,0.0254,0.0736,-0.0482,climate,climate,FALSE,0.14750290360046459,0.4274099883855981,0.4250871080139373,0.025489821908958543,0.07057287718194716,0.06463770165464333,0.011457517395012107,0.17215791814056114,0.8278420818594389,fi;fc;ec;cc,spd;fi;fc;ec;cc,bi
as_coded,spd_events,Europe,8500,spatial_model_estimated,selected,-0.05449999999999999,0.0118,0.0688,-0.057,climate,climate,FALSE,0.07722513089005235,0.4502617801047121,0.47251308900523564,0.004143833643635242,0.06368095203699342,0.07208297854860113,0.012999457006673487,0.15290722123590328,0.8470927787640967,fi;fc;ec;cc,spd;fi;fc;ec;cc,bi
as_coded,spd_events,North America,2000,spatial_model_estimated,selected,-0.082,0.0088,0.056,-0.0472,climate,climate,FALSE,0.04210526315789474,0.2679425837320574,0.6899521531100479,0.005994168523667631,0.018434015691645156,0.10892548750955988,0.07565118747969357,0.20900485920456624,0.7909951407954338,fc;es,spd;fc;es,bi
as_coded,spd_events,North America,2500,spatial_model_estimated,selected,-0.082,0.0109,0.0584,-0.0475,climate,climate,FALSE,0.04983996342021033,0.26703246456332874,0.6831275720164609,0.006771596237651112,0.019660396072106345,0.10996610482610325,0.08240577141871352,0.21880386855457423,0.7811961314454258,fc;es,spd;fc;es,bi
as_coded,spd_events,North America,3000,spatial_model_estimated,selected,-0.0799,0.0124,0.057,-0.0446,climate,climate,FALSE,0.05851816894761681,0.2689948088721095,0.6724870221802737,0.006370351366264293,0.01575866318951713,0.09881361774520314,0.09099398405141546,0.21193661635240002,0.7880633836476,fc;es,spd;fc;es,bi
as_coded,spd_events,North America,3500,spatial_model_estimated,selected,-0.08310000000000001,0.0105,0.0578,-0.047299999999999995,climate,climate,FALSE,0.05231689088191331,0.2879920279023418,0.6596910812157448,0.006220925692082213,0.01770426818766213,0.09372156253000996,0.08297537072267547,0.20062212713242977,0.7993778728675702,fc;es,spd;fc;es,bi
as_coded,spd_events,North America,4000,spatial_model_estimated,selected,-0.0634,0.0165,0.0501,-0.0336,climate,climate,FALSE,0.08767268862911796,0.26620616365568545,0.6461211477151966,0.01006996211883493,0.013981407536036494,0.08470910196726866,0.07940019278831256,0.18816066441045265,0.8118393355895474,fc;es,spd;fc;es,bi
as_coded,spd_events,North America,4500,spatial_model_estimated,selected,-0.0756,0.0148,0.0548,-0.04,climate,climate,FALSE,0.06964705882352942,0.2578823529411765,0.6724705882352942,0.01050936442437933,0.014788308889395085,0.1019218972808954,0.08528405209040424,0.21250362268507406,0.7874963773149259,fc;es,spd;fc;es,bi
as_coded,spd_events,North America,5000,spatial_model_estimated,selected,-0.0813,0.0117,0.0567,-0.045,climate,climate,FALSE,0.057409224730127585,0.27821393523061827,0.6643768400392542,0.007239581898530689,0.015804769460658674,0.09141528550359457,0.08939091665229837,0.2038505535150823,0.7961494464849177,fc;es,spd;fc;es,bi
as_coded,spd_events,North America,5500,spatial_model_estimated,selected,-0.062200000000000005,0.0167,0.0483,-0.0316,climate,climate,FALSE,0.07967557251908397,0.23043893129770993,0.6898854961832062,0.012427701320658291,0.013404322553047132,0.1066636208007391,0.07712509736358775,0.20962074203803227,0.7903792579619677,fc;es,spd;fc;es,bi
as_coded,spd_events,North America,6000,spatial_model_estimated,selected,-0.0686,0.0178,0.0536,-0.0358,climate,climate,FALSE,0.0841209829867675,0.25330812854442347,0.6625708884688091,0.015362045820148329,0.018488072412747192,0.10532877622052239,0.07248876086000478,0.2116676553134227,0.7883323446865773,fc;es,spd;fc;es,bi
as_coded,spd_events,North America,6500,spatial_model_estimated,selected,-0.0843,0.0108,0.0584,-0.0476,climate,climate,FALSE,0.04904632152588556,0.2652134423251589,0.6857402361489554,0.008320304657983169,0.019285098126297973,0.11087387608104426,0.08172916414142362,0.22020844300674902,0.779791556993251,fc;es,spd;fc;es,bi
as_coded,spd_events,North America,7000,spatial_model_estimated,selected,-0.081,0.0114,0.0616,-0.0502,climate,climate,FALSE,0.052341597796143245,0.2828282828282828,0.6648301193755739,0.008623751753870312,0.027803076279236505,0.11042279555868972,0.07094335833375898,0.21779298192555552,0.7822070180744445,fc;es,spd;fc;es,bi
as_coded,spd_events,North America,7500,spatial_model_estimated,selected,-0.0701,0.0115,0.0582,-0.046700000000000005,climate,climate,FALSE,0.06139882541377469,0.3107314468766685,0.6278697277095568,0.007851559109939843,0.031137818093988523,0.08828059623897178,0.06010899032944128,0.18737896377234142,0.8126210362276586,fc;es,spd;fc;es,bi
as_coded,spd_events,North America,8000,spatial_model_estimated,selected,-0.0894,0.0111,0.0705,-0.059399999999999994,climate,climate,FALSE,0.05683563748079877,0.36098310291858676,0.5821812596006144,0.008899164001405113,0.03836411891159941,0.0814038893959752,0.06671540120784869,0.19538257351682842,0.8046174264831716,fc;es,spd;fc;es,bi
as_coded,spd_events,North America,8500,spatial_model_estimated,selected,-0.0896,0.0077,0.069,-0.06130000000000001,climate,climate,FALSE,0.04155423637344846,0.372369131138694,0.5860766324878575,0.0063716238195085095,0.039273032050927026,0.07940788788778741,0.06021214460595026,0.1852646883641732,0.8147353116358268,fc;es,spd;fc;es,bi
as_coded,spd_events,Latin America,2000,spatial_model_estimated,selected,-0.1385,0.0121,0.1348,-0.1227,climate,climate,FALSE,0.07038976148923792,0.7841768470040722,0.14543339150668994,0.004465197980374369,0.11125770957668213,0.01711478949818035,0.0390633480939091,0.17190104514914595,0.828098954850854,weak;strong,spd;weak;strong,no_impact
as_coded,spd_events,Latin America,2500,no_spatial_terms_selected,no_terms_selected,-0.11250000000000002,0.0225,0.135,-0.11250000000000002,climate,climate,FALSE,0.14285714285714285,0.8571428571428572,0,0.003744399696917866,0.11627293260153626,0,0.03754271239932505,0.15756004469777918,0.8424399553022208,weak;strong,spd;weak;strong,no_impact
as_coded,spd_events,Latin America,3000,spatial_model_estimated,selected,-0.1532,0.0194,0.1582,-0.1388,climate,climate,FALSE,0.0971457185778668,0.7921882824236354,0.11066599899849774,0.023302114168675336,0.14776650515934275,0.02622059083856154,0.0023478689983800205,0.19963707916495965,0.8003629208350403,weak;strong,spd;weak;strong,no_impact
as_coded,spd_events,Latin America,4000,spatial_model_estimated,selected,-0.1351,0.0544,0.1835,-0.1291,climate,climate,FALSE,0.21742605915267788,0.7334132693844925,0.04916067146282974,0.062005676982747504,0.18529728265466927,0.011483835077421234,-0.008587784392132036,0.250199010322706,0.749800989677294,weak;strong,spd;weak;strong,no_impact
as_coded,spd_events,Latin America,4500,spatial_model_estimated,selected,-0.14029999999999998,0.0275,0.135,-0.10750000000000001,climate,climate,FALSE,0.11298274445357435,0.5546425636811833,0.3323746918652424,0.019876077304940454,0.0943889713150059,0.03539691408565604,0.0937531319305297,0.2434150946361321,0.7565849053638679,weak;strong,spd;weak;strong,no_impact
as_coded,spd_events,Latin America,5000,spatial_model_estimated,selected,-0.1514,0.0204,0.1392,-0.11879999999999999,climate,climate,FALSE,0.08699360341151387,0.5936034115138593,0.31940298507462683,0.021061075510865335,0.10741342544210741,0.033463779831676255,0.07253111872156326,0.23446939950621226,0.7655306004937877,weak;strong,spd;weak;strong,no_impact
as_coded,spd_events,Latin America,5500,no_spatial_terms_selected,no_terms_selected,-0.1517,0.0043,0.156,-0.1517,climate,climate,FALSE,0.026824703680598878,0.9731752963194011,0,0.007069902448745613,0.1587793531435404,0,-0.005520226131724759,0.16032902946056127,0.8396709705394387,weak;strong,spd;weak;strong,no_impact
as_coded,spd_events,Latin America,6000,no_spatial_terms_selected,no_terms_selected,-0.1574,0.0064,0.1638,-0.1574,climate,climate,FALSE,0.03760282021151587,0.9623971797884842,0,0.015498322417945243,0.17282154128463023,0,-0.018133370409347593,0.17018649329322788,0.8298135067067721,weak;strong,spd;weak;strong,no_impact
as_coded,spd_events,Latin America,6500,no_spatial_terms_selected,no_terms_selected,-0.1644,-0.0029,0.1615,-0.1644,climate,climate,FALSE,0,1,0,-0.0046097807461752405,0.15979770447180486,0,0.003346659775218086,0.1585345835008477,0.8414654164991523,weak;strong,spd;weak;strong,no_impact
as_coded,spd_events,Latin America,7000,no_spatial_terms_selected,no_terms_selected,-0.1166,0.0068,0.1234,-0.1166,climate,climate,FALSE,0.0522273425499232,0.9477726574500769,0,0.004222589847627578,0.12088151056329999,0,0.005062909041648966,0.13016700945257653,0.8698329905474235,weak;strong,spd;weak;strong,no_impact
as_coded,spd_events,Latin America,7500,spatial_model_estimated,selected,-0.141,0.0049,0.1225,-0.1176,climate,climate,FALSE,0.028048082427017746,0.7012020606754437,0.27074985689753867,0.007461769256081996,0.10158487724980647,0.025205891121499513,0.040452128964778566,0.17470466659216655,0.8252953334078335,weak;strong,spd;weak;strong,no_impact
as_coded,spd_events,Latin America,8000,no_spatial_terms_selected,no_spatial_signal,-0.0693,0.053,0.1223,-0.0693,climate,climate,FALSE,0.30233884768967484,0.6976611523103251,0,0.06148499083932224,0.13084092797049984,0,-0.017047754956208028,0.17527816385361406,0.824721836146386,weak;strong,spd;weak;strong,no_impact
as_coded,spd_events,Latin America,8500,spatial_model_estimated,selected,-0.12259999999999999,0.0055,0.0956,-0.0901,climate,climate,FALSE,0.03252513305736251,0.5653459491425192,0.4021289178001183,0.010811391020550842,0.06849356071852863,0.035469876465682115,0.05429909651674247,0.16907392472150407,0.8309260752784959,weak;strong,spd;weak;strong,no_impact
as_coded,spd_events,Latin America,3500,spatial_model_estimated,selected,-0.13699999999999998,0.0316,0.1498,-0.11819999999999999,climate,climate,FALSE,0.13161182840483135,0.6239067055393586,0.24448146605581011,0.02114341264127928,0.12063327173377247,0.024074112674680626,0.07429936128423176,0.24015015833396414,0.7598498416660359,weak;strong,spd;weak;strong,no_impact
as_coded,spd_events,Oceania,2000,no_spatial_terms_selected,no_terms_selected,0.0268,0.0297,0.0029,0.0268,human,human,FALSE,0.911042944785276,0.08895705521472391,0,0.009982932582880966,-0.016784047671257518,0,0.03945867942535053,0.03265756433697398,0.967342435663026,weak;medium;strong,spd;weak;medium;strong,no_impact
as_coded,spd_events,Oceania,2500,no_spatial_terms_selected,no_terms_selected,-0.0464,0.0179,0.0643,-0.0464,climate,climate,FALSE,0.21776155717761558,0.7822384428223844,0,0.014694100849855785,0.06102987453781017,0,0.006476445515086193,0.08220042090275215,0.9177995790972479,weak;medium;strong,spd;weak;medium;strong,no_impact
as_coded,spd_events,Oceania,3000,no_spatial_terms_selected,no_terms_selected,-0.06670000000000001,0.0361,0.1028,-0.06670000000000001,climate,climate,FALSE,0.2598992080633549,0.7401007919366451,0,0.018559896428875122,0.08520841868896567,0,0.035133402629101695,0.1389017177469425,0.8610982822530575,weak;medium;strong,spd;weak;medium;strong,no_impact
as_coded,spd_events,Oceania,3500,spatial_model_estimated,selected,-0.1059,0.0099,0.1342,-0.12430000000000001,climate,climate,FALSE,0.0671186440677966,0.9098305084745762,0.023050847457627113,0.006215765343897339,0.14894816858090043,0.02515378363083598,-0.03289191660395596,0.1474258009516778,0.8525741990483222,weak;medium;strong,spd;weak;medium;strong,no_impact
as_coded,spd_events,Oceania,4000,no_spatial_terms_selected,no_terms_selected,-0.0761,-0.0061,0.07,-0.0761,climate,climate,FALSE,0,1,0,-0.018514252792344976,0.05757865653873162,0,0.024798399607449895,0.06386280335383654,0.9361371966461635,weak;medium;strong,spd;weak;medium;strong,no_impact
as_coded,spd_events,Oceania,4500,spatial_model_estimated,selected,-0.1138,0.0056,0.1265,-0.12090000000000001,climate,climate,FALSE,0.040668119099491654,0.9186637618010168,0.040668119099491654,4.3129298816468875e-4,0.12831858820765596,0.014398319450245056,-0.005377361206951314,0.1377708394391144,0.8622291605608856,weak;medium;strong,spd;weak;medium;strong,no_impact
as_coded,spd_events,Oceania,5000,no_spatial_terms_selected,no_spatial_signal,-0.0618,0.0016,0.0634,-0.0618,climate,climate,FALSE,0.024615384615384615,0.9753846153846153,0,-0.009272622955229681,0.052473868849698846,0,0.021787983608027695,0.06498922950249686,0.9350107704975031,weak;medium;strong,spd;weak;medium;strong,no_impact
as_coded,spd_events,Oceania,5500,no_spatial_terms_selected,no_spatial_signal,-0.052700000000000004,0.0058,0.0585,-0.052700000000000004,climate,climate,FALSE,0.09020217729393468,0.9097978227060655,0,-5.869979176701401e-4,0.05203762037512505,0,0.012846040712248263,0.06429666316970317,0.9357033368302968,weak;medium;strong,spd;weak;medium;strong,no_impact
as_coded,spd_events,Oceania,6000,no_spatial_terms_selected,no_spatial_signal,-0.0701,-0.0013,0.0688,-0.0701,climate,climate,FALSE,0,1,0,-0.00245768725440898,0.06763023140197644,0,0.002392127546723466,0.06756467169429092,0.9324353283057091,weak;medium;strong,spd;weak;medium;strong,no_impact
as_coded,spd_events,Oceania,7000,no_spatial_terms_selected,no_terms_selected,-0.0204,-0.0138,0.0066,-0.0204,climate,climate,FALSE,0,1,0,-0.016585569950388068,0.0038261790880251834,0,0.005564798818815886,-0.007194592043546999,1.007194592043547,weak;medium;strong,spd;weak;medium;strong,no_impact
as_coded,spd_events,Oceania,7500,no_spatial_terms_selected,no_terms_selected,-0.0581,-0.0149,0.0432,-0.0581,climate,climate,FALSE,0,1,0,-0.016861016607486512,0.04121803456624262,0,0.0039301444606776315,0.028287162419433742,0.9717128375805663,weak;medium;strong,spd;weak;medium;strong,no_impact
as_coded,spd_events,Asia,2000,no_spatial_terms_selected,no_terms_selected,0.013700000000000004,0.0748,0.0611,0.013700000000000004,human,human,FALSE,0.5504047093451067,0.44959529065489323,0,0.066585169366843,0.05293117727372343,0,0.0163335824166021,0.13584992905716853,0.8641500709428315,fi;fc;ei,spd;fi;fc;ei,bi
as_coded,spd_events,Asia,2500,spatial_model_estimated,selected,-0.023,0.0448,0.0712,-0.0264,climate,climate,FALSE,0.2959048877146631,0.47027741083223246,0.23381770145310435,0.027048256341375754,0.05681537731529118,0.03491874700872488,0.03252789455144489,0.1513102752168367,0.8486897247831633,fi;fc;ei,spd;fi;fc;ei,bi
as_coded,spd_events,Asia,3000,spatial_model_estimated,selected,-0.0237,0.05,0.0708,-0.0208,climate,climate,FALSE,0.31705770450221943,0.4489537095751427,0.23398858592263794,0.040685035232763456,0.05859946289367257,0.03425606492000011,0.0241085680113573,0.15764913105779343,0.8423508689422066,fi;fc;ei,spd;fi;fc;ei,bi
as_coded,spd_events,Asia,3500,no_spatial_terms_selected,no_terms_selected,-0.058499999999999996,0.0204,0.0789,-0.058499999999999996,climate,climate,FALSE,0.2054380664652568,0.7945619335347431,0,0.009014065335113175,0.06745324183673074,0,0.02281897869778149,0.0992862858696254,0.9007137141303746,fi;fc;ei,spd;fi;fc;ei,bi
as_coded,spd_events,Asia,4000,no_spatial_terms_selected,no_terms_selected,-0.052099999999999994,0.0156,0.0677,-0.052099999999999994,climate,climate,FALSE,0.18727490996398558,0.8127250900360143,0,0.011505255746103504,0.06360395142389241,0,0.008127696464511502,0.08323690363450742,0.9167630963654926,fi;fc;ei,spd;fi;fc;ei,bi
as_coded,spd_events,Asia,4500,spatial_model_estimated,selected,-0.0412,0.0317,0.0707,-0.039,climate,climate,FALSE,0.2210599721059972,0.4930264993026499,0.2859135285913529,0.01913186412380885,0.056014688679856706,0.04509442540241315,0.023184597316635802,0.1434255755227145,0.8565744244772855,fi;fc;ei,spd;fi;fc;ei,bi
as_coded,spd_events,Asia,5000,spatial_model_estimated,selected,-0.022599999999999995,0.0419,0.0625,-0.0206,climate,climate,FALSE,0.3143285821455364,0.46886721680420107,0.21680420105026255,0.025252624903603693,0.043727601455932685,0.030049813185770824,0.03424040679441265,0.13327044633971985,0.8667295536602801,fi;fc;ei,spd;fi;fc;ei,bi
as_coded,spd_events,Asia,5500,spatial_model_estimated,selected,-0.069,0.0171,0.0857,-0.0686,climate,climate,FALSE,0.12592047128129602,0.6310751104565537,0.24300441826215022,0.008982727518139888,0.07715656162898876,0.03401586825799219,0.01562787790659459,0.13578303531171543,0.8642169646882846,fi;fc;ei,spd;fi;fc;ei,bi
as_coded,spd_events,Asia,6000,no_spatial_terms_selected,no_terms_selected,-0.0549,0.0279,0.0828,-0.0549,climate,climate,FALSE,0.2520325203252033,0.7479674796747968,0,0.013933351133820882,0.06879776634919865,0,0.02793786480674143,0.11066898228976096,0.889331017710239,fi;fc;ei,spd;fi;fc;ei,bi
as_coded,spd_events,Asia,6500,no_spatial_terms_selected,no_spatial_signal,-0.089,0.0085,0.0975,-0.089,climate,climate,FALSE,0.08018867924528301,0.9198113207547169,0,-0.00259837274607011,0.08639385909416297,0,0.022209952458574156,0.10600543880666702,0.893994561193333,fi;fc;ei,spd;fi;fc;ei,bi
as_coded,spd_events,Asia,7000,no_spatial_terms_selected,no_spatial_signal,-0.0988,0.0109,0.1097,-0.0988,climate,climate,FALSE,0.09038142620232172,0.9096185737976782,0,0.0019491204039275845,0.10074329830912587,0,0.017875941042571286,0.12056835975562474,0.8794316402443753,fi;fc;ei,spd;fi;fc;ei,bi
as_coded,spd_events,Asia,7500,no_spatial_terms_selected,no_spatial_signal,-0.09759999999999999,0.0262,0.1238,-0.09759999999999999,climate,climate,FALSE,0.1746666666666667,0.8253333333333334,0,0.011007421556626373,0.10857536392210732,0,0.03044816688673191,0.1500309523654656,0.8499690476345344,fi;fc;ei,spd;fi;fc;ei,bi
as_coded,spd_events,Asia,8000,spatial_model_estimated,selected,-0.1362,0.0159,0.1466,-0.1307,climate,climate,FALSE,0.08576051779935275,0.790722761596548,0.12351672060409924,0.008683469910866881,0.13397983583633089,0.02253070671300783,0.020151979050682778,0.18534599151088837,0.8146540084891116,fi;fc;ei,spd;fi;fc;ei,bi
as_coded,spd_events,Asia,8500,spatial_model_estimated,selected,-0.1388,0.0154,0.1562,-0.1408,climate,climate,FALSE,0.08328826392644673,0.8447809626825311,0.07193077339102216,0.007069334322975629,0.1498731290057035,0.01675064387324643,0.011266321493686005,0.18495942869561155,0.8150405713043885,fi;fc;ei,spd;fi;fc;ei,bi
as_coded,spd_events,Oceania,6500,no_spatial_terms_selected,no_spatial_signal,-0.09899999999999999,-0.0124,0.0866,-0.09899999999999999,climate,climate,FALSE,0,1,0,-0.014284128788675687,0.0847416137721142,0,0.003720876068200374,0.07417836105163889,0.9258216389483611,weak;medium;strong,spd;weak;medium;strong,no_impact
as_coded,spd_events,Oceania,8000,no_spatial_terms_selected,no_terms_selected,-0.058499999999999996,8e-4,0.0593,-0.058499999999999996,climate,climate,FALSE,0.013311148086522463,0.9866888519134775,0,-0.0014825173685475423,0.05701414757543877,0,0.004472624516250301,0.060004254723141526,0.9399957452768585,weak;medium;strong,spd;weak;medium;strong,no_impact
as_coded,spd_events,Oceania,8500,spatial_model_estimated,selected,-0.06649999999999999,-0.001,0.056,-0.057,climate,climate,FALSE,0,0.5189990732159407,0.48100092678405937,-0.008040047758109958,0.039318414751736586,0.0380706989552162,0.03746612946278116,0.10681519541162399,0.893184804588376,weak;medium;strong,spd;weak;medium;strong,no_impact
observed_events_only,spd_events,North America,2000,spatial_model_estimated,selected,-0.08109999999999999,0.0085,0.0559,-0.0474,climate,climate,FALSE,0.04239401496259352,0.2788029925187032,0.6788029925187032,0.004522196026979675,0.018279311999351844,0.10050805760329162,0.0771330080269299,0.20044257365655305,0.799557426343447,fc;es,spd;fc;es,bi
observed_events_only,spd_events,North America,2500,spatial_model_estimated,selected,-0.0813,0.011,0.0589,-0.0479,climate,climate,FALSE,0.051789077212806026,0.2773069679849341,0.67090395480226,0.006313098091252911,0.02074489337338048,0.10397872132549935,0.08145932361723152,0.21249603640736425,0.7875039635926357,fc;es,spd;fc;es,bi
observed_events_only,spd_events,North America,3000,spatial_model_estimated,selected,-0.0793,0.0124,0.0569,-0.0445,climate,climate,FALSE,0.058823529411764705,0.2699240986717268,0.67125237191650855,0.005952383424974839,0.01564976786556105,0.09708644182389103,0.09198188456468948,0.2106704776791164,0.7893295223208836,fc;es,spd;fc;es,bi
observed_events_only,spd_events,North America,3500,spatial_model_estimated,selected,-0.0826,0.0105,0.0575,-0.047,climate,climate,FALSE,0.052552552552552555,0.2877877877877878,0.6596596596596597,0.006324554463685184,0.01766477455281168,0.09336539709353198,0.08242161118256996,0.1997763372925988,0.8002236627074012,fc;es,spd;fc;es,bi
observed_events_only,spd_events,North America,4000,spatial_model_estimated,selected,-0.0627,0.0167,0.0499,-0.0332,climate,climate,FALSE,0.08887706226716338,0.2655667908461948,0.6455561468866419,0.010451885033016306,0.014115409455742522,0.08492791418175338,0.07836478841880035,0.18785999708931256,0.8121400029106874,fc;es,spd;fc;es,bi
observed_events_only,spd_events,North America,4500,spatial_model_estimated,selected,-0.075,0.015,0.0545,-0.0395,climate,climate,FALSE,0.07075471698113207,0.25707547169811323,0.6721698113207547,0.010896585949257465,0.014748454092986862,0.10179864290485974,0.08453232730030136,0.21197601024740542,0.7880239897525946,fc;es,spd;fc;es,bi
observed_events_only,spd_events,North America,5000,spatial_model_estimated,selected,-0.0809,0.011,0.0581,-0.0471,climate,climate,FALSE,0.059076262083780876,0.31203007518796994,0.6288936627282492,0.005469988645396051,0.01871063939393791,0.07416221035407267,0.08781516291266467,0.1861580013060713,0.8138419986939287,fc;es,spd;fc;es,bi
observed_events_only,spd_events,North America,5500,spatial_model_estimated,selected,-0.061399999999999996,0.0186,0.0497,-0.031100000000000003,climate,climate,FALSE,0.09189723320158102,0.24555335968379446,0.6625494071146245,0.01624130671598567,0.01704447607435755,0.10048045679106798,0.06871438385278317,0.20248062343419437,0.7975193765658056,fc;es,spd;fc;es,bi
observed_events_only,spd_events,North America,6000,spatial_model_estimated,selected,-0.0681,0.0185,0.0516,-0.033100000000000004,climate,climate,FALSE,0.09073075036782736,0.25306522805296716,0.6562040215792055,0.017253403654311272,0.015350057098322267,0.09786543595197073,0.07352636787686073,0.203995264581465,0.796004735418535,fc;es,spd;fc;es,bi
observed_events_only,spd_events,North America,6500,spatial_model_estimated,selected,-0.0844,0.0109,0.0573,-0.0464,climate,climate,FALSE,0.0509822263797942,0.26800748362956034,0.6810102899906455,0.008608549883871275,0.017058685178306,0.10435478494249217,0.08374672581568843,0.21376874582035787,0.7862312541796421,fc;es,spd;fc;es,bi
observed_events_only,spd_events,North America,7000,spatial_model_estimated,selected,-0.0809,0.0117,0.0594,-0.0477,climate,climate,FALSE,0.05464736104624008,0.2774404483886035,0.6679121905651565,0.009470537723641148,0.023884981759121238,0.10714441878742276,0.07357875010019954,0.21407868837038468,0.7859213116296153,fc;es,spd;fc;es,bi
observed_events_only,spd_events,North America,7500,spatial_model_estimated,selected,-0.07,0.0116,0.0582,-0.0466,climate,climate,FALSE,0.062298603651987104,0.3125671321160043,0.6251342642320086,0.008163573272983338,0.03135783118251667,0.08750334823676753,0.059243665421402025,0.18626841811366956,0.8137315818863304,fc;es,spd;fc;es,bi
observed_events_only,spd_events,North America,8000,spatial_model_estimated,selected,-0.08929999999999999,0.0113,0.0696,-0.0583,climate,climate,FALSE,0.055310817425354875,0.3406754772393539,0.6040137053352913,0.009173669270972074,0.036593497745939674,0.09038559879187558,0.06820095380608104,0.20435371961486837,0.7956462803851316,fc;es,spd;fc;es,bi
observed_events_only,spd_events,North America,8500,spatial_model_estimated,selected,-0.0892,0.0078,0.0634,-0.0556,climate,climate,FALSE,0.03679245283018868,0.2990566037735849,0.6641509433962265,0.004974226577335483,0.026897757534932176,0.10567666482131477,0.074400788667908,0.21194943760149043,0.7880505623985096,fc;es,spd;fc;es,bi
observed_events_only,spd_events,Europe,2000,spatial_model_estimated,selected,-0.052099999999999994,0.0392,0.0876,-0.0484,climate,climate,FALSE,0.19570644033949078,0.43734398402396407,0.3669495756365452,0.024602405938608074,0.0692961517244004,0.05689869721339946,0.049461861995665046,0.20025911687207298,0.799740883127927,fi;fc;ec;cc,spd;fi;fc;ec;cc,bi
observed_events_only,spd_events,Europe,2500,spatial_model_estimated,selected,-0.023100000000000002,0.0485,0.0708,-0.0223,climate,climate,FALSE,0.27034559643255296,0.39464882943143814,0.3350055741360089,0.036554982136689285,0.05811417079788528,0.0533787506576735,0.031399611737041866,0.17944751532928993,0.8205524846707101,fi;fc;ec;cc,spd;fi;fc;ec;cc,bi
observed_events_only,spd_events,Europe,3000,spatial_model_estimated,selected,0.003499999999999996,0.0408,0.0412,-3.999999999999976e-4,human,climate,TRUE,0.3466440101954121,0.3500424808836024,0.3033135089209856,0.02951405979761379,0.033769826206087705,0.02915347033105653,0.025220888884350035,0.11765824521910806,0.8823417547808919,fi;fc;ec;cc,spd;fi;fc;ec;cc,bi
observed_events_only,spd_events,Europe,3500,spatial_model_estimated,selected,0.0235,0.0755,0.0523,0.0232,human,human,FALSE,0.3196443691786621,0.2214225232853514,0.45893310753598643,0.07996355136653754,0.057120342936442414,0.11046387229107169,-0.011383455803846587,0.23616431079020506,0.7638356892097949,fi;fc;ec;cc,spd;fi;fc;ec;cc,bi
observed_events_only,spd_events,Europe,4000,spatial_model_estimated,selected,-0.016,0.0382,0.0503,-0.0121,climate,climate,FALSE,0.22684085510688837,0.2986935866983373,0.4744655581947744,0.041930135316853856,0.050188301338760066,0.08450384786155352,-0.008306371925117628,0.1683159125920498,0.8316840874079502,fi;fc;ec;cc,spd;fi;fc;ec;cc,bi
observed_events_only,spd_events,Europe,4500,spatial_model_estimated,selected,-0.0617,0.0012,0.068,-0.0668,climate,climate,FALSE,0.006681514476614699,0.37861915367483295,0.6146993318485523,-4.796288910825508e-4,0.07136462689804057,0.11469870818835082,-0.005954249466444961,0.17962945672886388,0.8203705432711361,fi;fc;ec;cc,spd;fi;fc;ec;cc,bi
observed_events_only,spd_events,Europe,5000,spatial_model_estimated,selected,-0.0285,0.0216,0.0523,-0.030699999999999998,climate,climate,FALSE,0.18733738074588033,0.4535993061578491,0.3590633130962706,0.027494571367915777,0.060299967009759814,0.04885734034537503,-0.021353888337423577,0.11529799038562705,0.884702009614373,fi;fc;ec;cc,spd;fi;fc;ec;cc,bi
observed_events_only,spd_events,Europe,5500,spatial_model_estimated,selected,-0.065,0.0089,0.0756,-0.0667,climate,climate,FALSE,0.07189014539579967,0.6106623586429725,0.3174474959612278,0.013015800865154303,0.08159227191600948,0.04385190448349652,-0.014611604446345239,0.12384837281831507,0.8761516271816849,fi;fc;ec;cc,spd;fi;fc;ec;cc,bi
observed_events_only,spd_events,Europe,6000,spatial_model_estimated,selected,-0.0374,0.0228,0.0606,-0.0378,climate,climate,FALSE,0.20070422535211266,0.5334507042253521,0.2658450704225352,0.02357102026211988,0.06171906231025237,0.030304271430699137,-0.0020564295885671102,0.11353792441450428,0.8864620755854957,fi;fc;ec;cc,spd;fi;fc;ec;cc,bi
observed_events_only,spd_events,Europe,6500,spatial_model_estimated,selected,-0.010599999999999998,0.0242,0.0465,-0.0223,climate,climate,FALSE,0.189358372456964,0.363849765258216,0.44679186228482004,0.003818723418256398,0.037752435872179246,0.05561193575220813,0.0306248998500398,0.12780799489268357,0.8721920051073164,fi;fc;ec;cc,spd;fi;fc;ec;cc,bi
observed_events_only,spd_events,Europe,7000,spatial_model_estimated,selected,-0.0297,0.0272,0.0627,-0.035500000000000004,climate,climate,FALSE,0.20811017597551643,0.4797245600612089,0.31216526396327465,0.012856405408065541,0.054173613590967284,0.04160792090622145,0.02211083986111284,0.13074877976636712,0.8692512202336329,fi;fc;ec;cc,spd;fi;fc;ec;cc,bi
observed_events_only,spd_events,Europe,7500,spatial_model_estimated,selected,0.027300000000000005,0.0829,0.0528,0.030100000000000002,human,human,FALSE,0.4590254706533776,0.29235880398671094,0.24861572535991142,0.079072752065801,0.046249002070224976,0.054804025865268224,5.673406638655454e-4,0.18069312066515975,0.8193068793348403,fi;fc;ec;cc,spd;fi;fc;ec;cc,bi
observed_events_only,spd_events,Europe,8000,spatial_model_estimated,selected,-0.011000000000000003,0.0344,0.0533,-0.0189,climate,climate,FALSE,0.2285714285714286,0.3541528239202658,0.41727574750830565,0.026092935700269604,0.05288641900831981,0.04971478722435729,0.021693835899192493,0.1503879778321392,0.8496120221678608,fi;fc;ec;cc,spd;fi;fc;ec;cc,bi
observed_events_only,spd_events,Europe,8500,spatial_model_estimated,selected,-0.0143,0.0279,0.0397,-0.011799999999999998,climate,climate,FALSE,0.23764906303236796,0.338160136286201,0.42419080068143095,0.01650601486871095,0.025827820281163927,0.04883918107922203,0.02621290940195431,0.11738592563105121,0.8826140743689488,fi;fc;ec;cc,spd;fi;fc;ec;cc,bi
observed_events_only,spd_events,Latin America,2000,spatial_model_estimated,selected,-0.1385,0.0121,0.1348,-0.1227,climate,climate,FALSE,0.07038976148923792,0.7841768470040722,0.14543339150668994,0.004465197980374369,0.11125770957668213,0.01711478949818035,0.0390633480939091,0.17190104514914595,0.828098954850854,weak;strong,spd;weak;strong,no_impact
observed_events_only,spd_events,Latin America,2500,no_spatial_terms_selected,no_terms_selected,-0.11250000000000002,0.0225,0.135,-0.11250000000000002,climate,climate,FALSE,0.14285714285714285,0.8571428571428572,0,0.003744399696917866,0.11627293260153626,0,0.03754271239932505,0.15756004469777918,0.8424399553022208,weak;strong,spd;weak;strong,no_impact
observed_events_only,spd_events,Latin America,3000,spatial_model_estimated,selected,-0.1532,0.0194,0.1582,-0.1388,climate,climate,FALSE,0.0971457185778668,0.7921882824236354,0.11066599899849774,0.023302114168675336,0.14776650515934275,0.02622059083856154,0.0023478689983800205,0.19963707916495965,0.8003629208350403,weak;strong,spd;weak;strong,no_impact
observed_events_only,spd_events,Latin America,4000,spatial_model_estimated,selected,-0.1351,0.0544,0.1835,-0.1291,climate,climate,FALSE,0.21742605915267788,0.7334132693844925,0.04916067146282974,0.062005676982747504,0.18529728265466927,0.011483835077421234,-0.008587784392132036,0.250199010322706,0.749800989677294,weak;strong,spd;weak;strong,no_impact
observed_events_only,spd_events,Latin America,4500,spatial_model_estimated,selected,-0.14029999999999998,0.0275,0.135,-0.10750000000000001,climate,climate,FALSE,0.11298274445357435,0.5546425636811833,0.3323746918652424,0.019876077304940454,0.0943889713150059,0.03539691408565604,0.0937531319305297,0.2434150946361321,0.7565849053638679,weak;strong,spd;weak;strong,no_impact
observed_events_only,spd_events,Latin America,5000,spatial_model_estimated,selected,-0.1514,0.0204,0.1392,-0.11879999999999999,climate,climate,FALSE,0.08699360341151387,0.5936034115138593,0.31940298507462683,0.021061075510865335,0.10741342544210741,0.033463779831676255,0.07253111872156326,0.23446939950621226,0.7655306004937877,weak;strong,spd;weak;strong,no_impact
observed_events_only,spd_events,Latin America,5500,no_spatial_terms_selected,no_terms_selected,-0.1517,0.0043,0.156,-0.1517,climate,climate,FALSE,0.026824703680598878,0.9731752963194011,0,0.007069902448745613,0.1587793531435404,0,-0.005520226131724759,0.16032902946056127,0.8396709705394387,weak;strong,spd;weak;strong,no_impact
observed_events_only,spd_events,Latin America,6000,no_spatial_terms_selected,no_terms_selected,-0.1574,0.0064,0.1638,-0.1574,climate,climate,FALSE,0.03760282021151587,0.9623971797884842,0,0.015498322417945243,0.17282154128463023,0,-0.018133370409347593,0.17018649329322788,0.8298135067067721,weak;strong,spd;weak;strong,no_impact
observed_events_only,spd_events,Latin America,6500,no_spatial_terms_selected,no_terms_selected,-0.1644,-0.0029,0.1615,-0.1644,climate,climate,FALSE,0,1,0,-0.0046097807461752405,0.15979770447180486,0,0.003346659775218086,0.1585345835008477,0.8414654164991523,weak;strong,spd;weak;strong,no_impact
observed_events_only,spd_events,Latin America,7000,no_spatial_terms_selected,no_terms_selected,-0.1166,0.0068,0.1234,-0.1166,climate,climate,FALSE,0.0522273425499232,0.9477726574500769,0,0.004222589847627578,0.12088151056329999,0,0.005062909041648966,0.13016700945257653,0.8698329905474235,weak;strong,spd;weak;strong,no_impact
observed_events_only,spd_events,Latin America,7500,spatial_model_estimated,selected,-0.141,0.0049,0.1225,-0.1176,climate,climate,FALSE,0.028048082427017746,0.7012020606754437,0.27074985689753867,0.007461769256081996,0.10158487724980647,0.025205891121499513,0.040452128964778566,0.17470466659216655,0.8252953334078335,weak;strong,spd;weak;strong,no_impact
observed_events_only,spd_events,Latin America,8000,no_spatial_terms_selected,no_spatial_signal,-0.0693,0.053,0.1223,-0.0693,climate,climate,FALSE,0.30233884768967484,0.6976611523103251,0,0.06148499083932224,0.13084092797049984,0,-0.017047754956208028,0.17527816385361406,0.824721836146386,weak;strong,spd;weak;strong,no_impact
observed_events_only,spd_events,Latin America,8500,spatial_model_estimated,selected,-0.12259999999999999,0.0055,0.0956,-0.0901,climate,climate,FALSE,0.03252513305736251,0.5653459491425192,0.4021289178001183,0.010811391020550842,0.06849356071852863,0.035469876465682115,0.05429909651674247,0.16907392472150407,0.8309260752784959,weak;strong,spd;weak;strong,no_impact
observed_events_only,spd_events,Latin America,3500,spatial_model_estimated,selected,-0.13699999999999998,0.0316,0.1498,-0.11819999999999999,climate,climate,FALSE,0.13161182840483135,0.6239067055393586,0.24448146605581011,0.02114341264127928,0.12063327173377247,0.024074112674680626,0.07429936128423176,0.24015015833396414,0.7598498416660359,weak;strong,spd;weak;strong,no_impact
observed_events_only,spd_events,Oceania,2000,no_spatial_terms_selected,no_terms_selected,0.0268,0.0297,0.0029,0.0268,human,human,FALSE,0.911042944785276,0.08895705521472391,0,0.009982932582880966,-0.016784047671257518,0,0.03945867942535053,0.03265756433697398,0.967342435663026,weak;medium;strong,spd;weak;medium;strong,no_impact
observed_events_only,spd_events,Oceania,2500,no_spatial_terms_selected,no_terms_selected,-0.0464,0.0179,0.0643,-0.0464,climate,climate,FALSE,0.21776155717761558,0.7822384428223844,0,0.014694100849855785,0.06102987453781017,0,0.006476445515086193,0.08220042090275215,0.9177995790972479,weak;medium;strong,spd;weak;medium;strong,no_impact
observed_events_only,spd_events,Oceania,3000,no_spatial_terms_selected,no_terms_selected,-0.06670000000000001,0.0361,0.1028,-0.06670000000000001,climate,climate,FALSE,0.2598992080633549,0.7401007919366451,0,0.018559896428875122,0.08520841868896567,0,0.035133402629101695,0.1389017177469425,0.8610982822530575,weak;medium;strong,spd;weak;medium;strong,no_impact
observed_events_only,spd_events,Oceania,3500,spatial_model_estimated,selected,-0.1059,0.0099,0.1342,-0.12430000000000001,climate,climate,FALSE,0.0671186440677966,0.9098305084745762,0.023050847457627113,0.006215765343897339,0.14894816858090043,0.02515378363083598,-0.03289191660395596,0.1474258009516778,0.8525741990483222,weak;medium;strong,spd;weak;medium;strong,no_impact
observed_events_only,spd_events,Oceania,4000,no_spatial_terms_selected,no_terms_selected,-0.0761,-0.0061,0.07,-0.0761,climate,climate,FALSE,0,1,0,-0.018514252792344976,0.05757865653873162,0,0.024798399607449895,0.06386280335383654,0.9361371966461635,weak;medium;strong,spd;weak;medium;strong,no_impact
observed_events_only,spd_events,Oceania,4500,spatial_model_estimated,selected,-0.1138,0.0056,0.1265,-0.12090000000000001,climate,climate,FALSE,0.040668119099491654,0.9186637618010168,0.040668119099491654,4.3129298816468875e-4,0.12831858820765596,0.014398319450245056,-0.005377361206951314,0.1377708394391144,0.8622291605608856,weak;medium;strong,spd;weak;medium;strong,no_impact
observed_events_only,spd_events,Oceania,5000,no_spatial_terms_selected,no_spatial_signal,-0.0618,0.0016,0.0634,-0.0618,climate,climate,FALSE,0.024615384615384615,0.9753846153846153,0,-0.009272622955229681,0.052473868849698846,0,0.021787983608027695,0.06498922950249686,0.9350107704975031,weak;medium;strong,spd;weak;medium;strong,no_impact
observed_events_only,spd_events,Oceania,5500,no_spatial_terms_selected,no_spatial_signal,-0.052700000000000004,0.0058,0.0585,-0.052700000000000004,climate,climate,FALSE,0.09020217729393468,0.9097978227060655,0,-5.869979176701401e-4,0.05203762037512505,0,0.012846040712248263,0.06429666316970317,0.9357033368302968,weak;medium;strong,spd;weak;medium;strong,no_impact
observed_events_only,spd_events,Oceania,6000,no_spatial_terms_selected,no_spatial_signal,-0.0701,-0.0013,0.0688,-0.0701,climate,climate,FALSE,0,1,0,-0.00245768725440898,0.06763023140197644,0,0.002392127546723466,0.06756467169429092,0.9324353283057091,weak;medium;strong,spd;weak;medium;strong,no_impact
observed_events_only,spd_events,Oceania,7000,no_spatial_terms_selected,no_terms_selected,-0.0204,-0.0138,0.0066,-0.0204,climate,climate,FALSE,0,1,0,-0.016585569950388068,0.0038261790880251834,0,0.005564798818815886,-0.007194592043546999,1.007194592043547,weak;medium;strong,spd;weak;medium;strong,no_impact
observed_events_only,spd_events,Oceania,7500,no_spatial_terms_selected,no_terms_selected,-0.0581,-0.0149,0.0432,-0.0581,climate,climate,FALSE,0,1,0,-0.016861016607486512,0.04121803456624262,0,0.0039301444606776315,0.028287162419433742,0.9717128375805663,weak;medium;strong,spd;weak;medium;strong,no_impact
observed_events_only,spd_events,Asia,2000,no_spatial_terms_selected,no_terms_selected,0.013700000000000004,0.0748,0.0611,0.013700000000000004,human,human,FALSE,0.5504047093451067,0.44959529065489323,0,0.066585169366843,0.05293117727372343,0,0.0163335824166021,0.13584992905716853,0.8641500709428315,fi;fc;ei,spd;fi;fc;ei,bi
observed_events_only,spd_events,Asia,2500,spatial_model_estimated,selected,-0.023,0.0448,0.0712,-0.0264,climate,climate,FALSE,0.2959048877146631,0.47027741083223246,0.23381770145310435,0.027048256341375754,0.05681537731529118,0.03491874700872488,0.03252789455144489,0.1513102752168367,0.8486897247831633,fi;fc;ei,spd;fi;fc;ei,bi
observed_events_only,spd_events,Asia,3000,spatial_model_estimated,selected,-0.0237,0.05,0.0708,-0.0208,climate,climate,FALSE,0.31705770450221943,0.4489537095751427,0.23398858592263794,0.040685035232763456,0.05859946289367257,0.03425606492000011,0.0241085680113573,0.15764913105779343,0.8423508689422066,fi;fc;ei,spd;fi;fc;ei,bi
observed_events_only,spd_events,Asia,3500,no_spatial_terms_selected,no_terms_selected,-0.058499999999999996,0.0204,0.0789,-0.058499999999999996,climate,climate,FALSE,0.2054380664652568,0.7945619335347431,0,0.009014065335113175,0.06745324183673074,0,0.02281897869778149,0.0992862858696254,0.9007137141303746,fi;fc;ei,spd;fi;fc;ei,bi
observed_events_only,spd_events,Asia,4000,no_spatial_terms_selected,no_terms_selected,-0.052099999999999994,0.0156,0.0677,-0.052099999999999994,climate,climate,FALSE,0.18727490996398558,0.8127250900360143,0,0.011505255746103504,0.06360395142389241,0,0.008127696464511502,0.08323690363450742,0.9167630963654926,fi;fc;ei,spd;fi;fc;ei,bi
observed_events_only,spd_events,Asia,4500,spatial_model_estimated,selected,-0.0412,0.0317,0.0707,-0.039,climate,climate,FALSE,0.2210599721059972,0.4930264993026499,0.2859135285913529,0.01913186412380885,0.056014688679856706,0.04509442540241315,0.023184597316635802,0.1434255755227145,0.8565744244772855,fi;fc;ei,spd;fi;fc;ei,bi
observed_events_only,spd_events,Asia,5000,spatial_model_estimated,selected,-0.022599999999999995,0.0419,0.0625,-0.0206,climate,climate,FALSE,0.3143285821455364,0.46886721680420107,0.21680420105026255,0.025252624903603693,0.043727601455932685,0.030049813185770824,0.03424040679441265,0.13327044633971985,0.8667295536602801,fi;fc;ei,spd;fi;fc;ei,bi
observed_events_only,spd_events,Asia,5500,spatial_model_estimated,selected,-0.069,0.0171,0.0857,-0.0686,climate,climate,FALSE,0.12592047128129602,0.6310751104565537,0.24300441826215022,0.008982727518139888,0.07715656162898876,0.03401586825799219,0.01562787790659459,0.13578303531171543,0.8642169646882846,fi;fc;ei,spd;fi;fc;ei,bi
observed_events_only,spd_events,Asia,6000,no_spatial_terms_selected,no_terms_selected,-0.0549,0.0279,0.0828,-0.0549,climate,climate,FALSE,0.2520325203252033,0.7479674796747968,0,0.013933351133820882,0.06879776634919865,0,0.02793786480674143,0.11066898228976096,0.889331017710239,fi;fc;ei,spd;fi;fc;ei,bi
observed_events_only,spd_events,Asia,6500,no_spatial_terms_selected,no_spatial_signal,-0.089,0.0085,0.0975,-0.089,climate,climate,FALSE,0.08018867924528301,0.9198113207547169,0,-0.00259837274607011,0.08639385909416297,0,0.022209952458574156,0.10600543880666702,0.893994561193333,fi;fc;ei,spd;fi;fc;ei,bi
observed_events_only,spd_events,Asia,7000,no_spatial_terms_selected,no_spatial_signal,-0.0988,0.0109,0.1097,-0.0988,climate,climate,FALSE,0.09038142620232172,0.9096185737976782,0,0.0019491204039275845,0.10074329830912587,0,0.017875941042571286,0.12056835975562474,0.8794316402443753,fi;fc;ei,spd;fi;fc;ei,bi
observed_events_only,spd_events,Asia,7500,no_spatial_terms_selected,no_spatial_signal,-0.09759999999999999,0.0262,0.1238,-0.09759999999999999,climate,climate,FALSE,0.1746666666666667,0.8253333333333334,0,0.011007421556626373,0.10857536392210732,0,0.03044816688673191,0.1500309523654656,0.8499690476345344,fi;fc;ei,spd;fi;fc;ei,bi
observed_events_only,spd_events,Asia,8000,spatial_model_estimated,selected,-0.1362,0.0159,0.1466,-0.1307,climate,climate,FALSE,0.08576051779935275,0.790722761596548,0.12351672060409924,0.008683469910866881,0.13397983583633089,0.02253070671300783,0.020151979050682778,0.18534599151088837,0.8146540084891116,fi;fc;ei,spd;fi;fc;ei,bi
observed_events_only,spd_events,Asia,8500,spatial_model_estimated,selected,-0.1388,0.0154,0.1562,-0.1408,climate,climate,FALSE,0.08328826392644673,0.8447809626825311,0.07193077339102216,0.007069334322975629,0.1498731290057035,0.01675064387324643,0.011266321493686005,0.18495942869561155,0.8150405713043885,fi;fc;ei,spd;fi;fc;ei,bi
observed_events_only,spd_events,Oceania,6500,no_spatial_terms_selected,no_spatial_signal,-0.09899999999999999,-0.0124,0.0866,-0.09899999999999999,climate,climate,FALSE,0,1,0,-0.014284128788675687,0.0847416137721142,0,0.003720876068200374,0.07417836105163889,0.9258216389483611,weak;medium;strong,spd;weak;medium;strong,no_impact
observed_events_only,spd_events,Oceania,8000,no_spatial_terms_selected,no_terms_selected,-0.058499999999999996,8e-4,0.0593,-0.058499999999999996,climate,climate,FALSE,0.013311148086522463,0.9866888519134775,0,-0.0014825173685475423,0.05701414757543877,0,0.004472624516250301,0.060004254723141526,0.9399957452768585,weak;medium;strong,spd;weak;medium;strong,no_impact
observed_events_only,spd_events,Oceania,8500,spatial_model_estimated,selected,-0.06649999999999999,-0.001,0.056,-0.057,climate,climate,FALSE,0,0.5189990732159407,0.48100092678405937,-0.008040047758109958,0.039318414751736586,0.0380706989552162,0.03746612946278116,0.10681519541162399,0.893184804588376,weak;medium;strong,spd;weak;medium;strong,no_impact
