cohort,region,age,status__events,status__spd,status__spd_events,human_climate_only_balance__events,human_climate_only_balance__spd,human_climate_only_balance__spd_events,controlled_human__events,controlled_human__spd,controlled_human__spd_events,controlled_climate__events,controlled_climate__spd,controlled_climate__spd_events,controlled_balance__events,controlled_balance__spd,controlled_balance__spd_events,zero_allocation_human__events,zero_allocation_human__spd,zero_allocation_human__spd_events,zero_allocation_climate__events,zero_allocation_climate__spd,zero_allocation_climate__spd_events,zero_allocation_space__events,zero_allocation_space__spd,zero_allocation_space__spd_events,unique_adjusted_r2_pure_human__events,unique_adjusted_r2_pure_human__spd,unique_adjusted_r2_pure_human__spd_events,unique_adjusted_r2_pure_climate__events,unique_adjusted_r2_pure_climate__spd,unique_adjusted_r2_pure_climate__spd_events,unique_adjusted_r2_pure_space__events,unique_adjusted_r2_pure_space__spd,unique_adjusted_r2_pure_space__spd_events,controlled_ranking__events,controlled_ranking__spd,controlled_ranking__spd_events,human_climate_only_ranking__events,human_climate_only_ranking__spd,human_climate_only_ranking__spd_events,human_climate_only_balance__spd_events_minus_spd,human_climate_only_balance__events_minus_spd,controlled_human__spd_events_minus_spd,controlled_human__events_minus_spd,controlled_climate__spd_events_minus_spd,controlled_climate__events_minus_spd,controlled_balance__spd_events_minus_spd,controlled_balance__events_minus_spd,zero_allocation_human__spd_events_minus_spd,zero_allocation_human__events_minus_spd,zero_allocation_climate__spd_events_minus_spd,zero_allocation_climate__events_minus_spd,zero_allocation_space__spd_events_minus_spd,zero_allocation_space__events_minus_spd,unique_adjusted_r2_pure_human__spd_events_minus_spd,unique_adjusted_r2_pure_human__events_minus_spd,unique_adjusted_r2_pure_climate__spd_events_minus_spd,unique_adjusted_r2_pure_climate__events_minus_spd,unique_adjusted_r2_pure_space__spd_events_minus_spd,unique_adjusted_r2_pure_space__events_minus_spd,controlled_ranking__spd_events_vs_spd_reversal,controlled_ranking__events_vs_spd_reversal,human_climate_only_ranking__spd_events_vs_spd_reversal,human_climate_only_ranking__events_vs_spd_reversal,estimable__spd,estimable__spd_events,estimable__events,three_way_estimable,estimability_change__spd_events_vs_spd,estimability_change__events_vs_spd
as_coded,Europe,2000,spatial_model_estimated,spatial_model_estimated,spatial_model_estimated,-0.0702,-0.0945,-0.0686,0.0168,0.0029,0.0195,0.0727,0.0755,0.0729,-0.055900000000000005,-0.0726,-0.0534,0.08931419457735247,0.016084303937881305,0.10198744769874477,0.3864965443912813,0.41874653355518576,0.38127615062761505,0.5241892610313663,0.5651691625069328,0.5167364016736401,0.010631173915982672,0.0029190797839376836,0.013790340606047224,0.052299287163906194,0.05359518534609442,0.05200604392497343,0.07719353011537111,0.07959168487577606,0.07693193444512303,climate,climate,climate,climate,climate,climate,0.025900000000000006,0.024300000000000002,0.0166,0.0139,-0.002599999999999991,-0.002799999999999997,0.019199999999999995,0.016699999999999993,0.08590314376086346,0.07322989063947116,-0.03747038292757071,-0.03224998916390448,-0.04843276083329273,-0.040979901475566516,0.01087126082210954,0.007712094132044989,-0.0015891414211209876,-0.0012958981821882265,-0.0026597504306530295,-0.002398154760404947,FALSE,FALSE,FALSE,FALSE,TRUE,TRUE,TRUE,TRUE,FALSE,FALSE
as_coded,Europe,2500,spatial_model_estimated,spatial_model_estimated,spatial_model_estimated,-0.061700000000000005,-0.0764,-0.05950000000000001,0.0093,0.0071,0.0146,0.0672,0.0613,0.056,-0.05789999999999999,-0.0542,-0.0414,0.05400696864111498,0.04057142857142858,0.07874865156418555,0.3902439024390244,0.3502857142857143,0.30204962243797195,0.5557491289198606,0.6091428571428572,0.6192017259978425,0.0027856069744923717,0.012016554511803723,0.011956087641016078,0.056934445620956065,0.04413375197800129,0.03543136671703839,0.08717365658856813,0.08997108422894018,0.093297074663232,climate,climate,climate,climate,climate,climate,0.016899999999999984,0.01469999999999999,0.0075,0.002199999999999999,-0.005299999999999999,0.0058999999999999955,0.012799999999999999,-0.003699999999999995,0.03817722299275697,0.013435540069686405,-0.04823609184774236,0.03995818815331009,0.010058868854985303,-0.053393728222996595,-6.0466870787645455e-5,-0.009230947537311351,-0.008702385260962897,0.012800693642954775,0.0033259904342918256,-0.002797427640372052,FALSE,FALSE,FALSE,FALSE,TRUE,TRUE,TRUE,TRUE,FALSE,FALSE
as_coded,Europe,3000,spatial_model_estimated,spatial_model_estimated,spatial_model_estimated,-0.0499,-0.0513,-0.039799999999999995,0.0082,0.0069,0.0152,0.0541,0.0493,0.0486,-0.0459,-0.04239999999999999,-0.0334,0.05536799459824443,0.0478502080443828,0.1009966777408638,0.3652937204591492,0.3418862690707351,0.3229235880398671,0.5793382849426063,0.6102635228848821,0.5760797342192692,0.00572405711714441,0.003920464110483635,0.010101601901669977,0.04749082267037574,0.037559510648820904,0.03710179477707154,0.07813736372487001,0.08222021467789076,0.08052178625965445,climate,climate,climate,climate,climate,climate,0.011500000000000003,0.0013999999999999985,0.0083,0.0013000000000000008,-6.999999999999992e-4,0.004800000000000006,0.008999999999999994,-0.00350000000000001,0.05314646969648099,0.007517786553861629,-0.01896268103086801,0.023407451388414102,-0.03418378866561289,-0.030925237942275752,0.006181137791186342,0.0018035930066607753,-4.5771587174936457e-4,0.009931312021554839,-0.0016984284182363085,-0.004082850953020745,FALSE,FALSE,FALSE,FALSE,TRUE,TRUE,TRUE,TRUE,FALSE,FALSE
as_coded,Europe,3500,spatial_model_estimated,spatial_model_estimated,spatial_model_estimated,-0.0484,-0.0478,-0.0331,0.0128,0.0085,0.022,0.0664,0.059,0.0609,-0.0536,-0.050499999999999996,-0.038900000000000004,0.06801275239107332,0.047914317925591886,0.11943539630836048,0.35281615302869285,0.33258173618940245,0.33061889250814336,0.5791710945802337,0.6195039458850056,0.5499457111834962,0.012190054582897347,0.001334227371870056,0.01593875924649879,0.07111693272433517,0.05447964116662307,0.060649608086861595,0.1122322584825578,0.11220872149535643,0.1059941959535835,climate,climate,climate,climate,climate,climate,0.014700000000000005,-5.999999999999964e-4,0.013499999999999998,0.0043,0.0019000000000000059,0.007400000000000004,0.011599999999999992,-0.0031000000000000055,0.07152107838276858,0.020098434465481436,-0.0019628436812590966,0.020234416839290392,-0.06955823470150935,-0.04033285130477182,0.014604531874628734,0.010855827211027291,0.006169966920238523,0.016637291557712097,-0.006214525541772931,2.3536987201366877e-5,FALSE,FALSE,FALSE,FALSE,TRUE,TRUE,TRUE,TRUE,FALSE,FALSE
as_coded,Europe,4000,spatial_model_estimated,spatial_model_estimated,spatial_model_estimated,-0.0722,-0.0671,-0.0596,0.0056,0.008,0.0138,0.0803,0.0715,0.0717,-0.0747,-0.0635,-0.0579,0.0306178239475123,0.04566210045662101,0.07679465776293823,0.4390377255330781,0.4081050228310502,0.3989983305509182,0.5303444505194095,0.5462328767123288,0.5242070116861436,0.0045881396035629685,0.001987756277883612,0.00661226077806043,0.08184254791943113,0.061907593938235306,0.0627756939270524,0.09670680990847347,0.09664566033444988,0.0939594533387329,climate,climate,climate,climate,climate,climate,0.007500000000000007,-0.005099999999999993,0.0058,-0.0024000000000000002,2.0000000000000573e-4,0.008800000000000002,0.005600000000000001,-0.011200000000000002,0.03113255730631722,-0.015044276509108709,-0.009106692280132,0.030932702702027914,-0.0220258650261852,-0.015888426192919303,0.004624504500176818,0.0026003833256793563,8.680999888170948e-4,0.019934953981195824,-0.0026862069957169776,6.1149574023589e-5,FALSE,FALSE,FALSE,FALSE,TRUE,TRUE,TRUE,TRUE,FALSE,FALSE
as_coded,Europe,4500,spatial_model_estimated,spatial_model_estimated,spatial_model_estimated,-0.082,-0.07970000000000001,-0.0772,0.0031,0.0015,0.0045,0.0676,0.0651,0.0656,-0.06449999999999999,-0.0636,-0.06110000000000001,0.01586489252814739,0.007853403141361256,0.02316006176016469,0.34595701125895595,0.34083769633507854,0.3376222336592898,0.6381780962128967,0.6513089005235602,0.6392177045805456,0.003152844387476317,-0.0012468433210740537,0.0019954364472795083,0.05024093980948652,0.046244410253108326,0.046943066435521263,0.10657348709377634,0.10685490965517408,0.10623122822482733,climate,climate,climate,climate,climate,climate,0.0025000000000000022,-0.0022999999999999965,0.0029999999999999996,0.0015999999999999999,5.000000000000004e-4,0.0024999999999999883,0.0024999999999999953,-8.999999999999841e-4,0.015306658618803435,0.008011489386786133,-0.0032154626757887605,0.005119314923877405,-0.012091195943014554,-0.01313080431066349,0.003242279768353562,0.0043996877085503705,6.986561824129378e-4,0.003996529556378192,-6.236814303467453e-4,-2.8142256139773725e-4,FALSE,FALSE,FALSE,FALSE,TRUE,TRUE,TRUE,TRUE,FALSE,FALSE
as_coded,Europe,5000,spatial_model_estimated,spatial_model_estimated,spatial_model_estimated,-0.05789999999999999,-0.0576,-0.050600000000000006,0.0081,0.003,0.0103,0.059,0.0567,0.0573,-0.0509,-0.0537,-0.047,0.04835820895522387,0.01876172607879925,0.06171360095865788,0.3522388059701492,0.3545966228893058,0.3433193529059317,0.5994029850746269,0.626641651031895,0.5949670461354104,0.007584434691990882,-8.409773046380575e-5,0.006930752444726296,0.05151320754119626,0.04967600518702919,0.050431961847184015,0.09104981804762546,0.09353374208889098,0.09103906742799273,climate,climate,climate,climate,climate,climate,0.006999999999999992,-2.999999999999947e-4,0.0073,0.0050999999999999995,5.999999999999964e-4,0.0022999999999999965,0.006699999999999998,0.002799999999999997,0.04295187487985863,0.02959648287642462,-0.011277269983374139,-0.0023578169191565967,-0.03167460489648455,-0.027238665957268093,0.0070148501751901016,0.007668532422454688,7.559566601548218e-4,0.0018372023541670668,-0.002494674660898255,-0.0024839240412655172,FALSE,FALSE,FALSE,FALSE,TRUE,TRUE,TRUE,TRUE,FALSE,FALSE
as_coded,Europe,5500,spatial_model_estimated,spatial_model_estimated,spatial_model_estimated,-0.0808,-0.08339999999999999,-0.08070000000000001,0.0047,5e-4,0.0055,0.0809,0.0718,0.0812,-0.0762,-0.0713,-0.07569999999999999,0.024620220010476687,0.002554931016862545,0.028720626631853784,0.42378208486118385,0.36688809402146144,0.4240208877284595,0.5515976951283394,0.6305569749616761,0.5472584856396867,0.007922263614900338,2.734901012153568e-4,0.008446880048370797,0.07934559578206823,0.059484429629933944,0.07914479442310018,0.10315723428809698,0.11087659057876131,0.10135023143063682,climate,climate,climate,climate,climate,climate,0.00269999999999998,0.002599999999999991,0.004999999999999999,0.004200000000000001,0.009399999999999992,0.009099999999999997,-0.004399999999999987,-0.004900000000000002,0.026165695614991238,0.02206528899361414,0.05713279370699803,0.05689399083972241,-0.08329848932198936,-0.07895927983333662,0.00817338994715544,0.007648773513684981,0.01966036479316624,0.01986116615213429,-0.009526359148124497,-0.0077193562906643365,FALSE,FALSE,FALSE,FALSE,TRUE,TRUE,TRUE,TRUE,FALSE,FALSE
as_coded,Europe,6000,spatial_model_estimated,spatial_model_estimated,spatial_model_estimated,-0.07250000000000001,-0.059500000000000004,-0.056799999999999996,0.0039,0.0162,0.021,0.0667,0.0653,0.0667,-0.0628,-0.0491,-0.04569999999999999,0.02200902934537246,0.0962566844919786,0.11777902411665733,0.37641083521444696,0.3879976232917409,0.3740886146943354,0.6015801354401806,0.5157456922162804,0.5081323611890073,0.003435752809675674,0.01535666470448882,0.021167568745635523,0.056521025910983624,0.05405916187357407,0.05592099754683222,0.09453614248304565,0.08521915675592617,0.08902527443246178,climate,climate,climate,climate,climate,climate,0.002700000000000008,-0.013000000000000005,0.004800000000000002,-0.012299999999999998,0.0013999999999999985,0.0013999999999999985,0.003400000000000007,-0.013699999999999997,0.021522339624678727,-0.07424765514660614,-0.013909008597405514,-0.011586788077293964,-0.007613331027273129,0.08583444322390021,0.005810904041146703,-0.011920911894813147,0.0018618356732581498,0.0024618640374095557,0.003806117676535603,0.009316985727119476,FALSE,FALSE,FALSE,FALSE,TRUE,TRUE,TRUE,TRUE,FALSE,FALSE
as_coded,Europe,6500,spatial_model_estimated,spatial_model_estimated,spatial_model_estimated,-0.0635,-0.021,-0.0206,0.001,0.0322,0.0316,0.049,0.0461,0.047,-0.048,-0.013900000000000003,-0.015399999999999997,0.005813953488372094,0.1871005229517722,0.1861012956419317,0.28488372093023256,0.26786751888436955,0.27679623085983507,0.7093023255813954,0.5450319581638582,0.5371024734982333,1.237738470618588e-4,0.024213911269282073,0.02199848886602851,0.03245586897152941,0.030951115043914235,0.032193570353832524,0.10411619779739156,0.09092505861710154,0.0853084357823537,climate,climate,climate,climate,climate,climate,4.0000000000000105e-4,-0.042499999999999996,-5.999999999999964e-4,-0.0312,8.99999999999998e-4,0.0029,-0.0014999999999999944,-0.0341,-9.992273098405058e-4,-0.1812865694634001,0.00892871197546552,0.017016202045863016,-0.00792948466562493,0.1642703674175372,-0.002215422403253564,-0.024090137422220215,0.001242455309918289,0.0015047539276151767,-0.005616622834747842,0.013191139180290024,FALSE,FALSE,FALSE,FALSE,TRUE,TRUE,TRUE,TRUE,FALSE,FALSE
as_coded,Europe,7000,spatial_model_estimated,spatial_model_estimated,spatial_model_estimated,-0.06319999999999999,-0.04479999999999999,-0.0337,0.0092,0.0171,0.0272,0.0612,0.0548,0.0551,-0.052,-0.0377,-0.027900000000000005,0.05367561260210035,0.1103938024531956,0.1585081585081585,0.3570595099183197,0.3537766300839251,0.32109557109557113,0.58926487747958,0.5358295674628792,0.5203962703962705,0.008586519645286006,0.010274171400039389,0.019634312275214727,0.04941339897395847,0.04093001295204157,0.041854574678896084,0.08836257255079305,0.07495939379126959,0.07936398752848961,climate,climate,climate,climate,climate,climate,0.011099999999999992,-0.0184,0.010099999999999998,-0.0079,3.0000000000000165e-4,0.006399999999999996,0.009799999999999993,-0.0143,0.04811435605496289,-0.05671818985109525,-0.032681058988353995,0.0032828798343945698,-0.015433297066608787,0.053435310016700766,0.009360140875175338,-0.0016876517547533831,9.245617268545114e-4,0.008483386021916894,0.0044045937372200195,0.01340317875952346,FALSE,FALSE,FALSE,FALSE,TRUE,TRUE,TRUE,TRUE,FALSE,FALSE
as_coded,Europe,7500,spatial_model_estimated,spatial_model_estimated,spatial_model_estimated,-0.0651,-0.0133,-0.0012999999999999956,0.0147,0.049,0.064,0.077,0.0615,0.0623,-0.0623,-0.012499999999999997,0.0017000000000000001,0.0769633507853403,0.2705687465488681,0.3227433182047403,0.4031413612565445,0.3395913859745997,0.3141704488149269,0.5198952879581151,0.3898398674765323,0.36308623298033277,0.0178505274933628,0.039404479599088105,0.05633245783761043,0.07743958538926898,0.051147024458973345,0.05159177364767886,0.09865765131282611,0.06485261291165567,0.06576477961356408,climate,climate,human,climate,climate,climate,0.012000000000000004,-0.051800000000000006,0.015,-0.034300000000000004,8.000000000000021e-4,0.0155,0.014199999999999997,-0.049800000000000004,0.05217457165587219,-0.19360539576352778,-0.025420937159672807,0.06354997528194478,-0.026753634496199552,0.1300554204815828,0.016927978238522323,-0.021553952105725305,4.447491887055177e-4,0.02629256093029564,9.121667019084123e-4,0.03380503840117044,TRUE,FALSE,FALSE,FALSE,TRUE,TRUE,TRUE,TRUE,FALSE,FALSE
as_coded,Europe,8000,spatial_model_estimated,spatial_model_estimated,spatial_model_estimated,-0.06799999999999999,-0.062000000000000006,-0.051500000000000004,0.009,0.0113,0.0254,0.0712,0.0746,0.0736,-0.0622,-0.0633,-0.0482,0.056568196103079824,0.06983930778739184,0.14750290360046459,0.4475172847265871,0.4610630407911001,0.4274099883855981,0.49591451917033313,0.469097651421508,0.4250871080139373,0.009963436617649313,0.007999613065893585,0.025489821908958543,0.06642973020262588,0.07255972418842949,0.07057287718194716,0.07161549412504276,0.06739720888701495,0.06463770165464333,climate,climate,climate,climate,climate,climate,0.010500000000000002,-0.0059999999999999845,0.0141,-0.0023,-0.0010000000000000009,-0.0034000000000000002,0.015099999999999995,0.0010999999999999968,0.07766359581307275,-0.013271111684312012,-0.03365305240550198,-0.013545756064513026,-0.04401054340757071,0.026816867748825135,0.017490208843064958,0.001963823551755728,-0.0019868470064823285,-0.006129993985803606,-0.0027595072323716163,0.004218285238027808,FALSE,FALSE,FALSE,FALSE,TRUE,TRUE,TRUE,TRUE,FALSE,FALSE
as_coded,Europe,8500,spatial_model_estimated,spatial_model_estimated,spatial_model_estimated,-0.0696,-0.0603,-0.05449999999999999,0.0027,0.0088,0.0118,0.0755,0.0688,0.0688,-0.0728,-0.06,-0.057,0.017976031957390146,0.058085808580858093,0.07722513089005235,0.5026631158455392,0.45412541254125416,0.4502617801047121,0.47936085219707053,0.48778877887788774,0.47251308900523564,0.0014292131296348431,0.002701484118592834,0.004143833643635242,0.07746125390374337,0.06245890651661534,0.06368095203699342,0.07207284366857858,0.074293250092337,0.07208297854860113,climate,climate,climate,climate,climate,climate,0.0058000000000000065,-0.009299999999999996,0.002999999999999999,-0.0061,0,0.006699999999999998,0.0029999999999999957,-0.012800000000000006,0.01913932230919426,-0.040109776623467944,-0.003863632436542086,0.048537703304285085,-0.015275689872652098,-0.00842792668081721,0.0014423495250424079,-0.0012722709889579908,0.001222045520378079,0.015002347387128023,-0.0022102715437358755,-0.0022204064237584253,FALSE,FALSE,FALSE,FALSE,TRUE,TRUE,TRUE,TRUE,FALSE,FALSE
as_coded,North America,2000,spatial_model_estimated,spatial_model_estimated,spatial_model_estimated,-0.09079999999999999,-0.0887,-0.082,0.0025,0.0038,0.0088,0.0578,0.0568,0.056,-0.055299999999999995,-0.053000000000000005,-0.0472,0.012481278082875686,0.018990504747626185,0.04210526315789474,0.28856714927608584,0.2838580709645177,0.2679425837320574,0.6989515726410385,0.697151424287856,0.6899521531100479,-7.358776301868986e-5,-2.317084619085641e-4,0.005994168523667631,0.019782820327128414,0.017043581756738146,0.018434015691645156,0.10258706165972509,0.10007182908852963,0.10892548750955988,climate,climate,climate,climate,climate,climate,0.006699999999999998,-0.0020999999999999908,0.005000000000000001,-0.0013,-8.000000000000021e-4,9.99999999999994e-4,0.0058000000000000065,-0.0022999999999999896,0.023114758410268558,-0.006509226664750499,-0.01591548723246028,0.004709078311568138,-0.007199271177808164,0.0018001483531824292,0.006225876985576195,1.5812069888987423e-4,0.0013904339349070094,0.0027392385703902677,0.008853658421030253,0.002515232571195458,FALSE,FALSE,FALSE,FALSE,TRUE,TRUE,TRUE,TRUE,FALSE,FALSE
as_coded,North America,2500,spatial_model_estimated,spatial_model_estimated,spatial_model_estimated,-0.08940000000000001,-0.0913,-0.082,0.0052,0.0068,0.0109,0.0591,0.0598,0.0584,-0.053900000000000003,-0.053,-0.0475,0.02411873840445269,0.03132197144173192,0.04983996342021033,0.2741187384044527,0.2754491017964072,0.26703246456332874,0.7017625231910947,0.6932289267618609,0.6831275720164609,0.0023819067961982077,0.00513091320230441,0.006771596237651112,0.020804352226063694,0.01991100470819618,0.019660396072106345,0.11382912507817922,0.10959446190436772,0.10996610482610325,climate,climate,climate,climate,climate,climate,0.009300000000000003,0.001899999999999999,0.0041,-0.0015999999999999999,-0.0013999999999999985,-6.999999999999992e-4,0.005499999999999998,-9.00000000000005e-4,0.018517991978478414,-0.007203233037279228,-0.00841663723307845,-0.00133036339195447,-0.01010135474539997,0.008533596429233792,0.0016406830353467017,-0.0027490064061062025,-2.5060863608983297e-4,8.933475178675154e-4,3.716429217355266e-4,0.004234663173811493,FALSE,FALSE,FALSE,FALSE,TRUE,TRUE,TRUE,TRUE,FALSE,FALSE
as_coded,North America,3000,spatial_model_estimated,spatial_model_estimated,spatial_model_estimated,-0.089,-0.0919,-0.0799,0.0067,0.0058,0.0124,0.057,0.059,0.057,-0.050300000000000004,-0.0532,-0.0446,0.03201146679407549,0.02815533980582524,0.05851816894761681,0.272336359292881,0.28640776699029125,0.2689948088721095,0.6956521739130435,0.6854368932038835,0.6724870221802737,0.0037038154474700047,0.0031023071058920992,0.006370351366264293,0.015299876335464813,0.017522176119982746,0.01575866318951713,0.10447194013086936,0.09666684457318142,0.09881361774520314,climate,climate,climate,climate,climate,climate,0.011999999999999997,0.0029,0.0066,9.000000000000006e-4,-0.001999999999999995,-0.001999999999999995,0.008599999999999997,0.002899999999999993,0.030362829141791566,0.003856126988250247,-0.01741295811818172,-0.014071407697410221,-0.012949871023609782,0.010215280709160002,0.0032680442603721938,6.015083415779054e-4,-0.001763512930465616,-0.0022222997845179338,0.002146773172021721,0.0078050955576879355,FALSE,FALSE,FALSE,FALSE,TRUE,TRUE,TRUE,TRUE,FALSE,FALSE
as_coded,North America,3500,spatial_model_estimated,spatial_model_estimated,spatial_model_estimated,-0.0882,-0.0959,-0.08310000000000001,0.0075,0.003,0.0105,0.0585,0.0598,0.0578,-0.051000000000000004,-0.056799999999999996,-0.047299999999999995,0.03766951280763435,0.015306122448979591,0.05231689088191331,0.293822199899548,0.3051020408163265,0.2879920279023418,0.6685082872928176,0.6795918367346939,0.6596910812157448,0.004694005190616801,0.0015074307337823445,0.006220925692082213,0.018318679636528223,0.0193120427830753,0.01770426818766213,0.09427563601285338,0.09284364621100627,0.09372156253000996,climate,climate,climate,climate,climate,climate,0.012799999999999992,0.0076999999999999985,0.007500000000000001,0.0045,-0.0020000000000000018,-0.0012999999999999956,0.0095000000000000015,0.005799999999999993,0.037010768432933716,0.02236339035865476,-0.01711001291398473,-0.011279840916778527,-0.019900755518949098,-0.011083549441876284,0.004713494958299869,0.0031865744568344567,-0.0016077745954131695,-9.933631465470771e-4,8.779163190036909e-4,0.0014319898018471111,FALSE,FALSE,FALSE,FALSE,TRUE,TRUE,TRUE,TRUE,FALSE,FALSE
as_coded,North America,4000,spatial_model_estimated,spatial_model_estimated,spatial_model_estimated,-0.0762,-0.0774,-0.0634,0.009,0.0078,0.0165,0.051,0.052,0.0501,-0.041999999999999996,-0.044199999999999996,-0.0336,0.048913043478260865,0.042763157894736836,0.08767268862911796,0.27717391304347827,0.2850877192982456,0.26620616365568545,0.6739130434782609,0.6721491228070176,0.6461211477151966,0.005858561827348785,0.004326835325254463,0.01006996211883493,0.013670027971997567,0.015328007687900658,0.013981407536036494,0.08749596512195967,0.08444677872930584,0.08470910196726866,climate,climate,climate,climate,climate,climate,0.013999999999999999,0.0011999999999999927,0.008700000000000001,0.0011999999999999997,-0.001899999999999999,-0.0010000000000000009,0.010599999999999998,0.0022000000000000006,0.04490953073438113,0.0061498855835240285,-0.018881555642560166,-0.007913806254767342,-0.026027975091820976,0.001763920671243313,0.005743126793580466,0.0015317265020943216,-0.0013466001518641635,-0.0016579797159030907,2.6232323796282486e-4,0.0030491863926538354,FALSE,FALSE,FALSE,FALSE,TRUE,TRUE,TRUE,TRUE,FALSE,FALSE
as_coded,North America,4500,spatial_model_estimated,spatial_model_estimated,spatial_model_estimated,-0.0865,-0.08750000000000001,-0.0756,0.0068,0.008,0.0148,0.0548,0.0564,0.0548,-0.048,-0.0484,-0.04,0.03299369238233867,0.03836930455635491,0.06964705882352942,0.2658903444929646,0.27050359712230215,0.2578823529411765,0.7011159631246968,0.6911270983213429,0.6724705882352942,0.0040518408908171155,0.006480085236499122,0.01050936442437933,0.013634412054745582,0.015682084569906163,0.014788308889395085,0.10374406774670641,0.10204375638740482,0.1019218972808954,climate,climate,climate,climate,climate,climate,0.011900000000000008,0.0010000000000000148,0.0068000000000000005,-0.0012000000000000005,-0.0015999999999999973,-0.0015999999999999973,0.008399999999999998,3.999999999999976e-4,0.03127775426717451,-0.005375612174016241,-0.012621244181125646,-0.004613252629337539,-0.01865651008604874,0.009988864803353925,0.004029279187880208,-0.002428244345682007,-8.937756805110775e-4,-0.0020476725151605812,-1.2185910650941434e-4,0.0017003113593015984,FALSE,FALSE,FALSE,FALSE,TRUE,TRUE,TRUE,TRUE,FALSE,FALSE
as_coded,North America,5000,spatial_model_estimated,spatial_model_estimated,spatial_model_estimated,-0.0882,-0.0933,-0.0813,0.0067,0.0044,0.0117,0.0562,0.0591,0.0567,-0.0495,-0.0547,-0.045,0.033483258370814596,0.024242424242424246,0.057409224730127585,0.28085957021489255,0.3256198347107438,0.27821393523061827,0.6856571714142928,0.650137741046832,0.6643768400392542,0.0034917975205954743,0.0023953103680505183,0.007239581898530689,0.014283330227623736,0.018451322345358623,0.015804769460658674,0.09453129745098043,0.0746256205763961,0.09141528550359457,climate,climate,climate,climate,climate,climate,0.011999999999999997,0.005099999999999993,0.0073,0.0023,-0.0023999999999999994,-0.0029,0.0097,0.005199999999999996,0.03316680048770334,0.00924083412839035,-0.047405899480125524,-0.04476026449585124,0.014239098992422261,0.03551943036746086,0.004844271530480171,0.001096487152544956,-0.0026465528846999486,-0.004167992117734887,0.016789664927198467,0.019905676874584333,FALSE,FALSE,FALSE,FALSE,TRUE,TRUE,TRUE,TRUE,FALSE,FALSE
as_coded,North America,5500,spatial_model_estimated,spatial_model_estimated,spatial_model_estimated,-0.074,-0.07450000000000001,-0.062200000000000005,0.0069,0.01,0.0167,0.0479,0.0525,0.0483,-0.040999999999999995,-0.042499999999999996,-0.0316,0.034328358208955224,0.04875670404680644,0.07967557251908397,0.2383084577114428,0.25597269624573377,0.23043893129770993,0.727363184079602,0.6952705997074597,0.6898854961832062,0.003677800313857116,0.008922574975615216,0.012427701320658291,0.01172086493050939,0.019409794565484972,0.013404322553047132,0.10908876887742847,0.10776727101139583,0.1066636208007391,climate,climate,climate,climate,climate,climate,0.012300000000000005,5.000000000000143e-4,0.006699999999999999,-0.0031000000000000003,-0.004199999999999995,-0.0046,0.010899999999999993,0.0015000000000000013,0.03091886847227753,-0.014428345837851214,-0.02553376494802384,-0.01766423853429097,-0.005385103524253587,0.03209258437214224,0.0035051263450430747,-0.0052447746617581,-0.00600547201243784,-0.007688929634975583,-0.0011036502106567259,0.0013214978660326393,FALSE,FALSE,FALSE,FALSE,TRUE,TRUE,TRUE,TRUE,FALSE,FALSE
as_coded,North America,6000,spatial_model_estimated,spatial_model_estimated,spatial_model_estimated,-0.0818,-0.0776,-0.0686,0.0052,0.0126,0.0178,0.0541,0.0572,0.0536,-0.0489,-0.0446,-0.0358,0.026078234704112337,0.06164383561643836,0.0841209829867675,0.27131394182547647,0.27984344422700586,0.25330812854442347,0.7026078234704113,0.6585127201565558,0.6625708884688091,0.0030838925458360755,0.012127905888862367,0.015362045820148329,0.019052887851635503,0.023678361024497607,0.018488072412747192,0.10483021999489095,0.10160116713431355,0.10532877622052239,climate,climate,climate,climate,climate,climate,0.009000000000000008,-0.004199999999999995,0.0052,-0.0074,-0.003599999999999999,-0.0030999999999999986,0.008800000000000002,-0.004299999999999998,0.02247714737032914,-0.03556560091232602,-0.026535315682582383,-0.008529502401529387,0.004058168312253252,0.044095103313855466,0.003234139931285962,-0.009044013343026291,-0.0051902886117504154,-0.004625473172862105,0.0037276090862088385,0.003229052860577397,FALSE,FALSE,FALSE,FALSE,TRUE,TRUE,TRUE,TRUE,FALSE,FALSE
as_coded,North America,6500,spatial_model_estimated,spatial_model_estimated,spatial_model_estimated,-0.0939,-0.0895,-0.0843,0.0022,0.0086,0.0108,0.0584,0.0592,0.0584,-0.0562,-0.050600000000000006,-0.0476,0.010357815442561208,0.039126478616924476,0.04904632152588556,0.27495291902071567,0.26933575978161967,0.2652134423251589,0.7146892655367232,0.6915377616014559,0.6857402361489554,4.863995973867219e-4,0.007818197731437104,0.008320304657983169,0.01914427251975248,0.0195579286008829,0.019285098126297973,0.11230807143623567,0.11157974780893598,0.11087387608104426,climate,climate,climate,climate,climate,climate,0.005199999999999996,-0.004400000000000001,0.0022000000000000006,-0.0063999999999999994,-8.000000000000021e-4,-8.000000000000021e-4,0.0030000000000000027,-0.005599999999999994,0.009919842908961085,-0.028768663174363267,-0.0041223174564607445,0.0056171592390960035,-0.005797525452500452,0.023151503935267326,5.021069265460643e-4,-0.007331798134050382,-2.728304745849286e-4,-4.136560811304202e-4,-7.058717278917159e-4,7.283236272996874e-4,FALSE,FALSE,FALSE,FALSE,TRUE,TRUE,TRUE,TRUE,FALSE,FALSE
as_coded,North America,7000,spatial_model_estimated,spatial_model_estimated,spatial_model_estimated,-0.0944,-0.0838,-0.081,5e-4,0.011,0.0114,0.0622,0.0621,0.0616,-0.0617,-0.051100000000000007,-0.0502,0.002370791844476055,0.05032021957913998,0.052341597796143245,0.29492650545282123,0.28408051235132664,0.2828282828282828,0.7027027027027026,0.6655992680695334,0.6648301193755739,-6.912251285784432e-4,0.009368433713600854,0.008623751753870312,0.028414683979287036,0.02785966361147585,0.027803076279236505,0.11430394489005125,0.11083142050882866,0.11042279555868972,climate,climate,climate,climate,climate,climate,0.002799999999999997,-0.010599999999999998,4.0000000000000105e-4,-0.010499999999999999,-5.000000000000004e-4,9.999999999999593e-5,9.00000000000005e-4,-0.010599999999999991,0.002021378217003267,-0.04794942773466392,-0.001252229523043824,0.010845993101494589,-7.691486939594983e-4,0.03710343463316923,-7.446819597305421e-4,-0.010059658842179298,-5.658733223934398e-5,5.550203678111876e-4,-4.0862495013893607e-4,0.003472524381222586,FALSE,FALSE,FALSE,FALSE,TRUE,TRUE,TRUE,TRUE,FALSE,FALSE
as_coded,North America,7500,spatial_model_estimated,spatial_model_estimated,spatial_model_estimated,-0.0843,-0.0737,-0.0701,9e-4,0.0109,0.0115,0.0583,0.0584,0.0582,-0.0574,-0.0475,-0.046700000000000005,0.005033557046979866,0.06085985482970408,0.06139882541377469,0.3260626398210291,0.3260748185371301,0.3107314468766685,0.668903803131991,0.6130653266331658,0.6278697277095568,-6.980305681115739e-4,0.009216707820407066,0.007851559109939843,0.029932003987612532,0.03041805380156548,0.031137818093988523,0.09095402855073476,0.08018931615836555,0.08828059623897178,climate,climate,climate,climate,climate,climate,0.003600000000000006,-0.010599999999999998,5.999999999999998e-4,-0.01,-1.999999999999988e-4,-1.0000000000000286e-4,7.999999999999952e-4,-0.009899999999999999,5.38970584070611e-4,-0.055826297782724216,-0.015343371660461624,-1.2178716100985643e-5,0.014804401076391027,0.05583847649882523,-0.0013651487104672233,-0.00991473838851864,7.197642924230419e-4,-4.86049813952949e-4,0.008091280080606222,0.010764712392369202,FALSE,FALSE,FALSE,FALSE,TRUE,TRUE,TRUE,TRUE,FALSE,FALSE
as_coded,North America,8000,spatial_model_estimated,spatial_model_estimated,spatial_model_estimated,-0.0974,-0.0952,-0.0894,0.002,0.0088,0.0111,0.0697,0.0712,0.0705,-0.0677,-0.0624,-0.059399999999999994,0.010875475802066341,0.04505888376856119,0.05683563748079877,0.379010331702012,0.3645673323092678,0.36098310291858676,0.6101141924959217,0.590373783922171,0.5821812596006144,4.8175276738504635e-5,0.008800613689336156,0.008899164001405113,0.03802699109097829,0.03831320495431623,0.03836411891159941,0.0797567757587444,0.08308105934554244,0.0814038893959752,climate,climate,climate,climate,climate,climate,0.0058000000000000135,-0.0021999999999999936,0.0023,-0.0068000000000000005,-7.000000000000062e-4,-0.0015000000000000013,0.0030000000000000027,-0.005299999999999999,0.011776753712237582,-0.03418340796649485,-0.0035842293906810374,0.014442999392744182,-0.008192524321556593,0.0197404085737507,9.855031206895681e-5,-0.008752438412597652,5.091395728318293e-5,-2.862138633379363e-4,-0.0016771699495672365,-0.003324283586798038,FALSE,FALSE,FALSE,FALSE,TRUE,TRUE,TRUE,TRUE,FALSE,FALSE
as_coded,North America,8500,spatial_model_estimated,spatial_model_estimated,spatial_model_estimated,-0.0955,-0.09359999999999999,-0.0896,0.0028,0.0037,0.0077,0.0637,0.0627,0.069,-0.06090000000000001,-0.059000000000000004,-0.06130000000000001,0.013645224171539962,0.018137254901960782,0.04155423637344846,0.31042884990253417,0.3073529411764706,0.372369131138694,0.6759259259259259,0.6745098039215686,0.5860766324878575,0.0022526821704894617,9.658513151902248e-4,0.0063716238195085095,0.028683097745265784,0.0253584832544973,0.039273032050927026,0.1037096067514105,0.10032997130888399,0.07940788788778741,climate,climate,climate,climate,climate,climate,0.00399999999999999,-0.0019000000000000128,0.004,-9.000000000000002e-4,0.0063,0.0010000000000000009,-0.0023000000000000034,-0.0019000000000000059,0.02341698147148768,-0.00449203073042082,0.06501618996222341,0.0030759087260635587,-0.0884331714337111,0.0014161220043573675,0.005405772504318285,0.001286830855299237,0.013914548796429727,0.003324614490768485,-0.020922083421096582,0.0033796354425265074,FALSE,FALSE,FALSE,FALSE,TRUE,TRUE,TRUE,TRUE,FALSE,FALSE
as_coded,Latin America,2000,spatial_model_estimated,spatial_model_estimated,spatial_model_estimated,-0.1452,-0.1466,-0.1385,0.0076,0.0048,0.0121,0.1414,0.1406,0.1348,-0.1338,-0.1358,-0.1227,0.04423748544819557,0.028537455410225916,0.07038976148923792,0.8230500582072177,0.8359096313912009,0.7841768470040722,0.13271245634458673,0.13555291319857313,0.14543339150668994,0.00437307549982302,7.592679839880656e-4,0.004465197980374369,0.12667654782692606,0.12574990488365723,0.11125770957668213,0.014938616375129388,0.015581677582610198,0.01711478949818035,climate,climate,climate,climate,climate,climate,0.008099999999999996,0.0014000000000000123,0.0073,0.0028000000000000004,-0.0058,7.999999999999952e-4,0.0131,0.0020000000000000018,0.04185230607901201,0.015700030037969655,-0.051732784387128694,-0.01285957318398323,0.009880478308116808,-0.0028404568539864006,0.0037059299963863035,0.0036138075158349547,-0.014492195306975098,9.266429432688295e-4,0.0015331119155701511,-6.430612074808106e-4,FALSE,FALSE,FALSE,FALSE,TRUE,TRUE,TRUE,TRUE,FALSE,FALSE
as_coded,Latin America,2500,spatial_model_estimated,spatial_model_estimated,no_spatial_terms_selected,-0.1252,-0.1416,-0.11250000000000002,0.018,0.0097,0.0225,0.1342,0.1409,0.135,-0.11620000000000001,-0.13119999999999998,-0.11250000000000002,0.09988901220865702,0.05350248207391065,0.14285714285714285,0.7447280799112097,0.7771649200220629,0.8571428571428572,0.15538290788013318,0.1693325979040265,0,0.004310795764642661,0.005439319712083224,0.003744399696917866,0.11146934809213915,0.1261148015020529,0.11627293260153626,0.022240875498003465,0.028798099413360978,0,climate,climate,climate,climate,climate,climate,0.029099999999999987,0.016399999999999998,0.012799999999999999,0.008299999999999998,-0.005899999999999989,-0.006699999999999984,0.018699999999999967,0.014999999999999972,0.0893546607832322,0.04638653013474637,0.07997793712079426,-0.03243684011085324,-0.1693325979040265,-0.013949690023893319,-0.0016949200151653576,-0.0011285239474405628,-0.009841868900516637,-0.014645453409913745,-0.028798099413360978,-0.006557223915357513,FALSE,FALSE,FALSE,FALSE,TRUE,TRUE,TRUE,TRUE,FALSE,FALSE
as_coded,Latin America,3000,spatial_model_estimated,spatial_model_estimated,spatial_model_estimated,-0.16,-0.1628,-0.1532,-7e-4,0.0133,0.0194,0.1307,0.1693,0.1582,-0.13140000000000002,-0.156,-0.1388,0,0.06646676661669165,0.0971457185778668,0.6467095497278575,0.8460769615192404,0.7921882824236354,0.3532904502721425,0.08745627186406797,0.11066599899849774,-0.00652651219751843,0.02377422603759871,0.023302114168675336,0.09613724381592281,0.17286603679238466,0.14776650515934275,0.04241947752470998,0.020078821282065507,0.02622059083856154,climate,climate,climate,climate,climate,climate,0.009599999999999997,0.002799999999999997,0.006100000000000001,-0.013999999999999999,-0.011099999999999999,-0.038599999999999995,0.017199999999999993,0.024599999999999983,0.03067895196117515,-0.06646676661669165,-0.05388867909560502,-0.19936741179138284,0.023209727134429772,0.26583417840807455,-4.72111868923375e-4,-0.03030073823511714,-0.025099531633041905,-0.07672879297646185,0.006141769556496035,0.022340656242644474,FALSE,FALSE,FALSE,FALSE,TRUE,TRUE,TRUE,TRUE,FALSE,FALSE
as_coded,Latin America,4000,spatial_model_estimated,spatial_model_estimated,spatial_model_estimated,-0.1628,-0.1643,-0.1351,0.0191,0.0274,0.0544,0.1749,0.1938,0.1835,-0.1558,-0.1664,-0.1291,0.0910824988078207,0.1229802513464991,0.21742605915267788,0.8340486409155937,0.86983842010772,0.7334132693844925,0.0748688602765856,0.00718132854578097,0.04916067146282974,0.021491490399907276,0.0407383317595319,0.062005676982747504,0.17031743409430133,0.20923251444295843,0.18529728265466927,0.02084522636069841,0.004395335172175829,0.011483835077421234,climate,climate,climate,climate,climate,climate,0.029200000000000004,0.0015000000000000013,0.026999999999999996,-0.008300000000000002,-0.010300000000000004,-0.0189,0.0373,0.010599999999999998,0.09444580780617877,-0.03189775253867841,-0.13642515072322747,-0.035789779192126225,0.04197934291704877,0.06768753173080463,0.021267345223215606,-0.019246841359624622,-0.023935231788289157,-0.038915080348657094,0.0070884999052454045,0.01644989118852258,FALSE,FALSE,FALSE,FALSE,TRUE,TRUE,TRUE,TRUE,FALSE,FALSE
as_coded,Latin America,4500,spatial_model_estimated,no_spatial_terms_selected,spatial_model_estimated,-0.1553,-0.16590000000000002,-0.14029999999999998,0.0101,0.0157,0.0275,0.1313,0.1816,0.135,-0.1212,-0.16590000000000002,-0.10750000000000001,0.044434667839859214,0.07957425240750125,0.11298274445357435,0.5776506819181698,0.9204257475924987,0.5546425636811833,0.37791465024197096,0,0.3323746918652424,0.0038097882941859895,0.02117226795077798,0.019876077304940454,0.09091129471818427,0.18704610896322627,0.0943889713150059,0.04905921771878685,0,0.03539691408565604,climate,climate,climate,climate,climate,climate,0.02560000000000004,0.010600000000000026,0.011800000000000001,-0.005599999999999999,-0.0466,-0.05030000000000001,0.05840000000000001,0.04470000000000002,0.0334084920460731,-0.03513958456764204,-0.3657831839113155,-0.3427750656743289,0.3323746918652424,0.37791465024197096,-0.001296190645837525,-0.01736247965659199,-0.09265713764822037,-0.096134814245042,0.03539691408565604,0.04905921771878685,FALSE,FALSE,FALSE,FALSE,TRUE,TRUE,TRUE,TRUE,FALSE,FALSE
as_coded,Latin America,5000,spatial_model_estimated,spatial_model_estimated,spatial_model_estimated,-0.16690000000000002,-0.1544,-0.1514,-0.003,0.0191,0.0204,0.1305,0.1419,0.1392,-0.1335,-0.12279999999999999,-0.11879999999999999,0,0.08138048572645931,0.08699360341151387,0.6178977272727273,0.6046016190881978,0.5936034115138593,0.3821022727272727,0.314017895185343,0.31940298507462683,-0.005190372925890974,0.021278728904059463,0.021061075510865335,0.09491248041435163,0.11251704422916231,0.10741342544210741,0.04974470351514482,0.030699741108777046,0.033463779831676255,climate,climate,climate,climate,climate,climate,0.0030000000000000027,-0.012500000000000011,0.0013000000000000025,-0.022099999999999998,-0.002700000000000008,-0.011399999999999993,0.0040000000000000036,-0.010700000000000015,0.0056131176850545556,-0.08138048572645931,-0.010998207574338448,0.013296108184529531,0.005385089889283823,0.0680843775419297,-2.1765339319412824e-4,-0.026469101829950437,-0.005103618787054898,-0.01760456381481068,0.002764038722899209,0.01904496240636777,FALSE,FALSE,FALSE,FALSE,TRUE,TRUE,TRUE,TRUE,FALSE,FALSE
as_coded,Latin America,5500,spatial_model_estimated,no_spatial_terms_selected,no_spatial_terms_selected,-0.1559,-0.1464,-0.1517,-0.0028,0.0094,0.0043,0.1152,0.1558,0.156,-0.118,-0.1464,-0.1517,0,0.05690072639225182,0.026824703680598878,0.615056059797117,0.9430992736077483,0.9731752963194011,0.3849439402028831,0,0,-0.004671374441485687,0.011958029104286783,0.007069902448745613,0.07537025619574744,0.15834138493002314,0.1587793531435404,0.03552051637676146,0,0,climate,climate,climate,climate,climate,climate,-0.005299999999999999,-0.009500000000000008,-0.0051,-0.0122,2.0000000000000573e-4,-0.0406,-0.005299999999999999,0.02840000000000001,-0.030076022711652942,-0.05690072639225182,0.030076022711652883,-0.3280432138106313,0,0.3849439402028831,-0.0048881266555411695,-0.01662940354577247,4.379682135172702e-4,-0.0829711287342757,0,0.03552051637676146,FALSE,FALSE,FALSE,FALSE,TRUE,TRUE,TRUE,TRUE,FALSE,FALSE
as_coded,Latin America,6000,no_spatial_terms_selected,no_spatial_terms_selected,no_spatial_terms_selected,-0.1609,-0.1508,-0.1574,-0.0011,0.0095,0.0064,0.1598,0.1603,0.1638,-0.1609,-0.1508,-0.1574,0,0.05594817432273262,0.03760282021151587,1,0.9440518256772673,0.9623971797884842,0,0,0,0.003929384412721393,0.015132624006980566,0.015498322417945243,0.16482210003466768,0.1659062775160065,0.17282154128463023,0,0,0,climate,climate,climate,climate,climate,climate,-0.0066000000000000225,-0.010099999999999998,-0.0030999999999999995,-0.0106,0.003500000000000003,-5.000000000000004e-4,-0.0066000000000000225,-0.010099999999999998,-0.018345354111216752,-0.05594817432273262,0.01834535411121685,0.05594817432273269,0,0,3.656984109646766e-4,-0.011203239594259173,0.006915263768623725,-0.0010841774813388216,0,0,FALSE,FALSE,FALSE,FALSE,TRUE,TRUE,TRUE,TRUE,FALSE,FALSE
as_coded,Latin America,6500,no_spatial_terms_selected,no_spatial_terms_selected,no_spatial_terms_selected,-0.1578,-0.1674,-0.1644,0.0032,-0.0044,-0.0029,0.161,0.163,0.1615,-0.1578,-0.1674,-0.1644,0.0194884287454324,0,0,0.9805115712545676,1,1,0,0,0,0.0010513046894126132,-0.004489876908555401,-0.0046097807461752405,0.15877945599313914,0.16292425551857104,0.15979770447180486,0,0,0,climate,climate,climate,climate,climate,climate,0.0030000000000000027,0.009599999999999997,0.0015000000000000005,0.007600000000000001,-0.0015000000000000013,-0.0020000000000000018,0.0030000000000000027,0.009599999999999997,0,0.0194884287454324,0,-0.01948842874543244,0,0,-1.1990383761983914e-4,0.005541181597968015,-0.0031265510467661795,-0.004144799525431897,0,0,FALSE,FALSE,FALSE,FALSE,TRUE,TRUE,TRUE,TRUE,FALSE,FALSE
as_coded,Latin America,7000,no_spatial_terms_selected,no_spatial_terms_selected,no_spatial_terms_selected,-0.1163,-0.1156,-0.1166,0.0077,0.0064,0.0068,0.124,0.122,0.1234,-0.1163,-0.1156,-0.1166,0.05846621108580106,0.049844236760124616,0.0522273425499232,0.9415337889141988,0.9501557632398755,0.9477726574500769,0,0,0,0.005756720953555172,0.002452787395990641,0.004222589847627578,0.12196807620269434,0.11811025291463917,0.12088151056329999,0,0,0,climate,climate,climate,climate,climate,climate,-0.0010000000000000009,-7.000000000000062e-4,3.999999999999993e-4,0.0013,0.0013999999999999985,0.0020000000000000018,-0.0010000000000000009,-7.000000000000062e-4,0.002383105789798584,0.008621974325676442,-0.002383105789798612,-0.008621974325676685,0,0,0.001769802451636937,0.0033039335575645312,0.0027712576486608187,0.0038578232880551733,0,0,FALSE,FALSE,FALSE,FALSE,TRUE,TRUE,TRUE,TRUE,FALSE,FALSE
as_coded,Latin America,7500,spatial_model_estimated,spatial_model_estimated,spatial_model_estimated,-0.13790000000000002,-0.14609999999999998,-0.141,0.006,-3e-4,0.0049,0.1394,0.1225,0.1225,-0.1334,-0.12279999999999999,-0.1176,0.03683241252302026,0,0.028048082427017746,0.8557397176181707,0.7227138643067847,0.7012020606754437,0.1074278698588091,0.27728613569321536,0.27074985689753867,0.009642938361568154,0.001938346660397161,0.007461769256081996,0.1385550212395973,0.10134028796790584,0.10158487724980647,0.01972247829947571,0.024298594235356408,0.025205891121499513,climate,climate,climate,climate,climate,climate,0.005099999999999993,0.008199999999999957,0.0052,0.0063,0,0.0169,0.005199999999999996,-0.010599999999999998,0.028048082427017746,0.03683241252302026,-0.021511803631341087,0.13302585331138594,-0.006536278795676698,-0.16985826583440627,0.005523422595684835,0.007704591701170993,2.4458928190063123e-4,0.03721473327169145,9.072968861431052e-4,-0.004576115935880698,FALSE,FALSE,FALSE,FALSE,TRUE,TRUE,TRUE,TRUE,FALSE,FALSE
as_coded,Latin America,8000,no_spatial_terms_selected,no_spatial_terms_selected,no_spatial_terms_selected,-0.1209,-0.07039999999999999,-0.0693,-0.0057,0.0512,0.053,0.1152,0.1216,0.1223,-0.1209,-0.07039999999999999,-0.0693,0,0.2962962962962963,0.30233884768967484,1,0.7037037037037037,0.6976611523103251,0,0,0,-0.004301236912515827,0.05906996817961807,0.06148499083932224,0.11656888845367919,0.12945287471719635,0.13084092797049984,0,0,0,climate,climate,climate,climate,climate,climate,0.0010999999999999899,-0.0505,0.001799999999999996,-0.056900000000000006,7.000000000000062e-4,-0.006400000000000003,0.0010999999999999899,-0.0505,0.006042551393378559,-0.2962962962962963,-0.006042551393378615,0.2962962962962963,0,0,0.002415022659704169,-0.0633712050921339,0.0013880532533034895,-0.012883986263517166,0,0,FALSE,FALSE,FALSE,FALSE,TRUE,TRUE,TRUE,TRUE,FALSE,FALSE
as_coded,Latin America,8500,spatial_model_estimated,spatial_model_estimated,spatial_model_estimated,-0.1271,-0.11770000000000001,-0.12259999999999999,-0.0057,0.0098,0.0055,0.0911,0.0953,0.0956,-0.0968,-0.08549999999999999,-0.0901,0,0.05654933641084824,0.03252513305736251,0.5740390674228103,0.5499134448932488,0.5653459491425192,0.4259609325771896,0.3935372186959031,0.4021289178001183,-0.005255062893637863,0.015052413002135334,0.010811391020550842,0.061326623133824865,0.06827936279109603,0.06849356071852863,0.036309629781281605,0.03619964545198695,0.035469876465682115,climate,climate,climate,climate,climate,climate,-0.004899999999999974,-0.009399999999999978,-0.0043,-0.0155,3.000000000000086e-4,-0.004199999999999995,-0.004600000000000007,-0.011300000000000004,-0.024024203353485735,-0.05654933641084824,0.015432504249270451,0.02412562252956152,0.0085916991042152,0.03242371388128651,-0.004241021981584492,-0.020307475895773197,2.1419792743260224e-4,-0.0069527396572711675,-7.297689863048351e-4,1.0998432929465451e-4,FALSE,FALSE,FALSE,FALSE,TRUE,TRUE,TRUE,TRUE,FALSE,FALSE
as_coded,Latin America,3500,spatial_model_estimated,no_spatial_terms_selected,spatial_model_estimated,-0.14040000000000002,-0.17809999999999998,-0.13699999999999998,0.0197,0.013,0.0316,0.1397,0.1911,0.1498,-0.12,-0.17809999999999998,-0.11819999999999999,0.08775055679287304,0.06369426751592357,0.13161182840483135,0.6222717149220489,0.9363057324840763,0.6239067055393586,0.28997772828507795,0,0.24448146605581011,0.005427279108730421,0.024647738475072845,0.02114341264127928,0.10515123350297517,0.2026991459789922,0.12063327173377247,0.04149851509621538,0,0.024074112674680626,climate,climate,climate,climate,climate,climate,0.0411,0.037699999999999956,0.018600000000000005,0.006699999999999999,-0.0413,-0.0514,0.059899999999999995,0.058099999999999985,0.06791756088890778,0.024056289276949472,-0.3123990269447178,-0.3140340175620274,0.24448146605581011,0.28997772828507795,-0.0035043258337935645,-0.019220459366342424,-0.08206587424521972,-0.09754791247601702,0.024074112674680626,0.04149851509621538,FALSE,FALSE,FALSE,FALSE,TRUE,TRUE,TRUE,TRUE,FALSE,FALSE
as_coded,Oceania,2000,no_spatial_terms_selected,no_spatial_terms_selected,no_spatial_terms_selected,-0.011500000000000002,0.014899999999999998,0.0268,0.0096,0.0232,0.0297,0.0211,0.0083,0.0029,-0.011500000000000002,0.014899999999999998,0.0268,0.3127035830618892,0.7365079365079364,0.911042944785276,0.6872964169381108,0.2634920634920635,0.08895705521472391,0,0,0,0.008070917522671306,0.008820202112440945,0.009982932582880966,0.01954542119519609,-0.005990722835036433,-0.016784047671257518,0,0,0,climate,human,human,climate,human,human,0.011900000000000003,-0.0264,0.006500000000000002,-0.0136,-0.0054,0.0128,0.011900000000000003,-0.0264,0.1745350082773396,-0.4238043534460472,-0.1745350082773396,0.42380435344604733,0,0,0.001162730470440021,-7.492845897696387e-4,-0.010793324836221085,0.02553614403023252,0,0,FALSE,TRUE,FALSE,TRUE,TRUE,TRUE,TRUE,TRUE,FALSE,FALSE
as_coded,Oceania,2500,no_spatial_terms_selected,no_spatial_terms_selected,no_spatial_terms_selected,-0.059199999999999996,-0.0517,-0.0464,0.0133,0.0094,0.0179,0.0725,0.0611,0.0643,-0.059199999999999996,-0.0517,-0.0464,0.15501165501165504,0.13333333333333333,0.21776155717761558,0.8449883449883451,0.8666666666666666,0.7822384428223844,0,0,0,0.018243956213138124,0.0030125112241004004,0.014694100849855785,0.07740535207719201,0.054656244879729754,0.06102987453781017,0,0,0,climate,climate,climate,climate,climate,climate,0.005300000000000006,-0.007499999999999993,0.008499999999999999,0.003899999999999999,0.0031999999999999945,0.011399999999999993,0.005300000000000006,-0.007499999999999993,0.08442822384428225,0.021678321678321705,-0.08442822384428217,-0.02167832167832151,0,0,0.011681589625755384,0.015231444989037723,0.006373629658080415,0.02274910719746226,0,0,FALSE,FALSE,FALSE,FALSE,TRUE,TRUE,TRUE,TRUE,FALSE,FALSE
as_coded,Oceania,3000,no_spatial_terms_selected,no_spatial_terms_selected,no_spatial_terms_selected,-0.0994,-0.0879,-0.06670000000000001,0.0134,0.0275,0.0361,0.1128,0.1154,0.1028,-0.0994,-0.0879,-0.06670000000000001,0.10618066561014262,0.19244226731980407,0.2598992080633549,0.8938193343898573,0.8075577326801959,0.7401007919366451,0,0,0,0.005866008326541827,0.02250923784994141,0.018559896428875122,0.10520301972783719,0.11045925925593492,0.08520841868896567,0,0,0,climate,climate,climate,climate,climate,climate,0.021199999999999997,-0.011499999999999996,0.0086,-0.0141,-0.0126,-0.002600000000000005,0.021199999999999997,-0.011499999999999996,0.06745694074355085,-0.08626160170966145,-0.0674569407435508,0.08626160170966135,0,0,-0.003949341421066288,-0.016643229523399583,-0.025250840566969246,-0.005256239528097728,0,0,FALSE,FALSE,FALSE,FALSE,TRUE,TRUE,TRUE,TRUE,FALSE,FALSE
as_coded,Oceania,3500,spatial_model_estimated,spatial_model_estimated,spatial_model_estimated,-0.1321,-0.0955,-0.1059,-0.015,0.0252,0.0099,0.1283,0.1386,0.1342,-0.14329999999999998,-0.1134,-0.12430000000000001,0,0.15080789946140036,0.0671186440677966,0.9771515613099772,0.829443447037702,0.9098305084745762,0.02284843869002285,0.019748653500897665,0.023050847457627113,-0.019573029371023565,0.025837725100781972,0.006215765343897339,0.13503752780759326,0.15734023127045604,0.14894816858090043,0.014427117354110841,0.024366957942278944,0.02515378363083598,climate,climate,climate,climate,climate,climate,-0.010399999999999993,-0.036599999999999994,-0.0153,-0.0402,-0.004399999999999987,-0.010300000000000004,-0.010900000000000007,-0.029899999999999982,-0.08368925539360375,-0.15080789946140036,0.08038706143687424,0.14770811427227515,0.0033021939567294475,0.003099785189125185,-0.019621959756884633,-0.04541075447180554,-0.008392062689555613,-0.022302703462862783,7.868256885570357e-4,-0.009939840588168103,FALSE,FALSE,FALSE,FALSE,TRUE,TRUE,TRUE,TRUE,FALSE,FALSE
as_coded,Oceania,4000,no_spatial_terms_selected,no_spatial_terms_selected,no_spatial_terms_selected,-0.0886,-0.0678,-0.0761,-0.0124,0.0072,-0.0061,0.0762,0.075,0.07,-0.0886,-0.0678,-0.0761,0,0.08759124087591241,0,1,0.9124087591240876,1,0,0,0,-0.018645430654847472,-2.2240357317915294e-4,-0.018514252792344976,0.06997390507452272,0.06755715114683225,0.05757865653873162,0,0,0,climate,climate,climate,climate,climate,climate,-0.008300000000000002,-0.0208,-0.0133,-0.0196,-0.0049999999999999906,0.0012000000000000066,-0.008300000000000002,-0.0208,-0.08759124087591241,-0.08759124087591241,0.08759124087591241,0.08759124087591241,0,0,-0.018291849219165823,-0.01842302708166832,-0.00997849460810063,0.0024167539276904737,0,0,FALSE,FALSE,FALSE,FALSE,TRUE,TRUE,TRUE,TRUE,FALSE,FALSE
as_coded,Oceania,4500,missing_predictor_group,spatial_model_estimated,spatial_model_estimated,NA,-0.1138,-0.1138,NA,0.0056,0.0056,NA,0.1265,0.1265,NA,-0.12090000000000001,-0.12090000000000001,NA,0.040668119099491654,0.040668119099491654,NA,0.9186637618010168,0.9186637618010168,NA,0.040668119099491654,0.040668119099491654,NA,4.3129298816468875e-4,4.3129298816468875e-4,NA,0.12831858820765596,0.12831858820765596,NA,0.014398319450245056,0.014398319450245056,NA,climate,climate,NA,climate,climate,0,NA,0,NA,0,NA,0,NA,0,NA,0,NA,0,NA,0,NA,0,NA,0,NA,FALSE,FALSE,FALSE,FALSE,TRUE,TRUE,FALSE,FALSE,FALSE,TRUE
as_coded,Oceania,5000,missing_predictor_group,no_spatial_terms_selected,no_spatial_terms_selected,NA,-0.0618,-0.0618,NA,0.0016,0.0016,NA,0.0634,0.0634,NA,-0.0618,-0.0618,NA,0.024615384615384615,0.024615384615384615,NA,0.9753846153846153,0.9753846153846153,NA,0,0,NA,-0.009272622955229681,-0.009272622955229681,NA,0.052473868849698846,0.052473868849698846,NA,0,0,NA,climate,climate,NA,climate,climate,0,NA,0,NA,0,NA,0,NA,0,NA,0,NA,0,NA,0,NA,0,NA,0,NA,FALSE,FALSE,FALSE,FALSE,TRUE,TRUE,FALSE,FALSE,FALSE,TRUE
as_coded,Oceania,5500,missing_predictor_group,no_spatial_terms_selected,no_spatial_terms_selected,NA,-0.052700000000000004,-0.052700000000000004,NA,0.0058,0.0058,NA,0.0585,0.0585,NA,-0.052700000000000004,-0.052700000000000004,NA,0.09020217729393468,0.09020217729393468,NA,0.9097978227060655,0.9097978227060655,NA,0,0,NA,-5.869979176701401e-4,-5.869979176701401e-4,NA,0.05203762037512505,0.05203762037512505,NA,0,0,NA,climate,climate,NA,climate,climate,0,NA,0,NA,0,NA,0,NA,0,NA,0,NA,0,NA,0,NA,0,NA,0,NA,FALSE,FALSE,FALSE,FALSE,TRUE,TRUE,FALSE,FALSE,FALSE,TRUE
as_coded,Oceania,6000,missing_predictor_group,no_spatial_terms_selected,no_spatial_terms_selected,NA,-0.0701,-0.0701,NA,-0.0013,-0.0013,NA,0.0688,0.0688,NA,-0.0701,-0.0701,NA,0,0,NA,1,1,NA,0,0,NA,-0.00245768725440898,-0.00245768725440898,NA,0.06763023140197644,0.06763023140197644,NA,0,0,NA,climate,climate,NA,climate,climate,0,NA,0,NA,0,NA,0,NA,0,NA,0,NA,0,NA,0,NA,0,NA,0,NA,FALSE,FALSE,FALSE,FALSE,TRUE,TRUE,FALSE,FALSE,FALSE,TRUE
as_coded,Oceania,7000,missing_predictor_group,no_spatial_terms_selected,no_spatial_terms_selected,NA,-0.0204,-0.0204,NA,-0.0138,-0.0138,NA,0.0066,0.0066,NA,-0.0204,-0.0204,NA,0,0,NA,1,1,NA,0,0,NA,-0.016585569950388068,-0.016585569950388068,NA,0.0038261790880251834,0.0038261790880251834,NA,0,0,NA,climate,climate,NA,climate,climate,0,NA,0,NA,0,NA,0,NA,0,NA,0,NA,0,NA,0,NA,0,NA,0,NA,FALSE,FALSE,FALSE,FALSE,TRUE,TRUE,FALSE,FALSE,FALSE,TRUE
as_coded,Oceania,7500,missing_predictor_group,no_spatial_terms_selected,no_spatial_terms_selected,NA,-0.0581,-0.0581,NA,-0.0149,-0.0149,NA,0.0432,0.0432,NA,-0.0581,-0.0581,NA,0,0,NA,1,1,NA,0,0,NA,-0.016861016607486512,-0.016861016607486512,NA,0.04121803456624262,0.04121803456624262,NA,0,0,NA,climate,climate,NA,climate,climate,0,NA,0,NA,0,NA,0,NA,0,NA,0,NA,0,NA,0,NA,0,NA,0,NA,FALSE,FALSE,FALSE,FALSE,TRUE,TRUE,FALSE,FALSE,FALSE,TRUE
as_coded,Asia,2000,no_spatial_terms_selected,spatial_model_estimated,no_spatial_terms_selected,0.0032000000000000015,-0.057499999999999996,0.013700000000000004,0.0575,0.0144,0.0748,0.0543,0.0799,0.0611,0.0032000000000000015,-0.0655,0.013700000000000004,0.5143112701252236,0.11162790697674418,0.5504047093451067,0.48568872987477635,0.6193798449612403,0.44959529065489323,0,0.2689922480620155,0,0.04246504099603843,0.01646818755036783,0.066585169366843,0.039250873244280116,0.08976972207601741,0.05293117727372343,0,0.03090074284675537,0,human,climate,human,human,climate,human,0.0712,0.0607,0.06040000000000001,0.0431,-0.018799999999999997,-0.025599999999999998,0.0792,0.06870000000000001,0.4387768023683625,0.4026833631484794,-0.1697845543063471,-0.13369111508646397,-0.2689922480620155,-0.2689922480620155,0.05011698181647517,0.025996853445670598,-0.03683854480229398,-0.050518848831737295,-0.03090074284675537,-0.03090074284675537,TRUE,TRUE,TRUE,TRUE,TRUE,TRUE,TRUE,TRUE,FALSE,FALSE
as_coded,Asia,2500,spatial_model_estimated,spatial_model_estimated,spatial_model_estimated,-0.023900000000000005,-0.08349999999999999,-0.023,0.0421,0.0028,0.0448,0.0684,0.0904,0.0712,-0.026300000000000004,-0.0876,-0.0264,0.28388401888064735,0.02190923317683881,0.2959048877146631,0.46122724207687127,0.7073552425665102,0.47027741083223246,0.2548887390424815,0.27073552425665104,0.23381770145310435,0.024008191917298527,0.0036273321612295684,0.027048256341375754,0.0528279399376298,0.09527374064501504,0.05681537731529118,0.04122602674661291,0.03344588447269414,0.03491874700872488,climate,climate,climate,climate,climate,climate,0.06049999999999999,0.059599999999999986,0.042,0.0393,-0.019199999999999995,-0.021999999999999992,0.0612,0.06129999999999999,0.2739956545378243,0.26197478570380855,-0.2370778317342777,-0.2461280004896389,-0.03691782280354669,-0.015846785214169545,0.023420924180146185,0.02038085975606896,-0.038458363329723855,-0.04244580070738524,0.001472862536030739,0.0077801422739187664,FALSE,FALSE,FALSE,FALSE,TRUE,TRUE,TRUE,TRUE,FALSE,FALSE
as_coded,Asia,3000,no_spatial_terms_selected,spatial_model_estimated,spatial_model_estimated,-0.023999999999999994,-0.0817,-0.0237,0.0451,0.003,0.05,0.0691,0.0836,0.0708,-0.023999999999999994,-0.08059999999999999,-0.0208,0.3949211908931699,0.024732069249793903,0.31705770450221943,0.6050788091068301,0.6892003297609234,0.4489537095751427,0,0.2860676009892828,0.23398858592263794,0.032434173684771195,0.004389528676442711,0.040685035232763456,0.05644890873743402,0.08390523576148734,0.05859946289367257,0,0.02968615522983231,0.03425606492000011,climate,climate,climate,climate,climate,climate,0.057999999999999996,0.0577,0.047,0.0421,-0.012799999999999992,-0.014499999999999999,0.05979999999999999,0.0566,0.2923256352524255,0.37018912164337603,-0.2402466201857807,-0.08412152065409328,-0.05207901506664486,-0.2860676009892828,0.036295506556320745,0.028044645008328484,-0.02530577286781477,-0.027456327024053317,0.004569909690167795,-0.02968615522983231,FALSE,FALSE,FALSE,FALSE,TRUE,TRUE,TRUE,TRUE,FALSE,FALSE
as_coded,Asia,3500,no_spatial_terms_selected,no_spatial_terms_selected,no_spatial_terms_selected,-0.0686,-0.0786,-0.058499999999999996,0.0151,0.0057,0.0204,0.0837,0.0843,0.0789,-0.0686,-0.0786,-0.058499999999999996,0.152834008097166,0.06333333333333334,0.2054380664652568,0.847165991902834,0.9366666666666666,0.7945619335347431,0,0,0,0.008527977610060855,-1.8776938613784822e-4,0.009014065335113175,0.07720988108554205,0.07842311700666393,0.06745324183673074,0,0,0,climate,climate,climate,climate,climate,climate,0.020100000000000007,0.010000000000000009,0.014700000000000001,0.0094,-0.005400000000000002,-6.000000000000033e-4,0.020100000000000007,0.010000000000000009,0.14210473313192346,0.08950067476383265,-0.1421047331319235,-0.08950067476383261,0,0,0.009201834721251023,0.008715746996198703,-0.010969875169933196,-0.0012132359211218802,0,0,FALSE,FALSE,FALSE,FALSE,TRUE,TRUE,TRUE,TRUE,FALSE,FALSE
as_coded,Asia,4000,no_spatial_terms_selected,no_spatial_terms_selected,no_spatial_terms_selected,-0.0577,-0.06509999999999999,-0.052099999999999994,0.0107,0.0054,0.0156,0.0684,0.0705,0.0677,-0.0577,-0.06509999999999999,-0.052099999999999994,0.13527180783817952,0.07114624505928854,0.18727490996398558,0.8647281921618205,0.9288537549407114,0.8127250900360143,0,0,0,0.007442490831842341,0.004152790380215765,0.011505255746103504,0.06511955437322214,0.06932562098338813,0.06360395142389241,0,0,0,climate,climate,climate,climate,climate,climate,0.012999999999999998,0.00739999999999999,0.010199999999999999,0.005299999999999999,-0.002799999999999997,-0.0020999999999999908,0.012999999999999998,0.00739999999999999,0.11612866490469703,0.06412556277889098,-0.11612866490469709,-0.06412556277889092,0,0,0.007352465365887739,0.003289700451626576,-0.005721669559495712,-0.004206066610165982,0,0,FALSE,FALSE,FALSE,FALSE,TRUE,TRUE,TRUE,TRUE,FALSE,FALSE
as_coded,Asia,4500,spatial_model_estimated,spatial_model_estimated,spatial_model_estimated,-0.061,-0.058800000000000005,-0.0412,0.0201,0.0149,0.0317,0.0809,0.0736,0.0707,-0.0608,-0.0587,-0.039,0.14235127478753543,0.11695447409733126,0.2210599721059972,0.5729461756373938,0.5777080062794349,0.4930264993026499,0.28470254957507085,0.3053375196232339,0.2859135285913529,0.016887779238760614,0.0031617997605227766,0.01913186412380885,0.07758997444172622,0.0616644948091426,0.056014688679856706,0.04457513693830706,0.04069341664982973,0.04509442540241315,climate,climate,climate,climate,climate,climate,0.017600000000000005,-0.0021999999999999936,0.0168,0.0052,-0.0029,0.007300000000000001,0.019700000000000002,-0.0020999999999999977,0.10410549800866595,0.02539680069020417,-0.08468150697678495,-0.004761830642041054,-0.019423991031881027,-0.02063497004816306,0.015970064363286074,0.013725979478237837,-0.005649806129285895,0.015925479632583617,0.004401008752583424,0.0038817202884773305,FALSE,FALSE,FALSE,FALSE,TRUE,TRUE,TRUE,TRUE,FALSE,FALSE
as_coded,Asia,5000,spatial_model_estimated,spatial_model_estimated,spatial_model_estimated,-0.053900000000000003,-0.0465,-0.022599999999999995,0.0241,0.0241,0.0419,0.0755,0.0671,0.0625,-0.0514,-0.04300000000000001,-0.0206,0.18653250773993807,0.2149866190900981,0.3143285821455364,0.5843653250773994,0.5985727029438002,0.46886721680420107,0.22910216718266252,0.18644067796610167,0.21680420105026255,0.02125640973382603,0.012855450405264146,0.025252624903603693,0.0701144055568711,0.05238111814195079,0.043727601455932685,0.03161692383147818,0.02556105780301743,0.030049813185770824,climate,climate,climate,climate,climate,climate,0.023900000000000005,-0.007400000000000004,0.0178,0,-0.004600000000000007,0.00839999999999999,0.02240000000000001,-0.00839999999999999,0.09934196305543827,-0.028454111350160044,-0.1297054861395991,-0.014207377866400805,0.030363523084160876,0.04266148921656085,0.012397174498339547,0.008400959328561886,-0.008653516686018103,0.017733287414920307,0.0044887553827533955,0.006055866028460755,FALSE,FALSE,FALSE,FALSE,TRUE,TRUE,TRUE,TRUE,FALSE,FALSE
as_coded,Asia,5500,spatial_model_estimated,spatial_model_estimated,spatial_model_estimated,-0.07859999999999999,-0.0813,-0.069,0.0141,0.0048,0.0171,0.0914,0.0875,0.0857,-0.0773,-0.0827,-0.0686,0.10136592379583033,0.038740920096852295,0.12592047128129602,0.6570812365204888,0.7062146892655367,0.6310751104565537,0.2415528396836808,0.25504439063761103,0.24300441826215022,0.012361253390871907,-0.002888152510223785,0.008982727518139888,0.08828613306371291,0.08123068963003355,0.07715656162898876,0.034995704318680154,0.03176334443221074,0.03401586825799219,climate,climate,climate,climate,climate,climate,0.012299999999999991,0.002700000000000008,0.012300000000000002,0.0093,-0.001799999999999996,0.0039000000000000007,0.014100000000000001,0.005400000000000002,0.08717955118444373,0.06262500369897803,-0.07513957880898292,-0.04913345274504788,-0.012039972375460811,-0.013491550953930231,0.011870880028363673,0.015249405901095692,-0.0040741280010447856,0.007055443433679365,0.0022525238257814495,0.003232359886469416,FALSE,FALSE,FALSE,FALSE,TRUE,TRUE,TRUE,TRUE,FALSE,FALSE
as_coded,Asia,6000,spatial_model_estimated,no_spatial_terms_selected,no_spatial_terms_selected,-0.08850000000000001,-0.058,-0.0549,0.0083,0.0245,0.0279,0.0965,0.0825,0.0828,-0.0882,-0.058,-0.0549,0.06374807987711213,0.2289719626168224,0.2520325203252033,0.7411674347158218,0.7710280373831775,0.7479674796747968,0.19508448540706602,0,0,0.008191643727674336,0.01027111180477569,0.013933351133820882,0.09605154647184111,0.06828020523718448,0.06879776634919865,0.02754639947085369,0,0,climate,climate,climate,climate,climate,climate,0.0031000000000000055,-0.030500000000000006,0.0034000000000000002,-0.0162,2.999999999999947e-4,0.013999999999999999,0.0031000000000000055,-0.030199999999999998,0.02306055770838089,-0.16522388273971028,-0.02306055770838067,-0.029860602667355685,0,0.19508448540706602,0.0036622393290451916,-0.002079468077101354,5.175611120141754e-4,0.027771341234656632,0,0.02754639947085369,FALSE,FALSE,FALSE,FALSE,TRUE,TRUE,TRUE,TRUE,FALSE,FALSE
as_coded,Asia,6500,no_spatial_terms_selected,no_spatial_terms_selected,no_spatial_terms_selected,-0.1057,-0.093,-0.089,0.0016,0.0066,0.0085,0.1073,0.0996,0.0975,-0.1057,-0.093,-0.089,0.014692378328741965,0.062146892655367235,0.08018867924528301,0.985307621671258,0.9378531073446328,0.9198113207547169,0,0,0,2.521931682903933e-4,-0.002393239124602986,-0.00259837274607011,0.10592200236775884,0.09053024332947812,0.08639385909416297,0,0,0,climate,climate,climate,climate,climate,climate,0.0040000000000000036,-0.012700000000000003,0.0019000000000000006,-0.005,-0.0020999999999999908,0.007700000000000012,0.0040000000000000036,-0.012700000000000003,0.01804178658991578,-0.04745451432662527,-0.018041786589915842,0.047454514326625175,0,0,-2.05133621467124e-4,0.0026454322928933793,-0.004136384235315149,0.015391759038280717,0,0,FALSE,FALSE,FALSE,FALSE,TRUE,TRUE,TRUE,TRUE,FALSE,FALSE
as_coded,Asia,7000,no_spatial_terms_selected,no_spatial_terms_selected,no_spatial_terms_selected,-0.1157,-0.0968,-0.0988,0.0019,0.0125,0.0109,0.1176,0.1093,0.1097,-0.1157,-0.0968,-0.0988,0.015899581589958158,0.1026272577996716,0.09038142620232172,0.9841004184100418,0.8973727422003285,0.9096185737976782,0,0,0,8.953926992353312e-4,0.003130478006058812,0.0019491204039275845,0.11667567218980635,0.09991748729333039,0.10074329830912587,0,0,0,climate,climate,climate,climate,climate,climate,-0.0020000000000000018,-0.0189,-0.0016000000000000007,-0.0106,4.0000000000001146e-4,0.008300000000000002,-0.0020000000000000018,-0.0189,-0.01224583159734989,-0.08672767620971344,0.01224583159734971,0.08672767620971333,0,0,-0.0011813576021312278,-0.002235085306823481,8.258110157954857e-4,0.01675818489647596,0,0,FALSE,FALSE,FALSE,FALSE,TRUE,TRUE,TRUE,TRUE,FALSE,FALSE
as_coded,Asia,7500,no_spatial_terms_selected,no_spatial_terms_selected,no_spatial_terms_selected,-0.12869999999999998,-0.10120000000000001,-0.09759999999999999,0.008,0.0221,0.0262,0.1367,0.1233,0.1238,-0.12869999999999998,-0.10120000000000001,-0.09759999999999999,0.055286800276434005,0.15199449793672629,0.1746666666666667,0.9447131997235659,0.8480055020632737,0.8253333333333334,0,0,0,0.005631367602955906,0.006433218168668153,0.011007421556626373,0.1343284904212606,0.10765587406949517,0.10857536392210732,0,0,0,climate,climate,climate,climate,climate,climate,0.00360000000000002,-0.02749999999999997,0.0040999999999999995,-0.014100000000000001,4.999999999999866e-4,0.013399999999999981,0.00360000000000002,-0.02749999999999997,0.022672168729940406,-0.09670769766029227,-0.02267216872994038,0.09670769766029219,0,0,0.00457420338795822,-8.018505657122477e-4,9.194898526121431e-4,0.026672616351765432,0,0,FALSE,FALSE,FALSE,FALSE,TRUE,TRUE,TRUE,TRUE,FALSE,FALSE
as_coded,Asia,8000,spatial_model_estimated,spatial_model_estimated,spatial_model_estimated,-0.1512,-0.1415,-0.1362,0.0073,0.0093,0.0159,0.154,0.1472,0.1466,-0.1467,-0.1379,-0.1307,0.03986892408519935,0.05230596175478065,0.08576051779935275,0.8410704533042054,0.8278965129358831,0.790722761596548,0.11906062261059532,0.11979752530933634,0.12351672060409924,0.0064701731301036736,0.0011380118977120102,0.008683469910866881,0.14850455157739273,0.1354047994122657,0.13397983583633089,0.0202276908050415,0.019735699291171582,0.02253070671300783,climate,climate,climate,climate,climate,climate,0.005299999999999999,-0.009700000000000014,0.006600000000000002,-0.001999999999999999,-5.999999999999894e-4,0.0068000000000000005,0.007199999999999984,-0.008800000000000002,0.03345455604457209,-0.012437037669581305,-0.03717375133933509,0.013173940368322312,0.003719195294762903,-7.36902698741021e-4,0.007545458013154871,0.005332161232391663,-0.0014249635759348012,0.013099752165127043,0.0027950074218362486,4.91991513869916e-4,FALSE,FALSE,FALSE,FALSE,TRUE,TRUE,TRUE,TRUE,FALSE,FALSE
as_coded,Asia,8500,spatial_model_estimated,spatial_model_estimated,spatial_model_estimated,-0.1448,-0.15239999999999998,-0.1388,0.0121,0.0047,0.0154,0.1589,0.1601,0.1562,-0.1468,-0.15539999999999998,-0.1408,0.06561822125813449,0.02649379932356257,0.08328826392644673,0.8617136659436009,0.9024802705749717,0.8447809626825311,0.07266811279826464,0.07102593010146561,0.07193077339102216,0.006529051854376466,-5.229415731253795e-4,0.007069334322975629,0.15529988412804896,0.15787643979815325,0.1498731290057035,0.01687526163073272,0.015566280262206522,0.01675064387324643,climate,climate,climate,climate,climate,climate,0.013599999999999973,0.007599999999999968,0.010700000000000001,0.0073999999999999995,-0.003899999999999987,-0.0011999999999999789,0.014599999999999974,0.008599999999999969,0.056794464602884155,0.03912442193457192,-0.0576993078924406,-0.04076660463137083,9.048432895565478e-4,0.0016421826967990272,0.007592275896101008,0.007051993427501846,-0.008003310792449758,-0.0025765556701042858,0.001184363611039907,0.0013089813685261964,FALSE,FALSE,FALSE,FALSE,TRUE,TRUE,TRUE,TRUE,FALSE,FALSE
as_coded,Oceania,6500,missing_predictor_group,no_spatial_terms_selected,no_spatial_terms_selected,NA,-0.09899999999999999,-0.09899999999999999,NA,-0.0124,-0.0124,NA,0.0866,0.0866,NA,-0.09899999999999999,-0.09899999999999999,NA,0,0,NA,1,1,NA,0,0,NA,-0.014284128788675687,-0.014284128788675687,NA,0.0847416137721142,0.0847416137721142,NA,0,0,NA,climate,climate,NA,climate,climate,0,NA,0,NA,0,NA,0,NA,0,NA,0,NA,0,NA,0,NA,0,NA,0,NA,FALSE,FALSE,FALSE,FALSE,TRUE,TRUE,FALSE,FALSE,FALSE,TRUE
as_coded,Oceania,8000,missing_predictor_group,no_spatial_terms_selected,no_spatial_terms_selected,NA,-0.058499999999999996,-0.058499999999999996,NA,8e-4,8e-4,NA,0.0593,0.0593,NA,-0.058499999999999996,-0.058499999999999996,NA,0.013311148086522463,0.013311148086522463,NA,0.9866888519134775,0.9866888519134775,NA,0,0,NA,-0.0014825173685475423,-0.0014825173685475423,NA,0.05701414757543877,0.05701414757543877,NA,0,0,NA,climate,climate,NA,climate,climate,0,NA,0,NA,0,NA,0,NA,0,NA,0,NA,0,NA,0,NA,0,NA,0,NA,FALSE,FALSE,FALSE,FALSE,TRUE,TRUE,FALSE,FALSE,FALSE,TRUE
as_coded,Oceania,8500,missing_predictor_group,spatial_model_estimated,spatial_model_estimated,NA,-0.06649999999999999,-0.06649999999999999,NA,-0.001,-0.001,NA,0.056,0.056,NA,-0.057,-0.057,NA,0,0,NA,0.5189990732159407,0.5189990732159407,NA,0.48100092678405937,0.48100092678405937,NA,-0.008040047758109958,-0.008040047758109958,NA,0.039318414751736586,0.039318414751736586,NA,0.0380706989552162,0.0380706989552162,NA,climate,climate,NA,climate,climate,0,NA,0,NA,0,NA,0,NA,0,NA,0,NA,0,NA,0,NA,0,NA,0,NA,FALSE,FALSE,FALSE,FALSE,TRUE,TRUE,FALSE,FALSE,FALSE,TRUE
observed_events_only,North America,2000,spatial_model_estimated,spatial_model_estimated,spatial_model_estimated,-0.0899,-0.08789999999999999,-0.08109999999999999,0.0025,0.006,0.0085,0.0566,0.0574,0.0559,-0.054099999999999995,-0.0514,-0.0474,0.012980269989615784,0.029925187032418952,0.04239401496259352,0.29387331256490135,0.28628428927680794,0.2788029925187032,0.6931464174454829,0.683790523690773,0.6788029925187032,-7.936580085832201e-5,0.004519831303029909,0.004522196026979675,0.018066085863484793,0.019273254309337906,0.018279311999351844,0.09550561263222179,0.10061817889882507,0.10050805760329162,climate,climate,climate,climate,climate,climate,0.0068000000000000005,-0.0020000000000000018,0.0025000000000000005,-0.0035,-0.0015000000000000013,-8.000000000000021e-4,0.0040000000000000036,-0.002699999999999994,0.012468827930174568,-0.016944917042803168,-0.007481296758104716,0.0075890232880934105,-0.004987531172069737,0.00935589375470991,2.3647239497659456e-6,-0.004599197103888231,-9.939423099860623e-4,-0.001207168445853113,-1.1012129553344963e-4,-0.00511256626660328,FALSE,FALSE,FALSE,FALSE,TRUE,TRUE,TRUE,TRUE,FALSE,FALSE
observed_events_only,North America,2500,spatial_model_estimated,spatial_model_estimated,spatial_model_estimated,-0.0886,-0.0905,-0.0813,0.005,0.0074,0.011,0.0593,0.0597,0.0589,-0.0543,-0.0523,-0.0479,0.024015369836695485,0.03357531760435572,0.051789077212806026,0.28482228626320844,0.27087114337568063,0.2773069679849341,0.6911623439000961,0.6955535390199638,0.67090395480226,0.0019400506878476387,0.005893482789449345,0.006313098091252911,0.02188163679600874,0.019931095853986558,0.02074489337338048,0.10709514380121932,0.11317188691077618,0.10397872132549935,climate,climate,climate,climate,climate,climate,0.0092,0.001899999999999999,0.003599999999999999,-0.0024000000000000002,-8.000000000000021e-4,-4.000000000000045e-4,0.004400000000000001,-0.0020000000000000018,0.018213759608450307,-0.009559947767660233,0.00643582460925346,0.013951142887527801,-0.0246495842177038,-0.00439119511986763,4.1961530180356643e-4,-0.003953432101601706,8.137975193939218e-4,0.001950540942022183,-0.00919316558527683,-0.006076743109556859,FALSE,FALSE,FALSE,FALSE,TRUE,TRUE,TRUE,TRUE,FALSE,FALSE
observed_events_only,North America,3000,spatial_model_estimated,spatial_model_estimated,spatial_model_estimated,-0.0887,-0.09140000000000001,-0.0793,0.0069,0.006,0.0124,0.0592,0.0584,0.0569,-0.0523,-0.0524,-0.0445,0.03369140625,0.028901734104046242,0.058823529411764705,0.28906250000000006,0.2813102119460501,0.2699240986717268,0.67724609375,0.6897880539499036,0.67125237191650855,0.0038569289951752017,0.0028931205821511874,0.005952383424974839,0.019733952547989264,0.01630981959803024,0.01564976786556105,0.10018923519101042,0.0979744108365379,0.09708644182389103,climate,climate,climate,climate,climate,climate,0.012100000000000014,0.002700000000000008,0.0063999999999999994,8.999999999999998e-4,-0.0015000000000000013,8.000000000000021e-4,0.007900000000000004,1.0000000000000286e-4,0.029921795307718463,0.004789672145953758,-0.011386113274323317,0.007752288053949952,-0.018535682033395062,-0.012541960199903612,0.0030592628428236512,9.638084130240143e-4,-6.600517324691912e-4,0.0034241329499590245,-8.87969012646872e-4,0.002214824354472511,FALSE,FALSE,FALSE,FALSE,TRUE,TRUE,TRUE,TRUE,FALSE,FALSE
observed_events_only,North America,3500,spatial_model_estimated,spatial_model_estimated,spatial_model_estimated,-0.0876,-0.0953,-0.0826,0.0076,0.003,0.0105,0.0582,0.0595,0.0575,-0.0506,-0.056499999999999995,-0.047,0.038345105953582245,0.015384615384615384,0.052552552552552555,0.29364278506559033,0.3051282051282051,0.2877877877877878,0.6680121089808274,0.6794871794871795,0.6596596596596597,0.004751279256585694,0.0015511561322294476,0.006324554463685184,0.01830208711277781,0.019313478641665993,0.01766477455281168,0.09397423348523781,0.09245652330187626,0.09336539709353198,climate,climate,climate,climate,climate,climate,0.012699999999999989,0.0076999999999999985,0.007500000000000001,0.0046,-0.001999999999999995,-0.0012999999999999956,0.009499999999999995,0.0058999999999999955,0.03716793716793717,0.02296049056896686,-0.017340417340417302,-0.01148542006261477,-0.019827519827519846,-0.011475070506352103,0.004773398331455736,0.0032001231243562467,-0.0016487040888543136,-0.0010113915288881836,9.088737916557177e-4,0.0015177101833615536,FALSE,FALSE,FALSE,FALSE,TRUE,TRUE,TRUE,TRUE,FALSE,FALSE
observed_events_only,North America,4000,spatial_model_estimated,spatial_model_estimated,spatial_model_estimated,-0.0754,-0.0766,-0.0627,0.0091,0.008,0.0167,0.0507,0.0517,0.0499,-0.0416,-0.0437,-0.0332,0.04961832061068702,0.04395604395604396,0.08887706226716338,0.27644492911668483,0.2840659340659341,0.2655667908461948,0.6739367502726281,0.671978021978022,0.6455561468866419,0.005937406201656614,0.004638024086789594,0.010451885033016306,0.013755748143448043,0.015506635290405746,0.014115409455742522,0.08757731867705776,0.08463565602403889,0.08492791418175338,climate,climate,climate,climate,climate,climate,0.013899999999999996,0.0012000000000000066,0.0087,0.0011000000000000003,-0.001800000000000003,-0.0010000000000000009,0.010500000000000002,0.0021000000000000046,0.04492101831111942,0.005662276654643063,-0.018499143219739334,-0.007621004949249277,-0.026421875091380165,0.0019587282946060824,0.005813860946226712,0.0012993821148670204,-0.0013912258346632234,-0.0017508871469577025,2.922581577144978e-4,0.0029416626530188728,FALSE,FALSE,FALSE,FALSE,TRUE,TRUE,TRUE,TRUE,FALSE,FALSE
observed_events_only,North America,4500,spatial_model_estimated,spatial_model_estimated,spatial_model_estimated,-0.08589999999999999,-0.0869,-0.075,0.0068,0.0082,0.015,0.0545,0.0561,0.0545,-0.0477,-0.0479,-0.0395,0.03313840155945419,0.03942307692307693,0.07075471698113207,0.2655945419103314,0.26971153846153845,0.25707547169811323,0.7012670565302145,0.6908653846153846,0.6721698113207547,0.004115157228867683,0.006799318090771056,0.010896585949257465,0.013572693206558184,0.015644566741760957,0.014748454092986862,0.1034536530539536,0.10192826556231416,0.10179864290485974,climate,climate,climate,climate,climate,climate,0.011900000000000008,0.0010000000000000148,0.006799999999999999,-0.001400000000000001,-0.0015999999999999973,-0.0015999999999999973,0.008399999999999998,1.999999999999988e-4,0.031331640058055145,-0.0062846753636227395,-0.012636066763425213,-0.004116996551207064,-0.018695573294629897,0.01040167191482988,0.004097267858486409,-0.002684160861903373,-8.961126487740945e-4,-0.002071873535202773,-1.2962265745442014e-4,0.0015253874916394405,FALSE,FALSE,FALSE,FALSE,TRUE,TRUE,TRUE,TRUE,FALSE,FALSE
observed_events_only,North America,5000,spatial_model_estimated,spatial_model_estimated,spatial_model_estimated,-0.0877,-0.0928,-0.0809,0.0068,0.0045,0.011,0.0579,0.059,0.0581,-0.0511,-0.0545,-0.0471,0.0368763557483731,0.024986118822876182,0.059076262083780876,0.3139913232104121,0.3275957801221544,0.31203007518796994,0.6491323210412148,0.6474181010549696,0.6288936627282492,0.003637488937703992,0.0025034357742472757,0.005469988645396051,0.018148604254900058,0.01873873901792933,0.01871063939393791,0.0792507910961816,0.07358747935720511,0.07416221035407267,climate,climate,climate,climate,climate,climate,0.011899999999999994,0.005099999999999993,0.0065,0.0023,-8.99999999999998e-4,-0.0010999999999999968,0.007399999999999997,0.0034000000000000002,0.03409014326090469,0.011890236925496917,-0.015565704934184466,-0.01360445691174228,-0.01852443832672035,0.0017142199862452134,0.0029665528711487754,0.0011340531634567164,-2.8099623991417744e-5,-5.901347630292708e-4,5.747309968675562e-4,0.005663311738976495,FALSE,FALSE,FALSE,FALSE,TRUE,TRUE,TRUE,TRUE,FALSE,FALSE
observed_events_only,North America,5500,spatial_model_estimated,spatial_model_estimated,spatial_model_estimated,-0.073,-0.0736,-0.061399999999999996,0.007,0.0115,0.0186,0.0494,0.0505,0.0497,-0.0424,-0.03900000000000001,-0.031100000000000003,0.03678402522333158,0.05958549222797927,0.09189723320158102,0.25959012086179717,0.2616580310880829,0.24555335968379446,0.7036258539148712,0.6787564766839378,0.6625494071146245,0.00401194646551617,0.01181875610450478,0.01624130671598567,0.01594647941441729,0.016185625019443428,0.01704447607435755,0.09941089277765369,0.0966393709931167,0.10048045679106798,climate,climate,climate,climate,climate,climate,0.012200000000000003,6.000000000000033e-4,0.007099999999999999,-0.0045,-8.000000000000021e-4,-0.0011000000000000038,0.007900000000000004,-0.0033999999999999933,0.03231174097360175,-0.02280146700464769,-0.016104671404288423,-0.0020679102262857185,-0.01620706956931328,0.02486937723093341,0.004422550611480891,-0.00780680963898861,8.588510549141226e-4,-2.3914560502613647e-4,0.0038410857979512825,0.00277152178453699,FALSE,FALSE,FALSE,FALSE,TRUE,TRUE,TRUE,TRUE,FALSE,FALSE
observed_events_only,North America,6000,spatial_model_estimated,spatial_model_estimated,spatial_model_estimated,-0.0814,-0.077,-0.0681,0.0052,0.0133,0.0185,0.0515,0.0525,0.0516,-0.046299999999999994,-0.0392,-0.033100000000000004,0.027382833070036857,0.06626806178375685,0.09073075036782736,0.2711953659820958,0.2615844544095665,0.25306522805296716,0.7014218009478673,0.6721474838066767,0.6562040215792055,0.0031345338309561876,0.014014872681424206,0.017253403654311272,0.014288703067749764,0.015369863957769181,0.015350057098322267,0.09573335301125396,0.09821640422096933,0.09786543595197073,climate,climate,climate,climate,climate,climate,0.008900000000000005,-0.004400000000000001,0.0052,-0.0081,-8.99999999999998e-4,-0.0010000000000000009,0.006099999999999994,-0.007099999999999995,0.02446268858407051,-0.038885228713719994,-0.008519226356599352,0.009610911572529302,-0.015943462227471117,0.029274317141190664,0.003238530972887066,-0.010880338850468019,-1.9806859446913627e-5,-0.001081160890019417,-3.509682689986082e-4,-0.00248305120971537,FALSE,FALSE,FALSE,FALSE,TRUE,TRUE,TRUE,TRUE,FALSE,FALSE
observed_events_only,North America,6500,spatial_model_estimated,spatial_model_estimated,spatial_model_estimated,-0.0939,-0.0895,-0.0844,0.0024,0.0085,0.0109,0.0572,0.0581,0.0573,-0.0548,-0.0496,-0.0464,0.011650485436893203,0.03992484734617191,0.0509822263797942,0.27766990291262134,0.27289807421324563,0.26800748362956034,0.7106796116504854,0.6871770784405825,0.6810102899906455,8.193158162841385e-4,0.007777331603330939,0.008608549883871275,0.01662751508739957,0.017460075615280846,0.017058685178306,0.10591168903122672,0.10476286295394921,0.10435478494249217,climate,climate,climate,climate,climate,climate,0.005099999999999993,-0.004400000000000001,0.0023999999999999994,-0.006100000000000001,-8.000000000000021e-4,-8.99999999999998e-4,0.0032000000000000015,-0.005200000000000003,0.011057379033622292,-0.028274361909278706,-0.004890590583685295,0.004771828699375702,-0.006166788449937011,0.02350253320990292,8.312182805403356e-4,-0.006958015787046801,-4.0139043697484666e-4,-8.325605278812764e-4,-4.0807801145703593e-4,0.0011488260772775094,FALSE,FALSE,FALSE,FALSE,TRUE,TRUE,TRUE,TRUE,FALSE,FALSE
observed_events_only,North America,7000,spatial_model_estimated,spatial_model_estimated,spatial_model_estimated,-0.094,-0.0837,-0.0809,5e-4,0.0112,0.0117,0.0598,0.0599,0.0594,-0.0593,-0.0487,-0.0477,0.002450980392156863,0.0521415270018622,0.05464736104624008,0.2931372549019608,0.27886405959031657,0.2774404483886035,0.7044117647058824,0.6689944134078212,0.6679121905651565,-6.465671450237576e-4,0.010101082146498519,0.009470537723641148,0.02393876972981457,0.02393547064522583,0.023884981759121238,0.107766858258041,0.10742835005847196,0.10714441878742276,climate,climate,climate,climate,climate,climate,0.002799999999999997,-0.010300000000000004,5.000000000000004e-4,-0.0107,-5.000000000000004e-4,-1.0000000000000286e-4,0.0010000000000000009,-0.010599999999999998,0.0025058340443778818,-0.04969054660970534,-0.001423611201713082,0.014273195311644227,-0.0010822228426646818,0.03541735129806123,-6.305444228573709e-4,-0.010747649291522277,-5.048888610459379e-5,3.2990845887370668e-6,-2.8393127104919813e-4,3.385081995690431e-4,FALSE,FALSE,FALSE,FALSE,TRUE,TRUE,TRUE,TRUE,FALSE,FALSE
observed_events_only,North America,7500,spatial_model_estimated,spatial_model_estimated,spatial_model_estimated,-0.084,-0.0735,-0.07,9e-4,0.011,0.0116,0.0582,0.0585,0.0582,-0.057300000000000004,-0.0475,-0.0466,0.005073280721533258,0.061659192825112105,0.062298603651987104,0.32807215332581735,0.32791479820627806,0.3125671321160043,0.6668545659526494,0.6104260089686099,0.6251342642320086,-6.7729626213342e-4,0.009498720974341457,0.008163573272983338,0.030078598652216848,0.030890705366254934,0.03135783118251667,0.08988355158878647,0.07982405599320697,0.08750334823676753,climate,climate,climate,climate,climate,climate,0.0034999999999999892,-0.01050000000000001,5.999999999999998e-4,-0.0101,-3.0000000000000165e-4,-3.0000000000000165e-4,8.99999999999998e-4,-0.009800000000000003,6.39410826874999e-4,-0.05658591210357885,-0.01534766609027377,1.5735511953929304e-4,0.014708255263398695,0.05642855698403948,-0.0013351477013581192,-0.010176017236474877,4.6712581626173755e-4,-8.121067140380855e-4,0.007679292243560565,0.010059495595579504,FALSE,FALSE,FALSE,FALSE,TRUE,TRUE,TRUE,TRUE,FALSE,FALSE
observed_events_only,North America,8000,spatial_model_estimated,spatial_model_estimated,spatial_model_estimated,-0.0973,-0.0952,-0.08929999999999999,0.002,0.0095,0.0113,0.0696,0.0721,0.0696,-0.0676,-0.0626,-0.0583,0.010188487009679063,0.047263681592039794,0.055310817425354875,0.35455934793683136,0.3587064676616915,0.3406754772393539,0.6352521650534896,0.5940298507462687,0.6040137053352913,-5.663610154860166e-6,0.01023931870384931,0.009173669270972074,0.0378350679727244,0.04018764799934449,0.036593497745939674,0.09218158537177978,0.08885548994220638,0.09038559879187558,climate,climate,climate,climate,climate,climate,0.005900000000000016,-0.0020999999999999908,0.0017999999999999995,-0.0075,-0.0025000000000000022,-0.0025000000000000022,0.004300000000000005,-0.0049999999999999906,0.00804713583331508,-0.037075194582360735,-0.018030990422337634,-0.004147119724860149,0.009983854589022623,0.0412223143072209,-0.001065649432877236,-0.01024498231400417,-0.0035941502534048153,-0.002352580026620088,0.0015301088496691984,0.0033260954295734058,FALSE,FALSE,FALSE,FALSE,TRUE,TRUE,TRUE,TRUE,FALSE,FALSE
observed_events_only,North America,8500,spatial_model_estimated,spatial_model_estimated,spatial_model_estimated,-0.0948,-0.09319999999999999,-0.0892,0.0026,0.0051,0.0078,0.0646,0.0637,0.0634,-0.062000000000000006,-0.058600000000000006,-0.0556,0.012670565302144247,0.02428571428571429,0.03679245283018868,0.3148148148148148,0.3033333333333334,0.2990566037735849,0.672514619883041,0.6723809523809524,0.6641509433962265,0.0017449642931373077,0.003083407854634679,0.004974226577335483,0.030866482103927062,0.027113010679639893,0.026897757534932176,0.1041355522223073,0.10606125833137137,0.10567666482131477,climate,climate,climate,climate,climate,climate,0.00399999999999999,-0.0016000000000000042,0.0026999999999999993,-0.0025000000000000005,-3.000000000000086e-4,8.99999999999998e-4,0.0030000000000000096,-0.0034000000000000002,0.012506738544474389,-0.011615148983570042,-0.0042767295597485044,0.011481481481481426,-0.008230008984725923,1.336675020885414e-4,0.0018908187227008044,-0.001338443561497371,-2.1525314470771661e-4,0.003753471424287169,-3.845935100565967e-4,-0.0019257061090640626,FALSE,FALSE,FALSE,FALSE,TRUE,TRUE,TRUE,TRUE,FALSE,FALSE
observed_events_only,Europe,2000,spatial_model_estimated,spatial_model_estimated,spatial_model_estimated,-0.054299999999999994,-0.11,-0.052099999999999994,0.0328,0.0061,0.0392,0.0781,0.1082,0.0876,-0.0453,-0.10210000000000001,-0.0484,0.16898505924781043,0.03344298245614035,0.19570644033949078,0.4023699124162803,0.5932017543859649,0.43734398402396407,0.42864502833590934,0.3733552631578947,0.3669495756365452,0.01823231900068445,0.011807686706924114,0.024602405938608074,0.05446063279430857,0.10602182128119553,0.0692961517244004,0.056737682135114986,0.06518239675943083,0.05689869721339946,climate,climate,climate,climate,climate,climate,0.05790000000000001,0.055700000000000006,0.0331,0.0267,-0.020600000000000007,-0.030100000000000002,0.05370000000000001,0.05680000000000001,0.16226345788335042,0.13554207679167007,-0.15585777036200082,-0.1908318419696846,-0.006405687521349512,0.05528976517801465,0.01279471923168396,0.006424632293760335,-0.036725669556795126,-0.051561188486886955,-0.008283699546031364,-0.008444714624315841,FALSE,FALSE,FALSE,FALSE,TRUE,TRUE,TRUE,TRUE,FALSE,FALSE
observed_events_only,Europe,2500,spatial_model_estimated,spatial_model_estimated,spatial_model_estimated,-0.0317,-0.08149999999999999,-0.023100000000000002,0.0352,0.0101,0.0485,0.068,0.0823,0.0708,-0.0328,-0.0722,-0.0223,0.2143727161997564,0.06445437141033822,0.27034559643255296,0.41412911084043846,0.5252074026802808,0.39464882943143814,0.3714981729598051,0.41033822590938096,0.3350055741360089,0.019328234817554302,0.013874750931012203,0.036554982136689285,0.05340049678076264,0.07682437175551782,0.05811417079788528,0.05250399751528856,0.05749681038522858,0.0533787506576735,climate,climate,climate,climate,climate,climate,0.05839999999999999,0.04979999999999999,0.038400000000000004,0.025100000000000004,-0.011499999999999996,-0.014299999999999993,0.0499,0.0394,0.20589122502221474,0.14991834478941818,-0.13055857324884262,-0.1110782918398423,-0.07533265177337206,-0.038840052949575876,0.02268023120567708,0.005453483886542099,-0.01871020095763254,-0.023423874974755177,-0.004118059727555079,-0.004992812869940022,FALSE,FALSE,FALSE,FALSE,TRUE,TRUE,TRUE,TRUE,FALSE,FALSE
observed_events_only,Europe,3000,spatial_model_estimated,spatial_model_estimated,spatial_model_estimated,-0.008800000000000002,-0.0359,0.003499999999999996,0.0293,0.0112,0.0408,0.0392,0.0437,0.0412,-0.009899999999999999,-0.0325,-3.999999999999976e-4,0.23143759873617695,0.11678832116788321,0.3466440101954121,0.30963665086887837,0.45568300312825866,0.3500424808836024,0.4589257503949447,0.4275286757038582,0.3033135089209856,0.019959963789763058,0.007670556027286168,0.02951405979761379,0.030999063751291023,0.03680377444640415,0.033769826206087705,0.04522516375645469,0.03773937586778231,0.02915347033105653,climate,climate,climate,climate,climate,human,0.0394,0.0271,0.0296,0.018099999999999998,-0.0025000000000000022,-0.004500000000000004,0.032100000000000004,0.022600000000000002,0.22985568902752887,0.11464927756829374,-0.10564052224465625,-0.14604635225938029,-0.12421516678287264,0.03139707469108649,0.02184350377032762,0.01228940776247689,-0.003033948240316442,-0.005804710695113124,-0.00858590553672578,0.007485787888672379,FALSE,FALSE,TRUE,FALSE,TRUE,TRUE,TRUE,TRUE,FALSE,FALSE
observed_events_only,Europe,3500,spatial_model_estimated,spatial_model_estimated,spatial_model_estimated,8.99999999999998e-4,-0.028900000000000002,0.0235,0.044,0.0312,0.0755,0.0589,0.0562,0.0523,-0.014900000000000004,-0.025,0.0232,0.20764511562057572,0.1555333998005982,0.3196443691786621,0.2779613025011798,0.2801595214356929,0.2214225232853514,0.5143935818782445,0.5643070787637089,0.45893310753598643,0.037088118543189164,0.03688765581161835,0.07996355136653754,0.06764650941444672,0.05809291095043101,0.057120342936442414,0.10660242622203797,0.12814309089900988,0.11046387229107169,climate,climate,human,human,climate,human,0.0524,0.0298,0.0443,0.012799999999999999,-0.0039000000000000007,0.002700000000000001,0.0482,0.010099999999999998,0.16411096937806394,0.05211171581997753,-0.0587369981503415,-0.0021982189345131076,-0.10537397122772246,-0.049913496885464426,0.0430758955549192,2.004627315708163e-4,-9.72568013988595e-4,0.009553598464015711,-0.017679218607938196,-0.02154066467697191,TRUE,FALSE,TRUE,TRUE,TRUE,TRUE,TRUE,TRUE,FALSE,FALSE
observed_events_only,Europe,4000,spatial_model_estimated,spatial_model_estimated,spatial_model_estimated,-0.0257,-0.045899999999999996,-0.016,0.0223,0.006,0.0382,0.057,0.0547,0.0503,-0.0347,-0.0487,-0.0121,0.13515151515151513,0.04987531172069826,0.22684085510688837,0.34545454545454546,0.45469659185369904,0.2986935866983373,0.5193939393939394,0.49542809642560265,0.4744655581947744,0.015885728428414514,0.005025480025167339,0.041930135316853856,0.05964117618734943,0.05662339192607846,0.050188301338760066,0.08353076764864853,0.06396792563069864,0.08450384786155352,climate,climate,climate,climate,climate,climate,0.029899999999999996,0.020199999999999996,0.0322,0.016300000000000002,-0.004400000000000001,0.0023000000000000034,0.0366,0.013999999999999999,0.1769655433861901,0.08527620343081688,-0.15600300515536175,-0.10924204639915358,-0.020962538230828276,0.02396584296833676,0.03690465529168652,0.010860248403247175,-0.006435090587318393,0.0030177842612709727,0.020535922230854875,0.01956284201794989,FALSE,FALSE,FALSE,FALSE,TRUE,TRUE,TRUE,TRUE,FALSE,FALSE
observed_events_only,Europe,4500,spatial_model_estimated,spatial_model_estimated,spatial_model_estimated,-0.0592,-0.0647,-0.0617,0.0052,8e-4,0.0012,0.0704,0.0685,0.068,-0.06520000000000001,-0.06770000000000001,-0.0668,0.031175059952038366,0.004405286343612334,0.006681514476614699,0.4220623501199041,0.3772026431718062,0.37861915367483295,0.5467625899280576,0.6183920704845814,0.6146993318485523,0.00638939308317954,0.0014726499672021998,-4.796288910825508e-4,0.07770718989410319,0.07219221806159026,0.07136462689804057,0.0995842863231996,0.11848802540042047,0.11469870818835082,climate,climate,climate,climate,climate,climate,0.0029999999999999957,0.005499999999999991,3.9999999999999986e-4,0.004399999999999999,-5.000000000000004e-4,0.001899999999999999,9.000000000000119e-4,0.0025000000000000022,0.0022762281330023643,0.026769773608426032,0.0014165105030267688,0.04485970694809793,-0.003692738636029147,-0.07162948055652385,-0.0019522788582847506,0.00491674311597734,-8.275911635496902e-4,0.005514971832512927,-0.003789317212069654,-0.01890373907722087,FALSE,FALSE,FALSE,FALSE,TRUE,TRUE,TRUE,TRUE,FALSE,FALSE
observed_events_only,Europe,5000,spatial_model_estimated,spatial_model_estimated,spatial_model_estimated,-0.0335,-0.0386,-0.0285,0.015,0.0121,0.0216,0.0558,0.0568,0.0523,-0.0408,-0.044700000000000004,-0.030699999999999998,0.12541806020066887,0.09029850746268656,0.18733738074588033,0.46655518394648826,0.42388059701492536,0.4535993061578491,0.4080267558528428,0.48582089552238805,0.3590633130962706,0.01655049579484802,0.016506597581311455,0.027494571367915777,0.06462949117317696,0.06712905670678815,0.060299967009759814,0.05654113541316341,0.08072718244533506,0.04885734034537503,climate,climate,climate,climate,climate,climate,0.010100000000000001,0.0051,0.0095000000000000015,0.0029,-0.004500000000000004,-0.0010000000000000009,0.014000000000000005,0.0039000000000000007,0.09703887328319377,0.03511955273798231,0.029718709142923738,0.0426745869315629,-0.12675758242611745,-0.07779413966954524,0.010987973786604321,4.389821353656398e-5,-0.006829089697028334,-0.002499565533611192,-0.03186984209996002,-0.024186047032171643,FALSE,FALSE,FALSE,FALSE,TRUE,TRUE,TRUE,TRUE,FALSE,FALSE
observed_events_only,Europe,5500,spatial_model_estimated,spatial_model_estimated,spatial_model_estimated,-0.0648,-0.0733,-0.065,0.0019,7e-4,0.0089,0.0755,0.0733,0.0756,-0.0736,-0.0726,-0.0667,0.014514896867838046,0.005494505494505494,0.07189014539579967,0.5767761650114591,0.575353218210361,0.6106623586429725,0.40870893812070286,0.4191522762951334,0.3174474959612278,-0.0025850716881500313,0.0059359250619639425,0.013015800865154303,0.07973120055086602,0.07768324059853782,0.08159227191600948,0.05527243286097916,0.05617378778698945,0.04385190448349652,climate,climate,climate,climate,climate,climate,0.008300000000000002,0.008500000000000008,0.0082,0.0012000000000000001,0.0022999999999999965,0.0021999999999999936,0.0059000000000000025,-0.0010000000000000009,0.06639563990129418,0.009020391373332552,0.03530914043261146,0.0014229468010981128,-0.10170478033390562,-0.01044333817443055,0.007079875803190361,-0.008520996750113974,0.003909031317471667,0.0020479599523282044,-0.012321883303492931,-9.013549260102893e-4,FALSE,FALSE,FALSE,FALSE,TRUE,TRUE,TRUE,TRUE,FALSE,FALSE
observed_events_only,Europe,6000,spatial_model_estimated,spatial_model_estimated,spatial_model_estimated,-0.053899999999999997,-0.0438,-0.0374,0.0081,0.0128,0.0228,0.0677,0.0584,0.0606,-0.0596,-0.0456,-0.0378,0.07258064516129033,0.11091854419410746,0.20070422535211266,0.6066308243727598,0.5060658578856152,0.5334507042253521,0.32078853046594985,0.38301559792027734,0.2658450704225352,0.009183376337309812,0.008005777901857192,0.02357102026211988,0.07437567163520964,0.055615889920623385,0.06171906231025237,0.03672547289502626,0.04580252611240754,0.030304271430699137,climate,climate,climate,climate,climate,climate,0.006399999999999996,-0.010099999999999998,0.01,-0.004700000000000001,0.0022000000000000006,0.009299999999999996,0.007800000000000001,-0.013999999999999999,0.0897856811580052,-0.03833789903281713,0.027384846339736924,0.10056496648714464,-0.11717052749774215,-0.06222706745432749,0.015565242360262688,0.0011775984354526203,0.006103172389628986,0.018759781714586254,-0.015498254681708401,-0.009077053217381281,FALSE,FALSE,FALSE,FALSE,TRUE,TRUE,TRUE,TRUE,FALSE,FALSE
observed_events_only,Europe,6500,spatial_model_estimated,spatial_model_estimated,spatial_model_estimated,-0.057300000000000004,-0.006799999999999997,-0.010599999999999998,-0.0023,0.0314,0.0242,0.0628,0.0398,0.0465,-0.06509999999999999,-0.008400000000000005,-0.0223,0,0.2672340425531915,0.189358372456964,0.5072697899838449,0.33872340425531916,0.363849765258216,0.4927302100161551,0.3940425531914894,0.44679186228482004,-0.0010923798666512274,0.015884906933655296,0.003818723418256398,0.07175186575375403,0.025983239169867667,0.037752435872179246,0.05933498171630203,0.04893412094106142,0.05561193575220813,climate,climate,climate,climate,climate,climate,-0.0038000000000000013,-0.0505,-0.007199999999999998,-0.033699999999999994,0.006699999999999998,0.022999999999999993,-0.013899999999999996,-0.056699999999999987,-0.0778756700962275,-0.2672340425531915,0.025126361002896835,0.1685463857285257,0.05274930909333064,0.09868765682466568,-0.012066183515398898,-0.016977286800306524,0.01176919670231158,0.04576862658388636,0.0066778148111467095,0.010400860775240606,FALSE,FALSE,FALSE,FALSE,TRUE,TRUE,TRUE,TRUE,FALSE,FALSE
observed_events_only,Europe,7000,spatial_model_estimated,spatial_model_estimated,spatial_model_estimated,-0.0555,-0.0478,-0.0297,0.0108,0.0124,0.0272,0.0771,0.0659,0.0627,-0.0663,-0.0535,-0.035500000000000004,0.08071748878923767,0.10726643598615918,0.20811017597551643,0.5762331838565022,0.5700692041522492,0.4797245600612089,0.34304932735426014,0.3226643598615917,0.31216526396327465,0.0029735412737952327,9.076936265633995e-4,0.012856405408065541,0.07992134670921802,0.060137229426169614,0.054173613590967284,0.047830617855920465,0.04078191328088887,0.04160792090622145,climate,climate,climate,climate,climate,climate,0.0181,-0.0076999999999999985,0.014799999999999999,-0.001599999999999999,-0.0031999999999999945,0.011200000000000002,0.017999999999999995,-0.012799999999999999,0.10084373998935725,-0.02654894719692151,-0.09034464409104026,0.006163979704253086,-0.010499095898317046,0.020384967492668438,0.011948711781502142,0.0020658476472318332,-0.005963615835202329,0.019784117283048408,8.26007625332581e-4,0.007048704575031595,FALSE,FALSE,FALSE,FALSE,TRUE,TRUE,TRUE,TRUE,FALSE,FALSE
observed_events_only,Europe,7500,spatial_model_estimated,spatial_model_estimated,spatial_model_estimated,-0.0331,-5.000000000000004e-4,0.027300000000000005,0.0317,0.0468,0.0829,0.0719,0.051,0.0528,-0.04020000000000001,-0.004199999999999995,0.030100000000000002,0.21831955922865015,0.3027166882276843,0.4590254706533776,0.4951790633608816,0.32988357050452777,0.29235880398671094,0.2865013774104683,0.36739974126778785,0.24861572535991142,0.040993282044315404,0.035758702681055965,0.079072752065801,0.08814222270221594,0.043732943166214455,0.046249002070224976,0.04950964165332694,0.05954320130687951,0.054804025865268224,climate,climate,human,climate,climate,human,0.027800000000000005,-0.0326,0.0361,-0.015100000000000002,0.001800000000000003,0.02090000000000001,0.0343,-0.03600000000000001,0.1563087824256933,-0.08439712899903418,-0.03752476651781683,0.1652954928563538,-0.11878401590787643,-0.08089836385731952,0.043314049384745035,0.0052345793632594395,0.002516058904010521,0.04440927953600149,-0.0047391754416112875,-0.01003355965355257,TRUE,FALSE,TRUE,FALSE,TRUE,TRUE,TRUE,TRUE,FALSE,FALSE
observed_events_only,Europe,8000,spatial_model_estimated,spatial_model_estimated,spatial_model_estimated,-0.0315,-0.0361,-0.011000000000000003,0.0206,0.0129,0.0344,0.0532,0.0626,0.0533,-0.0326,-0.0497,-0.0189,0.14315496872828354,0.10311750599520385,0.2285714285714286,0.3697011813759555,0.5003996802557954,0.3541528239202658,0.4871438498957609,0.3964828137490008,0.41727574750830565,0.019626832047092924,0.008051531243029042,0.026092935700269604,0.05337049026257856,0.07124092706772112,0.05288641900831981,0.06503028305663539,0.04985218912113809,0.04971478722435729,climate,climate,climate,climate,climate,climate,0.025099999999999997,0.0046,0.0215,0.0077,-0.009300000000000003,-0.009400000000000006,0.0308,0.017100000000000004,0.12545392257622473,0.04003746273307969,-0.14624685633552958,-0.13069849887983992,0.020792933759304855,0.09066103614676013,0.018041404457240562,0.011575300804063882,-0.01835450805940131,-0.017870436805142553,-1.3740189678079773e-4,0.015178093935497294,FALSE,FALSE,FALSE,FALSE,TRUE,TRUE,TRUE,TRUE,FALSE,FALSE
observed_events_only,Europe,8500,spatial_model_estimated,spatial_model_estimated,spatial_model_estimated,-0.038,-0.0314,-0.0143,0.0112,0.0159,0.0279,0.051,0.0412,0.0397,-0.039799999999999995,-0.0253,-0.011799999999999998,0.10191082802547771,0.14695009242144177,0.23764906303236796,0.4640582347588717,0.3807763401109057,0.338160136286201,0.4340309372156506,0.4722735674676525,0.42419080068143095,0.009000895662277464,0.007360258777290185,0.01650601486871095,0.050712719069036516,0.02668463315325309,0.025827820281163927,0.04664594393124177,0.0492599933696477,0.04883918107922203,climate,climate,climate,climate,climate,climate,0.017099999999999997,-0.006600000000000002,0.012,-0.004700000000000001,-0.0015000000000000013,0.009799999999999996,0.013500000000000002,-0.014499999999999996,0.09069897061092619,-0.04503926439596406,-0.04261620382470471,0.08328189464796598,-0.04808276678622153,-0.038242630252001864,0.009145756091420765,0.0016406368849872788,-8.568128720891632e-4,0.024028085915783426,-4.2081229042567614e-4,-0.00261404943840593,FALSE,FALSE,FALSE,FALSE,TRUE,TRUE,TRUE,TRUE,FALSE,FALSE
observed_events_only,Latin America,2000,spatial_model_estimated,spatial_model_estimated,spatial_model_estimated,-0.1452,-0.1466,-0.1385,0.0076,0.0048,0.0121,0.1414,0.1406,0.1348,-0.1338,-0.1358,-0.1227,0.04423748544819557,0.028537455410225916,0.07038976148923792,0.8230500582072177,0.8359096313912009,0.7841768470040722,0.13271245634458673,0.13555291319857313,0.14543339150668994,0.00437307549982302,7.592679839880656e-4,0.004465197980374369,0.12667654782692606,0.12574990488365723,0.11125770957668213,0.014938616375129388,0.015581677582610198,0.01711478949818035,climate,climate,climate,climate,climate,climate,0.008099999999999996,0.0014000000000000123,0.0073,0.0028000000000000004,-0.0058,7.999999999999952e-4,0.0131,0.0020000000000000018,0.04185230607901201,0.015700030037969655,-0.051732784387128694,-0.01285957318398323,0.009880478308116808,-0.0028404568539864006,0.0037059299963863035,0.0036138075158349547,-0.014492195306975098,9.266429432688295e-4,0.0015331119155701511,-6.430612074808106e-4,FALSE,FALSE,FALSE,FALSE,TRUE,TRUE,TRUE,TRUE,FALSE,FALSE
observed_events_only,Latin America,2500,spatial_model_estimated,spatial_model_estimated,no_spatial_terms_selected,-0.1252,-0.1416,-0.11250000000000002,0.018,0.0097,0.0225,0.1342,0.1409,0.135,-0.11620000000000001,-0.13119999999999998,-0.11250000000000002,0.09988901220865702,0.05350248207391065,0.14285714285714285,0.7447280799112097,0.7771649200220629,0.8571428571428572,0.15538290788013318,0.1693325979040265,0,0.004310795764642661,0.005439319712083224,0.003744399696917866,0.11146934809213915,0.1261148015020529,0.11627293260153626,0.022240875498003465,0.028798099413360978,0,climate,climate,climate,climate,climate,climate,0.029099999999999987,0.016399999999999998,0.012799999999999999,0.008299999999999998,-0.005899999999999989,-0.006699999999999984,0.018699999999999967,0.014999999999999972,0.0893546607832322,0.04638653013474637,0.07997793712079426,-0.03243684011085324,-0.1693325979040265,-0.013949690023893319,-0.0016949200151653576,-0.0011285239474405628,-0.009841868900516637,-0.014645453409913745,-0.028798099413360978,-0.006557223915357513,FALSE,FALSE,FALSE,FALSE,TRUE,TRUE,TRUE,TRUE,FALSE,FALSE
observed_events_only,Latin America,3000,spatial_model_estimated,spatial_model_estimated,spatial_model_estimated,-0.16,-0.1628,-0.1532,-7e-4,0.0133,0.0194,0.1307,0.1693,0.1582,-0.13140000000000002,-0.156,-0.1388,0,0.06646676661669165,0.0971457185778668,0.6467095497278575,0.8460769615192404,0.7921882824236354,0.3532904502721425,0.08745627186406797,0.11066599899849774,-0.00652651219751843,0.02377422603759871,0.023302114168675336,0.09613724381592281,0.17286603679238466,0.14776650515934275,0.04241947752470998,0.020078821282065507,0.02622059083856154,climate,climate,climate,climate,climate,climate,0.009599999999999997,0.002799999999999997,0.006100000000000001,-0.013999999999999999,-0.011099999999999999,-0.038599999999999995,0.017199999999999993,0.024599999999999983,0.03067895196117515,-0.06646676661669165,-0.05388867909560502,-0.19936741179138284,0.023209727134429772,0.26583417840807455,-4.72111868923375e-4,-0.03030073823511714,-0.025099531633041905,-0.07672879297646185,0.006141769556496035,0.022340656242644474,FALSE,FALSE,FALSE,FALSE,TRUE,TRUE,TRUE,TRUE,FALSE,FALSE
observed_events_only,Latin America,4000,spatial_model_estimated,spatial_model_estimated,spatial_model_estimated,-0.1628,-0.1643,-0.1351,0.0191,0.0274,0.0544,0.1749,0.1938,0.1835,-0.1558,-0.1664,-0.1291,0.0910824988078207,0.1229802513464991,0.21742605915267788,0.8340486409155937,0.86983842010772,0.7334132693844925,0.0748688602765856,0.00718132854578097,0.04916067146282974,0.021491490399907276,0.0407383317595319,0.062005676982747504,0.17031743409430133,0.20923251444295843,0.18529728265466927,0.02084522636069841,0.004395335172175829,0.011483835077421234,climate,climate,climate,climate,climate,climate,0.029200000000000004,0.0015000000000000013,0.026999999999999996,-0.008300000000000002,-0.010300000000000004,-0.0189,0.0373,0.010599999999999998,0.09444580780617877,-0.03189775253867841,-0.13642515072322747,-0.035789779192126225,0.04197934291704877,0.06768753173080463,0.021267345223215606,-0.019246841359624622,-0.023935231788289157,-0.038915080348657094,0.0070884999052454045,0.01644989118852258,FALSE,FALSE,FALSE,FALSE,TRUE,TRUE,TRUE,TRUE,FALSE,FALSE
observed_events_only,Latin America,4500,spatial_model_estimated,no_spatial_terms_selected,spatial_model_estimated,-0.1553,-0.16590000000000002,-0.14029999999999998,0.0101,0.0157,0.0275,0.1313,0.1816,0.135,-0.1212,-0.16590000000000002,-0.10750000000000001,0.044434667839859214,0.07957425240750125,0.11298274445357435,0.5776506819181698,0.9204257475924987,0.5546425636811833,0.37791465024197096,0,0.3323746918652424,0.0038097882941859895,0.02117226795077798,0.019876077304940454,0.09091129471818427,0.18704610896322627,0.0943889713150059,0.04905921771878685,0,0.03539691408565604,climate,climate,climate,climate,climate,climate,0.02560000000000004,0.010600000000000026,0.011800000000000001,-0.005599999999999999,-0.0466,-0.05030000000000001,0.05840000000000001,0.04470000000000002,0.0334084920460731,-0.03513958456764204,-0.3657831839113155,-0.3427750656743289,0.3323746918652424,0.37791465024197096,-0.001296190645837525,-0.01736247965659199,-0.09265713764822037,-0.096134814245042,0.03539691408565604,0.04905921771878685,FALSE,FALSE,FALSE,FALSE,TRUE,TRUE,TRUE,TRUE,FALSE,FALSE
observed_events_only,Latin America,5000,spatial_model_estimated,spatial_model_estimated,spatial_model_estimated,-0.16690000000000002,-0.1544,-0.1514,-0.003,0.0191,0.0204,0.1305,0.1419,0.1392,-0.1335,-0.12279999999999999,-0.11879999999999999,0,0.08138048572645931,0.08699360341151387,0.6178977272727273,0.6046016190881978,0.5936034115138593,0.3821022727272727,0.314017895185343,0.31940298507462683,-0.005190372925890974,0.021278728904059463,0.021061075510865335,0.09491248041435163,0.11251704422916231,0.10741342544210741,0.04974470351514482,0.030699741108777046,0.033463779831676255,climate,climate,climate,climate,climate,climate,0.0030000000000000027,-0.012500000000000011,0.0013000000000000025,-0.022099999999999998,-0.002700000000000008,-0.011399999999999993,0.0040000000000000036,-0.010700000000000015,0.0056131176850545556,-0.08138048572645931,-0.010998207574338448,0.013296108184529531,0.005385089889283823,0.0680843775419297,-2.1765339319412824e-4,-0.026469101829950437,-0.005103618787054898,-0.01760456381481068,0.002764038722899209,0.01904496240636777,FALSE,FALSE,FALSE,FALSE,TRUE,TRUE,TRUE,TRUE,FALSE,FALSE
observed_events_only,Latin America,5500,spatial_model_estimated,no_spatial_terms_selected,no_spatial_terms_selected,-0.1559,-0.1464,-0.1517,-0.0028,0.0094,0.0043,0.1152,0.1558,0.156,-0.118,-0.1464,-0.1517,0,0.05690072639225182,0.026824703680598878,0.615056059797117,0.9430992736077483,0.9731752963194011,0.3849439402028831,0,0,-0.004671374441485687,0.011958029104286783,0.007069902448745613,0.07537025619574744,0.15834138493002314,0.1587793531435404,0.03552051637676146,0,0,climate,climate,climate,climate,climate,climate,-0.005299999999999999,-0.009500000000000008,-0.0051,-0.0122,2.0000000000000573e-4,-0.0406,-0.005299999999999999,0.02840000000000001,-0.030076022711652942,-0.05690072639225182,0.030076022711652883,-0.3280432138106313,0,0.3849439402028831,-0.0048881266555411695,-0.01662940354577247,4.379682135172702e-4,-0.0829711287342757,0,0.03552051637676146,FALSE,FALSE,FALSE,FALSE,TRUE,TRUE,TRUE,TRUE,FALSE,FALSE
observed_events_only,Latin America,6000,no_spatial_terms_selected,no_spatial_terms_selected,no_spatial_terms_selected,-0.1609,-0.1508,-0.1574,-0.0011,0.0095,0.0064,0.1598,0.1603,0.1638,-0.1609,-0.1508,-0.1574,0,0.05594817432273262,0.03760282021151587,1,0.9440518256772673,0.9623971797884842,0,0,0,0.003929384412721393,0.015132624006980566,0.015498322417945243,0.16482210003466768,0.1659062775160065,0.17282154128463023,0,0,0,climate,climate,climate,climate,climate,climate,-0.0066000000000000225,-0.010099999999999998,-0.0030999999999999995,-0.0106,0.003500000000000003,-5.000000000000004e-4,-0.0066000000000000225,-0.010099999999999998,-0.018345354111216752,-0.05594817432273262,0.01834535411121685,0.05594817432273269,0,0,3.656984109646766e-4,-0.011203239594259173,0.006915263768623725,-0.0010841774813388216,0,0,FALSE,FALSE,FALSE,FALSE,TRUE,TRUE,TRUE,TRUE,FALSE,FALSE
observed_events_only,Latin America,6500,no_spatial_terms_selected,no_spatial_terms_selected,no_spatial_terms_selected,-0.1578,-0.1674,-0.1644,0.0032,-0.0044,-0.0029,0.161,0.163,0.1615,-0.1578,-0.1674,-0.1644,0.0194884287454324,0,0,0.9805115712545676,1,1,0,0,0,0.0010513046894126132,-0.004489876908555401,-0.0046097807461752405,0.15877945599313914,0.16292425551857104,0.15979770447180486,0,0,0,climate,climate,climate,climate,climate,climate,0.0030000000000000027,0.009599999999999997,0.0015000000000000005,0.007600000000000001,-0.0015000000000000013,-0.0020000000000000018,0.0030000000000000027,0.009599999999999997,0,0.0194884287454324,0,-0.01948842874543244,0,0,-1.1990383761983914e-4,0.005541181597968015,-0.0031265510467661795,-0.004144799525431897,0,0,FALSE,FALSE,FALSE,FALSE,TRUE,TRUE,TRUE,TRUE,FALSE,FALSE
observed_events_only,Latin America,7000,no_spatial_terms_selected,no_spatial_terms_selected,no_spatial_terms_selected,-0.1163,-0.1156,-0.1166,0.0077,0.0064,0.0068,0.124,0.122,0.1234,-0.1163,-0.1156,-0.1166,0.05846621108580106,0.049844236760124616,0.0522273425499232,0.9415337889141988,0.9501557632398755,0.9477726574500769,0,0,0,0.005756720953555172,0.002452787395990641,0.004222589847627578,0.12196807620269434,0.11811025291463917,0.12088151056329999,0,0,0,climate,climate,climate,climate,climate,climate,-0.0010000000000000009,-7.000000000000062e-4,3.999999999999993e-4,0.0013,0.0013999999999999985,0.0020000000000000018,-0.0010000000000000009,-7.000000000000062e-4,0.002383105789798584,0.008621974325676442,-0.002383105789798612,-0.008621974325676685,0,0,0.001769802451636937,0.0033039335575645312,0.0027712576486608187,0.0038578232880551733,0,0,FALSE,FALSE,FALSE,FALSE,TRUE,TRUE,TRUE,TRUE,FALSE,FALSE
observed_events_only,Latin America,7500,spatial_model_estimated,spatial_model_estimated,spatial_model_estimated,-0.13790000000000002,-0.14609999999999998,-0.141,0.006,-3e-4,0.0049,0.1394,0.1225,0.1225,-0.1334,-0.12279999999999999,-0.1176,0.03683241252302026,0,0.028048082427017746,0.8557397176181707,0.7227138643067847,0.7012020606754437,0.1074278698588091,0.27728613569321536,0.27074985689753867,0.009642938361568154,0.001938346660397161,0.007461769256081996,0.1385550212395973,0.10134028796790584,0.10158487724980647,0.01972247829947571,0.024298594235356408,0.025205891121499513,climate,climate,climate,climate,climate,climate,0.005099999999999993,0.008199999999999957,0.0052,0.0063,0,0.0169,0.005199999999999996,-0.010599999999999998,0.028048082427017746,0.03683241252302026,-0.021511803631341087,0.13302585331138594,-0.006536278795676698,-0.16985826583440627,0.005523422595684835,0.007704591701170993,2.4458928190063123e-4,0.03721473327169145,9.072968861431052e-4,-0.004576115935880698,FALSE,FALSE,FALSE,FALSE,TRUE,TRUE,TRUE,TRUE,FALSE,FALSE
observed_events_only,Latin America,8000,no_spatial_terms_selected,no_spatial_terms_selected,no_spatial_terms_selected,-0.1209,-0.07039999999999999,-0.0693,-0.0057,0.0512,0.053,0.1152,0.1216,0.1223,-0.1209,-0.07039999999999999,-0.0693,0,0.2962962962962963,0.30233884768967484,1,0.7037037037037037,0.6976611523103251,0,0,0,-0.004301236912515827,0.05906996817961807,0.06148499083932224,0.11656888845367919,0.12945287471719635,0.13084092797049984,0,0,0,climate,climate,climate,climate,climate,climate,0.0010999999999999899,-0.0505,0.001799999999999996,-0.056900000000000006,7.000000000000062e-4,-0.006400000000000003,0.0010999999999999899,-0.0505,0.006042551393378559,-0.2962962962962963,-0.006042551393378615,0.2962962962962963,0,0,0.002415022659704169,-0.0633712050921339,0.0013880532533034895,-0.012883986263517166,0,0,FALSE,FALSE,FALSE,FALSE,TRUE,TRUE,TRUE,TRUE,FALSE,FALSE
observed_events_only,Latin America,8500,spatial_model_estimated,spatial_model_estimated,spatial_model_estimated,-0.1271,-0.11770000000000001,-0.12259999999999999,-0.0057,0.0098,0.0055,0.0911,0.0953,0.0956,-0.0968,-0.08549999999999999,-0.0901,0,0.05654933641084824,0.03252513305736251,0.5740390674228103,0.5499134448932488,0.5653459491425192,0.4259609325771896,0.3935372186959031,0.4021289178001183,-0.005255062893637863,0.015052413002135334,0.010811391020550842,0.061326623133824865,0.06827936279109603,0.06849356071852863,0.036309629781281605,0.03619964545198695,0.035469876465682115,climate,climate,climate,climate,climate,climate,-0.004899999999999974,-0.009399999999999978,-0.0043,-0.0155,3.000000000000086e-4,-0.004199999999999995,-0.004600000000000007,-0.011300000000000004,-0.024024203353485735,-0.05654933641084824,0.015432504249270451,0.02412562252956152,0.0085916991042152,0.03242371388128651,-0.004241021981584492,-0.020307475895773197,2.1419792743260224e-4,-0.0069527396572711675,-7.297689863048351e-4,1.0998432929465451e-4,FALSE,FALSE,FALSE,FALSE,TRUE,TRUE,TRUE,TRUE,FALSE,FALSE
observed_events_only,Latin America,3500,spatial_model_estimated,no_spatial_terms_selected,spatial_model_estimated,-0.14040000000000002,-0.17809999999999998,-0.13699999999999998,0.0197,0.013,0.0316,0.1397,0.1911,0.1498,-0.12,-0.17809999999999998,-0.11819999999999999,0.08775055679287304,0.06369426751592357,0.13161182840483135,0.6222717149220489,0.9363057324840763,0.6239067055393586,0.28997772828507795,0,0.24448146605581011,0.005427279108730421,0.024647738475072845,0.02114341264127928,0.10515123350297517,0.2026991459789922,0.12063327173377247,0.04149851509621538,0,0.024074112674680626,climate,climate,climate,climate,climate,climate,0.0411,0.037699999999999956,0.018600000000000005,0.006699999999999999,-0.0413,-0.0514,0.059899999999999995,0.058099999999999985,0.06791756088890778,0.024056289276949472,-0.3123990269447178,-0.3140340175620274,0.24448146605581011,0.28997772828507795,-0.0035043258337935645,-0.019220459366342424,-0.08206587424521972,-0.09754791247601702,0.024074112674680626,0.04149851509621538,FALSE,FALSE,FALSE,FALSE,TRUE,TRUE,TRUE,TRUE,FALSE,FALSE
observed_events_only,Oceania,2000,no_spatial_terms_selected,no_spatial_terms_selected,no_spatial_terms_selected,-0.011500000000000002,0.014899999999999998,0.0268,0.0096,0.0232,0.0297,0.0211,0.0083,0.0029,-0.011500000000000002,0.014899999999999998,0.0268,0.3127035830618892,0.7365079365079364,0.911042944785276,0.6872964169381108,0.2634920634920635,0.08895705521472391,0,0,0,0.008070917522671306,0.008820202112440945,0.009982932582880966,0.01954542119519609,-0.005990722835036433,-0.016784047671257518,0,0,0,climate,human,human,climate,human,human,0.011900000000000003,-0.0264,0.006500000000000002,-0.0136,-0.0054,0.0128,0.011900000000000003,-0.0264,0.1745350082773396,-0.4238043534460472,-0.1745350082773396,0.42380435344604733,0,0,0.001162730470440021,-7.492845897696387e-4,-0.010793324836221085,0.02553614403023252,0,0,FALSE,TRUE,FALSE,TRUE,TRUE,TRUE,TRUE,TRUE,FALSE,FALSE
observed_events_only,Oceania,2500,no_spatial_terms_selected,no_spatial_terms_selected,no_spatial_terms_selected,-0.059199999999999996,-0.0517,-0.0464,0.0133,0.0094,0.0179,0.0725,0.0611,0.0643,-0.059199999999999996,-0.0517,-0.0464,0.15501165501165504,0.13333333333333333,0.21776155717761558,0.8449883449883451,0.8666666666666666,0.7822384428223844,0,0,0,0.018243956213138124,0.0030125112241004004,0.014694100849855785,0.07740535207719201,0.054656244879729754,0.06102987453781017,0,0,0,climate,climate,climate,climate,climate,climate,0.005300000000000006,-0.007499999999999993,0.008499999999999999,0.003899999999999999,0.0031999999999999945,0.011399999999999993,0.005300000000000006,-0.007499999999999993,0.08442822384428225,0.021678321678321705,-0.08442822384428217,-0.02167832167832151,0,0,0.011681589625755384,0.015231444989037723,0.006373629658080415,0.02274910719746226,0,0,FALSE,FALSE,FALSE,FALSE,TRUE,TRUE,TRUE,TRUE,FALSE,FALSE
observed_events_only,Oceania,3000,no_spatial_terms_selected,no_spatial_terms_selected,no_spatial_terms_selected,-0.0994,-0.0879,-0.06670000000000001,0.0134,0.0275,0.0361,0.1128,0.1154,0.1028,-0.0994,-0.0879,-0.06670000000000001,0.10618066561014262,0.19244226731980407,0.2598992080633549,0.8938193343898573,0.8075577326801959,0.7401007919366451,0,0,0,0.005866008326541827,0.02250923784994141,0.018559896428875122,0.10520301972783719,0.11045925925593492,0.08520841868896567,0,0,0,climate,climate,climate,climate,climate,climate,0.021199999999999997,-0.011499999999999996,0.0086,-0.0141,-0.0126,-0.002600000000000005,0.021199999999999997,-0.011499999999999996,0.06745694074355085,-0.08626160170966145,-0.0674569407435508,0.08626160170966135,0,0,-0.003949341421066288,-0.016643229523399583,-0.025250840566969246,-0.005256239528097728,0,0,FALSE,FALSE,FALSE,FALSE,TRUE,TRUE,TRUE,TRUE,FALSE,FALSE
observed_events_only,Oceania,3500,spatial_model_estimated,spatial_model_estimated,spatial_model_estimated,-0.1321,-0.0955,-0.1059,-0.015,0.0252,0.0099,0.1283,0.1386,0.1342,-0.14329999999999998,-0.1134,-0.12430000000000001,0,0.15080789946140036,0.0671186440677966,0.9771515613099772,0.829443447037702,0.9098305084745762,0.02284843869002285,0.019748653500897665,0.023050847457627113,-0.019573029371023565,0.025837725100781972,0.006215765343897339,0.13503752780759326,0.15734023127045604,0.14894816858090043,0.014427117354110841,0.024366957942278944,0.02515378363083598,climate,climate,climate,climate,climate,climate,-0.010399999999999993,-0.036599999999999994,-0.0153,-0.0402,-0.004399999999999987,-0.010300000000000004,-0.010900000000000007,-0.029899999999999982,-0.08368925539360375,-0.15080789946140036,0.08038706143687424,0.14770811427227515,0.0033021939567294475,0.003099785189125185,-0.019621959756884633,-0.04541075447180554,-0.008392062689555613,-0.022302703462862783,7.868256885570357e-4,-0.009939840588168103,FALSE,FALSE,FALSE,FALSE,TRUE,TRUE,TRUE,TRUE,FALSE,FALSE
observed_events_only,Oceania,4000,no_spatial_terms_selected,no_spatial_terms_selected,no_spatial_terms_selected,-0.0886,-0.0678,-0.0761,-0.0124,0.0072,-0.0061,0.0762,0.075,0.07,-0.0886,-0.0678,-0.0761,0,0.08759124087591241,0,1,0.9124087591240876,1,0,0,0,-0.018645430654847472,-2.2240357317915294e-4,-0.018514252792344976,0.06997390507452272,0.06755715114683225,0.05757865653873162,0,0,0,climate,climate,climate,climate,climate,climate,-0.008300000000000002,-0.0208,-0.0133,-0.0196,-0.0049999999999999906,0.0012000000000000066,-0.008300000000000002,-0.0208,-0.08759124087591241,-0.08759124087591241,0.08759124087591241,0.08759124087591241,0,0,-0.018291849219165823,-0.01842302708166832,-0.00997849460810063,0.0024167539276904737,0,0,FALSE,FALSE,FALSE,FALSE,TRUE,TRUE,TRUE,TRUE,FALSE,FALSE
observed_events_only,Oceania,4500,missing_predictor_group,spatial_model_estimated,spatial_model_estimated,NA,-0.1138,-0.1138,NA,0.0056,0.0056,NA,0.1265,0.1265,NA,-0.12090000000000001,-0.12090000000000001,NA,0.040668119099491654,0.040668119099491654,NA,0.9186637618010168,0.9186637618010168,NA,0.040668119099491654,0.040668119099491654,NA,4.3129298816468875e-4,4.3129298816468875e-4,NA,0.12831858820765596,0.12831858820765596,NA,0.014398319450245056,0.014398319450245056,NA,climate,climate,NA,climate,climate,0,NA,0,NA,0,NA,0,NA,0,NA,0,NA,0,NA,0,NA,0,NA,0,NA,FALSE,FALSE,FALSE,FALSE,TRUE,TRUE,FALSE,FALSE,FALSE,TRUE
observed_events_only,Oceania,5000,missing_predictor_group,no_spatial_terms_selected,no_spatial_terms_selected,NA,-0.0618,-0.0618,NA,0.0016,0.0016,NA,0.0634,0.0634,NA,-0.0618,-0.0618,NA,0.024615384615384615,0.024615384615384615,NA,0.9753846153846153,0.9753846153846153,NA,0,0,NA,-0.009272622955229681,-0.009272622955229681,NA,0.052473868849698846,0.052473868849698846,NA,0,0,NA,climate,climate,NA,climate,climate,0,NA,0,NA,0,NA,0,NA,0,NA,0,NA,0,NA,0,NA,0,NA,0,NA,FALSE,FALSE,FALSE,FALSE,TRUE,TRUE,FALSE,FALSE,FALSE,TRUE
observed_events_only,Oceania,5500,missing_predictor_group,no_spatial_terms_selected,no_spatial_terms_selected,NA,-0.052700000000000004,-0.052700000000000004,NA,0.0058,0.0058,NA,0.0585,0.0585,NA,-0.052700000000000004,-0.052700000000000004,NA,0.09020217729393468,0.09020217729393468,NA,0.9097978227060655,0.9097978227060655,NA,0,0,NA,-5.869979176701401e-4,-5.869979176701401e-4,NA,0.05203762037512505,0.05203762037512505,NA,0,0,NA,climate,climate,NA,climate,climate,0,NA,0,NA,0,NA,0,NA,0,NA,0,NA,0,NA,0,NA,0,NA,0,NA,FALSE,FALSE,FALSE,FALSE,TRUE,TRUE,FALSE,FALSE,FALSE,TRUE
observed_events_only,Oceania,6000,missing_predictor_group,no_spatial_terms_selected,no_spatial_terms_selected,NA,-0.0701,-0.0701,NA,-0.0013,-0.0013,NA,0.0688,0.0688,NA,-0.0701,-0.0701,NA,0,0,NA,1,1,NA,0,0,NA,-0.00245768725440898,-0.00245768725440898,NA,0.06763023140197644,0.06763023140197644,NA,0,0,NA,climate,climate,NA,climate,climate,0,NA,0,NA,0,NA,0,NA,0,NA,0,NA,0,NA,0,NA,0,NA,0,NA,FALSE,FALSE,FALSE,FALSE,TRUE,TRUE,FALSE,FALSE,FALSE,TRUE
observed_events_only,Oceania,7000,missing_predictor_group,no_spatial_terms_selected,no_spatial_terms_selected,NA,-0.0204,-0.0204,NA,-0.0138,-0.0138,NA,0.0066,0.0066,NA,-0.0204,-0.0204,NA,0,0,NA,1,1,NA,0,0,NA,-0.016585569950388068,-0.016585569950388068,NA,0.0038261790880251834,0.0038261790880251834,NA,0,0,NA,climate,climate,NA,climate,climate,0,NA,0,NA,0,NA,0,NA,0,NA,0,NA,0,NA,0,NA,0,NA,0,NA,FALSE,FALSE,FALSE,FALSE,TRUE,TRUE,FALSE,FALSE,FALSE,TRUE
observed_events_only,Oceania,7500,missing_predictor_group,no_spatial_terms_selected,no_spatial_terms_selected,NA,-0.0581,-0.0581,NA,-0.0149,-0.0149,NA,0.0432,0.0432,NA,-0.0581,-0.0581,NA,0,0,NA,1,1,NA,0,0,NA,-0.016861016607486512,-0.016861016607486512,NA,0.04121803456624262,0.04121803456624262,NA,0,0,NA,climate,climate,NA,climate,climate,0,NA,0,NA,0,NA,0,NA,0,NA,0,NA,0,NA,0,NA,0,NA,0,NA,FALSE,FALSE,FALSE,FALSE,TRUE,TRUE,FALSE,FALSE,FALSE,TRUE
observed_events_only,Asia,2000,no_spatial_terms_selected,spatial_model_estimated,no_spatial_terms_selected,0.0032000000000000015,-0.057499999999999996,0.013700000000000004,0.0575,0.0144,0.0748,0.0543,0.0799,0.0611,0.0032000000000000015,-0.0655,0.013700000000000004,0.5143112701252236,0.11162790697674418,0.5504047093451067,0.48568872987477635,0.6193798449612403,0.44959529065489323,0,0.2689922480620155,0,0.04246504099603843,0.01646818755036783,0.066585169366843,0.039250873244280116,0.08976972207601741,0.05293117727372343,0,0.03090074284675537,0,human,climate,human,human,climate,human,0.0712,0.0607,0.06040000000000001,0.0431,-0.018799999999999997,-0.025599999999999998,0.0792,0.06870000000000001,0.4387768023683625,0.4026833631484794,-0.1697845543063471,-0.13369111508646397,-0.2689922480620155,-0.2689922480620155,0.05011698181647517,0.025996853445670598,-0.03683854480229398,-0.050518848831737295,-0.03090074284675537,-0.03090074284675537,TRUE,TRUE,TRUE,TRUE,TRUE,TRUE,TRUE,TRUE,FALSE,FALSE
observed_events_only,Asia,2500,spatial_model_estimated,spatial_model_estimated,spatial_model_estimated,-0.023900000000000005,-0.08349999999999999,-0.023,0.0421,0.0028,0.0448,0.0684,0.0904,0.0712,-0.026300000000000004,-0.0876,-0.0264,0.28388401888064735,0.02190923317683881,0.2959048877146631,0.46122724207687127,0.7073552425665102,0.47027741083223246,0.2548887390424815,0.27073552425665104,0.23381770145310435,0.024008191917298527,0.0036273321612295684,0.027048256341375754,0.0528279399376298,0.09527374064501504,0.05681537731529118,0.04122602674661291,0.03344588447269414,0.03491874700872488,climate,climate,climate,climate,climate,climate,0.06049999999999999,0.059599999999999986,0.042,0.0393,-0.019199999999999995,-0.021999999999999992,0.0612,0.06129999999999999,0.2739956545378243,0.26197478570380855,-0.2370778317342777,-0.2461280004896389,-0.03691782280354669,-0.015846785214169545,0.023420924180146185,0.02038085975606896,-0.038458363329723855,-0.04244580070738524,0.001472862536030739,0.0077801422739187664,FALSE,FALSE,FALSE,FALSE,TRUE,TRUE,TRUE,TRUE,FALSE,FALSE
observed_events_only,Asia,3000,no_spatial_terms_selected,spatial_model_estimated,spatial_model_estimated,-0.023999999999999994,-0.0817,-0.0237,0.0451,0.003,0.05,0.0691,0.0836,0.0708,-0.023999999999999994,-0.08059999999999999,-0.0208,0.3949211908931699,0.024732069249793903,0.31705770450221943,0.6050788091068301,0.6892003297609234,0.4489537095751427,0,0.2860676009892828,0.23398858592263794,0.032434173684771195,0.004389528676442711,0.040685035232763456,0.05644890873743402,0.08390523576148734,0.05859946289367257,0,0.02968615522983231,0.03425606492000011,climate,climate,climate,climate,climate,climate,0.057999999999999996,0.0577,0.047,0.0421,-0.012799999999999992,-0.014499999999999999,0.05979999999999999,0.0566,0.2923256352524255,0.37018912164337603,-0.2402466201857807,-0.08412152065409328,-0.05207901506664486,-0.2860676009892828,0.036295506556320745,0.028044645008328484,-0.02530577286781477,-0.027456327024053317,0.004569909690167795,-0.02968615522983231,FALSE,FALSE,FALSE,FALSE,TRUE,TRUE,TRUE,TRUE,FALSE,FALSE
observed_events_only,Asia,3500,no_spatial_terms_selected,no_spatial_terms_selected,no_spatial_terms_selected,-0.0686,-0.0786,-0.058499999999999996,0.0151,0.0057,0.0204,0.0837,0.0843,0.0789,-0.0686,-0.0786,-0.058499999999999996,0.152834008097166,0.06333333333333334,0.2054380664652568,0.847165991902834,0.9366666666666666,0.7945619335347431,0,0,0,0.008527977610060855,-1.8776938613784822e-4,0.009014065335113175,0.07720988108554205,0.07842311700666393,0.06745324183673074,0,0,0,climate,climate,climate,climate,climate,climate,0.020100000000000007,0.010000000000000009,0.014700000000000001,0.0094,-0.005400000000000002,-6.000000000000033e-4,0.020100000000000007,0.010000000000000009,0.14210473313192346,0.08950067476383265,-0.1421047331319235,-0.08950067476383261,0,0,0.009201834721251023,0.008715746996198703,-0.010969875169933196,-0.0012132359211218802,0,0,FALSE,FALSE,FALSE,FALSE,TRUE,TRUE,TRUE,TRUE,FALSE,FALSE
observed_events_only,Asia,4000,no_spatial_terms_selected,no_spatial_terms_selected,no_spatial_terms_selected,-0.0577,-0.06509999999999999,-0.052099999999999994,0.0107,0.0054,0.0156,0.0684,0.0705,0.0677,-0.0577,-0.06509999999999999,-0.052099999999999994,0.13527180783817952,0.07114624505928854,0.18727490996398558,0.8647281921618205,0.9288537549407114,0.8127250900360143,0,0,0,0.007442490831842341,0.004152790380215765,0.011505255746103504,0.06511955437322214,0.06932562098338813,0.06360395142389241,0,0,0,climate,climate,climate,climate,climate,climate,0.012999999999999998,0.00739999999999999,0.010199999999999999,0.005299999999999999,-0.002799999999999997,-0.0020999999999999908,0.012999999999999998,0.00739999999999999,0.11612866490469703,0.06412556277889098,-0.11612866490469709,-0.06412556277889092,0,0,0.007352465365887739,0.003289700451626576,-0.005721669559495712,-0.004206066610165982,0,0,FALSE,FALSE,FALSE,FALSE,TRUE,TRUE,TRUE,TRUE,FALSE,FALSE
observed_events_only,Asia,4500,spatial_model_estimated,spatial_model_estimated,spatial_model_estimated,-0.061,-0.058800000000000005,-0.0412,0.0201,0.0149,0.0317,0.0809,0.0736,0.0707,-0.0608,-0.0587,-0.039,0.14235127478753543,0.11695447409733126,0.2210599721059972,0.5729461756373938,0.5777080062794349,0.4930264993026499,0.28470254957507085,0.3053375196232339,0.2859135285913529,0.016887779238760614,0.0031617997605227766,0.01913186412380885,0.07758997444172622,0.0616644948091426,0.056014688679856706,0.04457513693830706,0.04069341664982973,0.04509442540241315,climate,climate,climate,climate,climate,climate,0.017600000000000005,-0.0021999999999999936,0.0168,0.0052,-0.0029,0.007300000000000001,0.019700000000000002,-0.0020999999999999977,0.10410549800866595,0.02539680069020417,-0.08468150697678495,-0.004761830642041054,-0.019423991031881027,-0.02063497004816306,0.015970064363286074,0.013725979478237837,-0.005649806129285895,0.015925479632583617,0.004401008752583424,0.0038817202884773305,FALSE,FALSE,FALSE,FALSE,TRUE,TRUE,TRUE,TRUE,FALSE,FALSE
observed_events_only,Asia,5000,spatial_model_estimated,spatial_model_estimated,spatial_model_estimated,-0.053900000000000003,-0.0465,-0.022599999999999995,0.0241,0.0241,0.0419,0.0755,0.0671,0.0625,-0.0514,-0.04300000000000001,-0.0206,0.18653250773993807,0.2149866190900981,0.3143285821455364,0.5843653250773994,0.5985727029438002,0.46886721680420107,0.22910216718266252,0.18644067796610167,0.21680420105026255,0.02125640973382603,0.012855450405264146,0.025252624903603693,0.0701144055568711,0.05238111814195079,0.043727601455932685,0.03161692383147818,0.02556105780301743,0.030049813185770824,climate,climate,climate,climate,climate,climate,0.023900000000000005,-0.007400000000000004,0.0178,0,-0.004600000000000007,0.00839999999999999,0.02240000000000001,-0.00839999999999999,0.09934196305543827,-0.028454111350160044,-0.1297054861395991,-0.014207377866400805,0.030363523084160876,0.04266148921656085,0.012397174498339547,0.008400959328561886,-0.008653516686018103,0.017733287414920307,0.0044887553827533955,0.006055866028460755,FALSE,FALSE,FALSE,FALSE,TRUE,TRUE,TRUE,TRUE,FALSE,FALSE
observed_events_only,Asia,5500,spatial_model_estimated,spatial_model_estimated,spatial_model_estimated,-0.07859999999999999,-0.0813,-0.069,0.0141,0.0048,0.0171,0.0914,0.0875,0.0857,-0.0773,-0.0827,-0.0686,0.10136592379583033,0.038740920096852295,0.12592047128129602,0.6570812365204888,0.7062146892655367,0.6310751104565537,0.2415528396836808,0.25504439063761103,0.24300441826215022,0.012361253390871907,-0.002888152510223785,0.008982727518139888,0.08828613306371291,0.08123068963003355,0.07715656162898876,0.034995704318680154,0.03176334443221074,0.03401586825799219,climate,climate,climate,climate,climate,climate,0.012299999999999991,0.002700000000000008,0.012300000000000002,0.0093,-0.001799999999999996,0.0039000000000000007,0.014100000000000001,0.005400000000000002,0.08717955118444373,0.06262500369897803,-0.07513957880898292,-0.04913345274504788,-0.012039972375460811,-0.013491550953930231,0.011870880028363673,0.015249405901095692,-0.0040741280010447856,0.007055443433679365,0.0022525238257814495,0.003232359886469416,FALSE,FALSE,FALSE,FALSE,TRUE,TRUE,TRUE,TRUE,FALSE,FALSE
observed_events_only,Asia,6000,spatial_model_estimated,no_spatial_terms_selected,no_spatial_terms_selected,-0.08850000000000001,-0.058,-0.0549,0.0083,0.0245,0.0279,0.0965,0.0825,0.0828,-0.0882,-0.058,-0.0549,0.06374807987711213,0.2289719626168224,0.2520325203252033,0.7411674347158218,0.7710280373831775,0.7479674796747968,0.19508448540706602,0,0,0.008191643727674336,0.01027111180477569,0.013933351133820882,0.09605154647184111,0.06828020523718448,0.06879776634919865,0.02754639947085369,0,0,climate,climate,climate,climate,climate,climate,0.0031000000000000055,-0.030500000000000006,0.0034000000000000002,-0.0162,2.999999999999947e-4,0.013999999999999999,0.0031000000000000055,-0.030199999999999998,0.02306055770838089,-0.16522388273971028,-0.02306055770838067,-0.029860602667355685,0,0.19508448540706602,0.0036622393290451916,-0.002079468077101354,5.175611120141754e-4,0.027771341234656632,0,0.02754639947085369,FALSE,FALSE,FALSE,FALSE,TRUE,TRUE,TRUE,TRUE,FALSE,FALSE
observed_events_only,Asia,6500,no_spatial_terms_selected,no_spatial_terms_selected,no_spatial_terms_selected,-0.1057,-0.093,-0.089,0.0016,0.0066,0.0085,0.1073,0.0996,0.0975,-0.1057,-0.093,-0.089,0.014692378328741965,0.062146892655367235,0.08018867924528301,0.985307621671258,0.9378531073446328,0.9198113207547169,0,0,0,2.521931682903933e-4,-0.002393239124602986,-0.00259837274607011,0.10592200236775884,0.09053024332947812,0.08639385909416297,0,0,0,climate,climate,climate,climate,climate,climate,0.0040000000000000036,-0.012700000000000003,0.0019000000000000006,-0.005,-0.0020999999999999908,0.007700000000000012,0.0040000000000000036,-0.012700000000000003,0.01804178658991578,-0.04745451432662527,-0.018041786589915842,0.047454514326625175,0,0,-2.05133621467124e-4,0.0026454322928933793,-0.004136384235315149,0.015391759038280717,0,0,FALSE,FALSE,FALSE,FALSE,TRUE,TRUE,TRUE,TRUE,FALSE,FALSE
observed_events_only,Asia,7000,no_spatial_terms_selected,no_spatial_terms_selected,no_spatial_terms_selected,-0.1157,-0.0968,-0.0988,0.0019,0.0125,0.0109,0.1176,0.1093,0.1097,-0.1157,-0.0968,-0.0988,0.015899581589958158,0.1026272577996716,0.09038142620232172,0.9841004184100418,0.8973727422003285,0.9096185737976782,0,0,0,8.953926992353312e-4,0.003130478006058812,0.0019491204039275845,0.11667567218980635,0.09991748729333039,0.10074329830912587,0,0,0,climate,climate,climate,climate,climate,climate,-0.0020000000000000018,-0.0189,-0.0016000000000000007,-0.0106,4.0000000000001146e-4,0.008300000000000002,-0.0020000000000000018,-0.0189,-0.01224583159734989,-0.08672767620971344,0.01224583159734971,0.08672767620971333,0,0,-0.0011813576021312278,-0.002235085306823481,8.258110157954857e-4,0.01675818489647596,0,0,FALSE,FALSE,FALSE,FALSE,TRUE,TRUE,TRUE,TRUE,FALSE,FALSE
observed_events_only,Asia,7500,no_spatial_terms_selected,no_spatial_terms_selected,no_spatial_terms_selected,-0.12869999999999998,-0.10120000000000001,-0.09759999999999999,0.008,0.0221,0.0262,0.1367,0.1233,0.1238,-0.12869999999999998,-0.10120000000000001,-0.09759999999999999,0.055286800276434005,0.15199449793672629,0.1746666666666667,0.9447131997235659,0.8480055020632737,0.8253333333333334,0,0,0,0.005631367602955906,0.006433218168668153,0.011007421556626373,0.1343284904212606,0.10765587406949517,0.10857536392210732,0,0,0,climate,climate,climate,climate,climate,climate,0.00360000000000002,-0.02749999999999997,0.0040999999999999995,-0.014100000000000001,4.999999999999866e-4,0.013399999999999981,0.00360000000000002,-0.02749999999999997,0.022672168729940406,-0.09670769766029227,-0.02267216872994038,0.09670769766029219,0,0,0.00457420338795822,-8.018505657122477e-4,9.194898526121431e-4,0.026672616351765432,0,0,FALSE,FALSE,FALSE,FALSE,TRUE,TRUE,TRUE,TRUE,FALSE,FALSE
observed_events_only,Asia,8000,spatial_model_estimated,spatial_model_estimated,spatial_model_estimated,-0.1512,-0.1415,-0.1362,0.0073,0.0093,0.0159,0.154,0.1472,0.1466,-0.1467,-0.1379,-0.1307,0.03986892408519935,0.05230596175478065,0.08576051779935275,0.8410704533042054,0.8278965129358831,0.790722761596548,0.11906062261059532,0.11979752530933634,0.12351672060409924,0.0064701731301036736,0.0011380118977120102,0.008683469910866881,0.14850455157739273,0.1354047994122657,0.13397983583633089,0.0202276908050415,0.019735699291171582,0.02253070671300783,climate,climate,climate,climate,climate,climate,0.005299999999999999,-0.009700000000000014,0.006600000000000002,-0.001999999999999999,-5.999999999999894e-4,0.0068000000000000005,0.007199999999999984,-0.008800000000000002,0.03345455604457209,-0.012437037669581305,-0.03717375133933509,0.013173940368322312,0.003719195294762903,-7.36902698741021e-4,0.007545458013154871,0.005332161232391663,-0.0014249635759348012,0.013099752165127043,0.0027950074218362486,4.91991513869916e-4,FALSE,FALSE,FALSE,FALSE,TRUE,TRUE,TRUE,TRUE,FALSE,FALSE
observed_events_only,Asia,8500,spatial_model_estimated,spatial_model_estimated,spatial_model_estimated,-0.1448,-0.15239999999999998,-0.1388,0.0121,0.0047,0.0154,0.1589,0.1601,0.1562,-0.1468,-0.15539999999999998,-0.1408,0.06561822125813449,0.02649379932356257,0.08328826392644673,0.8617136659436009,0.9024802705749717,0.8447809626825311,0.07266811279826464,0.07102593010146561,0.07193077339102216,0.006529051854376466,-5.229415731253795e-4,0.007069334322975629,0.15529988412804896,0.15787643979815325,0.1498731290057035,0.01687526163073272,0.015566280262206522,0.01675064387324643,climate,climate,climate,climate,climate,climate,0.013599999999999973,0.007599999999999968,0.010700000000000001,0.0073999999999999995,-0.003899999999999987,-0.0011999999999999789,0.014599999999999974,0.008599999999999969,0.056794464602884155,0.03912442193457192,-0.0576993078924406,-0.04076660463137083,9.048432895565478e-4,0.0016421826967990272,0.007592275896101008,0.007051993427501846,-0.008003310792449758,-0.0025765556701042858,0.001184363611039907,0.0013089813685261964,FALSE,FALSE,FALSE,FALSE,TRUE,TRUE,TRUE,TRUE,FALSE,FALSE
observed_events_only,Oceania,6500,missing_predictor_group,no_spatial_terms_selected,no_spatial_terms_selected,NA,-0.09899999999999999,-0.09899999999999999,NA,-0.0124,-0.0124,NA,0.0866,0.0866,NA,-0.09899999999999999,-0.09899999999999999,NA,0,0,NA,1,1,NA,0,0,NA,-0.014284128788675687,-0.014284128788675687,NA,0.0847416137721142,0.0847416137721142,NA,0,0,NA,climate,climate,NA,climate,climate,0,NA,0,NA,0,NA,0,NA,0,NA,0,NA,0,NA,0,NA,0,NA,0,NA,FALSE,FALSE,FALSE,FALSE,TRUE,TRUE,FALSE,FALSE,FALSE,TRUE
observed_events_only,Oceania,8000,missing_predictor_group,no_spatial_terms_selected,no_spatial_terms_selected,NA,-0.058499999999999996,-0.058499999999999996,NA,8e-4,8e-4,NA,0.0593,0.0593,NA,-0.058499999999999996,-0.058499999999999996,NA,0.013311148086522463,0.013311148086522463,NA,0.9866888519134775,0.9866888519134775,NA,0,0,NA,-0.0014825173685475423,-0.0014825173685475423,NA,0.05701414757543877,0.05701414757543877,NA,0,0,NA,climate,climate,NA,climate,climate,0,NA,0,NA,0,NA,0,NA,0,NA,0,NA,0,NA,0,NA,0,NA,0,NA,FALSE,FALSE,FALSE,FALSE,TRUE,TRUE,FALSE,FALSE,FALSE,TRUE
observed_events_only,Oceania,8500,missing_predictor_group,spatial_model_estimated,spatial_model_estimated,NA,-0.06649999999999999,-0.06649999999999999,NA,-0.001,-0.001,NA,0.056,0.056,NA,-0.057,-0.057,NA,0,0,NA,0.5189990732159407,0.5189990732159407,NA,0.48100092678405937,0.48100092678405937,NA,-0.008040047758109958,-0.008040047758109958,NA,0.039318414751736586,0.039318414751736586,NA,0.0380706989552162,0.0380706989552162,NA,climate,climate,NA,climate,climate,0,NA,0,NA,0,NA,0,NA,0,NA,0,NA,0,NA,0,NA,0,NA,0,NA,FALSE,FALSE,FALSE,FALSE,TRUE,TRUE,FALSE,FALSE,FALSE,TRUE
