analysis,model_id,dataset_id,region,climatezone,adjusted_r_squared,human_importance_bounded,human_importance_signed,climatezone_label
spatial_spd,analysis=spatial_spd|dataset_id=46516|region=Europe|climatezone=Cold_Without_dry_season_Warm_Summer,46516,Europe,Cold - Warm Summer,0.273,0.06156101135947233,0.06153846153846153,CWS
spatial_spd,analysis=spatial_spd|dataset_id=26606|region=North America|climatezone=Cold_Without_dry_season_Warm_Summer,26606,North America,Cold - Warm Summer,0.672,0.30117612029179697,0.30104166666666665,CWS
spatial_spd,analysis=spatial_spd|dataset_id=48966|region=Europe|climatezone=Temperate_Without_dry_season,48966,Europe,Temperate,0.505,0,-0.025544554455445543,TMP
spatial_spd,analysis=spatial_spd|dataset_id=3565|region=North America|climatezone=Cold_Without_dry_season_Warm_Summer,3565,North America,Cold - Warm Summer,0.78,0.04266495836002563,0.042692307692307696,CWS
spatial_spd,analysis=spatial_spd|dataset_id=3032|region=North America|climatezone=Cold_Without_dry_season_Warm_Summer,3032,North America,Cold - Warm Summer,0.316,0.5270826734241368,0.5265822784810126,CWS
spatial_spd,analysis=spatial_spd|dataset_id=4383|region=Europe|climatezone=Cold_Without_dry_season_Warm_Summer,4383,Europe,Cold - Warm Summer,0.092,1,1.4271739130434782,CWS
spatial_spd,analysis=spatial_spd|dataset_id=45377|region=Europe|climatezone=Cold_Without_dry_season_Warm_Summer,45377,Europe,Cold - Warm Summer,0.258,0.2706155632984901,0.27093023255813953,CWS
spatial_spd,analysis=spatial_spd|dataset_id=236|region=North America|climatezone=Cold_Without_dry_season_Warm_Summer,236,North America,Cold - Warm Summer,0.282,0.04143059490084986,0.041489361702127664,CWS
spatial_spd,analysis=spatial_spd|dataset_id=4170|region=Europe|climatezone=Cold_Without_dry_season_Warm_Summer,4170,Europe,Cold - Warm Summer,0.494,0,-0.05202429149797571,CWS
spatial_spd,analysis=spatial_spd|dataset_id=25372|region=Europe|climatezone=Temperate_Without_dry_season,25372,Europe,Temperate,0.467,0.18709815687955422,0.18693790149892933,TMP
spatial_spd,analysis=spatial_spd|dataset_id=2642|region=North America|climatezone=Cold_Dry_Summer,2642,North America,Cold - Dry Summer,0.773,0.08952134540750323,0.08952134540750323,CDS
spatial_spd,analysis=spatial_spd|dataset_id=46544|region=Europe|climatezone=Cold_Without_dry_season_Warm_Summer,46544,Europe,Cold - Warm Summer,0.398,0.05226130653266332,0.05226130653266331,CWS
spatial_spd,analysis=spatial_spd|dataset_id=982|region=North America|climatezone=Cold_Without_dry_season_Warm_Summer,982,North America,Cold - Warm Summer,0.439,0.15589440145653163,0.1560364464692483,CWS
spatial_spd,analysis=spatial_spd|dataset_id=26448|region=Europe|climatezone=Cold_Without_dry_season_Cold_Summer,26448,Europe,Cold - Cold Summer,0.381,0.3285189075630252,0.32834645669291335,CCS
spatial_spd,analysis=spatial_spd|dataset_id=4042|region=Europe|climatezone=Cold_Without_dry_season_Warm_Summer,4042,Europe,Cold - Warm Summer,0.629,0.6328510096994753,0.6327503974562798,CWS
spatial_spd,analysis=spatial_spd|dataset_id=3487|region=North America|climatezone=Cold_Without_dry_season_Hot_Summer,3487,North America,Cold - Hot Summer,0.274,0,-0.15145985401459855,CHS
spatial_spd,analysis=spatial_spd|dataset_id=21675|region=Latin America|climatezone=Tropical,21675,Latin America,Tropical,0.576,0.5775577557755776,0.5772569444444445,TRO
spatial_spd,analysis=spatial_spd|dataset_id=26499|region=Europe|climatezone=Polar,26499,Europe,Polar,0.344,0.6213310084277827,0.6215116279069768,POL
spatial_spd,analysis=spatial_spd|dataset_id=24840|region=Europe|climatezone=Temperate_Without_dry_season,24840,Europe,Temperate,0.414,0.8073859522085446,0.8079710144927537,TMP
spatial_spd,analysis=spatial_spd|dataset_id=2395|region=Latin America|climatezone=Tropical,2395,Latin America,Tropical,0.219,0.7529680365296804,0.7529680365296804,TRO
spatial_spd,analysis=spatial_spd|dataset_id=45347|region=Europe|climatezone=Polar,45347,Europe,Polar,0.528,0.10431654676258993,0.1043560606060606,POL
spatial_spd,analysis=spatial_spd|dataset_id=15922|region=North America|climatezone=Cold_Without_dry_season_Warm_Summer,15922,North America,Cold - Warm Summer,0.551,0.34392014519056263,0.3439201451905626,CWS
spatial_spd,analysis=spatial_spd|dataset_id=1010|region=North America|climatezone=Cold_Without_dry_season_Cold_Summer,1010,North America,Cold - Cold Summer,0.347,0.45349841635473653,0.4538904899135447,CCS
spatial_spd,analysis=spatial_spd|dataset_id=4542|region=Europe|climatezone=Cold_Without_dry_season_Cold_Summer,4542,Europe,Cold - Cold Summer,0.512,0.011721039265481539,0.01171875,CCS
spatial_spd,analysis=spatial_spd|dataset_id=14944|region=North America|climatezone=Cold_Dry_Summer,14944,North America,Cold - Dry Summer,0.606,0.7723295360739639,0.7719471947194719,CDS
spatial_spd,analysis=spatial_spd|dataset_id=17402|region=North America|climatezone=Cold_Without_dry_season_Cold_Summer,17402,North America,Cold - Cold Summer,0.247,0.3565076798706548,0.357085020242915,CCS
spatial_spd,analysis=spatial_spd|dataset_id=234|region=North America|climatezone=Cold_Dry_Summer,234,North America,Cold - Dry Summer,0.426,0.15056285178236395,0.15070422535211267,CDS
spatial_spd,analysis=spatial_spd|dataset_id=16081|region=North America|climatezone=Cold_Without_dry_season_Warm_Summer,16081,North America,Cold - Warm Summer,0.295,0,-0.07457627118644068,CWS
spatial_spd,analysis=spatial_spd|dataset_id=41421|region=Europe|climatezone=Temperate_Without_dry_season,41421,Europe,Temperate,0.372,0.042987641053197204,0.043010752688172046,TMP
spatial_spd,analysis=spatial_spd|dataset_id=1451|region=North America|climatezone=Cold_Without_dry_season_Warm_Summer,1451,North America,Cold - Warm Summer,0.358,0.2668343112601285,0.2667597765363129,CWS
spatial_spd,analysis=spatial_spd|dataset_id=785|region=North America|climatezone=Cold_Without_dry_season_Warm_Summer,785,North America,Cold - Warm Summer,0.631,0.3377714376287843,0.33771790808240887,CWS
spatial_spd,analysis=spatial_spd|dataset_id=2311|region=North America|climatezone=Cold_Without_dry_season_Cold_Summer,2311,North America,Cold - Cold Summer,0.786,0.09222745197811982,0.09223918575063612,CCS
spatial_spd,analysis=spatial_spd|dataset_id=3900|region=Europe|climatezone=Temperate_Without_dry_season,3900,Europe,Temperate,0.126,0,-0.3523809523809524,TMP
spatial_spd,analysis=spatial_spd|dataset_id=2053|region=North America|climatezone=Cold_Without_dry_season_Warm_Summer,2053,North America,Cold - Warm Summer,0.336,0,-0.07559523809523809,CWS
spatial_spd,analysis=spatial_spd|dataset_id=1149|region=North America|climatezone=Cold_Without_dry_season_Warm_Summer,1149,North America,Cold - Warm Summer,0.592,0.3773425628904271,0.3775337837837838,CWS
spatial_spd,analysis=spatial_spd|dataset_id=46998|region=Latin America|climatezone=Temperate_Without_dry_season,46998,Latin America,Temperate,0.078,0.16538461538461538,0.16538461538461538,TMP
spatial_spd,analysis=spatial_spd|dataset_id=46490|region=Europe|climatezone=Cold_Without_dry_season_Warm_Summer,46490,Europe,Cold - Warm Summer,0.417,0.13222942164626833,0.13213429256594725,CWS
spatial_spd,analysis=spatial_spd|dataset_id=210|region=North America|climatezone=Arid,210,North America,Arid,0.544,0.2739146431199412,0.2737132352941176,ARD
spatial_spd,analysis=spatial_spd|dataset_id=4136|region=Europe|climatezone=Cold_Without_dry_season_Cold_Summer,4136,Europe,Cold - Cold Summer,0.241,0.045228215767634854,0.045228215767634854,CCS
spatial_spd,analysis=spatial_spd|dataset_id=45192|region=Europe|climatezone=Temperate_Dry_Summer,45192,Europe,Temperate - Dry Summer,0.591,0,-0.0010152284263959391,TDS
spatial_spd,analysis=spatial_spd|dataset_id=15232|region=North America|climatezone=Cold_Without_dry_season_Cold_Summer,15232,North America,Cold - Cold Summer,0.133,0.22171945701357465,0.22105263157894736,CCS
spatial_spd,analysis=spatial_spd|dataset_id=41467|region=Europe|climatezone=Temperate_Without_dry_season,41467,Europe,Temperate,0.482,0.34738372093023256,0.34709543568464735,TMP
spatial_spd,analysis=spatial_spd|dataset_id=3938|region=Europe|climatezone=Cold_Without_dry_season_Warm_Summer,3938,Europe,Cold - Warm Summer,0.184,0,-0.12065217391304349,CWS
spatial_spd,analysis=spatial_spd|dataset_id=2619|region=North America|climatezone=Temperate_Dry_Summer,2619,North America,Temperate - Dry Summer,0.198,0.6219635627530364,0.6207070707070707,TDS
spatial_spd,analysis=spatial_spd|dataset_id=22988|region=Europe|climatezone=Polar,22988,Europe,Polar,0.349,0.06183796163756084,0.06189111747851003,POL
spatial_spd,analysis=spatial_spd|dataset_id=46803|region=North America|climatezone=Cold_Without_dry_season_Cold_Summer,46803,North America,Cold - Cold Summer,0.53,0.36464817958875684,0.36471698113207546,CCS
spatial_spd,analysis=spatial_spd|dataset_id=24195|region=Europe|climatezone=Cold_Without_dry_season_Cold_Summer,24195,Europe,Cold - Cold Summer,0.322,0,-0.059627329192546576,CCS
spatial_spd,analysis=spatial_spd|dataset_id=306|region=North America|climatezone=Cold_Without_dry_season_Cold_Summer,306,North America,Cold - Cold Summer,0.638,0.011910358877918822,0.011912225705329153,CCS
spatial_spd,analysis=spatial_spd|dataset_id=847|region=North America|climatezone=Cold_Without_dry_season_Hot_Summer,847,North America,Cold - Hot Summer,0.061,0.8420195439739414,0.8475409836065575,CHS
spatial_spd,analysis=spatial_spd|dataset_id=45322|region=Europe|climatezone=Temperate_Dry_Summer,45322,Europe,Temperate - Dry Summer,0.222,0.04966139954853273,0.04954954954954954,TDS
spatial_spd,analysis=spatial_spd|dataset_id=18108|region=North America|climatezone=Cold_Without_dry_season_Cold_Summer,18108,North America,Cold - Cold Summer,0.205,0.36403508771929827,0.36439024390243907,CCS
spatial_spd,analysis=spatial_spd|dataset_id=42745|region=North America|climatezone=Cold_Without_dry_season_Cold_Summer,42745,North America,Cold - Cold Summer,0.114,0,-0.013157894736842105,CCS
spatial_spd,analysis=spatial_spd|dataset_id=17689|region=North America|climatezone=Cold_Without_dry_season_Warm_Summer,17689,North America,Cold - Warm Summer,0.422,0.2821301775147929,0.28246445497630335,CWS
spatial_spd,analysis=spatial_spd|dataset_id=340|region=North America|climatezone=Cold_Without_dry_season_Warm_Summer,340,North America,Cold - Warm Summer,0.39,0.2318356867779204,0.23153846153846155,CWS
spatial_spd,analysis=spatial_spd|dataset_id=40634|region=Europe|climatezone=Cold_Without_dry_season_Cold_Summer,40634,Europe,Cold - Cold Summer,0.21,0.060057197330791234,0.060000000000000005,CCS
spatial_spd,analysis=spatial_spd|dataset_id=15970|region=North America|climatezone=Cold_Without_dry_season_Cold_Summer,15970,North America,Cold - Cold Summer,0.55,0.057090909090909095,0.05709090909090908,CCS
spatial_spd,analysis=spatial_spd|dataset_id=17391|region=North America|climatezone=Cold_Without_dry_season_Cold_Summer,17391,North America,Cold - Cold Summer,0.202,0,-0.14158415841584157,CCS
spatial_spd,analysis=spatial_spd|dataset_id=4539|region=Europe|climatezone=Cold_Without_dry_season_Cold_Summer,4539,Europe,Cold - Cold Summer,0.246,0.14320585842148087,0.14308943089430895,CCS
spatial_spd,analysis=spatial_spd|dataset_id=25285|region=Europe|climatezone=Temperate_Without_dry_season,25285,Europe,Temperate,0.422,0.1268939393939394,0.12701421800947868,TMP
spatial_spd,analysis=spatial_spd|dataset_id=20293|region=Europe|climatezone=Cold_Without_dry_season_Cold_Summer,20293,Europe,Cold - Cold Summer,0.487,0.10926268227562128,0.10924024640657085,CCS
spatial_spd,analysis=spatial_spd|dataset_id=4251|region=Europe|climatezone=Temperate_Without_dry_season,4251,Europe,Temperate,0.556,0.5248876909254269,0.5253597122302158,TMP
spatial_spd,analysis=spatial_spd|dataset_id=22773|region=Europe|climatezone=Cold_Without_dry_season_Cold_Summer,22773,Europe,Cold - Cold Summer,0.356,0.5423347398030942,0.5415730337078651,CCS
spatial_spd,analysis=spatial_spd|dataset_id=784|region=Europe|climatezone=Temperate_Without_dry_season,784,Europe,Temperate,0.348,0,-0.06379310344827586,TMP
spatial_spd,analysis=spatial_spd|dataset_id=4472|region=Europe|climatezone=Cold_Without_dry_season_Cold_Summer,4472,Europe,Cold - Cold Summer,0.331,0.04954682779456194,0.04954682779456194,CCS
spatial_spd,analysis=spatial_spd|dataset_id=45383|region=Europe|climatezone=Cold_Without_dry_season_Warm_Summer,45383,Europe,Cold - Warm Summer,0.728,0.10883605881544593,0.10879120879120881,CWS
spatial_spd,analysis=spatial_spd|dataset_id=40564|region=Europe|climatezone=Cold_Without_dry_season_Warm_Summer,40564,Europe,Cold - Warm Summer,0.404,0.0450272142503711,0.04504950495049505,CWS
spatial_spd,analysis=spatial_spd|dataset_id=13051|region=North America|climatezone=Cold_Without_dry_season_Warm_Summer,13051,North America,Cold - Warm Summer,0.282,0.010301953818827706,0.010283687943262412,CWS
spatial_spd,analysis=spatial_spd|dataset_id=4197|region=Europe|climatezone=Temperate_Without_dry_season,4197,Europe,Temperate,0.039,1,1.4923076923076923,TMP
spatial_spd,analysis=spatial_spd|dataset_id=15783|region=North America|climatezone=Polar,15783,North America,Polar,0.263,0.38344722854973434,0.3840304182509506,POL
spatial_spd,analysis=spatial_spd|dataset_id=4373|region=Europe|climatezone=Temperate_Without_dry_season,4373,Europe,Temperate,0.13,0.5230769230769231,0.5230769230769231,TMP
spatial_spd,analysis=spatial_spd|dataset_id=45722|region=Europe|climatezone=Cold_Without_dry_season_Warm_Summer,45722,Europe,Cold - Warm Summer,0.711,0.36580908196260364,0.3659634317862166,CWS
spatial_spd,analysis=spatial_spd|dataset_id=2270|region=North America|climatezone=Cold_Without_dry_season_Hot_Summer,2270,North America,Cold - Hot Summer,0.454,0.20176211453744494,0.20176211453744494,CHS
spatial_spd,analysis=spatial_spd|dataset_id=15201|region=North America|climatezone=Cold_Without_dry_season_Cold_Summer,15201,North America,Cold - Cold Summer,0.275,0.3138181818181818,0.3138181818181818,CCS
spatial_spd,analysis=spatial_spd|dataset_id=260|region=North America|climatezone=Cold_Without_dry_season_Warm_Summer,260,North America,Cold - Warm Summer,0.396,0.115539858728557,0.11565656565656565,CWS
spatial_spd,analysis=spatial_spd|dataset_id=21539|region=Latin America|climatezone=Tropical,21539,Latin America,Tropical,0.532,0.34185303514376997,0.3419172932330827,TRO
spatial_spd,analysis=spatial_spd|dataset_id=15829|region=North America|climatezone=Polar,15829,North America,Polar,0.53,0.030772135170851426,0.030754716981132073,POL
spatial_spd,analysis=spatial_spd|dataset_id=14799|region=North America|climatezone=Cold_Dry_Summer,14799,North America,Cold - Dry Summer,0.109,0.04032997250229148,0.04036697247706422,CDS
spatial_spd,analysis=spatial_spd|dataset_id=4056|region=Europe|climatezone=Temperate_Without_dry_season,4056,Europe,Temperate,0.685,0.8383469626168224,0.8381021897810219,TMP
spatial_spd,analysis=spatial_spd|dataset_id=2617|region=North America|climatezone=Cold_Without_dry_season_Hot_Summer,2617,North America,Cold - Hot Summer,0.405,0.4311111111111111,0.4311111111111111,CHS
spatial_spd,analysis=spatial_spd|dataset_id=42671|region=Europe|climatezone=Cold_Without_dry_season_Warm_Summer,42671,Europe,Cold - Warm Summer,0.486,0.10726786081943587,0.10720164609053498,CWS
spatial_spd,analysis=spatial_spd|dataset_id=4058|region=Europe|climatezone=Cold_Without_dry_season_Cold_Summer,4058,Europe,Cold - Cold Summer,0.083,0,-0.43614457831325304,CCS
spatial_spd,analysis=spatial_spd|dataset_id=20613|region=North America|climatezone=Cold_Without_dry_season_Warm_Summer,20613,North America,Cold - Warm Summer,0.456,0.16395961369622475,0.16381578947368422,CWS
spatial_spd,analysis=spatial_spd|dataset_id=15738|region=North America|climatezone=Cold_Without_dry_season_Cold_Summer,15738,North America,Cold - Cold Summer,0.491,0.1638510075310401,0.16395112016293278,CCS
spatial_spd,analysis=spatial_spd|dataset_id=2287|region=North America|climatezone=Cold_Without_dry_season_Warm_Summer,2287,North America,Cold - Warm Summer,0.595,0.33641715727502103,0.33613445378151263,CWS
spatial_spd,analysis=spatial_spd|dataset_id=22842|region=Europe|climatezone=Cold_Without_dry_season_Cold_Summer,22842,Europe,Cold - Cold Summer,0.112,0,-0.3026785714285714,CCS
spatial_spd,analysis=spatial_spd|dataset_id=15288|region=North America|climatezone=Temperate_Without_dry_season,15288,North America,Temperate,0.333,0.5243243243243243,0.5243243243243243,TMP
spatial_spd,analysis=spatial_spd|dataset_id=21762|region=Latin America|climatezone=Polar,21762,Latin America,Polar,0.372,0.17320085929108486,0.17338709677419356,POL
spatial_spd,analysis=spatial_spd|dataset_id=1148|region=North America|climatezone=Temperate_Dry_Summer,1148,North America,Temperate - Dry Summer,0.457,0.25027370264944165,0.250109409190372,TDS
spatial_spd,analysis=spatial_spd|dataset_id=48721|region=North America|climatezone=Cold_Dry_Summer,48721,North America,Cold - Dry Summer,0.233,0.32560137457044674,0.3253218884120172,CDS
spatial_spd,analysis=spatial_spd|dataset_id=24467|region=Europe|climatezone=Temperate_Without_dry_season,24467,Europe,Temperate,0.272,0.36600587371512483,0.3665441176470588,TMP
spatial_spd,analysis=spatial_spd|dataset_id=1450|region=North America|climatezone=Cold_Without_dry_season_Warm_Summer,1450,North America,Cold - Warm Summer,0.235,0.6879795396419438,0.6868085106382978,CWS
spatial_spd,analysis=spatial_spd|dataset_id=23004|region=Europe|climatezone=Cold_Without_dry_season_Warm_Summer,23004,Europe,Cold - Warm Summer,0.188,0.0015957446808510637,0.0015957446808510637,CWS
spatial_spd,analysis=spatial_spd|dataset_id=2292|region=North America|climatezone=Cold_Without_dry_season_Warm_Summer,2292,North America,Cold - Warm Summer,0.239,0.45641240569991615,0.4556485355648536,CWS
spatial_spd,analysis=spatial_spd|dataset_id=2391|region=North America|climatezone=Cold_Without_dry_season_Warm_Summer,2391,North America,Cold - Warm Summer,0.292,0.1724374357216318,0.17226027397260274,CWS
spatial_spd,analysis=spatial_spd|dataset_id=1024|region=North America|climatezone=Polar,1024,North America,Polar,0.676,0.25942350332594233,0.2596153846153846,POL
spatial_spd,analysis=spatial_spd|dataset_id=1642|region=North America|climatezone=Temperate_Dry_Summer,1642,North America,Temperate - Dry Summer,0.151,0.9887118193891101,0.9860927152317881,TDS
spatial_spd,analysis=spatial_spd|dataset_id=15785|region=North America|climatezone=Polar,15785,North America,Polar,0.333,0,-0.00960960960960961,POL
spatial_spd,analysis=spatial_spd|dataset_id=1735|region=North America|climatezone=Cold_Without_dry_season_Hot_Summer,1735,North America,Cold - Hot Summer,0.343,0.5360163312919218,0.5358600583090378,CHS
spatial_spd,analysis=spatial_spd|dataset_id=22711|region=Europe|climatezone=Temperate_Without_dry_season,22711,Europe,Temperate,0.471,0.37274464020377845,0.372823779193206,TMP
spatial_spd,analysis=spatial_spd|dataset_id=24348|region=Europe|climatezone=Cold_Without_dry_season_Cold_Summer,24348,Europe,Cold - Cold Summer,0.19,0,-0.10999999999999999,CCS
spatial_spd,analysis=spatial_spd|dataset_id=40992|region=North America|climatezone=Cold_Without_dry_season_Warm_Summer,40992,North America,Cold - Warm Summer,0.325,0.17610837438423646,0.176,CWS
spatial_spd,analysis=spatial_spd|dataset_id=1786|region=North America|climatezone=Cold_Without_dry_season_Warm_Summer,1786,North America,Cold - Warm Summer,0.247,0.08576051779935275,0.08582995951417004,CWS
spatial_spd,analysis=spatial_spd|dataset_id=878|region=North America|climatezone=Cold_Without_dry_season_Warm_Summer,878,North America,Cold - Warm Summer,0.129,0.7027863777089783,0.7038759689922481,CWS
spatial_spd,analysis=spatial_spd|dataset_id=44951|region=Europe|climatezone=Cold_Without_dry_season_Warm_Summer,44951,Europe,Cold - Warm Summer,0.308,9.740259740259739e-4,9.740259740259739e-4,CWS
spatial_spd,analysis=spatial_spd|dataset_id=328|region=North America|climatezone=Temperate_Without_dry_season,328,North America,Temperate,0.31,0.4584139264990328,0.4587096774193548,TMP
spatial_spd,analysis=spatial_spd|dataset_id=40997|region=Asia|climatezone=Cold_Dry_Winter,40997,Asia,Cold - Dry Winter,0.318,0,-0.024842767295597486,CDW
spatial_spd,analysis=spatial_spd|dataset_id=42692|region=Europe|climatezone=Cold_Without_dry_season_Warm_Summer,42692,Europe,Cold - Warm Summer,0.273,0,-0.0010989010989010987,CWS
spatial_spd,analysis=spatial_spd|dataset_id=1968|region=North America|climatezone=Cold_Without_dry_season_Warm_Summer,1968,North America,Cold - Warm Summer,0.606,0.40524925718058763,0.4051155115511551,CWS
spatial_spd,analysis=spatial_spd|dataset_id=309|region=North America|climatezone=Cold_Without_dry_season_Warm_Summer,309,North America,Cold - Warm Summer,0.379,0.2987595671681182,0.29868073878627965,CWS
spatial_spd,analysis=spatial_spd|dataset_id=34553|region=Oceania|climatezone=Temperate_Without_dry_season,34553,Oceania,Temperate,0.528,0,-0.10624999999999998,TMP
spatial_spd,analysis=spatial_spd|dataset_id=46730|region=North America|climatezone=Cold_Without_dry_season_Cold_Summer,46730,North America,Cold - Cold Summer,0.254,0.19748229740361922,0.19763779527559056,CCS
spatial_spd,analysis=spatial_spd|dataset_id=232|region=North America|climatezone=Temperate_Without_dry_season,232,North America,Temperate,0.467,0.2096808738487899,0.20963597430406852,TMP
spatial_spd,analysis=spatial_spd|dataset_id=1719|region=North America|climatezone=Cold_Without_dry_season_Warm_Summer,1719,North America,Cold - Warm Summer,0.482,0.21074465878448456,0.2107883817427386,CWS
spatial_spd,analysis=spatial_spd|dataset_id=41027|region=North America|climatezone=Cold_Without_dry_season_Warm_Summer,41027,North America,Cold - Warm Summer,0.641,0.2952380952380952,0.29500780031201246,CWS
spatial_spd,analysis=spatial_spd|dataset_id=45728|region=Europe|climatezone=Cold_Without_dry_season_Warm_Summer,45728,Europe,Cold - Warm Summer,0.115,0.20121951219512194,0.2008695652173913,CWS
spatial_spd,analysis=spatial_spd|dataset_id=29236|region=Europe|climatezone=Cold_Without_dry_season_Warm_Summer,29236,Europe,Cold - Warm Summer,0.312,0.09615384615384617,0.09615384615384615,CWS
spatial_spd,analysis=spatial_spd|dataset_id=1841|region=North America|climatezone=Cold_Without_dry_season_Warm_Summer,1841,North America,Cold - Warm Summer,0.355,0.4299802761341223,0.42985915492957755,CWS
spatial_spd,analysis=spatial_spd|dataset_id=24118|region=Europe|climatezone=Cold_Without_dry_season_Warm_Summer,24118,Europe,Cold - Warm Summer,0.427,0.12470753392606458,0.12482435597189696,CWS
spatial_spd,analysis=spatial_spd|dataset_id=21807|region=Latin America|climatezone=Tropical,21807,Latin America,Tropical,0.763,0.28502162232996986,0.28505897771952815,TRO
spatial_spd,analysis=spatial_spd|dataset_id=41631|region=Europe|climatezone=Cold_Without_dry_season_Warm_Summer,41631,Europe,Cold - Warm Summer,0.606,0.1628137384412153,0.1627062706270627,CWS
spatial_spd,analysis=spatial_spd|dataset_id=24061|region=Europe|climatezone=Cold_Without_dry_season_Cold_Summer,24061,Europe,Cold - Cold Summer,0.214,0.007490636704119851,0.007476635514018692,CCS
spatial_spd,analysis=spatial_spd|dataset_id=4198|region=Europe|climatezone=Temperate_Without_dry_season,4198,Europe,Temperate,0.062,0.32905296950240775,0.3306451612903226,TMP
spatial_spd,analysis=spatial_spd|dataset_id=15667|region=North America|climatezone=Cold_Without_dry_season_Cold_Summer,15667,North America,Cold - Cold Summer,0.32,1,1.1515625,CCS
spatial_spd,analysis=spatial_spd|dataset_id=859|region=North America|climatezone=Cold_Without_dry_season_Cold_Summer,859,North America,Cold - Cold Summer,0.449,0.051493535443602315,0.05144766146993318,CCS
spatial_spd,analysis=spatial_spd|dataset_id=15462|region=North America|climatezone=Cold_Without_dry_season_Cold_Summer,15462,North America,Cold - Cold Summer,0.506,0.15363349131121642,0.15375494071146245,CCS
spatial_spd,analysis=spatial_spd|dataset_id=14274|region=Europe|climatezone=Temperate_Without_dry_season,14274,Europe,Temperate,0.505,0.3147157853040206,0.31465346534653466,TMP
spatial_spd,analysis=spatial_spd|dataset_id=203|region=North America|climatezone=Temperate_Without_dry_season,203,North America,Temperate,0.365,0.44085432639649513,0.4410958904109589,TMP
spatial_spd,analysis=spatial_spd|dataset_id=17320|region=North America|climatezone=Cold_Without_dry_season_Cold_Summer,17320,North America,Cold - Cold Summer,0.311,0.5523778920308483,0.552733118971061,CCS
spatial_spd,analysis=spatial_spd|dataset_id=308|region=North America|climatezone=Cold_Without_dry_season_Warm_Summer,308,North America,Cold - Warm Summer,0.524,0.3826053786000382,0.382824427480916,CWS
spatial_spd,analysis=spatial_spd|dataset_id=2385|region=North America|climatezone=Cold_Without_dry_season_Hot_Summer,2385,North America,Cold - Hot Summer,0.134,1,1.0082089552238804,CHS
spatial_spd,analysis=spatial_spd|dataset_id=26608|region=Europe|climatezone=Temperate_Dry_Summer,26608,Europe,Temperate - Dry Summer,0.614,0,-0.016938110749185668,TDS
spatial_spd,analysis=spatial_spd|dataset_id=20188|region=North America|climatezone=Polar,20188,North America,Polar,0.296,0,-0.002364864864864865,POL
spatial_spd,analysis=spatial_spd|dataset_id=3879|region=Europe|climatezone=Temperate_Without_dry_season,3879,Europe,Temperate,0.367,0.36794766966475884,0.36784741144414174,TMP
spatial_spd,analysis=spatial_spd|dataset_id=15925|region=North America|climatezone=Cold_Without_dry_season_Warm_Summer,15925,North America,Cold - Warm Summer,0.364,0.18578485181119647,0.185989010989011,CWS
spatial_spd,analysis=spatial_spd|dataset_id=15919|region=North America|climatezone=Cold_Without_dry_season_Warm_Summer,15919,North America,Cold - Warm Summer,0.842,0.28074135677794937,0.2806413301662708,CWS
spatial_spd,analysis=spatial_spd|dataset_id=1432|region=North America|climatezone=Cold_Dry_Summer,1432,North America,Cold - Dry Summer,0.671,0.1370067014147431,0.13710879284649774,CDS
spatial_spd,analysis=spatial_spd|dataset_id=48895|region=North America|climatezone=Cold_Without_dry_season_Warm_Summer,48895,North America,Cold - Warm Summer,0.643,0.2765428260531634,0.27667185069984446,CWS
spatial_spd,analysis=spatial_spd|dataset_id=2373|region=North America|climatezone=Cold_Without_dry_season_Warm_Summer,2373,North America,Cold - Warm Summer,0.544,0.07847822091527294,0.07849264705882353,CWS
spatial_spd,analysis=spatial_spd|dataset_id=518|region=North America|climatezone=Cold_Without_dry_season_Warm_Summer,518,North America,Cold - Warm Summer,0.182,1,1.1032967032967034,CWS
spatial_spd,analysis=spatial_spd|dataset_id=1445|region=North America|climatezone=Cold_Without_dry_season_Cold_Summer,1445,North America,Cold - Cold Summer,0.155,0.7456423499031634,0.7451612903225807,CCS
spatial_spd,analysis=spatial_spd|dataset_id=1835|region=North America|climatezone=Polar,1835,North America,Polar,0.592,0.12881985480330913,0.12888513513513516,POL
spatial_spd,analysis=spatial_spd|dataset_id=15325|region=North America|climatezone=Cold_Without_dry_season_Warm_Summer,15325,North America,Cold - Warm Summer,0.101,0,-0.06138613861386138,CWS
spatial_spd,analysis=spatial_spd|dataset_id=1823|region=North America|climatezone=Polar,1823,North America,Polar,0.246,0.01947261663286004,0.01951219512195122,POL
spatial_spd,analysis=spatial_spd|dataset_id=966|region=North America|climatezone=Cold_Dry_Summer,966,North America,Cold - Dry Summer,0.385,0.6143451143451143,0.614025974025974,CDS
spatial_spd,analysis=spatial_spd|dataset_id=4378|region=Europe|climatezone=Cold_Without_dry_season_Warm_Summer,4378,Europe,Cold - Warm Summer,0.315,0,-0.14476190476190476,CWS
spatial_spd,analysis=spatial_spd|dataset_id=40567|region=Europe|climatezone=Cold_Without_dry_season_Warm_Summer,40567,Europe,Cold - Warm Summer,0.103,0.9167473378509197,0.9194174757281555,CWS
spatial_spd,analysis=spatial_spd|dataset_id=532|region=North America|climatezone=Cold_Without_dry_season_Warm_Summer,532,North America,Cold - Warm Summer,0.678,0.42119244391971666,0.42094395280235986,CWS
spatial_spd,analysis=spatial_spd|dataset_id=44941|region=Europe|climatezone=Cold_Without_dry_season_Cold_Summer,44941,Europe,Cold - Cold Summer,0.329,0.20267802799756546,0.20243161094224926,CCS
spatial_spd,analysis=spatial_spd|dataset_id=48738|region=Europe|climatezone=Cold_Without_dry_season_Warm_Summer,48738,Europe,Cold - Warm Summer,0.586,0.022529441884280594,0.022525597269624574,CWS
spatial_spd,analysis=spatial_spd|dataset_id=4168|region=Europe|climatezone=Cold_Without_dry_season_Cold_Summer,4168,Europe,Cold - Cold Summer,0.188,0.3750663129973475,0.376063829787234,CCS
spatial_spd,analysis=spatial_spd|dataset_id=15713|region=North America|climatezone=Cold_Without_dry_season_Cold_Summer,15713,North America,Cold - Cold Summer,0.129,1,2.151937984496124,CCS
spatial_spd,analysis=spatial_spd|dataset_id=22650|region=Europe|climatezone=Cold_Without_dry_season_Cold_Summer,22650,Europe,Cold - Cold Summer,0.195,0.0030706243602865915,0.0030769230769230765,CCS
spatial_spd,analysis=spatial_spd|dataset_id=26439|region=Europe|climatezone=Cold_Without_dry_season_Warm_Summer,26439,Europe,Cold - Warm Summer,0.098,0,-0.29081632653061223,CWS
spatial_spd,analysis=spatial_spd|dataset_id=4497|region=Europe|climatezone=Cold_Without_dry_season_Warm_Summer,4497,Europe,Cold - Warm Summer,0.487,0.04188051734756724,0.041889117043121156,CWS
spatial_spd,analysis=spatial_spd|dataset_id=2634|region=North America|climatezone=Arid,2634,North America,Arid,0.344,0,-0.002906976744186047,ARD
spatial_spd,analysis=spatial_spd|dataset_id=2332|region=North America|climatezone=Cold_Without_dry_season_Warm_Summer,2332,North America,Cold - Warm Summer,0.321,0.35698723934018045,0.3573208722741433,CWS
spatial_spd,analysis=spatial_spd|dataset_id=1776|region=North America|climatezone=Temperate_Without_dry_season,1776,North America,Temperate,0.273,0.17198386505317198,0.17179487179487177,TMP
spatial_spd,analysis=spatial_spd|dataset_id=4092|region=Europe|climatezone=Cold_Without_dry_season_Cold_Summer,4092,Europe,Cold - Cold Summer,0.58,0.33534586855269966,0.3351724137931035,CCS
spatial_spd,analysis=spatial_spd|dataset_id=18110|region=North America|climatezone=Cold_Without_dry_season_Warm_Summer,18110,North America,Cold - Warm Summer,0.554,0.5678455431252255,0.5680505415162455,CWS
spatial_spd,analysis=spatial_spd|dataset_id=3839|region=North America|climatezone=Cold_Without_dry_season_Warm_Summer,3839,North America,Cold - Warm Summer,0.332,0.7091237579042456,0.7093373493975903,CWS
spatial_spd,analysis=spatial_spd|dataset_id=2048|region=North America|climatezone=Cold_Without_dry_season_Warm_Summer,2048,North America,Cold - Warm Summer,0.507,0.28841980666798184,0.2883629191321499,CWS
spatial_spd,analysis=spatial_spd|dataset_id=302|region=North America|climatezone=Cold_Without_dry_season_Cold_Summer,302,North America,Cold - Cold Summer,0.016,0,-1.06875,CCS
spatial_spd,analysis=spatial_spd|dataset_id=15103|region=Latin America|climatezone=Temperate_Dry_Summer,15103,Latin America,Temperate - Dry Summer,0.458,0,-0.051310043668122265,TDS
spatial_spd,analysis=spatial_spd|dataset_id=1391|region=North America|climatezone=Cold_Without_dry_season_Warm_Summer,1391,North America,Cold - Warm Summer,0.423,0.34475425330812853,0.34491725768321513,CWS
spatial_spd,analysis=spatial_spd|dataset_id=208|region=North America|climatezone=Polar,208,North America,Polar,0.434,0.01890707862577819,0.018894009216589864,POL
spatial_spd,analysis=spatial_spd|dataset_id=24053|region=Europe|climatezone=Cold_Without_dry_season_Cold_Summer,24053,Europe,Cold - Cold Summer,0.25,0.16112224448897797,0.1608,CCS
spatial_spd,analysis=spatial_spd|dataset_id=1862|region=North America|climatezone=Cold_Without_dry_season_Warm_Summer,1862,North America,Cold - Warm Summer,0.562,0.27051076704039867,0.27046263345195726,CWS
spatial_spd,analysis=spatial_spd|dataset_id=15244|region=North America|climatezone=Cold_Without_dry_season_Hot_Summer,15244,North America,Cold - Hot Summer,0.374,0.2937717187917669,0.2938502673796791,CHS
spatial_spd,analysis=spatial_spd|dataset_id=2297|region=North America|climatezone=Polar,2297,North America,Polar,0.488,0.0454731667349447,0.04549180327868853,POL
spatial_spd,analysis=spatial_spd|dataset_id=1883|region=North America|climatezone=Cold_Without_dry_season_Warm_Summer,1883,North America,Cold - Warm Summer,0.677,0.02762594179347023,0.027621861152141804,CWS
spatial_spd,analysis=spatial_spd|dataset_id=3149|region=North America|climatezone=Cold_Without_dry_season_Cold_Summer,3149,North America,Cold - Cold Summer,0.446,0.34334379202151505,0.3434977578475336,CCS
spatial_spd,analysis=spatial_spd|dataset_id=701|region=North America|climatezone=Cold_Without_dry_season_Cold_Summer,701,North America,Cold - Cold Summer,0.436,0.42369385884509625,0.42408256880733947,CCS
spatial_spd,analysis=spatial_spd|dataset_id=20223|region=Europe|climatezone=Cold_Without_dry_season_Warm_Summer,20223,Europe,Cold - Warm Summer,0.17,0,-0.095294117647058807,CWS
spatial_spd,analysis=spatial_spd|dataset_id=42649|region=Europe|climatezone=Temperate_Without_dry_season,42649,Europe,Temperate,0.581,0.18050292800551154,0.18037865748709125,TMP
spatial_spd,analysis=spatial_spd|dataset_id=2324|region=North America|climatezone=Cold_Without_dry_season_Cold_Summer,2324,North America,Cold - Cold Summer,0.741,0.26089890673505195,0.260863697705803,CCS
spatial_spd,analysis=spatial_spd|dataset_id=1698|region=North America|climatezone=Cold_Without_dry_season_Warm_Summer,1698,North America,Cold - Warm Summer,0.224,0.654894948591864,0.6540178571428571,CWS
spatial_spd,analysis=spatial_spd|dataset_id=15081|region=North America|climatezone=Temperate_Without_dry_season,15081,North America,Temperate,0.724,0.5626640873290037,0.5624309392265193,TMP
spatial_spd,analysis=spatial_spd|dataset_id=16217|region=Europe|climatezone=Temperate_Without_dry_season,16217,Europe,Temperate,0.379,0.5084388185654009,0.5087071240105541,TMP
spatial_spd,analysis=spatial_spd|dataset_id=41016|region=North America|climatezone=Cold_Without_dry_season_Hot_Summer,41016,North America,Cold - Hot Summer,0.703,0.17776828921150015,0.17766714082503557,CHS
spatial_spd,analysis=spatial_spd|dataset_id=21772|region=North America|climatezone=Temperate_Without_dry_season,21772,North America,Temperate,0.175,0.9554285714285714,0.9554285714285714,TMP
spatial_spd,analysis=spatial_spd|dataset_id=45731|region=Europe|climatezone=Cold_Dry_Summer,45731,Europe,Cold - Dry Summer,0.367,0.7447504772293427,0.744141689373297,CDS
spatial_spd,analysis=spatial_spd|dataset_id=41448|region=Europe|climatezone=Cold_Without_dry_season_Cold_Summer,41448,Europe,Cold - Cold Summer,0.219,0.23182441700960219,0.2315068493150685,CCS
spatial_spd,analysis=spatial_spd|dataset_id=1571|region=North America|climatezone=Cold_Without_dry_season_Warm_Summer,1571,North America,Cold - Warm Summer,0.186,0.3491124260355029,0.3489247311827957,CWS
spatial_spd,analysis=spatial_spd|dataset_id=24861|region=Europe|climatezone=Temperate_Without_dry_season,24861,Europe,Temperate,0.467,0,-0.007708779443254817,TMP
spatial_spd,analysis=spatial_spd|dataset_id=21895|region=Latin America|climatezone=Tropical,21895,Latin America,Tropical,0.233,0.021012006861063463,0.021030042918454932,TRO
spatial_spd,analysis=spatial_spd|dataset_id=22656|region=Europe|climatezone=Cold_Without_dry_season_Warm_Summer,22656,Europe,Cold - Warm Summer,0.411,0.10452114730189596,0.10462287104622871,CWS
spatial_spd,analysis=spatial_spd|dataset_id=2661|region=North America|climatezone=Cold_Without_dry_season_Cold_Summer,2661,North America,Cold - Cold Summer,0.271,0,-0.23948339483394832,CCS
spatial_spd,analysis=spatial_spd|dataset_id=47604|region=Europe|climatezone=Polar,47604,Europe,Polar,0.42,0.0038068046633357128,0.00380952380952381,POL
spatial_spd,analysis=spatial_spd|dataset_id=1617|region=North America|climatezone=Cold_Without_dry_season_Cold_Summer,1617,North America,Cold - Cold Summer,0.278,0.017619561308881697,0.01762589928057554,CCS
spatial_spd,analysis=spatial_spd|dataset_id=48960|region=Europe|climatezone=Temperate_Without_dry_season,48960,Europe,Temperate,0.254,0.005905511811023622,0.005905511811023622,TMP
spatial_spd,analysis=spatial_spd|dataset_id=22944|region=Europe|climatezone=Cold_Without_dry_season_Warm_Summer,22944,Europe,Cold - Warm Summer,0.021,1,4.871428571428571,CWS
spatial_spd,analysis=spatial_spd|dataset_id=346|region=North America|climatezone=Cold_Without_dry_season_Warm_Summer,346,North America,Cold - Warm Summer,0.432,0.3048808697663659,0.3050925925925926,CWS
spatial_spd,analysis=spatial_spd|dataset_id=15762|region=North America|climatezone=Cold_Dry_Summer,15762,North America,Cold - Dry Summer,0.199,0.25012581781580273,0.24974874371859296,CDS
spatial_spd,analysis=spatial_spd|dataset_id=2629|region=North America|climatezone=Cold_Without_dry_season_Warm_Summer,2629,North America,Cold - Warm Summer,0.041,0.2216748768472906,0.2195121951219512,CWS
spatial_spd,analysis=spatial_spd|dataset_id=17419|region=North America|climatezone=Cold_Without_dry_season_Cold_Summer,17419,North America,Cold - Cold Summer,0.189,0.2329274748544203,0.2328042328042328,CCS
spatial_spd,analysis=spatial_spd|dataset_id=3043|region=Oceania|climatezone=Temperate_Without_dry_season,3043,Oceania,Temperate,0.582,0.04394849785407726,0.04398625429553265,TMP
spatial_spd,analysis=spatial_spd|dataset_id=3884|region=Europe|climatezone=Temperate_Without_dry_season,3884,Europe,Temperate,0.381,0,-0.027821522309711286,TMP
spatial_spd,analysis=spatial_spd|dataset_id=45391|region=Europe|climatezone=Cold_Without_dry_season_Warm_Summer,45391,Europe,Cold - Warm Summer,0.339,0.17409265269991148,0.17404129793510323,CWS
spatial_spd,analysis=spatial_spd|dataset_id=40951|region=Europe|climatezone=Cold_Without_dry_season_Warm_Summer,40951,Europe,Cold - Warm Summer,0.23,0.08,0.08,CWS
spatial_spd,analysis=spatial_spd|dataset_id=22966|region=Europe|climatezone=Cold_Without_dry_season_Warm_Summer,22966,Europe,Cold - Warm Summer,0.457,0.05249343832020997,0.0525164113785558,CWS
spatial_spd,analysis=spatial_spd|dataset_id=3035|region=North America|climatezone=Cold_Without_dry_season_Warm_Summer,3035,North America,Cold - Warm Summer,0.579,0.44968064905920946,0.4499136442141624,CWS
spatial_spd,analysis=spatial_spd|dataset_id=47110|region=Oceania|climatezone=Temperate_Without_dry_season,47110,Oceania,Temperate,0.322,0,-0.21149068322981365,TMP
spatial_spd,analysis=spatial_spd|dataset_id=1154|region=Latin America|climatezone=Temperate_Dry_Winter,1154,Latin America,Temperate - Dry Winter,0.468,0.3408848044453943,0.3408119658119658,TDW
spatial_spd,analysis=spatial_spd|dataset_id=47555|region=North America|climatezone=Temperate_Without_dry_season,47555,North America,Temperate,0.174,1,1.3178160919540232,TMP
spatial_spd,analysis=spatial_spd|dataset_id=527|region=North America|climatezone=Cold_Dry_Summer,527,North America,Cold - Dry Summer,0.421,0.48359486447931527,0.4831353919239905,CDS
spatial_spd,analysis=spatial_spd|dataset_id=46280|region=Europe|climatezone=Cold_Without_dry_season_Warm_Summer,46280,Europe,Cold - Warm Summer,0.056,0.6732142857142858,0.6732142857142857,CWS
spatial_spd,analysis=spatial_spd|dataset_id=21913|region=Latin America|climatezone=Tropical,21913,Latin America,Tropical,0.481,0.5608234560199625,0.5607068607068607,TRO
spatial_spd,analysis=spatial_spd|dataset_id=971|region=North America|climatezone=Cold_Without_dry_season_Warm_Summer,971,North America,Cold - Warm Summer,0.348,0.3436870865688812,0.34339080459770116,CWS
spatial_spd,analysis=spatial_spd|dataset_id=4184|region=Europe|climatezone=Cold_Dry_Summer,4184,Europe,Cold - Dry Summer,0.665,0.01503307276007216,0.015037593984962405,CDS
spatial_spd,analysis=spatial_spd|dataset_id=844|region=North America|climatezone=Cold_Without_dry_season_Cold_Summer,844,North America,Cold - Cold Summer,0.039,1,1.0153846153846156,CCS
spatial_spd,analysis=spatial_spd|dataset_id=1440|region=Europe|climatezone=Arid,1440,Europe,Arid,0.312,0,-0.01858974358974359,ARD
spatial_spd,analysis=spatial_spd|dataset_id=45319|region=Europe|climatezone=Arid,45319,Europe,Arid,0.451,0,-0.05609756097560975,ARD
spatial_spd,analysis=spatial_spd|dataset_id=45320|region=Europe|climatezone=Arid,45320,Europe,Arid,0.57,0,-0.013508771929824564,ARD
spatial_spd,analysis=spatial_spd|dataset_id=48816|region=North America|climatezone=Cold_Without_dry_season_Warm_Summer,48816,North America,Cold - Warm Summer,0.188,0.2656748140276302,0.26595744680851063,CWS
spatial_spd,analysis=spatial_spd|dataset_id=42683|region=Europe|climatezone=Cold_Without_dry_season_Warm_Summer,42683,Europe,Cold - Warm Summer,0.425,0,-0.03129411764705882,CWS
spatial_spd,analysis=spatial_spd|dataset_id=21818|region=Latin America|climatezone=Polar,21818,Latin America,Polar,0.458,0.3606199519755512,0.3606986899563319,POL
spatial_spd,analysis=spatial_spd|dataset_id=15276|region=North America|climatezone=Temperate_Without_dry_season,15276,North America,Temperate,0.224,0.2286096256684492,0.22901785714285713,TMP
spatial_spd,analysis=spatial_spd|dataset_id=2626|region=North America|climatezone=Cold_Without_dry_season_Warm_Summer,2626,North America,Cold - Warm Summer,0.582,0.2729302645139127,0.2730240549828179,CWS
spatial_spd,analysis=spatial_spd|dataset_id=2591|region=North America|climatezone=Cold_Without_dry_season_Warm_Summer,2591,North America,Cold - Warm Summer,0.369,0.4518578790344453,0.4514905149051491,CWS
spatial_spd,analysis=spatial_spd|dataset_id=4239|region=Europe|climatezone=Cold_Without_dry_season_Cold_Summer,4239,Europe,Cold - Cold Summer,0.381,0.2126376507603566,0.21286089238845146,CCS
spatial_spd,analysis=spatial_spd|dataset_id=2367|region=North America|climatezone=Cold_Without_dry_season_Cold_Summer,2367,North America,Cold - Cold Summer,0.343,0.43436406067677946,0.4341107871720116,CCS
spatial_spd,analysis=spatial_spd|dataset_id=45343|region=Europe|climatezone=Cold_Without_dry_season_Cold_Summer,45343,Europe,Cold - Cold Summer,0.351,0.3543150099686699,0.3544159544159544,CCS
spatial_spd,analysis=spatial_spd|dataset_id=26319|region=Europe|climatezone=Cold_Without_dry_season_Cold_Summer,26319,Europe,Cold - Cold Summer,0.383,0.17505870075658755,0.17519582245430812,CCS
spatial_spd,analysis=spatial_spd|dataset_id=684|region=North America|climatezone=Cold_Without_dry_season_Hot_Summer,684,North America,Cold - Hot Summer,0.525,0.5794481446241675,0.58,CHS
spatial_spd,analysis=spatial_spd|dataset_id=19909|region=Europe|climatezone=Cold_Without_dry_season_Cold_Summer,19909,Europe,Cold - Cold Summer,0.022,0,-1.3727272727272728,CCS
spatial_spd,analysis=spatial_spd|dataset_id=45329|region=Europe|climatezone=Cold_Without_dry_season_Warm_Summer,45329,Europe,Cold - Warm Summer,0.473,0.7076468103084073,0.7082452431289641,CWS
spatial_spd,analysis=spatial_spd|dataset_id=26505|region=Europe|climatezone=Cold_Without_dry_season_Warm_Summer,26505,Europe,Cold - Warm Summer,0.006,0,-2.1999999999999997,CWS
spatial_spd,analysis=spatial_spd|dataset_id=1590|region=North America|climatezone=Cold_Without_dry_season_Cold_Summer,1590,North America,Cold - Cold Summer,0.638,0.061442006269592474,0.061442006269592474,CCS
spatial_spd,analysis=spatial_spd|dataset_id=24110|region=Europe|climatezone=Cold_Without_dry_season_Warm_Summer,24110,Europe,Cold - Warm Summer,0.308,0.9055501460564751,0.9058441558441559,CWS
spatial_spd,analysis=spatial_spd|dataset_id=43513|region=Europe|climatezone=Cold_Without_dry_season_Cold_Summer,43513,Europe,Cold - Cold Summer,0.403,0.14005949429846307,0.1401985111662531,CCS
spatial_spd,analysis=spatial_spd|dataset_id=813|region=North America|climatezone=Cold_Without_dry_season_Hot_Summer,813,North America,Cold - Hot Summer,0.466,0.2555198285101822,0.255793991416309,CHS
spatial_spd,analysis=spatial_spd|dataset_id=16016|region=North America|climatezone=Arid,16016,North America,Arid,0.115,0,-0.19304347826086957,ARD
spatial_spd,analysis=spatial_spd|dataset_id=298|region=North America|climatezone=Cold_Without_dry_season_Warm_Summer,298,North America,Cold - Warm Summer,0.256,0.4038986354775828,0.4046875,CWS
spatial_spd,analysis=spatial_spd|dataset_id=782|region=North America|climatezone=Cold_Without_dry_season_Warm_Summer,782,North America,Cold - Warm Summer,0.091,1,1.402197802197802,CWS
spatial_spd,analysis=spatial_spd|dataset_id=15831|region=North America|climatezone=Temperate_Without_dry_season,15831,North America,Temperate,0.237,0.38247683235046337,0.3831223628691984,TMP
spatial_spd,analysis=spatial_spd|dataset_id=48624|region=Latin America|climatezone=Temperate_Dry_Summer,48624,Latin America,Temperate - Dry Summer,0.251,0.28520143597925807,0.28486055776892427,TDS
spatial_spd,analysis=spatial_spd|dataset_id=1770|region=North America|climatezone=Cold_Without_dry_season_Cold_Summer,1770,North America,Cold - Cold Summer,0.459,0.08447637709558023,0.08453159041394336,CCS
spatial_spd,analysis=spatial_spd|dataset_id=4517|region=Europe|climatezone=Cold_Without_dry_season_Warm_Summer,4517,Europe,Cold - Warm Summer,0.44,0,-0.03681818181818182,CWS
spatial_spd,analysis=spatial_spd|dataset_id=4398|region=Europe|climatezone=Cold_Without_dry_season_Warm_Summer,4398,Europe,Cold - Warm Summer,0.088,0.6365714285714286,0.6329545454545454,CWS
spatial_spd,analysis=spatial_spd|dataset_id=22849|region=Europe|climatezone=Cold_Without_dry_season_Warm_Summer,22849,Europe,Cold - Warm Summer,0.263,0.08855948308627899,0.08859315589353613,CWS
spatial_spd,analysis=spatial_spd|dataset_id=24356|region=Europe|climatezone=Temperate_Without_dry_season,24356,Europe,Temperate,0.572,0,-0.020454545454545458,TMP
spatial_spd,analysis=spatial_spd|dataset_id=1701|region=North America|climatezone=Cold_Without_dry_season_Warm_Summer,1701,North America,Cold - Warm Summer,0.231,0.2012987012987013,0.20129870129870128,CWS
spatial_spd,analysis=spatial_spd|dataset_id=1707|region=North America|climatezone=Cold_Without_dry_season_Cold_Summer,1707,North America,Cold - Cold Summer,0.395,0.4584599797365755,0.45822784810126577,CCS
spatial_spd,analysis=spatial_spd|dataset_id=23006|region=Europe|climatezone=Cold_Without_dry_season_Warm_Summer,23006,Europe,Cold - Warm Summer,0.088,0.2485875706214689,0.25,CWS
spatial_spd,analysis=spatial_spd|dataset_id=4154|region=Europe|climatezone=Cold_Without_dry_season_Warm_Summer,4154,Europe,Cold - Warm Summer,0.157,0.3590070019096117,0.3592356687898089,CWS
spatial_spd,analysis=spatial_spd|dataset_id=1761|region=North America|climatezone=Cold_Without_dry_season_Cold_Summer,1761,North America,Cold - Cold Summer,0.387,0.48579545454545453,0.48604651162790696,CCS
spatial_spd,analysis=spatial_spd|dataset_id=4355|region=Europe|climatezone=Polar,4355,Europe,Polar,0.42,0.09467174119885824,0.09476190476190477,POL
spatial_spd,analysis=spatial_spd|dataset_id=40582|region=Europe|climatezone=Polar,40582,Europe,Polar,0.055,1,1.3872727272727274,POL
spatial_spd,analysis=spatial_spd|dataset_id=15130|region=Latin America|climatezone=Temperate_Without_dry_season,15130,Latin America,Temperate,0.26,0.07332053742802302,0.07346153846153845,TMP
spatial_spd,analysis=spatial_spd|dataset_id=4041|region=Europe|climatezone=Cold_Without_dry_season_Cold_Summer,4041,Europe,Cold - Cold Summer,0.605,0.42800462886427515,0.4279338842975207,CCS
spatial_spd,analysis=spatial_spd|dataset_id=22812|region=Europe|climatezone=Cold_Without_dry_season_Warm_Summer,22812,Europe,Cold - Warm Summer,0.3,0.10622710622710621,0.10633333333333334,CWS
spatial_spd,analysis=spatial_spd|dataset_id=363|region=Europe|climatezone=Cold_Without_dry_season_Warm_Summer,363,Europe,Cold - Warm Summer,0.309,0.34467120181405897,0.344336569579288,CWS
spatial_spd,analysis=spatial_spd|dataset_id=1646|region=Latin America|climatezone=Polar,1646,Latin America,Polar,0.471,0.28987046081970697,0.2898089171974523,POL
spatial_spd,analysis=spatial_spd|dataset_id=1679|region=Latin America|climatezone=Polar,1679,Latin America,Polar,0.549,0.31662413415967916,0.31639344262295077,POL
spatial_spd,analysis=spatial_spd|dataset_id=1829|region=North America|climatezone=Cold_Without_dry_season_Warm_Summer,1829,North America,Cold - Warm Summer,0.338,0.2208407341622262,0.2207100591715976,CWS
spatial_spd,analysis=spatial_spd|dataset_id=3558|region=North America|climatezone=Cold_Without_dry_season_Hot_Summer,3558,North America,Cold - Hot Summer,0.427,0.33185011709601875,0.33185011709601875,CHS
spatial_spd,analysis=spatial_spd|dataset_id=14948|region=North America|climatezone=Polar,14948,North America,Polar,0.398,0.06656618939964833,0.06658291457286432,POL
spatial_spd,analysis=spatial_spd|dataset_id=41399|region=Europe|climatezone=Cold_Without_dry_season_Warm_Summer,41399,Europe,Cold - Warm Summer,0.571,0,-0.01978984238178634,CWS
spatial_spd,analysis=spatial_spd|dataset_id=1670|region=North America|climatezone=Temperate_Without_dry_season,1670,North America,Temperate,0.18,0.8513363028953229,0.8494444444444446,TMP
spatial_spd,analysis=spatial_spd|dataset_id=1393|region=North America|climatezone=Cold_Without_dry_season_Cold_Summer,1393,North America,Cold - Cold Summer,0.674,0,-0.052373887240356076,CCS
spatial_spd,analysis=spatial_spd|dataset_id=42570|region=Europe|climatezone=Cold_Without_dry_season_Warm_Summer,42570,Europe,Cold - Warm Summer,0.514,0.2376411054885169,0.2375486381322957,CWS
spatial_spd,analysis=spatial_spd|dataset_id=46611|region=North America|climatezone=Cold_Without_dry_season_Cold_Summer,46611,North America,Cold - Cold Summer,0.443,0.41066184775242826,0.41038374717832954,CCS
spatial_spd,analysis=spatial_spd|dataset_id=1763|region=North America|climatezone=Cold_Without_dry_season_Warm_Summer,1763,North America,Cold - Warm Summer,0.21,0.6071428571428571,0.6071428571428572,CWS
spatial_spd,analysis=spatial_spd|dataset_id=19901|region=Europe|climatezone=Cold_Without_dry_season_Warm_Summer,19901,Europe,Cold - Warm Summer,0.035,0,-0.4057142857142857,CWS
spatial_spd,analysis=spatial_spd|dataset_id=1980|region=North America|climatezone=Cold_Without_dry_season_Warm_Summer,1980,North America,Cold - Warm Summer,0.386,0.15111456713322963,0.1510362694300518,CWS
spatial_spd,analysis=spatial_spd|dataset_id=20001|region=North America|climatezone=Temperate_Dry_Summer,20001,North America,Temperate - Dry Summer,0.34,0.06949352179034157,0.06941176470588234,TDS
spatial_spd,analysis=spatial_spd|dataset_id=973|region=North America|climatezone=Cold_Without_dry_season_Warm_Summer,973,North America,Cold - Warm Summer,0.63,0.3749008408694272,0.37507936507936507,CWS
spatial_spd,analysis=spatial_spd|dataset_id=1658|region=North America|climatezone=Cold_Without_dry_season_Warm_Summer,1658,North America,Cold - Warm Summer,0.207,0.06994693680656054,0.07004830917874397,CWS
spatial_spd,analysis=spatial_spd|dataset_id=22367|region=Europe|climatezone=Polar,22367,Europe,Polar,0.516,0.06573589296102385,0.06569767441860465,POL
spatial_spd,analysis=spatial_spd|dataset_id=4545|region=Europe|climatezone=Cold_Without_dry_season_Warm_Summer,4545,Europe,Cold - Warm Summer,0.398,0,-0.018090452261306532,CWS
spatial_spd,analysis=spatial_spd|dataset_id=15247|region=Latin America|climatezone=Temperate_Dry_Winter,15247,Latin America,Temperate - Dry Winter,0.279,0.12544802867383512,0.12544802867383512,TDW
spatial_spd,analysis=spatial_spd|dataset_id=15356|region=North America|climatezone=Cold_Without_dry_season_Cold_Summer,15356,North America,Cold - Cold Summer,0.121,0.4258649093904448,0.4272727272727273,CCS
spatial_spd,analysis=spatial_spd|dataset_id=14556|region=Europe|climatezone=Temperate_Without_dry_season,14556,Europe,Temperate,0.421,0.8321462488129155,0.832541567695962,TMP
spatial_spd,analysis=spatial_spd|dataset_id=48777|region=Europe|climatezone=Temperate_Without_dry_season,48777,Europe,Temperate,0.319,0.19084926355374493,0.19090909090909092,TMP
spatial_spd,analysis=spatial_spd|dataset_id=3054|region=North America|climatezone=Arid,3054,North America,Arid,0.478,0.35703827651119013,0.35711297071129705,ARD
spatial_spd,analysis=spatial_spd|dataset_id=776|region=North America|climatezone=Cold_Without_dry_season_Warm_Summer,776,North America,Cold - Warm Summer,0.428,0.7168885774351786,0.7170560747663551,CWS
spatial_spd,analysis=spatial_spd|dataset_id=1880|region=Latin America|climatezone=Temperate_Without_dry_season,1880,Latin America,Temperate,0.528,0,-0.024053030303030302,TMP
spatial_spd,analysis=spatial_spd|dataset_id=4311|region=Europe|climatezone=Temperate_Without_dry_season,4311,Europe,Temperate,0.474,0.226610348468849,0.22637130801687766,TMP
spatial_spd,analysis=spatial_spd|dataset_id=48976|region=Europe|climatezone=Temperate_Without_dry_season,48976,Europe,Temperate,0.579,0.2610198789974071,0.2607944732297064,TMP
spatial_spd,analysis=spatial_spd|dataset_id=3482|region=North America|climatezone=Cold_Without_dry_season_Warm_Summer,3482,North America,Cold - Warm Summer,0.684,0.23808131032465635,0.23801169590643273,CWS
spatial_spd,analysis=spatial_spd|dataset_id=15185|region=North America|climatezone=Cold_Without_dry_season_Cold_Summer,15185,North America,Cold - Cold Summer,0.575,0.1784658201426335,0.17843478260869566,CCS
spatial_spd,analysis=spatial_spd|dataset_id=21580|region=Latin America|climatezone=Tropical,21580,Latin America,Tropical,0.278,0.22841726618705036,0.22841726618705036,TRO
spatial_spd,analysis=spatial_spd|dataset_id=42681|region=Europe|climatezone=Cold_Without_dry_season_Warm_Summer,42681,Europe,Cold - Warm Summer,0.5,0.02782225780624499,0.0278,CWS
spatial_spd,analysis=spatial_spd|dataset_id=24319|region=Europe|climatezone=Cold_Without_dry_season_Cold_Summer,24319,Europe,Cold - Cold Summer,0.356,0,-0.044101123595505616,CCS
spatial_spd,analysis=spatial_spd|dataset_id=15734|region=North America|climatezone=Cold_Dry_Summer,15734,North America,Cold - Dry Summer,0.354,0.3665158371040724,0.36610169491525424,CDS
spatial_spd,analysis=spatial_spd|dataset_id=691|region=North America|climatezone=Cold_Without_dry_season_Cold_Summer,691,North America,Cold - Cold Summer,0.642,0.1583294374318217,0.15825545171339564,CCS
spatial_spd,analysis=spatial_spd|dataset_id=860|region=North America|climatezone=Cold_Without_dry_season_Warm_Summer,860,North America,Cold - Warm Summer,0.216,0.023567467652495382,0.023611111111111114,CWS
spatial_spd,analysis=spatial_spd|dataset_id=22745|region=Europe|climatezone=Cold_Without_dry_season_Cold_Summer,22745,Europe,Cold - Cold Summer,0.181,0.47924737133370227,0.47845303867403316,CCS
spatial_spd,analysis=spatial_spd|dataset_id=24321|region=Europe|climatezone=Cold_Without_dry_season_Warm_Summer,24321,Europe,Cold - Warm Summer,0.546,0.2621359223300971,0.2620879120879121,CWS
spatial_spd,analysis=spatial_spd|dataset_id=1604|region=North America|climatezone=Polar,1604,North America,Polar,0.387,0,-0.05400516795865633,POL
spatial_spd,analysis=spatial_spd|dataset_id=45349|region=Europe|climatezone=Cold_Without_dry_season_Cold_Summer,45349,Europe,Cold - Cold Summer,0.348,0.20086206896551723,0.20086206896551725,CCS
spatial_spd,analysis=spatial_spd|dataset_id=294|region=Latin America|climatezone=Temperate_Without_dry_season,294,Latin America,Temperate,0.398,0.03219315895372234,0.032160804020100506,TMP
spatial_spd,analysis=spatial_spd|dataset_id=21917|region=Latin America|climatezone=Polar,21917,Latin America,Polar,0.14,0,-0.21999999999999997,POL
spatial_spd,analysis=spatial_spd|dataset_id=24042|region=Europe|climatezone=Cold_Without_dry_season_Warm_Summer,24042,Europe,Cold - Warm Summer,0.048,0,-0.12291666666666666,CWS
spatial_spd,analysis=spatial_spd|dataset_id=48984|region=Europe|climatezone=Cold_Without_dry_season_Warm_Summer,48984,Europe,Cold - Warm Summer,0.495,0,-0.049494949494949494,CWS
spatial_spd,analysis=spatial_spd|dataset_id=672|region=North America|climatezone=Cold_Without_dry_season_Warm_Summer,672,North America,Cold - Warm Summer,0.683,0.3819220627014357,0.3816983894582723,CWS
spatial_spd,analysis=spatial_spd|dataset_id=15732|region=North America|climatezone=Cold_Without_dry_season_Warm_Summer,15732,North America,Cold - Warm Summer,0.218,0.0668804397617957,0.06697247706422019,CWS
spatial_spd,analysis=spatial_spd|dataset_id=45713|region=Europe|climatezone=Cold_Without_dry_season_Cold_Summer,45713,Europe,Cold - Cold Summer,0.467,0.3980748663101604,0.3985010706638115,CCS
spatial_spd,analysis=spatial_spd|dataset_id=1390|region=North America|climatezone=Cold_Without_dry_season_Cold_Summer,1390,North America,Cold - Cold Summer,0.43,0.015105740181268881,0.015116279069767442,CCS
spatial_spd,analysis=spatial_spd|dataset_id=2671|region=North America|climatezone=Cold_Without_dry_season_Cold_Summer,2671,North America,Cold - Cold Summer,0.271,0.2244747511979359,0.2247232472324723,CCS
spatial_spd,analysis=spatial_spd|dataset_id=16075|region=North America|climatezone=Cold_Dry_Summer,16075,North America,Cold - Dry Summer,0.247,0,-0.015384615384615385,CDS
spatial_spd,analysis=spatial_spd|dataset_id=4367|region=Europe|climatezone=Cold_Without_dry_season_Warm_Summer,4367,Europe,Cold - Warm Summer,0.188,0,-0.01170212765957447,CWS
spatial_spd,analysis=spatial_spd|dataset_id=19820|region=North America|climatezone=Temperate_Dry_Summer,19820,North America,Temperate - Dry Summer,0.261,0.07090839402069758,0.07088122605363983,TDS
spatial_spd,analysis=spatial_spd|dataset_id=22894|region=Europe|climatezone=Cold_Without_dry_season_Cold_Summer,22894,Europe,Cold - Cold Summer,0.214,0.012646370023419205,0.012616822429906542,CCS
spatial_spd,analysis=spatial_spd|dataset_id=2645|region=North America|climatezone=Cold_Without_dry_season_Hot_Summer,2645,North America,Cold - Hot Summer,0.389,0.4110539845758354,0.4110539845758354,CHS
spatial_spd,analysis=spatial_spd|dataset_id=22890|region=Europe|climatezone=Cold_Without_dry_season_Warm_Summer,22890,Europe,Cold - Warm Summer,0.301,0.0801729873586161,0.08006644518272425,CWS
spatial_spd,analysis=spatial_spd|dataset_id=253|region=North America|climatezone=Cold_Without_dry_season_Cold_Summer,253,North America,Cold - Cold Summer,0.327,0,-0.059633027522935776,CCS
spatial_spd,analysis=spatial_spd|dataset_id=2647|region=North America|climatezone=Cold_Without_dry_season_Cold_Summer,2647,North America,Cold - Cold Summer,0.411,0.12995862740326114,0.1299270072992701,CCS
spatial_spd,analysis=spatial_spd|dataset_id=13097|region=North America|climatezone=Cold_Without_dry_season_Warm_Summer,13097,North America,Cold - Warm Summer,0.275,0.45781818181818185,0.45781818181818185,CWS
spatial_spd,analysis=spatial_spd|dataset_id=15789|region=North America|climatezone=Polar,15789,North America,Polar,0.123,0.5182778229082047,0.5186991869918699,POL
spatial_spd,analysis=spatial_spd|dataset_id=221|region=North America|climatezone=Cold_Without_dry_season_Warm_Summer,221,North America,Cold - Warm Summer,0.369,0.4962018448182311,0.4956639566395664,CWS
spatial_spd,analysis=spatial_spd|dataset_id=15132|region=Latin America|climatezone=Temperate_Without_dry_season,15132,Latin America,Temperate,0.032,0,-0.609375,TMP
spatial_spd,analysis=spatial_spd|dataset_id=1814|region=North America|climatezone=Cold_Without_dry_season_Warm_Summer,1814,North America,Cold - Warm Summer,0.483,0.3910880829015544,0.3906832298136646,CWS
spatial_spd,analysis=spatial_spd|dataset_id=22936|region=Europe|climatezone=Cold_Without_dry_season_Warm_Summer,22936,Europe,Cold - Warm Summer,0.294,0.1375679347826087,0.13775510204081634,CWS
spatial_spd,analysis=spatial_spd|dataset_id=3041|region=North America|climatezone=Cold_Without_dry_season_Warm_Summer,3041,North America,Cold - Warm Summer,0.734,0.3826454161558371,0.38269754768392367,CWS
spatial_spd,analysis=spatial_spd|dataset_id=24057|region=Europe|climatezone=Polar,24057,Europe,Polar,0.2,0.21371371371371375,0.2135,POL
spatial_spd,analysis=spatial_spd|dataset_id=1630|region=Oceania|climatezone=Temperate_Without_dry_season,1630,Oceania,Temperate,0.271,0.6446494464944649,0.6446494464944649,TMP
spatial_spd,analysis=spatial_spd|dataset_id=2622|region=North America|climatezone=Cold_Without_dry_season_Cold_Summer,2622,North America,Cold - Cold Summer,0.288,0.3036831132731063,0.30347222222222225,CCS
spatial_spd,analysis=spatial_spd|dataset_id=40875|region=North America|climatezone=Cold_Without_dry_season_Warm_Summer,40875,North America,Cold - Warm Summer,0.485,0.4008247422680412,0.4008247422680412,CWS
spatial_spd,analysis=spatial_spd|dataset_id=2888|region=North America|climatezone=Cold_Without_dry_season_Warm_Summer,2888,North America,Cold - Warm Summer,0.476,0,-0.03928571428571429,CWS
spatial_spd,analysis=spatial_spd|dataset_id=17400|region=North America|climatezone=Polar,17400,North America,Polar,0.285,0.23638918159466105,0.236140350877193,POL
spatial_spd,analysis=spatial_spd|dataset_id=24190|region=Europe|climatezone=Cold_Without_dry_season_Cold_Summer,24190,Europe,Cold - Cold Summer,0.214,0,-0.02570093457943925,CCS
spatial_spd,analysis=spatial_spd|dataset_id=20034|region=Europe|climatezone=Cold_Without_dry_season_Cold_Summer,20034,Europe,Cold - Cold Summer,0.129,0.10644910644910645,0.1062015503875969,CCS
spatial_spd,analysis=spatial_spd|dataset_id=1030|region=North America|climatezone=Cold_Without_dry_season_Cold_Summer,1030,North America,Cold - Cold Summer,0.234,0.031183255019222554,0.031196581196581197,CCS
spatial_spd,analysis=spatial_spd|dataset_id=1961|region=North America|climatezone=Cold_Without_dry_season_Warm_Summer,1961,North America,Cold - Warm Summer,0.364,0.2945374691188581,0.2947802197802198,CWS
spatial_spd,analysis=spatial_spd|dataset_id=41025|region=North America|climatezone=Cold_Without_dry_season_Hot_Summer,41025,North America,Cold - Hot Summer,0.106,0,-0.2943396226415094,CHS
spatial_spd,analysis=spatial_spd|dataset_id=2644|region=North America|climatezone=Cold_Dry_Summer,2644,North America,Cold - Dry Summer,0.25,0.061550759392486006,0.0616,CDS
spatial_spd,analysis=spatial_spd|dataset_id=1897|region=North America|climatezone=Cold_Without_dry_season_Hot_Summer,1897,North America,Cold - Hot Summer,0.289,0,-0.18166089965397925,CHS
spatial_spd,analysis=spatial_spd|dataset_id=2378|region=North America|climatezone=Cold_Without_dry_season_Warm_Summer,2378,North America,Cold - Warm Summer,0.461,0.369140625,0.3689804772234273,CWS
spatial_spd,analysis=spatial_spd|dataset_id=1650|region=North America|climatezone=Cold_Without_dry_season_Cold_Summer,1650,North America,Cold - Cold Summer,0.45,0.13414905450500555,0.134,CCS
spatial_spd,analysis=spatial_spd|dataset_id=15309|region=North America|climatezone=Cold_Without_dry_season_Warm_Summer,15309,North America,Cold - Warm Summer,0.154,0.14211550940947434,0.1422077922077922,CWS
spatial_spd,analysis=spatial_spd|dataset_id=355|region=Latin America|climatezone=Polar,355,Latin America,Polar,0.213,0.3727144866385373,0.3732394366197183,POL
spatial_spd,analysis=spatial_spd|dataset_id=2351|region=North America|climatezone=Cold_Without_dry_season_Cold_Summer,2351,North America,Cold - Cold Summer,0.489,0.14738348323793948,0.1474437627811861,CCS
spatial_spd,analysis=spatial_spd|dataset_id=46457|region=Europe|climatezone=Cold_Without_dry_season_Cold_Summer,46457,Europe,Cold - Cold Summer,0.338,0.05767524401064773,0.05769230769230769,CCS
spatial_spd,analysis=spatial_spd|dataset_id=1656|region=North America|climatezone=Cold_Without_dry_season_Cold_Summer,1656,North America,Cold - Cold Summer,0.37,0.6427027027027027,0.6427027027027027,CCS
spatial_spd,analysis=spatial_spd|dataset_id=3031|region=North America|climatezone=Cold_Without_dry_season_Hot_Summer,3031,North America,Cold - Hot Summer,0.436,0.26899242598117973,0.26880733944954127,CHS
spatial_spd,analysis=spatial_spd|dataset_id=41222|region=Europe|climatezone=Temperate_Without_dry_season,41222,Europe,Temperate,0.285,0.12828601472134596,0.12842105263157896,TMP
spatial_spd,analysis=spatial_spd|dataset_id=23008|region=Europe|climatezone=Cold_Without_dry_season_Warm_Summer,23008,Europe,Cold - Warm Summer,0.284,0,-0.06901408450704226,CWS
spatial_spd,analysis=spatial_spd|dataset_id=20306|region=North America|climatezone=Arid,20306,North America,Arid,0.083,1,1.042168674698795,ARD
spatial_spd,analysis=spatial_spd|dataset_id=543|region=North America|climatezone=Cold_Without_dry_season_Cold_Summer,543,North America,Cold - Cold Summer,0.273,0.5246981339187706,0.5252747252747252,CCS
spatial_spd,analysis=spatial_spd|dataset_id=4147|region=Europe|climatezone=Temperate_Without_dry_season,4147,Europe,Temperate,0.262,0.24551355479190526,0.24541984732824426,TMP
spatial_spd,analysis=spatial_spd|dataset_id=17406|region=North America|climatezone=Cold_Without_dry_season_Warm_Summer,17406,North America,Cold - Warm Summer,0.391,0.37308085977482086,0.3728900255754476,CWS
spatial_spd,analysis=spatial_spd|dataset_id=48935|region=Europe|climatezone=Arid,48935,Europe,Arid,0.436,0,-0.01628440366972477,ARD
spatial_spd,analysis=spatial_spd|dataset_id=40861|region=North America|climatezone=Cold_Without_dry_season_Hot_Summer,40861,North America,Cold - Hot Summer,0.214,0.24895104895104897,0.24953271028037385,CHS
spatial_spd,analysis=spatial_spd|dataset_id=39474|region=North America|climatezone=Cold_Without_dry_season_Warm_Summer,39474,North America,Cold - Warm Summer,0.482,0.6948132780082987,0.6948132780082987,CWS
spatial_spd,analysis=spatial_spd|dataset_id=48361|region=North America|climatezone=Cold_Dry_Summer,48361,North America,Cold - Dry Summer,0.445,0,-0.04561797752808988,CDS
spatial_spd,analysis=spatial_spd|dataset_id=25|region=North America|climatezone=Cold_Without_dry_season_Cold_Summer,25,North America,Cold - Cold Summer,0.625,0.15588988476312418,0.15584,CCS
spatial_spd,analysis=spatial_spd|dataset_id=1107|region=North America|climatezone=Polar,1107,North America,Polar,0.354,0,-0.1497175141242938,POL
spatial_spd,analysis=spatial_spd|dataset_id=14289|region=Europe|climatezone=Temperate_Without_dry_season,14289,Europe,Temperate,0.188,0.7402873869079297,0.7398936170212767,TMP
spatial_spd,analysis=spatial_spd|dataset_id=25767|region=Europe|climatezone=Polar,25767,Europe,Polar,0.128,0.24313725490196078,0.2421875,POL
spatial_spd,analysis=spatial_spd|dataset_id=15350|region=North America|climatezone=Cold_Without_dry_season_Warm_Summer,15350,North America,Cold - Warm Summer,0.434,0.7546648237733241,0.7548387096774194,CWS
spatial_spd,analysis=spatial_spd|dataset_id=16231|region=North America|climatezone=Cold_Without_dry_season_Warm_Summer,16231,North America,Cold - Warm Summer,0.268,0.5523168908819133,0.5514925373134327,CWS
spatial_spd,analysis=spatial_spd|dataset_id=2590|region=North America|climatezone=Cold_Without_dry_season_Cold_Summer,2590,North America,Cold - Cold Summer,0.018,0,-1,CCS
spatial_spd,analysis=spatial_spd|dataset_id=17381|region=North America|climatezone=Cold_Without_dry_season_Cold_Summer,17381,North America,Cold - Cold Summer,0.523,0,-0.029445506692160613,CCS
spatial_spd,analysis=spatial_spd|dataset_id=4397|region=Europe|climatezone=Cold_Without_dry_season_Warm_Summer,4397,Europe,Cold - Warm Summer,0.182,0.3421197144426139,0.3423076923076923,CWS
spatial_spd,analysis=spatial_spd|dataset_id=15292|region=North America|climatezone=Cold_Without_dry_season_Warm_Summer,15292,North America,Cold - Warm Summer,0.575,0.2506086956521739,0.2506086956521739,CWS
spatial_spd,analysis=spatial_spd|dataset_id=15306|region=Latin America|climatezone=Polar,15306,Latin America,Polar,0.355,0.058558558558558564,0.05859154929577465,POL
spatial_spd,analysis=spatial_spd|dataset_id=3500|region=North America|climatezone=Temperate_Without_dry_season,3500,North America,Temperate,0.322,0.40516169154228854,0.4046583850931677,TMP
spatial_spd,analysis=spatial_spd|dataset_id=4330|region=Europe|climatezone=Cold_Without_dry_season_Warm_Summer,4330,Europe,Cold - Warm Summer,0.397,0,-0.04861460957178841,CWS
spatial_spd,analysis=spatial_spd|dataset_id=2476|region=North America|climatezone=Cold_Without_dry_season_Cold_Summer,2476,North America,Cold - Cold Summer,0.083,0,-0.4879518072289157,CCS
spatial_spd,analysis=spatial_spd|dataset_id=21700|region=Latin America|climatezone=Temperate_Without_dry_season,21700,Latin America,Temperate,0.692,0.29758635640988584,0.2975433526011561,TMP
spatial_spd,analysis=spatial_spd|dataset_id=2382|region=North America|climatezone=Cold_Without_dry_season_Warm_Summer,2382,North America,Cold - Warm Summer,0.288,0.17702186740715026,0.17708333333333334,CWS
spatial_spd,analysis=spatial_spd|dataset_id=24593|region=Europe|climatezone=Temperate_Without_dry_season,24593,Europe,Temperate,0.487,0.4620916375590713,0.46180698151950716,TMP
spatial_spd,analysis=spatial_spd|dataset_id=2343|region=North America|climatezone=Cold_Without_dry_season_Warm_Summer,2343,North America,Cold - Warm Summer,0.504,0.1722905915045653,0.17222222222222222,CWS
spatial_spd,analysis=spatial_spd|dataset_id=4501|region=Europe|climatezone=Cold_Without_dry_season_Cold_Summer,4501,Europe,Cold - Cold Summer,0.277,0.0815884476534296,0.0815884476534296,CCS
spatial_spd,analysis=spatial_spd|dataset_id=41756|region=Europe|climatezone=Cold_Without_dry_season_Cold_Summer,41756,Europe,Cold - Cold Summer,0.339,0.0011802891708468574,0.0011799410029498525,CCS
spatial_spd,analysis=spatial_spd|dataset_id=22689|region=Europe|climatezone=Cold_Without_dry_season_Warm_Summer,22689,Europe,Cold - Warm Summer,0.197,0.12944162436548223,0.12944162436548223,CWS
spatial_spd,analysis=spatial_spd|dataset_id=15136|region=North America|climatezone=Cold_Without_dry_season_Warm_Summer,15136,North America,Cold - Warm Summer,0.305,0.21428571428571427,0.21442622950819673,CWS
spatial_spd,analysis=spatial_spd|dataset_id=20616|region=North America|climatezone=Cold_Without_dry_season_Cold_Summer,20616,North America,Cold - Cold Summer,0.618,0.324385510996119,0.32459546925566346,CCS
spatial_spd,analysis=spatial_spd|dataset_id=3926|region=Europe|climatezone=Polar,3926,Europe,Polar,0.42,0.1529131985731272,0.1530952380952381,POL
spatial_spd,analysis=spatial_spd|dataset_id=45379|region=Europe|climatezone=Cold_Without_dry_season_Warm_Summer,45379,Europe,Cold - Warm Summer,0.493,0.3828536684231861,0.3831643002028398,CWS
spatial_spd,analysis=spatial_spd|dataset_id=21770|region=North America|climatezone=Temperate_Without_dry_season,21770,North America,Temperate,0.397,0.27819738167170194,0.2783375314861461,TMP
spatial_spd,analysis=spatial_spd|dataset_id=25773|region=Europe|climatezone=Cold_Without_dry_season_Warm_Summer,25773,Europe,Cold - Warm Summer,0.18,0.7151582454192116,0.7155555555555556,CWS
spatial_spd,analysis=spatial_spd|dataset_id=4256|region=Europe|climatezone=Temperate_Dry_Summer,4256,Europe,Temperate - Dry Summer,0.219,0.09525979945305377,0.09543378995433789,TDS
spatial_spd,analysis=spatial_spd|dataset_id=1782|region=North America|climatezone=Cold_Without_dry_season_Hot_Summer,1782,North America,Cold - Hot Summer,0.63,0.7155788470700333,0.7152380952380952,CHS
spatial_spd,analysis=spatial_spd|dataset_id=2620|region=North America|climatezone=Arid,2620,North America,Arid,0.509,0.2605025520219867,0.2607072691552063,ARD
spatial_spd,analysis=spatial_spd|dataset_id=4024|region=Europe|climatezone=Cold_Without_dry_season_Cold_Summer,4024,Europe,Cold - Cold Summer,0.042,0,-1.5166666666666668,CCS
spatial_spd,analysis=spatial_spd|dataset_id=489|region=North America|climatezone=Cold_Without_dry_season_Hot_Summer,489,North America,Cold - Hot Summer,0.214,0,-0.2757009345794392,CHS
spatial_spd,analysis=spatial_spd|dataset_id=24256|region=Europe|climatezone=Cold_Without_dry_season_Warm_Summer,24256,Europe,Cold - Warm Summer,0.471,0.1111347216319592,0.11104033970276009,CWS
spatial_spd,analysis=spatial_spd|dataset_id=1716|region=North America|climatezone=Cold_Without_dry_season_Warm_Summer,1716,North America,Cold - Warm Summer,0.384,0.21875,0.21875,CWS
spatial_spd,analysis=spatial_spd|dataset_id=26431|region=Europe|climatezone=Cold_Without_dry_season_Warm_Summer,26431,Europe,Cold - Warm Summer,0.218,0.05812356979405034,0.05825688073394495,CWS
spatial_spd,analysis=spatial_spd|dataset_id=17296|region=North America|climatezone=Cold_Without_dry_season_Cold_Summer,17296,North America,Cold - Cold Summer,0.1,0.01104417670682731,0.011,CCS
spatial_spd,analysis=spatial_spd|dataset_id=19266|region=North America|climatezone=Polar,19266,North America,Polar,0.292,0,-0.018835616438356163,POL
spatial_spd,analysis=spatial_spd|dataset_id=15872|region=North America|climatezone=Temperate_Without_dry_season,15872,North America,Temperate,0.374,0.21737967914438502,0.21737967914438502,TMP
spatial_spd,analysis=spatial_spd|dataset_id=537|region=Latin America|climatezone=Polar,537,Latin America,Polar,0.644,0.3555900621118012,0.3555900621118012,POL
spatial_spd,analysis=spatial_spd|dataset_id=47011|region=Latin America|climatezone=Temperate_Without_dry_season,47011,Latin America,Temperate,0.459,0.4164127122333478,0.4167755991285403,TMP
spatial_spd,analysis=spatial_spd|dataset_id=14951|region=North America|climatezone=Cold_Dry_Summer,14951,North America,Cold - Dry Summer,0.501,0.028759736369083282,0.02874251497005988,CDS
spatial_spd,analysis=spatial_spd|dataset_id=15420|region=North America|climatezone=Polar,15420,North America,Polar,0.434,0.514614499424626,0.5152073732718894,POL
spatial_spd,analysis=spatial_spd|dataset_id=3138|region=North America|climatezone=Cold_Without_dry_season_Warm_Summer,3138,North America,Cold - Warm Summer,0.588,0.15068027210884355,0.15068027210884355,CWS
spatial_spd,analysis=spatial_spd|dataset_id=1691|region=North America|climatezone=Cold_Without_dry_season_Cold_Summer,1691,North America,Cold - Cold Summer,0.561,0.14532810271041371,0.14527629233511585,CCS
spatial_spd,analysis=spatial_spd|dataset_id=22660|region=Europe|climatezone=Cold_Without_dry_season_Cold_Summer,22660,Europe,Cold - Cold Summer,0.367,0.29555979297194224,0.2956403269754768,CCS
spatial_spd,analysis=spatial_spd|dataset_id=4148|region=Europe|climatezone=Temperate_Without_dry_season,4148,Europe,Temperate,0.514,9.721952167995334e-4,9.727626459143969e-4,TMP
spatial_spd,analysis=spatial_spd|dataset_id=206|region=North America|climatezone=Polar,206,North America,Polar,0.158,0.141497461928934,0.14113924050632912,POL
spatial_spd,analysis=spatial_spd|dataset_id=1105|region=North America|climatezone=Cold_Without_dry_season_Warm_Summer,1105,North America,Cold - Warm Summer,0.623,0.36192771084337344,0.361637239165329,CWS
spatial_spd,analysis=spatial_spd|dataset_id=1524|region=North America|climatezone=Cold_Without_dry_season_Warm_Summer,1524,North America,Cold - Warm Summer,0.649,0.3678940070867355,0.3679506933744222,CWS
spatial_spd,analysis=spatial_spd|dataset_id=2652|region=North America|climatezone=Polar,2652,North America,Polar,0.347,0,-0.004610951008645533,POL
spatial_spd,analysis=spatial_spd|dataset_id=47590|region=Europe|climatezone=Temperate_Dry_Summer,47590,Europe,Temperate - Dry Summer,0.453,0.1966019417475728,0.1966887417218543,TDS
spatial_spd,analysis=spatial_spd|dataset_id=48072|region=Europe|climatezone=Cold_Without_dry_season_Warm_Summer,48072,Europe,Cold - Warm Summer,0.164,0.07936507936507936,0.07926829268292682,CWS
spatial_spd,analysis=spatial_spd|dataset_id=20872|region=North America|climatezone=Cold_Without_dry_season_Cold_Summer,20872,North America,Cold - Cold Summer,0.431,0.2289828146771946,0.22877030162412992,CCS
spatial_spd,analysis=spatial_spd|dataset_id=209|region=North America|climatezone=Cold_Without_dry_season_Cold_Summer,209,North America,Cold - Cold Summer,0.456,0.17010535557506584,0.1699561403508772,CCS
spatial_spd,analysis=spatial_spd|dataset_id=2065|region=North America|climatezone=Cold_Without_dry_season_Warm_Summer,2065,North America,Cold - Warm Summer,0.345,0.42844727694090384,0.4286956521739131,CWS
spatial_spd,analysis=spatial_spd|dataset_id=25318|region=Europe|climatezone=Temperate_Without_dry_season,25318,Europe,Temperate,0.317,0,-0.0249211356466877,TMP
spatial_spd,analysis=spatial_spd|dataset_id=4485|region=Europe|climatezone=Cold_Without_dry_season_Warm_Summer,4485,Europe,Cold - Warm Summer,0.076,0.48754914809960676,0.4894736842105263,CWS
spatial_spd,analysis=spatial_spd|dataset_id=969|region=North America|climatezone=Temperate_Without_dry_season,969,North America,Temperate,0.333,0.23143973549744515,0.2312312312312312,TMP
spatial_spd,analysis=spatial_spd|dataset_id=20372|region=North America|climatezone=Cold_Dry_Summer,20372,North America,Cold - Dry Summer,0.374,0.19053981827899522,0.19064171122994653,CDS
spatial_spd,analysis=spatial_spd|dataset_id=41543|region=Europe|climatezone=Temperate_Dry_Summer,41543,Europe,Temperate - Dry Summer,0.218,0.390546122074346,0.3903669724770642,TDS
spatial_spd,analysis=spatial_spd|dataset_id=41469|region=Europe|climatezone=Cold_Without_dry_season_Warm_Summer,41469,Europe,Cold - Warm Summer,0.216,0.1590909090909091,0.1587962962962963,CWS
spatial_spd,analysis=spatial_spd|dataset_id=1773|region=North America|climatezone=Cold_Without_dry_season_Warm_Summer,1773,North America,Cold - Warm Summer,0.325,0.5352199323285143,0.5353846153846153,CWS
spatial_spd,analysis=spatial_spd|dataset_id=254|region=North America|climatezone=Cold_Without_dry_season_Warm_Summer,254,North America,Cold - Warm Summer,0.52,0.5961945031712473,0.5965384615384615,CWS
spatial_spd,analysis=spatial_spd|dataset_id=1693|region=North America|climatezone=Cold_Without_dry_season_Cold_Summer,1693,North America,Cold - Cold Summer,0.32,0,-0.0246875,CCS
spatial_spd,analysis=spatial_spd|dataset_id=45188|region=Europe|climatezone=Temperate_Dry_Summer,45188,Europe,Temperate - Dry Summer,0.015,0.7785234899328859,0.7733333333333333,TDS
spatial_spd,analysis=spatial_spd|dataset_id=1981|region=North America|climatezone=Cold_Without_dry_season_Warm_Summer,1981,North America,Cold - Warm Summer,0.197,0.9984756097560976,0.9974619289340102,CWS
spatial_spd,analysis=spatial_spd|dataset_id=4279|region=Europe|climatezone=Temperate_Without_dry_season,4279,Europe,Temperate,0.415,0.34578313253012044,0.3457831325301205,TMP
spatial_spd,analysis=spatial_spd|dataset_id=22759|region=Europe|climatezone=Cold_Without_dry_season_Warm_Summer,22759,Europe,Cold - Warm Summer,0.095,0.6425576519916143,0.6452631578947369,CWS
spatial_spd,analysis=spatial_spd|dataset_id=2882|region=North America|climatezone=Cold_Without_dry_season_Cold_Summer,2882,North America,Cold - Cold Summer,0.665,0.011736382786638577,0.011729323308270676,CCS
spatial_spd,analysis=spatial_spd|dataset_id=1577|region=Europe|climatezone=Temperate_Without_dry_season,1577,Europe,Temperate,0.477,0.35060847671002937,0.35031446540880506,TMP
spatial_spd,analysis=spatial_spd|dataset_id=20515|region=North America|climatezone=Cold_Without_dry_season_Hot_Summer,20515,North America,Cold - Hot Summer,0.398,0.3293969849246231,0.3293969849246231,CHS
spatial_spd,analysis=spatial_spd|dataset_id=2265|region=North America|climatezone=Cold_Without_dry_season_Warm_Summer,2265,North America,Cold - Warm Summer,0.637,0.2132768361581921,0.21334379905808476,CWS
spatial_spd,analysis=spatial_spd|dataset_id=2925|region=North America|climatezone=Polar,2925,North America,Polar,0.347,0.1050964583933199,0.10518731988472622,POL
spatial_spd,analysis=spatial_spd|dataset_id=17334|region=Europe|climatezone=Temperate_Without_dry_season,17334,Europe,Temperate,0.545,0.5824922004037438,0.5823853211009175,TMP
spatial_spd,analysis=spatial_spd|dataset_id=47005|region=Europe|climatezone=Temperate_Without_dry_season,47005,Europe,Temperate,0.524,0.589660434948493,0.5898854961832061,TMP
spatial_spd,analysis=spatial_spd|dataset_id=40799|region=North America|climatezone=Cold_Without_dry_season_Warm_Summer,40799,North America,Cold - Warm Summer,0.131,0,-0.16412213740458012,CWS
spatial_spd,analysis=spatial_spd|dataset_id=41585|region=North America|climatezone=Polar,41585,North America,Polar,0.288,0.5026014568158168,0.503125,POL
spatial_spd,analysis=spatial_spd|dataset_id=15302|region=North America|climatezone=Cold_Without_dry_season_Hot_Summer,15302,North America,Cold - Hot Summer,0.342,0.1449063231850117,0.14473684210526316,CHS
spatial_spd,analysis=spatial_spd|dataset_id=40854|region=North America|climatezone=Cold_Without_dry_season_Hot_Summer,40854,North America,Cold - Hot Summer,0.11,1,1.0109090909090908,CHS
spatial_spd,analysis=spatial_spd|dataset_id=2615|region=North America|climatezone=Cold_Without_dry_season_Warm_Summer,2615,North America,Cold - Warm Summer,0.327,0.3658909981628904,0.36544342507645255,CWS
spatial_spd,analysis=spatial_spd|dataset_id=14884|region=North America|climatezone=Cold_Without_dry_season_Cold_Summer,14884,North America,Cold - Cold Summer,0.307,0,-0.08827361563517915,CCS
spatial_spd,analysis=spatial_spd|dataset_id=856|region=North America|climatezone=Cold_Without_dry_season_Cold_Summer,856,North America,Cold - Cold Summer,0.145,0,-0.06689655172413794,CCS
spatial_spd,analysis=spatial_spd|dataset_id=12|region=Europe|climatezone=Cold_Without_dry_season_Warm_Summer,12,Europe,Cold - Warm Summer,0.488,0.328685667418495,0.3284836065573771,CWS
spatial_spd,analysis=spatial_spd|dataset_id=1820|region=North America|climatezone=Cold_Without_dry_season_Warm_Summer,1820,North America,Cold - Warm Summer,0.654,0.27983476132190943,0.2796636085626911,CWS
spatial_spd,analysis=spatial_spd|dataset_id=15929|region=North America|climatezone=Cold_Without_dry_season_Warm_Summer,15929,North America,Cold - Warm Summer,0.728,0.3117614729321242,0.3116758241758242,CWS
spatial_spd,analysis=spatial_spd|dataset_id=41842|region=Europe|climatezone=Polar,41842,Europe,Polar,0.282,0.23117897727272727,0.23085106382978726,POL
spatial_spd,analysis=spatial_spd|dataset_id=45387|region=Europe|climatezone=Cold_Without_dry_season_Warm_Summer,45387,Europe,Cold - Warm Summer,0.634,0.35083569851781776,0.3509463722397476,CWS
spatial_spd,analysis=spatial_spd|dataset_id=15142|region=North America|climatezone=Cold_Without_dry_season_Hot_Summer,15142,North America,Cold - Hot Summer,0.389,0.3075539568345324,0.3077120822622108,CHS
spatial_spd,analysis=spatial_spd|dataset_id=852|region=North America|climatezone=Temperate_Without_dry_season,852,North America,Temperate,0.109,0.3266239707227813,0.32752293577981656,TMP
spatial_spd,analysis=spatial_spd|dataset_id=4269|region=Europe|climatezone=Cold_Without_dry_season_Warm_Summer,4269,Europe,Cold - Warm Summer,0.452,0.035145888594164454,0.035176991150442476,CWS
spatial_spd,analysis=spatial_spd|dataset_id=25370|region=Europe|climatezone=Temperate_Without_dry_season,25370,Europe,Temperate,0.613,0.4525595044016955,0.45285481239804243,TMP
spatial_spd,analysis=spatial_spd|dataset_id=25221|region=Europe|climatezone=Temperate_Without_dry_season,25221,Europe,Temperate,0.224,0.7396158999553373,0.7392857142857142,TMP
spatial_spd,analysis=spatial_spd|dataset_id=41018|region=North America|climatezone=Temperate_Without_dry_season,41018,North America,Temperate,0.377,0.12413793103448276,0.12413793103448276,TMP
spatial_spd,analysis=spatial_spd|dataset_id=21774|region=North America|climatezone=Temperate_Without_dry_season,21774,North America,Temperate,0.433,0.28488909426987064,0.2847575057736721,TMP
spatial_spd,analysis=spatial_spd|dataset_id=4012|region=Europe|climatezone=Temperate_Without_dry_season,4012,Europe,Temperate,0.437,0,-0.002745995423340961,TMP
spatial_spd,analysis=spatial_spd|dataset_id=41241|region=Europe|climatezone=Temperate_Without_dry_season,41241,Europe,Temperate,0.134,0.3883928571428572,0.3895522388059702,TMP
spatial_spd,analysis=spatial_spd|dataset_id=41499|region=North America|climatezone=Cold_Dry_Summer,41499,North America,Cold - Dry Summer,0.375,0.04557569296375267,0.0456,CDS
spatial_spd,analysis=spatial_spd|dataset_id=47564|region=Latin America|climatezone=Tropical,47564,Latin America,Tropical,0.372,0.25832438238453276,0.2586021505376344,TRO
spatial_spd,analysis=spatial_spd|dataset_id=778|region=North America|climatezone=Cold_Without_dry_season_Cold_Summer,778,North America,Cold - Cold Summer,0.267,0.20464767616191906,0.20449438202247192,CCS
spatial_spd,analysis=spatial_spd|dataset_id=4320|region=Europe|climatezone=Cold_Without_dry_season_Warm_Summer,4320,Europe,Cold - Warm Summer,0.599,0.19655978623914497,0.1964941569282137,CWS
spatial_spd,analysis=spatial_spd|dataset_id=1843|region=Asia|climatezone=Cold_Without_dry_season_Warm_Summer,1843,Asia,Cold - Warm Summer,0.486,0.1572779605263158,0.1574074074074074,CWS
spatial_spd,analysis=spatial_spd|dataset_id=42566|region=Europe|climatezone=Cold_Without_dry_season_Warm_Summer,42566,Europe,Cold - Warm Summer,0.583,0.4758881070876952,0.4756432246998285,CWS
spatial_spd,analysis=spatial_spd|dataset_id=21938|region=Latin America|climatezone=Polar,21938,Latin America,Polar,0.434,0.13196683555964991,0.13202764976958525,POL
spatial_spd,analysis=spatial_spd|dataset_id=2342|region=North America|climatezone=Cold_Without_dry_season_Warm_Summer,2342,North America,Cold - Warm Summer,0.377,0.1636604774535809,0.1636604774535809,CWS
spatial_spd,analysis=spatial_spd|dataset_id=3871|region=Europe|climatezone=Temperate_Without_dry_season,3871,Europe,Temperate,0.05,0.43749999999999994,0.434,TMP
spatial_spd,analysis=spatial_spd|dataset_id=41228|region=Europe|climatezone=Temperate_Without_dry_season,41228,Europe,Temperate,0.341,0.016695957820738138,0.016715542521994135,TMP
spatial_spd,analysis=spatial_spd|dataset_id=24441|region=Europe|climatezone=Cold_Without_dry_season_Warm_Summer,24441,Europe,Cold - Warm Summer,0.437,0,-0.0574370709382151,CWS
spatial_spd,analysis=spatial_spd|dataset_id=40795|region=North America|climatezone=Cold_Without_dry_season_Warm_Summer,40795,North America,Cold - Warm Summer,0.41,0.3309738833292653,0.3307317073170732,CWS
spatial_spd,analysis=spatial_spd|dataset_id=21915|region=Latin America|climatezone=Tropical,21915,Latin America,Tropical,0.613,0.21886730863391543,0.21876019575856442,TRO
spatial_spd,analysis=spatial_spd|dataset_id=14523|region=Europe|climatezone=Temperate_Without_dry_season,14523,Europe,Temperate,0.438,0.34361434772675353,0.34337899543378997,TMP
spatial_spd,analysis=spatial_spd|dataset_id=25344|region=Europe|climatezone=Temperate_Without_dry_season,25344,Europe,Temperate,0.289,0.422037422037422,0.4214532871972319,TMP
spatial_spd,analysis=spatial_spd|dataset_id=41502|region=Europe|climatezone=Temperate_Without_dry_season,41502,Europe,Temperate,0.26,0.17927063339731283,0.1796153846153846,TMP
spatial_spd,analysis=spatial_spd|dataset_id=772|region=North America|climatezone=Cold_Without_dry_season_Warm_Summer,772,North America,Cold - Warm Summer,0.226,0.060565870910698504,0.060619469026548675,CWS
spatial_spd,analysis=spatial_spd|dataset_id=46645|region=North America|climatezone=Cold_Without_dry_season_Cold_Summer,46645,North America,Cold - Cold Summer,0.152,0.3337704918032787,0.3348684210526316,CCS
spatial_spd,analysis=spatial_spd|dataset_id=3452|region=North America|climatezone=Cold_Without_dry_season_Warm_Summer,3452,North America,Cold - Warm Summer,0.243,0.8976992604765818,0.8991769547325104,CWS
spatial_spd,analysis=spatial_spd|dataset_id=3910|region=Europe|climatezone=Temperate_Without_dry_season,3910,Europe,Temperate,0.698,0.037684482017481015,0.03767908309455588,TMP
spatial_spd,analysis=spatial_spd|dataset_id=48735|region=Europe|climatezone=Cold_Without_dry_season_Cold_Summer,48735,Europe,Cold - Cold Summer,0.421,0.13933064324709232,0.13942992874109264,CCS
spatial_spd,analysis=spatial_spd|dataset_id=48614|region=Latin America|climatezone=Temperate_Without_dry_season,48614,Latin America,Temperate,0.168,0,-0.17023809523809522,TMP
spatial_spd,analysis=spatial_spd|dataset_id=22352|region=Europe|climatezone=Cold_Without_dry_season_Warm_Summer,22352,Europe,Cold - Warm Summer,0.232,0,-0.2969827586206897,CWS
spatial_spd,analysis=spatial_spd|dataset_id=15876|region=North America|climatezone=Arid,15876,North America,Arid,0.375,0,-0.05573333333333333,ARD
spatial_spd,analysis=spatial_spd|dataset_id=45710|region=Europe|climatezone=Cold_Without_dry_season_Cold_Summer,45710,Europe,Cold - Cold Summer,0.605,0.44598842018196855,0.44561983471074385,CCS
spatial_spd,analysis=spatial_spd|dataset_id=17945|region=North America|climatezone=Cold_Without_dry_season_Warm_Summer,17945,North America,Cold - Warm Summer,0.506,0.16956521739130434,0.16956521739130434,CWS
spatial_spd,analysis=spatial_spd|dataset_id=3875|region=Europe|climatezone=Cold_Without_dry_season_Warm_Summer,3875,Europe,Cold - Warm Summer,1,0.103,0.103,CWS
spatial_spd,analysis=spatial_spd|dataset_id=15719|region=North America|climatezone=Polar,15719,North America,Polar,0.38,0,-0.049473684210526316,POL
spatial_spd,analysis=spatial_spd|dataset_id=2955|region=North America|climatezone=Polar,2955,North America,Polar,0.444,0.24351747463359638,0.24324324324324323,POL
spatial_spd,analysis=spatial_spd|dataset_id=22910|region=Europe|climatezone=Cold_Without_dry_season_Warm_Summer,22910,Europe,Cold - Warm Summer,0.305,1,1.0485245901639344,CWS
spatial_spd,analysis=spatial_spd|dataset_id=16061|region=North America|climatezone=Cold_Dry_Summer,16061,North America,Cold - Dry Summer,0.322,0,-0.03944099378881987,CDS
spatial_spd,analysis=spatial_spd|dataset_id=549|region=North America|climatezone=Cold_Without_dry_season_Cold_Summer,549,North America,Cold - Cold Summer,0.481,0.050477773161611963,0.050519750519750516,CCS
spatial_spd,analysis=spatial_spd|dataset_id=45719|region=Europe|climatezone=Cold_Without_dry_season_Warm_Summer,45719,Europe,Cold - Warm Summer,0.569,0.26956215931070865,0.2694200351493849,CWS
spatial_spd,analysis=spatial_spd|dataset_id=2610|region=North America|climatezone=Cold_Without_dry_season_Warm_Summer,2610,North America,Cold - Warm Summer,0.427,0.5153359868883165,0.5154566744730679,CWS
spatial_spd,analysis=spatial_spd|dataset_id=20838|region=North America|climatezone=Cold_Without_dry_season_Cold_Summer,20838,North America,Cold - Cold Summer,0.207,0,-0.03091787439613527,CCS
spatial_spd,analysis=spatial_spd|dataset_id=24390|region=Europe|climatezone=Temperate_Dry_Summer,24390,Europe,Temperate - Dry Summer,0.495,0.023429610179761664,0.023434343434343433,TDS
spatial_spd,analysis=spatial_spd|dataset_id=21319|region=North America|climatezone=Cold_Without_dry_season_Cold_Summer,21319,North America,Cold - Cold Summer,0.65,0.09498152709359606,0.09492307692307692,CCS
spatial_spd,analysis=spatial_spd|dataset_id=15740|region=North America|climatezone=Cold_Without_dry_season_Warm_Summer,15740,North America,Cold - Warm Summer,0.244,0.5069672131147541,0.5069672131147541,CWS
spatial_spd,analysis=spatial_spd|dataset_id=16275|region=North America|climatezone=Cold_Without_dry_season_Cold_Summer,16275,North America,Cold - Cold Summer,0.502,0.11901913875598086,0.11892430278884462,CCS
spatial_spd,analysis=spatial_spd|dataset_id=2303|region=North America|climatezone=Polar,2303,North America,Polar,0.315,0.17359568390986985,0.17365079365079364,POL
spatial_spd,analysis=spatial_spd|dataset_id=1574|region=North America|climatezone=Cold_Without_dry_season_Hot_Summer,1574,North America,Cold - Hot Summer,0.246,0.34863876472978467,0.3487804878048781,CHS
spatial_spd,analysis=spatial_spd|dataset_id=2962|region=North America|climatezone=Cold_Without_dry_season_Cold_Summer,2962,North America,Cold - Cold Summer,0.623,0.09858702633269108,0.0985553772070626,CCS
spatial_spd,analysis=spatial_spd|dataset_id=1780|region=North America|climatezone=Cold_Without_dry_season_Cold_Summer,1780,North America,Cold - Cold Summer,0.441,0.35602450646698436,0.3557823129251701,CCS
spatial_spd,analysis=spatial_spd|dataset_id=22797|region=Europe|climatezone=Cold_Without_dry_season_Cold_Summer,22797,Europe,Cold - Cold Summer,0.45,0.19515985790408527,0.19533333333333333,CCS
spatial_spd,analysis=spatial_spd|dataset_id=2318|region=North America|climatezone=Cold_Without_dry_season_Warm_Summer,2318,North America,Cold - Warm Summer,0.341,0.135936582501468,0.13577712609970674,CWS
spatial_spd,analysis=spatial_spd|dataset_id=20|region=Europe|climatezone=Cold_Without_dry_season_Cold_Summer,20,Europe,Cold - Cold Summer,0.424,0.29123468426013194,0.29150943396226414,CCS
spatial_spd,analysis=spatial_spd|dataset_id=2919|region=North America|climatezone=Cold_Without_dry_season_Hot_Summer,2919,North America,Cold - Hot Summer,0.154,1,1.240909090909091,CHS
spatial_spd,analysis=spatial_spd|dataset_id=20758|region=North America|climatezone=Temperate_Dry_Summer,20758,North America,Temperate - Dry Summer,0.226,0.07975188303057155,0.07964601769911503,TDS
spatial_spd,analysis=spatial_spd|dataset_id=24097|region=Europe|climatezone=Cold_Without_dry_season_Warm_Summer,24097,Europe,Cold - Warm Summer,0.116,0,-0.16724137931034483,CWS
spatial_spd,analysis=spatial_spd|dataset_id=501|region=North America|climatezone=Cold_Without_dry_season_Cold_Summer,501,North America,Cold - Cold Summer,0.258,0.16369278510473234,0.1635658914728682,CCS
spatial_spd,analysis=spatial_spd|dataset_id=1848|region=North America|climatezone=Cold_Without_dry_season_Warm_Summer,1848,North America,Cold - Warm Summer,0.454,0.44356435643564357,0.4440528634361233,CWS
spatial_spd,analysis=spatial_spd|dataset_id=45385|region=Europe|climatezone=Cold_Without_dry_season_Warm_Summer,45385,Europe,Cold - Warm Summer,0.515,0.014942751795070831,0.014951456310679612,CWS
spatial_spd,analysis=spatial_spd|dataset_id=2908|region=Latin America|climatezone=Cold_Dry_Summer,2908,Latin America,Cold - Dry Summer,0.485,0.05365249690466364,0.05360824742268041,CDS
spatial_spd,analysis=spatial_spd|dataset_id=22683|region=Europe|climatezone=Cold_Without_dry_season_Cold_Summer,22683,Europe,Cold - Cold Summer,0.173,0.07634470792365529,0.07630057803468208,CCS
spatial_spd,analysis=spatial_spd|dataset_id=17711|region=North America|climatezone=Cold_Without_dry_season_Cold_Summer,17711,North America,Cold - Cold Summer,0.605,0.19464197122540103,0.19454545454545455,CCS
spatial_spd,analysis=spatial_spd|dataset_id=2023|region=North America|climatezone=Cold_Without_dry_season_Warm_Summer,2023,North America,Cold - Warm Summer,0.43,0.3471189591078067,0.34744186046511627,CWS
spatial_spd,analysis=spatial_spd|dataset_id=336|region=North America|climatezone=Cold_Without_dry_season_Cold_Summer,336,North America,Cold - Cold Summer,0.366,0.4327054327054327,0.4330601092896175,CCS
spatial_spd,analysis=spatial_spd|dataset_id=14525|region=Europe|climatezone=Temperate_Without_dry_season,14525,Europe,Temperate,0.708,0.18604322644441304,0.1860169491525424,TMP
spatial_spd,analysis=spatial_spd|dataset_id=1667|region=North America|climatezone=Cold_Without_dry_season_Warm_Summer,1667,North America,Cold - Warm Summer,0.432,0.5126069858894285,0.512962962962963,CWS
spatial_spd,analysis=spatial_spd|dataset_id=41491|region=Europe|climatezone=Cold_Without_dry_season_Warm_Summer,41491,Europe,Cold - Warm Summer,0.497,0.20535534527884033,0.20523138832997986,CWS
spatial_spd,analysis=spatial_spd|dataset_id=48621|region=Latin America|climatezone=Temperate_Without_dry_season,48621,Latin America,Temperate,0.103,0,-0.4300970873786408,TMP
spatial_spd,analysis=spatial_spd|dataset_id=48889|region=North America|climatezone=Cold_Without_dry_season_Warm_Summer,48889,North America,Cold - Warm Summer,0.348,0.8177905308464849,0.8189655172413793,CWS
spatial_spd,analysis=spatial_spd|dataset_id=45400|region=Europe|climatezone=Cold_Without_dry_season_Warm_Summer,45400,Europe,Cold - Warm Summer,0.02,1,2.04,CWS
spatial_spd,analysis=spatial_spd|dataset_id=805|region=North America|climatezone=Cold_Without_dry_season_Hot_Summer,805,North America,Cold - Hot Summer,0.436,0.23692660550458716,0.23692660550458716,CHS
spatial_spd,analysis=spatial_spd|dataset_id=22992|region=Europe|climatezone=Cold_Without_dry_season_Cold_Summer,22992,Europe,Cold - Cold Summer,0.174,0.547441058079356,0.5471264367816093,CCS
spatial_spd,analysis=spatial_spd|dataset_id=15768|region=North America|climatezone=Temperate_Dry_Summer,15768,North America,Temperate - Dry Summer,0.258,0.037166085946573744,0.03720930232558139,TDS
spatial_spd,analysis=spatial_spd|dataset_id=41911|region=Europe|climatezone=Temperate_Dry_Summer,41911,Europe,Temperate - Dry Summer,0.051,0.035573122529644265,0.03529411764705882,TDS
spatial_spd,analysis=spatial_spd|dataset_id=22316|region=Europe|climatezone=Cold_Without_dry_season_Warm_Summer,22316,Europe,Cold - Warm Summer,0.416,0.28368623676612126,0.2834134615384616,CWS
spatial_spd,analysis=spatial_spd|dataset_id=219|region=North America|climatezone=Cold_Without_dry_season_Warm_Summer,219,North America,Cold - Warm Summer,0.606,0.05310902193633514,0.05313531353135314,CWS
spatial_spd,analysis=spatial_spd|dataset_id=4364|region=Europe|climatezone=Cold_Without_dry_season_Warm_Summer,4364,Europe,Cold - Warm Summer,0.014,1,2.142857142857143,CWS
spatial_spd,analysis=spatial_spd|dataset_id=21606|region=Latin America|climatezone=Arid,21606,Latin America,Arid,0.745,0.40198711063372716,0.40187919463087246,ARD
spatial_spd,analysis=spatial_spd|dataset_id=2586|region=North America|climatezone=Cold_Without_dry_season_Warm_Summer,2586,North America,Cold - Warm Summer,0.167,0.2574671445639188,0.25808383233532933,CWS
spatial_spd,analysis=spatial_spd|dataset_id=41614|region=North America|climatezone=Cold_Without_dry_season_Cold_Summer,41614,North America,Cold - Cold Summer,0.466,0.2942311816427193,0.2944206008583691,CCS
spatial_spd,analysis=spatial_spd|dataset_id=15138|region=North America|climatezone=Cold_Without_dry_season_Warm_Summer,15138,North America,Cold - Warm Summer,0.242,0.22327692942633098,0.22355371900826448,CWS
spatial_spd,analysis=spatial_spd|dataset_id=24250|region=Europe|climatezone=Cold_Without_dry_season_Warm_Summer,24250,Europe,Cold - Warm Summer,0.536,0,-0.062313432835820894,CWS
spatial_spd,analysis=spatial_spd|dataset_id=24414|region=Europe|climatezone=Cold_Without_dry_season_Warm_Summer,24414,Europe,Cold - Warm Summer,0.358,0,-0.0712290502793296,CWS
spatial_spd,analysis=spatial_spd|dataset_id=3493|region=North America|climatezone=Cold_Without_dry_season_Warm_Summer,3493,North America,Cold - Warm Summer,0.44,0.33976833976833976,0.34,CWS
spatial_spd,analysis=spatial_spd|dataset_id=15855|region=North America|climatezone=Cold_Without_dry_season_Cold_Summer,15855,North America,Cold - Cold Summer,0.02,0.04060913705583757,0.04,CCS
spatial_spd,analysis=spatial_spd|dataset_id=974|region=North America|climatezone=Cold_Without_dry_season_Warm_Summer,974,North America,Cold - Warm Summer,0.757,0.29652621846519617,0.2965653896961691,CWS
spatial_spd,analysis=spatial_spd|dataset_id=16054|region=North America|climatezone=Cold_Dry_Summer,16054,North America,Cold - Dry Summer,0.535,0.1651702207257763,0.16504672897196263,CDS
spatial_spd,analysis=spatial_spd|dataset_id=45117|region=Europe|climatezone=Cold_Without_dry_season_Cold_Summer,45117,Europe,Cold - Cold Summer,0.419,0.11763302314483415,0.11766109785202863,CCS
spatial_spd,analysis=spatial_spd|dataset_id=679|region=North America|climatezone=Cold_Without_dry_season_Warm_Summer,679,North America,Cold - Warm Summer,0.249,0.29835142742259757,0.29799196787148596,CWS
spatial_spd,analysis=spatial_spd|dataset_id=15778|region=North America|climatezone=Cold_Dry_Summer,15778,North America,Cold - Dry Summer,0.568,0.5177092511013216,0.5172535211267606,CDS
spatial_spd,analysis=spatial_spd|dataset_id=47537|region=Europe|climatezone=Temperate_Dry_Summer,47537,Europe,Temperate - Dry Summer,0.637,0,-0.005023547880690738,TDS
spatial_spd,analysis=spatial_spd|dataset_id=15214|region=North America|climatezone=Cold_Without_dry_season_Cold_Summer,15214,North America,Cold - Cold Summer,0.058,1,1.0741379310344827,CCS
spatial_spd,analysis=spatial_spd|dataset_id=790|region=North America|climatezone=Cold_Without_dry_season_Cold_Summer,790,North America,Cold - Cold Summer,0.429,0.4701770736253495,0.4703962703962704,CCS
spatial_spd,analysis=spatial_spd|dataset_id=2663|region=North America|climatezone=Temperate_Without_dry_season,2663,North America,Temperate,0.519,0.24869866975130137,0.24855491329479767,TMP
spatial_spd,analysis=spatial_spd|dataset_id=1013|region=North America|climatezone=Cold_Without_dry_season_Warm_Summer,1013,North America,Cold - Warm Summer,0.311,0.4523502897617515,0.45176848874598075,CWS
spatial_spd,analysis=spatial_spd|dataset_id=16175|region=North America|climatezone=Cold_Without_dry_season_Hot_Summer,16175,North America,Cold - Hot Summer,0.671,0.2206167138388202,0.22071535022354694,CHS
spatial_spd,analysis=spatial_spd|dataset_id=16238|region=North America|climatezone=Cold_Without_dry_season_Cold_Summer,16238,North America,Cold - Cold Summer,0.19,0,-0.3263157894736842,CCS
spatial_spd,analysis=spatial_spd|dataset_id=40797|region=North America|climatezone=Cold_Without_dry_season_Warm_Summer,40797,North America,Cold - Warm Summer,0.517,0.4217147280820592,0.4214700193423598,CWS
spatial_spd,analysis=spatial_spd|dataset_id=16103|region=North America|climatezone=Cold_Without_dry_season_Warm_Summer,16103,North America,Cold - Warm Summer,0.095,0.9069767441860465,0.9031578947368422,CWS
spatial_spd,analysis=spatial_spd|dataset_id=40452|region=Europe|climatezone=Cold_Without_dry_season_Warm_Summer,40452,Europe,Cold - Warm Summer,0.178,0.07640449438202247,0.07640449438202247,CWS
spatial_spd,analysis=spatial_spd|dataset_id=1569|region=North America|climatezone=Cold_Without_dry_season_Cold_Summer,1569,North America,Cold - Cold Summer,0.444,0.09939148073022312,0.09932432432432432,CCS
spatial_spd,analysis=spatial_spd|dataset_id=15|region=Latin America|climatezone=Arid,15,Latin America,Arid,0.063,0,-0.24285714285714285,ARD
spatial_spd,analysis=spatial_spd|dataset_id=14549|region=North America|climatezone=Cold_Dry_Summer,14549,North America,Cold - Dry Summer,0.162,0.8243992606284658,0.825925925925926,CDS
spatial_spd,analysis=spatial_spd|dataset_id=843|region=North America|climatezone=Cold_Without_dry_season_Cold_Summer,843,North America,Cold - Cold Summer,0.43,0.23931226765799254,0.23953488372093024,CCS
spatial_spd,analysis=spatial_spd|dataset_id=41748|region=Europe|climatezone=Polar,41748,Europe,Polar,0.414,0,-0.0427536231884058,POL
spatial_spd,analysis=spatial_spd|dataset_id=1434|region=Europe|climatezone=Cold_Without_dry_season_Warm_Summer,1434,Europe,Cold - Warm Summer,0.629,0.15561913845175648,0.15564387917329095,CWS
spatial_spd,analysis=spatial_spd|dataset_id=808|region=North America|climatezone=Temperate_Dry_Summer,808,North America,Temperate - Dry Summer,0.36,0.27780867630700784,0.2775,TDS
spatial_spd,analysis=spatial_spd|dataset_id=40666|region=North America|climatezone=Temperate_Without_dry_season,40666,North America,Temperate,0.09,1,1.281111111111111,TMP
spatial_spd,analysis=spatial_spd|dataset_id=2335|region=Europe|climatezone=Temperate_Dry_Summer,2335,Europe,Temperate - Dry Summer,0.159,1,1.3522012578616351,TDS
spatial_spd,analysis=spatial_spd|dataset_id=4385|region=Europe|climatezone=Temperate_Without_dry_season,4385,Europe,Temperate,0.267,0.30777860882572927,0.3082397003745318,TMP
spatial_spd,analysis=spatial_spd|dataset_id=4133|region=Europe|climatezone=Cold_Without_dry_season_Cold_Summer,4133,Europe,Cold - Cold Summer,0.427,0.4468881609733271,0.44730679156908665,CCS
spatial_spd,analysis=spatial_spd|dataset_id=25763|region=Europe|climatezone=Polar,25763,Europe,Polar,0.233,0.1902103907256333,0.19012875536480686,POL
spatial_spd,analysis=spatial_spd|dataset_id=20285|region=Europe|climatezone=Polar,20285,Europe,Polar,0.402,0.21513944223107573,0.21492537313432836,POL
spatial_spd,analysis=spatial_spd|dataset_id=17354|region=North America|climatezone=Cold_Without_dry_season_Cold_Summer,17354,North America,Cold - Cold Summer,0.495,0.029917121487770367,0.0298989898989899,CCS
spatial_spd,analysis=spatial_spd|dataset_id=2594|region=Latin America|climatezone=Temperate_Without_dry_season,2594,Latin America,Temperate,0.377,0,-0.016710875331564987,TMP
spatial_spd,analysis=spatial_spd|dataset_id=4150|region=Europe|climatezone=Temperate_Without_dry_season,4150,Europe,Temperate,0.44,0.14755959137343927,0.14772727272727273,TMP
spatial_spd,analysis=spatial_spd|dataset_id=4011|region=Europe|climatezone=Cold_Without_dry_season_Warm_Summer,4011,Europe,Cold - Warm Summer,0.209,0.46006695361071254,0.4602870813397129,CWS
spatial_spd,analysis=spatial_spd|dataset_id=720|region=Europe|climatezone=Polar,720,Europe,Polar,0.414,0.09424842919284679,0.09420289855072464,POL
spatial_spd,analysis=spatial_spd|dataset_id=2959|region=North America|climatezone=Cold_Without_dry_season_Hot_Summer,2959,North America,Cold - Hot Summer,0.208,0.3142719846227775,0.3144230769230769,CHS
spatial_spd,analysis=spatial_spd|dataset_id=20649|region=North America|climatezone=Polar,20649,North America,Polar,0.426,0.20070422535211266,0.2007042253521127,POL
spatial_spd,analysis=spatial_spd|dataset_id=41001|region=North America|climatezone=Cold_Without_dry_season_Hot_Summer,41001,North America,Cold - Hot Summer,0.16,0.2038653366583541,0.204375,CHS
spatial_spd,analysis=spatial_spd|dataset_id=45704|region=Europe|climatezone=Cold_Without_dry_season_Cold_Summer,45704,Europe,Cold - Cold Summer,0.391,0.2834484522895881,0.28337595907928387,CCS
spatial_spd,analysis=spatial_spd|dataset_id=1854|region=North America|climatezone=Cold_Without_dry_season_Cold_Summer,1854,North America,Cold - Cold Summer,0.512,0.6588602654176425,0.659375,CCS
spatial_spd,analysis=spatial_spd|dataset_id=1157|region=North America|climatezone=Cold_Without_dry_season_Warm_Summer,1157,North America,Cold - Warm Summer,0.291,0.019601100412654747,0.019587628865979385,CWS
spatial_spd,analysis=spatial_spd|dataset_id=4360|region=Europe|climatezone=Cold_Without_dry_season_Cold_Summer,4360,Europe,Cold - Cold Summer,0.396,0,-0.038636363636363635,CCS
spatial_spd,analysis=spatial_spd|dataset_id=45639|region=Europe|climatezone=Cold_Without_dry_season_Cold_Summer,45639,Europe,Cold - Cold Summer,0.339,0.07730894069046917,0.07728613569321534,CCS
spatial_spd,analysis=spatial_spd|dataset_id=45389|region=Europe|climatezone=Cold_Without_dry_season_Warm_Summer,45389,Europe,Cold - Warm Summer,0.287,0.25748086290883787,0.2578397212543554,CWS
spatial_spd,analysis=spatial_spd|dataset_id=22950|region=Europe|climatezone=Cold_Without_dry_season_Warm_Summer,22950,Europe,Cold - Warm Summer,0.048,1,1.5416666666666665,CWS
spatial_spd,analysis=spatial_spd|dataset_id=539|region=North America|climatezone=Temperate_Without_dry_season,539,North America,Temperate,0.306,0.7862271540469974,0.7872549019607843,TMP
spatial_spd,analysis=spatial_spd|dataset_id=26520|region=Europe|climatezone=Polar,26520,Europe,Polar,0.313,0.07869481765834933,0.07859424920127796,POL
spatial_spd,analysis=spatial_spd|dataset_id=773|region=North America|climatezone=Cold_Without_dry_season_Warm_Summer,773,North America,Cold - Warm Summer,0.594,0.06713780918727914,0.06717171717171717,CWS
spatial_spd,analysis=spatial_spd|dataset_id=4524|region=Europe|climatezone=Temperate_Without_dry_season,4524,Europe,Temperate,0.674,0.16023738872403562,0.1602373887240356,TMP
spatial_spd,analysis=spatial_spd|dataset_id=15296|region=North America|climatezone=Cold_Without_dry_season_Warm_Summer,15296,North America,Cold - Warm Summer,0.117,0.1959114139693356,0.19658119658119658,CWS
spatial_spd,analysis=spatial_spd|dataset_id=16129|region=North America|climatezone=Cold_Without_dry_season_Hot_Summer,16129,North America,Cold - Hot Summer,0.318,0.5318681318681319,0.5327044025157233,CHS
spatial_spd,analysis=spatial_spd|dataset_id=17377|region=North America|climatezone=Cold_Dry_Summer,17377,North America,Cold - Dry Summer,0.424,0.130188679245283,0.13018867924528302,CDS
spatial_spd,analysis=spatial_spd|dataset_id=4466|region=Europe|climatezone=Cold_Without_dry_season_Warm_Summer,4466,Europe,Cold - Warm Summer,0.358,0,-0.08687150837988827,CWS
spatial_spd,analysis=spatial_spd|dataset_id=22980|region=Europe|climatezone=Arid,22980,Europe,Arid,0.182,0,-0.22912087912087914,ARD
spatial_spd,analysis=spatial_spd|dataset_id=26514|region=Europe|climatezone=Cold_Without_dry_season_Warm_Summer,26514,Europe,Cold - Warm Summer,0.25,0.3147777332799359,0.3144,CWS
spatial_spd,analysis=spatial_spd|dataset_id=4314|region=Europe|climatezone=Cold_Without_dry_season_Warm_Summer,4314,Europe,Cold - Warm Summer,0.499,0.5791583166332664,0.5791583166332664,CWS
spatial_spd,analysis=spatial_spd|dataset_id=872|region=Latin America|climatezone=Temperate_Without_dry_season,872,Latin America,Temperate,0.383,0.02244844688071,0.022454308093994776,TMP
spatial_spd,analysis=spatial_spd|dataset_id=723|region=Europe|climatezone=Cold_Without_dry_season_Warm_Summer,723,Europe,Cold - Warm Summer,0.394,0.10880040578239919,0.10888324873096446,CWS
spatial_spd,analysis=spatial_spd|dataset_id=48950|region=Europe|climatezone=Cold_Without_dry_season_Warm_Summer,48950,Europe,Cold - Warm Summer,0.168,0.05413444378346223,0.05416666666666667,CWS
spatial_spd,analysis=spatial_spd|dataset_id=48818|region=North America|climatezone=Cold_Without_dry_season_Warm_Summer,48818,North America,Cold - Warm Summer,0.363,0.3799559471365639,0.3801652892561984,CWS
spatial_spd,analysis=spatial_spd|dataset_id=45105|region=Europe|climatezone=Cold_Dry_Summer,45105,Europe,Cold - Dry Summer,0.52,0,-0.04057692307692308,CDS
spatial_spd,analysis=spatial_spd|dataset_id=48363|region=North America|climatezone=Cold_Dry_Summer,48363,North America,Cold - Dry Summer,0.409,0.992422390613542,0.9926650366748168,CDS
spatial_spd,analysis=spatial_spd|dataset_id=17363|region=North America|climatezone=Temperate_Without_dry_season,17363,North America,Temperate,0.436,0.7265642906257163,0.7270642201834863,TMP
spatial_spd,analysis=spatial_spd|dataset_id=3058|region=North America|climatezone=Cold_Without_dry_season_Warm_Summer,3058,North America,Cold - Warm Summer,0.202,0.4836956521739131,0.48465346534653464,CWS
spatial_spd,analysis=spatial_spd|dataset_id=22847|region=Europe|climatezone=Cold_Without_dry_season_Warm_Summer,22847,Europe,Cold - Warm Summer,0.304,0.23701512163050623,0.23717105263157895,CWS
spatial_spd,analysis=spatial_spd|dataset_id=991|region=North America|climatezone=Arid,991,North America,Arid,0.213,0.7379278012189404,0.7389671361502348,ARD
spatial_spd,analysis=spatial_spd|dataset_id=41764|region=Europe|climatezone=Cold_Without_dry_season_Cold_Summer,41764,Europe,Cold - Cold Summer,0.146,0.5621139327385037,0.560958904109589,CCS
spatial_spd,analysis=spatial_spd|dataset_id=24317|region=Europe|climatezone=Cold_Without_dry_season_Cold_Summer,24317,Europe,Cold - Cold Summer,0.319,0.04640953276889308,0.04639498432601881,CCS
spatial_spd,analysis=spatial_spd|dataset_id=2899|region=Latin America|climatezone=Temperate_Dry_Summer,2899,Latin America,Temperate - Dry Summer,0.211,0,-0.13033175355450238,TDS
spatial_spd,analysis=spatial_spd|dataset_id=20397|region=North America|climatezone=Cold_Without_dry_season_Warm_Summer,20397,North America,Cold - Warm Summer,0.673,0.49710295647006386,0.49717682020802373,CWS
spatial_spd,analysis=spatial_spd|dataset_id=1824|region=North America|climatezone=Cold_Without_dry_season_Hot_Summer,1824,North America,Cold - Hot Summer,0.334,0,-0.08502994011976048,CHS
spatial_spd,analysis=spatial_spd|dataset_id=48685|region=North America|climatezone=Cold_Without_dry_season_Hot_Summer,48685,North America,Cold - Hot Summer,1,0.2466,0.2466,CHS
spatial_spd,analysis=spatial_spd|dataset_id=25786|region=Latin America|climatezone=Tropical,25786,Latin America,Tropical,0.536,0.33103448275862074,0.33134328358208953,TRO
spatial_spd,analysis=spatial_spd|dataset_id=525|region=North America|climatezone=Polar,525,North America,Polar,0.187,0.020331728196896735,0.020320855614973262,POL
spatial_spd,analysis=spatial_spd|dataset_id=16269|region=North America|climatezone=Cold_Without_dry_season_Cold_Summer,16269,North America,Cold - Cold Summer,0.364,0.2697585071350165,0.27005494505494504,CCS
spatial_spd,analysis=spatial_spd|dataset_id=22723|region=Europe|climatezone=Temperate_Without_dry_season,22723,Europe,Temperate,0.541,0.37504621072088723,0.37504621072088723,TMP
spatial_spd,analysis=spatial_spd|dataset_id=4200|region=Europe|climatezone=Cold_Without_dry_season_Cold_Summer,4200,Europe,Cold - Cold Summer,0.565,0.5136283185840709,0.5136283185840709,CCS
spatial_spd,analysis=spatial_spd|dataset_id=46477|region=Europe|climatezone=Cold_Without_dry_season_Warm_Summer,46477,Europe,Cold - Warm Summer,0.138,0,-0.26304347826086955,CWS
spatial_spd,analysis=spatial_spd|dataset_id=374|region=Europe|climatezone=Temperate_Without_dry_season,374,Europe,Temperate,0.46,0.3063533507397737,0.3060869565217391,TMP
spatial_spd,analysis=spatial_spd|dataset_id=999|region=North America|climatezone=Cold_Without_dry_season_Hot_Summer,999,North America,Cold - Hot Summer,0.273,0.39568081991215226,0.39597069597069595,CHS
spatial_spd,analysis=spatial_spd|dataset_id=1435|region=Europe|climatezone=Cold_Without_dry_season_Warm_Summer,1435,Europe,Cold - Warm Summer,0.519,0.05168756027000964,0.05163776493256262,CWS
spatial_spd,analysis=spatial_spd|dataset_id=853|region=North America|climatezone=Cold_Without_dry_season_Cold_Summer,853,North America,Cold - Cold Summer,0.342,0.4654768870684611,0.46520467836257307,CCS
spatial_spd,analysis=spatial_spd|dataset_id=4369|region=Europe|climatezone=Cold_Without_dry_season_Warm_Summer,4369,Europe,Cold - Warm Summer,0.262,0.41743119266055045,0.416793893129771,CWS
spatial_spd,analysis=spatial_spd|dataset_id=332|region=North America|climatezone=Cold_Without_dry_season_Warm_Summer,332,North America,Cold - Warm Summer,0.64,0.368338802937959,0.36828125,CWS
spatial_spd,analysis=spatial_spd|dataset_id=22971|region=Europe|climatezone=Cold_Without_dry_season_Warm_Summer,22971,Europe,Cold - Warm Summer,0.266,0.017293233082706767,0.017293233082706767,CWS
spatial_spd,analysis=spatial_spd|dataset_id=3488|region=North America|climatezone=Cold_Without_dry_season_Hot_Summer,3488,North America,Cold - Hot Summer,0.673,0.25668449197860965,0.2567607726597325,CHS
spatial_spd,analysis=spatial_spd|dataset_id=1768|region=North America|climatezone=Cold_Without_dry_season_Warm_Summer,1768,North America,Cold - Warm Summer,0.122,0,-0.3344262295081967,CWS
spatial_spd,analysis=spatial_spd|dataset_id=45324|region=Europe|climatezone=Temperate_Dry_Summer,45324,Europe,Temperate - Dry Summer,0.357,0.35648277793335204,0.3565826330532213,TDS
spatial_spd,analysis=spatial_spd|dataset_id=46680|region=North America|climatezone=Cold_Without_dry_season_Cold_Summer,46680,North America,Cold - Cold Summer,0.379,0.278848692896752,0.27862796833773085,CCS
spatial_spd,analysis=spatial_spd|dataset_id=2954|region=North America|climatezone=Cold_Without_dry_season_Cold_Summer,2954,North America,Cold - Cold Summer,0.218,0,-0.1720183486238532,CCS
spatial_spd,analysis=spatial_spd|dataset_id=531|region=Europe|climatezone=Cold_Without_dry_season_Warm_Summer,531,Europe,Cold - Warm Summer,0.208,0.6430635838150289,0.6418269230769231,CWS
spatial_spd,analysis=spatial_spd|dataset_id=19814|region=North America|climatezone=Cold_Dry_Summer,19814,North America,Cold - Dry Summer,0.172,0.1927990708478513,0.1930232558139535,CDS
spatial_spd,analysis=spatial_spd|dataset_id=4118|region=Europe|climatezone=Cold_Without_dry_season_Warm_Summer,4118,Europe,Cold - Warm Summer,0.241,0.052347320315745745,0.05228215767634855,CWS
spatial_spd,analysis=spatial_spd|dataset_id=1966|region=North America|climatezone=Cold_Without_dry_season_Warm_Summer,1966,North America,Cold - Warm Summer,0.498,0.5103392892993375,0.510441767068273,CWS
spatial_spd,analysis=spatial_spd|dataset_id=15191|region=North America|climatezone=Temperate_Without_dry_season,15191,North America,Temperate,0.124,1,1.1250000000000002,TMP
spatial_spd,analysis=spatial_spd|dataset_id=45725|region=Europe|climatezone=Cold_Without_dry_season_Warm_Summer,45725,Europe,Cold - Warm Summer,0.416,0.2941034897713598,0.29375,CWS
spatial_spd,analysis=spatial_spd|dataset_id=19834|region=North America|climatezone=Cold_Without_dry_season_Hot_Summer,19834,North America,Cold - Hot Summer,0.058,0,-0.6206896551724137,CHS
spatial_spd,analysis=spatial_spd|dataset_id=40793|region=North America|climatezone=Cold_Without_dry_season_Hot_Summer,40793,North America,Cold - Hot Summer,0.372,0.2531611514662362,0.25295698924731186,CHS
spatial_spd,analysis=spatial_spd|dataset_id=4375|region=Europe|climatezone=Temperate_Without_dry_season,4375,Europe,Temperate,0.468,0.13236549957301452,0.13247863247863248,TMP
spatial_spd,analysis=spatial_spd|dataset_id=15976|region=North America|climatezone=Cold_Without_dry_season_Cold_Summer,15976,North America,Cold - Cold Summer,0.244,0.04422604422604423,0.04426229508196722,CCS
spatial_spd,analysis=spatial_spd|dataset_id=517|region=North America|climatezone=Cold_Dry_Summer,517,North America,Cold - Dry Summer,0.538,0.1454849498327759,0.14553903345724906,CDS
spatial_spd,analysis=spatial_spd|dataset_id=849|region=North America|climatezone=Cold_Without_dry_season_Warm_Summer,849,North America,Cold - Warm Summer,0.52,0.2694748990190421,0.26942307692307693,CWS
spatial_spd,analysis=spatial_spd|dataset_id=41189|region=Europe|climatezone=Temperate_Without_dry_season,41189,Europe,Temperate,0.327,0.6602446483180429,0.6602446483180429,TMP
spatial_spd,analysis=spatial_spd|dataset_id=1987|region=North America|climatezone=Cold_Without_dry_season_Cold_Summer,1987,North America,Cold - Cold Summer,0.526,0.20889564721535828,0.20893536121673004,CCS
spatial_spd,analysis=spatial_spd|dataset_id=22662|region=Europe|climatezone=Cold_Without_dry_season_Cold_Summer,22662,Europe,Cold - Cold Summer,0.415,0.021681522524692843,0.021686746987951807,CCS
spatial_spd,analysis=spatial_spd|dataset_id=841|region=North America|climatezone=Cold_Without_dry_season_Cold_Summer,841,North America,Cold - Cold Summer,0.294,0,-0.001360544217687075,CCS
spatial_spd,analysis=spatial_spd|dataset_id=17880|region=North America|climatezone=Cold_Without_dry_season_Warm_Summer,17880,North America,Cold - Warm Summer,0.367,0.10804911323328785,0.10790190735694824,CWS
spatial_spd,analysis=spatial_spd|dataset_id=24993|region=Europe|climatezone=Cold_Without_dry_season_Cold_Summer,24993,Europe,Cold - Cold Summer,0.804,0.4881811395869619,0.4880597014925373,CCS
spatial_spd,analysis=spatial_spd|dataset_id=40627|region=Europe|climatezone=Cold_Without_dry_season_Warm_Summer,40627,Europe,Cold - Warm Summer,0.084,0.39665471923536444,0.3952380952380952,CWS
spatial_spd,analysis=spatial_spd|dataset_id=15368|region=North America|climatezone=Arid,15368,North America,Arid,0.259,0,-0.015057915057915056,ARD
spatial_spd,analysis=spatial_spd|dataset_id=3972|region=Europe|climatezone=Temperate_Without_dry_season,3972,Europe,Temperate,0.37,0.4529014844804319,0.45351351351351354,TMP
spatial_spd,analysis=spatial_spd|dataset_id=45393|region=Europe|climatezone=Cold_Without_dry_season_Warm_Summer,45393,Europe,Cold - Warm Summer,0.46,0,-0.05565217391304348,CWS
spatial_spd,analysis=spatial_spd|dataset_id=42542|region=Europe|climatezone=Cold_Without_dry_season_Cold_Summer,42542,Europe,Cold - Cold Summer,0.283,0,-0.07031802120141344,CCS
spatial_spd,analysis=spatial_spd|dataset_id=45312|region=Europe|climatezone=Polar,45312,Europe,Polar,0.613,0.11915240423797882,0.11924959216965743,POL
spatial_spd,analysis=spatial_spd|dataset_id=21790|region=Europe|climatezone=Cold_Without_dry_season_Cold_Summer,21790,Europe,Cold - Cold Summer,0.52,0.6524249422632794,0.6519230769230769,CCS
spatial_spd,analysis=spatial_spd|dataset_id=45642|region=Europe|climatezone=Cold_Without_dry_season_Cold_Summer,45642,Europe,Cold - Cold Summer,0.517,0.008512284774617917,0.00851063829787234,CCS
spatial_spd,analysis=spatial_spd|dataset_id=41634|region=Europe|climatezone=Temperate_Without_dry_season,41634,Europe,Temperate,0.217,0,-0.07419354838709677,TMP
spatial_spd,analysis=spatial_spd|dataset_id=1153|region=North America|climatezone=Cold_Without_dry_season_Warm_Summer,1153,North America,Cold - Warm Summer,0.558,0.23772841275528486,0.23781362007168458,CWS
spatial_spd,analysis=spatial_spd|dataset_id=22400|region=North America|climatezone=Cold_Without_dry_season_Cold_Summer,22400,North America,Cold - Cold Summer,0.097,0.5113871635610766,0.5092783505154639,CCS
spatial_spd,analysis=spatial_spd|dataset_id=22346|region=Europe|climatezone=Cold_Without_dry_season_Warm_Summer,22346,Europe,Cold - Warm Summer,0.169,0,-0.19585798816568045,CWS
spatial_spd,analysis=spatial_spd|dataset_id=4410|region=Europe|climatezone=Temperate_Without_dry_season,4410,Europe,Temperate,0.33,0.6043623144501666,0.6045454545454545,TMP
spatial_spd,analysis=spatial_spd|dataset_id=48986|region=Europe|climatezone=Temperate_Without_dry_season,48986,Europe,Temperate,0.34,0.6722565460429539,0.6720588235294117,TMP
spatial_spd,analysis=spatial_spd|dataset_id=41612|region=North America|climatezone=Polar,41612,North America,Polar,0.066,0,-0.16666666666666666,POL
spatial_spd,analysis=spatial_spd|dataset_id=47687|region=North America|climatezone=Arid,47687,North America,Arid,0.229,0.561380515508956,0.5611353711790393,ARD
spatial_spd,analysis=spatial_spd|dataset_id=22669|region=Europe|climatezone=Temperate_Without_dry_season,22669,Europe,Temperate,0.346,0.13157894736842105,0.1315028901734104,TMP
spatial_spd,analysis=spatial_spd|dataset_id=4258|region=Europe|climatezone=Cold_Without_dry_season_Cold_Summer,4258,Europe,Cold - Cold Summer,0.068,0,-1.538235294117647,CCS
spatial_spd,analysis=spatial_spd|dataset_id=16009|region=North America|climatezone=Temperate_Without_dry_season,16009,North America,Temperate,0.24,0.7979166666666667,0.7979166666666667,TMP
spatial_spd,analysis=spatial_spd|dataset_id=48358|region=Europe|climatezone=Polar,48358,Europe,Polar,0.463,0.07649092480553155,0.07645788336933045,POL
spatial_spd,analysis=spatial_spd|dataset_id=1028|region=North America|climatezone=Polar,1028,North America,Polar,0.49,0.09820334830543079,0.09816326530612245,POL
spatial_spd,analysis=spatial_spd|dataset_id=1715|region=North America|climatezone=Cold_Without_dry_season_Warm_Summer,1715,North America,Cold - Warm Summer,0.509,0.19559661883231766,0.19548133595284872,CWS
spatial_spd,analysis=spatial_spd|dataset_id=258|region=North America|climatezone=Cold_Without_dry_season_Cold_Summer,258,North America,Cold - Cold Summer,0.628,0.07839388145315487,0.07834394904458598,CCS
spatial_spd,analysis=spatial_spd|dataset_id=43533|region=Europe|climatezone=Temperate_Without_dry_season,43533,Europe,Temperate,0.203,0.362111494819931,0.361576354679803,TMP
spatial_spd,analysis=spatial_spd|dataset_id=47502|region=Latin America|climatezone=Temperate_Without_dry_season,47502,Latin America,Temperate,0.482,0.9754932502596054,0.97448132780083,TMP
spatial_spd,analysis=spatial_spd|dataset_id=2266|region=North America|climatezone=Cold_Without_dry_season_Warm_Summer,2266,North America,Cold - Warm Summer,0.28,0.6299072091363311,0.6303571428571427,CWS
spatial_spd,analysis=spatial_spd|dataset_id=24055|region=Europe|climatezone=Cold_Without_dry_season_Cold_Summer,24055,Europe,Cold - Cold Summer,0.424,0.22510618216139688,0.225,CCS
spatial_spd,analysis=spatial_spd|dataset_id=287|region=North America|climatezone=Cold_Without_dry_season_Hot_Summer,287,North America,Cold - Hot Summer,0.529,0.13102665910380032,0.13100189035916823,CHS
spatial_spd,analysis=spatial_spd|dataset_id=329|region=North America|climatezone=Cold_Without_dry_season_Warm_Summer,329,North America,Cold - Warm Summer,0.35,0.15780445969125215,0.15771428571428572,CWS
spatial_spd,analysis=spatial_spd|dataset_id=1548|region=North America|climatezone=Cold_Without_dry_season_Warm_Summer,1548,North America,Cold - Warm Summer,0.369,0.1519262072707542,0.15176151761517614,CWS
spatial_spd,analysis=spatial_spd|dataset_id=285|region=Oceania|climatezone=Cold_Without_dry_season_Cold_Summer,285,Oceania,Cold - Cold Summer,0.019,0,-0.9947368421052631,CCS
spatial_spd,analysis=spatial_spd|dataset_id=40914|region=North America|climatezone=Cold_Without_dry_season_Warm_Summer,40914,North America,Cold - Warm Summer,0.38,0.5085593889913089,0.508157894736842,CWS
spatial_spd,analysis=spatial_spd|dataset_id=45395|region=Europe|climatezone=Cold_Without_dry_season_Warm_Summer,45395,Europe,Cold - Warm Summer,0.469,0.48795052249946685,0.48784648187633267,CWS
spatial_spd,analysis=spatial_spd|dataset_id=46630|region=North America|climatezone=Temperate_Dry_Summer,46630,North America,Temperate - Dry Summer,0.02,1,1.925,TDS
spatial_spd,analysis=spatial_spd|dataset_id=4549|region=Europe|climatezone=Polar,4549,Europe,Polar,0.124,0.3263157894736842,0.325,POL
spatial_spd,analysis=spatial_spd|dataset_id=18100|region=Latin America|climatezone=Tropical,18100,Latin America,Tropical,0.237,0.35132855335301566,0.35147679324894515,TRO
spatial_spd,analysis=spatial_spd|dataset_id=15366|region=Latin America|climatezone=Polar,15366,Latin America,Polar,0.482,0.1353258613532586,0.13526970954356846,POL
spatial_spd,analysis=spatial_spd|dataset_id=15203|region=North America|climatezone=Cold_Without_dry_season_Warm_Summer,15203,North America,Cold - Warm Summer,0.296,0.059141601892531266,0.05912162162162163,CWS
spatial_spd,analysis=spatial_spd|dataset_id=15594|region=North America|climatezone=Cold_Dry_Summer,15594,North America,Cold - Dry Summer,0.493,0.6862824675324675,0.6860040567951319,CDS
spatial_spd,analysis=spatial_spd|dataset_id=15724|region=North America|climatezone=Cold_Without_dry_season_Cold_Summer,15724,North America,Cold - Cold Summer,0.508,0.004329004329004329,0.004330708661417323,CCS
spatial_spd,analysis=spatial_spd|dataset_id=17404|region=North America|climatezone=Cold_Without_dry_season_Warm_Summer,17404,North America,Cold - Warm Summer,0.631,0.4809184481393508,0.48129952456418384,CWS
spatial_spd,analysis=spatial_spd|dataset_id=16131|region=North America|climatezone=Cold_Dry_Summer,16131,North America,Cold - Dry Summer,0.058,1,1.879310344827586,CDS
spatial_spd,analysis=spatial_spd|dataset_id=3471|region=North America|climatezone=Polar,3471,North America,Polar,0.456,0,-0.028070175438596492,POL
spatial_spd,analysis=spatial_spd|dataset_id=1631|region=Latin America|climatezone=Polar,1631,Latin America,Polar,0.653,0.10696250956388677,0.10704441041347626,POL
spatial_spd,analysis=spatial_spd|dataset_id=3130|region=North America|climatezone=Cold_Without_dry_season_Warm_Summer,3130,North America,Cold - Warm Summer,0.362,0.25835866261398177,0.2582872928176796,CWS
spatial_spd,analysis=spatial_spd|dataset_id=22791|region=Europe|climatezone=Cold_Without_dry_season_Warm_Summer,22791,Europe,Cold - Warm Summer,0.231,0.06750324534833405,0.06753246753246753,CWS
spatial_spd,analysis=spatial_spd|dataset_id=4259|region=Europe|climatezone=Cold_Without_dry_season_Cold_Summer,4259,Europe,Cold - Cold Summer,0.512,0.24175609756097563,0.24199218749999998,CCS
spatial_spd,analysis=spatial_spd|dataset_id=24863|region=Europe|climatezone=Temperate_Without_dry_season,24863,Europe,Temperate,0.376,0,-0.015691489361702126,TMP
spatial_spd,analysis=spatial_spd|dataset_id=4425|region=Europe|climatezone=Cold_Without_dry_season_Warm_Summer,4425,Europe,Cold - Warm Summer,0.366,0.24897624897624898,0.24918032786885247,CWS
spatial_spd,analysis=spatial_spd|dataset_id=1633|region=North America|climatezone=Cold_Without_dry_season_Hot_Summer,1633,North America,Cold - Hot Summer,0.429,0.07487753673897829,0.07482517482517481,CHS
spatial_spd,analysis=spatial_spd|dataset_id=15392|region=North America|climatezone=Polar,15392,North America,Polar,0.509,0,-0.0387033398821218,POL
spatial_spd,analysis=spatial_spd|dataset_id=22344|region=Europe|climatezone=Cold_Without_dry_season_Warm_Summer,22344,Europe,Cold - Warm Summer,0.15,0.08782435129740519,0.08800000000000001,CWS
spatial_spd,analysis=spatial_spd|dataset_id=1755|region=North America|climatezone=Cold_Without_dry_season_Cold_Summer,1755,North America,Cold - Cold Summer,0.461,0.1391059027777778,0.13904555314533623,CCS
spatial_spd,analysis=spatial_spd|dataset_id=45281|region=Europe|climatezone=Cold_Without_dry_season_Cold_Summer,45281,Europe,Cold - Cold Summer,0.209,0,-0.23923444976076558,CCS
spatial_spd,analysis=spatial_spd|dataset_id=2352|region=North America|climatezone=Cold_Without_dry_season_Cold_Summer,2352,North America,Cold - Cold Summer,0.71,0.20236586396282213,0.2023943661971831,CCS
spatial_spd,analysis=spatial_spd|dataset_id=32426|region=Oceania|climatezone=Temperate_Without_dry_season,32426,Oceania,Temperate,0.473,0.05479162259361117,0.054756871035940805,TMP
spatial_spd,analysis=spatial_spd|dataset_id=4393|region=Europe|climatezone=Cold_Without_dry_season_Cold_Summer,4393,Europe,Cold - Cold Summer,0.246,0.6032520325203252,0.6032520325203252,CCS
spatial_spd,analysis=spatial_spd|dataset_id=4421|region=Europe|climatezone=Temperate_Without_dry_season,4421,Europe,Temperate,0.205,0.7701317715959004,0.7697560975609756,TMP
spatial_spd,analysis=spatial_spd|dataset_id=22960|region=Europe|climatezone=Polar,22960,Europe,Polar,0.35,0.010300429184549357,0.010285714285714287,POL
spatial_spd,analysis=spatial_spd|dataset_id=4377|region=Europe|climatezone=Cold_Without_dry_season_Warm_Summer,4377,Europe,Cold - Warm Summer,0.239,0.09786700125470514,0.09790794979079498,CWS
spatial_spd,analysis=spatial_spd|dataset_id=3048|region=North America|climatezone=Cold_Without_dry_season_Cold_Summer,3048,North America,Cold - Cold Summer,0.119,0,-0.14453781512605043,CCS
spatial_spd,analysis=spatial_spd|dataset_id=857|region=North America|climatezone=Cold_Without_dry_season_Warm_Summer,857,North America,Cold - Warm Summer,0.49,0.21945747501529678,0.21959183673469387,CWS
spatial_spd,analysis=spatial_spd|dataset_id=699|region=North America|climatezone=Temperate_Without_dry_season,699,North America,Temperate,0.12,0,-0.41250000000000003,TMP
spatial_spd,analysis=spatial_spd|dataset_id=1621|region=Latin America|climatezone=Tropical,1621,Latin America,Tropical,0.406,0.23078817733990148,0.23078817733990148,TRO
spatial_spd,analysis=spatial_spd|dataset_id=20833|region=North America|climatezone=Cold_Without_dry_season_Warm_Summer,20833,North America,Cold - Warm Summer,0.337,0.28516320474777446,0.28516320474777446,CWS
spatial_spd,analysis=spatial_spd|dataset_id=15904|region=North America|climatezone=Cold_Without_dry_season_Warm_Summer,15904,North America,Cold - Warm Summer,0.045,0.3542600896860987,0.35111111111111115,CWS
spatial_spd,analysis=spatial_spd|dataset_id=2049|region=North America|climatezone=Cold_Without_dry_season_Cold_Summer,2049,North America,Cold - Cold Summer,0.412,0.2503642544924721,0.25024271844660195,CCS
spatial_spd,analysis=spatial_spd|dataset_id=324|region=North America|climatezone=Cold_Without_dry_season_Warm_Summer,324,North America,Cold - Warm Summer,0.232,0.48253557567917205,0.48232758620689653,CWS
spatial_spd,analysis=spatial_spd|dataset_id=40111|region=North America|climatezone=Temperate_Without_dry_season,40111,North America,Temperate,0.211,0.40388257575757575,0.4042654028436019,TMP
spatial_spd,analysis=spatial_spd|dataset_id=2381|region=North America|climatezone=Cold_Without_dry_season_Cold_Summer,2381,North America,Cold - Cold Summer,0.262,0.10267175572519084,0.10267175572519084,CCS
spatial_spd,analysis=spatial_spd|dataset_id=17385|region=North America|climatezone=Cold_Without_dry_season_Cold_Summer,17385,North America,Cold - Cold Summer,0.483,0.05192387256930079,0.05196687370600414,CCS
spatial_spd,analysis=spatial_spd|dataset_id=1769|region=North America|climatezone=Cold_Without_dry_season_Cold_Summer,1769,North America,Cold - Cold Summer,0.519,0.2635226179018287,0.263776493256262,CCS
spatial_spd,analysis=spatial_spd|dataset_id=1142|region=North America|climatezone=Cold_Without_dry_season_Cold_Summer,1142,North America,Cold - Cold Summer,0.403,0.39553903345724906,0.39602977667493794,CCS
spatial_spd,analysis=spatial_spd|dataset_id=796|region=North America|climatezone=Cold_Without_dry_season_Cold_Summer,796,North America,Cold - Cold Summer,0.296,0.6629554655870445,0.6638513513513514,CCS
spatial_spd,analysis=spatial_spd|dataset_id=510|region=North America|climatezone=Cold_Without_dry_season_Warm_Summer,510,North America,Cold - Warm Summer,0.574,0.20937118968820762,0.2094076655052265,CWS
spatial_spd,analysis=spatial_spd|dataset_id=22942|region=Europe|climatezone=Cold_Without_dry_season_Warm_Summer,22942,Europe,Cold - Warm Summer,0.423,0.3473634428943012,0.34728132387706856,CWS
spatial_spd,analysis=spatial_spd|dataset_id=16133|region=North America|climatezone=Arid,16133,North America,Arid,0.056,1,2.1678571428571427,ARD
spatial_spd,analysis=spatial_spd|dataset_id=44896|region=Europe|climatezone=Temperate_Without_dry_season,44896,Europe,Temperate,0.256,0.20491803278688525,0.205078125,TMP
spatial_spd,analysis=spatial_spd|dataset_id=16219|region=Europe|climatezone=Temperate_Without_dry_season,16219,Europe,Temperate,0.4,0.5594195646735051,0.5589999999999999,TMP
spatial_spd,analysis=spatial_spd|dataset_id=24952|region=Europe|climatezone=Temperate_Without_dry_season,24952,Europe,Temperate,0.302,0.21047398077560492,0.21026490066225167,TMP
spatial_spd,analysis=spatial_spd|dataset_id=41909|region=Europe|climatezone=Temperate_Dry_Summer,41909,Europe,Temperate - Dry Summer,0.354,0.28518937252685134,0.28502824858757064,TDS
spatial_spd,analysis=spatial_spd|dataset_id=1762|region=North America|climatezone=Cold_Without_dry_season_Cold_Summer,1762,North America,Cold - Cold Summer,0.233,0.06606606606606606,0.06609442060085836,CCS
spatial_spd,analysis=spatial_spd|dataset_id=1639|region=North America|climatezone=Cold_Without_dry_season_Warm_Summer,1639,North America,Cold - Warm Summer,0.696,0.1611095142282265,0.16106321839080462,CWS
spatial_spd,analysis=spatial_spd|dataset_id=4473|region=Europe|climatezone=Cold_Without_dry_season_Warm_Summer,4473,Europe,Cold - Warm Summer,0.157,0,-0.03503184713375796,CWS
spatial_spd,analysis=spatial_spd|dataset_id=15955|region=Latin America|climatezone=Polar,15955,Latin America,Polar,0.149,0.667113194909578,0.6684563758389261,POL
spatial_spd,analysis=spatial_spd|dataset_id=1661|region=North America|climatezone=Cold_Without_dry_season_Hot_Summer,1661,North America,Cold - Hot Summer,0.599,0.18028404344193816,0.18013355592654423,CHS
spatial_spd,analysis=spatial_spd|dataset_id=48769|region=Europe|climatezone=Temperate_Without_dry_season,48769,Europe,Temperate,0.235,0.6778723404255319,0.6778723404255319,TMP
spatial_spd,analysis=spatial_spd|dataset_id=22407|region=North America|climatezone=Cold_Dry_Summer,22407,North America,Cold - Dry Summer,0.403,0.14952806756085446,0.14937965260545905,CDS
spatial_spd,analysis=spatial_spd|dataset_id=24032|region=Europe|climatezone=Cold_Without_dry_season_Warm_Summer,24032,Europe,Cold - Warm Summer,0.422,0,-0.07180094786729858,CWS
spatial_spd,analysis=spatial_spd|dataset_id=40642|region=Europe|climatezone=Cold_Without_dry_season_Cold_Summer,40642,Europe,Cold - Cold Summer,0.04,0.07341772151898733,0.0725,CCS
spatial_spd,analysis=spatial_spd|dataset_id=41589|region=Europe|climatezone=Polar,41589,Europe,Polar,0.262,0.10538373424971362,0.10534351145038168,POL
spatial_spd,analysis=spatial_spd|dataset_id=40958|region=Europe|climatezone=Cold_Without_dry_season_Warm_Summer,40958,Europe,Cold - Warm Summer,0.127,0.9858156028368794,0.9850393700787401,CWS
spatial_spd,analysis=spatial_spd|dataset_id=2654|region=North America|climatezone=Cold_Without_dry_season_Warm_Summer,2654,North America,Cold - Warm Summer,0.401,0.029411764705882353,0.029426433915211967,CWS
spatial_spd,analysis=spatial_spd|dataset_id=1160|region=North America|climatezone=Temperate_Without_dry_season,1160,North America,Temperate,0.34,0.2863449087698646,0.28617647058823525,TMP
spatial_spd,analysis=spatial_spd|dataset_id=823|region=North America|climatezone=Cold_Without_dry_season_Warm_Summer,823,North America,Cold - Warm Summer,0.583,0.2911023487056404,0.2912521440823328,CWS
spatial_spd,analysis=spatial_spd|dataset_id=342|region=Europe|climatezone=Cold_Without_dry_season_Cold_Summer,342,Europe,Cold - Cold Summer,0.523,0.020451070336391437,0.020458891013384318,CCS
spatial_spd,analysis=spatial_spd|dataset_id=21903|region=Latin America|climatezone=Tropical,21903,Latin America,Tropical,0.287,0.06836414370422043,0.06829268292682927,TRO
spatial_spd,analysis=spatial_spd|dataset_id=1443|region=Latin America|climatezone=Polar,1443,Latin America,Polar,0.535,0.28368529246869745,0.2837383177570093,POL
spatial_spd,analysis=spatial_spd|dataset_id=20029|region=Europe|climatezone=Polar,20029,Europe,Polar,0.42,0.2400571564658252,0.24000000000000002,POL
spatial_spd,analysis=spatial_spd|dataset_id=17393|region=North America|climatezone=Cold_Dry_Summer,17393,North America,Cold - Dry Summer,0.193,0.3684483653347172,0.36787564766839376,CDS
spatial_spd,analysis=spatial_spd|dataset_id=22976|region=Europe|climatezone=Temperate_Dry_Summer,22976,Europe,Temperate - Dry Summer,0.038,1,1.955263157894737,TDS
spatial_spd,analysis=spatial_spd|dataset_id=22709|region=Europe|climatezone=Temperate_Without_dry_season,22709,Europe,Temperate,0.45,0.8012449977767897,0.8008888888888889,TMP
spatial_spd,analysis=spatial_spd|dataset_id=15902|region=North America|climatezone=Temperate_Without_dry_season,15902,North America,Temperate,0.275,0.7717510010921005,0.7709090909090909,TMP
spatial_spd,analysis=spatial_spd|dataset_id=20295|region=North America|climatezone=Cold_Dry_Summer,20295,North America,Cold - Dry Summer,0.365,0.5134173055859803,0.5136986301369864,CDS
spatial_spd,analysis=spatial_spd|dataset_id=4192|region=Europe|climatezone=Cold_Without_dry_season_Warm_Summer,4192,Europe,Cold - Warm Summer,0.252,0.3445544554455445,0.34523809523809523,CWS
spatial_spd,analysis=spatial_spd|dataset_id=44723|region=Europe|climatezone=Cold_Without_dry_season_Warm_Summer,44723,Europe,Cold - Warm Summer,0.308,0.3714657133571661,0.3711038961038961,CWS
spatial_spd,analysis=spatial_spd|dataset_id=316|region=North America|climatezone=Cold_Without_dry_season_Hot_Summer,316,North America,Cold - Hot Summer,0.245,0.5559183673469388,0.5559183673469388,CHS
spatial_spd,analysis=spatial_spd|dataset_id=22049|region=Latin America|climatezone=Temperate_Without_dry_season,22049,Latin America,Temperate,0.132,0,-0.24393939393939393,TMP
spatial_spd,analysis=spatial_spd|dataset_id=318|region=North America|climatezone=Cold_Without_dry_season_Cold_Summer,318,North America,Cold - Cold Summer,0.578,0.24805396990140116,0.24809688581314882,CCS
spatial_spd,analysis=spatial_spd|dataset_id=3492|region=North America|climatezone=Cold_Without_dry_season_Warm_Summer,3492,North America,Cold - Warm Summer,0.429,0.2691053122087605,0.2692307692307693,CWS
spatial_spd,analysis=spatial_spd|dataset_id=678|region=North America|climatezone=Cold_Without_dry_season_Cold_Summer,678,North America,Cold - Cold Summer,0.493,0.19630531871701176,0.19614604462474644,CCS
spatial_spd,analysis=spatial_spd|dataset_id=2637|region=North America|climatezone=Cold_Dry_Summer,2637,North America,Cold - Dry Summer,0.394,0,-0.07182741116751268,CDS
spatial_spd,analysis=spatial_spd|dataset_id=1704|region=North America|climatezone=Cold_Without_dry_season_Cold_Summer,1704,North America,Cold - Cold Summer,0.095,0,-0.4189473684210526,CCS
spatial_spd,analysis=spatial_spd|dataset_id=4286|region=Europe|climatezone=Cold_Without_dry_season_Cold_Summer,4286,Europe,Cold - Cold Summer,0.069,0,-0.30869565217391304,CCS
spatial_spd,analysis=spatial_spd|dataset_id=20131|region=Europe|climatezone=Temperate_Without_dry_season,20131,Europe,Temperate,0.505,0.2904695858926095,0.29029702970297033,TMP
spatial_spd,analysis=spatial_spd|dataset_id=2286|region=North America|climatezone=Cold_Without_dry_season_Warm_Summer,2286,North America,Cold - Warm Summer,0.635,0.3243498817966903,0.3240944881889764,CWS
spatial_spd,analysis=spatial_spd|dataset_id=673|region=North America|climatezone=Cold_Without_dry_season_Cold_Summer,673,North America,Cold - Cold Summer,0.26,0.7620331151328456,0.7611538461538461,CCS
spatial_spd,analysis=spatial_spd|dataset_id=3473|region=North America|climatezone=Cold_Without_dry_season_Warm_Summer,3473,North America,Cold - Warm Summer,0.399,0.518927049385811,0.5187969924812029,CWS
spatial_spd,analysis=spatial_spd|dataset_id=17396|region=North America|climatezone=Cold_Without_dry_season_Warm_Summer,17396,North America,Cold - Warm Summer,0.581,0.07062876830318691,0.07056798623063684,CWS
spatial_spd,analysis=spatial_spd|dataset_id=19323|region=North America|climatezone=Cold_Dry_Summer,19323,North America,Cold - Dry Summer,0.43,0.2505233775296581,0.25046511627906975,CDS
spatial_spd,analysis=spatial_spd|dataset_id=533|region=North America|climatezone=Cold_Without_dry_season_Cold_Summer,533,North America,Cold - Cold Summer,0.264,1,1.0359848484848486,CCS
spatial_spd,analysis=spatial_spd|dataset_id=4213|region=Europe|climatezone=Cold_Without_dry_season_Warm_Summer,4213,Europe,Cold - Warm Summer,0.278,0.8044572250179727,0.8050359712230215,CWS
spatial_spd,analysis=spatial_spd|dataset_id=41527|region=Europe|climatezone=Temperate_Without_dry_season,41527,Europe,Temperate,0.171,0.7092614302461899,0.7076023391812865,TMP
spatial_spd,analysis=spatial_spd|dataset_id=215|region=Europe|climatezone=Temperate_Without_dry_season,215,Europe,Temperate,0.76,0.4440789473684211,0.4440789473684211,TMP
spatial_spd,analysis=spatial_spd|dataset_id=4492|region=Europe|climatezone=Temperate_Without_dry_season,4492,Europe,Temperate,0.23,0,-0.14565217391304347,TMP
spatial_spd,analysis=spatial_spd|dataset_id=45345|region=Europe|climatezone=Cold_Without_dry_season_Cold_Summer,45345,Europe,Cold - Cold Summer,0.505,0.3584569732937686,0.3588118811881188,CCS
spatial_spd,analysis=spatial_spd|dataset_id=16214|region=Europe|climatezone=Cold_Without_dry_season_Warm_Summer,16214,Europe,Cold - Warm Summer,0.017,0,-2.2823529411764705,CWS
spatial_spd,analysis=spatial_spd|dataset_id=21314|region=North America|climatezone=Cold_Without_dry_season_Cold_Summer,21314,North America,Cold - Cold Summer,0.479,0.10967202841027783,0.10960334029227557,CCS
spatial_spd,analysis=spatial_spd|dataset_id=516|region=North America|climatezone=Cold_Without_dry_season_Warm_Summer,516,North America,Cold - Warm Summer,0.475,0.28950695322376735,0.28926315789473683,CWS
spatial_spd,analysis=spatial_spd|dataset_id=14264|region=Latin America|climatezone=Tropical,14264,Latin America,Tropical,0.072,0,-1.8013888888888892,TRO
spatial_spd,analysis=spatial_spd|dataset_id=2289|region=North America|climatezone=Cold_Without_dry_season_Warm_Summer,2289,North America,Cold - Warm Summer,0.194,0.4840370751802266,0.4845360824742268,CWS
spatial_spd,analysis=spatial_spd|dataset_id=40450|region=Europe|climatezone=Cold_Without_dry_season_Warm_Summer,40450,Europe,Cold - Warm Summer,0.29,0.15920055134390074,0.15931034482758621,CWS
spatial_spd,analysis=spatial_spd|dataset_id=40791|region=North America|climatezone=Cold_Without_dry_season_Warm_Summer,40791,North America,Cold - Warm Summer,0.575,0.5374587171910308,0.5377391304347826,CWS
spatial_spd,analysis=spatial_spd|dataset_id=22757|region=Europe|climatezone=Cold_Without_dry_season_Cold_Summer,22757,Europe,Cold - Cold Summer,0.292,0.12221841834988018,0.12226027397260275,CCS
spatial_spd,analysis=spatial_spd|dataset_id=1817|region=North America|climatezone=Cold_Without_dry_season_Warm_Summer,1817,North America,Cold - Warm Summer,0.569,0.21113648340066749,0.21124780316344466,CWS
spatial_spd,analysis=spatial_spd|dataset_id=46672|region=North America|climatezone=Temperate_Without_dry_season,46672,North America,Temperate,0.14,0.19614835948644793,0.19642857142857142,TMP
spatial_spd,analysis=spatial_spd|dataset_id=45701|region=Europe|climatezone=Cold_Without_dry_season_Cold_Summer,45701,Europe,Cold - Cold Summer,0.523,0.23633931983186857,0.23652007648183557,CCS
spatial_spd,analysis=spatial_spd|dataset_id=2377|region=North America|climatezone=Cold_Without_dry_season_Warm_Summer,2377,North America,Cold - Warm Summer,0.387,0.4249159989661411,0.42480620155038756,CWS
spatial_spd,analysis=spatial_spd|dataset_id=2028|region=North America|climatezone=Cold_Without_dry_season_Warm_Summer,2028,North America,Cold - Warm Summer,0.782,0,-0.016879795396419435,CWS
spatial_spd,analysis=spatial_spd|dataset_id=275|region=North America|climatezone=Cold_Without_dry_season_Warm_Summer,275,North America,Cold - Warm Summer,0.254,0,-0.17874015748031497,CWS
spatial_spd,analysis=spatial_spd|dataset_id=18104|region=Latin America|climatezone=Temperate_Dry_Summer,18104,Latin America,Temperate - Dry Summer,0.265,0,-0.17773584905660378,TDS
spatial_spd,analysis=spatial_spd|dataset_id=3042|region=North America|climatezone=Cold_Without_dry_season_Warm_Summer,3042,North America,Cold - Warm Summer,0.59,0.37516937669376693,0.37542372881355934,CWS
spatial_spd,analysis=spatial_spd|dataset_id=17292|region=North America|climatezone=Cold_Without_dry_season_Cold_Summer,17292,North America,Cold - Cold Summer,0.384,0.2655396618985696,0.26588541666666665,CCS
spatial_spd,analysis=spatial_spd|dataset_id=22101|region=Latin America|climatezone=Polar,22101,Latin America,Polar,0.412,0.23402187120291618,0.23373786407766992,POL
spatial_spd,analysis=spatial_spd|dataset_id=4479|region=Europe|climatezone=Cold_Without_dry_season_Warm_Summer,4479,Europe,Cold - Warm Summer,0.342,0.16661794796843027,0.16666666666666666,CWS
spatial_spd,analysis=spatial_spd|dataset_id=4017|region=Europe|climatezone=Cold_Without_dry_season_Cold_Summer,4017,Europe,Cold - Cold Summer,0.322,0,-0.0996894409937888,CCS
spatial_spd,analysis=spatial_spd|dataset_id=2879|region=North America|climatezone=Cold_Without_dry_season_Cold_Summer,2879,North America,Cold - Cold Summer,0.312,0.19590268886043535,0.19615384615384615,CCS
spatial_spd,analysis=spatial_spd|dataset_id=20281|region=North America|climatezone=Arid,20281,North America,Arid,0.26,0.5829493087557605,0.5838461538461538,ARD
spatial_spd,analysis=spatial_spd|dataset_id=19937|region=North America|climatezone=Cold_Without_dry_season_Hot_Summer,19937,North America,Cold - Hot Summer,0.137,0.23670793882010197,0.23722627737226276,CHS
spatial_spd,analysis=spatial_spd|dataset_id=3582|region=North America|climatezone=Temperate_Without_dry_season,3582,North America,Temperate,0.572,0.00489424925712288,0.0048951048951048955,TMP
spatial_spd,analysis=spatial_spd|dataset_id=48616|region=North America|climatezone=Cold_Without_dry_season_Cold_Summer,48616,North America,Cold - Cold Summer,0.415,0.24216867469879516,0.24216867469879522,CCS
spatial_spd,analysis=spatial_spd|dataset_id=40976|region=North America|climatezone=Temperate_Dry_Summer,40976,North America,Temperate - Dry Summer,0.207,0.5461575640405993,0.5458937198067634,TDS
spatial_spd,analysis=spatial_spd|dataset_id=19913|region=Europe|climatezone=Cold_Without_dry_season_Cold_Summer,19913,Europe,Cold - Cold Summer,0.604,0.2722001325381047,0.2720198675496689,CCS
spatial_spd,analysis=spatial_spd|dataset_id=20678|region=North America|climatezone=Cold_Dry_Summer,20678,North America,Cold - Dry Summer,0.449,0.0979301135099043,0.09799554565701558,CDS
spatial_spd,analysis=spatial_spd|dataset_id=15333|region=North America|climatezone=Arid,15333,North America,Arid,0.136,1,1.2220588235294116,ARD
spatial_spd,analysis=spatial_spd|dataset_id=497|region=North America|climatezone=Cold_Without_dry_season_Hot_Summer,497,North America,Cold - Hot Summer,0.465,0.14583781458378145,0.1458064516129032,CHS
spatial_spd,analysis=spatial_spd|dataset_id=2611|region=North America|climatezone=Cold_Dry_Summer,2611,North America,Cold - Dry Summer,0.091,0.9582417582417583,0.9582417582417583,CDS
spatial_spd,analysis=spatial_spd|dataset_id=1965|region=North America|climatezone=Cold_Without_dry_season_Warm_Summer,1965,North America,Cold - Warm Summer,0.512,0.366549433372411,0.36640625,CWS
spatial_spd,analysis=spatial_spd|dataset_id=1703|region=North America|climatezone=Cold_Without_dry_season_Warm_Summer,1703,North America,Cold - Warm Summer,0.639,0.07280413339596055,0.07276995305164319,CWS
spatial_spd,analysis=spatial_spd|dataset_id=2011|region=North America|climatezone=Cold_Without_dry_season_Warm_Summer,2011,North America,Cold - Warm Summer,0.393,0.15030518819938962,0.15038167938931296,CWS
spatial_spd,analysis=spatial_spd|dataset_id=40988|region=North America|climatezone=Cold_Without_dry_season_Warm_Summer,40988,North America,Cold - Warm Summer,0.513,0.26506729081334107,0.2649122807017544,CWS
spatial_spd,analysis=spatial_spd|dataset_id=14110|region=Europe|climatezone=Temperate_Without_dry_season,14110,Europe,Temperate,0.458,0.5090552040148374,0.5093886462882096,TMP
spatial_spd,analysis=spatial_spd|dataset_id=2576|region=North America|climatezone=Cold_Without_dry_season_Warm_Summer,2576,North America,Cold - Warm Summer,0.092,1,1.6956521739130435,CWS
spatial_spd,analysis=spatial_spd|dataset_id=41485|region=Europe|climatezone=Temperate_Without_dry_season,41485,Europe,Temperate,0.598,0.28652624540287525,0.2866220735785953,TMP
spatial_spd,analysis=spatial_spd|dataset_id=15866|region=North America|climatezone=Cold_Without_dry_season_Warm_Summer,15866,North America,Cold - Warm Summer,0.281,0.13722004976892999,0.13736654804270462,CWS
spatial_spd,analysis=spatial_spd|dataset_id=48633|region=Latin America|climatezone=Temperate_Without_dry_season,48633,Latin America,Temperate,0.278,0.46352856629536476,0.4640287769784172,TMP
spatial_spd,analysis=spatial_spd|dataset_id=41762|region=North America|climatezone=Cold_Without_dry_season_Warm_Summer,41762,North America,Cold - Warm Summer,0.445,0.23954116059379216,0.2393258426966292,CWS
spatial_spd,analysis=spatial_spd|dataset_id=22786|region=Europe|climatezone=Cold_Without_dry_season_Cold_Summer,22786,Europe,Cold - Cold Summer,0.61,0.07101853370510086,0.07098360655737705,CCS
spatial_spd,analysis=spatial_spd|dataset_id=14498|region=North America|climatezone=Cold_Without_dry_season_Cold_Summer,14498,North America,Cold - Cold Summer,0.27,0.13491475166790218,0.1348148148148148,CCS
spatial_spd,analysis=spatial_spd|dataset_id=24089|region=Europe|climatezone=Cold_Without_dry_season_Warm_Summer,24089,Europe,Cold - Warm Summer,0.642,0.0406352171882298,0.04065420560747664,CWS
spatial_spd,analysis=spatial_spd|dataset_id=688|region=North America|climatezone=Polar,688,North America,Polar,0.196,0.22590515043345233,0.2260204081632653,POL
spatial_spd,analysis=spatial_spd|dataset_id=20304|region=North America|climatezone=Cold_Without_dry_season_Cold_Summer,20304,North America,Cold - Cold Summer,0.322,0,-0.08136645962732919,CCS
spatial_spd,analysis=spatial_spd|dataset_id=45698|region=Europe|climatezone=Cold_Without_dry_season_Cold_Summer,45698,Europe,Cold - Cold Summer,0.39,0.9640749294328971,0.9633333333333333,CCS
spatial_spd,analysis=spatial_spd|dataset_id=1654|region=Latin America|climatezone=Polar,1654,Latin America,Polar,0.344,0.05403834979662986,0.05406976744186046,POL
spatial_spd,analysis=spatial_spd|dataset_id=21708|region=Latin America|climatezone=Temperate_Dry_Summer,21708,Latin America,Temperate - Dry Summer,0.331,0.3422007255139057,0.3419939577039275,TDS
spatial_spd,analysis=spatial_spd|dataset_id=1902|region=North America|climatezone=Cold_Dry_Summer,1902,North America,Cold - Dry Summer,0.522,0.7027027027027027,0.7022988505747125,CDS
spatial_spd,analysis=spatial_spd|dataset_id=24996|region=Europe|climatezone=Cold_Without_dry_season_Cold_Summer,24996,Europe,Cold - Cold Summer,0.652,0.16250191629618274,0.1625766871165644,CCS
spatial_spd,analysis=spatial_spd|dataset_id=821|region=North America|climatezone=Cold_Without_dry_season_Warm_Summer,821,North America,Cold - Warm Summer,0.484,0.07539764511464574,0.07541322314049587,CWS
spatial_spd,analysis=spatial_spd|dataset_id=22047|region=Latin America|climatezone=Temperate_Without_dry_season,22047,Latin America,Temperate,0.302,0.4477167438782263,0.44801324503311263,TMP
spatial_spd,analysis=spatial_spd|dataset_id=20050|region=Europe|climatezone=Cold_Without_dry_season_Cold_Summer,20050,Europe,Cold - Cold Summer,0.239,0.09928780896522832,0.099163179916318,CCS
spatial_spd,analysis=spatial_spd|dataset_id=45351|region=Europe|climatezone=Cold_Without_dry_season_Cold_Summer,45351,Europe,Cold - Cold Summer,0.415,0.06004340487099108,0.06,CCS
spatial_spd,analysis=spatial_spd|dataset_id=2050|region=North America|climatezone=Cold_Without_dry_season_Cold_Summer,2050,North America,Cold - Cold Summer,0.392,0.09283346085182352,0.09285714285714286,CCS
spatial_spd,analysis=spatial_spd|dataset_id=22805|region=Europe|climatezone=Temperate_Without_dry_season,22805,Europe,Temperate,0.427,0.2909346451159522,0.2908665105386417,TMP
spatial_spd,analysis=spatial_spd|dataset_id=1890|region=North America|climatezone=Cold_Without_dry_season_Cold_Summer,1890,North America,Cold - Cold Summer,0.456,0.09947414548641544,0.09956140350877193,CCS
spatial_spd,analysis=spatial_spd|dataset_id=2588|region=North America|climatezone=Cold_Without_dry_season_Cold_Summer,2588,North America,Cold - Cold Summer,0.294,0.2296422487223169,0.22925170068027212,CCS
spatial_spd,analysis=spatial_spd|dataset_id=14803|region=North America|climatezone=Cold_Without_dry_season_Cold_Summer,14803,North America,Cold - Cold Summer,0.365,0.15424657534246577,0.15424657534246577,CCS
spatial_spd,analysis=spatial_spd|dataset_id=15413|region=North America|climatezone=Cold_Dry_Summer,15413,North America,Cold - Dry Summer,0.406,0,-0.00541871921182266,CDS
spatial_spd,analysis=spatial_spd|dataset_id=4555|region=Europe|climatezone=Cold_Without_dry_season_Cold_Summer,4555,Europe,Cold - Cold Summer,0.309,0.19307891332470892,0.19320388349514564,CCS
spatial_spd,analysis=spatial_spd|dataset_id=48982|region=Europe|climatezone=Cold_Without_dry_season_Cold_Summer,48982,Europe,Cold - Cold Summer,0.308,0.21231766612641817,0.21266233766233766,CCS
spatial_spd,analysis=spatial_spd|dataset_id=343|region=North America|climatezone=Cold_Dry_Summer,343,North America,Cold - Dry Summer,0.085,0,-0.4223529411764706,CDS
spatial_spd,analysis=spatial_spd|dataset_id=2025|region=North America|climatezone=Cold_Without_dry_season_Cold_Summer,2025,North America,Cold - Cold Summer,0.531,0.05839141081182896,0.0583804143126177,CCS
spatial_spd,analysis=spatial_spd|dataset_id=24048|region=Europe|climatezone=Polar,24048,Europe,Polar,0.17,0.4401885680612846,0.43941176470588234,POL
spatial_spd,analysis=spatial_spd|dataset_id=1003|region=North America|climatezone=Cold_Dry_Summer,1003,North America,Cold - Dry Summer,0.294,0.08013582342954159,0.08027210884353742,CDS
spatial_spd,analysis=spatial_spd|dataset_id=3563|region=North America|climatezone=Cold_Without_dry_season_Hot_Summer,3563,North America,Cold - Hot Summer,0.231,0.12489196197061364,0.12510822510822509,CHS
spatial_spd,analysis=spatial_spd|dataset_id=46292|region=North America|climatezone=Cold_Without_dry_season_Warm_Summer,46292,North America,Cold - Warm Summer,0.501,0,-0.07624750499001996,CWS
spatial_spd,analysis=spatial_spd|dataset_id=834|region=North America|climatezone=Cold_Without_dry_season_Cold_Summer,834,North America,Cold - Cold Summer,0.637,0.2432856918485943,0.24317111459968604,CCS
spatial_spd,analysis=spatial_spd|dataset_id=20279|region=Europe|climatezone=Polar,20279,Europe,Polar,0.515,0.2668348534834077,0.2669902912621359,POL
spatial_spd,analysis=spatial_spd|dataset_id=20012|region=Europe|climatezone=Temperate_Without_dry_season,20012,Europe,Temperate,0.199,1,1.0582914572864321,TMP
spatial_spd,analysis=spatial_spd|dataset_id=24080|region=Europe|climatezone=Cold_Without_dry_season_Cold_Summer,24080,Europe,Cold - Cold Summer,0.403,0.022569444444444444,0.02258064516129032,CCS
spatial_spd,analysis=spatial_spd|dataset_id=279|region=North America|climatezone=Cold_Without_dry_season_Warm_Summer,279,North America,Cold - Warm Summer,0.004,0,-3.35,CWS
spatial_spd,analysis=spatial_spd|dataset_id=2004|region=North America|climatezone=Cold_Without_dry_season_Cold_Summer,2004,North America,Cold - Cold Summer,0.573,0.07842794759825328,0.07835951134380455,CCS
spatial_spd,analysis=spatial_spd|dataset_id=15101|region=Latin America|climatezone=Temperate_Dry_Summer,15101,Latin America,Temperate - Dry Summer,0.212,0,-0.2410377358490566,TDS
spatial_spd,analysis=spatial_spd|dataset_id=3774|region=North America|climatezone=Cold_Without_dry_season_Warm_Summer,3774,North America,Cold - Warm Summer,0.36,0.10155382907880134,0.10166666666666667,CWS
spatial_spd,analysis=spatial_spd|dataset_id=15967|region=North America|climatezone=Cold_Dry_Summer,15967,North America,Cold - Dry Summer,0.373,0.7354043920728441,0.7361930294906166,CDS
spatial_spd,analysis=spatial_spd|dataset_id=1607|region=North America|climatezone=Cold_Without_dry_season_Warm_Summer,1607,North America,Cold - Warm Summer,0.426,0.14198544942501762,0.142018779342723,CWS
spatial_spd,analysis=spatial_spd|dataset_id=17336|region=Europe|climatezone=Temperate_Without_dry_season,17336,Europe,Temperate,0.522,0.4717270461951313,0.471455938697318,TMP
spatial_spd,analysis=spatial_spd|dataset_id=987|region=North America|climatezone=Cold_Without_dry_season_Cold_Summer,987,North America,Cold - Cold Summer,0.404,0,-0.08589108910891088,CCS
spatial_spd,analysis=spatial_spd|dataset_id=15646|region=North America|climatezone=Cold_Dry_Summer,15646,North America,Cold - Dry Summer,0.48,0.6273447269695707,0.6270833333333333,CDS
spatial_spd,analysis=spatial_spd|dataset_id=15061|region=Latin America|climatezone=Temperate_Dry_Summer,15061,Latin America,Temperate - Dry Summer,0.317,0,-0.11009463722397476,TDS
spatial_spd,analysis=spatial_spd|dataset_id=20609|region=North America|climatezone=Cold_Without_dry_season_Warm_Summer,20609,North America,Cold - Warm Summer,0.171,0.2560046865846514,0.25555555555555554,CWS
spatial_spd,analysis=spatial_spd|dataset_id=40448|region=Europe|climatezone=Polar,40448,Europe,Polar,0.256,0.10331384015594541,0.103515625,POL
spatial_spd,analysis=spatial_spd|dataset_id=3046|region=North America|climatezone=Cold_Without_dry_season_Warm_Summer,3046,North America,Cold - Warm Summer,0.246,0.9325477448191792,0.9329268292682927,CWS
spatial_spd,analysis=spatial_spd|dataset_id=1610|region=Latin America|climatezone=Arid,1610,Latin America,Arid,0.114,0.31315789473684214,0.31315789473684214,ARD
spatial_spd,analysis=spatial_spd|dataset_id=331|region=North America|climatezone=Temperate_Without_dry_season,331,North America,Temperate,0.696,0.2510412178658625,0.25114942528735634,TMP
spatial_spd,analysis=spatial_spd|dataset_id=1711|region=Latin America|climatezone=Temperate_Dry_Summer,1711,Latin America,Temperate - Dry Summer,0.33,0,-0.02666666666666667,TDS
spatial_spd,analysis=spatial_spd|dataset_id=48931|region=Europe|climatezone=Arid,48931,Europe,Arid,0.034,0,-0.5323529411764706,ARD
spatial_spd,analysis=spatial_spd|dataset_id=3935|region=Europe|climatezone=Cold_Without_dry_season_Warm_Summer,3935,Europe,Cold - Warm Summer,0.342,0,-0.12660818713450292,CWS
spatial_spd,analysis=spatial_spd|dataset_id=15032|region=North America|climatezone=Cold_Without_dry_season_Warm_Summer,15032,North America,Cold - Warm Summer,0.319,0.5330617361328737,0.5332288401253918,CWS
spatial_spd,analysis=spatial_spd|dataset_id=4445|region=Europe|climatezone=Temperate_Without_dry_season,4445,Europe,Temperate,0.354,0,-0.015819209039548022,TMP
spatial_spd,analysis=spatial_spd|dataset_id=4391|region=Europe|climatezone=Cold_Without_dry_season_Cold_Summer,4391,Europe,Cold - Cold Summer,0.32,0,-0.12312499999999998,CCS
spatial_spd,analysis=spatial_spd|dataset_id=24867|region=Europe|climatezone=Temperate_Without_dry_season,24867,Europe,Temperate,0.286,0.13895694784739238,0.1388111888111888,TMP
spatial_spd,analysis=spatial_spd|dataset_id=3484|region=North America|climatezone=Temperate_Without_dry_season,3484,North America,Temperate,0.44,0.20604957925858539,0.2059090909090909,TMP
spatial_spd,analysis=spatial_spd|dataset_id=317|region=Europe|climatezone=Cold_Without_dry_season_Cold_Summer,317,Europe,Cold - Cold Summer,0.417,0.2901367890568754,0.28992805755395684,CCS
spatial_spd,analysis=spatial_spd|dataset_id=21926|region=Latin America|climatezone=Polar,21926,Latin America,Polar,0.225,0,-0.0751111111111111,POL
spatial_spd,analysis=spatial_spd|dataset_id=42563|region=Europe|climatezone=Temperate_Without_dry_season,42563,Europe,Temperate,0.454,0.47233854970244654,0.47202643171806163,TMP
spatial_spd,analysis=spatial_spd|dataset_id=777|region=North America|climatezone=Cold_Without_dry_season_Cold_Summer,777,North America,Cold - Cold Summer,0.531,0.18411144578313252,0.18418079096045195,CCS
spatial_spd,analysis=spatial_spd|dataset_id=40566|region=Europe|climatezone=Cold_Without_dry_season_Warm_Summer,40566,Europe,Cold - Warm Summer,0.397,0.381804435483871,0.3816120906801007,CWS
spatial_spd,analysis=spatial_spd|dataset_id=15403|region=North America|climatezone=Cold_Without_dry_season_Warm_Summer,15403,North America,Cold - Warm Summer,0.35,0.17547870820234354,0.17542857142857146,CWS
spatial_spd,analysis=spatial_spd|dataset_id=20194|region=North America|climatezone=Arid,20194,North America,Arid,0.132,0.5045385779122542,0.5053030303030303,ARD
spatial_spd,analysis=spatial_spd|dataset_id=4372|region=Europe|climatezone=Cold_Without_dry_season_Cold_Summer,4372,Europe,Cold - Cold Summer,0.274,0.1994156318480643,0.19927007299270072,CCS
spatial_spd,analysis=spatial_spd|dataset_id=4382|region=Europe|climatezone=Cold_Without_dry_season_Warm_Summer,4382,Europe,Cold - Warm Summer,0.353,0.4222599830076466,0.4223796033994335,CWS
spatial_spd,analysis=spatial_spd|dataset_id=16193|region=North America|climatezone=Cold_Without_dry_season_Warm_Summer,16193,North America,Cold - Warm Summer,0.516,0.07932505818463924,0.07926356589147286,CWS
spatial_spd,analysis=spatial_spd|dataset_id=42720|region=Europe|climatezone=Cold_Without_dry_season_Warm_Summer,42720,Europe,Cold - Warm Summer,0.188,0,-0.3526595744680851,CWS
spatial_spd,analysis=spatial_spd|dataset_id=811|region=North America|climatezone=Cold_Dry_Summer,811,North America,Cold - Dry Summer,0.589,0.09512485136741974,0.09507640067911716,CDS
spatial_spd,analysis=spatial_spd|dataset_id=22828|region=Europe|climatezone=Cold_Without_dry_season_Warm_Summer,22828,Europe,Cold - Warm Summer,0.17,0.378680800942285,0.378235294117647,CWS
spatial_spd,analysis=spatial_spd|dataset_id=48697|region=Latin America|climatezone=Temperate_Without_dry_season,48697,Latin America,Temperate,0.572,0.6371418588399721,0.6375874125874127,TMP
spatial_spd,analysis=spatial_spd|dataset_id=1520|region=North America|climatezone=Cold_Without_dry_season_Hot_Summer,1520,North America,Cold - Hot Summer,0.232,0,-0.05129310344827586,CHS
spatial_spd,analysis=spatial_spd|dataset_id=1663|region=North America|climatezone=Cold_Without_dry_season_Warm_Summer,1663,North America,Cold - Warm Summer,0.453,0.2129916040653999,0.21280353200883,CWS
spatial_spd,analysis=spatial_spd|dataset_id=14512|region=Europe|climatezone=Temperate_Without_dry_season,14512,Europe,Temperate,0.254,0.46477764659582843,0.4649606299212598,TMP
spatial_spd,analysis=spatial_spd|dataset_id=356|region=Latin America|climatezone=Polar,356,Latin America,Polar,0.453,0.06512141280353201,0.06512141280353201,POL
spatial_spd,analysis=spatial_spd|dataset_id=15715|region=North America|climatezone=Cold_Dry_Summer,15715,North America,Cold - Dry Summer,0.338,0.33165531536867043,0.3313609467455621,CDS
spatial_spd,analysis=spatial_spd|dataset_id=3047|region=North America|climatezone=Cold_Without_dry_season_Warm_Summer,3047,North America,Cold - Warm Summer,0.579,0.4262776243093923,0.42642487046632127,CWS
spatial_spd,analysis=spatial_spd|dataset_id=20018|region=Europe|climatezone=Polar,20018,Europe,Polar,0.414,0.02293577981651376,0.022946859903381644,POL
spatial_spd,analysis=spatial_spd|dataset_id=281|region=North America|climatezone=Temperate_Without_dry_season,281,North America,Temperate,0.03,1,3.47,TMP
spatial_spd,analysis=spatial_spd|dataset_id=21603|region=Latin America|climatezone=Arid,21603,Latin America,Arid,0.246,0.3574623830825539,0.35731707317073175,ARD
spatial_spd,analysis=spatial_spd|dataset_id=48917|region=Europe|climatezone=Cold_Without_dry_season_Warm_Summer,48917,Europe,Cold - Warm Summer,0.243,0.5841910251132153,0.5839506172839506,CWS
spatial_spd,analysis=spatial_spd|dataset_id=304|region=North America|climatezone=Temperate_Without_dry_season,304,North America,Temperate,0.58,0.26111685625646325,0.26120689655172413,TMP
spatial_spd,analysis=spatial_spd|dataset_id=15035|region=North America|climatezone=Cold_Without_dry_season_Warm_Summer,15035,North America,Cold - Warm Summer,0.611,0.32148706190632165,0.32127659574468087,CWS
spatial_spd,analysis=spatial_spd|dataset_id=1849|region=North America|climatezone=Cold_Without_dry_season_Cold_Summer,1849,North America,Cold - Cold Summer,0.591,0.19353200135455467,0.1934010152284264,CCS
spatial_spd,analysis=spatial_spd|dataset_id=16212|region=Europe|climatezone=Cold_Without_dry_season_Warm_Summer,16212,Europe,Cold - Warm Summer,0.296,0.18973666441593517,0.18986486486486487,CWS
spatial_spd,analysis=spatial_spd|dataset_id=1705|region=North America|climatezone=Temperate_Without_dry_season,1705,North America,Temperate,0.384,0.7709526288391464,0.7713541666666667,TMP
spatial_spd,analysis=spatial_spd|dataset_id=492|region=North America|climatezone=Temperate_Without_dry_season,492,North America,Temperate,0.07,0,-0.757142857142857,TMP
spatial_spd,analysis=spatial_spd|dataset_id=4203|region=Europe|climatezone=Cold_Without_dry_season_Warm_Summer,4203,Europe,Cold - Warm Summer,0.445,0,-0.04696629213483146,CWS
spatial_spd,analysis=spatial_spd|dataset_id=42722|region=North America|climatezone=Cold_Without_dry_season_Warm_Summer,42722,North America,Cold - Warm Summer,0.438,0.38928164196123144,0.38972602739726026,CWS
spatial_spd,analysis=spatial_spd|dataset_id=550|region=North America|climatezone=Temperate_Dry_Summer,550,North America,Temperate - Dry Summer,0.365,0.639627295149356,0.6394520547945206,TDS
spatial_spd,analysis=spatial_spd|dataset_id=3830|region=North America|climatezone=Cold_Without_dry_season_Warm_Summer,3830,North America,Cold - Warm Summer,0.241,0.36295681063122925,0.3626556016597511,CWS
spatial_spd,analysis=spatial_spd|dataset_id=17359|region=North America|climatezone=Cold_Without_dry_season_Cold_Summer,17359,North America,Cold - Cold Summer,0.613,0,-0.045187601957585644,CCS
spatial_spd,analysis=spatial_spd|dataset_id=40579|region=Europe|climatezone=Cold_Without_dry_season_Cold_Summer,40579,Europe,Cold - Cold Summer,0.702,0.1403133903133903,0.14031339031339032,CCS
spatial_spd,analysis=spatial_spd|dataset_id=41183|region=North America|climatezone=Cold_Dry_Summer,41183,North America,Cold - Dry Summer,0.256,0.051171875,0.051171875,CDS
spatial_spd,analysis=spatial_spd|dataset_id=15189|region=North America|climatezone=Cold_Without_dry_season_Cold_Summer,15189,North America,Cold - Cold Summer,0.532,0.2666917434643596,0.26654135338345863,CCS
spatial_spd,analysis=spatial_spd|dataset_id=534|region=North America|climatezone=Cold_Without_dry_season_Warm_Summer,534,North America,Cold - Warm Summer,0.654,0.5338840446688083,0.5336391437308868,CWS
spatial_spd,analysis=spatial_spd|dataset_id=4362|region=Europe|climatezone=Cold_Without_dry_season_Warm_Summer,4362,Europe,Cold - Warm Summer,0.574,0,-0.05209059233449478,CWS
spatial_spd,analysis=spatial_spd|dataset_id=41770|region=Europe|climatezone=Temperate_Without_dry_season,41770,Europe,Temperate,0.484,0.3295478009498245,0.32975206611570246,TMP
spatial_spd,analysis=spatial_spd|dataset_id=45101|region=Europe|climatezone=Arid,45101,Europe,Arid,0.382,0.052369730295888976,0.05235602094240838,ARD
spatial_spd,analysis=spatial_spd|dataset_id=4288|region=Europe|climatezone=Cold_Without_dry_season_Cold_Summer,4288,Europe,Cold - Cold Summer,0.51,0,-0.046078431372549015,CCS
spatial_spd,analysis=spatial_spd|dataset_id=22814|region=Europe|climatezone=Cold_Without_dry_season_Warm_Summer,22814,Europe,Cold - Warm Summer,0.177,0.2171460800902425,0.21751412429378533,CWS
spatial_spd,analysis=spatial_spd|dataset_id=2951|region=North America|climatezone=Cold_Without_dry_season_Cold_Summer,2951,North America,Cold - Cold Summer,0.164,0.2364080635308491,0.23597560975609755,CCS
spatial_spd,analysis=spatial_spd|dataset_id=4403|region=Europe|climatezone=Cold_Without_dry_season_Warm_Summer,4403,Europe,Cold - Warm Summer,0.451,0.19547872340425532,0.19556541019955653,CWS
spatial_spd,analysis=spatial_spd|dataset_id=1006|region=North America|climatezone=Cold_Without_dry_season_Cold_Summer,1006,North America,Cold - Cold Summer,0.526,0,-0.07889733840304182,CCS
spatial_spd,analysis=spatial_spd|dataset_id=871|region=North America|climatezone=Cold_Without_dry_season_Warm_Summer,871,North America,Cold - Warm Summer,0.469,0.17643298529725124,0.176545842217484,CWS
spatial_spd,analysis=spatial_spd|dataset_id=17371|region=Latin America|climatezone=Polar,17371,Latin America,Polar,0.568,0,-0.06161971830985916,POL
spatial_spd,analysis=spatial_spd|dataset_id=1448|region=North America|climatezone=Cold_Without_dry_season_Warm_Summer,1448,North America,Cold - Warm Summer,0.249,0.12454801124949778,0.12449799196787148,CWS
spatial_spd,analysis=spatial_spd|dataset_id=24155|region=Europe|climatezone=Cold_Without_dry_season_Cold_Summer,24155,Europe,Cold - Cold Summer,0.447,0,-0.015212527964205816,CCS
spatial_spd,analysis=spatial_spd|dataset_id=40454|region=Europe|climatezone=Temperate_Without_dry_season,40454,Europe,Temperate,0.268,0.007457121551081283,0.007462686567164179,TMP
spatial_spd,analysis=spatial_spd|dataset_id=22817|region=Europe|climatezone=Cold_Without_dry_season_Warm_Summer,22817,Europe,Cold - Warm Summer,0.178,0,-0.06741573033707865,CWS
spatial_spd,analysis=spatial_spd|dataset_id=25232|region=Europe|climatezone=Temperate_Without_dry_season,25232,Europe,Temperate,0.313,0.2864899393165123,0.2865814696485623,TMP
spatial_spd,analysis=spatial_spd|dataset_id=43525|region=Europe|climatezone=Temperate_Without_dry_season,43525,Europe,Temperate,0.348,0.723037100949094,0.7224137931034483,TMP
spatial_spd,analysis=spatial_spd|dataset_id=20046|region=Europe|climatezone=Polar,20046,Europe,Polar,0.355,0.26916572717023673,0.2690140845070423,POL
spatial_spd,analysis=spatial_spd|dataset_id=4209|region=Europe|climatezone=Temperate_Without_dry_season,4209,Europe,Temperate,0.293,0.7679425837320574,0.7668941979522185,TMP
spatial_spd,analysis=spatial_spd|dataset_id=1622|region=North America|climatezone=Cold_Without_dry_season_Warm_Summer,1622,North America,Cold - Warm Summer,0.069,0,-0.07826086956521738,CWS
spatial_spd,analysis=spatial_spd|dataset_id=4467|region=Europe|climatezone=Cold_Without_dry_season_Cold_Summer,4467,Europe,Cold - Cold Summer,0.225,0,-0.2648888888888889,CCS
spatial_spd,analysis=spatial_spd|dataset_id=15793|region=North America|climatezone=Cold_Without_dry_season_Warm_Summer,15793,North America,Cold - Warm Summer,0.47,0.08556832694763729,0.08553191489361703,CWS
spatial_spd,analysis=spatial_spd|dataset_id=3928|region=Europe|climatezone=Cold_Without_dry_season_Cold_Summer,3928,Europe,Cold - Cold Summer,0.248,0,-0.15806451612903225,CCS
spatial_spd,analysis=spatial_spd|dataset_id=4531|region=Europe|climatezone=Cold_Without_dry_season_Warm_Summer,4531,Europe,Cold - Warm Summer,0.412,0.058937666747513946,0.058980582524271845,CWS
spatial_spd,analysis=spatial_spd|dataset_id=2314|region=North America|climatezone=Cold_Without_dry_season_Hot_Summer,2314,North America,Cold - Hot Summer,0.291,0.5061898211829436,0.5058419243986254,CHS
spatial_spd,analysis=spatial_spd|dataset_id=339|region=North America|climatezone=Cold_Without_dry_season_Warm_Summer,339,North America,Cold - Warm Summer,0.445,0.27730337078651685,0.27730337078651685,CWS
spatial_spd,analysis=spatial_spd|dataset_id=1807|region=North America|climatezone=Cold_Without_dry_season_Warm_Summer,1807,North America,Cold - Warm Summer,0.224,0,-0.2575892857142857,CWS
spatial_spd,analysis=spatial_spd|dataset_id=514|region=North America|climatezone=Polar,514,North America,Polar,0.458,0.3160655737704918,0.31572052401746725,POL
spatial_spd,analysis=spatial_spd|dataset_id=3125|region=North America|climatezone=Cold_Without_dry_season_Cold_Summer,3125,North America,Cold - Cold Summer,0.569,0.2909346451159522,0.2910369068541301,CCS
spatial_spd,analysis=spatial_spd|dataset_id=20922|region=North America|climatezone=Cold_Without_dry_season_Cold_Summer,20922,North America,Cold - Cold Summer,0.306,0.5719412724306688,0.5728758169934641,CCS
spatial_spd,analysis=spatial_spd|dataset_id=41606|region=North America|climatezone=Polar,41606,North America,Polar,0.525,0.30464584920030463,0.30476190476190473,POL
spatial_spd,analysis=spatial_spd|dataset_id=352|region=North America|climatezone=Cold_Without_dry_season_Hot_Summer,352,North America,Cold - Hot Summer,0.366,0.3257720688712763,0.3256830601092896,CHS
spatial_spd,analysis=spatial_spd|dataset_id=17304|region=North America|climatezone=Cold_Without_dry_season_Warm_Summer,17304,North America,Cold - Warm Summer,0.498,0.4425045153521975,0.4427710843373494,CWS
spatial_spd,analysis=spatial_spd|dataset_id=22732|region=Europe|climatezone=Cold_Without_dry_season_Warm_Summer,22732,Europe,Cold - Warm Summer,0.513,0.23586744639376217,0.23586744639376217,CWS
spatial_spd,analysis=spatial_spd|dataset_id=2609|region=North America|climatezone=Cold_Without_dry_season_Hot_Summer,2609,North America,Cold - Hot Summer,0.432,0.2592678405931418,0.2590277777777778,CHS
spatial_spd,analysis=spatial_spd|dataset_id=48798|region=Europe|climatezone=Temperate_Without_dry_season,48798,Europe,Temperate,0.323,0.08629755644911848,0.08637770897832818,TMP
spatial_spd,analysis=spatial_spd|dataset_id=21978|region=Latin America|climatezone=Temperate_Without_dry_season,21978,Latin America,Temperate,0.376,0.1449468085106383,0.1449468085106383,TMP
spatial_spd,analysis=spatial_spd|dataset_id=22793|region=Europe|climatezone=Cold_Without_dry_season_Cold_Summer,22793,Europe,Cold - Cold Summer,0.454,0,-0.004625550660792951,CCS
spatial_spd,analysis=spatial_spd|dataset_id=15766|region=North America|climatezone=Temperate_Dry_Summer,15766,North America,Temperate - Dry Summer,0.055,0.027472527472527472,0.027272727272727275,TDS
spatial_spd,analysis=spatial_spd|dataset_id=46481|region=Europe|climatezone=Cold_Without_dry_season_Warm_Summer,46481,Europe,Cold - Warm Summer,0.226,0,-0.15442477876106195,CWS
spatial_spd,analysis=spatial_spd|dataset_id=17713|region=North America|climatezone=Cold_Without_dry_season_Cold_Summer,17713,North America,Cold - Cold Summer,0.621,0.17868641339343208,0.17874396135265702,CCS
spatial_spd,analysis=spatial_spd|dataset_id=20651|region=North America|climatezone=Polar,20651,North America,Polar,0.039,0,-0.8333333333333334,POL
spatial_spd,analysis=spatial_spd|dataset_id=47520|region=Europe|climatezone=Cold_Without_dry_season_Cold_Summer,47520,Europe,Cold - Cold Summer,0.483,0.02175714877745545,0.02173913043478261,CCS
spatial_spd,analysis=spatial_spd|dataset_id=4359|region=Europe|climatezone=Temperate_Without_dry_season,4359,Europe,Temperate,0.566,0.6331329561527581,0.6326855123674912,TMP
spatial_spd,analysis=spatial_spd|dataset_id=1788|region=North America|climatezone=Polar,1788,North America,Polar,0.462,0.17276466767698637,0.1727272727272727,POL
spatial_spd,analysis=spatial_spd|dataset_id=45648|region=Oceania|climatezone=Temperate_Without_dry_season,45648,Oceania,Temperate,0.484,0.26415874328234806,0.2640495867768595,TMP
spatial_spd,analysis=spatial_spd|dataset_id=4183|region=Europe|climatezone=Cold_Without_dry_season_Cold_Summer,4183,Europe,Cold - Cold Summer,0.518,0.28419834072930733,0.2843629343629343,CCS
spatial_spd,analysis=spatial_spd|dataset_id=816|region=North America|climatezone=Temperate_Dry_Summer,816,North America,Temperate - Dry Summer,0.578,0.2188796680497925,0.2190311418685121,TDS
spatial_spd,analysis=spatial_spd|dataset_id=3056|region=North America|climatezone=Polar,3056,North America,Polar,0.176,0.5107709750566893,0.5119318181818182,POL
spatial_spd,analysis=spatial_spd|dataset_id=40803|region=North America|climatezone=Cold_Without_dry_season_Hot_Summer,40803,North America,Cold - Hot Summer,0.373,0.3314576634512326,0.3316353887399464,CHS
spatial_spd,analysis=spatial_spd|dataset_id=22652|region=Europe|climatezone=Cold_Without_dry_season_Cold_Summer,22652,Europe,Cold - Cold Summer,0.1,0.05870646766169154,0.059,CCS
spatial_spd,analysis=spatial_spd|dataset_id=24956|region=Europe|climatezone=Cold_Without_dry_season_Warm_Summer,24956,Europe,Cold - Warm Summer,0.112,0,-0.3098214285714286,CWS
spatial_spd,analysis=spatial_spd|dataset_id=16278|region=North America|climatezone=Cold_Without_dry_season_Warm_Summer,16278,North America,Cold - Warm Summer,0.296,0.04255319148936171,0.04256756756756757,CWS
spatial_spd,analysis=spatial_spd|dataset_id=1632|region=North America|climatezone=Cold_Dry_Summer,1632,North America,Cold - Dry Summer,0.326,0.6050368550368551,0.6042944785276073,CDS
spatial_spd,analysis=spatial_spd|dataset_id=1904|region=North America|climatezone=Cold_Without_dry_season_Warm_Summer,1904,North America,Cold - Warm Summer,0.601,0.08854860186418109,0.08851913477537438,CWS
spatial_spd,analysis=spatial_spd|dataset_id=48948|region=Europe|climatezone=Polar,48948,Europe,Polar,0.251,0,-0.007171314741035857,POL
spatial_spd,analysis=spatial_spd|dataset_id=3977|region=Europe|climatezone=Cold_Without_dry_season_Warm_Summer,3977,Europe,Cold - Warm Summer,0.081,0.11757425742574258,0.11728395061728394,CWS
spatial_spd,analysis=spatial_spd|dataset_id=25837|region=Europe|climatezone=Cold_Without_dry_season_Cold_Summer,25837,Europe,Cold - Cold Summer,0.306,0.1906005221932115,0.1908496732026144,CCS
spatial_spd,analysis=spatial_spd|dataset_id=2961|region=North America|climatezone=Cold_Without_dry_season_Hot_Summer,2961,North America,Cold - Hot Summer,0.497,0.25090543259557346,0.25090543259557346,CHS
spatial_spd,analysis=spatial_spd|dataset_id=4145|region=Europe|climatezone=Cold_Without_dry_season_Cold_Summer,4145,Europe,Cold - Cold Summer,0.425,0,-0.04282352941176471,CCS
spatial_spd,analysis=spatial_spd|dataset_id=1152|region=North America|climatezone=Cold_Without_dry_season_Cold_Summer,1152,North America,Cold - Cold Summer,0.333,0.13706041478809738,0.13693693693693693,CCS
spatial_spd,analysis=spatial_spd|dataset_id=3468|region=North America|climatezone=Cold_Without_dry_season_Hot_Summer,3468,North America,Cold - Hot Summer,0.43,0.24976765799256506,0.25,CHS
spatial_spd,analysis=spatial_spd|dataset_id=15586|region=North America|climatezone=Cold_Dry_Summer,15586,North America,Cold - Dry Summer,0.069,0.14285714285714288,0.14202898550724635,CDS
spatial_spd,analysis=spatial_spd|dataset_id=22908|region=Europe|climatezone=Temperate_Without_dry_season,22908,Europe,Temperate,0.459,0.5382103200522533,0.538562091503268,TMP
spatial_spd,analysis=spatial_spd|dataset_id=1104|region=North America|climatezone=Cold_Dry_Summer,1104,North America,Cold - Dry Summer,0.344,0.04066221318617485,0.040697674418604654,CDS
spatial_spd,analysis=spatial_spd|dataset_id=2623|region=North America|climatezone=Cold_Without_dry_season_Hot_Summer,2623,North America,Cold - Hot Summer,0.332,0.17705510388437218,0.17710843373493976,CHS
spatial_spd,analysis=spatial_spd|dataset_id=1626|region=North America|climatezone=Cold_Without_dry_season_Warm_Summer,1626,North America,Cold - Warm Summer,0.591,0.35229388860673777,0.35211505922165826,CWS
spatial_spd,analysis=spatial_spd|dataset_id=24091|region=Europe|climatezone=Cold_Without_dry_season_Warm_Summer,24091,Europe,Cold - Warm Summer,0.248,0,-0.0032258064516129032,CWS
spatial_spd,analysis=spatial_spd|dataset_id=45381|region=Europe|climatezone=Cold_Without_dry_season_Warm_Summer,45381,Europe,Cold - Warm Summer,0.413,0.6706992499395112,0.6711864406779662,CWS
spatial_spd,analysis=spatial_spd|dataset_id=24303|region=Europe|climatezone=Polar,24303,Europe,Polar,0.182,0.7338090010976948,0.7346153846153847,POL
spatial_spd,analysis=spatial_spd|dataset_id=228|region=North America|climatezone=Temperate_Dry_Summer,228,North America,Temperate - Dry Summer,0.529,0.21821273379935766,0.21833648393194707,TDS
spatial_spd,analysis=spatial_spd|dataset_id=32|region=Latin America|climatezone=Polar,32,Latin America,Polar,0.53,0.07904169024712318,0.07905660377358491,POL
spatial_spd,analysis=spatial_spd|dataset_id=1002|region=North America|climatezone=Cold_Without_dry_season_Warm_Summer,1002,North America,Cold - Warm Summer,0.335,0.16537313432835818,0.16537313432835818,CWS
spatial_spd,analysis=spatial_spd|dataset_id=2953|region=North America|climatezone=Temperate_Without_dry_season,2953,North America,Temperate,0.536,0.17394550205300485,0.17388059701492536,TMP
spatial_spd,analysis=spatial_spd|dataset_id=1648|region=North America|climatezone=Temperate_Without_dry_season,1648,North America,Temperate,0.623,0.219637413765442,0.21974317817014447,TMP
spatial_spd,analysis=spatial_spd|dataset_id=15776|region=North America|climatezone=Temperate_Dry_Summer,15776,North America,Temperate - Dry Summer,0.113,0.892416225749559,0.895575221238938,TDS
spatial_spd,analysis=spatial_spd|dataset_id=2593|region=North America|climatezone=Cold_Without_dry_season_Hot_Summer,2593,North America,Cold - Hot Summer,0.426,0.31987796291950243,0.3199530516431925,CHS
spatial_spd,analysis=spatial_spd|dataset_id=45716|region=Europe|climatezone=Polar,45716,Europe,Polar,0.417,0.30717542596592273,0.30695443645083936,POL
spatial_spd,analysis=spatial_spd|dataset_id=15394|region=Latin America|climatezone=Tropical,15394,Latin America,Tropical,0.683,0.19959028387474392,0.19970717423133233,TRO
spatial_spd,analysis=spatial_spd|dataset_id=1766|region=North America|climatezone=Arid,1766,North America,Arid,0.349,0.5467316513761468,0.5464183381088826,ARD
spatial_spd,analysis=spatial_spd|dataset_id=22851|region=Europe|climatezone=Cold_Without_dry_season_Warm_Summer,22851,Europe,Cold - Warm Summer,0.381,0.23210070810385525,0.2322834645669291,CWS
spatial_spd,analysis=spatial_spd|dataset_id=48925|region=North America|climatezone=Cold_Without_dry_season_Warm_Summer,48925,North America,Cold - Warm Summer,0.439,0.024612579762989976,0.024601366742596813,CWS
spatial_spd,analysis=spatial_spd|dataset_id=17368|region=Latin America|climatezone=Polar,17368,Latin America,Polar,0.293,0.3395904436860068,0.3395904436860069,POL
spatial_spd,analysis=spatial_spd|dataset_id=4120|region=Europe|climatezone=Cold_Without_dry_season_Warm_Summer,4120,Europe,Cold - Warm Summer,0.393,0,-0.01450381679389313,CWS
spatial_spd,analysis=spatial_spd|dataset_id=18123|region=Latin America|climatezone=Arid,18123,Latin America,Arid,0.273,0,-0.09743589743589742,ARD
spatial_spd,analysis=spatial_spd|dataset_id=43295|region=Latin America|climatezone=Cold_Dry_Summer,43295,Latin America,Cold - Dry Summer,0.19,0.04217185028993147,0.042105263157894736,CDS
spatial_spd,analysis=spatial_spd|dataset_id=15259|region=Latin America|climatezone=Polar,15259,Latin America,Polar,0.497,0.19746376811594205,0.19738430583501007,POL
spatial_spd,analysis=spatial_spd|dataset_id=15682|region=North America|climatezone=Cold_Without_dry_season_Warm_Summer,15682,North America,Cold - Warm Summer,0.499,0.4066132264529058,0.4066132264529058,CWS
spatial_spd,analysis=spatial_spd|dataset_id=24461|region=Europe|climatezone=Cold_Without_dry_season_Warm_Summer,24461,Europe,Cold - Warm Summer,0.592,0.029749830966869513,0.02972972972972973,CWS
spatial_spd,analysis=spatial_spd|dataset_id=19995|region=North America|climatezone=Cold_Without_dry_season_Cold_Summer,19995,North America,Cold - Cold Summer,0.344,0.1792782305005821,0.17906976744186048,CCS
spatial_spd,analysis=spatial_spd|dataset_id=48782|region=Europe|climatezone=Temperate_Without_dry_season,48782,Europe,Temperate,0.179,0.2918767507002801,0.2910614525139665,TMP
spatial_spd,analysis=spatial_spd|dataset_id=1970|region=North America|climatezone=Arid,1970,North America,Arid,0.258,0.4493597206053551,0.44883720930232557,ARD
spatial_spd,analysis=spatial_spd|dataset_id=41835|region=Europe|climatezone=Cold_Without_dry_season_Cold_Summer,41835,Europe,Cold - Cold Summer,0.458,0.14835044789163207,0.1482532751091703,CCS
spatial_spd,analysis=spatial_spd|dataset_id=4436|region=Europe|climatezone=Temperate_Without_dry_season,4436,Europe,Temperate,0.31,0.23434473854099422,0.23419354838709677,TMP
spatial_spd,analysis=spatial_spd|dataset_id=16073|region=North America|climatezone=Temperate_Dry_Summer,16073,North America,Temperate - Dry Summer,0.366,0.02265902265902266,0.0226775956284153,TDS
spatial_spd,analysis=spatial_spd|dataset_id=16236|region=North America|climatezone=Cold_Without_dry_season_Cold_Summer,16236,North America,Cold - Cold Summer,0.606,0.05278785879247772,0.052805280528052806,CCS
spatial_spd,analysis=spatial_spd|dataset_id=2880|region=North America|climatezone=Cold_Without_dry_season_Cold_Summer,2880,North America,Cold - Cold Summer,0.257,0.26534576534576537,0.26575875486381323,CCS
spatial_spd,analysis=spatial_spd|dataset_id=513|region=North America|climatezone=Cold_Without_dry_season_Hot_Summer,513,North America,Cold - Hot Summer,0.54,0.33253145817912655,0.33277777777777773,CHS
spatial_spd,analysis=spatial_spd|dataset_id=1856|region=North America|climatezone=Cold_Without_dry_season_Cold_Summer,1856,North America,Cold - Cold Summer,0.313,0.13422818791946312,0.134185303514377,CCS
spatial_spd,analysis=spatial_spd|dataset_id=40844|region=North America|climatezone=Cold_Without_dry_season_Hot_Summer,40844,North America,Cold - Hot Summer,0.265,0,-0.027924528301886794,CHS
spatial_spd,analysis=spatial_spd|dataset_id=4308|region=Europe|climatezone=Cold_Without_dry_season_Warm_Summer,4308,Europe,Cold - Warm Summer,0.35,0.20262932266361816,0.2025714285714286,CWS
spatial_spd,analysis=spatial_spd|dataset_id=42668|region=Europe|climatezone=Cold_Without_dry_season_Warm_Summer,42668,Europe,Cold - Warm Summer,0.287,0.04075235109717869,0.04076655052264809,CWS
spatial_spd,analysis=spatial_spd|dataset_id=1001|region=North America|climatezone=Cold_Dry_Summer,1001,North America,Cold - Dry Summer,0.23,0.47002606429192006,0.47043478260869565,CDS
spatial_spd,analysis=spatial_spd|dataset_id=369|region=North America|climatezone=Cold_Without_dry_season_Warm_Summer,369,North America,Cold - Warm Summer,0.447,0.1166330870830535,0.11655480984340044,CWS
spatial_spd,analysis=spatial_spd|dataset_id=21838|region=Latin America|climatezone=Polar,21838,Latin America,Polar,0.42,0.14653323802716225,0.14642857142857144,POL
spatial_spd,analysis=spatial_spd|dataset_id=506|region=North America|climatezone=Cold_Without_dry_season_Cold_Summer,506,North America,Cold - Cold Summer,0.243,0.3604603370324702,0.3609053497942387,CCS
spatial_spd,analysis=spatial_spd|dataset_id=1733|region=North America|climatezone=Cold_Without_dry_season_Cold_Summer,1733,North America,Cold - Cold Summer,0.259,0.738895326380842,0.7386100386100386,CCS
spatial_spd,analysis=spatial_spd|dataset_id=19967|region=North America|climatezone=Cold_Without_dry_season_Warm_Summer,19967,North America,Cold - Warm Summer,0.448,0.19487179487179487,0.19508928571428572,CWS
spatial_spd,analysis=spatial_spd|dataset_id=PVT_Daihai_Lake_2004|region=Asia|climatezone=Arid,PVT_Daihai_Lake_2004,Asia,Arid,0.402,0.25155511321224183,0.2514925373134328,ARD
spatial_spd,analysis=spatial_spd|dataset_id=PVT_Dalianhai_Lake|region=Asia|climatezone=Arid,PVT_Dalianhai_Lake,Asia,Arid,0.094,0,-0.007446808510638298,ARD
spatial_spd,analysis=spatial_spd|dataset_id=PVT_Gonghai_Lake|region=Asia|climatezone=Cold_Dry_Winter,PVT_Gonghai_Lake,Asia,Cold - Dry Winter,0.398,0.2309433962264151,0.2306532663316583,CDW
spatial_spd,analysis=spatial_spd|dataset_id=PVT_Qinghai_Lake_QH2000|region=Asia|climatezone=Cold_Dry_Winter,PVT_Qinghai_Lake_QH2000,Asia,Cold - Dry Winter,0.556,0.2957163426925846,0.2955035971223021,CDW
spatial_spd,analysis=spatial_spd|dataset_id=PVT_Sihailongwan_Lake|region=Asia|climatezone=Cold_Dry_Winter,PVT_Sihailongwan_Lake,Asia,Cold - Dry Winter,0.285,0.25605050859347595,0.256140350877193,CDW
spatial_spd,analysis=spatial_spd|dataset_id=PVT_Ximen_Co|region=Asia|climatezone=Polar,PVT_Ximen_Co,Asia,Polar,0.342,0.278865828705057,0.2789473684210526,POL
spatial_spd,analysis=spatial_spd|dataset_id=PVT_Xingyun_Lake|region=Asia|climatezone=Temperate_Dry_Winter,PVT_Xingyun_Lake,Asia,Temperate - Dry Winter,0.58,0.6280393171236419,0.6279310344827587,TDW
spatial_spd,analysis=spatial_spd|dataset_id=PANGAEA.834960|region=Asia|climatezone=Cold_Without_dry_season_Cold_Summer,PANGAEA.834960,Asia,Cold - Cold Summer,0.339,0.3827779416101445,0.3828908554572271,CCS
spatial_spd,analysis=spatial_spd|dataset_id=PVT_Akkol_Lake|region=Asia|climatezone=Polar,PVT_Akkol_Lake,Asia,Polar,0.269,0,-0.03940520446096654,POL
spatial_spd,analysis=spatial_spd|dataset_id=PVT_Ayongwama_Co|region=Asia|climatezone=Polar,PVT_Ayongwama_Co,Asia,Polar,0.549,0.30152949745083757,0.30163934426229505,POL
spatial_spd,analysis=spatial_spd|dataset_id=PVT_Chaiwopu_Lake|region=Asia|climatezone=Arid,PVT_Chaiwopu_Lake,Asia,Arid,0.302,0.5238095238095238,0.5245033112582782,ARD
spatial_spd,analysis=spatial_spd|dataset_id=PVT_Dahaizi_Lake|region=Asia|climatezone=Temperate_Dry_Winter,PVT_Dahaizi_Lake,Asia,Temperate - Dry Winter,0.328,0.45124923826934793,0.45152439024390245,TDW
spatial_spd,analysis=spatial_spd|dataset_id=PVT_Dali_Nur_Jiangjunpaozi_Lake|region=Asia|climatezone=Cold_Dry_Winter,PVT_Dali_Nur_Jiangjunpaozi_Lake,Asia,Cold - Dry Winter,0.291,0.03233574131406949,0.03230240549828179,CDW
spatial_spd,analysis=spatial_spd|dataset_id=PVT_Dali_Nur_Liuzhouwan_Lake|region=Asia|climatezone=Cold_Dry_Winter,PVT_Dali_Nur_Liuzhouwan_Lake,Asia,Cold - Dry Winter,0.477,0.17606371829805073,0.17610062893081763,CDW
spatial_spd,analysis=spatial_spd|dataset_id=PVT_Dongganchi|region=Asia|climatezone=Cold_Dry_Winter,PVT_Dongganchi,Asia,Cold - Dry Winter,0.168,0.3486020226055919,0.3488095238095238,CDW
spatial_spd,analysis=spatial_spd|dataset_id=PVT_Erhai_Lake|region=Asia|climatezone=Temperate_Dry_Winter,PVT_Erhai_Lake,Asia,Temperate - Dry Winter,0.286,0.8350803633822501,0.8356643356643357,TDW
spatial_spd,analysis=spatial_spd|dataset_id=PVT_Erhailongwan_Lake|region=Asia|climatezone=Cold_Dry_Winter,PVT_Erhailongwan_Lake,Asia,Cold - Dry Winter,0.407,0.1706417506761741,0.17051597051597053,CDW
spatial_spd,analysis=spatial_spd|dataset_id=PVT_Ganhai_Lake|region=Asia|climatezone=Cold_Dry_Winter,PVT_Ganhai_Lake,Asia,Cold - Dry Winter,0.343,0.26232856725999415,0.2620991253644315,CDW
spatial_spd,analysis=spatial_spd|dataset_id=PVT_Gantang|region=Asia|climatezone=Temperate_Without_dry_season,PVT_Gantang,Asia,Temperate,0.069,0.24421965317919073,0.244927536231884,TMP
spatial_spd,analysis=spatial_spd|dataset_id=PVT_Guangfulin|region=Asia|climatezone=Temperate_Without_dry_season,PVT_Guangfulin,Asia,Temperate,0.7,0.06132075471698113,0.06128571428571429,TMP
spatial_spd,analysis=spatial_spd|dataset_id=PVT_Kendegelukol_Lake|region=Asia|climatezone=Polar,PVT_Kendegelukol_Lake,Asia,Polar,0.623,0.1624137377627989,0.1624398073836276,POL
spatial_spd,analysis=spatial_spd|dataset_id=PVT_Koucha_Lake|region=Asia|climatezone=Polar,PVT_Koucha_Lake,Asia,Polar,0.257,0.22610722610722614,0.2264591439688716,POL
spatial_spd,analysis=spatial_spd|dataset_id=PVT_Kuhai_Lake|region=Asia|climatezone=Polar,PVT_Kuhai_Lake,Asia,Polar,0.283,0.07657021877205364,0.076678445229682,POL
spatial_spd,analysis=spatial_spd|dataset_id=PVT_Longquan_Lake_LC2|region=Asia|climatezone=Temperate_Without_dry_season,PVT_Longquan_Lake_LC2,Asia,Temperate,0.531,0,-0.002824858757062147,TMP
spatial_spd,analysis=spatial_spd|dataset_id=PVT_Lop_Nur_Luo4|region=Asia|climatezone=Arid,PVT_Lop_Nur_Luo4,Asia,Arid,0.263,0.43721461187214605,0.43688212927756653,ARD
spatial_spd,analysis=spatial_spd|dataset_id=PVT_Luanhaizi_LH2|region=Asia|climatezone=Cold_Dry_Winter,PVT_Luanhaizi_LH2,Asia,Cold - Dry Winter,0.612,1.6342539630658605e-4,1.6339869281045753e-4,CDW
spatial_spd,analysis=spatial_spd|dataset_id=PVT_Mengcun|region=Asia|climatezone=Cold_Dry_Winter,PVT_Mengcun,Asia,Cold - Dry Winter,0.336,0.07476913911230265,0.07470238095238095,CDW
spatial_spd,analysis=spatial_spd|dataset_id=PVT_Naleng_Co|region=Asia|climatezone=Polar,PVT_Naleng_Co,Asia,Polar,0.317,0.1998109045067759,0.19999999999999998,POL
spatial_spd,analysis=spatial_spd|dataset_id=PVT_Nantun|region=Asia|climatezone=Temperate_Dry_Winter,PVT_Nantun,Asia,Temperate - Dry Winter,0.36,0.16870144284128746,0.1688888888888889,TDW
spatial_spd,analysis=spatial_spd|dataset_id=PVT_Qigai_Nuur|region=Asia|climatezone=Arid,PVT_Qigai_Nuur,Asia,Arid,0.657,0.10012172854534387,0.10015220700152207,ARD
spatial_spd,analysis=spatial_spd|dataset_id=PVT_Qongjiamong_Co|region=Asia|climatezone=Polar,PVT_Qongjiamong_Co,Asia,Polar,0.198,0.38799192734611504,0.38838383838383833,POL
spatial_spd,analysis=spatial_spd|dataset_id=PVT_Ren_Co_R1|region=Asia|climatezone=Polar,PVT_Ren_Co_R1,Asia,Polar,0.226,0,-0.21327433628318584,POL
spatial_spd,analysis=spatial_spd|dataset_id=PVT_Sanjiaocheng_Section|region=Asia|climatezone=Arid,PVT_Sanjiaocheng_Section,Asia,Arid,0.293,0.1901840490797546,0.19044368600682596,ARD
spatial_spd,analysis=spatial_spd|dataset_id=PVT_Sayram_Lake|region=Asia|climatezone=Cold_Without_dry_season_Warm_Summer,PVT_Sayram_Lake,Asia,Cold - Warm Summer,0.398,0.1588456712672522,0.15904522613065325,CWS
spatial_spd,analysis=spatial_spd|dataset_id=PVT_Shaamar|region=Asia|climatezone=Cold_Dry_Winter,PVT_Shaamar,Asia,Cold - Dry Winter,0.19,0.008412197686645638,0.008421052631578947,CDW
spatial_spd,analysis=spatial_spd|dataset_id=PVT_Shayema_Lake|region=Asia|climatezone=Temperate_Dry_Winter,PVT_Shayema_Lake,Asia,Temperate - Dry Winter,0.377,0.28305894848645774,0.2827586206896552,TDW
spatial_spd,analysis=spatial_spd|dataset_id=PVT_Sujiawan|region=Asia|climatezone=Cold_Dry_Winter,PVT_Sujiawan,Asia,Cold - Dry Winter,0.583,0.0018874399450926563,0.001886792452830189,CDW
spatial_spd,analysis=spatial_spd|dataset_id=PVT_Tiancai_Lake|region=Asia|climatezone=Cold_Dry_Winter,PVT_Tiancai_Lake,Asia,Cold - Dry Winter,0.433,0.10115473441108545,0.10115473441108545,CDW
spatial_spd,analysis=spatial_spd|dataset_id=PVT_Uzunkol_Lake|region=Asia|climatezone=Cold_Without_dry_season_Cold_Summer,PVT_Uzunkol_Lake,Asia,Cold - Cold Summer,0.456,0.20903706953279227,0.20899122807017542,CCS
spatial_spd,analysis=spatial_spd|dataset_id=PVT_Wulungu_Lake|region=Asia|climatezone=Arid,PVT_Wulungu_Lake,Asia,Arid,0.369,0.27051177904142976,0.2707317073170732,ARD
spatial_spd,analysis=spatial_spd|dataset_id=PVT_Xiehu_Lake_SO4|region=Asia|climatezone=Cold_Dry_Winter,PVT_Xiehu_Lake_SO4,Asia,Cold - Dry Winter,0.363,0,-0.04297520661157025,CDW
spatial_spd,analysis=spatial_spd|dataset_id=PVT_Yamant_Nur_Lake|region=Asia|climatezone=Arid,PVT_Yamant_Nur_Lake,Asia,Arid,0.277,0.13123644251626898,0.1310469314079422,ARD
spatial_spd,analysis=spatial_spd|dataset_id=PVT_Yidun_Lake|region=Asia|climatezone=Polar,PVT_Yidun_Lake,Asia,Polar,0.348,0.16604316546762588,0.16580459770114944,POL
spatial_spd,analysis=spatial_spd|dataset_id=PVT_Zoige_RH|region=Asia|climatezone=Cold_Dry_Winter,PVT_Zoige_RH,Asia,Cold - Dry Winter,0.458,0.23209606986899564,0.23209606986899564,CDW
spatial_spd,analysis=spatial_spd|dataset_id=cao_8|region=Asia|climatezone=Cold_Dry_Winter,cao_8,Asia,Cold - Dry Winter,0.5,0.051051051051051045,0.051,CDW
spatial_spd,analysis=spatial_spd|dataset_id=cao_57|region=Asia|climatezone=Cold_Without_dry_season_Cold_Summer,cao_57,Asia,Cold - Cold Summer,0.599,0.0053458068827263614,0.005342237061769617,CCS
spatial_spd,analysis=spatial_spd|dataset_id=cao_80|region=Asia|climatezone=Cold_Without_dry_season_Cold_Summer,cao_80,Asia,Cold - Cold Summer,0.508,0.03228982083087222,0.03228346456692913,CCS
spatial_spd,analysis=spatial_spd|dataset_id=cao_101|region=Asia|climatezone=Cold_Without_dry_season_Warm_Summer,cao_101,Asia,Cold - Warm Summer,0.462,0.012762275578628596,0.012770562770562769,CWS
spatial_spd,analysis=spatial_spd|dataset_id=cao_124|region=Asia|climatezone=Cold_Without_dry_season_Cold_Summer,cao_124,Asia,Cold - Cold Summer,0.405,0.2267226475673006,0.22666666666666666,CCS
spatial_spd,analysis=spatial_spd|dataset_id=cao_134|region=Asia|climatezone=Cold_Without_dry_season_Cold_Summer,cao_134,Asia,Cold - Cold Summer,0.323,0,-0.03374613003095975,CCS
spatial_spd,analysis=spatial_spd|dataset_id=cao_158|region=Asia|climatezone=Cold_Without_dry_season_Warm_Summer,cao_158,Asia,Cold - Warm Summer,0.333,0.03510351035103511,0.03513513513513514,CWS
spatial_spd,analysis=spatial_spd|dataset_id=PANGAEA.884462|region=Asia|climatezone=Arid,PANGAEA.884462,Asia,Arid,0.459,0.1812036633231574,0.1810457516339869,ARD
spatial_spd,analysis=spatial_spd|dataset_id=PANGAEA.896256|region=Asia|climatezone=Arid,PANGAEA.896256,Asia,Arid,0.298,0.15294117647058825,0.15268456375838926,ARD
spatial_spd,analysis=spatial_spd|dataset_id=PANGAEA.783359|region=Asia|climatezone=Temperate_Dry_Summer,PANGAEA.783359,Asia,Temperate - Dry Summer,0.209,0,-0.051674641148325366,TDS
spatial_spd,analysis=spatial_spd|dataset_id=Lake_Moon|region=Asia|climatezone=Cold_Dry_Winter,Lake_Moon,Asia,Cold - Dry Winter,0.273,0.4201465201465201,0.4201465201465201,CDW
spatial_spd,analysis=spatial_spd|dataset_id=47817|region=Asia|climatezone=Arid,47817,Asia,Arid,0.346,0.3159722222222222,0.31560693641618504,ARD
spatial_spd,analysis=spatial_spd|dataset_id=876|region=Asia|climatezone=Cold_Without_dry_season_Warm_Summer,876,Asia,Cold - Warm Summer,0.503,0.11680572109654351,0.1168986083499006,CWS
spatial_spd,analysis=spatial_spd|dataset_id=46462|region=Asia|climatezone=Cold_Without_dry_season_Warm_Summer,46462,Asia,Cold - Warm Summer,0.378,0.24887714663143992,0.2492063492063492,CWS
spatial_spd,analysis=spatial_spd|dataset_id=46466|region=Asia|climatezone=Cold_Without_dry_season_Warm_Summer,46466,Asia,Cold - Warm Summer,0.108,0.1837488457987073,0.18425925925925926,CWS
spatial_spd,analysis=spatial_spd|dataset_id=46483|region=Asia|climatezone=Cold_Without_dry_season_Warm_Summer,46483,Asia,Cold - Warm Summer,0.219,0,-0.026940639269406392,CWS
spatial_spd,analysis=spatial_spd|dataset_id=3896|region=Asia|climatezone=Cold_Without_dry_season_Cold_Summer,3896,Asia,Cold - Cold Summer,0.408,0,-0.06029411764705883,CCS
spatial_spd,analysis=spatial_spd|dataset_id=46479|region=Asia|climatezone=Cold_Without_dry_season_Warm_Summer,46479,Asia,Cold - Warm Summer,0.357,0,-0.0047619047619047615,CWS
spatial_spd,analysis=spatial_spd|dataset_id=46485|region=Asia|climatezone=Cold_Without_dry_season_Warm_Summer,46485,Asia,Cold - Warm Summer,0.486,0.0360082304526749,0.0360082304526749,CWS
spatial_spd,analysis=spatial_spd|dataset_id=46447|region=Asia|climatezone=Cold_Without_dry_season_Cold_Summer,46447,Asia,Cold - Cold Summer,0.498,0.04836443909291591,0.048393574297188754,CCS
spatial_spd,analysis=spatial_spd|dataset_id=1444|region=Asia|climatezone=Cold_Without_dry_season_Warm_Summer,1444,Asia,Cold - Warm Summer,0.503,0.2473652813680652,0.24731610337972165,CWS
spatial_spd,analysis=spatial_spd|dataset_id=2643|region=Asia|climatezone=Cold_Without_dry_season_Warm_Summer,2643,Asia,Cold - Warm Summer,0.191,0,-0.0036649214659685864,CWS
spatial_spd,analysis=spatial_spd|dataset_id=1844|region=Asia|climatezone=Cold_Without_dry_season_Warm_Summer,1844,Asia,Cold - Warm Summer,0.626,0.19990412272291463,0.19984025559105428,CWS
spatial_spd,analysis=spatial_spd|dataset_id=4543|region=Asia|climatezone=Cold_Without_dry_season_Cold_Summer,4543,Asia,Cold - Cold Summer,0.268,0.008221225710014948,0.008208955223880597,CCS
spatial_spd,analysis=spatial_spd|dataset_id=40990|region=Asia|climatezone=Cold_Dry_Winter,40990,Asia,Cold - Dry Winter,0.199,0,-0.20954773869346732,CDW
spatial_spd,analysis=spatial_spd|dataset_id=15720|region=Asia|climatezone=Cold_Without_dry_season_Warm_Summer,15720,Asia,Cold - Warm Summer,0.206,0.09602327837051407,0.09611650485436894,CWS
spatial_spd,analysis=spatial_spd|dataset_id=4081|region=Asia|climatezone=Cold_Dry_Winter,4081,Asia,Cold - Dry Winter,0.341,0,-0.14193548387096772,CDW
spatial_spd,analysis=spatial_spd|dataset_id=3861|region=Asia|climatezone=Arid,3861,Asia,Arid,0.28,0,-0.23178571428571426,ARD
spatial_spd,analysis=spatial_spd|dataset_id=41247|region=Asia|climatezone=Temperate_Dry_Winter,41247,Asia,Temperate - Dry Winter,0.282,0.6964856230031949,0.6957446808510639,TDW
spatial_spd,analysis=spatial_spd|dataset_id=15624|region=Asia|climatezone=Temperate_Without_dry_season,15624,Asia,Temperate,0.646,0.14161894443584583,0.141640866873065,TMP
spatial_spd,analysis=spatial_spd|dataset_id=41245|region=Asia|climatezone=Cold_Dry_Winter,41245,Asia,Cold - Dry Winter,0.56,0.18964285714285717,0.18964285714285714,CDW
spatial_spd,analysis=spatial_spd|dataset_id=14612|region=Asia|climatezone=Arid,14612,Asia,Arid,0.318,0.1160377358490566,0.1160377358490566,ARD
spatial_spd,analysis=spatial_spd|dataset_id=15649|region=Asia|climatezone=Temperate_Without_dry_season,15649,Asia,Temperate,0.464,0.2602414833980164,0.26012931034482756,TMP
spatial_spd,analysis=spatial_spd|dataset_id=14134|region=Asia|climatezone=Temperate_Without_dry_season,14134,Asia,Temperate,0.541,0,-0.004805914972273567,TMP
spatial_spd,analysis=spatial_spd|dataset_id=15656|region=Asia|climatezone=Temperate_Without_dry_season,15656,Asia,Temperate,0.309,0.08570504527813712,0.08576051779935275,TMP
spatial_spd,analysis=spatial_spd|dataset_id=22330|region=Asia|climatezone=Cold_Without_dry_season_Warm_Summer,22330,Asia,Cold - Warm Summer,0.16,0.08869456589631482,0.08875000000000001,CWS
spatial_spd,analysis=spatial_spd|dataset_id=15709|region=Asia|climatezone=Cold_Without_dry_season_Warm_Summer,15709,Asia,Cold - Warm Summer,0.495,0.0119119725418938,0.01191919191919192,CWS
spatial_spd,analysis=spatial_spd|dataset_id=15678|region=Asia|climatezone=Cold_Without_dry_season_Hot_Summer,15678,Asia,Cold - Hot Summer,0.216,0.5046382189239331,0.5037037037037037,CHS
spatial_spd,analysis=spatial_spd|dataset_id=3927|region=Asia|climatezone=Temperate_Dry_Summer,3927,Asia,Temperate - Dry Summer,0.571,0,-0.0978984238178634,TDS
spatial_spd,analysis=spatial_spd|dataset_id=4137|region=Asia|climatezone=Arid,4137,Asia,Arid,0.224,0.1705357142857143,0.17053571428571426,ARD
spatial_spd,analysis=spatial_spd|dataset_id=4442|region=Asia|climatezone=Cold_Dry_Summer,4442,Asia,Cold - Dry Summer,0.506,0,-0.01600790513833992,CDS
spatial_spd,analysis=spatial_spd|dataset_id=4509|region=Asia|climatezone=Cold_Dry_Summer,4509,Asia,Cold - Dry Summer,0.555,0,-0.09549549549549548,CDS
spatial_spd,analysis=spatial_spd|dataset_id=24161|region=Asia|climatezone=Cold_Dry_Summer,24161,Asia,Cold - Dry Summer,0.172,0,-0.005232558139534884,CDS
spatial_spd,analysis=spatial_spd|dataset_id=24166|region=Asia|climatezone=Temperate_Dry_Summer,24166,Asia,Temperate - Dry Summer,0.395,0,-0.05493670886075949,TDS
spatial_spd,analysis=spatial_spd|dataset_id=24175|region=Asia|climatezone=Arid,24175,Asia,Arid,0.499,0.05606728073688426,0.056112224448897796,ARD
spatial_spd,analysis=spatial_spd|dataset_id=pg_711911|region=Asia|climatezone=Arid,pg_711911,Asia,Arid,0.319,0.2928280613842781,0.29310344827586204,ARD
spatial_spd,analysis=spatial_spd|dataset_id=pg_858056|region=Asia|climatezone=Temperate_Dry_Summer,pg_858056,Asia,Temperate - Dry Summer,0.518,0.10757049053688682,0.10752895752895753,TDS
spatial_spd,analysis=spatial_spd|dataset_id=pg_874340|region=Asia|climatezone=Arid,pg_874340,Asia,Arid,0.008,0,-2.9125,ARD
spatial_spd,analysis=spatial_spd|dataset_id=pg_884740|region=Asia|climatezone=Arid,pg_884740,Asia,Arid,0.291,0.18125643666323377,0.1814432989690722,ARD
spatial_spd,analysis=spatial_spd|dataset_id=pg_907390|region=Asia|climatezone=Arid,pg_907390,Asia,Arid,0.299,0.7655726724715338,0.7645484949832776,ARD
spatial_spd,analysis=spatial_spd|dataset_id=pg_711930|region=Asia|climatezone=Temperate_Dry_Summer,pg_711930,Asia,Temperate - Dry Summer,0.16,0.13157894736842107,0.13125,TDS
spatial_spd,analysis=spatial_spd|dataset_id=pg_738918|region=Asia|climatezone=Cold_Dry_Summer,pg_738918,Asia,Cold - Dry Summer,0.136,0,-0.18161764705882352,CDS
spatial_spd,analysis=spatial_spd|dataset_id=ippd_975|region=Oceania|climatezone=Temperate_Without_dry_season,ippd_975,Oceania,Temperate,0.743,0.23422575003363377,0.23432032301480485,TMP
spatial_spd,analysis=spatial_spd|dataset_id=ippd_978|region=Oceania|climatezone=Temperate_Without_dry_season,ippd_978,Oceania,Temperate,0.605,0.46535472134942946,0.46512396694214875,TMP
spatial_spd,analysis=spatial_spd|dataset_id=ippd_991|region=Oceania|climatezone=Temperate_Without_dry_season,ippd_991,Oceania,Temperate,0.184,0.6218715995647442,0.621195652173913,TMP
spatial_spd,analysis=spatial_spd|dataset_id=ippd_1016|region=Oceania|climatezone=Temperate_Without_dry_season,ippd_1016,Oceania,Temperate,0.6,0.42630876958986325,0.42616666666666664,TMP
spatial_spd,analysis=spatial_spd|dataset_id=ippd_1070|region=Oceania|climatezone=Tropical,ippd_1070,Oceania,Tropical,0.39,0.7307692307692308,0.7307692307692307,TRO
spatial_spd,analysis=spatial_spd|dataset_id=ippd_1443|region=Oceania|climatezone=Tropical,ippd_1443,Oceania,Tropical,0.488,0.03586800573888092,0.03586065573770492,TRO
spatial_spd,analysis=spatial_spd|dataset_id=ippd_1444|region=Oceania|climatezone=Tropical,ippd_1444,Oceania,Tropical,0.388,0.7795255286230015,0.7791237113402062,TRO
spatial_spd,analysis=spatial_spd|dataset_id=ippd_1999|region=Oceania|climatezone=Tropical,ippd_1999,Oceania,Tropical,0.473,0,-0.06997885835095137,TRO
spatial_spd,analysis=spatial_spd|dataset_id=ippd_2000|region=Oceania|climatezone=Temperate_Dry_Winter,ippd_2000,Oceania,Temperate - Dry Winter,0.264,0.3450624290578888,0.34545454545454546,TDW
spatial_spd,analysis=spatial_spd|dataset_id=ippd_2008|region=Oceania|climatezone=Temperate_Without_dry_season,ippd_2008,Oceania,Temperate,0.737,0.42356774368721156,0.4233378561736771,TMP
spatial_spd,analysis=spatial_spd|dataset_id=ippd_2009|region=Oceania|climatezone=Temperate_Without_dry_season,ippd_2009,Oceania,Temperate,0.258,0.4811650485436893,0.48023255813953486,TMP
spatial_spd,analysis=spatial_spd|dataset_id=ippd_2094|region=Oceania|climatezone=Temperate_Without_dry_season,ippd_2094,Oceania,Temperate,0.649,0.13785659213569773,0.1377503852080123,TMP
spatial_spd,analysis=spatial_spd|dataset_id=ippd_2113|region=Oceania|climatezone=Temperate_Without_dry_season,ippd_2113,Oceania,Temperate,0.353,0.546304163126593,0.5464589235127478,TMP
spatial_spd,analysis=spatial_spd|dataset_id=ippd_2122|region=Oceania|climatezone=Temperate_Without_dry_season,ippd_2122,Oceania,Temperate,0.182,1,1.0675824175824176,TMP
spatial_spd,analysis=spatial_spd|dataset_id=ippd_2133|region=Oceania|climatezone=Temperate_Dry_Summer,ippd_2133,Oceania,Temperate - Dry Summer,0.139,0.15800865800865802,0.15755395683453235,TDS
spatial_spd,analysis=spatial_spd|dataset_id=ippd_2163|region=Oceania|climatezone=Temperate_Without_dry_season,ippd_2163,Oceania,Temperate,0.47,0.24973387268469235,0.2495744680851064,TMP
spatial_spd,analysis=spatial_spd|dataset_id=ippd_2216|region=Oceania|climatezone=Temperate_Without_dry_season,ippd_2216,Oceania,Temperate,0.138,0.21707670043415342,0.21739130434782605,TMP
spatial_spd,analysis=spatial_spd|dataset_id=ippd_2264|region=Oceania|climatezone=Temperate_Without_dry_season,ippd_2264,Oceania,Temperate,0.218,0.020192748967416248,0.02018348623853211,TMP
spatial_spd,analysis=spatial_spd|dataset_id=ippd_2268|region=Oceania|climatezone=Temperate_Without_dry_season,ippd_2268,Oceania,Temperate,0.449,0,-0.006904231625835189,TMP
spatial_spd,analysis=spatial_spd|dataset_id=ippd_2270|region=Oceania|climatezone=Temperate_Without_dry_season,ippd_2270,Oceania,Temperate,0.475,0.24547368421052632,0.24547368421052632,TMP
spatial_spd,analysis=spatial_spd|dataset_id=ippd_2271|region=Oceania|climatezone=Temperate_Without_dry_season,ippd_2271,Oceania,Temperate,0.837,0.4809415700800574,0.48088410991636804,TMP
spatial_spd,analysis=spatial_spd|dataset_id=ippd_2283|region=Oceania|climatezone=Temperate_Without_dry_season,ippd_2283,Oceania,Temperate,0.075,1,2.128,TMP
spatial_spd,analysis=spatial_spd|dataset_id=ippd_2284|region=Oceania|climatezone=Temperate_Without_dry_season,ippd_2284,Oceania,Temperate,0.743,0.44179787377203605,0.44185733512786,TMP
spatial_spd,analysis=spatial_spd|dataset_id=ippd_2287|region=Oceania|climatezone=Arid,ippd_2287,Oceania,Arid,0.345,0.24239791485664638,0.2426086956521739,ARD
spatial_spd,analysis=spatial_spd|dataset_id=ippd_2306|region=Oceania|climatezone=Temperate_Without_dry_season,ippd_2306,Oceania,Temperate,0.011,0.06481481481481483,0.06363636363636364,TMP
spatial_spd,analysis=spatial_spd|dataset_id=ippd_2308|region=Oceania|climatezone=Temperate_Without_dry_season,ippd_2308,Oceania,Temperate,0.542,0.16349880051670052,0.16346863468634684,TMP
spatial_spd,analysis=spatial_spd|dataset_id=ippd_2313|region=Oceania|climatezone=Cold_Without_dry_season_Warm_Summer,ippd_2313,Oceania,Cold - Warm Summer,0.162,0.7141089108910892,0.7123456790123457,CWS
spatial_spd,analysis=spatial_spd|dataset_id=ippd_2357|region=Oceania|climatezone=Temperate_Without_dry_season,ippd_2357,Oceania,Temperate,0.419,0.6920324427480916,0.6923627684964201,TMP
