dataset_id,analysis,measure,component,value,region,climatezone,long,lat,climatezone_label,figure_profile
46516,spatial_spd,unique_adjusted_r2,climate,0.15629122303836496,Europe,Cold - Warm Summer,28.61129,59.61457,CWS,climate_unique_adjusted_r2
26606,spatial_spd,unique_adjusted_r2,climate,0.21294508538426826,North America,Cold - Warm Summer,-93.72746,49.65882,CWS,climate_unique_adjusted_r2
48966,spatial_spd,unique_adjusted_r2,climate,0.12476934719213639,Europe,Temperate,5.75969,52.24479,TMP,climate_unique_adjusted_r2
3565,spatial_spd,unique_adjusted_r2,climate,0.21876079922485625,North America,Cold - Warm Summer,-71.80778,46.89194,CWS,climate_unique_adjusted_r2
3032,spatial_spd,unique_adjusted_r2,climate,-7.757668676384721e-4,North America,Cold - Warm Summer,-85.66111,46.42917,CWS,climate_unique_adjusted_r2
4383,spatial_spd,unique_adjusted_r2,climate,0.4747466479983894,Europe,Cold - Warm Summer,8.32556,47.07556,CWS,climate_unique_adjusted_r2
45377,spatial_spd,unique_adjusted_r2,climate,0.14372818102671547,Europe,Cold - Warm Summer,24.1,59.075,CWS,climate_unique_adjusted_r2
236,spatial_spd,unique_adjusted_r2,climate,0.40952248722320683,North America,Cold - Warm Summer,-79.78,47.23,CWS,climate_unique_adjusted_r2
4170,spatial_spd,unique_adjusted_r2,climate,0.06600446249385794,Europe,Cold - Warm Summer,24.33333,41.98333,CWS,climate_unique_adjusted_r2
25372,spatial_spd,unique_adjusted_r2,climate,0.08333889419240359,Europe,Temperate,4.07917,47.26194,TMP,climate_unique_adjusted_r2
46544,spatial_spd,unique_adjusted_r2,climate,0.32353642316686915,Europe,Cold - Warm Summer,25.77353,58.48888,CWS,climate_unique_adjusted_r2
982,spatial_spd,unique_adjusted_r2,climate,0.014889164076770545,North America,Cold - Warm Summer,-85.11667,44.88333,CWS,climate_unique_adjusted_r2
26448,spatial_spd,unique_adjusted_r2,climate,0.05396674311394456,Europe,Cold - Cold Summer,10.47833,46.87,CCS,climate_unique_adjusted_r2
4042,spatial_spd,unique_adjusted_r2,climate,0.13249212351244044,Europe,Cold - Warm Summer,13.67319,58.55679,CWS,climate_unique_adjusted_r2
3487,spatial_spd,unique_adjusted_r2,climate,-0.010755022343760134,North America,Cold - Hot Summer,-97.36301,44.97734,CHS,climate_unique_adjusted_r2
21675,spatial_spd,unique_adjusted_r2,climate,0.005633095530619858,Latin America,Tropical,-76.5333,3.0833,TRO,climate_unique_adjusted_r2
26499,spatial_spd,unique_adjusted_r2,climate,-0.08641662655427851,Europe,Polar,11.01283,46.84566,POL,climate_unique_adjusted_r2
24840,spatial_spd,unique_adjusted_r2,climate,-0.029320335192208113,Europe,Temperate,-1.59583,47.27222,TMP,climate_unique_adjusted_r2
2395,spatial_spd,unique_adjusted_r2,climate,-0.10260681511596004,Latin America,Tropical,-90.13333,20.86667,TRO,climate_unique_adjusted_r2
45347,spatial_spd,unique_adjusted_r2,climate,0.09655650625216905,Europe,Polar,9.83333,62.26667,POL,climate_unique_adjusted_r2
15922,spatial_spd,unique_adjusted_r2,climate,0.18844356320897193,North America,Cold - Warm Summer,-89.2827,46.2334,CWS,climate_unique_adjusted_r2
1010,spatial_spd,unique_adjusted_r2,climate,-0.12144135369279496,North America,Cold - Cold Summer,-53.13333,47.32222,CCS,climate_unique_adjusted_r2
4542,spatial_spd,unique_adjusted_r2,climate,0.4205421998028519,Europe,Cold - Cold Summer,32.63333,65.11667,CCS,climate_unique_adjusted_r2
14944,spatial_spd,unique_adjusted_r2,climate,0.02140708472887709,North America,Cold - Dry Summer,-112.23885,36.63046,CDS,climate_unique_adjusted_r2
17402,spatial_spd,unique_adjusted_r2,climate,0.04773252055568866,North America,Cold - Cold Summer,-159.77674,60.21151,CCS,climate_unique_adjusted_r2
234,spatial_spd,unique_adjusted_r2,climate,0.2280330626885294,North America,Cold - Dry Summer,-119.00833,37.59583,CDS,climate_unique_adjusted_r2
16081,spatial_spd,unique_adjusted_r2,climate,0.08205415505500313,North America,Cold - Warm Summer,-62.61486,45.66757,CWS,climate_unique_adjusted_r2
41421,spatial_spd,unique_adjusted_r2,climate,0.40520738929069255,Europe,Temperate,0.67528,50.90583,TMP,climate_unique_adjusted_r2
1451,spatial_spd,unique_adjusted_r2,climate,-0.04249061222211237,North America,Cold - Warm Summer,-71.56694,48.36583,CWS,climate_unique_adjusted_r2
785,spatial_spd,unique_adjusted_r2,climate,0.03073617993674449,North America,Cold - Warm Summer,-80.25,44.37,CWS,climate_unique_adjusted_r2
2311,spatial_spd,unique_adjusted_r2,climate,0.3107829556510455,North America,Cold - Cold Summer,-154.23333,67.06667,CCS,climate_unique_adjusted_r2
3900,spatial_spd,unique_adjusted_r2,climate,-0.15748625274473105,Europe,Temperate,-1.85806,47.18611,TMP,climate_unique_adjusted_r2
2053,spatial_spd,unique_adjusted_r2,climate,0.18145139975384617,North America,Cold - Warm Summer,-95.28417,46.21194,CWS,climate_unique_adjusted_r2
1149,spatial_spd,unique_adjusted_r2,climate,0.17356869034892164,North America,Cold - Warm Summer,-77.05,44.48333,CWS,climate_unique_adjusted_r2
46998,spatial_spd,unique_adjusted_r2,climate,0.026827029618023412,Latin America,Temperate,-79.11214,-4.25547,TMP,climate_unique_adjusted_r2
46490,spatial_spd,unique_adjusted_r2,climate,0.25689920548769996,Europe,Cold - Warm Summer,29.97722,59.01111,CWS,climate_unique_adjusted_r2
210,spatial_spd,unique_adjusted_r2,climate,0.09008366983993943,North America,Arid,-105.45,43.5,ARD,climate_unique_adjusted_r2
4136,spatial_spd,unique_adjusted_r2,climate,0.12179990803993446,Europe,Cold - Cold Summer,28.99524,66.12667,CCS,climate_unique_adjusted_r2
45192,spatial_spd,unique_adjusted_r2,climate,0.19531728341869448,Europe,Temperate - Dry Summer,-6.07028,42.12611,TDS,climate_unique_adjusted_r2
15232,spatial_spd,unique_adjusted_r2,climate,0.10627237840530712,North America,Cold - Cold Summer,-118.15429,51.03992,CCS,climate_unique_adjusted_r2
41467,spatial_spd,unique_adjusted_r2,climate,0.11018928615914203,Europe,Temperate,8.94329,46.05152,TMP,climate_unique_adjusted_r2
3938,spatial_spd,unique_adjusted_r2,climate,-0.02725392193401799,Europe,Cold - Warm Summer,20.67577,52.54316,CWS,climate_unique_adjusted_r2
2619,spatial_spd,unique_adjusted_r2,climate,0.08476147227946174,North America,Temperate - Dry Summer,-119.81667,37.95,TDS,climate_unique_adjusted_r2
22988,spatial_spd,unique_adjusted_r2,climate,0.13744518095540925,Europe,Polar,8.01819,46.66807,POL,climate_unique_adjusted_r2
46803,spatial_spd,unique_adjusted_r2,climate,0.049770164387837434,North America,Cold - Cold Summer,-148.15282,60.68065,CCS,climate_unique_adjusted_r2
24195,spatial_spd,unique_adjusted_r2,climate,0.03548326839717475,Europe,Cold - Cold Summer,7.84417,46.28306,CCS,climate_unique_adjusted_r2
306,spatial_spd,unique_adjusted_r2,climate,0.1333072638935876,North America,Cold - Cold Summer,-69.45278,47.45778,CCS,climate_unique_adjusted_r2
847,spatial_spd,unique_adjusted_r2,climate,-0.04693991907680728,North America,Cold - Hot Summer,-83.63,42.33,CHS,climate_unique_adjusted_r2
45322,spatial_spd,unique_adjusted_r2,climate,0.17306741007057924,Europe,Temperate - Dry Summer,12.63333,37.61667,TDS,climate_unique_adjusted_r2
18108,spatial_spd,unique_adjusted_r2,climate,0.11334906690132218,North America,Cold - Cold Summer,-116.9055,49.49605,CCS,climate_unique_adjusted_r2
42745,spatial_spd,unique_adjusted_r2,climate,0.03920609570580946,North America,Cold - Cold Summer,-138.37522,61.0771,CCS,climate_unique_adjusted_r2
17689,spatial_spd,unique_adjusted_r2,climate,0.027019169781795194,North America,Cold - Warm Summer,-80.26015,43.26052,CWS,climate_unique_adjusted_r2
340,spatial_spd,unique_adjusted_r2,climate,0.02351739589697499,North America,Cold - Warm Summer,-68.77344,44.93672,CWS,climate_unique_adjusted_r2
40634,spatial_spd,unique_adjusted_r2,climate,0.09036422550963097,Europe,Cold - Cold Summer,7.40306,46.42833,CCS,climate_unique_adjusted_r2
15970,spatial_spd,unique_adjusted_r2,climate,0.12326329903312483,North America,Cold - Cold Summer,-153.66508,62.55151,CCS,climate_unique_adjusted_r2
17391,spatial_spd,unique_adjusted_r2,climate,0.09761725246252195,North America,Cold - Cold Summer,-162.11413,63.4461,CCS,climate_unique_adjusted_r2
4539,spatial_spd,unique_adjusted_r2,climate,0.2650293930925842,Europe,Cold - Cold Summer,22.86667,62.13333,CCS,climate_unique_adjusted_r2
25285,spatial_spd,unique_adjusted_r2,climate,0.08472498115138416,Europe,Temperate,5.28333,45.79083,TMP,climate_unique_adjusted_r2
20293,spatial_spd,unique_adjusted_r2,climate,0.25333639291434307,Europe,Cold - Cold Summer,29.29295,70.6989,CCS,climate_unique_adjusted_r2
4251,spatial_spd,unique_adjusted_r2,climate,-0.033464125424671476,Europe,Temperate,-5.58229,57.62279,TMP,climate_unique_adjusted_r2
2580,spatial_spd,unique_adjusted_r2,climate,0.14585028359457408,North America,Cold - Cold Summer,-120.66667,57.45,CCS,climate_unique_adjusted_r2
22773,spatial_spd,unique_adjusted_r2,climate,0.08330239726659106,Europe,Cold - Cold Summer,9.38111,47.17139,CCS,climate_unique_adjusted_r2
784,spatial_spd,unique_adjusted_r2,climate,0.00510322162690191,Europe,Temperate,21.9525,40.81806,TMP,climate_unique_adjusted_r2
4472,spatial_spd,unique_adjusted_r2,climate,0.40288048174622737,Europe,Cold - Cold Summer,28.11667,61.21667,CCS,climate_unique_adjusted_r2
45383,spatial_spd,unique_adjusted_r2,climate,0.4150032018480112,Europe,Cold - Warm Summer,25.53861,59.48944,CWS,climate_unique_adjusted_r2
40564,spatial_spd,unique_adjusted_r2,climate,0.19332237973651467,Europe,Cold - Warm Summer,8.83094,47.61335,CWS,climate_unique_adjusted_r2
13051,spatial_spd,unique_adjusted_r2,climate,0.06118174341645355,North America,Cold - Warm Summer,-96.198,46.5929,CWS,climate_unique_adjusted_r2
15783,spatial_spd,unique_adjusted_r2,climate,0.17617315651423515,North America,Polar,-125.28,71.75,POL,climate_unique_adjusted_r2
4373,spatial_spd,unique_adjusted_r2,climate,-0.08038741866281773,Europe,Temperate,5.65528,45.34833,TMP,climate_unique_adjusted_r2
45722,spatial_spd,unique_adjusted_r2,climate,0.31847072403841203,Europe,Cold - Warm Summer,7.78231,58.32563,CWS,climate_unique_adjusted_r2
2270,spatial_spd,unique_adjusted_r2,climate,0.10536791013327362,North America,Cold - Hot Summer,-72.3027,41.3491,CHS,climate_unique_adjusted_r2
15201,spatial_spd,unique_adjusted_r2,climate,0.10100741094684496,North America,Cold - Cold Summer,-105.5577,39.2855,CCS,climate_unique_adjusted_r2
260,spatial_spd,unique_adjusted_r2,climate,0.007412671163104401,North America,Cold - Warm Summer,-73.31667,42.5,CWS,climate_unique_adjusted_r2
21539,spatial_spd,unique_adjusted_r2,climate,0.20518886436186856,Latin America,Tropical,-76.43842,-0.68774,TRO,climate_unique_adjusted_r2
15829,spatial_spd,unique_adjusted_r2,climate,0.30493857637006105,North America,Polar,-64.26654,63.39458,POL,climate_unique_adjusted_r2
14799,spatial_spd,unique_adjusted_r2,climate,0.3189153533249539,North America,Cold - Dry Summer,-119.66075,37.84969,CDS,climate_unique_adjusted_r2
4056,spatial_spd,unique_adjusted_r2,climate,0.2401096292585707,Europe,Temperate,-0.19167,48.44444,TMP,climate_unique_adjusted_r2
2617,spatial_spd,unique_adjusted_r2,climate,-0.08078935973730172,North America,Cold - Hot Summer,-74.03778,41.39139,CHS,climate_unique_adjusted_r2
42671,spatial_spd,unique_adjusted_r2,climate,0.018002598915760615,Europe,Cold - Warm Summer,8.2395,48.56961,CWS,climate_unique_adjusted_r2
4058,spatial_spd,unique_adjusted_r2,climate,0.011550120979195055,Europe,Cold - Cold Summer,13.9,47.11667,CCS,climate_unique_adjusted_r2
20613,spatial_spd,unique_adjusted_r2,climate,-0.04098095623359865,North America,Cold - Warm Summer,-112.08801,42.13082,CWS,climate_unique_adjusted_r2
15738,spatial_spd,unique_adjusted_r2,climate,0.30730902252576386,North America,Cold - Cold Summer,-109.90907,49.66388,CCS,climate_unique_adjusted_r2
2287,spatial_spd,unique_adjusted_r2,climate,0.17011714363646058,North America,Cold - Warm Summer,-79.44,44.18,CWS,climate_unique_adjusted_r2
22842,spatial_spd,unique_adjusted_r2,climate,0.09370621003988522,Europe,Cold - Cold Summer,7.19861,46.35972,CCS,climate_unique_adjusted_r2
15288,spatial_spd,unique_adjusted_r2,climate,0.010533687893406474,North America,Temperate,-127.69941,50.18234,TMP,climate_unique_adjusted_r2
21762,spatial_spd,unique_adjusted_r2,climate,0.032729579292148814,Latin America,Polar,-72.80159,6.16936,POL,climate_unique_adjusted_r2
1148,spatial_spd,unique_adjusted_r2,climate,0.24987554846722715,North America,Temperate - Dry Summer,-122.575,44.63333,TDS,climate_unique_adjusted_r2
48721,spatial_spd,unique_adjusted_r2,climate,0.2623721056526984,North America,Cold - Dry Summer,-114.10713,64.0537,CDS,climate_unique_adjusted_r2
24467,spatial_spd,unique_adjusted_r2,climate,0.17702664551151515,Europe,Temperate,3.13333,49.18333,TMP,climate_unique_adjusted_r2
1450,spatial_spd,unique_adjusted_r2,climate,-0.013693253930950111,North America,Cold - Warm Summer,-52.71389,47.59028,CWS,climate_unique_adjusted_r2
23004,spatial_spd,unique_adjusted_r2,climate,0.09600331011102059,Europe,Cold - Warm Summer,28.01373,51.19139,CWS,climate_unique_adjusted_r2
2292,spatial_spd,unique_adjusted_r2,climate,0.08918207483868767,North America,Cold - Warm Summer,-69.41028,43.92139,CWS,climate_unique_adjusted_r2
2391,spatial_spd,unique_adjusted_r2,climate,0.16794840825315027,North America,Cold - Warm Summer,-70.35,43.96667,CWS,climate_unique_adjusted_r2
1024,spatial_spd,unique_adjusted_r2,climate,0.19976949349082096,North America,Polar,-155.05,67.93333,POL,climate_unique_adjusted_r2
1642,spatial_spd,unique_adjusted_r2,climate,0.004090095506320335,North America,Temperate - Dry Summer,-123.58764,44.16387,TDS,climate_unique_adjusted_r2
15785,spatial_spd,unique_adjusted_r2,climate,0.24761625012495259,North America,Polar,-121.1,72.009,POL,climate_unique_adjusted_r2
1735,spatial_spd,unique_adjusted_r2,climate,-0.1276772504127165,North America,Cold - Hot Summer,-89.41667,43.1,CHS,climate_unique_adjusted_r2
22711,spatial_spd,unique_adjusted_r2,climate,0.08446402086434734,Europe,Temperate,-5.34361,57.55889,TMP,climate_unique_adjusted_r2
24348,spatial_spd,unique_adjusted_r2,climate,0.06080889910650267,Europe,Cold - Cold Summer,2.00833,42.55417,CCS,climate_unique_adjusted_r2
40992,spatial_spd,unique_adjusted_r2,climate,0.09681290310397206,North America,Cold - Warm Summer,-71.1813,43.29,CWS,climate_unique_adjusted_r2
1786,spatial_spd,unique_adjusted_r2,climate,-0.011661737931980554,North America,Cold - Warm Summer,-93.39207,47.97876,CWS,climate_unique_adjusted_r2
878,spatial_spd,unique_adjusted_r2,climate,-0.1662296735065516,North America,Cold - Warm Summer,-99.2976,49.4427,CWS,climate_unique_adjusted_r2
44951,spatial_spd,unique_adjusted_r2,climate,0.14857259331412043,Europe,Cold - Warm Summer,20.42349,48.33691,CWS,climate_unique_adjusted_r2
328,spatial_spd,unique_adjusted_r2,climate,0.058589593432403664,North America,Temperate,-86.53333,33.5,TMP,climate_unique_adjusted_r2
40997,spatial_spd,unique_adjusted_r2,climate,0.15648471372535933,Asia,Cold - Dry Winter,108.91361,53.95472,CDW,climate_unique_adjusted_r2
42692,spatial_spd,unique_adjusted_r2,climate,-0.050399471079735414,Europe,Cold - Warm Summer,8.29455,48.66747,CWS,climate_unique_adjusted_r2
1968,spatial_spd,unique_adjusted_r2,climate,0.007649465338523509,North America,Cold - Warm Summer,-64.075,46.67361,CWS,climate_unique_adjusted_r2
309,spatial_spd,unique_adjusted_r2,climate,0.09912471861701733,North America,Cold - Warm Summer,-74.68333,43.91667,CWS,climate_unique_adjusted_r2
34553,spatial_spd,unique_adjusted_r2,climate,0.09278967146388806,Oceania,Temperate,145.95589,-41.66993,TMP,climate_unique_adjusted_r2
46730,spatial_spd,unique_adjusted_r2,climate,-0.05211337874459454,North America,Cold - Cold Summer,-109.57577,44.96379,CCS,climate_unique_adjusted_r2
232,spatial_spd,unique_adjusted_r2,climate,0.1385220528832528,North America,Temperate,-83.25389,30.62222,TMP,climate_unique_adjusted_r2
1719,spatial_spd,unique_adjusted_r2,climate,0.21330054735881343,North America,Cold - Warm Summer,-80.09,45.05,CWS,climate_unique_adjusted_r2
41027,spatial_spd,unique_adjusted_r2,climate,0.04449396347850776,North America,Cold - Warm Summer,-73.2597,41.852,CWS,climate_unique_adjusted_r2
45728,spatial_spd,unique_adjusted_r2,climate,-0.21651905320248976,Europe,Cold - Warm Summer,7.91361,58.14445,CWS,climate_unique_adjusted_r2
29236,spatial_spd,unique_adjusted_r2,climate,-0.007860444641342945,Europe,Cold - Warm Summer,6.17361,46.56667,CWS,climate_unique_adjusted_r2
1841,spatial_spd,unique_adjusted_r2,climate,-0.005447213092311776,North America,Cold - Warm Summer,-68.94389,47.53278,CWS,climate_unique_adjusted_r2
21807,spatial_spd,unique_adjusted_r2,climate,0.06104788562918961,Latin America,Tropical,-89.99202,16.91211,TRO,climate_unique_adjusted_r2
41631,spatial_spd,unique_adjusted_r2,climate,0.020933734621166544,Europe,Cold - Warm Summer,10.67378,44.1199,CWS,climate_unique_adjusted_r2
24061,spatial_spd,unique_adjusted_r2,climate,-0.007392309715597567,Europe,Cold - Cold Summer,11.45833,46.66611,CCS,climate_unique_adjusted_r2
15667,spatial_spd,unique_adjusted_r2,climate,0.13509423640248353,North America,Cold - Cold Summer,-119.6835,49.1188,CCS,climate_unique_adjusted_r2
859,spatial_spd,unique_adjusted_r2,climate,0.1972778259131297,North America,Cold - Cold Summer,-110.73333,44.91667,CCS,climate_unique_adjusted_r2
15462,spatial_spd,unique_adjusted_r2,climate,0.23225189809919689,North America,Cold - Cold Summer,-57.37679,50.71361,CCS,climate_unique_adjusted_r2
14274,spatial_spd,unique_adjusted_r2,climate,0.2271509846182238,Europe,Temperate,-9.56165,53.76021,TMP,climate_unique_adjusted_r2
203,spatial_spd,unique_adjusted_r2,climate,0.06244732964369604,North America,Temperate,-85.50396,36.02755,TMP,climate_unique_adjusted_r2
17320,spatial_spd,unique_adjusted_r2,climate,0.1480985368083304,North America,Cold - Cold Summer,-156.00243,58.75139,CCS,climate_unique_adjusted_r2
308,spatial_spd,unique_adjusted_r2,climate,0.1015590684160268,North America,Cold - Warm Summer,-70.675,45.56667,CWS,climate_unique_adjusted_r2
2385,spatial_spd,unique_adjusted_r2,climate,-0.14371126019108682,North America,Cold - Hot Summer,-83.81531,40.35123,CHS,climate_unique_adjusted_r2
26608,spatial_spd,unique_adjusted_r2,climate,0.15594326489116062,Europe,Temperate - Dry Summer,15.60075,40.92751,TDS,climate_unique_adjusted_r2
20188,spatial_spd,unique_adjusted_r2,climate,0.08918966546963303,North America,Polar,-170.24989,57.1773,POL,climate_unique_adjusted_r2
3879,spatial_spd,unique_adjusted_r2,climate,0.22444824910866257,Europe,Temperate,-3.90841,57.31333,TMP,climate_unique_adjusted_r2
15925,spatial_spd,unique_adjusted_r2,climate,0.04775708222553199,North America,Cold - Warm Summer,-89.257,46.13937,CWS,climate_unique_adjusted_r2
15919,spatial_spd,unique_adjusted_r2,climate,0.2061095268834935,North America,Cold - Warm Summer,-89.29748,46.2435,CWS,climate_unique_adjusted_r2
1432,spatial_spd,unique_adjusted_r2,climate,0.19657033507248733,North America,Cold - Dry Summer,-161.41667,68.15,CDS,climate_unique_adjusted_r2
48895,spatial_spd,unique_adjusted_r2,climate,0.028672219088833772,North America,Cold - Warm Summer,-88.00947,47.41767,CWS,climate_unique_adjusted_r2
2373,spatial_spd,unique_adjusted_r2,climate,0.03962388541607731,North America,Cold - Warm Summer,-72.14694,48.29389,CWS,climate_unique_adjusted_r2
518,spatial_spd,unique_adjusted_r2,climate,0.025750135003130614,North America,Cold - Warm Summer,-80.28333,38.2,CWS,climate_unique_adjusted_r2
1445,spatial_spd,unique_adjusted_r2,climate,-0.05859659937768502,North America,Cold - Cold Summer,-127.61667,64.16667,CCS,climate_unique_adjusted_r2
1835,spatial_spd,unique_adjusted_r2,climate,0.3454051209180099,North America,Polar,-116.3125,51.34306,POL,climate_unique_adjusted_r2
15325,spatial_spd,unique_adjusted_r2,climate,0.0875279323482816,North America,Cold - Warm Summer,-72.1862,42.536,CWS,climate_unique_adjusted_r2
1823,spatial_spd,unique_adjusted_r2,climate,0.06783791122686544,North America,Polar,-116.35,51.35972,POL,climate_unique_adjusted_r2
966,spatial_spd,unique_adjusted_r2,climate,-0.023399609353256245,North America,Cold - Dry Summer,-122.04167,43.65,CDS,climate_unique_adjusted_r2
4378,spatial_spd,unique_adjusted_r2,climate,-0.13201406361244228,Europe,Cold - Warm Summer,14.08165,49.24798,CWS,climate_unique_adjusted_r2
40567,spatial_spd,unique_adjusted_r2,climate,0.00627624913026914,Europe,Cold - Warm Summer,8.83094,47.61335,CWS,climate_unique_adjusted_r2
532,spatial_spd,unique_adjusted_r2,climate,0.02070464296080865,North America,Cold - Warm Summer,-84.95833,44.7,CWS,climate_unique_adjusted_r2
44941,spatial_spd,unique_adjusted_r2,climate,-0.10092793109123033,Europe,Cold - Cold Summer,16.37673,68.6586,CCS,climate_unique_adjusted_r2
48738,spatial_spd,unique_adjusted_r2,climate,0.38490127989079337,Europe,Cold - Warm Summer,22.09672,58.32503,CWS,climate_unique_adjusted_r2
15713,spatial_spd,unique_adjusted_r2,climate,-0.115298705393722,North America,Cold - Cold Summer,-120.0974,49.191,CCS,climate_unique_adjusted_r2
22650,spatial_spd,unique_adjusted_r2,climate,-0.10516426574559223,Europe,Cold - Cold Summer,19.28333,49.51667,CCS,climate_unique_adjusted_r2
4497,spatial_spd,unique_adjusted_r2,climate,0.09876001698691161,Europe,Cold - Warm Summer,22.38803,58.4848,CWS,climate_unique_adjusted_r2
2634,spatial_spd,unique_adjusted_r2,climate,0.11905266946294457,North America,Arid,-112.39556,46.53111,ARD,climate_unique_adjusted_r2
21537,spatial_spd,unique_adjusted_r2,climate,-0.11749908268650566,Latin America,Tropical,-67.92396,-14.43169,TRO,climate_unique_adjusted_r2
2332,spatial_spd,unique_adjusted_r2,climate,0.1635451974546137,North America,Cold - Warm Summer,-72.97889,46.65417,CWS,climate_unique_adjusted_r2
1776,spatial_spd,unique_adjusted_r2,climate,0.193476267010666,North America,Temperate,-81.87499,29.29299,TMP,climate_unique_adjusted_r2
4092,spatial_spd,unique_adjusted_r2,climate,0.11067190400405602,Europe,Cold - Cold Summer,24.25122,60.62404,CCS,climate_unique_adjusted_r2
18110,spatial_spd,unique_adjusted_r2,climate,0.06280723406982691,North America,Cold - Warm Summer,-64.93446,43.86933,CWS,climate_unique_adjusted_r2
3839,spatial_spd,unique_adjusted_r2,climate,0.12037438799704003,North America,Cold - Warm Summer,-77.43333,45.03333,CWS,climate_unique_adjusted_r2
2048,spatial_spd,unique_adjusted_r2,climate,0.14505451431450067,North America,Cold - Warm Summer,-71.325,45.67083,CWS,climate_unique_adjusted_r2
302,spatial_spd,unique_adjusted_r2,climate,0.006625629924843612,North America,Cold - Cold Summer,-119.43333,55.575,CCS,climate_unique_adjusted_r2
15103,spatial_spd,unique_adjusted_r2,climate,-0.010888571748737585,Latin America,Temperate - Dry Summer,-71.51314,-41.5129,TDS,climate_unique_adjusted_r2
1391,spatial_spd,unique_adjusted_r2,climate,-0.018648335848786224,North America,Cold - Warm Summer,-58.24,48.24,CWS,climate_unique_adjusted_r2
208,spatial_spd,unique_adjusted_r2,climate,0.2871435696207324,North America,Polar,-153.9,67.13333,POL,climate_unique_adjusted_r2
24053,spatial_spd,unique_adjusted_r2,climate,0.050912057615375095,Europe,Cold - Cold Summer,11.48973,46.64372,CCS,climate_unique_adjusted_r2
1862,spatial_spd,unique_adjusted_r2,climate,0.15836404029046602,North America,Cold - Warm Summer,-88.74,48.56,CWS,climate_unique_adjusted_r2
15244,spatial_spd,unique_adjusted_r2,climate,0.09643511981186426,North America,Cold - Hot Summer,-86.85559,41.61117,CHS,climate_unique_adjusted_r2
2297,spatial_spd,unique_adjusted_r2,climate,0.07782031921169608,North America,Polar,-95.28333,73.13333,POL,climate_unique_adjusted_r2
1883,spatial_spd,unique_adjusted_r2,climate,0.22688068624422442,North America,Cold - Warm Summer,-92,49.48,CWS,climate_unique_adjusted_r2
3149,spatial_spd,unique_adjusted_r2,climate,0.05616811364197427,North America,Cold - Cold Summer,-123.64667,60.35667,CCS,climate_unique_adjusted_r2
701,spatial_spd,unique_adjusted_r2,climate,0.06427394014023524,North America,Cold - Cold Summer,-110.23333,43.93333,CCS,climate_unique_adjusted_r2
3840,spatial_spd,unique_adjusted_r2,climate,-0.06752030075062543,North America,Temperate,-80.77947,34.16459,TMP,climate_unique_adjusted_r2
20223,spatial_spd,unique_adjusted_r2,climate,-0.020507274181605695,Europe,Cold - Warm Summer,13.92972,50.12944,CWS,climate_unique_adjusted_r2
42649,spatial_spd,unique_adjusted_r2,climate,0.2515410915127583,Europe,Temperate,9.00032,47.68985,TMP,climate_unique_adjusted_r2
2324,spatial_spd,unique_adjusted_r2,climate,0.27240729191470636,North America,Cold - Cold Summer,-147.85,67.43333,CCS,climate_unique_adjusted_r2
1698,spatial_spd,unique_adjusted_r2,climate,-0.012099506631712886,North America,Cold - Warm Summer,-68.73333,45.04167,CWS,climate_unique_adjusted_r2
15081,spatial_spd,unique_adjusted_r2,climate,0.02244810268710573,North America,Temperate,-85.7263,37.43148,TMP,climate_unique_adjusted_r2
16217,spatial_spd,unique_adjusted_r2,climate,0.1547919183199814,Europe,Temperate,-6.77814,53.81603,TMP,climate_unique_adjusted_r2
41016,spatial_spd,unique_adjusted_r2,climate,-0.0017964289283435297,North America,Cold - Hot Summer,-73.451,41.304,CHS,climate_unique_adjusted_r2
21772,spatial_spd,unique_adjusted_r2,climate,0.04434602614443084,North America,Temperate,-127.26283,50.60705,TMP,climate_unique_adjusted_r2
41448,spatial_spd,unique_adjusted_r2,climate,-0.06240706842646426,Europe,Cold - Cold Summer,7.33143,46.39684,CCS,climate_unique_adjusted_r2
1571,spatial_spd,unique_adjusted_r2,climate,0.09081923261041502,North America,Cold - Warm Summer,-79.11667,47.2875,CWS,climate_unique_adjusted_r2
24861,spatial_spd,unique_adjusted_r2,climate,0.14980224097200356,Europe,Temperate,-0.86056,47.41361,TMP,climate_unique_adjusted_r2
21895,spatial_spd,unique_adjusted_r2,climate,0.019900469634046125,Latin America,Tropical,-77.1432,2.0024,TRO,climate_unique_adjusted_r2
22656,spatial_spd,unique_adjusted_r2,climate,-0.01571552104933982,Europe,Cold - Warm Summer,19.55637,49.44642,CWS,climate_unique_adjusted_r2
2661,spatial_spd,unique_adjusted_r2,climate,0.254282864269306,North America,Cold - Cold Summer,-133.45,69.05,CCS,climate_unique_adjusted_r2
47604,spatial_spd,unique_adjusted_r2,climate,0.048236534755485505,Europe,Polar,7.35751,46.15006,POL,climate_unique_adjusted_r2
1617,spatial_spd,unique_adjusted_r2,climate,0.19508132223615882,North America,Cold - Cold Summer,-135.51417,65.94222,CCS,climate_unique_adjusted_r2
48960,spatial_spd,unique_adjusted_r2,climate,0.044007161067922906,Europe,Temperate,2.64556,45.33944,TMP,climate_unique_adjusted_r2
22944,spatial_spd,unique_adjusted_r2,climate,-0.12234673343589098,Europe,Cold - Warm Summer,20.20581,53.75192,CWS,climate_unique_adjusted_r2
346,spatial_spd,unique_adjusted_r2,climate,0.006416092364796344,North America,Cold - Warm Summer,-72.99861,46.61389,CWS,climate_unique_adjusted_r2
15762,spatial_spd,unique_adjusted_r2,climate,-0.05964577937671989,North America,Cold - Dry Summer,-120.21177,41.97585,CDS,climate_unique_adjusted_r2
2629,spatial_spd,unique_adjusted_r2,climate,0.10873108095943462,North America,Cold - Warm Summer,-70.05833,41.275,CWS,climate_unique_adjusted_r2
17419,spatial_spd,unique_adjusted_r2,climate,-0.07788518092170071,North America,Cold - Cold Summer,-106.45186,37.02099,CCS,climate_unique_adjusted_r2
3043,spatial_spd,unique_adjusted_r2,climate,0.16049005271901728,Oceania,Temperate,147.30056,-42.54361,TMP,climate_unique_adjusted_r2
45391,spatial_spd,unique_adjusted_r2,climate,0.323710188844335,Europe,Cold - Warm Summer,27.05833,57.80833,CWS,climate_unique_adjusted_r2
40951,spatial_spd,unique_adjusted_r2,climate,-0.07418618568861657,Europe,Cold - Warm Summer,8.198,47.80425,CWS,climate_unique_adjusted_r2
22966,spatial_spd,unique_adjusted_r2,climate,0.16310679487929092,Europe,Cold - Warm Summer,7.735,46.82194,CWS,climate_unique_adjusted_r2
3035,spatial_spd,unique_adjusted_r2,climate,0.06484062985874661,North America,Cold - Warm Summer,-90.08333,45.33333,CWS,climate_unique_adjusted_r2
47110,spatial_spd,unique_adjusted_r2,climate,-0.05036558908845823,Oceania,Temperate,145.95589,-41.66993,TMP,climate_unique_adjusted_r2
1154,spatial_spd,unique_adjusted_r2,climate,0.23388664244091817,Latin America,Temperate - Dry Winter,-45.53333,-22.78333,TDW,climate_unique_adjusted_r2
47555,spatial_spd,unique_adjusted_r2,climate,-0.03728195376110177,North America,Temperate,-91.09082,36.79864,TMP,climate_unique_adjusted_r2
527,spatial_spd,unique_adjusted_r2,climate,-0.014339294765667865,North America,Cold - Dry Summer,-146.48333,68.33333,CDS,climate_unique_adjusted_r2
46280,spatial_spd,unique_adjusted_r2,climate,-0.10223500119170026,Europe,Cold - Warm Summer,7.48381,47.02139,CWS,climate_unique_adjusted_r2
21913,spatial_spd,unique_adjusted_r2,climate,0.33507164741524087,Latin America,Tropical,-76.78055,2.43268,TRO,climate_unique_adjusted_r2
971,spatial_spd,unique_adjusted_r2,climate,-0.03175773698252171,North America,Cold - Warm Summer,-69.31667,44.98333,CWS,climate_unique_adjusted_r2
1440,spatial_spd,unique_adjusted_r2,climate,0.028927100428323915,Europe,Arid,32.61667,46.51667,ARD,climate_unique_adjusted_r2
45319,spatial_spd,unique_adjusted_r2,climate,0.09608650166204413,Europe,Arid,32.61667,46.51667,ARD,climate_unique_adjusted_r2
45320,spatial_spd,unique_adjusted_r2,climate,0.051118458237428,Europe,Arid,32.61667,46.51667,ARD,climate_unique_adjusted_r2
48816,spatial_spd,unique_adjusted_r2,climate,0.026192479591745088,North America,Cold - Warm Summer,-86.79965,46.33032,CWS,climate_unique_adjusted_r2
42683,spatial_spd,unique_adjusted_r2,climate,-0.0184237378669736,Europe,Cold - Warm Summer,8.45764,48.71718,CWS,climate_unique_adjusted_r2
21818,spatial_spd,unique_adjusted_r2,climate,-0.013210894236588722,Latin America,Polar,-74.3011,3.95173,POL,climate_unique_adjusted_r2
15276,spatial_spd,unique_adjusted_r2,climate,0.11273564554166027,North America,Temperate,-127.75256,50.16625,TMP,climate_unique_adjusted_r2
2626,spatial_spd,unique_adjusted_r2,climate,0.09256683367537288,North America,Cold - Warm Summer,-75.27217,41.03345,CWS,climate_unique_adjusted_r2
2591,spatial_spd,unique_adjusted_r2,climate,0.1366173106481301,North America,Cold - Warm Summer,-76.35,41.67389,CWS,climate_unique_adjusted_r2
4239,spatial_spd,unique_adjusted_r2,climate,0.09279020660328996,Europe,Cold - Cold Summer,29.61124,65.61709,CCS,climate_unique_adjusted_r2
2367,spatial_spd,unique_adjusted_r2,climate,0.21419013940768883,North America,Cold - Cold Summer,-67.13194,50.14028,CCS,climate_unique_adjusted_r2
45343,spatial_spd,unique_adjusted_r2,climate,-0.1039541998432627,Europe,Cold - Cold Summer,8.87778,63.35139,CCS,climate_unique_adjusted_r2
26319,spatial_spd,unique_adjusted_r2,climate,0.13534514381914442,Europe,Cold - Cold Summer,11.00155,47.21091,CCS,climate_unique_adjusted_r2
684,spatial_spd,unique_adjusted_r2,climate,0.10630501590602148,North America,Cold - Hot Summer,-89.7385,43.4083,CHS,climate_unique_adjusted_r2
19909,spatial_spd,unique_adjusted_r2,climate,0.134019520237335,Europe,Cold - Cold Summer,16.40472,61.82125,CCS,climate_unique_adjusted_r2
45329,spatial_spd,unique_adjusted_r2,climate,0.18932057882897424,Europe,Cold - Warm Summer,11.61778,59.05972,CWS,climate_unique_adjusted_r2
26505,spatial_spd,unique_adjusted_r2,climate,-0.01600622288819642,Europe,Cold - Warm Summer,12.04055,47.50844,CWS,climate_unique_adjusted_r2
1523,spatial_spd,unique_adjusted_r2,climate,0.08862682701959124,North America,Temperate,-121.61667,48.23333,TMP,climate_unique_adjusted_r2
1590,spatial_spd,unique_adjusted_r2,climate,0.3038536608682806,North America,Cold - Cold Summer,-74.58333,49.68333,CCS,climate_unique_adjusted_r2
24110,spatial_spd,unique_adjusted_r2,climate,0.10478611383865355,Europe,Cold - Warm Summer,16.05602,58.02114,CWS,climate_unique_adjusted_r2
43513,spatial_spd,unique_adjusted_r2,climate,0.10993156522730374,Europe,Cold - Cold Summer,9.80624,46.46994,CCS,climate_unique_adjusted_r2
813,spatial_spd,unique_adjusted_r2,climate,0.08755171421596819,North America,Cold - Hot Summer,-81.33901,41.19133,CHS,climate_unique_adjusted_r2
16016,spatial_spd,unique_adjusted_r2,climate,-0.12047647250989235,North America,Arid,-120.2745,40.5619,ARD,climate_unique_adjusted_r2
298,spatial_spd,unique_adjusted_r2,climate,-0.0557619235019694,North America,Cold - Warm Summer,-95.16335,47.177,CWS,climate_unique_adjusted_r2
782,spatial_spd,unique_adjusted_r2,climate,0.06254758909109015,North America,Cold - Warm Summer,-62.15,46.40833,CWS,climate_unique_adjusted_r2
15831,spatial_spd,unique_adjusted_r2,climate,0.14645977505441754,North America,Temperate,-83.107,32.555,TMP,climate_unique_adjusted_r2
48624,spatial_spd,unique_adjusted_r2,climate,-0.06382183642086536,Latin America,Temperate - Dry Summer,-71.5233,-44.2797,TDS,climate_unique_adjusted_r2
1770,spatial_spd,unique_adjusted_r2,climate,0.14247788838644204,North America,Cold - Cold Summer,-94.25,51.38333,CCS,climate_unique_adjusted_r2
4517,spatial_spd,unique_adjusted_r2,climate,0.23951047078975174,Europe,Cold - Warm Summer,16.21208,50.60387,CWS,climate_unique_adjusted_r2
4398,spatial_spd,unique_adjusted_r2,climate,0.029898209816822452,Europe,Cold - Warm Summer,17.35631,52.54984,CWS,climate_unique_adjusted_r2
22849,spatial_spd,unique_adjusted_r2,climate,-0.058583134482573906,Europe,Cold - Warm Summer,14.60637,53.96802,CWS,climate_unique_adjusted_r2
24356,spatial_spd,unique_adjusted_r2,climate,0.35580004461424897,Europe,Temperate,21.32222,40.55194,TMP,climate_unique_adjusted_r2
1701,spatial_spd,unique_adjusted_r2,climate,-0.08135426414444169,North America,Cold - Warm Summer,-80.65972,43.225,CWS,climate_unique_adjusted_r2
1707,spatial_spd,unique_adjusted_r2,climate,0.059759588767250515,North America,Cold - Cold Summer,-110.23333,44.15,CCS,climate_unique_adjusted_r2
23006,spatial_spd,unique_adjusted_r2,climate,0.20563208186181148,Europe,Cold - Warm Summer,28,51.16061,CWS,climate_unique_adjusted_r2
4154,spatial_spd,unique_adjusted_r2,climate,-0.039848375126311786,Europe,Cold - Warm Summer,17.28472,54.70694,CWS,climate_unique_adjusted_r2
1761,spatial_spd,unique_adjusted_r2,climate,0.07264157435970175,North America,Cold - Cold Summer,-107.68516,37.74574,CCS,climate_unique_adjusted_r2
40582,spatial_spd,unique_adjusted_r2,climate,0.21620445241522002,Europe,Polar,8.02556,46.38972,POL,climate_unique_adjusted_r2
15130,spatial_spd,unique_adjusted_r2,climate,0.13706626153204815,Latin America,Temperate,-71.56608,-43.44371,TMP,climate_unique_adjusted_r2
4041,spatial_spd,unique_adjusted_r2,climate,0.003994096245746204,Europe,Cold - Cold Summer,6.16444,59.69702,CCS,climate_unique_adjusted_r2
22812,spatial_spd,unique_adjusted_r2,climate,0.35292846527360877,Europe,Cold - Warm Summer,25.89735,46.12662,CWS,climate_unique_adjusted_r2
363,spatial_spd,unique_adjusted_r2,climate,0.031152228385482483,Europe,Cold - Warm Summer,26.43333,53.41667,CWS,climate_unique_adjusted_r2
1646,spatial_spd,unique_adjusted_r2,climate,0.38753089519943074,Latin America,Polar,-75.21667,-11.78333,POL,climate_unique_adjusted_r2
1679,spatial_spd,unique_adjusted_r2,climate,0.40900314805363125,Latin America,Polar,-75,-11.66667,POL,climate_unique_adjusted_r2
1829,spatial_spd,unique_adjusted_r2,climate,0.07094779286011954,North America,Cold - Warm Summer,-89.32389,48.42222,CWS,climate_unique_adjusted_r2
3558,spatial_spd,unique_adjusted_r2,climate,0.2022608516133526,North America,Cold - Hot Summer,-93.63376,45.03387,CHS,climate_unique_adjusted_r2
14948,spatial_spd,unique_adjusted_r2,climate,0.1584403398033759,North America,Polar,-61.65087,66.62137,POL,climate_unique_adjusted_r2
41399,spatial_spd,unique_adjusted_r2,climate,0.14383029523835367,Europe,Cold - Warm Summer,10.30419,51.67243,CWS,climate_unique_adjusted_r2
1670,spatial_spd,unique_adjusted_r2,climate,0.02081109659319824,North America,Temperate,-131.76501,52.94582,TMP,climate_unique_adjusted_r2
1393,spatial_spd,unique_adjusted_r2,climate,0.09008950637240531,North America,Cold - Cold Summer,-71.16278,47.25778,CCS,climate_unique_adjusted_r2
42570,spatial_spd,unique_adjusted_r2,climate,0.0760876810751887,Europe,Cold - Warm Summer,8.63721,48.72783,CWS,climate_unique_adjusted_r2
46611,spatial_spd,unique_adjusted_r2,climate,0.11255550629620747,North America,Cold - Cold Summer,-106.33846,41.43222,CCS,climate_unique_adjusted_r2
1763,spatial_spd,unique_adjusted_r2,climate,0.024292474383931895,North America,Cold - Warm Summer,-69.3,43.76667,CWS,climate_unique_adjusted_r2
19901,spatial_spd,unique_adjusted_r2,climate,0.06312773061128929,Europe,Cold - Warm Summer,14.44777,52.13391,CWS,climate_unique_adjusted_r2
1980,spatial_spd,unique_adjusted_r2,climate,0.21882050504190453,North America,Cold - Warm Summer,-78.46667,42.62222,CWS,climate_unique_adjusted_r2
20001,spatial_spd,unique_adjusted_r2,climate,0.024160339847823953,North America,Temperate - Dry Summer,-122.8844,47.93322,TDS,climate_unique_adjusted_r2
973,spatial_spd,unique_adjusted_r2,climate,0.21372443314087752,North America,Cold - Warm Summer,-77.35,45.18333,CWS,climate_unique_adjusted_r2
1658,spatial_spd,unique_adjusted_r2,climate,0.003880763779476104,North America,Cold - Warm Summer,-71.70111,44.14,CWS,climate_unique_adjusted_r2
22367,spatial_spd,unique_adjusted_r2,climate,0.023705983371439032,Europe,Polar,20.078,49.15199,POL,climate_unique_adjusted_r2
4545,spatial_spd,unique_adjusted_r2,climate,-0.006506450246454021,Europe,Cold - Warm Summer,14.34266,49.07111,CWS,climate_unique_adjusted_r2
15247,spatial_spd,unique_adjusted_r2,climate,-0.08388315389059398,Latin America,Temperate - Dry Winter,-73.33754,-13.62495,TDW,climate_unique_adjusted_r2
15356,spatial_spd,unique_adjusted_r2,climate,0.0015742896924689775,North America,Cold - Cold Summer,-105.722,35.832,CCS,climate_unique_adjusted_r2
14556,spatial_spd,unique_adjusted_r2,climate,0.037319497930117795,Europe,Temperate,-9.48283,52.03879,TMP,climate_unique_adjusted_r2
48777,spatial_spd,unique_adjusted_r2,climate,0.09080657618994814,Europe,Temperate,8.77929,53.65498,TMP,climate_unique_adjusted_r2
3054,spatial_spd,unique_adjusted_r2,climate,-0.06376491491787684,North America,Arid,-105.74761,37.70644,ARD,climate_unique_adjusted_r2
776,spatial_spd,unique_adjusted_r2,climate,0.0369533000101111,North America,Cold - Warm Summer,-71.66667,44.16667,CWS,climate_unique_adjusted_r2
1880,spatial_spd,unique_adjusted_r2,climate,0.2410160303426444,Latin America,Temperate,-74.41667,-49.13333,TMP,climate_unique_adjusted_r2
4311,spatial_spd,unique_adjusted_r2,climate,0.0065171108020446455,Europe,Temperate,2.62278,45.45194,TMP,climate_unique_adjusted_r2
48976,spatial_spd,unique_adjusted_r2,climate,0.04470085278099234,Europe,Temperate,2.62278,45.45194,TMP,climate_unique_adjusted_r2
3482,spatial_spd,unique_adjusted_r2,climate,0.3087996398770889,North America,Cold - Warm Summer,-91.11546,48.13873,CWS,climate_unique_adjusted_r2
15185,spatial_spd,unique_adjusted_r2,climate,0.062405432359820434,North America,Cold - Cold Summer,-154.24697,67.06911,CCS,climate_unique_adjusted_r2
21580,spatial_spd,unique_adjusted_r2,climate,0.05679853038089544,Latin America,Tropical,-67.88893,-14.50063,TRO,climate_unique_adjusted_r2
42681,spatial_spd,unique_adjusted_r2,climate,0.0827805288691944,Europe,Cold - Warm Summer,8.34727,48.57351,CWS,climate_unique_adjusted_r2
24319,spatial_spd,unique_adjusted_r2,climate,0.1327900982302902,Europe,Cold - Cold Summer,7.845,46.19556,CCS,climate_unique_adjusted_r2
15734,spatial_spd,unique_adjusted_r2,climate,-0.059829676517833885,North America,Cold - Dry Summer,-120.66752,39.69878,CDS,climate_unique_adjusted_r2
691,spatial_spd,unique_adjusted_r2,climate,0.17233221518995778,North America,Cold - Cold Summer,-66.125,48.91083,CCS,climate_unique_adjusted_r2
860,spatial_spd,unique_adjusted_r2,climate,0.03152640177522392,North America,Cold - Warm Summer,-87.73333,44.05,CWS,climate_unique_adjusted_r2
22745,spatial_spd,unique_adjusted_r2,climate,0.13447870032123854,Europe,Cold - Cold Summer,-3.8,57.08333,CCS,climate_unique_adjusted_r2
24321,spatial_spd,unique_adjusted_r2,climate,0.3198809214337117,Europe,Cold - Warm Summer,7.99167,46.34111,CWS,climate_unique_adjusted_r2
1604,spatial_spd,unique_adjusted_r2,climate,0.10069197679680808,North America,Polar,-98.53889,73.59139,POL,climate_unique_adjusted_r2
45349,spatial_spd,unique_adjusted_r2,climate,0.10696816005659104,Europe,Cold - Cold Summer,9.87667,61.64917,CCS,climate_unique_adjusted_r2
294,spatial_spd,unique_adjusted_r2,climate,0.20441596118790162,Latin America,Temperate,-49.15,-27.7,TMP,climate_unique_adjusted_r2
21917,spatial_spd,unique_adjusted_r2,climate,-0.039296783228009,Latin America,Polar,-74.16112,3.97973,POL,climate_unique_adjusted_r2
24042,spatial_spd,unique_adjusted_r2,climate,-0.07312256796416361,Europe,Cold - Warm Summer,12.54137,49.60793,CWS,climate_unique_adjusted_r2
48984,spatial_spd,unique_adjusted_r2,climate,0.04933348221786571,Europe,Cold - Warm Summer,6.59417,44.91889,CWS,climate_unique_adjusted_r2
672,spatial_spd,unique_adjusted_r2,climate,0.058499921984071945,North America,Cold - Warm Summer,-80.36667,43.23333,CWS,climate_unique_adjusted_r2
15732,spatial_spd,unique_adjusted_r2,climate,0.16502443361221897,North America,Cold - Warm Summer,-75.88531,44.33091,CWS,climate_unique_adjusted_r2
45713,spatial_spd,unique_adjusted_r2,climate,0.20870421421781649,Europe,Cold - Cold Summer,7.2514,59.79573,CCS,climate_unique_adjusted_r2
1390,spatial_spd,unique_adjusted_r2,climate,0.1495426796493471,North America,Cold - Cold Summer,-157.21667,66.76667,CCS,climate_unique_adjusted_r2
2671,spatial_spd,unique_adjusted_r2,climate,-0.056202082947644505,North America,Cold - Cold Summer,-65.76278,49.15778,CCS,climate_unique_adjusted_r2
16075,spatial_spd,unique_adjusted_r2,climate,0.05114409065529257,North America,Cold - Dry Summer,-122.1965,41.6343,CDS,climate_unique_adjusted_r2
4367,spatial_spd,unique_adjusted_r2,climate,0.15949285583827666,Europe,Cold - Warm Summer,-3.01667,42.03333,CWS,climate_unique_adjusted_r2
19820,spatial_spd,unique_adjusted_r2,climate,0.03246360871870402,North America,Temperate - Dry Summer,-122.90448,48.60335,TDS,climate_unique_adjusted_r2
22894,spatial_spd,unique_adjusted_r2,climate,0.23714433042879512,Europe,Cold - Cold Summer,23.53957,47.80747,CCS,climate_unique_adjusted_r2
2645,spatial_spd,unique_adjusted_r2,climate,0.06354648207538716,North America,Cold - Hot Summer,-71.03333,41.95,CHS,climate_unique_adjusted_r2
22890,spatial_spd,unique_adjusted_r2,climate,0.1166924804736098,Europe,Cold - Warm Summer,7.68611,46.85083,CWS,climate_unique_adjusted_r2
253,spatial_spd,unique_adjusted_r2,climate,0.16537482342736798,North America,Cold - Cold Summer,-127.48333,65.01667,CCS,climate_unique_adjusted_r2
2647,spatial_spd,unique_adjusted_r2,climate,-0.03323203244800277,North America,Cold - Cold Summer,-114.60076,50.81468,CCS,climate_unique_adjusted_r2
13097,spatial_spd,unique_adjusted_r2,climate,-0.039791587924944416,North America,Cold - Warm Summer,-89.32331,46.21253,CWS,climate_unique_adjusted_r2
15789,spatial_spd,unique_adjusted_r2,climate,0.05815530356298082,North America,Polar,-120.453,73.4658,POL,climate_unique_adjusted_r2
221,spatial_spd,unique_adjusted_r2,climate,-0.15272781125868118,North America,Cold - Warm Summer,-79.51,45.38,CWS,climate_unique_adjusted_r2
15132,spatial_spd,unique_adjusted_r2,climate,-0.11302200274261642,Latin America,Temperate,-71.49835,-41.07352,TMP,climate_unique_adjusted_r2
1814,spatial_spd,unique_adjusted_r2,climate,0.21373022438014477,North America,Cold - Warm Summer,-70.20833,41.28333,CWS,climate_unique_adjusted_r2
22936,spatial_spd,unique_adjusted_r2,climate,-0.029535536437032217,Europe,Cold - Warm Summer,17.17028,46.77444,CWS,climate_unique_adjusted_r2
3041,spatial_spd,unique_adjusted_r2,climate,0.12244224521905567,North America,Cold - Warm Summer,-80.4,43.9,CWS,climate_unique_adjusted_r2
24057,spatial_spd,unique_adjusted_r2,climate,-0.07749239829203647,Europe,Polar,11.43005,46.66528,POL,climate_unique_adjusted_r2
1630,spatial_spd,unique_adjusted_r2,climate,0.12497604060939438,Oceania,Temperate,149.37407,-35.19934,TMP,climate_unique_adjusted_r2
2622,spatial_spd,unique_adjusted_r2,climate,0.12366464239496189,North America,Cold - Cold Summer,-132.01667,67.65,CCS,climate_unique_adjusted_r2
40875,spatial_spd,unique_adjusted_r2,climate,0.041730395775770535,North America,Cold - Warm Summer,-73.439,42.1062,CWS,climate_unique_adjusted_r2
2888,spatial_spd,unique_adjusted_r2,climate,0.3250528929021441,North America,Cold - Warm Summer,-95.30694,46.18444,CWS,climate_unique_adjusted_r2
17400,spatial_spd,unique_adjusted_r2,climate,0.03437052866805046,North America,Polar,-121.44339,69.07635,POL,climate_unique_adjusted_r2
24190,spatial_spd,unique_adjusted_r2,climate,0.0019792433935421627,Europe,Cold - Cold Summer,8.02306,46.2525,CCS,climate_unique_adjusted_r2
20034,spatial_spd,unique_adjusted_r2,climate,0.003371008642923168,Europe,Cold - Cold Summer,20.71667,69.16667,CCS,climate_unique_adjusted_r2
1030,spatial_spd,unique_adjusted_r2,climate,-0.010073386802797457,North America,Cold - Cold Summer,-110.6,43.75,CCS,climate_unique_adjusted_r2
1961,spatial_spd,unique_adjusted_r2,climate,0.10118741116648478,North America,Cold - Warm Summer,-70.35,44.03333,CWS,climate_unique_adjusted_r2
41025,spatial_spd,unique_adjusted_r2,climate,0.08308918674949672,North America,Cold - Hot Summer,-70.883,42.4819,CHS,climate_unique_adjusted_r2
2644,spatial_spd,unique_adjusted_r2,climate,0.08093184335934567,North America,Cold - Dry Summer,-119.25833,37.90833,CDS,climate_unique_adjusted_r2
1897,spatial_spd,unique_adjusted_r2,climate,0.1068803318932724,North America,Cold - Hot Summer,-93.9,42.16,CHS,climate_unique_adjusted_r2
2378,spatial_spd,unique_adjusted_r2,climate,0.04813088522736397,North America,Cold - Warm Summer,-72.58472,45.35889,CWS,climate_unique_adjusted_r2
1650,spatial_spd,unique_adjusted_r2,climate,0.0698953778634458,North America,Cold - Cold Summer,-56.43333,52.45,CCS,climate_unique_adjusted_r2
15309,spatial_spd,unique_adjusted_r2,climate,-0.0728591929000274,North America,Cold - Warm Summer,-84.85905,46.34522,CWS,climate_unique_adjusted_r2
355,spatial_spd,unique_adjusted_r2,climate,-0.026203595969954807,Latin America,Polar,-68.15,-16.36667,POL,climate_unique_adjusted_r2
2351,spatial_spd,unique_adjusted_r2,climate,0.2722291782129508,North America,Cold - Cold Summer,-151.41667,67.58333,CCS,climate_unique_adjusted_r2
46457,spatial_spd,unique_adjusted_r2,climate,0.034532046316245624,Europe,Cold - Cold Summer,29.14831,60.68702,CCS,climate_unique_adjusted_r2
1656,spatial_spd,unique_adjusted_r2,climate,0.08199987836205902,North America,Cold - Cold Summer,-112.48083,54.72528,CCS,climate_unique_adjusted_r2
3031,spatial_spd,unique_adjusted_r2,climate,-0.014850531858528249,North America,Cold - Hot Summer,-93.57713,45.00181,CHS,climate_unique_adjusted_r2
41222,spatial_spd,unique_adjusted_r2,climate,0.21619278942378672,Europe,Temperate,-1.72583,50.82778,TMP,climate_unique_adjusted_r2
23008,spatial_spd,unique_adjusted_r2,climate,0.09768516283972961,Europe,Cold - Warm Summer,24.63324,50.3413,CWS,climate_unique_adjusted_r2
20306,spatial_spd,unique_adjusted_r2,climate,-0.16553463303246518,North America,Arid,-110.82347,45.25707,ARD,climate_unique_adjusted_r2
543,spatial_spd,unique_adjusted_r2,climate,0.08155866868322004,North America,Cold - Cold Summer,-110.6,44.65,CCS,climate_unique_adjusted_r2
4147,spatial_spd,unique_adjusted_r2,climate,0.015370999340097447,Europe,Temperate,21.56513,40.59702,TMP,climate_unique_adjusted_r2
17406,spatial_spd,unique_adjusted_r2,climate,0.08675310150469318,North America,Cold - Warm Summer,-88.86157,46.61375,CWS,climate_unique_adjusted_r2
48935,spatial_spd,unique_adjusted_r2,climate,0.11202617719546204,Europe,Arid,-3.93936,41.95209,ARD,climate_unique_adjusted_r2
40861,spatial_spd,unique_adjusted_r2,climate,0.16507343834341315,North America,Cold - Hot Summer,-72.5127,42.5656,CHS,climate_unique_adjusted_r2
39474,spatial_spd,unique_adjusted_r2,climate,0.10220316283013631,North America,Cold - Warm Summer,-69.06376,46.31685,CWS,climate_unique_adjusted_r2
48361,spatial_spd,unique_adjusted_r2,climate,0.13713828665213934,North America,Cold - Dry Summer,-150.89721,60.5885,CDS,climate_unique_adjusted_r2
25,spatial_spd,unique_adjusted_r2,climate,-0.02378582141646468,North America,Cold - Cold Summer,-57.03333,52.51667,CCS,climate_unique_adjusted_r2
1107,spatial_spd,unique_adjusted_r2,climate,0.14957520993862572,North America,Polar,-138.4,64.63333,POL,climate_unique_adjusted_r2
14289,spatial_spd,unique_adjusted_r2,climate,0.16257752042167484,Europe,Temperate,-10.16866,52.19109,TMP,climate_unique_adjusted_r2
25767,spatial_spd,unique_adjusted_r2,climate,-0.06403685088674449,Europe,Polar,11.16667,47.08333,POL,climate_unique_adjusted_r2
22678,spatial_spd,unique_adjusted_r2,climate,0.023023107306047508,Europe,Cold - Warm Summer,-3.04588,42.04363,CWS,climate_unique_adjusted_r2
16231,spatial_spd,unique_adjusted_r2,climate,0.21513687173186757,North America,Cold - Warm Summer,-77.34,46.03,CWS,climate_unique_adjusted_r2
2590,spatial_spd,unique_adjusted_r2,climate,-0.030185506225918424,North America,Cold - Cold Summer,-119.58333,55.51139,CCS,climate_unique_adjusted_r2
17381,spatial_spd,unique_adjusted_r2,climate,0.03202530641990353,North America,Cold - Cold Summer,-145.54198,63.98555,CCS,climate_unique_adjusted_r2
2599,spatial_spd,unique_adjusted_r2,climate,-0.19255954710245116,North America,Cold - Dry Summer,-119.0675,37.6625,CDS,climate_unique_adjusted_r2
4397,spatial_spd,unique_adjusted_r2,climate,0.07009655654229663,Europe,Cold - Warm Summer,17.35631,52.54984,CWS,climate_unique_adjusted_r2
15292,spatial_spd,unique_adjusted_r2,climate,0.07756759489280218,North America,Cold - Warm Summer,-78.05134,43.08732,CWS,climate_unique_adjusted_r2
15306,spatial_spd,unique_adjusted_r2,climate,0.2674138285393234,Latin America,Polar,-71.88616,-52.03906,POL,climate_unique_adjusted_r2
3500,spatial_spd,unique_adjusted_r2,climate,-0.0655465256188904,North America,Temperate,-97.11667,30.36667,TMP,climate_unique_adjusted_r2
4330,spatial_spd,unique_adjusted_r2,climate,0.06864560761653682,Europe,Cold - Warm Summer,10.21472,44.29861,CWS,climate_unique_adjusted_r2
2476,spatial_spd,unique_adjusted_r2,climate,0.07573941158547604,North America,Cold - Cold Summer,-133.58333,69.28333,CCS,climate_unique_adjusted_r2
21700,spatial_spd,unique_adjusted_r2,climate,0.1400892082470261,Latin America,Temperate,-76.70941,2.36575,TMP,climate_unique_adjusted_r2
2382,spatial_spd,unique_adjusted_r2,climate,-0.0056888317789256515,North America,Cold - Warm Summer,-81.41667,45.15,CWS,climate_unique_adjusted_r2
24593,spatial_spd,unique_adjusted_r2,climate,0.09968289142660147,Europe,Temperate,-0.41639,47.96944,TMP,climate_unique_adjusted_r2
2343,spatial_spd,unique_adjusted_r2,climate,0.16776982470698298,North America,Cold - Warm Summer,-74.39583,46.17194,CWS,climate_unique_adjusted_r2
4501,spatial_spd,unique_adjusted_r2,climate,-0.0551800809510975,Europe,Cold - Cold Summer,13.9,47.17222,CCS,climate_unique_adjusted_r2
41756,spatial_spd,unique_adjusted_r2,climate,-0.011560776221715141,Europe,Cold - Cold Summer,13.9,47.17222,CCS,climate_unique_adjusted_r2
22689,spatial_spd,unique_adjusted_r2,climate,0.04419540364092067,Europe,Cold - Warm Summer,13.05639,52.52444,CWS,climate_unique_adjusted_r2
20883,spatial_spd,unique_adjusted_r2,climate,0.14118276506163652,North America,Cold - Dry Summer,-114.68645,46.51545,CDS,climate_unique_adjusted_r2
15136,spatial_spd,unique_adjusted_r2,climate,0.008814746632328285,North America,Cold - Warm Summer,-98.95643,48.06397,CWS,climate_unique_adjusted_r2
20616,spatial_spd,unique_adjusted_r2,climate,0.3508792181175713,North America,Cold - Cold Summer,-107.34939,39.7626,CCS,climate_unique_adjusted_r2
3926,spatial_spd,unique_adjusted_r2,climate,0.07052449267914651,Europe,Polar,23.52349,41.73224,POL,climate_unique_adjusted_r2
45379,spatial_spd,unique_adjusted_r2,climate,0.07274106553256576,Europe,Cold - Warm Summer,24.43111,59.175,CWS,climate_unique_adjusted_r2
21770,spatial_spd,unique_adjusted_r2,climate,0.12239537648540644,North America,Temperate,-132.97333,53.53167,TMP,climate_unique_adjusted_r2
25773,spatial_spd,unique_adjusted_r2,climate,-0.06880112399051663,Europe,Cold - Warm Summer,12.35416,47.47138,CWS,climate_unique_adjusted_r2
4256,spatial_spd,unique_adjusted_r2,climate,0.1397327859095736,Europe,Temperate - Dry Summer,12.31566,42.11227,TDS,climate_unique_adjusted_r2
1782,spatial_spd,unique_adjusted_r2,climate,0.13368907768260763,North America,Cold - Hot Summer,-95.51333,39.53,CHS,climate_unique_adjusted_r2
2620,spatial_spd,unique_adjusted_r2,climate,-0.008495655637574706,North America,Arid,-102.51851,41.71443,ARD,climate_unique_adjusted_r2
4024,spatial_spd,unique_adjusted_r2,climate,-0.007915841735003704,Europe,Cold - Cold Summer,13.86667,47.16667,CCS,climate_unique_adjusted_r2
489,spatial_spd,unique_adjusted_r2,climate,0.34106664917831164,North America,Cold - Hot Summer,-93.47756,43.109,CHS,climate_unique_adjusted_r2
24256,spatial_spd,unique_adjusted_r2,climate,0.14998017630007054,Europe,Cold - Warm Summer,14.60392,49.22231,CWS,climate_unique_adjusted_r2
1716,spatial_spd,unique_adjusted_r2,climate,0.1158028587000407,North America,Cold - Warm Summer,-72.83778,46.78778,CWS,climate_unique_adjusted_r2
26431,spatial_spd,unique_adjusted_r2,climate,0.13062996597570808,Europe,Cold - Warm Summer,13.27474,47.8042,CWS,climate_unique_adjusted_r2
17296,spatial_spd,unique_adjusted_r2,climate,0.05198396457467325,North America,Cold - Cold Summer,-113.6522,42.3189,CCS,climate_unique_adjusted_r2
19266,spatial_spd,unique_adjusted_r2,climate,0.026925288539454195,North America,Polar,-171.61263,63.63742,POL,climate_unique_adjusted_r2
15872,spatial_spd,unique_adjusted_r2,climate,0.24524608432190442,North America,Temperate,-130.94579,54.475,TMP,climate_unique_adjusted_r2
537,spatial_spd,unique_adjusted_r2,climate,0.09160634860600259,Latin America,Polar,-68.04167,-16.35,POL,climate_unique_adjusted_r2
47011,spatial_spd,unique_adjusted_r2,climate,0.2610195236297699,Latin America,Temperate,-79.15958,-4.04586,TMP,climate_unique_adjusted_r2
14951,spatial_spd,unique_adjusted_r2,climate,0.19688193703652268,North America,Cold - Dry Summer,-112.14744,36.3709,CDS,climate_unique_adjusted_r2
15420,spatial_spd,unique_adjusted_r2,climate,0.09248599553628656,North America,Polar,-129.83681,58.89001,POL,climate_unique_adjusted_r2
3138,spatial_spd,unique_adjusted_r2,climate,0.07386284189400516,North America,Cold - Warm Summer,-92.71694,46.41694,CWS,climate_unique_adjusted_r2
1691,spatial_spd,unique_adjusted_r2,climate,0.05990139612578904,North America,Cold - Cold Summer,-70.97639,47.59722,CCS,climate_unique_adjusted_r2
22660,spatial_spd,unique_adjusted_r2,climate,0.07807460673409417,Europe,Cold - Cold Summer,10.27778,46.77611,CCS,climate_unique_adjusted_r2
4148,spatial_spd,unique_adjusted_r2,climate,-0.030666099980963035,Europe,Temperate,21.58611,40.6125,TMP,climate_unique_adjusted_r2
206,spatial_spd,unique_adjusted_r2,climate,-0.013294110985146324,North America,Polar,-128.08333,64.65,POL,climate_unique_adjusted_r2
1105,spatial_spd,unique_adjusted_r2,climate,0.1829854234248669,North America,Cold - Warm Summer,-76.6,44.51667,CWS,climate_unique_adjusted_r2
1524,spatial_spd,unique_adjusted_r2,climate,0.052553738843714504,North America,Cold - Warm Summer,-87.455,45.66667,CWS,climate_unique_adjusted_r2
2652,spatial_spd,unique_adjusted_r2,climate,0.10717070795717631,North America,Polar,-118.36667,52.73333,POL,climate_unique_adjusted_r2
47590,spatial_spd,unique_adjusted_r2,climate,0.13095011555000968,Europe,Temperate - Dry Summer,14.39575,37.90121,TDS,climate_unique_adjusted_r2
48072,spatial_spd,unique_adjusted_r2,climate,-0.10654614009497665,Europe,Cold - Warm Summer,15.86933,49.63707,CWS,climate_unique_adjusted_r2
20872,spatial_spd,unique_adjusted_r2,climate,0.01804816897536965,North America,Cold - Cold Summer,-145.40886,66.06742,CCS,climate_unique_adjusted_r2
209,spatial_spd,unique_adjusted_r2,climate,-0.021664116806931255,North America,Cold - Cold Summer,-70.68472,47.48167,CCS,climate_unique_adjusted_r2
2065,spatial_spd,unique_adjusted_r2,climate,0.02083817393704268,North America,Cold - Warm Summer,-101.55238,48.00267,CWS,climate_unique_adjusted_r2
25318,spatial_spd,unique_adjusted_r2,climate,0.08408255561408307,Europe,Temperate,4.03528,47.2275,TMP,climate_unique_adjusted_r2
4485,spatial_spd,unique_adjusted_r2,climate,-0.23970201442724637,Europe,Cold - Warm Summer,22.83333,42.36667,CWS,climate_unique_adjusted_r2
1674,spatial_spd,unique_adjusted_r2,climate,0.32920743562177635,Latin America,Polar,-75.25,-11.75,POL,climate_unique_adjusted_r2
20372,spatial_spd,unique_adjusted_r2,climate,-0.06808159854977824,North America,Cold - Dry Summer,-150.84949,60.7794,CDS,climate_unique_adjusted_r2
41543,spatial_spd,unique_adjusted_r2,climate,0.02859616661019082,Europe,Temperate - Dry Summer,12.65,37.6,TDS,climate_unique_adjusted_r2
41469,spatial_spd,unique_adjusted_r2,climate,-0.11284738440256592,Europe,Cold - Warm Summer,7.66823,47.16969,CWS,climate_unique_adjusted_r2
1773,spatial_spd,unique_adjusted_r2,climate,-0.12339961465146543,North America,Cold - Warm Summer,-68.63917,44.6275,CWS,climate_unique_adjusted_r2
254,spatial_spd,unique_adjusted_r2,climate,-0.023137291669159787,North America,Cold - Warm Summer,-77.91667,42.25,CWS,climate_unique_adjusted_r2
1693,spatial_spd,unique_adjusted_r2,climate,0.08999374116412251,North America,Cold - Cold Summer,-117.61667,52.73333,CCS,climate_unique_adjusted_r2
45188,spatial_spd,unique_adjusted_r2,climate,0.0228962915093589,Europe,Temperate - Dry Summer,-6.20972,40.54667,TDS,climate_unique_adjusted_r2
1981,spatial_spd,unique_adjusted_r2,climate,-0.06865758980366887,North America,Cold - Warm Summer,-64.8,47.075,CWS,climate_unique_adjusted_r2
4279,spatial_spd,unique_adjusted_r2,climate,0.18827385177166667,Europe,Temperate,-3.4325,56.9975,TMP,climate_unique_adjusted_r2
22759,spatial_spd,unique_adjusted_r2,climate,0.03919943082663713,Europe,Cold - Warm Summer,19.34039,52.58302,CWS,climate_unique_adjusted_r2
2882,spatial_spd,unique_adjusted_r2,climate,0.4215265296313653,North America,Cold - Cold Summer,-135.65556,66.05,CCS,climate_unique_adjusted_r2
1577,spatial_spd,unique_adjusted_r2,climate,0.12985942566139208,Europe,Temperate,-6.14159,43.03849,TMP,climate_unique_adjusted_r2
20515,spatial_spd,unique_adjusted_r2,climate,0.05696486741047846,North America,Cold - Hot Summer,-74.6445,41.09362,CHS,climate_unique_adjusted_r2
2265,spatial_spd,unique_adjusted_r2,climate,0.018687307747459192,North America,Cold - Warm Summer,-65.26694,48.05194,CWS,climate_unique_adjusted_r2
2925,spatial_spd,unique_adjusted_r2,climate,0.19907470973609986,North America,Polar,-117.08333,52.78333,POL,climate_unique_adjusted_r2
17334,spatial_spd,unique_adjusted_r2,climate,0.20956516266798653,Europe,Temperate,-6.38992,52.99702,TMP,climate_unique_adjusted_r2
47005,spatial_spd,unique_adjusted_r2,climate,0.18834323665519626,Europe,Temperate,-6.38992,52.99702,TMP,climate_unique_adjusted_r2
40799,spatial_spd,unique_adjusted_r2,climate,0.2064452311425533,North America,Cold - Warm Summer,-71.96321,42.07833,CWS,climate_unique_adjusted_r2
41585,spatial_spd,unique_adjusted_r2,climate,0.014308331424911391,North America,Polar,-124.60509,58.39351,POL,climate_unique_adjusted_r2
15302,spatial_spd,unique_adjusted_r2,climate,0.2139503973596284,North America,Cold - Hot Summer,-89.5975,43.79768,CHS,climate_unique_adjusted_r2
40854,spatial_spd,unique_adjusted_r2,climate,-0.11739229555701858,North America,Cold - Hot Summer,-72.7028,42.1747,CHS,climate_unique_adjusted_r2
2615,spatial_spd,unique_adjusted_r2,climate,0.12851354825009487,North America,Cold - Warm Summer,-122.56279,49.31934,CWS,climate_unique_adjusted_r2
14884,spatial_spd,unique_adjusted_r2,climate,0.08086145175102488,North America,Cold - Cold Summer,-114.26438,45.8906,CCS,climate_unique_adjusted_r2
856,spatial_spd,unique_adjusted_r2,climate,-0.023107383148809113,North America,Cold - Cold Summer,-84.93,48.21,CCS,climate_unique_adjusted_r2
12,spatial_spd,unique_adjusted_r2,climate,0.14308977084152663,Europe,Cold - Warm Summer,13.41701,55.92856,CWS,climate_unique_adjusted_r2
1820,spatial_spd,unique_adjusted_r2,climate,0.019432348345060135,North America,Cold - Warm Summer,-79.45,45.21667,CWS,climate_unique_adjusted_r2
15929,spatial_spd,unique_adjusted_r2,climate,0.18206321756030686,North America,Cold - Warm Summer,-78,43,CWS,climate_unique_adjusted_r2
41842,spatial_spd,unique_adjusted_r2,climate,0.09578606931465783,Europe,Polar,7.97395,46.39429,POL,climate_unique_adjusted_r2
45387,spatial_spd,unique_adjusted_r2,climate,0.05591112607687487,Europe,Cold - Warm Summer,26.01389,59.45139,CWS,climate_unique_adjusted_r2
15142,spatial_spd,unique_adjusted_r2,climate,0.19277591725222143,North America,Cold - Hot Summer,-70.77813,41.92418,CHS,climate_unique_adjusted_r2
852,spatial_spd,unique_adjusted_r2,climate,0.12307436812195094,North America,Temperate,-71.575,41.15833,TMP,climate_unique_adjusted_r2
4269,spatial_spd,unique_adjusted_r2,climate,0.0542441449918617,Europe,Cold - Warm Summer,14.77529,48.99944,CWS,climate_unique_adjusted_r2
25370,spatial_spd,unique_adjusted_r2,climate,0.14683990817547143,Europe,Temperate,4.12278,47.31778,TMP,climate_unique_adjusted_r2
25221,spatial_spd,unique_adjusted_r2,climate,-0.049086878762972685,Europe,Temperate,2.33722,45.69639,TMP,climate_unique_adjusted_r2
41018,spatial_spd,unique_adjusted_r2,climate,0.2672520099131782,North America,Temperate,-70.66628,41.4316,TMP,climate_unique_adjusted_r2
21774,spatial_spd,unique_adjusted_r2,climate,0.4129981467206305,North America,Temperate,-127.0722,50.5725,TMP,climate_unique_adjusted_r2
4012,spatial_spd,unique_adjusted_r2,climate,0.11364589783843382,Europe,Temperate,-1.09648,60.38736,TMP,climate_unique_adjusted_r2
41241,spatial_spd,unique_adjusted_r2,climate,0.04697227195427067,Europe,Temperate,-4.43026,55.09344,TMP,climate_unique_adjusted_r2
41499,spatial_spd,unique_adjusted_r2,climate,-0.011147824598206069,North America,Cold - Dry Summer,-140.90574,67.90308,CDS,climate_unique_adjusted_r2
47564,spatial_spd,unique_adjusted_r2,climate,0.031050134174417043,Latin America,Tropical,-65.98614,-12.99739,TRO,climate_unique_adjusted_r2
778,spatial_spd,unique_adjusted_r2,climate,0.06065522065745599,North America,Cold - Cold Summer,-112.1,57.76667,CCS,climate_unique_adjusted_r2
4320,spatial_spd,unique_adjusted_r2,climate,0.19437603500441814,Europe,Cold - Warm Summer,23.95667,51.69667,CWS,climate_unique_adjusted_r2
42566,spatial_spd,unique_adjusted_r2,climate,0.08437257044051694,Europe,Cold - Warm Summer,8.63721,48.72783,CWS,climate_unique_adjusted_r2
2342,spatial_spd,unique_adjusted_r2,climate,0.11487336416685345,North America,Cold - Warm Summer,-74.46694,46.05778,CWS,climate_unique_adjusted_r2
3871,spatial_spd,unique_adjusted_r2,climate,-0.0869309478684358,Europe,Temperate,5.28333,45.79083,TMP,climate_unique_adjusted_r2
41228,spatial_spd,unique_adjusted_r2,climate,0.26606769051778423,Europe,Temperate,-3.80472,51.12028,TMP,climate_unique_adjusted_r2
46659,spatial_spd,unique_adjusted_r2,climate,-0.1534204192416242,North America,Polar,-109.50237,44.93454,POL,climate_unique_adjusted_r2
24441,spatial_spd,unique_adjusted_r2,climate,-0.006450598841817645,Europe,Cold - Warm Summer,3.65,44.46667,CWS,climate_unique_adjusted_r2
40795,spatial_spd,unique_adjusted_r2,climate,0.0855430856881676,North America,Cold - Warm Summer,-70.79309,41.32761,CWS,climate_unique_adjusted_r2
21915,spatial_spd,unique_adjusted_r2,climate,0.5051998907694959,Latin America,Tropical,-76.52225,3.10116,TRO,climate_unique_adjusted_r2
14523,spatial_spd,unique_adjusted_r2,climate,0.13943091470936975,Europe,Temperate,-9.72556,53.9498,TMP,climate_unique_adjusted_r2
25344,spatial_spd,unique_adjusted_r2,climate,0.28959823628550696,Europe,Temperate,4.04861,47.20333,TMP,climate_unique_adjusted_r2
41502,spatial_spd,unique_adjusted_r2,climate,0.11238431454910802,Europe,Temperate,-8.3499,55.0224,TMP,climate_unique_adjusted_r2
772,spatial_spd,unique_adjusted_r2,climate,0.08850700156796598,North America,Cold - Warm Summer,-70.0018,41.9316,CWS,climate_unique_adjusted_r2
46645,spatial_spd,unique_adjusted_r2,climate,-0.12685056863363964,North America,Cold - Cold Summer,-107.38399,44.39092,CCS,climate_unique_adjusted_r2
3452,spatial_spd,unique_adjusted_r2,climate,0.06208856582448696,North America,Cold - Warm Summer,-90.35,45.3,CWS,climate_unique_adjusted_r2
3910,spatial_spd,unique_adjusted_r2,climate,0.41983770438828005,Europe,Temperate,-2.05,43.03333,TMP,climate_unique_adjusted_r2
48735,spatial_spd,unique_adjusted_r2,climate,0.18003698916652822,Europe,Cold - Cold Summer,13.40649,49.01398,CCS,climate_unique_adjusted_r2
48614,spatial_spd,unique_adjusted_r2,climate,0.3937013528294969,Latin America,Temperate,-79.11153,-4.37461,TMP,climate_unique_adjusted_r2
22352,spatial_spd,unique_adjusted_r2,climate,0.2688777696290765,Europe,Cold - Warm Summer,13.83582,48.89954,CWS,climate_unique_adjusted_r2
15876,spatial_spd,unique_adjusted_r2,climate,0.2614835485503638,North America,Arid,-119.96,35.935,ARD,climate_unique_adjusted_r2
45710,spatial_spd,unique_adjusted_r2,climate,0.10907616399151165,Europe,Cold - Cold Summer,7.53886,59.66874,CCS,climate_unique_adjusted_r2
17945,spatial_spd,unique_adjusted_r2,climate,0.3641469732296875,North America,Cold - Warm Summer,-132.95774,56.80046,CWS,climate_unique_adjusted_r2
15719,spatial_spd,unique_adjusted_r2,climate,0.047747969110105926,North America,Polar,-61.796,66.66,POL,climate_unique_adjusted_r2
2955,spatial_spd,unique_adjusted_r2,climate,0.11947801198280161,North America,Polar,-117.21667,52.24167,POL,climate_unique_adjusted_r2
22910,spatial_spd,unique_adjusted_r2,climate,0.02948027558474886,Europe,Cold - Warm Summer,17.255,47.21583,CWS,climate_unique_adjusted_r2
16061,spatial_spd,unique_adjusted_r2,climate,0.23620377495755096,North America,Cold - Dry Summer,-122.4984,41.20586,CDS,climate_unique_adjusted_r2
549,spatial_spd,unique_adjusted_r2,climate,0.23386254040589494,North America,Cold - Cold Summer,-69.4,54.88333,CCS,climate_unique_adjusted_r2
45719,spatial_spd,unique_adjusted_r2,climate,0.14299038857819257,Europe,Cold - Warm Summer,7.73221,58.53704,CWS,climate_unique_adjusted_r2
2610,spatial_spd,unique_adjusted_r2,climate,0.09056857732408952,North America,Cold - Warm Summer,-52.66667,47.61667,CWS,climate_unique_adjusted_r2
20838,spatial_spd,unique_adjusted_r2,climate,0.03862642517944748,North America,Cold - Cold Summer,-111.57316,38.07195,CCS,climate_unique_adjusted_r2
24390,spatial_spd,unique_adjusted_r2,climate,0.08096599470230392,Europe,Temperate - Dry Summer,20.83333,38.86667,TDS,climate_unique_adjusted_r2
21319,spatial_spd,unique_adjusted_r2,climate,0.1852160319499978,North America,Cold - Cold Summer,-65.41466,48.70971,CCS,climate_unique_adjusted_r2
15740,spatial_spd,unique_adjusted_r2,climate,0.032102934995617116,North America,Cold - Warm Summer,-91.19975,46.30638,CWS,climate_unique_adjusted_r2
16275,spatial_spd,unique_adjusted_r2,climate,0.3148805330763691,North America,Cold - Cold Summer,-91.37583,52.52949,CCS,climate_unique_adjusted_r2
2303,spatial_spd,unique_adjusted_r2,climate,0.07978071709728252,North America,Polar,-95.06667,72.58333,POL,climate_unique_adjusted_r2
1574,spatial_spd,unique_adjusted_r2,climate,3.373517592536457e-4,North America,Cold - Hot Summer,-84.75,41.41667,CHS,climate_unique_adjusted_r2
2962,spatial_spd,unique_adjusted_r2,climate,0.14672054586755323,North America,Cold - Cold Summer,-114.15,59.25,CCS,climate_unique_adjusted_r2
1780,spatial_spd,unique_adjusted_r2,climate,0.09414189087715508,North America,Cold - Cold Summer,-141.96667,60.03333,CCS,climate_unique_adjusted_r2
22797,spatial_spd,unique_adjusted_r2,climate,0.28787306955398295,Europe,Cold - Cold Summer,8.01139,46.23111,CCS,climate_unique_adjusted_r2
2318,spatial_spd,unique_adjusted_r2,climate,-0.05529646147415268,North America,Cold - Warm Summer,-85.17917,46.13194,CWS,climate_unique_adjusted_r2
20,spatial_spd,unique_adjusted_r2,climate,0.17290916286280567,Europe,Cold - Cold Summer,27.67406,69.12326,CCS,climate_unique_adjusted_r2
2919,spatial_spd,unique_adjusted_r2,climate,-0.022161343965456548,North America,Cold - Hot Summer,-88.18475,42.35154,CHS,climate_unique_adjusted_r2
20758,spatial_spd,unique_adjusted_r2,climate,-0.009724927356533186,North America,Temperate - Dry Summer,-123.461,42.021,TDS,climate_unique_adjusted_r2
24097,spatial_spd,unique_adjusted_r2,climate,-0.13861522394663306,Europe,Cold - Warm Summer,17.19626,48.97602,CWS,climate_unique_adjusted_r2
501,spatial_spd,unique_adjusted_r2,climate,0.14356608207838972,North America,Cold - Cold Summer,-56.19639,50.03417,CCS,climate_unique_adjusted_r2
1848,spatial_spd,unique_adjusted_r2,climate,-0.027669826594435176,North America,Cold - Warm Summer,-77.41667,40.8,CWS,climate_unique_adjusted_r2
45385,spatial_spd,unique_adjusted_r2,climate,0.4357975176713659,Europe,Cold - Warm Summer,26.01389,59.45139,CWS,climate_unique_adjusted_r2
2908,spatial_spd,unique_adjusted_r2,climate,0.09575069397571667,Latin America,Cold - Dry Summer,-70.38333,-36.88333,CDS,climate_unique_adjusted_r2
22683,spatial_spd,unique_adjusted_r2,climate,-0.08209368997474642,Europe,Cold - Cold Summer,7.13333,44.23333,CCS,climate_unique_adjusted_r2
17711,spatial_spd,unique_adjusted_r2,climate,0.31356148829429087,North America,Cold - Cold Summer,-105.05685,55.33061,CCS,climate_unique_adjusted_r2
2023,spatial_spd,unique_adjusted_r2,climate,-0.07183327822976371,North America,Cold - Warm Summer,-76.1,45.6,CWS,climate_unique_adjusted_r2
336,spatial_spd,unique_adjusted_r2,climate,0.1312115907296415,North America,Cold - Cold Summer,-130.65,61.68333,CCS,climate_unique_adjusted_r2
14525,spatial_spd,unique_adjusted_r2,climate,0.33096096204698866,Europe,Temperate,-9.43662,54.03918,TMP,climate_unique_adjusted_r2
1667,spatial_spd,unique_adjusted_r2,climate,0.10615491988762193,North America,Cold - Warm Summer,-71.25139,44.24694,CWS,climate_unique_adjusted_r2
41491,spatial_spd,unique_adjusted_r2,climate,0.05766310493646598,Europe,Cold - Warm Summer,24.13852,41.73356,CWS,climate_unique_adjusted_r2
48621,spatial_spd,unique_adjusted_r2,climate,0.03406663189686687,Latin America,Temperate,-72.97522,-47.64356,TMP,climate_unique_adjusted_r2
48889,spatial_spd,unique_adjusted_r2,climate,0.1110862318856769,North America,Cold - Warm Summer,-85.71733,46.44253,CWS,climate_unique_adjusted_r2
45400,spatial_spd,unique_adjusted_r2,climate,0.11572012777793694,Europe,Cold - Warm Summer,27.46167,59.17528,CWS,climate_unique_adjusted_r2
805,spatial_spd,unique_adjusted_r2,climate,-0.06632783662775843,North America,Cold - Hot Summer,-82.76,41.92,CHS,climate_unique_adjusted_r2
22992,spatial_spd,unique_adjusted_r2,climate,0.0051429844818852155,Europe,Cold - Cold Summer,8.06769,46.71801,CCS,climate_unique_adjusted_r2
15768,spatial_spd,unique_adjusted_r2,climate,0.07178513301944356,North America,Temperate - Dry Summer,-123.581,45.822,TDS,climate_unique_adjusted_r2
41911,spatial_spd,unique_adjusted_r2,climate,-0.09601957350421453,Europe,Temperate - Dry Summer,-7.63611,40.36278,TDS,climate_unique_adjusted_r2
22316,spatial_spd,unique_adjusted_r2,climate,-0.04393346990557356,Europe,Cold - Warm Summer,16.1175,50.58861,CWS,climate_unique_adjusted_r2
219,spatial_spd,unique_adjusted_r2,climate,0.20428634896091247,North America,Cold - Warm Summer,-73.31111,45.54306,CWS,climate_unique_adjusted_r2
4364,spatial_spd,unique_adjusted_r2,climate,-0.06355413196043802,Europe,Cold - Warm Summer,19.80199,49.46655,CWS,climate_unique_adjusted_r2
21606,spatial_spd,unique_adjusted_r2,climate,0.3474346524869042,Latin America,Arid,-71.70555,-13.09533,ARD,climate_unique_adjusted_r2
2586,spatial_spd,unique_adjusted_r2,climate,-0.15084414407730762,North America,Cold - Warm Summer,-86.95833,46.47,CWS,climate_unique_adjusted_r2
1438,spatial_spd,unique_adjusted_r2,climate,0.22713613512644193,Europe,Cold - Cold Summer,14.53458,57.64055,CCS,climate_unique_adjusted_r2
41614,spatial_spd,unique_adjusted_r2,climate,0.06391943753621265,North America,Cold - Cold Summer,-106.40741,39.15095,CCS,climate_unique_adjusted_r2
15138,spatial_spd,unique_adjusted_r2,climate,0.023598844873783942,North America,Cold - Warm Summer,-99.29758,49.44254,CWS,climate_unique_adjusted_r2
24250,spatial_spd,unique_adjusted_r2,climate,0.13029367086394872,Europe,Cold - Warm Summer,14.02583,49.37639,CWS,climate_unique_adjusted_r2
24414,spatial_spd,unique_adjusted_r2,climate,-0.12562409978296285,Europe,Cold - Warm Summer,3.08111,44.74444,CWS,climate_unique_adjusted_r2
3493,spatial_spd,unique_adjusted_r2,climate,0.16458233586472482,North America,Cold - Warm Summer,-73.2945,41.80939,CWS,climate_unique_adjusted_r2
15855,spatial_spd,unique_adjusted_r2,climate,-0.02725750870425714,North America,Cold - Cold Summer,-113.79265,46.95179,CCS,climate_unique_adjusted_r2
974,spatial_spd,unique_adjusted_r2,climate,0.32640425082009583,North America,Cold - Warm Summer,-98.25,53,CWS,climate_unique_adjusted_r2
16054,spatial_spd,unique_adjusted_r2,climate,0.1678250886288658,North America,Cold - Dry Summer,-121.39227,40.40972,CDS,climate_unique_adjusted_r2
45117,spatial_spd,unique_adjusted_r2,climate,0.1657562623497194,Europe,Cold - Cold Summer,22.80349,45.33407,CCS,climate_unique_adjusted_r2
679,spatial_spd,unique_adjusted_r2,climate,0.061165522698006236,North America,Cold - Warm Summer,-85,43.48,CWS,climate_unique_adjusted_r2
15778,spatial_spd,unique_adjusted_r2,climate,0.3698191894910313,North America,Cold - Dry Summer,-119.149,37.9419,CDS,climate_unique_adjusted_r2
47537,spatial_spd,unique_adjusted_r2,climate,0.13970653476782402,Europe,Temperate - Dry Summer,9.78752,40.45547,TDS,climate_unique_adjusted_r2
15214,spatial_spd,unique_adjusted_r2,climate,-0.1318172916486927,North America,Cold - Cold Summer,-121.47227,51.66122,CCS,climate_unique_adjusted_r2
790,spatial_spd,unique_adjusted_r2,climate,0.008757536966552126,North America,Cold - Cold Summer,-105.58,39.93667,CCS,climate_unique_adjusted_r2
2663,spatial_spd,unique_adjusted_r2,climate,0.0652621340593057,North America,Temperate,-81.50634,27.58253,TMP,climate_unique_adjusted_r2
1013,spatial_spd,unique_adjusted_r2,climate,-0.07809618296433918,North America,Cold - Warm Summer,-109.425,34,CWS,climate_unique_adjusted_r2
16175,spatial_spd,unique_adjusted_r2,climate,0.12123190285863739,North America,Cold - Hot Summer,-74.55597,41.4059,CHS,climate_unique_adjusted_r2
16238,spatial_spd,unique_adjusted_r2,climate,0.3253031455070695,North America,Cold - Cold Summer,-157.0576,68.4891,CCS,climate_unique_adjusted_r2
40797,spatial_spd,unique_adjusted_r2,climate,0.0838260077235995,North America,Cold - Warm Summer,-70.76706,41.4711,CWS,climate_unique_adjusted_r2
16103,spatial_spd,unique_adjusted_r2,climate,-0.1167587606384155,North America,Cold - Warm Summer,-62.09501,44.97306,CWS,climate_unique_adjusted_r2
40452,spatial_spd,unique_adjusted_r2,climate,-0.05953633618916676,Europe,Cold - Warm Summer,7.05,47.24056,CWS,climate_unique_adjusted_r2
1569,spatial_spd,unique_adjusted_r2,climate,0.052536259054259515,North America,Cold - Cold Summer,-70.3,46.71667,CCS,climate_unique_adjusted_r2
15,spatial_spd,unique_adjusted_r2,climate,0.016535144735804197,Latin America,Arid,-65.75,-23.83333,ARD,climate_unique_adjusted_r2
14549,spatial_spd,unique_adjusted_r2,climate,-0.0169713357862199,North America,Cold - Dry Summer,-112.79315,37.6709,CDS,climate_unique_adjusted_r2
843,spatial_spd,unique_adjusted_r2,climate,-0.05409783922888223,North America,Cold - Cold Summer,-109.95,43.43889,CCS,climate_unique_adjusted_r2
41748,spatial_spd,unique_adjusted_r2,climate,-0.01069610757355155,Europe,Polar,7.36285,46.15726,POL,climate_unique_adjusted_r2
1434,spatial_spd,unique_adjusted_r2,climate,0.3674250338570215,Europe,Cold - Warm Summer,27.41146,58.19142,CWS,climate_unique_adjusted_r2
808,spatial_spd,unique_adjusted_r2,climate,0.21622807515864295,North America,Temperate - Dry Summer,-123.68167,48.35194,TDS,climate_unique_adjusted_r2
40666,spatial_spd,unique_adjusted_r2,climate,-0.21145247151908508,North America,Temperate,-70.7,41.42835,TMP,climate_unique_adjusted_r2
2335,spatial_spd,unique_adjusted_r2,climate,-0.01650296558724007,Europe,Temperate - Dry Summer,-6.73333,42.1,TDS,climate_unique_adjusted_r2
4385,spatial_spd,unique_adjusted_r2,climate,0.14466439413569,Europe,Temperate,-6.88333,58.13333,TMP,climate_unique_adjusted_r2
4133,spatial_spd,unique_adjusted_r2,climate,0.18816032981885078,Europe,Cold - Cold Summer,25.86881,61.41513,CCS,climate_unique_adjusted_r2
25763,spatial_spd,unique_adjusted_r2,climate,-0.04233819999697852,Europe,Polar,11.80211,47.02316,POL,climate_unique_adjusted_r2
20285,spatial_spd,unique_adjusted_r2,climate,-0.08274040463953602,Europe,Polar,28.16545,71.03753,POL,climate_unique_adjusted_r2
17354,spatial_spd,unique_adjusted_r2,climate,0.09581411280761376,North America,Cold - Cold Summer,-147.39653,64.3443,CCS,climate_unique_adjusted_r2
2594,spatial_spd,unique_adjusted_r2,climate,0.18421953148841796,Latin America,Temperate,-49.55,-28.55,TMP,climate_unique_adjusted_r2
4150,spatial_spd,unique_adjusted_r2,climate,0.2141150086956356,Europe,Temperate,-2.10953,52.80744,TMP,climate_unique_adjusted_r2
4011,spatial_spd,unique_adjusted_r2,climate,0.21817543135780837,Europe,Cold - Warm Summer,14.70652,58.32288,CWS,climate_unique_adjusted_r2
720,spatial_spd,unique_adjusted_r2,climate,-0.020677288216154333,Europe,Polar,31.01975,70.32333,POL,climate_unique_adjusted_r2
2959,spatial_spd,unique_adjusted_r2,climate,-0.13375632387693193,North America,Cold - Hot Summer,-71.11667,41.96667,CHS,climate_unique_adjusted_r2
20649,spatial_spd,unique_adjusted_r2,climate,0.014242510037626555,North America,Polar,-113.78145,71.344,POL,climate_unique_adjusted_r2
41001,spatial_spd,unique_adjusted_r2,climate,0.10601179818852335,North America,Cold - Hot Summer,-72.58,40.884,CHS,climate_unique_adjusted_r2
45704,spatial_spd,unique_adjusted_r2,climate,-0.04904479546989826,Europe,Cold - Cold Summer,7.985,59.62523,CCS,climate_unique_adjusted_r2
1854,spatial_spd,unique_adjusted_r2,climate,0.050498332159878756,North America,Cold - Cold Summer,-109.94083,43.45,CCS,climate_unique_adjusted_r2
1157,spatial_spd,unique_adjusted_r2,climate,0.09944007479654038,North America,Cold - Warm Summer,-81.76667,47.31667,CWS,climate_unique_adjusted_r2
4360,spatial_spd,unique_adjusted_r2,climate,0.08214022835603163,Europe,Cold - Cold Summer,30.56667,66.35,CCS,climate_unique_adjusted_r2
45639,spatial_spd,unique_adjusted_r2,climate,-0.06216109880996101,Europe,Cold - Cold Summer,17.75935,68.48221,CCS,climate_unique_adjusted_r2
45389,spatial_spd,unique_adjusted_r2,climate,0.37160851703117814,Europe,Cold - Warm Summer,26.51722,58.05917,CWS,climate_unique_adjusted_r2
22950,spatial_spd,unique_adjusted_r2,climate,0.001586248617485908,Europe,Cold - Warm Summer,19.46271,54.10053,CWS,climate_unique_adjusted_r2
539,spatial_spd,unique_adjusted_r2,climate,0.04833018337894468,North America,Temperate,-91.09082,36.79864,TMP,climate_unique_adjusted_r2
26520,spatial_spd,unique_adjusted_r2,climate,0.04527429909645131,Europe,Polar,7.09361,46.17667,POL,climate_unique_adjusted_r2
773,spatial_spd,unique_adjusted_r2,climate,0.13919375243174215,North America,Cold - Warm Summer,-70.35,45.85,CWS,climate_unique_adjusted_r2
4524,spatial_spd,unique_adjusted_r2,climate,0.17722065631499484,Europe,Temperate,1.75,48.41667,TMP,climate_unique_adjusted_r2
16129,spatial_spd,unique_adjusted_r2,climate,-0.10894347867763388,North America,Cold - Hot Summer,-88.8579,42.7776,CHS,climate_unique_adjusted_r2
17377,spatial_spd,unique_adjusted_r2,climate,0.139102916766922,North America,Cold - Dry Summer,-150.91979,60.4918,CDS,climate_unique_adjusted_r2
4466,spatial_spd,unique_adjusted_r2,climate,0.4466111260687541,Europe,Cold - Warm Summer,28.1,54.03333,CWS,climate_unique_adjusted_r2
22980,spatial_spd,unique_adjusted_r2,climate,0.09618189072314853,Europe,Arid,28.53192,43.66346,ARD,climate_unique_adjusted_r2
26514,spatial_spd,unique_adjusted_r2,climate,0.1651377146377737,Europe,Cold - Warm Summer,12.29357,47.65663,CWS,climate_unique_adjusted_r2
4314,spatial_spd,unique_adjusted_r2,climate,-0.04076358850006856,Europe,Cold - Warm Summer,25.99919,53.26346,CWS,climate_unique_adjusted_r2
872,spatial_spd,unique_adjusted_r2,climate,0.08495386103057201,Latin America,Temperate,-50.21667,-24.66667,TMP,climate_unique_adjusted_r2
723,spatial_spd,unique_adjusted_r2,climate,0.05751091896291971,Europe,Cold - Warm Summer,28.25,48.75,CWS,climate_unique_adjusted_r2
48950,spatial_spd,unique_adjusted_r2,climate,0.06404379293821749,Europe,Cold - Warm Summer,5.99556,44.555,CWS,climate_unique_adjusted_r2
48818,spatial_spd,unique_adjusted_r2,climate,0.09750073046445662,North America,Cold - Warm Summer,-89.70449,46.18465,CWS,climate_unique_adjusted_r2
45105,spatial_spd,unique_adjusted_r2,climate,0.041968437109138446,Europe,Cold - Dry Summer,20.77556,39.98778,CDS,climate_unique_adjusted_r2
48363,spatial_spd,unique_adjusted_r2,climate,-0.032850620908157935,North America,Cold - Dry Summer,-151.1123,59.94242,CDS,climate_unique_adjusted_r2
17363,spatial_spd,unique_adjusted_r2,climate,0.10539506057808501,North America,Temperate,-83.02511,35.16662,TMP,climate_unique_adjusted_r2
3058,spatial_spd,unique_adjusted_r2,climate,-0.09577937947926296,North America,Cold - Warm Summer,-67.33336,45.25246,CWS,climate_unique_adjusted_r2
22847,spatial_spd,unique_adjusted_r2,climate,-0.030310334911538783,Europe,Cold - Warm Summer,18.16208,54.70555,CWS,climate_unique_adjusted_r2
991,spatial_spd,unique_adjusted_r2,climate,0.1320825210207197,North America,Arid,-112.71667,48.55,ARD,climate_unique_adjusted_r2
41764,spatial_spd,unique_adjusted_r2,climate,-0.19116718992221915,Europe,Cold - Cold Summer,27.83997,70.0476,CCS,climate_unique_adjusted_r2
24317,spatial_spd,unique_adjusted_r2,climate,-0.12336005016257245,Europe,Cold - Cold Summer,7.845,46.19556,CCS,climate_unique_adjusted_r2
2899,spatial_spd,unique_adjusted_r2,climate,0.3079336677584559,Latin America,Temperate - Dry Summer,-71.05064,-36.86011,TDS,climate_unique_adjusted_r2
20397,spatial_spd,unique_adjusted_r2,climate,0.1790039395427696,North America,Cold - Warm Summer,-86.07692,46.56374,CWS,climate_unique_adjusted_r2
1824,spatial_spd,unique_adjusted_r2,climate,0.04124177913331095,North America,Cold - Hot Summer,-95.12645,43.34114,CHS,climate_unique_adjusted_r2
25786,spatial_spd,unique_adjusted_r2,climate,0.005436084246919659,Latin America,Tropical,-88.3681,17.93554,TRO,climate_unique_adjusted_r2
525,spatial_spd,unique_adjusted_r2,climate,-0.06502102830024892,North America,Polar,-116.41667,51.65,POL,climate_unique_adjusted_r2
16269,spatial_spd,unique_adjusted_r2,climate,0.015235699763760269,North America,Cold - Cold Summer,-89.61722,51.83861,CCS,climate_unique_adjusted_r2
22723,spatial_spd,unique_adjusted_r2,climate,0.28482940855939354,Europe,Temperate,-5.83333,57.25,TMP,climate_unique_adjusted_r2
4200,spatial_spd,unique_adjusted_r2,climate,0.19833383971853957,Europe,Cold - Cold Summer,14.62333,59.80167,CCS,climate_unique_adjusted_r2
46477,spatial_spd,unique_adjusted_r2,climate,0.2251807263053055,Europe,Cold - Warm Summer,30.73749,58.02083,CWS,climate_unique_adjusted_r2
999,spatial_spd,unique_adjusted_r2,climate,-0.12482088460764995,North America,Cold - Hot Summer,-78.99722,37.98472,CHS,climate_unique_adjusted_r2
1435,spatial_spd,unique_adjusted_r2,climate,0.3897215905984892,Europe,Cold - Warm Summer,15.96947,49.72562,CWS,climate_unique_adjusted_r2
853,spatial_spd,unique_adjusted_r2,climate,-0.06011438983523498,North America,Cold - Cold Summer,-111.66667,38.61667,CCS,climate_unique_adjusted_r2
4369,spatial_spd,unique_adjusted_r2,climate,0.10795302683972507,Europe,Cold - Warm Summer,26.64967,58.59222,CWS,climate_unique_adjusted_r2
332,spatial_spd,unique_adjusted_r2,climate,0.0180446187239911,North America,Cold - Warm Summer,-88.01667,46.66667,CWS,climate_unique_adjusted_r2
22971,spatial_spd,unique_adjusted_r2,climate,0.18283968867510247,Europe,Cold - Warm Summer,12.09944,50.27611,CWS,climate_unique_adjusted_r2
3488,spatial_spd,unique_adjusted_r2,climate,0.15715803845789722,North America,Cold - Hot Summer,-89.41667,43.1,CHS,climate_unique_adjusted_r2
1768,spatial_spd,unique_adjusted_r2,climate,0.12058647766928043,North America,Cold - Warm Summer,-98.16505,46.85061,CWS,climate_unique_adjusted_r2
45324,spatial_spd,unique_adjusted_r2,climate,0.14366589782992523,Europe,Temperate - Dry Summer,12.65,37.6,TDS,climate_unique_adjusted_r2
46680,spatial_spd,unique_adjusted_r2,climate,0.14165382876591948,North America,Cold - Cold Summer,-120.68095,53.51773,CCS,climate_unique_adjusted_r2
2954,spatial_spd,unique_adjusted_r2,climate,0.031655915237485344,North America,Cold - Cold Summer,-151.26667,64.33333,CCS,climate_unique_adjusted_r2
531,spatial_spd,unique_adjusted_r2,climate,-0.057561531193558446,Europe,Cold - Warm Summer,26.01667,50.26667,CWS,climate_unique_adjusted_r2
19814,spatial_spd,unique_adjusted_r2,climate,0.23273606008247327,North America,Cold - Dry Summer,-138.75904,68.82343,CDS,climate_unique_adjusted_r2
4118,spatial_spd,unique_adjusted_r2,climate,0.04990260689663617,Europe,Cold - Warm Summer,19.67778,49.04167,CWS,climate_unique_adjusted_r2
1966,spatial_spd,unique_adjusted_r2,climate,0.07587183765854144,North America,Cold - Warm Summer,-94.119,47.075,CWS,climate_unique_adjusted_r2
15191,spatial_spd,unique_adjusted_r2,climate,-0.08131179231885943,North America,Temperate,-79.09388,35.17121,TMP,climate_unique_adjusted_r2
45725,spatial_spd,unique_adjusted_r2,climate,0.07482017565723742,Europe,Cold - Warm Summer,8.00356,58.24364,CWS,climate_unique_adjusted_r2
19834,spatial_spd,unique_adjusted_r2,climate,0.1568000839921032,North America,Cold - Hot Summer,-94.73356,43.67035,CHS,climate_unique_adjusted_r2
40793,spatial_spd,unique_adjusted_r2,climate,0.12145049240029304,North America,Cold - Hot Summer,-71.08776,42.61918,CHS,climate_unique_adjusted_r2
4375,spatial_spd,unique_adjusted_r2,climate,0.20251062088119642,Europe,Temperate,5.60833,45.425,TMP,climate_unique_adjusted_r2
15976,spatial_spd,unique_adjusted_r2,climate,0.25411450818965053,North America,Cold - Cold Summer,-158.5532,59.7939,CCS,climate_unique_adjusted_r2
517,spatial_spd,unique_adjusted_r2,climate,0.3275876966783473,North America,Cold - Dry Summer,-112.14974,36.52923,CDS,climate_unique_adjusted_r2
849,spatial_spd,unique_adjusted_r2,climate,0.13697259124884553,North America,Cold - Warm Summer,-93.75,49.58333,CWS,climate_unique_adjusted_r2
41189,spatial_spd,unique_adjusted_r2,climate,-0.046092252824074365,Europe,Temperate,-5.50139,56.38444,TMP,climate_unique_adjusted_r2
1987,spatial_spd,unique_adjusted_r2,climate,0.03007768295087676,North America,Cold - Cold Summer,-162.2,63.5,CCS,climate_unique_adjusted_r2
22662,spatial_spd,unique_adjusted_r2,climate,-0.08291079967995629,Europe,Cold - Cold Summer,7.72972,44.18822,CCS,climate_unique_adjusted_r2
841,spatial_spd,unique_adjusted_r2,climate,-0.03474526256033006,North America,Cold - Cold Summer,-109.93889,43.47167,CCS,climate_unique_adjusted_r2
17880,spatial_spd,unique_adjusted_r2,climate,0.26324985051539374,North America,Cold - Warm Summer,-72.45895,42.81014,CWS,climate_unique_adjusted_r2
40627,spatial_spd,unique_adjusted_r2,climate,-0.027998481098542083,Europe,Cold - Warm Summer,7.54333,46.64583,CWS,climate_unique_adjusted_r2
15368,spatial_spd,unique_adjusted_r2,climate,0.04701699599832976,North America,Arid,-114.04118,40.49611,ARD,climate_unique_adjusted_r2
3972,spatial_spd,unique_adjusted_r2,climate,0.029527987301367076,Europe,Temperate,-1.80028,47.25444,TMP,climate_unique_adjusted_r2
45393,spatial_spd,unique_adjusted_r2,climate,0.3806434273278604,Europe,Cold - Warm Summer,27.06917,57.73722,CWS,climate_unique_adjusted_r2
42542,spatial_spd,unique_adjusted_r2,climate,0.08100364444988295,Europe,Cold - Cold Summer,10.47453,51.7704,CCS,climate_unique_adjusted_r2
45312,spatial_spd,unique_adjusted_r2,climate,0.06749285601851684,Europe,Polar,18.16667,68.16667,POL,climate_unique_adjusted_r2
21790,spatial_spd,unique_adjusted_r2,climate,-0.025761692857189655,Europe,Cold - Cold Summer,14.92555,60.65141,CCS,climate_unique_adjusted_r2
45642,spatial_spd,unique_adjusted_r2,climate,0.16273918472040527,Europe,Cold - Cold Summer,18.07167,68.44417,CCS,climate_unique_adjusted_r2
1153,spatial_spd,unique_adjusted_r2,climate,0.042072048356257996,North America,Cold - Warm Summer,-93.64361,47.13556,CWS,climate_unique_adjusted_r2
22400,spatial_spd,unique_adjusted_r2,climate,-0.07946593087707987,North America,Cold - Cold Summer,-105.60599,39.65656,CCS,climate_unique_adjusted_r2
22346,spatial_spd,unique_adjusted_r2,climate,-0.02007240218823969,Europe,Cold - Warm Summer,13.7405,48.89756,CWS,climate_unique_adjusted_r2
4410,spatial_spd,unique_adjusted_r2,climate,0.0757785342712477,Europe,Temperate,-2.46806,47.80944,TMP,climate_unique_adjusted_r2
48986,spatial_spd,unique_adjusted_r2,climate,0.06567087356759038,Europe,Temperate,-2.46806,47.80944,TMP,climate_unique_adjusted_r2
41612,spatial_spd,unique_adjusted_r2,climate,0.01929535516284564,North America,Polar,-124.564,58.573,POL,climate_unique_adjusted_r2
47687,spatial_spd,unique_adjusted_r2,climate,0.1938747522628954,North America,Arid,-111.99647,42.29063,ARD,climate_unique_adjusted_r2
22669,spatial_spd,unique_adjusted_r2,climate,0.06337728944283993,Europe,Temperate,8.86542,53.43465,TMP,climate_unique_adjusted_r2
16009,spatial_spd,unique_adjusted_r2,climate,-0.13648825369433737,North America,Temperate,-85.40174,34.66311,TMP,climate_unique_adjusted_r2
48358,spatial_spd,unique_adjusted_r2,climate,-0.005554796731517042,Europe,Polar,20.078,49.15199,POL,climate_unique_adjusted_r2
1028,spatial_spd,unique_adjusted_r2,climate,0.3587454916952183,North America,Polar,-63.03333,58.2,POL,climate_unique_adjusted_r2
1715,spatial_spd,unique_adjusted_r2,climate,0.04000416997493361,North America,Cold - Warm Summer,-73.03056,46.72639,CWS,climate_unique_adjusted_r2
258,spatial_spd,unique_adjusted_r2,climate,0.2530904454914188,North America,Cold - Cold Summer,-76.12028,54.04722,CCS,climate_unique_adjusted_r2
43533,spatial_spd,unique_adjusted_r2,climate,0.4313701989201537,Europe,Temperate,-6.77117,58.26443,TMP,climate_unique_adjusted_r2
47502,spatial_spd,unique_adjusted_r2,climate,-0.026105985202203197,Latin America,Temperate,-79.14519,-3.98978,TMP,climate_unique_adjusted_r2
2266,spatial_spd,unique_adjusted_r2,climate,-0.12108232916134865,North America,Cold - Warm Summer,-58.8,48.26,CWS,climate_unique_adjusted_r2
24055,spatial_spd,unique_adjusted_r2,climate,0.1750212975988058,Europe,Cold - Cold Summer,11.45624,46.63707,CCS,climate_unique_adjusted_r2
287,spatial_spd,unique_adjusted_r2,climate,0.19534926045818302,North America,Cold - Hot Summer,-89.86667,43.08333,CHS,climate_unique_adjusted_r2
329,spatial_spd,unique_adjusted_r2,climate,-0.002980572278442839,North America,Cold - Warm Summer,-73.86806,45.96111,CWS,climate_unique_adjusted_r2
1548,spatial_spd,unique_adjusted_r2,climate,0.10009240573032885,North America,Cold - Warm Summer,-92.58798,46.71359,CWS,climate_unique_adjusted_r2
285,spatial_spd,unique_adjusted_r2,climate,-0.018641559585633072,Oceania,Cold - Cold Summer,148.31667,-36.41667,CCS,climate_unique_adjusted_r2
40914,spatial_spd,unique_adjusted_r2,climate,0.05847117356594311,North America,Cold - Warm Summer,-72.3758,44.359,CWS,climate_unique_adjusted_r2
45395,spatial_spd,unique_adjusted_r2,climate,0.2790606027288822,Europe,Cold - Warm Summer,27.06917,57.73722,CWS,climate_unique_adjusted_r2
46630,spatial_spd,unique_adjusted_r2,climate,-0.02787632759874148,North America,Temperate - Dry Summer,-123.68572,48.58358,TDS,climate_unique_adjusted_r2
4549,spatial_spd,unique_adjusted_r2,climate,0.04230612450996085,Europe,Polar,11.025,46.85833,POL,climate_unique_adjusted_r2
18100,spatial_spd,unique_adjusted_r2,climate,0.06352523933066634,Latin America,Tropical,-67.88831,10.09484,TRO,climate_unique_adjusted_r2
15366,spatial_spd,unique_adjusted_r2,climate,0.07164346897260265,Latin America,Polar,-77.47606,-7.63643,POL,climate_unique_adjusted_r2
15203,spatial_spd,unique_adjusted_r2,climate,0.1521169435875216,North America,Cold - Warm Summer,-79.95306,43.46139,CWS,climate_unique_adjusted_r2
15594,spatial_spd,unique_adjusted_r2,climate,0.0507684003539538,North America,Cold - Dry Summer,-116.66502,33.76797,CDS,climate_unique_adjusted_r2
15724,spatial_spd,unique_adjusted_r2,climate,0.1730462264875936,North America,Cold - Cold Summer,-149.908,64.413,CCS,climate_unique_adjusted_r2
14923,spatial_spd,unique_adjusted_r2,climate,0.03645555555378488,North America,Arid,-113.44306,45.83801,ARD,climate_unique_adjusted_r2
17404,spatial_spd,unique_adjusted_r2,climate,-0.021145191223117088,North America,Cold - Warm Summer,-86.48457,46.14313,CWS,climate_unique_adjusted_r2
16131,spatial_spd,unique_adjusted_r2,climate,-0.311360876501658,North America,Cold - Dry Summer,-115.4879,41.7816,CDS,climate_unique_adjusted_r2
3471,spatial_spd,unique_adjusted_r2,climate,0.20005409469412483,North America,Polar,-76.37833,57.11667,POL,climate_unique_adjusted_r2
1631,spatial_spd,unique_adjusted_r2,climate,0.17476010619182858,Latin America,Polar,-76.61667,-10.76667,POL,climate_unique_adjusted_r2
3130,spatial_spd,unique_adjusted_r2,climate,0.10410949280745574,North America,Cold - Warm Summer,-73.97256,44.18038,CWS,climate_unique_adjusted_r2
22791,spatial_spd,unique_adjusted_r2,climate,0.3165312905970701,Europe,Cold - Warm Summer,8.06643,47.92904,CWS,climate_unique_adjusted_r2
4259,spatial_spd,unique_adjusted_r2,climate,0.11712116887749702,Europe,Cold - Cold Summer,26.23393,62.34206,CCS,climate_unique_adjusted_r2
24863,spatial_spd,unique_adjusted_r2,climate,0.1993202586606787,Europe,Temperate,-0.09583,47.22167,TMP,climate_unique_adjusted_r2
4425,spatial_spd,unique_adjusted_r2,climate,0.01622756417061877,Europe,Cold - Warm Summer,6.33639,44.42,CWS,climate_unique_adjusted_r2
1633,spatial_spd,unique_adjusted_r2,climate,-0.01706230487803717,North America,Cold - Hot Summer,-92.82755,45.04603,CHS,climate_unique_adjusted_r2
15392,spatial_spd,unique_adjusted_r2,climate,0.3858217350228029,North America,Polar,-63.25413,67.18071,POL,climate_unique_adjusted_r2
22344,spatial_spd,unique_adjusted_r2,climate,-0.028024940753609506,Europe,Cold - Warm Summer,13.32283,49.15026,CWS,climate_unique_adjusted_r2
1755,spatial_spd,unique_adjusted_r2,climate,0.24961875800453137,North America,Cold - Cold Summer,-155.03333,66.91667,CCS,climate_unique_adjusted_r2
45281,spatial_spd,unique_adjusted_r2,climate,0.14976889601001897,Europe,Cold - Cold Summer,25.27361,47.1125,CCS,climate_unique_adjusted_r2
2352,spatial_spd,unique_adjusted_r2,climate,0.17366199284791817,North America,Cold - Cold Summer,-145.21667,68.26667,CCS,climate_unique_adjusted_r2
32426,spatial_spd,unique_adjusted_r2,climate,0.2217334225616585,Oceania,Temperate,145.96036,-41.45226,TMP,climate_unique_adjusted_r2
4393,spatial_spd,unique_adjusted_r2,climate,-0.024140654381262894,Europe,Cold - Cold Summer,24.17439,60.43763,CCS,climate_unique_adjusted_r2
4421,spatial_spd,unique_adjusted_r2,climate,0.06978890069821364,Europe,Temperate,-5.228,58.055,TMP,climate_unique_adjusted_r2
22960,spatial_spd,unique_adjusted_r2,climate,0.28372497904272576,Europe,Polar,7.97638,46.6798,POL,climate_unique_adjusted_r2
4377,spatial_spd,unique_adjusted_r2,climate,-0.07349806868943254,Europe,Cold - Warm Summer,21.27687,49.42344,CWS,climate_unique_adjusted_r2
3048,spatial_spd,unique_adjusted_r2,climate,0.0483916823946996,North America,Cold - Cold Summer,-119.48333,56.76667,CCS,climate_unique_adjusted_r2
857,spatial_spd,unique_adjusted_r2,climate,0.18222847436030742,North America,Cold - Warm Summer,-73.47583,46.27583,CWS,climate_unique_adjusted_r2
699,spatial_spd,unique_adjusted_r2,climate,0.06902156907070178,North America,Temperate,-76.45,36.58333,TMP,climate_unique_adjusted_r2
1621,spatial_spd,unique_adjusted_r2,climate,0.07161955876299231,Latin America,Tropical,-42.21667,-17.95,TRO,climate_unique_adjusted_r2
20833,spatial_spd,unique_adjusted_r2,climate,-0.07212413682482,North America,Cold - Warm Summer,-106.51142,36.04623,CWS,climate_unique_adjusted_r2
15904,spatial_spd,unique_adjusted_r2,climate,-0.06306472973865718,North America,Cold - Warm Summer,-78.40148,43.0402,CWS,climate_unique_adjusted_r2
2049,spatial_spd,unique_adjusted_r2,climate,0.14051962573300736,North America,Cold - Cold Summer,-105.54167,40.08333,CCS,climate_unique_adjusted_r2
324,spatial_spd,unique_adjusted_r2,climate,0.2832737349523464,North America,Cold - Warm Summer,-73.5711,42.5862,CWS,climate_unique_adjusted_r2
40111,spatial_spd,unique_adjusted_r2,climate,0.22281687799317484,North America,Temperate,-80.77947,34.16459,TMP,climate_unique_adjusted_r2
2381,spatial_spd,unique_adjusted_r2,climate,0.021453983995531112,North America,Cold - Cold Summer,-107.01325,44.26894,CCS,climate_unique_adjusted_r2
17385,spatial_spd,unique_adjusted_r2,climate,0.0031692967094135716,North America,Cold - Cold Summer,-148.24906,62.84226,CCS,climate_unique_adjusted_r2
1769,spatial_spd,unique_adjusted_r2,climate,0.12317168436873671,North America,Cold - Cold Summer,-58.05,52.26667,CCS,climate_unique_adjusted_r2
1142,spatial_spd,unique_adjusted_r2,climate,0.021746040511924525,North America,Cold - Cold Summer,-66.08333,66.135,CCS,climate_unique_adjusted_r2
796,spatial_spd,unique_adjusted_r2,climate,-0.04683876972526768,North America,Cold - Cold Summer,-110.3,44.06667,CCS,climate_unique_adjusted_r2
510,spatial_spd,unique_adjusted_r2,climate,0.011382414570035304,North America,Cold - Warm Summer,-73.34194,45.96083,CWS,climate_unique_adjusted_r2
22942,spatial_spd,unique_adjusted_r2,climate,0.15378601735474418,Europe,Cold - Warm Summer,20.20581,53.75192,CWS,climate_unique_adjusted_r2
16133,spatial_spd,unique_adjusted_r2,climate,-0.14607189593245473,North America,Arid,-115.518,41.1294,ARD,climate_unique_adjusted_r2
44896,spatial_spd,unique_adjusted_r2,climate,0.3357873260962174,Europe,Temperate,-4.10186,53.19743,TMP,climate_unique_adjusted_r2
16219,spatial_spd,unique_adjusted_r2,climate,0.32530080792649196,Europe,Temperate,-7.68021,53.40001,TMP,climate_unique_adjusted_r2
24952,spatial_spd,unique_adjusted_r2,climate,0.06452023553335029,Europe,Temperate,5.32667,46.53944,TMP,climate_unique_adjusted_r2
41909,spatial_spd,unique_adjusted_r2,climate,0.09015324302594219,Europe,Temperate - Dry Summer,-7.57639,40.34167,TDS,climate_unique_adjusted_r2
1762,spatial_spd,unique_adjusted_r2,climate,3.695719057669189e-4,North America,Cold - Cold Summer,-107.6975,37.73778,CCS,climate_unique_adjusted_r2
1639,spatial_spd,unique_adjusted_r2,climate,-6.39523110986584e-4,North America,Cold - Warm Summer,-93.60713,47.28046,CWS,climate_unique_adjusted_r2
4473,spatial_spd,unique_adjusted_r2,climate,0.020733228232655554,Europe,Cold - Warm Summer,21.1,49.63333,CWS,climate_unique_adjusted_r2
15955,spatial_spd,unique_adjusted_r2,climate,0.026711807730971815,Latin America,Polar,-79.1631,-2.77175,POL,climate_unique_adjusted_r2
1661,spatial_spd,unique_adjusted_r2,climate,0.37344997063124286,North America,Cold - Hot Summer,-75.66667,40.48333,CHS,climate_unique_adjusted_r2
48769,spatial_spd,unique_adjusted_r2,climate,0.15798768407501873,Europe,Temperate,8.76777,53.65389,TMP,climate_unique_adjusted_r2
22407,spatial_spd,unique_adjusted_r2,climate,-0.008842877713710506,North America,Cold - Dry Summer,-121.78506,44.76171,CDS,climate_unique_adjusted_r2
24032,spatial_spd,unique_adjusted_r2,climate,-0.09331851176210593,Europe,Cold - Warm Summer,24.33333,41.98333,CWS,climate_unique_adjusted_r2
40642,spatial_spd,unique_adjusted_r2,climate,-0.10760426953062852,Europe,Cold - Cold Summer,7.47917,46.31167,CCS,climate_unique_adjusted_r2
41589,spatial_spd,unique_adjusted_r2,climate,0.08452053250814728,Europe,Polar,7.40589,46.38679,POL,climate_unique_adjusted_r2
40958,spatial_spd,unique_adjusted_r2,climate,-0.1091064172694668,Europe,Cold - Warm Summer,8.9773,47.77416,CWS,climate_unique_adjusted_r2
2654,spatial_spd,unique_adjusted_r2,climate,-0.06201815751494821,North America,Cold - Warm Summer,-73.31694,45.54583,CWS,climate_unique_adjusted_r2
1160,spatial_spd,unique_adjusted_r2,climate,-0.051201315883438236,North America,Temperate,-85.7263,37.43148,TMP,climate_unique_adjusted_r2
823,spatial_spd,unique_adjusted_r2,climate,0.2319324619206926,North America,Cold - Warm Summer,-79.39,45.41,CWS,climate_unique_adjusted_r2
342,spatial_spd,unique_adjusted_r2,climate,0.06480335077784183,Europe,Cold - Cold Summer,7.69444,44.15,CCS,climate_unique_adjusted_r2
21903,spatial_spd,unique_adjusted_r2,climate,0.062412745155324356,Latin America,Tropical,-77.1432,2.0024,TRO,climate_unique_adjusted_r2
1443,spatial_spd,unique_adjusted_r2,climate,0.23371761377652467,Latin America,Polar,-69.18333,-14.8,POL,climate_unique_adjusted_r2
20029,spatial_spd,unique_adjusted_r2,climate,0.08037618478275077,Europe,Polar,27.71667,70.83333,POL,climate_unique_adjusted_r2
17393,spatial_spd,unique_adjusted_r2,climate,-0.024910838585721184,North America,Cold - Dry Summer,-121.49568,49.98997,CDS,climate_unique_adjusted_r2
22976,spatial_spd,unique_adjusted_r2,climate,-0.1088346375864051,Europe,Temperate - Dry Summer,10.89211,42.98735,TDS,climate_unique_adjusted_r2
22709,spatial_spd,unique_adjusted_r2,climate,0.06272177316877381,Europe,Temperate,-6.27778,57.6225,TMP,climate_unique_adjusted_r2
15902,spatial_spd,unique_adjusted_r2,climate,0.09961827420367397,North America,Temperate,-127.27054,51.00367,TMP,climate_unique_adjusted_r2
20295,spatial_spd,unique_adjusted_r2,climate,0.18296233376894455,North America,Cold - Dry Summer,-133.56345,60.44414,CDS,climate_unique_adjusted_r2
4192,spatial_spd,unique_adjusted_r2,climate,-0.028064465533979344,Europe,Cold - Warm Summer,17.38084,52.54901,CWS,climate_unique_adjusted_r2
44723,spatial_spd,unique_adjusted_r2,climate,0.012129577806204828,Europe,Cold - Warm Summer,8.08088,47.09076,CWS,climate_unique_adjusted_r2
316,spatial_spd,unique_adjusted_r2,climate,0.06807866011023589,North America,Cold - Hot Summer,-79.61639,38.15472,CHS,climate_unique_adjusted_r2
22049,spatial_spd,unique_adjusted_r2,climate,0.05310381702396172,Latin America,Temperate,-74.15686,4.99445,TMP,climate_unique_adjusted_r2
318,spatial_spd,unique_adjusted_r2,climate,0.2431146576576695,North America,Cold - Cold Summer,-110.26056,44.29861,CCS,climate_unique_adjusted_r2
3492,spatial_spd,unique_adjusted_r2,climate,0.1471337863654858,North America,Cold - Warm Summer,-95.01084,47.24089,CWS,climate_unique_adjusted_r2
678,spatial_spd,unique_adjusted_r2,climate,0.06427645473027699,North America,Cold - Cold Summer,-118.7,62.05,CCS,climate_unique_adjusted_r2
2637,spatial_spd,unique_adjusted_r2,climate,-0.004672940082765642,North America,Cold - Dry Summer,-145.7,63.06667,CDS,climate_unique_adjusted_r2
1704,spatial_spd,unique_adjusted_r2,climate,0.31125549549976794,North America,Cold - Cold Summer,-133.46667,68.26667,CCS,climate_unique_adjusted_r2
4286,spatial_spd,unique_adjusted_r2,climate,-0.009856861000301254,Europe,Cold - Cold Summer,21,68.91667,CCS,climate_unique_adjusted_r2
20131,spatial_spd,unique_adjusted_r2,climate,0.11012988962968184,Europe,Temperate,6.62428,52.76867,TMP,climate_unique_adjusted_r2
2286,spatial_spd,unique_adjusted_r2,climate,0.06913479514066301,North America,Cold - Warm Summer,-73.33083,45.96389,CWS,climate_unique_adjusted_r2
673,spatial_spd,unique_adjusted_r2,climate,0.0683696641379441,North America,Cold - Cold Summer,-71.83333,44.03333,CCS,climate_unique_adjusted_r2
3473,spatial_spd,unique_adjusted_r2,climate,-0.001988485230194792,North America,Cold - Warm Summer,-89.9,46.25,CWS,climate_unique_adjusted_r2
17396,spatial_spd,unique_adjusted_r2,climate,0.1908322593805628,North America,Cold - Warm Summer,-94.6867,46.96784,CWS,climate_unique_adjusted_r2
19323,spatial_spd,unique_adjusted_r2,climate,0.07240959787609602,North America,Cold - Dry Summer,-104.94659,66.34697,CDS,climate_unique_adjusted_r2
533,spatial_spd,unique_adjusted_r2,climate,-0.11222325188323401,North America,Cold - Cold Summer,-110.248,44.5048,CCS,climate_unique_adjusted_r2
4213,spatial_spd,unique_adjusted_r2,climate,0.04219731535099558,Europe,Cold - Warm Summer,7.29917,47.03194,CWS,climate_unique_adjusted_r2
22687,spatial_spd,unique_adjusted_r2,climate,0.10884496266412014,Europe,Cold - Warm Summer,12.91361,52.31361,CWS,climate_unique_adjusted_r2
41527,spatial_spd,unique_adjusted_r2,climate,0.050577229166827165,Europe,Temperate,-5.76889,43.52889,TMP,climate_unique_adjusted_r2
4492,spatial_spd,unique_adjusted_r2,climate,-0.03320853901763854,Europe,Temperate,-3.43333,43.15,TMP,climate_unique_adjusted_r2
45345,spatial_spd,unique_adjusted_r2,climate,0.08449344811397375,Europe,Cold - Cold Summer,9.41694,63.05972,CCS,climate_unique_adjusted_r2
21314,spatial_spd,unique_adjusted_r2,climate,0.032100467972167035,North America,Cold - Cold Summer,-145.45606,60.52977,CCS,climate_unique_adjusted_r2
516,spatial_spd,unique_adjusted_r2,climate,0.25345300042034935,North America,Cold - Warm Summer,-78.1,44.1,CWS,climate_unique_adjusted_r2
2289,spatial_spd,unique_adjusted_r2,climate,0.0710112618556974,North America,Cold - Warm Summer,-77.925,41.91667,CWS,climate_unique_adjusted_r2
40450,spatial_spd,unique_adjusted_r2,climate,-0.06751399479925835,Europe,Cold - Warm Summer,6.99669,47.01867,CWS,climate_unique_adjusted_r2
40791,spatial_spd,unique_adjusted_r2,climate,0.15643004706496833,North America,Cold - Warm Summer,-73.0961,42.3768,CWS,climate_unique_adjusted_r2
22757,spatial_spd,unique_adjusted_r2,climate,-0.03567147661875736,Europe,Cold - Cold Summer,13.86258,48.77426,CCS,climate_unique_adjusted_r2
46672,spatial_spd,unique_adjusted_r2,climate,-0.02238124575081013,North America,Temperate,-135.01426,56.54997,TMP,climate_unique_adjusted_r2
45701,spatial_spd,unique_adjusted_r2,climate,0.029518313413202213,Europe,Cold - Cold Summer,10.35774,61.1078,CCS,climate_unique_adjusted_r2
2377,spatial_spd,unique_adjusted_r2,climate,-0.00706960227119402,North America,Cold - Warm Summer,-64.18333,45.01667,CWS,climate_unique_adjusted_r2
275,spatial_spd,unique_adjusted_r2,climate,0.11107650974431682,North America,Cold - Warm Summer,-94.55363,46.2693,CWS,climate_unique_adjusted_r2
18104,spatial_spd,unique_adjusted_r2,climate,0.4059713931236778,Latin America,Temperate - Dry Summer,-71.05064,-36.86011,TDS,climate_unique_adjusted_r2
3042,spatial_spd,unique_adjusted_r2,climate,0.03924162765982819,North America,Cold - Warm Summer,-80.4,43.91,CWS,climate_unique_adjusted_r2
17292,spatial_spd,unique_adjusted_r2,climate,-0.028171800109143774,North America,Cold - Cold Summer,-105.26667,55.26667,CCS,climate_unique_adjusted_r2
22101,spatial_spd,unique_adjusted_r2,climate,0.09137616699172246,Latin America,Polar,-76.09258,6.47451,POL,climate_unique_adjusted_r2
4479,spatial_spd,unique_adjusted_r2,climate,0.018029164124196417,Europe,Cold - Warm Summer,21.56259,49.73807,CWS,climate_unique_adjusted_r2
4017,spatial_spd,unique_adjusted_r2,climate,0.1974160238419519,Europe,Cold - Cold Summer,33.85,62.31667,CCS,climate_unique_adjusted_r2
2879,spatial_spd,unique_adjusted_r2,climate,0.061362961791990966,North America,Cold - Cold Summer,-116.3678,50.78295,CCS,climate_unique_adjusted_r2
20281,spatial_spd,unique_adjusted_r2,climate,0.19391132723587046,North America,Arid,-135.34404,60.81122,ARD,climate_unique_adjusted_r2
19937,spatial_spd,unique_adjusted_r2,climate,-0.06582846436836565,North America,Cold - Hot Summer,-86.52289,41.75667,CHS,climate_unique_adjusted_r2
3582,spatial_spd,unique_adjusted_r2,climate,0.3301230645083617,North America,Temperate,-76.68333,36.16667,TMP,climate_unique_adjusted_r2
48616,spatial_spd,unique_adjusted_r2,climate,0.3362727601899351,North America,Cold - Cold Summer,-120.65228,53.60656,CCS,climate_unique_adjusted_r2
40976,spatial_spd,unique_adjusted_r2,climate,-0.07514938078453359,North America,Temperate - Dry Summer,-125.1271,49.7887,TDS,climate_unique_adjusted_r2
19913,spatial_spd,unique_adjusted_r2,climate,0.17037365978752372,Europe,Cold - Cold Summer,14.45,63.88333,CCS,climate_unique_adjusted_r2
20678,spatial_spd,unique_adjusted_r2,climate,-0.027050167802988634,North America,Cold - Dry Summer,-120.223,41.38,CDS,climate_unique_adjusted_r2
15333,spatial_spd,unique_adjusted_r2,climate,0.07529067520779609,North America,Arid,-135.76982,60.84984,ARD,climate_unique_adjusted_r2
497,spatial_spd,unique_adjusted_r2,climate,0.38136713580592707,North America,Cold - Hot Summer,-93.27,42.02,CHS,climate_unique_adjusted_r2
2611,spatial_spd,unique_adjusted_r2,climate,0.2127333480450424,North America,Cold - Dry Summer,-137.95778,60.95,CDS,climate_unique_adjusted_r2
1965,spatial_spd,unique_adjusted_r2,climate,0.18336220517376556,North America,Cold - Warm Summer,-79.78,44.93,CWS,climate_unique_adjusted_r2
1703,spatial_spd,unique_adjusted_r2,climate,0.3185733213577754,North America,Cold - Warm Summer,-71.42278,47.07778,CWS,climate_unique_adjusted_r2
2011,spatial_spd,unique_adjusted_r2,climate,-0.03676812242872474,North America,Cold - Warm Summer,-88.1,43.4,CWS,climate_unique_adjusted_r2
40988,spatial_spd,unique_adjusted_r2,climate,0.15963913109498584,North America,Cold - Warm Summer,-72.1952,42.6749,CWS,climate_unique_adjusted_r2
14110,spatial_spd,unique_adjusted_r2,climate,0.023924299622095968,Europe,Temperate,-6.42829,52.95764,TMP,climate_unique_adjusted_r2
2576,spatial_spd,unique_adjusted_r2,climate,-0.0011140453762283897,North America,Cold - Warm Summer,-110.35,44.93333,CWS,climate_unique_adjusted_r2
41485,spatial_spd,unique_adjusted_r2,climate,0.186256853964338,Europe,Temperate,-8.46915,54.77481,TMP,climate_unique_adjusted_r2
15866,spatial_spd,unique_adjusted_r2,climate,0.15864613071053368,North America,Cold - Warm Summer,-75.27217,41.03345,CWS,climate_unique_adjusted_r2
41762,spatial_spd,unique_adjusted_r2,climate,0.2862253001539591,North America,Cold - Warm Summer,-114.37266,48.15888,CWS,climate_unique_adjusted_r2
22786,spatial_spd,unique_adjusted_r2,climate,0.31128715245189753,Europe,Cold - Cold Summer,8.51833,46.445,CCS,climate_unique_adjusted_r2
14498,spatial_spd,unique_adjusted_r2,climate,0.10109674030544935,North America,Cold - Cold Summer,-115.93464,50.77669,CCS,climate_unique_adjusted_r2
24089,spatial_spd,unique_adjusted_r2,climate,0.28497190279196194,Europe,Cold - Warm Summer,13.48881,50.52085,CWS,climate_unique_adjusted_r2
688,spatial_spd,unique_adjusted_r2,climate,0.15333187519650815,North America,Polar,-69.95833,60.9875,POL,climate_unique_adjusted_r2
20304,spatial_spd,unique_adjusted_r2,climate,-0.011798124468229365,North America,Cold - Cold Summer,-106.84506,37.6097,CCS,climate_unique_adjusted_r2
45698,spatial_spd,unique_adjusted_r2,climate,-0.09585707681635469,Europe,Cold - Cold Summer,10.87192,60.83329,CCS,climate_unique_adjusted_r2
1654,spatial_spd,unique_adjusted_r2,climate,0.16550305749094507,Latin America,Polar,-76.35,-11.56667,POL,climate_unique_adjusted_r2
21708,spatial_spd,unique_adjusted_r2,climate,0.12411244048865,Latin America,Temperate - Dry Summer,-73.77985,5.42453,TDS,climate_unique_adjusted_r2
1902,spatial_spd,unique_adjusted_r2,climate,0.07284729908802134,North America,Cold - Dry Summer,-121.43286,49.49253,CDS,climate_unique_adjusted_r2
24996,spatial_spd,unique_adjusted_r2,climate,0.18351954418074012,Europe,Cold - Cold Summer,5.88528,45.05611,CCS,climate_unique_adjusted_r2
821,spatial_spd,unique_adjusted_r2,climate,0.0937732784692249,North America,Cold - Warm Summer,-72.98278,45.28278,CWS,climate_unique_adjusted_r2
22047,spatial_spd,unique_adjusted_r2,climate,0.002723601068991166,Latin America,Temperate,-74.15686,4.99445,TMP,climate_unique_adjusted_r2
20050,spatial_spd,unique_adjusted_r2,climate,-0.02311562121222699,Europe,Cold - Cold Summer,6,59.81667,CCS,climate_unique_adjusted_r2
45351,spatial_spd,unique_adjusted_r2,climate,0.10190580527112914,Europe,Cold - Cold Summer,10.26778,61.5625,CCS,climate_unique_adjusted_r2
2050,spatial_spd,unique_adjusted_r2,climate,0.07379963601716144,North America,Cold - Cold Summer,-152.6,67.25,CCS,climate_unique_adjusted_r2
22805,spatial_spd,unique_adjusted_r2,climate,0.11323401872995564,Europe,Temperate,2.43806,42.16222,TMP,climate_unique_adjusted_r2
1890,spatial_spd,unique_adjusted_r2,climate,0.22079296195310694,North America,Cold - Cold Summer,-66.26667,50.55,CCS,climate_unique_adjusted_r2
2588,spatial_spd,unique_adjusted_r2,climate,0.019889282323008795,North America,Cold - Cold Summer,-107.08325,38.82933,CCS,climate_unique_adjusted_r2
239,spatial_spd,unique_adjusted_r2,climate,-0.09529016587484695,North America,Temperate - Dry Summer,-122.49167,45.8,TDS,climate_unique_adjusted_r2
14803,spatial_spd,unique_adjusted_r2,climate,-0.03523159277803489,North America,Cold - Cold Summer,-114.98364,45.70637,CCS,climate_unique_adjusted_r2
15413,spatial_spd,unique_adjusted_r2,climate,0.041104589245210654,North America,Cold - Dry Summer,-150.76444,60.62067,CDS,climate_unique_adjusted_r2
4555,spatial_spd,unique_adjusted_r2,climate,0.14466902603839427,Europe,Cold - Cold Summer,6.74944,45.88472,CCS,climate_unique_adjusted_r2
48982,spatial_spd,unique_adjusted_r2,climate,0.08666842492709825,Europe,Cold - Cold Summer,6.74944,45.88472,CCS,climate_unique_adjusted_r2
343,spatial_spd,unique_adjusted_r2,climate,0.080393729481539,North America,Cold - Dry Summer,-120.88056,45.91806,CDS,climate_unique_adjusted_r2
2025,spatial_spd,unique_adjusted_r2,climate,0.40514027357156934,North America,Cold - Cold Summer,-153.65,67.14722,CCS,climate_unique_adjusted_r2
24048,spatial_spd,unique_adjusted_r2,climate,-0.059363957943768364,Europe,Polar,8.25556,46.54722,POL,climate_unique_adjusted_r2
1003,spatial_spd,unique_adjusted_r2,climate,0.10244500447488047,North America,Cold - Dry Summer,-138.38333,68.38333,CDS,climate_unique_adjusted_r2
3563,spatial_spd,unique_adjusted_r2,climate,0.1515511193926803,North America,Cold - Hot Summer,-85.25,41.58306,CHS,climate_unique_adjusted_r2
46292,spatial_spd,unique_adjusted_r2,climate,0.20008787904506864,North America,Cold - Warm Summer,-113.91295,47.24042,CWS,climate_unique_adjusted_r2
834,spatial_spd,unique_adjusted_r2,climate,-0.013979489329188799,North America,Cold - Cold Summer,-101.68167,54.74222,CCS,climate_unique_adjusted_r2
20279,spatial_spd,unique_adjusted_r2,climate,0.2547076674340516,Europe,Polar,25.36415,71.07382,POL,climate_unique_adjusted_r2
4415,spatial_spd,unique_adjusted_r2,climate,-0.05357594760100326,Europe,Cold - Cold Summer,32.96292,65.09296,CCS,climate_unique_adjusted_r2
20012,spatial_spd,unique_adjusted_r2,climate,0.014907578844013836,Europe,Temperate,13.58333,68.13333,TMP,climate_unique_adjusted_r2
24080,spatial_spd,unique_adjusted_r2,climate,0.11759167407161453,Europe,Cold - Cold Summer,10.33554,46.46957,CCS,climate_unique_adjusted_r2
2004,spatial_spd,unique_adjusted_r2,climate,0.20109668425634364,North America,Cold - Cold Summer,-110.56667,64.11667,CCS,climate_unique_adjusted_r2
15101,spatial_spd,unique_adjusted_r2,climate,0.10882488787488809,Latin America,Temperate - Dry Summer,-71.4207,-42.50389,TDS,climate_unique_adjusted_r2
3774,spatial_spd,unique_adjusted_r2,climate,0.051937484375980114,North America,Cold - Warm Summer,-98.60348,47.06837,CWS,climate_unique_adjusted_r2
1771,spatial_spd,unique_adjusted_r2,climate,0.13761899345512363,Latin America,Polar,-73,-50.46667,POL,climate_unique_adjusted_r2
15967,spatial_spd,unique_adjusted_r2,climate,0.020955252104464694,North America,Cold - Dry Summer,-111.52408,34.77379,CDS,climate_unique_adjusted_r2
1607,spatial_spd,unique_adjusted_r2,climate,0.15736772654178854,North America,Cold - Warm Summer,-81.31667,48.4,CWS,climate_unique_adjusted_r2
17336,spatial_spd,unique_adjusted_r2,climate,0.03977782041072042,Europe,Temperate,-8.15353,52.37189,TMP,climate_unique_adjusted_r2
987,spatial_spd,unique_adjusted_r2,climate,0.20530023769244954,North America,Cold - Cold Summer,-55.51667,50.76889,CCS,climate_unique_adjusted_r2
15646,spatial_spd,unique_adjusted_r2,climate,-0.13930308044875506,North America,Cold - Dry Summer,-122.5609,41.34563,CDS,climate_unique_adjusted_r2
15061,spatial_spd,unique_adjusted_r2,climate,0.2595172145809014,Latin America,Temperate - Dry Summer,-71.29522,-42.35994,TDS,climate_unique_adjusted_r2
20609,spatial_spd,unique_adjusted_r2,climate,0.050857153395788,North America,Cold - Warm Summer,-119.30346,52.10981,CWS,climate_unique_adjusted_r2
40448,spatial_spd,unique_adjusted_r2,climate,0.1391234323848446,Europe,Polar,10.26429,46.81088,POL,climate_unique_adjusted_r2
3046,spatial_spd,unique_adjusted_r2,climate,0.032834851787647445,North America,Cold - Warm Summer,-79.63778,48.50389,CWS,climate_unique_adjusted_r2
1610,spatial_spd,unique_adjusted_r2,climate,-0.06373607107171142,Latin America,Arid,-67.83333,-53.5,ARD,climate_unique_adjusted_r2
331,spatial_spd,unique_adjusted_r2,climate,0.13885215678123997,North America,Temperate,-85.01667,30.26667,TMP,climate_unique_adjusted_r2
1711,spatial_spd,unique_adjusted_r2,climate,-0.02567258933658434,Latin America,Temperate - Dry Summer,-71.46667,-41.25,TDS,climate_unique_adjusted_r2
48931,spatial_spd,unique_adjusted_r2,climate,0.1304997236387978,Europe,Arid,-4.14498,41.31848,ARD,climate_unique_adjusted_r2
3935,spatial_spd,unique_adjusted_r2,climate,0.14279824863821244,Europe,Cold - Warm Summer,15.19097,49.04174,CWS,climate_unique_adjusted_r2
15032,spatial_spd,unique_adjusted_r2,climate,0.08629980176291674,North America,Cold - Warm Summer,-88.32806,47.12324,CWS,climate_unique_adjusted_r2
4445,spatial_spd,unique_adjusted_r2,climate,0.20951854679814563,Europe,Temperate,8.61199,56.12781,TMP,climate_unique_adjusted_r2
15417,spatial_spd,unique_adjusted_r2,climate,-0.049564334605984195,North America,Cold - Dry Summer,-130.84004,57.481,CDS,climate_unique_adjusted_r2
4391,spatial_spd,unique_adjusted_r2,climate,0.11449582808691428,Europe,Cold - Cold Summer,32.63333,64.08333,CCS,climate_unique_adjusted_r2
24867,spatial_spd,unique_adjusted_r2,climate,0.27863242338025707,Europe,Temperate,-1.50278,47.40278,TMP,climate_unique_adjusted_r2
3484,spatial_spd,unique_adjusted_r2,climate,0.2715718085261729,North America,Temperate,-83.25833,30.725,TMP,climate_unique_adjusted_r2
317,spatial_spd,unique_adjusted_r2,climate,-0.03495789071428246,Europe,Cold - Cold Summer,28.39012,70.17739,CCS,climate_unique_adjusted_r2
21926,spatial_spd,unique_adjusted_r2,climate,0.235488520970508,Latin America,Polar,-74.10008,5.07352,POL,climate_unique_adjusted_r2
42563,spatial_spd,unique_adjusted_r2,climate,0.05653615480344165,Europe,Temperate,-8.39009,55.01806,TMP,climate_unique_adjusted_r2
777,spatial_spd,unique_adjusted_r2,climate,0.04330767258453738,North America,Cold - Cold Summer,-58.55,53.23333,CCS,climate_unique_adjusted_r2
40566,spatial_spd,unique_adjusted_r2,climate,0.16362707175131197,Europe,Cold - Warm Summer,8.83094,47.61335,CWS,climate_unique_adjusted_r2
15403,spatial_spd,unique_adjusted_r2,climate,0.10242810821822879,North America,Cold - Warm Summer,-95.40482,47.68075,CWS,climate_unique_adjusted_r2
20194,spatial_spd,unique_adjusted_r2,climate,-0.08470652157908987,North America,Arid,-103.62565,48.60626,ARD,climate_unique_adjusted_r2
4372,spatial_spd,unique_adjusted_r2,climate,0.010557597422719334,Europe,Cold - Cold Summer,20.31667,69.35,CCS,climate_unique_adjusted_r2
4382,spatial_spd,unique_adjusted_r2,climate,0.35420215071728045,Europe,Cold - Warm Summer,8.32556,47.07556,CWS,climate_unique_adjusted_r2
16193,spatial_spd,unique_adjusted_r2,climate,0.23850404047149765,North America,Cold - Warm Summer,-78.32909,44.08857,CWS,climate_unique_adjusted_r2
42720,spatial_spd,unique_adjusted_r2,climate,0.06610468766150124,Europe,Cold - Warm Summer,6.75027,50.0978,CWS,climate_unique_adjusted_r2
811,spatial_spd,unique_adjusted_r2,climate,0.019545123769735606,North America,Cold - Dry Summer,-156.03333,68.13333,CDS,climate_unique_adjusted_r2
22828,spatial_spd,unique_adjusted_r2,climate,0.14693972460516846,Europe,Cold - Warm Summer,23.52821,47.80939,CWS,climate_unique_adjusted_r2
1657,spatial_spd,unique_adjusted_r2,climate,0.12661897225154628,North America,Cold - Cold Summer,-119.71667,56.71667,CCS,climate_unique_adjusted_r2
1520,spatial_spd,unique_adjusted_r2,climate,0.028159927721598366,North America,Cold - Hot Summer,-93.1249,44.7693,CHS,climate_unique_adjusted_r2
1663,spatial_spd,unique_adjusted_r2,climate,0.2063849580156225,North America,Cold - Warm Summer,-68.2,45.03333,CWS,climate_unique_adjusted_r2
14512,spatial_spd,unique_adjusted_r2,climate,0.19213966631394197,Europe,Temperate,-7.41421,53.36487,TMP,climate_unique_adjusted_r2
356,spatial_spd,unique_adjusted_r2,climate,0.17895100150294585,Latin America,Polar,-68.15,-16.36667,POL,climate_unique_adjusted_r2
519,spatial_spd,unique_adjusted_r2,climate,-6.193015754163422e-5,North America,Cold - Warm Summer,-81.26667,49.18333,CWS,climate_unique_adjusted_r2
15715,spatial_spd,unique_adjusted_r2,climate,-0.09759232154018527,North America,Cold - Dry Summer,-120.78,42.556,CDS,climate_unique_adjusted_r2
3047,spatial_spd,unique_adjusted_r2,climate,0.25614046934542156,North America,Cold - Warm Summer,-87.94333,46.75414,CWS,climate_unique_adjusted_r2
20018,spatial_spd,unique_adjusted_r2,climate,0.16480283761743175,Europe,Polar,10.39435,62.33017,POL,climate_unique_adjusted_r2
281,spatial_spd,unique_adjusted_r2,climate,0.12766093435649395,North America,Temperate,-88.47444,33.56333,TMP,climate_unique_adjusted_r2
21603,spatial_spd,unique_adjusted_r2,climate,0.014197452767833907,Latin America,Arid,-71.70905,-13.09272,ARD,climate_unique_adjusted_r2
48917,spatial_spd,unique_adjusted_r2,climate,0.10310170109893768,Europe,Cold - Warm Summer,22.42306,58.52611,CWS,climate_unique_adjusted_r2
304,spatial_spd,unique_adjusted_r2,climate,0.02114971570899371,North America,Temperate,-97.12611,30.36,TMP,climate_unique_adjusted_r2
15035,spatial_spd,unique_adjusted_r2,climate,0.2758378656133287,North America,Cold - Warm Summer,-89.0935,47.91059,CWS,climate_unique_adjusted_r2
1849,spatial_spd,unique_adjusted_r2,climate,0.1644706952084175,North America,Cold - Cold Summer,-57.75,53.05,CCS,climate_unique_adjusted_r2
16212,spatial_spd,unique_adjusted_r2,climate,0.08235823140931164,Europe,Cold - Warm Summer,-2.84844,41.99772,CWS,climate_unique_adjusted_r2
1705,spatial_spd,unique_adjusted_r2,climate,0.1777224916750677,North America,Temperate,-122.54722,49.30833,TMP,climate_unique_adjusted_r2
492,spatial_spd,unique_adjusted_r2,climate,0.13787579138449324,North America,Temperate,-78.95401,33.79844,TMP,climate_unique_adjusted_r2
4203,spatial_spd,unique_adjusted_r2,climate,0.30399072269957916,Europe,Cold - Warm Summer,27.57509,59.30546,CWS,climate_unique_adjusted_r2
42722,spatial_spd,unique_adjusted_r2,climate,-0.061539012512592306,North America,Cold - Warm Summer,-55.4959,48.24689,CWS,climate_unique_adjusted_r2
550,spatial_spd,unique_adjusted_r2,climate,0.09861152456767186,North America,Temperate - Dry Summer,-122.25,46.59167,TDS,climate_unique_adjusted_r2
3830,spatial_spd,unique_adjusted_r2,climate,-0.0035093684902440803,North America,Cold - Warm Summer,-74.05822,44.14671,CWS,climate_unique_adjusted_r2
17359,spatial_spd,unique_adjusted_r2,climate,0.04726471079760575,North America,Cold - Cold Summer,-149.26043,63.88385,CCS,climate_unique_adjusted_r2
40579,spatial_spd,unique_adjusted_r2,climate,0.17638347345832506,Europe,Cold - Cold Summer,8.51833,46.445,CCS,climate_unique_adjusted_r2
41183,spatial_spd,unique_adjusted_r2,climate,0.07740064387564194,North America,Cold - Dry Summer,-149.91417,60.25387,CDS,climate_unique_adjusted_r2
15189,spatial_spd,unique_adjusted_r2,climate,0.0597996765461436,North America,Cold - Cold Summer,-152.49547,67.10883,CCS,climate_unique_adjusted_r2
534,spatial_spd,unique_adjusted_r2,climate,-0.022801023368494322,North America,Cold - Warm Summer,-111.18333,44.125,CWS,climate_unique_adjusted_r2
4362,spatial_spd,unique_adjusted_r2,climate,0.24727414800089087,Europe,Cold - Warm Summer,27.25948,57.68477,CWS,climate_unique_adjusted_r2
41770,spatial_spd,unique_adjusted_r2,climate,-1.5973027276239282e-4,Europe,Temperate,8.92794,45.99663,TMP,climate_unique_adjusted_r2
45101,spatial_spd,unique_adjusted_r2,climate,0.08195614021458963,Europe,Arid,21.91667,40.81667,ARD,climate_unique_adjusted_r2
4288,spatial_spd,unique_adjusted_r2,climate,0.18576941947760006,Europe,Cold - Cold Summer,33.5,61.80556,CCS,climate_unique_adjusted_r2
22814,spatial_spd,unique_adjusted_r2,climate,-0.13423013456299815,Europe,Cold - Warm Summer,25.89735,46.12662,CWS,climate_unique_adjusted_r2
2951,spatial_spd,unique_adjusted_r2,climate,-0.011210428436951414,North America,Cold - Cold Summer,-57.3,51.51667,CCS,climate_unique_adjusted_r2
4403,spatial_spd,unique_adjusted_r2,climate,0.320296792851974,Europe,Cold - Warm Summer,12.41426,57.16313,CWS,climate_unique_adjusted_r2
1006,spatial_spd,unique_adjusted_r2,climate,0.10611913142141849,North America,Cold - Cold Summer,-146.9075,64.44444,CCS,climate_unique_adjusted_r2
871,spatial_spd,unique_adjusted_r2,climate,0.07467400838769511,North America,Cold - Warm Summer,-74.37083,45.94583,CWS,climate_unique_adjusted_r2
17371,spatial_spd,unique_adjusted_r2,climate,0.02432217259327063,Latin America,Polar,-67.83333,-54.71667,POL,climate_unique_adjusted_r2
1448,spatial_spd,unique_adjusted_r2,climate,-0.03802523760293375,North America,Cold - Warm Summer,-87.84806,44.23806,CWS,climate_unique_adjusted_r2
24155,spatial_spd,unique_adjusted_r2,climate,0.2907936427892418,Europe,Cold - Cold Summer,22.05346,68.68811,CCS,climate_unique_adjusted_r2
40454,spatial_spd,unique_adjusted_r2,climate,-0.03460935879561633,Europe,Temperate,7.12361,46.935,TMP,climate_unique_adjusted_r2
22817,spatial_spd,unique_adjusted_r2,climate,-0.08357926823760997,Europe,Cold - Warm Summer,13.25694,52.58583,CWS,climate_unique_adjusted_r2
25232,spatial_spd,unique_adjusted_r2,climate,0.0036571544581452953,Europe,Temperate,2.5175,45.07611,TMP,climate_unique_adjusted_r2
43525,spatial_spd,unique_adjusted_r2,climate,0.169706037641998,Europe,Temperate,-7.27146,57.35101,TMP,climate_unique_adjusted_r2
20046,spatial_spd,unique_adjusted_r2,climate,-0.031538662084007685,Europe,Polar,8.66667,61.41667,POL,climate_unique_adjusted_r2
4209,spatial_spd,unique_adjusted_r2,climate,-0.0852563288811945,Europe,Temperate,-4.74263,56.00316,TMP,climate_unique_adjusted_r2
1622,spatial_spd,unique_adjusted_r2,climate,-0.14669975426295156,North America,Cold - Warm Summer,-55.47306,49.47139,CWS,climate_unique_adjusted_r2
4467,spatial_spd,unique_adjusted_r2,climate,0.05723332705170614,Europe,Cold - Cold Summer,23.56001,42.06517,CCS,climate_unique_adjusted_r2
15793,spatial_spd,unique_adjusted_r2,climate,0.055352238139243726,North America,Cold - Warm Summer,-67.4015,46.89286,CWS,climate_unique_adjusted_r2
15680,spatial_spd,unique_adjusted_r2,climate,-0.07673548289189602,North America,Cold - Dry Summer,-120.38753,39.05223,CDS,climate_unique_adjusted_r2
3928,spatial_spd,unique_adjusted_r2,climate,0.18445108924578268,Europe,Cold - Cold Summer,32.76667,62.03333,CCS,climate_unique_adjusted_r2
4531,spatial_spd,unique_adjusted_r2,climate,0.10250917792652581,Europe,Cold - Warm Summer,22.38333,58.46667,CWS,climate_unique_adjusted_r2
2314,spatial_spd,unique_adjusted_r2,climate,0.02956497926865953,North America,Cold - Hot Summer,-93.86307,44.86829,CHS,climate_unique_adjusted_r2
339,spatial_spd,unique_adjusted_r2,climate,0.14815883331447166,North America,Cold - Warm Summer,-64.94,48.19778,CWS,climate_unique_adjusted_r2
1807,spatial_spd,unique_adjusted_r2,climate,0.2732249707414568,North America,Cold - Warm Summer,-81.5,46.6,CWS,climate_unique_adjusted_r2
514,spatial_spd,unique_adjusted_r2,climate,0.03954107247470673,North America,Polar,-106.41121,38.82854,POL,climate_unique_adjusted_r2
3125,spatial_spd,unique_adjusted_r2,climate,0.2552166222462544,North America,Cold - Cold Summer,-99.6594,50.6907,CCS,climate_unique_adjusted_r2
20922,spatial_spd,unique_adjusted_r2,climate,-0.123972447879938,North America,Cold - Cold Summer,-106.25685,41.37674,CCS,climate_unique_adjusted_r2
41606,spatial_spd,unique_adjusted_r2,climate,0.2591363684590595,North America,Polar,-124.688,58.485,POL,climate_unique_adjusted_r2
352,spatial_spd,unique_adjusted_r2,climate,0.04297484286885822,North America,Cold - Hot Summer,-93.19722,45.41111,CHS,climate_unique_adjusted_r2
17304,spatial_spd,unique_adjusted_r2,climate,0.042579087905518564,North America,Cold - Warm Summer,-89.5565,45.51884,CWS,climate_unique_adjusted_r2
22732,spatial_spd,unique_adjusted_r2,climate,0.031835106702129634,Europe,Cold - Warm Summer,7.69021,45.68554,CWS,climate_unique_adjusted_r2
2609,spatial_spd,unique_adjusted_r2,climate,0.07209694507249564,North America,Cold - Hot Summer,-84.68944,40.21667,CHS,climate_unique_adjusted_r2
48798,spatial_spd,unique_adjusted_r2,climate,0.04714627708405261,Europe,Temperate,8.72184,53.67137,TMP,climate_unique_adjusted_r2
21978,spatial_spd,unique_adjusted_r2,climate,0.2337009897253962,Latin America,Temperate,-74.15686,4.99445,TMP,climate_unique_adjusted_r2
22793,spatial_spd,unique_adjusted_r2,climate,0.10802760462616123,Europe,Cold - Cold Summer,10.47806,46.86278,CCS,climate_unique_adjusted_r2
15766,spatial_spd,unique_adjusted_r2,climate,-0.10172611097031414,North America,Temperate - Dry Summer,-118.99583,36.98158,TDS,climate_unique_adjusted_r2
46481,spatial_spd,unique_adjusted_r2,climate,0.29222134280847345,Europe,Cold - Warm Summer,32.0275,56.28528,CWS,climate_unique_adjusted_r2
17713,spatial_spd,unique_adjusted_r2,climate,0.15021725834810906,North America,Cold - Cold Summer,-104.94231,55.42836,CCS,climate_unique_adjusted_r2
20651,spatial_spd,unique_adjusted_r2,climate,-0.0490182950763689,North America,Polar,-138.092,61.018,POL,climate_unique_adjusted_r2
47520,spatial_spd,unique_adjusted_r2,climate,0.13784302826528394,Europe,Cold - Cold Summer,13.39869,49.07402,CCS,climate_unique_adjusted_r2
4359,spatial_spd,unique_adjusted_r2,climate,0.11995350712811825,Europe,Temperate,1.64583,45.84972,TMP,climate_unique_adjusted_r2
1788,spatial_spd,unique_adjusted_r2,climate,0.12969026205726397,North America,Polar,-128.8,63.01667,POL,climate_unique_adjusted_r2
4183,spatial_spd,unique_adjusted_r2,climate,0.10231904551586712,Europe,Cold - Cold Summer,30.53333,64.56667,CCS,climate_unique_adjusted_r2
816,spatial_spd,unique_adjusted_r2,climate,0.07153532230224868,North America,Temperate - Dry Summer,-119.83333,37,TDS,climate_unique_adjusted_r2
3056,spatial_spd,unique_adjusted_r2,climate,-0.027035583820443576,North America,Polar,-105.51561,37.56888,POL,climate_unique_adjusted_r2
40803,spatial_spd,unique_adjusted_r2,climate,0.1927949754839069,North America,Cold - Hot Summer,-70.63644,41.56329,CHS,climate_unique_adjusted_r2
16278,spatial_spd,unique_adjusted_r2,climate,0.18815677237444017,North America,Cold - Warm Summer,-78.10417,44.16583,CWS,climate_unique_adjusted_r2
1632,spatial_spd,unique_adjusted_r2,climate,0.23545957970493747,North America,Cold - Dry Summer,-135.4,59.2,CDS,climate_unique_adjusted_r2
1904,spatial_spd,unique_adjusted_r2,climate,0.30115056397175843,North America,Cold - Warm Summer,-75.80833,45.46944,CWS,climate_unique_adjusted_r2
48948,spatial_spd,unique_adjusted_r2,climate,-0.0010522209394792092,Europe,Polar,6.59028,44.99361,POL,climate_unique_adjusted_r2
25837,spatial_spd,unique_adjusted_r2,climate,0.1557131374177323,Europe,Cold - Cold Summer,12.13889,47.24306,CCS,climate_unique_adjusted_r2
2961,spatial_spd,unique_adjusted_r2,climate,-0.0447647450529326,North America,Cold - Hot Summer,-85.38333,42.4,CHS,climate_unique_adjusted_r2
4145,spatial_spd,unique_adjusted_r2,climate,0.011958469015455386,Europe,Cold - Cold Summer,32.16667,65.08333,CCS,climate_unique_adjusted_r2
1152,spatial_spd,unique_adjusted_r2,climate,0.10779348470832883,North America,Cold - Cold Summer,-107.03333,38.865,CCS,climate_unique_adjusted_r2
3468,spatial_spd,unique_adjusted_r2,climate,0.15539503729012305,North America,Cold - Hot Summer,-93.69945,45.41613,CHS,climate_unique_adjusted_r2
15586,spatial_spd,unique_adjusted_r2,climate,0.07427002832475771,North America,Cold - Dry Summer,-116.0839,44.8993,CDS,climate_unique_adjusted_r2
22908,spatial_spd,unique_adjusted_r2,climate,-0.002183067246644077,Europe,Temperate,7.38985,45.05242,TMP,climate_unique_adjusted_r2
1104,spatial_spd,unique_adjusted_r2,climate,-0.08956214591380995,North America,Cold - Dry Summer,-150.32555,60.46562,CDS,climate_unique_adjusted_r2
2623,spatial_spd,unique_adjusted_r2,climate,0.13122623217465224,North America,Cold - Hot Summer,-74.48333,40.4,CHS,climate_unique_adjusted_r2
1626,spatial_spd,unique_adjusted_r2,climate,0.09159122146144494,North America,Cold - Warm Summer,-65.81278,49.20778,CWS,climate_unique_adjusted_r2
24091,spatial_spd,unique_adjusted_r2,climate,-0.017261425047125134,Europe,Cold - Warm Summer,11.67907,46.75939,CWS,climate_unique_adjusted_r2
45381,spatial_spd,unique_adjusted_r2,climate,0.10119765722029828,Europe,Cold - Warm Summer,25,59.43333,CWS,climate_unique_adjusted_r2
24303,spatial_spd,unique_adjusted_r2,climate,0.17130970514248456,Europe,Polar,8.02556,46.38972,POL,climate_unique_adjusted_r2
228,spatial_spd,unique_adjusted_r2,climate,0.3331095774919136,North America,Temperate - Dry Summer,-119.25586,37.15702,TDS,climate_unique_adjusted_r2
32,spatial_spd,unique_adjusted_r2,climate,0.045274707488228594,Latin America,Polar,-68.98333,-15.23333,POL,climate_unique_adjusted_r2
1002,spatial_spd,unique_adjusted_r2,climate,0.21498497772091973,North America,Cold - Warm Summer,-80.41333,43.23667,CWS,climate_unique_adjusted_r2
2953,spatial_spd,unique_adjusted_r2,climate,0.21367364185600646,North America,Temperate,-124.84444,48.67222,TMP,climate_unique_adjusted_r2
1648,spatial_spd,unique_adjusted_r2,climate,0.0540211700835419,North America,Temperate,-81.35466,27.20427,TMP,climate_unique_adjusted_r2
15776,spatial_spd,unique_adjusted_r2,climate,0.009961046049487776,North America,Temperate - Dry Summer,-120.65033,39.4591,TDS,climate_unique_adjusted_r2
2593,spatial_spd,unique_adjusted_r2,climate,0.022797963473107363,North America,Cold - Hot Summer,-74.18424,41.23597,CHS,climate_unique_adjusted_r2
45716,spatial_spd,unique_adjusted_r2,climate,0.17532260436198321,Europe,Polar,6.99194,59.84139,POL,climate_unique_adjusted_r2
15394,spatial_spd,unique_adjusted_r2,climate,-0.03199125339679176,Latin America,Tropical,-78.69181,22.16,TRO,climate_unique_adjusted_r2
1766,spatial_spd,unique_adjusted_r2,climate,-0.07172513706094008,North America,Arid,-111.7528,34.6488,ARD,climate_unique_adjusted_r2
22851,spatial_spd,unique_adjusted_r2,climate,0.04185190317047449,Europe,Cold - Warm Summer,14.61586,53.85885,CWS,climate_unique_adjusted_r2
48925,spatial_spd,unique_adjusted_r2,climate,0.07010471963167753,North America,Cold - Warm Summer,-69.04601,46.40468,CWS,climate_unique_adjusted_r2
17368,spatial_spd,unique_adjusted_r2,climate,-0.08492209461756439,Latin America,Polar,-67.75,-54.33333,POL,climate_unique_adjusted_r2
4120,spatial_spd,unique_adjusted_r2,climate,0.04882371408620356,Europe,Cold - Warm Summer,21.8875,49.3705,CWS,climate_unique_adjusted_r2
18123,spatial_spd,unique_adjusted_r2,climate,0.18322042991803034,Latin America,Arid,-71.38341,-49.03244,ARD,climate_unique_adjusted_r2
43295,spatial_spd,unique_adjusted_r2,climate,-0.11977836610065107,Latin America,Cold - Dry Summer,-71.56444,-44.90858,CDS,climate_unique_adjusted_r2
15259,spatial_spd,unique_adjusted_r2,climate,0.12318359139631596,Latin America,Polar,-67.29727,-54.87129,POL,climate_unique_adjusted_r2
15682,spatial_spd,unique_adjusted_r2,climate,0.030299085872592335,North America,Cold - Warm Summer,-87.923,46.83146,CWS,climate_unique_adjusted_r2
24461,spatial_spd,unique_adjusted_r2,climate,0.28151764228465803,Europe,Cold - Warm Summer,3.6,44.43333,CWS,climate_unique_adjusted_r2
19995,spatial_spd,unique_adjusted_r2,climate,0.17596616796363695,North America,Cold - Cold Summer,-121.50872,53.64304,CCS,climate_unique_adjusted_r2
48782,spatial_spd,unique_adjusted_r2,climate,0.09621311978558467,Europe,Temperate,8.71572,53.67106,TMP,climate_unique_adjusted_r2
1970,spatial_spd,unique_adjusted_r2,climate,-0.11405009249534215,North America,Arid,-111.69798,37.93564,ARD,climate_unique_adjusted_r2
41835,spatial_spd,unique_adjusted_r2,climate,0.052616113680541754,Europe,Cold - Cold Summer,9.84504,46.49394,CCS,climate_unique_adjusted_r2
4436,spatial_spd,unique_adjusted_r2,climate,0.39906635164749515,Europe,Temperate,-6.25833,54.77694,TMP,climate_unique_adjusted_r2
16073,spatial_spd,unique_adjusted_r2,climate,0.2210448581548976,North America,Temperate - Dry Summer,-123.03632,39.48917,TDS,climate_unique_adjusted_r2
16236,spatial_spd,unique_adjusted_r2,climate,0.16693694704094508,North America,Cold - Cold Summer,-149.68333,68.65359,CCS,climate_unique_adjusted_r2
2880,spatial_spd,unique_adjusted_r2,climate,-0.061330974372094116,North America,Cold - Cold Summer,-108.10256,37.46906,CCS,climate_unique_adjusted_r2
513,spatial_spd,unique_adjusted_r2,climate,0.16548809057805935,North America,Cold - Hot Summer,-99.92606,44.82568,CHS,climate_unique_adjusted_r2
1856,spatial_spd,unique_adjusted_r2,climate,-0.10957535905329596,North America,Cold - Cold Summer,-109.92,43.45917,CCS,climate_unique_adjusted_r2
40844,spatial_spd,unique_adjusted_r2,climate,0.2954189060543846,North America,Cold - Hot Summer,-71.0133,41.8815,CHS,climate_unique_adjusted_r2
4308,spatial_spd,unique_adjusted_r2,climate,0.25734625583675463,Europe,Cold - Warm Summer,24.68735,58.00009,CWS,climate_unique_adjusted_r2
42668,spatial_spd,unique_adjusted_r2,climate,0.05808934944657829,Europe,Cold - Warm Summer,8.26188,48.42584,CWS,climate_unique_adjusted_r2
1001,spatial_spd,unique_adjusted_r2,climate,0.05742469745522005,North America,Cold - Dry Summer,-129.01667,60.03333,CDS,climate_unique_adjusted_r2
369,spatial_spd,unique_adjusted_r2,climate,0.0789817809696588,North America,Cold - Warm Summer,-83.24111,43.12389,CWS,climate_unique_adjusted_r2
21838,spatial_spd,unique_adjusted_r2,climate,0.21580427980064887,Latin America,Polar,-72.34629,6.38712,POL,climate_unique_adjusted_r2
506,spatial_spd,unique_adjusted_r2,climate,-0.01966215078614586,North America,Cold - Cold Summer,-107.08549,38.87102,CCS,climate_unique_adjusted_r2
1733,spatial_spd,unique_adjusted_r2,climate,0.024466309594012414,North America,Cold - Cold Summer,-126.11667,65.21667,CCS,climate_unique_adjusted_r2
19967,spatial_spd,unique_adjusted_r2,climate,-0.04017683259650129,North America,Cold - Warm Summer,-81.00585,44.73314,CWS,climate_unique_adjusted_r2
PVT_Dabsan_Lake,spatial_spd,unique_adjusted_r2,climate,-0.02669374023120341,Asia,Arid,95.5,37.1,ARD,climate_unique_adjusted_r2
PVT_Daihai_Lake_2004,spatial_spd,unique_adjusted_r2,climate,0.17151172234972312,Asia,Arid,112.67,40.58,ARD,climate_unique_adjusted_r2
PVT_Dalianhai_Lake,spatial_spd,unique_adjusted_r2,climate,-0.07447586425883268,Asia,Arid,100.41,36.25,ARD,climate_unique_adjusted_r2
PVT_Gonghai_Lake,spatial_spd,unique_adjusted_r2,climate,0.02000935889980615,Asia,Cold - Dry Winter,112.23,38.9,CDW,climate_unique_adjusted_r2
PVT_Manas_Lake_LM1,spatial_spd,unique_adjusted_r2,climate,0.12532618241216387,Asia,Arid,85.92,45.83,ARD,climate_unique_adjusted_r2
PVT_Qidong,spatial_spd,unique_adjusted_r2,climate,0.28285674506413705,Asia,Temperate,121.7,31.9,TMP,climate_unique_adjusted_r2
PVT_Qinghai_Lake_QH2000,spatial_spd,unique_adjusted_r2,climate,0.0936392426967173,Asia,Cold - Dry Winter,100.52,36.67,CDW,climate_unique_adjusted_r2
PVT_Sihailongwan_Lake,spatial_spd,unique_adjusted_r2,climate,0.007974294903453583,Asia,Cold - Dry Winter,126.6,42.28,CDW,climate_unique_adjusted_r2
PVT_Ximen_Co,spatial_spd,unique_adjusted_r2,climate,-0.0633161446781415,Asia,Polar,101.47,33.38,POL,climate_unique_adjusted_r2
PVT_Xingyun_Lake,spatial_spd,unique_adjusted_r2,climate,0.07310836827175149,Asia,Temperate - Dry Winter,102.78,24.34,TDW,climate_unique_adjusted_r2
PVT_Akkol_Lake,spatial_spd,unique_adjusted_r2,climate,-0.11396536357102494,Asia,Polar,89.63,50.25,POL,climate_unique_adjusted_r2
PVT_Ayongwama_Co,spatial_spd,unique_adjusted_r2,climate,-0.018303264873021252,Asia,Polar,98.2,34.83,POL,climate_unique_adjusted_r2
PVT_Chaiwopu_Lake,spatial_spd,unique_adjusted_r2,climate,-0.14686452262432947,Asia,Arid,87.78,43.55,ARD,climate_unique_adjusted_r2
PVT_Dahaizi_Lake,spatial_spd,unique_adjusted_r2,climate,0.040299812879240116,Asia,Temperate - Dry Winter,102.67,27.83,TDW,climate_unique_adjusted_r2
PVT_Dajiuhu_2013,spatial_spd,unique_adjusted_r2,climate,-0.1574974751959114,Asia,Cold - Dry Winter,110,31.49,CDW,climate_unique_adjusted_r2
PVT_Dali_Nur_Jiangjunpaozi_Lake,spatial_spd,unique_adjusted_r2,climate,0.14664563656548124,Asia,Cold - Dry Winter,117.47,42.374,CDW,climate_unique_adjusted_r2
PVT_Dali_Nur_Liuzhouwan_Lake,spatial_spd,unique_adjusted_r2,climate,-0.048624910489815654,Asia,Cold - Dry Winter,116.683,42.70733,CDW,climate_unique_adjusted_r2
PVT_Dongganchi,spatial_spd,unique_adjusted_r2,climate,-0.0286968289973204,Asia,Cold - Dry Winter,115.78,39.53,CDW,climate_unique_adjusted_r2
PVT_Erhai_Lake,spatial_spd,unique_adjusted_r2,climate,0.17310893441247877,Asia,Temperate - Dry Winter,100.2,25.77,TDW,climate_unique_adjusted_r2
PVT_Erhailongwan_Lake,spatial_spd,unique_adjusted_r2,climate,-0.028917456056590907,Asia,Cold - Dry Winter,126.37,42.3,CDW,climate_unique_adjusted_r2
PVT_Ganhai_Lake,spatial_spd,unique_adjusted_r2,climate,0.02580940031574419,Asia,Cold - Dry Winter,112.19,38.89,CDW,climate_unique_adjusted_r2
PVT_Gantang,spatial_spd,unique_adjusted_r2,climate,-0.1035876652696468,Asia,Temperate,119.03,26.77,TMP,climate_unique_adjusted_r2
PVT_Guangfulin,spatial_spd,unique_adjusted_r2,climate,0.049660509570772504,Asia,Temperate,121.19,31.06,TMP,climate_unique_adjusted_r2
PVT_Huguangyan_Maer_LakeB,spatial_spd,unique_adjusted_r2,climate,0.08506669525081945,Asia,Temperate - Dry Winter,110.28,21.15,TDW,climate_unique_adjusted_r2
PVT_Kendegelukol_Lake,spatial_spd,unique_adjusted_r2,climate,0.15418825749408693,Asia,Polar,87.64,50.51,POL,climate_unique_adjusted_r2
PVT_Koucha_Lake,spatial_spd,unique_adjusted_r2,climate,-0.017111627648352612,Asia,Polar,97.24,34.01,POL,climate_unique_adjusted_r2
PVT_Kuhai_Lake,spatial_spd,unique_adjusted_r2,climate,0.2012173183946815,Asia,Polar,99.31,35.52,POL,climate_unique_adjusted_r2
PVT_Longquan_Lake_LC2,spatial_spd,unique_adjusted_r2,climate,0.006556380134178363,Asia,Temperate,112.24,31.08,TMP,climate_unique_adjusted_r2
PVT_Lop_Nur_Luo4,spatial_spd,unique_adjusted_r2,climate,-0.15191330784096158,Asia,Arid,90.25,40.33,ARD,climate_unique_adjusted_r2
PVT_Mengcun,spatial_spd,unique_adjusted_r2,climate,0.2032758794630638,Asia,Cold - Dry Winter,117.12,38.05,CDW,climate_unique_adjusted_r2
PVT_Naleng_Co,spatial_spd,unique_adjusted_r2,climate,-0.0756511208339552,Asia,Polar,99.76,31.11,POL,climate_unique_adjusted_r2
PVT_Nantun,spatial_spd,unique_adjusted_r2,climate,0.036313594168874475,Asia,Temperate - Dry Winter,104.23,26.7,TDW,climate_unique_adjusted_r2
PVT_Qigai_Nuur,spatial_spd,unique_adjusted_r2,climate,0.1676619836122144,Asia,Arid,109.5,39.5,ARD,climate_unique_adjusted_r2
PVT_Qongjiamong_Co,spatial_spd,unique_adjusted_r2,climate,0.15984222083530775,Asia,Polar,92.37,29.81,POL,climate_unique_adjusted_r2
PVT_Ren_Co_R1,spatial_spd,unique_adjusted_r2,climate,0.14210370530821492,Asia,Polar,96.68,30.73,POL,climate_unique_adjusted_r2
PVT_Sanjiaocheng_Section,spatial_spd,unique_adjusted_r2,climate,0.2732787411015649,Asia,Arid,103.34,39.01,ARD,climate_unique_adjusted_r2
PVT_Sayram_Lake,spatial_spd,unique_adjusted_r2,climate,0.1698274097824175,Asia,Cold - Warm Summer,81.09,44.34,CWS,climate_unique_adjusted_r2
PVT_Shaamar,spatial_spd,unique_adjusted_r2,climate,0.057357047366473624,Asia,Cold - Dry Winter,105.2,50.2,CDW,climate_unique_adjusted_r2
PVT_Shayema_Lake,spatial_spd,unique_adjusted_r2,climate,0.2652808612593949,Asia,Temperate - Dry Winter,102.22,28.58,TDW,climate_unique_adjusted_r2
PVT_Sujiawan,spatial_spd,unique_adjusted_r2,climate,0.07665658870170666,Asia,Cold - Dry Winter,104.52,35.54,CDW,climate_unique_adjusted_r2
PVT_Tiancai_Lake,spatial_spd,unique_adjusted_r2,climate,-0.057406474242779004,Asia,Cold - Dry Winter,99.72,26.63,CDW,climate_unique_adjusted_r2
PVT_Uzunkol_Lake,spatial_spd,unique_adjusted_r2,climate,0.12353043452155443,Asia,Cold - Cold Summer,87.11,50.48,CCS,climate_unique_adjusted_r2
PVT_Xiehu_Lake_SO4,spatial_spd,unique_adjusted_r2,climate,0.2904459924067361,Asia,Cold - Dry Winter,122.52,37.38,CDW,climate_unique_adjusted_r2
PVT_Yidun_Lake,spatial_spd,unique_adjusted_r2,climate,0.12821927091807517,Asia,Polar,99.55,30.3,POL,climate_unique_adjusted_r2
PVT_Zoige_RH,spatial_spd,unique_adjusted_r2,climate,-0.039374310851592154,Asia,Cold - Dry Winter,103.35,33.95,CDW,climate_unique_adjusted_r2
cao_8,spatial_spd,unique_adjusted_r2,climate,0.08947359378348152,Asia,Cold - Dry Winter,108.9136111,53.95472222,CDW,climate_unique_adjusted_r2
cao_57,spatial_spd,unique_adjusted_r2,climate,-0.026179955580397207,Asia,Cold - Cold Summer,84.21666667,56.1,CCS,climate_unique_adjusted_r2
cao_80,spatial_spd,unique_adjusted_r2,climate,0.22394127312869117,Asia,Cold - Cold Summer,88.166667,58.333333,CCS,climate_unique_adjusted_r2
cao_101,spatial_spd,unique_adjusted_r2,climate,0.30243094409822757,Asia,Cold - Warm Summer,51.84166667,53.025,CWS,climate_unique_adjusted_r2
cao_124,spatial_spd,unique_adjusted_r2,climate,0.2610056401722578,Asia,Cold - Cold Summer,84,56.166667,CCS,climate_unique_adjusted_r2
cao_134,spatial_spd,unique_adjusted_r2,climate,0.03539945393485033,Asia,Cold - Cold Summer,84.83333333,56.33333333,CCS,climate_unique_adjusted_r2
cao_158,spatial_spd,unique_adjusted_r2,climate,0.06958730615479125,Asia,Cold - Warm Summer,57.883333,56.316667,CWS,climate_unique_adjusted_r2
PANGAEA.884462,spatial_spd,unique_adjusted_r2,climate,0.19109752262504953,Asia,Arid,84.38194,43.04583,ARD,climate_unique_adjusted_r2
PANGAEA.896256,spatial_spd,unique_adjusted_r2,climate,0.03117453774924228,Asia,Arid,86.804,41.931,ARD,climate_unique_adjusted_r2
PANGAEA.783359,spatial_spd,unique_adjusted_r2,climate,0.029325168655010225,Asia,Temperate - Dry Summer,36.4925,42.2255,TDS,climate_unique_adjusted_r2
Lake_Moon,spatial_spd,unique_adjusted_r2,climate,0.03423508681213139,Asia,Cold - Dry Winter,120.8665,47.506,CDW,climate_unique_adjusted_r2
47817,spatial_spd,unique_adjusted_r2,climate,0.12515618007793194,Asia,Arid,81.03134,44.97373,ARD,climate_unique_adjusted_r2
876,spatial_spd,unique_adjusted_r2,climate,-0.056796096846975286,Asia,Cold - Warm Summer,83.333333,55,CWS,climate_unique_adjusted_r2
46462,spatial_spd,unique_adjusted_r2,climate,-0.0021129861984560128,Asia,Cold - Warm Summer,41.039722,55.118056,CWS,climate_unique_adjusted_r2
46466,spatial_spd,unique_adjusted_r2,climate,0.08786270820151743,Asia,Cold - Warm Summer,38.5838,53.66192,CWS,climate_unique_adjusted_r2
46483,spatial_spd,unique_adjusted_r2,climate,0.04375189892861764,Asia,Cold - Warm Summer,36.416667,55.166667,CWS,climate_unique_adjusted_r2
3896,spatial_spd,unique_adjusted_r2,climate,0.049671133423027314,Asia,Cold - Cold Summer,37.516667,66.375,CCS,climate_unique_adjusted_r2
46479,spatial_spd,unique_adjusted_r2,climate,0.04029857499606604,Asia,Cold - Warm Summer,36.2525,53.834722,CWS,climate_unique_adjusted_r2
46485,spatial_spd,unique_adjusted_r2,climate,0.20813297318356716,Asia,Cold - Warm Summer,37.333333,56.066667,CWS,climate_unique_adjusted_r2
46447,spatial_spd,unique_adjusted_r2,climate,0.28088323389674896,Asia,Cold - Cold Summer,35.32822,68.82667,CCS,climate_unique_adjusted_r2
2643,spatial_spd,unique_adjusted_r2,climate,-0.11139528625402939,Asia,Cold - Warm Summer,132.783333,42.833333,CWS,climate_unique_adjusted_r2
1844,spatial_spd,unique_adjusted_r2,climate,-0.010016694485451616,Asia,Cold - Warm Summer,134.566667,43.25,CWS,climate_unique_adjusted_r2
4543,spatial_spd,unique_adjusted_r2,climate,0.18743971322119712,Asia,Cold - Cold Summer,36.25,63.9,CCS,climate_unique_adjusted_r2
40990,spatial_spd,unique_adjusted_r2,climate,-0.08173174625645241,Asia,Cold - Dry Winter,108.133333,52.783333,CDW,climate_unique_adjusted_r2
4081,spatial_spd,unique_adjusted_r2,climate,0.21161639128334142,Asia,Cold - Dry Winter,106.6188,50.2618,CDW,climate_unique_adjusted_r2
3861,spatial_spd,unique_adjusted_r2,climate,0.02496437632879356,Asia,Arid,90.49975,49.48079,ARD,climate_unique_adjusted_r2
41247,spatial_spd,unique_adjusted_r2,climate,-0.05157395130205211,Asia,Temperate - Dry Winter,99.27974,25.87085,TDW,climate_unique_adjusted_r2
15624,spatial_spd,unique_adjusted_r2,climate,0.08080394244532485,Asia,Temperate,134.133333333333,35.35,TMP,climate_unique_adjusted_r2
41245,spatial_spd,unique_adjusted_r2,climate,0.13741420561949047,Asia,Cold - Dry Winter,115.225425,41.632845,CDW,climate_unique_adjusted_r2
14612,spatial_spd,unique_adjusted_r2,climate,0.14234487706925614,Asia,Arid,96.90074,37.27446,ARD,climate_unique_adjusted_r2
15649,spatial_spd,unique_adjusted_r2,climate,0.06822085642180797,Asia,Temperate,136.13079,35.653925,TMP,climate_unique_adjusted_r2
14134,spatial_spd,unique_adjusted_r2,climate,0.01835099215777658,Asia,Temperate,135.88674,35.51763,TMP,climate_unique_adjusted_r2
15656,spatial_spd,unique_adjusted_r2,climate,0.04149483920233621,Asia,Temperate,136.11934,35.54912,TMP,climate_unique_adjusted_r2
22330,spatial_spd,unique_adjusted_r2,climate,-0.02348132869476882,Asia,Cold - Warm Summer,42.4969444444444,41.6838888888889,CWS,climate_unique_adjusted_r2
15709,spatial_spd,unique_adjusted_r2,climate,0.07291470759953822,Asia,Cold - Warm Summer,140.9,40.6166666666667,CWS,climate_unique_adjusted_r2
15678,spatial_spd,unique_adjusted_r2,climate,-0.044885891389306876,Asia,Cold - Hot Summer,134.566666666667,35.4083333333333,CHS,climate_unique_adjusted_r2
4137,spatial_spd,unique_adjusted_r2,climate,-0.10252950250935144,Asia,Arid,30.8,38.425,ARD,climate_unique_adjusted_r2
4442,spatial_spd,unique_adjusted_r2,climate,0.3703181472461615,Asia,Cold - Dry Summer,29.898333,36.9975,CDS,climate_unique_adjusted_r2
4509,spatial_spd,unique_adjusted_r2,climate,-0.009633937859302222,Asia,Cold - Dry Summer,43,38.5,CDS,climate_unique_adjusted_r2
24161,spatial_spd,unique_adjusted_r2,climate,0.0035537448939374494,Asia,Cold - Dry Summer,31.283333,40.6,CDS,climate_unique_adjusted_r2
24166,spatial_spd,unique_adjusted_r2,climate,-0.159005500614106,Asia,Temperate - Dry Summer,30.05,37.466667,TDS,climate_unique_adjusted_r2
24175,spatial_spd,unique_adjusted_r2,climate,-0.03717202708030787,Asia,Arid,33.733333,37.5,ARD,climate_unique_adjusted_r2
pg_711911,spatial_spd,unique_adjusted_r2,climate,0.4140018771350432,Asia,Arid,36.016667,40.916667,ARD,climate_unique_adjusted_r2
pg_858056,spatial_spd,unique_adjusted_r2,climate,-0.02416214652837745,Asia,Temperate - Dry Summer,29.53333,40.43333,TDS,climate_unique_adjusted_r2
pg_874340,spatial_spd,unique_adjusted_r2,climate,-0.020151488102357562,Asia,Arid,35.39417,31.46528,ARD,climate_unique_adjusted_r2
pg_884740,spatial_spd,unique_adjusted_r2,climate,0.2777125319000159,Asia,Arid,35.58881,32.82328,ARD,climate_unique_adjusted_r2
pg_711930,spatial_spd,unique_adjusted_r2,climate,0.0920287668720593,Asia,Temperate - Dry Summer,47.716667,33.083333,TDS,climate_unique_adjusted_r2
pg_738918,spatial_spd,unique_adjusted_r2,climate,0.031227215741851833,Asia,Cold - Dry Summer,46.116667,35.533333,CDS,climate_unique_adjusted_r2
ippd_648,spatial_spd,unique_adjusted_r2,climate,0.188224269105983,Oceania,Cold - Warm Summer,148.5,-36.3667,CWS,climate_unique_adjusted_r2
ippd_975,spatial_spd,unique_adjusted_r2,climate,0.27088138162533393,Oceania,Temperate,151.4667,-32.05,TMP,climate_unique_adjusted_r2
ippd_978,spatial_spd,unique_adjusted_r2,climate,0.2036509807645529,Oceania,Temperate,150.1,-36.5833,TMP,climate_unique_adjusted_r2
ippd_991,spatial_spd,unique_adjusted_r2,climate,0.07852515126415127,Oceania,Temperate,149.52,-34.75,TMP,climate_unique_adjusted_r2
ippd_1070,spatial_spd,unique_adjusted_r2,climate,-0.12376512493856084,Oceania,Tropical,142.95,-5.85,TRO,climate_unique_adjusted_r2
ippd_1443,spatial_spd,unique_adjusted_r2,climate,0.01210308650161529,Oceania,Tropical,142.3,-10.2,TRO,climate_unique_adjusted_r2
ippd_1999,spatial_spd,unique_adjusted_r2,climate,0.3151787921868734,Oceania,Tropical,145.45,-14.67,TRO,climate_unique_adjusted_r2
ippd_2000,spatial_spd,unique_adjusted_r2,climate,-0.018203288730696987,Oceania,Temperate - Dry Winter,145.633,-17.1667,TDW,climate_unique_adjusted_r2
ippd_2008,spatial_spd,unique_adjusted_r2,climate,-0.008458062515448672,Oceania,Temperate,142.6,-38.35,TMP,climate_unique_adjusted_r2
ippd_2009,spatial_spd,unique_adjusted_r2,climate,-0.007615879833044126,Oceania,Temperate,153.41,-27.68,TMP,climate_unique_adjusted_r2
ippd_2094,spatial_spd,unique_adjusted_r2,climate,0.24981028153531115,Oceania,Temperate,151.3667,-31.9167,TMP,climate_unique_adjusted_r2
ippd_2113,spatial_spd,unique_adjusted_r2,climate,0.10261200197847564,Oceania,Temperate,153.45,-27.44,TMP,climate_unique_adjusted_r2
ippd_2122,spatial_spd,unique_adjusted_r2,climate,-0.14958869856872425,Oceania,Temperate,150.38,-33.76,TMP,climate_unique_adjusted_r2
ippd_2133,spatial_spd,unique_adjusted_r2,climate,0.14515537816414925,Oceania,Temperate - Dry Summer,140.581,-37.6094,TDS,climate_unique_adjusted_r2
ippd_2160,spatial_spd,unique_adjusted_r2,climate,0.15258525612283969,Oceania,Temperate,148.9567,-35.7522,TMP,climate_unique_adjusted_r2
ippd_2163,spatial_spd,unique_adjusted_r2,climate,0.11254168789098662,Oceania,Temperate,149.5,-36.5167,TMP,climate_unique_adjusted_r2
ippd_2179,spatial_spd,unique_adjusted_r2,climate,-0.032442362884371856,Oceania,Tropical,136.81667,-13.8667,TRO,climate_unique_adjusted_r2
ippd_2216,spatial_spd,unique_adjusted_r2,climate,0.17421951383132273,Oceania,Temperate,153.167,-25.23,TMP,climate_unique_adjusted_r2
ippd_2264,spatial_spd,unique_adjusted_r2,climate,-0.027031423763161255,Oceania,Temperate,145.8854,-42.2713,TMP,climate_unique_adjusted_r2
ippd_2268,spatial_spd,unique_adjusted_r2,climate,0.3606926259633756,Oceania,Temperate,153.0613,-25.2171,TMP,climate_unique_adjusted_r2
ippd_2270,spatial_spd,unique_adjusted_r2,climate,0.16331841810251846,Oceania,Temperate,150.22,-33.38,TMP,climate_unique_adjusted_r2
ippd_2287,spatial_spd,unique_adjusted_r2,climate,0.08607367578444147,Oceania,Arid,141.570299,-34.052551,ARD,climate_unique_adjusted_r2
ippd_2306,spatial_spd,unique_adjusted_r2,climate,0.08935669644550925,Oceania,Temperate,145.6667,-41.6667,TMP,climate_unique_adjusted_r2
ippd_2308,spatial_spd,unique_adjusted_r2,climate,0.1623355953149649,Oceania,Temperate,146.0833,-43.2667,TMP,climate_unique_adjusted_r2
ippd_2313,spatial_spd,unique_adjusted_r2,climate,-0.018641817408622252,Oceania,Cold - Warm Summer,148.48333333333332,-36.38333333333333,CWS,climate_unique_adjusted_r2
ippd_2357,spatial_spd,unique_adjusted_r2,climate,-0.10547218149945403,Oceania,Temperate,149.1333,-37.1,TMP,climate_unique_adjusted_r2
46516,spatial_spd,unique_adjusted_r2,human,-0.05016358991162595,Europe,Cold - Warm Summer,28.61129,59.61457,CWS,human_unique_adjusted_r2
26606,spatial_spd,unique_adjusted_r2,human,0.0549234147175951,North America,Cold - Warm Summer,-93.72746,49.65882,CWS,human_unique_adjusted_r2
48966,spatial_spd,unique_adjusted_r2,human,-0.030790012947678247,Europe,Temperate,5.75969,52.24479,TMP,human_unique_adjusted_r2
3565,spatial_spd,unique_adjusted_r2,human,0.013367684409090641,North America,Cold - Warm Summer,-71.80778,46.89194,CWS,human_unique_adjusted_r2
3032,spatial_spd,unique_adjusted_r2,human,0.11792141914721666,North America,Cold - Warm Summer,-85.66111,46.42917,CWS,human_unique_adjusted_r2
4383,spatial_spd,unique_adjusted_r2,human,0.1520516513922442,Europe,Cold - Warm Summer,8.32556,47.07556,CWS,human_unique_adjusted_r2
45377,spatial_spd,unique_adjusted_r2,human,-0.05968062508480032,Europe,Cold - Warm Summer,24.1,59.075,CWS,human_unique_adjusted_r2
236,spatial_spd,unique_adjusted_r2,human,0.11925950788367579,North America,Cold - Warm Summer,-79.78,47.23,CWS,human_unique_adjusted_r2
4170,spatial_spd,unique_adjusted_r2,human,-0.001168011857127782,Europe,Cold - Warm Summer,24.33333,41.98333,CWS,human_unique_adjusted_r2
25372,spatial_spd,unique_adjusted_r2,human,0.015251199754578892,Europe,Temperate,4.07917,47.26194,TMP,human_unique_adjusted_r2
46544,spatial_spd,unique_adjusted_r2,human,0.1194757511932133,Europe,Cold - Warm Summer,25.77353,58.48888,CWS,human_unique_adjusted_r2
982,spatial_spd,unique_adjusted_r2,human,0.004267900276288206,North America,Cold - Warm Summer,-85.11667,44.88333,CWS,human_unique_adjusted_r2
26448,spatial_spd,unique_adjusted_r2,human,0.06152643867203633,Europe,Cold - Cold Summer,10.47833,46.87,CCS,human_unique_adjusted_r2
4042,spatial_spd,unique_adjusted_r2,human,0.007479879991812988,Europe,Cold - Warm Summer,13.67319,58.55679,CWS,human_unique_adjusted_r2
3487,spatial_spd,unique_adjusted_r2,human,-0.05070836703853476,North America,Cold - Hot Summer,-97.36301,44.97734,CHS,human_unique_adjusted_r2
21675,spatial_spd,unique_adjusted_r2,human,-0.019385110117062787,Latin America,Tropical,-76.5333,3.0833,TRO,human_unique_adjusted_r2
26499,spatial_spd,unique_adjusted_r2,human,0.0878850690712153,Europe,Polar,11.01283,46.84566,POL,human_unique_adjusted_r2
24840,spatial_spd,unique_adjusted_r2,human,0.08875047084244014,Europe,Temperate,-1.59583,47.27222,TMP,human_unique_adjusted_r2
2395,spatial_spd,unique_adjusted_r2,human,-0.0921180685299221,Latin America,Tropical,-90.13333,20.86667,TRO,human_unique_adjusted_r2
45347,spatial_spd,unique_adjusted_r2,human,0.014409685231431046,Europe,Polar,9.83333,62.26667,POL,human_unique_adjusted_r2
15922,spatial_spd,unique_adjusted_r2,human,-0.03699569238500222,North America,Cold - Warm Summer,-89.2827,46.2334,CWS,human_unique_adjusted_r2
1010,spatial_spd,unique_adjusted_r2,human,-0.0677761748273521,North America,Cold - Cold Summer,-53.13333,47.32222,CCS,human_unique_adjusted_r2
4542,spatial_spd,unique_adjusted_r2,human,-0.02275481714412364,Europe,Cold - Cold Summer,32.63333,65.11667,CCS,human_unique_adjusted_r2
14944,spatial_spd,unique_adjusted_r2,human,0.3427930504568255,North America,Cold - Dry Summer,-112.23885,36.63046,CDS,human_unique_adjusted_r2
17402,spatial_spd,unique_adjusted_r2,human,0.1318673325008206,North America,Cold - Cold Summer,-159.77674,60.21151,CCS,human_unique_adjusted_r2
234,spatial_spd,unique_adjusted_r2,human,0.0244376433177248,North America,Cold - Dry Summer,-119.00833,37.59583,CDS,human_unique_adjusted_r2
16081,spatial_spd,unique_adjusted_r2,human,-0.08114488757216753,North America,Cold - Warm Summer,-62.61486,45.66757,CWS,human_unique_adjusted_r2
41421,spatial_spd,unique_adjusted_r2,human,0.05059926938046655,Europe,Temperate,0.67528,50.90583,TMP,human_unique_adjusted_r2
1451,spatial_spd,unique_adjusted_r2,human,0.028054543634677187,North America,Cold - Warm Summer,-71.56694,48.36583,CWS,human_unique_adjusted_r2
785,spatial_spd,unique_adjusted_r2,human,-0.024829353437919588,North America,Cold - Warm Summer,-80.25,44.37,CWS,human_unique_adjusted_r2
2311,spatial_spd,unique_adjusted_r2,human,0.03254509205035139,North America,Cold - Cold Summer,-154.23333,67.06667,CCS,human_unique_adjusted_r2
3900,spatial_spd,unique_adjusted_r2,human,-0.052246755087899444,Europe,Temperate,-1.85806,47.18611,TMP,human_unique_adjusted_r2
2053,spatial_spd,unique_adjusted_r2,human,-0.03720227298328227,North America,Cold - Warm Summer,-95.28417,46.21194,CWS,human_unique_adjusted_r2
1149,spatial_spd,unique_adjusted_r2,human,0.04555196071421763,North America,Cold - Warm Summer,-77.05,44.48333,CWS,human_unique_adjusted_r2
46998,spatial_spd,unique_adjusted_r2,human,-0.04353116389653744,Latin America,Temperate,-79.11214,-4.25547,TMP,human_unique_adjusted_r2
46490,spatial_spd,unique_adjusted_r2,human,0.030041540158629476,Europe,Cold - Warm Summer,29.97722,59.01111,CWS,human_unique_adjusted_r2
210,spatial_spd,unique_adjusted_r2,human,0.04562952032756773,North America,Arid,-105.45,43.5,ARD,human_unique_adjusted_r2
4136,spatial_spd,unique_adjusted_r2,human,0.09591552977534656,Europe,Cold - Cold Summer,28.99524,66.12667,CCS,human_unique_adjusted_r2
45192,spatial_spd,unique_adjusted_r2,human,0.03656730332137448,Europe,Temperate - Dry Summer,-6.07028,42.12611,TDS,human_unique_adjusted_r2
15232,spatial_spd,unique_adjusted_r2,human,0.07439873499010474,North America,Cold - Cold Summer,-118.15429,51.03992,CCS,human_unique_adjusted_r2
41467,spatial_spd,unique_adjusted_r2,human,0.02373359993241375,Europe,Temperate,8.94329,46.05152,TMP,human_unique_adjusted_r2
3938,spatial_spd,unique_adjusted_r2,human,-0.01774134139433836,Europe,Cold - Warm Summer,20.67577,52.54316,CWS,human_unique_adjusted_r2
2619,spatial_spd,unique_adjusted_r2,human,0.19262125753890202,North America,Temperate - Dry Summer,-119.81667,37.95,TDS,human_unique_adjusted_r2
22988,spatial_spd,unique_adjusted_r2,human,0.07120496163931911,Europe,Polar,8.01819,46.66807,POL,human_unique_adjusted_r2
46803,spatial_spd,unique_adjusted_r2,human,-0.027641691947668523,North America,Cold - Cold Summer,-148.15282,60.68065,CCS,human_unique_adjusted_r2
24195,spatial_spd,unique_adjusted_r2,human,0.013290670903060575,Europe,Cold - Cold Summer,7.84417,46.28306,CCS,human_unique_adjusted_r2
306,spatial_spd,unique_adjusted_r2,human,0.030284923398167463,North America,Cold - Cold Summer,-69.45278,47.45778,CCS,human_unique_adjusted_r2
847,spatial_spd,unique_adjusted_r2,human,0.04946112742848108,North America,Cold - Hot Summer,-83.63,42.33,CHS,human_unique_adjusted_r2
45322,spatial_spd,unique_adjusted_r2,human,0.05808941673503143,Europe,Temperate - Dry Summer,12.63333,37.61667,TDS,human_unique_adjusted_r2
18108,spatial_spd,unique_adjusted_r2,human,-0.019067347715738814,North America,Cold - Cold Summer,-116.9055,49.49605,CCS,human_unique_adjusted_r2
42745,spatial_spd,unique_adjusted_r2,human,-0.04641769761616221,North America,Cold - Cold Summer,-138.37522,61.0771,CCS,human_unique_adjusted_r2
17689,spatial_spd,unique_adjusted_r2,human,-0.00989082141580544,North America,Cold - Warm Summer,-80.26015,43.26052,CWS,human_unique_adjusted_r2
340,spatial_spd,unique_adjusted_r2,human,-0.025339013337075222,North America,Cold - Warm Summer,-68.77344,44.93672,CWS,human_unique_adjusted_r2
40634,spatial_spd,unique_adjusted_r2,human,-0.059933695040302104,Europe,Cold - Cold Summer,7.40306,46.42833,CCS,human_unique_adjusted_r2
15970,spatial_spd,unique_adjusted_r2,human,0.00453735295128177,North America,Cold - Cold Summer,-153.66508,62.55151,CCS,human_unique_adjusted_r2
17391,spatial_spd,unique_adjusted_r2,human,-0.0631036935644097,North America,Cold - Cold Summer,-162.11413,63.4461,CCS,human_unique_adjusted_r2
4539,spatial_spd,unique_adjusted_r2,human,0.03083372553160535,Europe,Cold - Cold Summer,22.86667,62.13333,CCS,human_unique_adjusted_r2
25285,spatial_spd,unique_adjusted_r2,human,-0.046537009200470325,Europe,Temperate,5.28333,45.79083,TMP,human_unique_adjusted_r2
20293,spatial_spd,unique_adjusted_r2,human,0.027031611677976075,Europe,Cold - Cold Summer,29.29295,70.6989,CCS,human_unique_adjusted_r2
4251,spatial_spd,unique_adjusted_r2,human,-0.036915483262144,Europe,Temperate,-5.58229,57.62279,TMP,human_unique_adjusted_r2
2580,spatial_spd,unique_adjusted_r2,human,0.09088495201851676,North America,Cold - Cold Summer,-120.66667,57.45,CCS,human_unique_adjusted_r2
22773,spatial_spd,unique_adjusted_r2,human,0.23869063181917383,Europe,Cold - Cold Summer,9.38111,47.17139,CCS,human_unique_adjusted_r2
784,spatial_spd,unique_adjusted_r2,human,-0.011388068597033008,Europe,Temperate,21.9525,40.81806,TMP,human_unique_adjusted_r2
4472,spatial_spd,unique_adjusted_r2,human,-0.030169049134188053,Europe,Cold - Cold Summer,28.11667,61.21667,CCS,human_unique_adjusted_r2
45383,spatial_spd,unique_adjusted_r2,human,-0.017173899968796036,Europe,Cold - Warm Summer,25.53861,59.48944,CWS,human_unique_adjusted_r2
40564,spatial_spd,unique_adjusted_r2,human,0.005898189833136613,Europe,Cold - Warm Summer,8.83094,47.61335,CWS,human_unique_adjusted_r2
13051,spatial_spd,unique_adjusted_r2,human,-0.08014042046275649,North America,Cold - Warm Summer,-96.198,46.5929,CWS,human_unique_adjusted_r2
15783,spatial_spd,unique_adjusted_r2,human,0.06252997246802583,North America,Polar,-125.28,71.75,POL,human_unique_adjusted_r2
4373,spatial_spd,unique_adjusted_r2,human,-0.08542394508690276,Europe,Temperate,5.65528,45.34833,TMP,human_unique_adjusted_r2
45722,spatial_spd,unique_adjusted_r2,human,0.0653231462135655,Europe,Cold - Warm Summer,7.78231,58.32563,CWS,human_unique_adjusted_r2
2270,spatial_spd,unique_adjusted_r2,human,-0.052340449428206814,North America,Cold - Hot Summer,-72.3027,41.3491,CHS,human_unique_adjusted_r2
15201,spatial_spd,unique_adjusted_r2,human,0.07304952002386578,North America,Cold - Cold Summer,-105.5577,39.2855,CCS,human_unique_adjusted_r2
260,spatial_spd,unique_adjusted_r2,human,-0.03843925590223807,North America,Cold - Warm Summer,-73.31667,42.5,CWS,human_unique_adjusted_r2
21539,spatial_spd,unique_adjusted_r2,human,-0.041286071219619025,Latin America,Tropical,-76.43842,-0.68774,TRO,human_unique_adjusted_r2
15829,spatial_spd,unique_adjusted_r2,human,0.006884959835680937,North America,Polar,-64.26654,63.39458,POL,human_unique_adjusted_r2
14799,spatial_spd,unique_adjusted_r2,human,0.30282529390513446,North America,Cold - Dry Summer,-119.66075,37.84969,CDS,human_unique_adjusted_r2
4056,spatial_spd,unique_adjusted_r2,human,0.5050953425764477,Europe,Temperate,-0.19167,48.44444,TMP,human_unique_adjusted_r2
2617,spatial_spd,unique_adjusted_r2,human,0.009408882502146443,North America,Cold - Hot Summer,-74.03778,41.39139,CHS,human_unique_adjusted_r2
42671,spatial_spd,unique_adjusted_r2,human,-0.02502718645108315,Europe,Cold - Warm Summer,8.2395,48.56961,CWS,human_unique_adjusted_r2
4058,spatial_spd,unique_adjusted_r2,human,-0.03636077357514089,Europe,Cold - Cold Summer,13.9,47.11667,CCS,human_unique_adjusted_r2
20613,spatial_spd,unique_adjusted_r2,human,0.030535006991789237,North America,Cold - Warm Summer,-112.08801,42.13082,CWS,human_unique_adjusted_r2
15738,spatial_spd,unique_adjusted_r2,human,-0.01556374240596281,North America,Cold - Cold Summer,-109.90907,49.66388,CCS,human_unique_adjusted_r2
2287,spatial_spd,unique_adjusted_r2,human,0.13361422498380537,North America,Cold - Warm Summer,-79.44,44.18,CWS,human_unique_adjusted_r2
22842,spatial_spd,unique_adjusted_r2,human,-0.011548842882635357,Europe,Cold - Cold Summer,7.19861,46.35972,CCS,human_unique_adjusted_r2
15288,spatial_spd,unique_adjusted_r2,human,0.03184303403952615,North America,Temperate,-127.69941,50.18234,TMP,human_unique_adjusted_r2
21762,spatial_spd,unique_adjusted_r2,human,-0.051431966862927725,Latin America,Polar,-72.80159,6.16936,POL,human_unique_adjusted_r2
1148,spatial_spd,unique_adjusted_r2,human,-0.03126480795735431,North America,Temperate - Dry Summer,-122.575,44.63333,TDS,human_unique_adjusted_r2
48721,spatial_spd,unique_adjusted_r2,human,0.26534083620555027,North America,Cold - Dry Summer,-114.10713,64.0537,CDS,human_unique_adjusted_r2
24467,spatial_spd,unique_adjusted_r2,human,0.01915744389852514,Europe,Temperate,3.13333,49.18333,TMP,human_unique_adjusted_r2
1450,spatial_spd,unique_adjusted_r2,human,0.1847735546542889,North America,Cold - Warm Summer,-52.71389,47.59028,CWS,human_unique_adjusted_r2
23004,spatial_spd,unique_adjusted_r2,human,-5.597610586803858e-4,Europe,Cold - Warm Summer,28.01373,51.19139,CWS,human_unique_adjusted_r2
2292,spatial_spd,unique_adjusted_r2,human,0.10085412400952631,North America,Cold - Warm Summer,-69.41028,43.92139,CWS,human_unique_adjusted_r2
2391,spatial_spd,unique_adjusted_r2,human,0.018409775470242695,North America,Cold - Warm Summer,-70.35,43.96667,CWS,human_unique_adjusted_r2
1024,spatial_spd,unique_adjusted_r2,human,0.082453503762558,North America,Polar,-155.05,67.93333,POL,human_unique_adjusted_r2
1642,spatial_spd,unique_adjusted_r2,human,0.011782212364418121,North America,Temperate - Dry Summer,-123.58764,44.16387,TDS,human_unique_adjusted_r2
15785,spatial_spd,unique_adjusted_r2,human,-0.04987530534614881,North America,Polar,-121.1,72.009,POL,human_unique_adjusted_r2
1735,spatial_spd,unique_adjusted_r2,human,-0.07005437410531379,North America,Cold - Hot Summer,-89.41667,43.1,CHS,human_unique_adjusted_r2
22711,spatial_spd,unique_adjusted_r2,human,-0.0032232111351676584,Europe,Temperate,-5.34361,57.55889,TMP,human_unique_adjusted_r2
24348,spatial_spd,unique_adjusted_r2,human,-0.018547596949964107,Europe,Cold - Cold Summer,2.00833,42.55417,CCS,human_unique_adjusted_r2
40992,spatial_spd,unique_adjusted_r2,human,0.011200841213444446,North America,Cold - Warm Summer,-71.1813,43.29,CWS,human_unique_adjusted_r2
1786,spatial_spd,unique_adjusted_r2,human,-0.015699085053208828,North America,Cold - Warm Summer,-93.39207,47.97876,CWS,human_unique_adjusted_r2
878,spatial_spd,unique_adjusted_r2,human,0.017500700574261896,North America,Cold - Warm Summer,-99.2976,49.4427,CWS,human_unique_adjusted_r2
44951,spatial_spd,unique_adjusted_r2,human,-0.03937816491150592,Europe,Cold - Warm Summer,20.42349,48.33691,CWS,human_unique_adjusted_r2
328,spatial_spd,unique_adjusted_r2,human,0.002470783844678026,North America,Temperate,-86.53333,33.5,TMP,human_unique_adjusted_r2
40997,spatial_spd,unique_adjusted_r2,human,0.02938114693378857,Asia,Cold - Dry Winter,108.91361,53.95472,CDW,human_unique_adjusted_r2
42692,spatial_spd,unique_adjusted_r2,human,-0.008321378016697523,Europe,Cold - Warm Summer,8.29455,48.66747,CWS,human_unique_adjusted_r2
1968,spatial_spd,unique_adjusted_r2,human,0.06033032397360871,North America,Cold - Warm Summer,-64.075,46.67361,CWS,human_unique_adjusted_r2
309,spatial_spd,unique_adjusted_r2,human,0.002879113603831196,North America,Cold - Warm Summer,-74.68333,43.91667,CWS,human_unique_adjusted_r2
34553,spatial_spd,unique_adjusted_r2,human,-0.05329298061318277,Oceania,Temperate,145.95589,-41.66993,TMP,human_unique_adjusted_r2
46730,spatial_spd,unique_adjusted_r2,human,0.021746104734870486,North America,Cold - Cold Summer,-109.57577,44.96379,CCS,human_unique_adjusted_r2
232,spatial_spd,unique_adjusted_r2,human,-0.04121466147549102,North America,Temperate,-83.25389,30.62222,TMP,human_unique_adjusted_r2
1719,spatial_spd,unique_adjusted_r2,human,0.13269621287341038,North America,Cold - Warm Summer,-80.09,45.05,CWS,human_unique_adjusted_r2
41027,spatial_spd,unique_adjusted_r2,human,0.07747117609064613,North America,Cold - Warm Summer,-73.2597,41.852,CWS,human_unique_adjusted_r2
45728,spatial_spd,unique_adjusted_r2,human,-0.08830467273024478,Europe,Cold - Warm Summer,7.91361,58.14445,CWS,human_unique_adjusted_r2
29236,spatial_spd,unique_adjusted_r2,human,-0.043373922464676196,Europe,Cold - Warm Summer,6.17361,46.56667,CWS,human_unique_adjusted_r2
1841,spatial_spd,unique_adjusted_r2,human,-0.09998333708891216,North America,Cold - Warm Summer,-68.94389,47.53278,CWS,human_unique_adjusted_r2
21807,spatial_spd,unique_adjusted_r2,human,0.007560532534187869,Latin America,Tropical,-89.99202,16.91211,TRO,human_unique_adjusted_r2
41631,spatial_spd,unique_adjusted_r2,human,0.055289036820295956,Europe,Cold - Warm Summer,10.67378,44.1199,CWS,human_unique_adjusted_r2
24061,spatial_spd,unique_adjusted_r2,human,-0.02096226740089313,Europe,Cold - Cold Summer,11.45833,46.66611,CCS,human_unique_adjusted_r2
15667,spatial_spd,unique_adjusted_r2,human,0.016054711436981006,North America,Cold - Cold Summer,-119.6835,49.1188,CCS,human_unique_adjusted_r2
859,spatial_spd,unique_adjusted_r2,human,0.0236086296416409,North America,Cold - Cold Summer,-110.73333,44.91667,CCS,human_unique_adjusted_r2
15462,spatial_spd,unique_adjusted_r2,human,0.06852966041543052,North America,Cold - Cold Summer,-57.37679,50.71361,CCS,human_unique_adjusted_r2
14274,spatial_spd,unique_adjusted_r2,human,-0.01272245984093523,Europe,Temperate,-9.56165,53.76021,TMP,human_unique_adjusted_r2
203,spatial_spd,unique_adjusted_r2,human,0.19897874359814827,North America,Temperate,-85.50396,36.02755,TMP,human_unique_adjusted_r2
17320,spatial_spd,unique_adjusted_r2,human,-0.017860084068440307,North America,Cold - Cold Summer,-156.00243,58.75139,CCS,human_unique_adjusted_r2
308,spatial_spd,unique_adjusted_r2,human,-0.02480287287852123,North America,Cold - Warm Summer,-70.675,45.56667,CWS,human_unique_adjusted_r2
2385,spatial_spd,unique_adjusted_r2,human,0.008365310978503238,North America,Cold - Hot Summer,-83.81531,40.35123,CHS,human_unique_adjusted_r2
26608,spatial_spd,unique_adjusted_r2,human,0.01614533510207372,Europe,Temperate - Dry Summer,15.60075,40.92751,TDS,human_unique_adjusted_r2
20188,spatial_spd,unique_adjusted_r2,human,-0.025157284084832532,North America,Polar,-170.24989,57.1773,POL,human_unique_adjusted_r2
3879,spatial_spd,unique_adjusted_r2,human,0.021849152932677196,Europe,Temperate,-3.90841,57.31333,TMP,human_unique_adjusted_r2
15925,spatial_spd,unique_adjusted_r2,human,-0.06494222610929501,North America,Cold - Warm Summer,-89.257,46.13937,CWS,human_unique_adjusted_r2
15919,spatial_spd,unique_adjusted_r2,human,-0.0045432300627044064,North America,Cold - Warm Summer,-89.29748,46.2435,CWS,human_unique_adjusted_r2
1432,spatial_spd,unique_adjusted_r2,human,-0.017717813755475764,North America,Cold - Dry Summer,-161.41667,68.15,CDS,human_unique_adjusted_r2
48895,spatial_spd,unique_adjusted_r2,human,0.05508816723974441,North America,Cold - Warm Summer,-88.00947,47.41767,CWS,human_unique_adjusted_r2
2373,spatial_spd,unique_adjusted_r2,human,0.0027333144543679744,North America,Cold - Warm Summer,-72.14694,48.29389,CWS,human_unique_adjusted_r2
518,spatial_spd,unique_adjusted_r2,human,0.013610595513127377,North America,Cold - Warm Summer,-80.28333,38.2,CWS,human_unique_adjusted_r2
1445,spatial_spd,unique_adjusted_r2,human,-0.032725993344203785,North America,Cold - Cold Summer,-127.61667,64.16667,CCS,human_unique_adjusted_r2
1835,spatial_spd,unique_adjusted_r2,human,0.00882987539896507,North America,Polar,-116.3125,51.34306,POL,human_unique_adjusted_r2
15325,spatial_spd,unique_adjusted_r2,human,-0.07865880219202537,North America,Cold - Warm Summer,-72.1862,42.536,CWS,human_unique_adjusted_r2
1823,spatial_spd,unique_adjusted_r2,human,-0.054443260681501515,North America,Polar,-116.35,51.35972,POL,human_unique_adjusted_r2
966,spatial_spd,unique_adjusted_r2,human,-0.04951411755567303,North America,Cold - Dry Summer,-122.04167,43.65,CDS,human_unique_adjusted_r2
4378,spatial_spd,unique_adjusted_r2,human,-0.06483910827977202,Europe,Cold - Warm Summer,14.08165,49.24798,CWS,human_unique_adjusted_r2
40567,spatial_spd,unique_adjusted_r2,human,-0.048118132954900195,Europe,Cold - Warm Summer,8.83094,47.61335,CWS,human_unique_adjusted_r2
532,spatial_spd,unique_adjusted_r2,human,0.013038804453830322,North America,Cold - Warm Summer,-84.95833,44.7,CWS,human_unique_adjusted_r2
44941,spatial_spd,unique_adjusted_r2,human,0.0030260027276317603,Europe,Cold - Cold Summer,16.37673,68.6586,CCS,human_unique_adjusted_r2
48738,spatial_spd,unique_adjusted_r2,human,0.004248259679014321,Europe,Cold - Warm Summer,22.09672,58.32503,CWS,human_unique_adjusted_r2
15713,spatial_spd,unique_adjusted_r2,human,-0.028900219031443464,North America,Cold - Cold Summer,-120.0974,49.191,CCS,human_unique_adjusted_r2
22650,spatial_spd,unique_adjusted_r2,human,-0.03562810292490903,Europe,Cold - Cold Summer,19.28333,49.51667,CCS,human_unique_adjusted_r2
4497,spatial_spd,unique_adjusted_r2,human,-0.0340738991502928,Europe,Cold - Warm Summer,22.38803,58.4848,CWS,human_unique_adjusted_r2
2634,spatial_spd,unique_adjusted_r2,human,-0.01610714121648027,North America,Arid,-112.39556,46.53111,ARD,human_unique_adjusted_r2
21537,spatial_spd,unique_adjusted_r2,human,0.029315403068316148,Latin America,Tropical,-67.92396,-14.43169,TRO,human_unique_adjusted_r2
2332,spatial_spd,unique_adjusted_r2,human,0.01855608538336284,North America,Cold - Warm Summer,-72.97889,46.65417,CWS,human_unique_adjusted_r2
1776,spatial_spd,unique_adjusted_r2,human,-0.02317107609578717,North America,Temperate,-81.87499,29.29299,TMP,human_unique_adjusted_r2
4092,spatial_spd,unique_adjusted_r2,human,0.00837962248706492,Europe,Cold - Cold Summer,24.25122,60.62404,CCS,human_unique_adjusted_r2
18110,spatial_spd,unique_adjusted_r2,human,0.06889683626370036,North America,Cold - Warm Summer,-64.93446,43.86933,CWS,human_unique_adjusted_r2
3839,spatial_spd,unique_adjusted_r2,human,0.03977164822360113,North America,Cold - Warm Summer,-77.43333,45.03333,CWS,human_unique_adjusted_r2
2048,spatial_spd,unique_adjusted_r2,human,0.021099627550411837,North America,Cold - Warm Summer,-71.325,45.67083,CWS,human_unique_adjusted_r2
302,spatial_spd,unique_adjusted_r2,human,-0.005909375221858082,North America,Cold - Cold Summer,-119.43333,55.575,CCS,human_unique_adjusted_r2
15103,spatial_spd,unique_adjusted_r2,human,-0.024139538801255966,Latin America,Temperate - Dry Summer,-71.51314,-41.5129,TDS,human_unique_adjusted_r2
1391,spatial_spd,unique_adjusted_r2,human,0.12621969883216688,North America,Cold - Warm Summer,-58.24,48.24,CWS,human_unique_adjusted_r2
208,spatial_spd,unique_adjusted_r2,human,-0.005242340003078216,North America,Polar,-153.9,67.13333,POL,human_unique_adjusted_r2
24053,spatial_spd,unique_adjusted_r2,human,0.00395925234694805,Europe,Cold - Cold Summer,11.48973,46.64372,CCS,human_unique_adjusted_r2
1862,spatial_spd,unique_adjusted_r2,human,-0.011656483945307494,North America,Cold - Warm Summer,-88.74,48.56,CWS,human_unique_adjusted_r2
15244,spatial_spd,unique_adjusted_r2,human,0.18987358267240573,North America,Cold - Hot Summer,-86.85559,41.61117,CHS,human_unique_adjusted_r2
2297,spatial_spd,unique_adjusted_r2,human,0.023013208825819365,North America,Polar,-95.28333,73.13333,POL,human_unique_adjusted_r2
1883,spatial_spd,unique_adjusted_r2,human,-0.019397830587597253,North America,Cold - Warm Summer,-92,49.48,CWS,human_unique_adjusted_r2
3149,spatial_spd,unique_adjusted_r2,human,0.03512919035295459,North America,Cold - Cold Summer,-123.64667,60.35667,CCS,human_unique_adjusted_r2
701,spatial_spd,unique_adjusted_r2,human,0.2658733616543092,North America,Cold - Cold Summer,-110.23333,43.93333,CCS,human_unique_adjusted_r2
3840,spatial_spd,unique_adjusted_r2,human,-0.008626817426648836,North America,Temperate,-80.77947,34.16459,TMP,human_unique_adjusted_r2
20223,spatial_spd,unique_adjusted_r2,human,-0.055965181633570116,Europe,Cold - Warm Summer,13.92972,50.12944,CWS,human_unique_adjusted_r2
42649,spatial_spd,unique_adjusted_r2,human,0.12883751073155725,Europe,Temperate,9.00032,47.68985,TMP,human_unique_adjusted_r2
2324,spatial_spd,unique_adjusted_r2,human,-0.018122386697215,North America,Cold - Cold Summer,-147.85,67.43333,CCS,human_unique_adjusted_r2
1698,spatial_spd,unique_adjusted_r2,human,-0.06079807143195437,North America,Cold - Warm Summer,-68.73333,45.04167,CWS,human_unique_adjusted_r2
15081,spatial_spd,unique_adjusted_r2,human,0.08938804054414784,North America,Temperate,-85.7263,37.43148,TMP,human_unique_adjusted_r2
16217,spatial_spd,unique_adjusted_r2,human,-0.025225731643106264,Europe,Temperate,-6.77814,53.81603,TMP,human_unique_adjusted_r2
41016,spatial_spd,unique_adjusted_r2,human,0.13174226211719964,North America,Cold - Hot Summer,-73.451,41.304,CHS,human_unique_adjusted_r2
21772,spatial_spd,unique_adjusted_r2,human,-0.00941374883172652,North America,Temperate,-127.26283,50.60705,TMP,human_unique_adjusted_r2
41448,spatial_spd,unique_adjusted_r2,human,0.011483134961904784,Europe,Cold - Cold Summer,7.33143,46.39684,CCS,human_unique_adjusted_r2
1571,spatial_spd,unique_adjusted_r2,human,-0.02406763055811023,North America,Cold - Warm Summer,-79.11667,47.2875,CWS,human_unique_adjusted_r2
24861,spatial_spd,unique_adjusted_r2,human,-0.013960848909550516,Europe,Temperate,-0.86056,47.41361,TMP,human_unique_adjusted_r2
21895,spatial_spd,unique_adjusted_r2,human,-0.07620405013214171,Latin America,Tropical,-77.1432,2.0024,TRO,human_unique_adjusted_r2
22656,spatial_spd,unique_adjusted_r2,human,-0.014588205411178223,Europe,Cold - Warm Summer,19.55637,49.44642,CWS,human_unique_adjusted_r2
2661,spatial_spd,unique_adjusted_r2,human,-0.06892445156364091,North America,Cold - Cold Summer,-133.45,69.05,CCS,human_unique_adjusted_r2
47604,spatial_spd,unique_adjusted_r2,human,-0.025589489268873278,Europe,Polar,7.35751,46.15006,POL,human_unique_adjusted_r2
1617,spatial_spd,unique_adjusted_r2,human,-0.015654690782822223,North America,Cold - Cold Summer,-135.51417,65.94222,CCS,human_unique_adjusted_r2
48960,spatial_spd,unique_adjusted_r2,human,-0.014380204877308289,Europe,Temperate,2.64556,45.33944,TMP,human_unique_adjusted_r2
22944,spatial_spd,unique_adjusted_r2,human,0.12763807353180823,Europe,Cold - Warm Summer,20.20581,53.75192,CWS,human_unique_adjusted_r2
346,spatial_spd,unique_adjusted_r2,human,0.13275230586435172,North America,Cold - Warm Summer,-72.99861,46.61389,CWS,human_unique_adjusted_r2
15762,spatial_spd,unique_adjusted_r2,human,-0.08582950634121422,North America,Cold - Dry Summer,-120.21177,41.97585,CDS,human_unique_adjusted_r2
2629,spatial_spd,unique_adjusted_r2,human,0.008809762850624736,North America,Cold - Warm Summer,-70.05833,41.275,CWS,human_unique_adjusted_r2
17419,spatial_spd,unique_adjusted_r2,human,0.002891174597597801,North America,Cold - Cold Summer,-106.45186,37.02099,CCS,human_unique_adjusted_r2
3043,spatial_spd,unique_adjusted_r2,human,0.01789801309983674,Oceania,Temperate,147.30056,-42.54361,TMP,human_unique_adjusted_r2
45391,spatial_spd,unique_adjusted_r2,human,0.004479242458568566,Europe,Cold - Warm Summer,27.05833,57.80833,CWS,human_unique_adjusted_r2
40951,spatial_spd,unique_adjusted_r2,human,-0.055004901572398346,Europe,Cold - Warm Summer,8.198,47.80425,CWS,human_unique_adjusted_r2
22966,spatial_spd,unique_adjusted_r2,human,0.03978074362038575,Europe,Cold - Warm Summer,7.735,46.82194,CWS,human_unique_adjusted_r2
3035,spatial_spd,unique_adjusted_r2,human,0.05422483028446812,North America,Cold - Warm Summer,-90.08333,45.33333,CWS,human_unique_adjusted_r2
47110,spatial_spd,unique_adjusted_r2,human,-0.05973478024473433,Oceania,Temperate,145.95589,-41.66993,TMP,human_unique_adjusted_r2
1154,spatial_spd,unique_adjusted_r2,human,0.12815770325012255,Latin America,Temperate - Dry Winter,-45.53333,-22.78333,TDW,human_unique_adjusted_r2
47555,spatial_spd,unique_adjusted_r2,human,0.04622592863208608,North America,Temperate,-91.09082,36.79864,TMP,human_unique_adjusted_r2
527,spatial_spd,unique_adjusted_r2,human,-6.86029720682324e-5,North America,Cold - Dry Summer,-146.48333,68.33333,CDS,human_unique_adjusted_r2
46280,spatial_spd,unique_adjusted_r2,human,-0.03216769495570726,Europe,Cold - Warm Summer,7.48381,47.02139,CWS,human_unique_adjusted_r2
21913,spatial_spd,unique_adjusted_r2,human,0.05916299494539734,Latin America,Tropical,-76.78055,2.43268,TRO,human_unique_adjusted_r2
971,spatial_spd,unique_adjusted_r2,human,0.01739092728633318,North America,Cold - Warm Summer,-69.31667,44.98333,CWS,human_unique_adjusted_r2
1440,spatial_spd,unique_adjusted_r2,human,0.061134603564337864,Europe,Arid,32.61667,46.51667,ARD,human_unique_adjusted_r2
45319,spatial_spd,unique_adjusted_r2,human,1.8140142184253083e-4,Europe,Arid,32.61667,46.51667,ARD,human_unique_adjusted_r2
45320,spatial_spd,unique_adjusted_r2,human,-0.058676028277708236,Europe,Arid,32.61667,46.51667,ARD,human_unique_adjusted_r2
48816,spatial_spd,unique_adjusted_r2,human,0.17123544985994676,North America,Cold - Warm Summer,-86.79965,46.33032,CWS,human_unique_adjusted_r2
42683,spatial_spd,unique_adjusted_r2,human,-0.028583156067836568,Europe,Cold - Warm Summer,8.45764,48.71718,CWS,human_unique_adjusted_r2
21818,spatial_spd,unique_adjusted_r2,human,0.05645667252094877,Latin America,Polar,-74.3011,3.95173,POL,human_unique_adjusted_r2
15276,spatial_spd,unique_adjusted_r2,human,0.014358927900082863,North America,Temperate,-127.75256,50.16625,TMP,human_unique_adjusted_r2
2626,spatial_spd,unique_adjusted_r2,human,0.09446974631684868,North America,Cold - Warm Summer,-75.27217,41.03345,CWS,human_unique_adjusted_r2
2591,spatial_spd,unique_adjusted_r2,human,0.09911388538542076,North America,Cold - Warm Summer,-76.35,41.67389,CWS,human_unique_adjusted_r2
4239,spatial_spd,unique_adjusted_r2,human,0.08964621269728767,Europe,Cold - Cold Summer,29.61124,65.61709,CCS,human_unique_adjusted_r2
2367,spatial_spd,unique_adjusted_r2,human,-0.046677861827654876,North America,Cold - Cold Summer,-67.13194,50.14028,CCS,human_unique_adjusted_r2
45343,spatial_spd,unique_adjusted_r2,human,0.025436947922088615,Europe,Cold - Cold Summer,8.87778,63.35139,CCS,human_unique_adjusted_r2
26319,spatial_spd,unique_adjusted_r2,human,0.00561991293652353,Europe,Cold - Cold Summer,11.00155,47.21091,CCS,human_unique_adjusted_r2
684,spatial_spd,unique_adjusted_r2,human,0.06418165014681954,North America,Cold - Hot Summer,-89.7385,43.4083,CHS,human_unique_adjusted_r2
19909,spatial_spd,unique_adjusted_r2,human,-0.05546098859071691,Europe,Cold - Cold Summer,16.40472,61.82125,CCS,human_unique_adjusted_r2
45329,spatial_spd,unique_adjusted_r2,human,0.036216848802036905,Europe,Cold - Warm Summer,11.61778,59.05972,CWS,human_unique_adjusted_r2
26505,spatial_spd,unique_adjusted_r2,human,-0.06587636164529165,Europe,Cold - Warm Summer,12.04055,47.50844,CWS,human_unique_adjusted_r2
1523,spatial_spd,unique_adjusted_r2,human,0.26524421715217905,North America,Temperate,-121.61667,48.23333,TMP,human_unique_adjusted_r2
1590,spatial_spd,unique_adjusted_r2,human,0.0025546861965564105,North America,Cold - Cold Summer,-74.58333,49.68333,CCS,human_unique_adjusted_r2
24110,spatial_spd,unique_adjusted_r2,human,0.3425417794163138,Europe,Cold - Warm Summer,16.05602,58.02114,CWS,human_unique_adjusted_r2
43513,spatial_spd,unique_adjusted_r2,human,0.043356679875571014,Europe,Cold - Cold Summer,9.80624,46.46994,CCS,human_unique_adjusted_r2
813,spatial_spd,unique_adjusted_r2,human,-0.051512445285509356,North America,Cold - Hot Summer,-81.33901,41.19133,CHS,human_unique_adjusted_r2
16016,spatial_spd,unique_adjusted_r2,human,0.030242014732457023,North America,Arid,-120.2745,40.5619,ARD,human_unique_adjusted_r2
298,spatial_spd,unique_adjusted_r2,human,-0.028698347094384125,North America,Cold - Warm Summer,-95.16335,47.177,CWS,human_unique_adjusted_r2
782,spatial_spd,unique_adjusted_r2,human,0.11998660471063294,North America,Cold - Warm Summer,-62.15,46.40833,CWS,human_unique_adjusted_r2
15831,spatial_spd,unique_adjusted_r2,human,-6.076690193241863e-4,North America,Temperate,-83.107,32.555,TMP,human_unique_adjusted_r2
48624,spatial_spd,unique_adjusted_r2,human,0.048300146264621646,Latin America,Temperate - Dry Summer,-71.5233,-44.2797,TDS,human_unique_adjusted_r2
1770,spatial_spd,unique_adjusted_r2,human,0.016404130453864796,North America,Cold - Cold Summer,-94.25,51.38333,CCS,human_unique_adjusted_r2
4517,spatial_spd,unique_adjusted_r2,human,-0.033955283501180156,Europe,Cold - Warm Summer,16.21208,50.60387,CWS,human_unique_adjusted_r2
4398,spatial_spd,unique_adjusted_r2,human,0.02472338752977188,Europe,Cold - Warm Summer,17.35631,52.54984,CWS,human_unique_adjusted_r2
22849,spatial_spd,unique_adjusted_r2,human,-0.054831170050849365,Europe,Cold - Warm Summer,14.60637,53.96802,CWS,human_unique_adjusted_r2
24356,spatial_spd,unique_adjusted_r2,human,0.056122529820009426,Europe,Temperate,21.32222,40.55194,TMP,human_unique_adjusted_r2
1701,spatial_spd,unique_adjusted_r2,human,0.002719327553927897,North America,Cold - Warm Summer,-80.65972,43.225,CWS,human_unique_adjusted_r2
1707,spatial_spd,unique_adjusted_r2,human,0.13173076169724218,North America,Cold - Cold Summer,-110.23333,44.15,CCS,human_unique_adjusted_r2
23006,spatial_spd,unique_adjusted_r2,human,0.07316140942807337,Europe,Cold - Warm Summer,28,51.16061,CWS,human_unique_adjusted_r2
4154,spatial_spd,unique_adjusted_r2,human,0.014994988415466648,Europe,Cold - Warm Summer,17.28472,54.70694,CWS,human_unique_adjusted_r2
1761,spatial_spd,unique_adjusted_r2,human,0.07904862274995761,North America,Cold - Cold Summer,-107.68516,37.74574,CCS,human_unique_adjusted_r2
40582,spatial_spd,unique_adjusted_r2,human,0.05377690291655135,Europe,Polar,8.02556,46.38972,POL,human_unique_adjusted_r2
15130,spatial_spd,unique_adjusted_r2,human,0.03529907237826446,Latin America,Temperate,-71.56608,-43.44371,TMP,human_unique_adjusted_r2
4041,spatial_spd,unique_adjusted_r2,human,-8.769515856039689e-4,Europe,Cold - Cold Summer,6.16444,59.69702,CCS,human_unique_adjusted_r2
22812,spatial_spd,unique_adjusted_r2,human,0.3192141598595245,Europe,Cold - Warm Summer,25.89735,46.12662,CWS,human_unique_adjusted_r2
363,spatial_spd,unique_adjusted_r2,human,0.11644600237873615,Europe,Cold - Warm Summer,26.43333,53.41667,CWS,human_unique_adjusted_r2
1646,spatial_spd,unique_adjusted_r2,human,0.1745162964809036,Latin America,Polar,-75.21667,-11.78333,POL,human_unique_adjusted_r2
1679,spatial_spd,unique_adjusted_r2,human,0.07219187562793428,Latin America,Polar,-75,-11.66667,POL,human_unique_adjusted_r2
1829,spatial_spd,unique_adjusted_r2,human,0.02066587699491651,North America,Cold - Warm Summer,-89.32389,48.42222,CWS,human_unique_adjusted_r2
3558,spatial_spd,unique_adjusted_r2,human,0.10368840061951135,North America,Cold - Hot Summer,-93.63376,45.03387,CHS,human_unique_adjusted_r2
14948,spatial_spd,unique_adjusted_r2,human,-0.05463251803243008,North America,Polar,-61.65087,66.62137,POL,human_unique_adjusted_r2
41399,spatial_spd,unique_adjusted_r2,human,-0.028815159019333736,Europe,Cold - Warm Summer,10.30419,51.67243,CWS,human_unique_adjusted_r2
1670,spatial_spd,unique_adjusted_r2,human,0.0026248314801384787,North America,Temperate,-131.76501,52.94582,TMP,human_unique_adjusted_r2
1393,spatial_spd,unique_adjusted_r2,human,-0.016238988555538736,North America,Cold - Cold Summer,-71.16278,47.25778,CCS,human_unique_adjusted_r2
42570,spatial_spd,unique_adjusted_r2,human,0.027979830356637092,Europe,Cold - Warm Summer,8.63721,48.72783,CWS,human_unique_adjusted_r2
46611,spatial_spd,unique_adjusted_r2,human,0.09119146170738068,North America,Cold - Cold Summer,-106.33846,41.43222,CCS,human_unique_adjusted_r2
1763,spatial_spd,unique_adjusted_r2,human,0.12629267045206327,North America,Cold - Warm Summer,-69.3,43.76667,CWS,human_unique_adjusted_r2
19901,spatial_spd,unique_adjusted_r2,human,0.0399776669128713,Europe,Cold - Warm Summer,14.44777,52.13391,CWS,human_unique_adjusted_r2
1980,spatial_spd,unique_adjusted_r2,human,-0.040810837109292564,North America,Cold - Warm Summer,-78.46667,42.62222,CWS,human_unique_adjusted_r2
20001,spatial_spd,unique_adjusted_r2,human,0.19390687659772943,North America,Temperate - Dry Summer,-122.8844,47.93322,TDS,human_unique_adjusted_r2
973,spatial_spd,unique_adjusted_r2,human,-0.0053170676410900786,North America,Cold - Warm Summer,-77.35,45.18333,CWS,human_unique_adjusted_r2
1658,spatial_spd,unique_adjusted_r2,human,-0.045459872572789495,North America,Cold - Warm Summer,-71.70111,44.14,CWS,human_unique_adjusted_r2
22367,spatial_spd,unique_adjusted_r2,human,0.015458313852151573,Europe,Polar,20.078,49.15199,POL,human_unique_adjusted_r2
4545,spatial_spd,unique_adjusted_r2,human,-0.03728034790845414,Europe,Cold - Warm Summer,14.34266,49.07111,CWS,human_unique_adjusted_r2
15247,spatial_spd,unique_adjusted_r2,human,-0.03877265411262931,Latin America,Temperate - Dry Winter,-73.33754,-13.62495,TDW,human_unique_adjusted_r2
15356,spatial_spd,unique_adjusted_r2,human,0.0827811446971064,North America,Cold - Cold Summer,-105.722,35.832,CCS,human_unique_adjusted_r2
14556,spatial_spd,unique_adjusted_r2,human,0.08814542646282086,Europe,Temperate,-9.48283,52.03879,TMP,human_unique_adjusted_r2
48777,spatial_spd,unique_adjusted_r2,human,0.017996605321052295,Europe,Temperate,8.77929,53.65498,TMP,human_unique_adjusted_r2
3054,spatial_spd,unique_adjusted_r2,human,0.015498046024529866,North America,Arid,-105.74761,37.70644,ARD,human_unique_adjusted_r2
776,spatial_spd,unique_adjusted_r2,human,0.06273151401559585,North America,Cold - Warm Summer,-71.66667,44.16667,CWS,human_unique_adjusted_r2
1880,spatial_spd,unique_adjusted_r2,human,0.012860317170192537,Latin America,Temperate,-74.41667,-49.13333,TMP,human_unique_adjusted_r2
4311,spatial_spd,unique_adjusted_r2,human,0.09622155946484878,Europe,Temperate,2.62278,45.45194,TMP,human_unique_adjusted_r2
48976,spatial_spd,unique_adjusted_r2,human,0.13763328269460806,Europe,Temperate,2.62278,45.45194,TMP,human_unique_adjusted_r2
3482,spatial_spd,unique_adjusted_r2,human,0.0029201995266802117,North America,Cold - Warm Summer,-91.11546,48.13873,CWS,human_unique_adjusted_r2
15185,spatial_spd,unique_adjusted_r2,human,0.015342351329272752,North America,Cold - Cold Summer,-154.24697,67.06911,CCS,human_unique_adjusted_r2
21580,spatial_spd,unique_adjusted_r2,human,0.15390544948741336,Latin America,Tropical,-67.88893,-14.50063,TRO,human_unique_adjusted_r2
42681,spatial_spd,unique_adjusted_r2,human,0.03260502486709105,Europe,Cold - Warm Summer,8.34727,48.57351,CWS,human_unique_adjusted_r2
24319,spatial_spd,unique_adjusted_r2,human,-0.015026433301857711,Europe,Cold - Cold Summer,7.845,46.19556,CCS,human_unique_adjusted_r2
15734,spatial_spd,unique_adjusted_r2,human,-0.035045553746511304,North America,Cold - Dry Summer,-120.66752,39.69878,CDS,human_unique_adjusted_r2
691,spatial_spd,unique_adjusted_r2,human,0.007122926703181598,North America,Cold - Cold Summer,-66.125,48.91083,CCS,human_unique_adjusted_r2
860,spatial_spd,unique_adjusted_r2,human,0.05617249491545517,North America,Cold - Warm Summer,-87.73333,44.05,CWS,human_unique_adjusted_r2
22745,spatial_spd,unique_adjusted_r2,human,0.0382478305607038,Europe,Cold - Cold Summer,-3.8,57.08333,CCS,human_unique_adjusted_r2
24321,spatial_spd,unique_adjusted_r2,human,0.14100704301452627,Europe,Cold - Warm Summer,7.99167,46.34111,CWS,human_unique_adjusted_r2
1604,spatial_spd,unique_adjusted_r2,human,0.019121700194441815,North America,Polar,-98.53889,73.59139,POL,human_unique_adjusted_r2
45349,spatial_spd,unique_adjusted_r2,human,0.05767218284009301,Europe,Cold - Cold Summer,9.87667,61.64917,CCS,human_unique_adjusted_r2
294,spatial_spd,unique_adjusted_r2,human,-0.04071177121646441,Latin America,Temperate,-49.15,-27.7,TMP,human_unique_adjusted_r2
21917,spatial_spd,unique_adjusted_r2,human,-0.09026134248750661,Latin America,Polar,-74.16112,3.97973,POL,human_unique_adjusted_r2
24042,spatial_spd,unique_adjusted_r2,human,0.04001947510561532,Europe,Cold - Warm Summer,12.54137,49.60793,CWS,human_unique_adjusted_r2
48984,spatial_spd,unique_adjusted_r2,human,5.318013705546409e-4,Europe,Cold - Warm Summer,6.59417,44.91889,CWS,human_unique_adjusted_r2
672,spatial_spd,unique_adjusted_r2,human,-0.022891428267102998,North America,Cold - Warm Summer,-80.36667,43.23333,CWS,human_unique_adjusted_r2
15732,spatial_spd,unique_adjusted_r2,human,0.02619498348232019,North America,Cold - Warm Summer,-75.88531,44.33091,CWS,human_unique_adjusted_r2
45713,spatial_spd,unique_adjusted_r2,human,-0.005926353964153086,Europe,Cold - Cold Summer,7.2514,59.79573,CCS,human_unique_adjusted_r2
1390,spatial_spd,unique_adjusted_r2,human,-0.042234362938993075,North America,Cold - Cold Summer,-157.21667,66.76667,CCS,human_unique_adjusted_r2
2671,spatial_spd,unique_adjusted_r2,human,-0.04526532243600756,North America,Cold - Cold Summer,-65.76278,49.15778,CCS,human_unique_adjusted_r2
16075,spatial_spd,unique_adjusted_r2,human,-0.005095422482001566,North America,Cold - Dry Summer,-122.1965,41.6343,CDS,human_unique_adjusted_r2
4367,spatial_spd,unique_adjusted_r2,human,0.018687170717294088,Europe,Cold - Warm Summer,-3.01667,42.03333,CWS,human_unique_adjusted_r2
19820,spatial_spd,unique_adjusted_r2,human,0.10932254883182069,North America,Temperate - Dry Summer,-122.90448,48.60335,TDS,human_unique_adjusted_r2
22894,spatial_spd,unique_adjusted_r2,human,-0.03254603051544236,Europe,Cold - Cold Summer,23.53957,47.80747,CCS,human_unique_adjusted_r2
2645,spatial_spd,unique_adjusted_r2,human,0.0345368937072944,North America,Cold - Hot Summer,-71.03333,41.95,CHS,human_unique_adjusted_r2
22890,spatial_spd,unique_adjusted_r2,human,0.1019375401165078,Europe,Cold - Warm Summer,7.68611,46.85083,CWS,human_unique_adjusted_r2
253,spatial_spd,unique_adjusted_r2,human,3.5345474875758676e-4,North America,Cold - Cold Summer,-127.48333,65.01667,CCS,human_unique_adjusted_r2
2647,spatial_spd,unique_adjusted_r2,human,-0.07201746179544766,North America,Cold - Cold Summer,-114.60076,50.81468,CCS,human_unique_adjusted_r2
13097,spatial_spd,unique_adjusted_r2,human,-0.03979884718435556,North America,Cold - Warm Summer,-89.32331,46.21253,CWS,human_unique_adjusted_r2
15789,spatial_spd,unique_adjusted_r2,human,-0.05175637489537488,North America,Polar,-120.453,73.4658,POL,human_unique_adjusted_r2
221,spatial_spd,unique_adjusted_r2,human,-0.05327483930728116,North America,Cold - Warm Summer,-79.51,45.38,CWS,human_unique_adjusted_r2
15132,spatial_spd,unique_adjusted_r2,human,0.03638337732195829,Latin America,Temperate,-71.49835,-41.07352,TMP,human_unique_adjusted_r2
1814,spatial_spd,unique_adjusted_r2,human,0.06328058641896928,North America,Cold - Warm Summer,-70.20833,41.28333,CWS,human_unique_adjusted_r2
22936,spatial_spd,unique_adjusted_r2,human,-0.02360194855559783,Europe,Cold - Warm Summer,17.17028,46.77444,CWS,human_unique_adjusted_r2
3041,spatial_spd,unique_adjusted_r2,human,0.05303012382273231,North America,Cold - Warm Summer,-80.4,43.9,CWS,human_unique_adjusted_r2
24057,spatial_spd,unique_adjusted_r2,human,0.10414814732633582,Europe,Polar,11.43005,46.66528,POL,human_unique_adjusted_r2
1630,spatial_spd,unique_adjusted_r2,human,0.07559912363870991,Oceania,Temperate,149.37407,-35.19934,TMP,human_unique_adjusted_r2
2622,spatial_spd,unique_adjusted_r2,human,0.027426226231160644,North America,Cold - Cold Summer,-132.01667,67.65,CCS,human_unique_adjusted_r2
40875,spatial_spd,unique_adjusted_r2,human,0.12174864776961625,North America,Cold - Warm Summer,-73.439,42.1062,CWS,human_unique_adjusted_r2
2888,spatial_spd,unique_adjusted_r2,human,6.611218315591971e-4,North America,Cold - Warm Summer,-95.30694,46.18444,CWS,human_unique_adjusted_r2
17400,spatial_spd,unique_adjusted_r2,human,0.007406195708871688,North America,Polar,-121.44339,69.07635,POL,human_unique_adjusted_r2
24190,spatial_spd,unique_adjusted_r2,human,6.663496823867687e-4,Europe,Cold - Cold Summer,8.02306,46.2525,CCS,human_unique_adjusted_r2
20034,spatial_spd,unique_adjusted_r2,human,0.01180928928151237,Europe,Cold - Cold Summer,20.71667,69.16667,CCS,human_unique_adjusted_r2
1030,spatial_spd,unique_adjusted_r2,human,1.4736538008452982e-4,North America,Cold - Cold Summer,-110.6,43.75,CCS,human_unique_adjusted_r2
1961,spatial_spd,unique_adjusted_r2,human,0.04551060716616828,North America,Cold - Warm Summer,-70.35,44.03333,CWS,human_unique_adjusted_r2
41025,spatial_spd,unique_adjusted_r2,human,-0.024328530513708868,North America,Cold - Hot Summer,-70.883,42.4819,CHS,human_unique_adjusted_r2
2644,spatial_spd,unique_adjusted_r2,human,0.138135469695695,North America,Cold - Dry Summer,-119.25833,37.90833,CDS,human_unique_adjusted_r2
1897,spatial_spd,unique_adjusted_r2,human,-0.03697867104486374,North America,Cold - Hot Summer,-93.9,42.16,CHS,human_unique_adjusted_r2
2378,spatial_spd,unique_adjusted_r2,human,-0.01772474229148846,North America,Cold - Warm Summer,-72.58472,45.35889,CWS,human_unique_adjusted_r2
1650,spatial_spd,unique_adjusted_r2,human,0.03231804473269073,North America,Cold - Cold Summer,-56.43333,52.45,CCS,human_unique_adjusted_r2
15309,spatial_spd,unique_adjusted_r2,human,-0.040219110472916486,North America,Cold - Warm Summer,-84.85905,46.34522,CWS,human_unique_adjusted_r2
355,spatial_spd,unique_adjusted_r2,human,-0.03490744362568632,Latin America,Polar,-68.15,-16.36667,POL,human_unique_adjusted_r2
2351,spatial_spd,unique_adjusted_r2,human,9.861276451632595e-4,North America,Cold - Cold Summer,-151.41667,67.58333,CCS,human_unique_adjusted_r2
46457,spatial_spd,unique_adjusted_r2,human,-0.06281612498370959,Europe,Cold - Cold Summer,29.14831,60.68702,CCS,human_unique_adjusted_r2
1656,spatial_spd,unique_adjusted_r2,human,0.041195438295504316,North America,Cold - Cold Summer,-112.48083,54.72528,CCS,human_unique_adjusted_r2
3031,spatial_spd,unique_adjusted_r2,human,0.01726406957080784,North America,Cold - Hot Summer,-93.57713,45.00181,CHS,human_unique_adjusted_r2
41222,spatial_spd,unique_adjusted_r2,human,0.037386508583867606,Europe,Temperate,-1.72583,50.82778,TMP,human_unique_adjusted_r2
23008,spatial_spd,unique_adjusted_r2,human,0.034918883464989725,Europe,Cold - Warm Summer,24.63324,50.3413,CWS,human_unique_adjusted_r2
20306,spatial_spd,unique_adjusted_r2,human,0.042943567753315426,North America,Arid,-110.82347,45.25707,ARD,human_unique_adjusted_r2
543,spatial_spd,unique_adjusted_r2,human,0.19078430398003243,North America,Cold - Cold Summer,-110.6,44.65,CCS,human_unique_adjusted_r2
4147,spatial_spd,unique_adjusted_r2,human,0.0883897988853023,Europe,Temperate,21.56513,40.59702,TMP,human_unique_adjusted_r2
17406,spatial_spd,unique_adjusted_r2,human,-0.0026559712543117175,North America,Cold - Warm Summer,-88.86157,46.61375,CWS,human_unique_adjusted_r2
48935,spatial_spd,unique_adjusted_r2,human,0.02628412550654291,Europe,Arid,-3.93936,41.95209,ARD,human_unique_adjusted_r2
40861,spatial_spd,unique_adjusted_r2,human,0.0453316898245153,North America,Cold - Hot Summer,-72.5127,42.5656,CHS,human_unique_adjusted_r2
39474,spatial_spd,unique_adjusted_r2,human,0.13087078688082077,North America,Cold - Warm Summer,-69.06376,46.31685,CWS,human_unique_adjusted_r2
48361,spatial_spd,unique_adjusted_r2,human,-0.017894441131189875,North America,Cold - Dry Summer,-150.89721,60.5885,CDS,human_unique_adjusted_r2
25,spatial_spd,unique_adjusted_r2,human,0.01498329841332291,North America,Cold - Cold Summer,-57.03333,52.51667,CCS,human_unique_adjusted_r2
1107,spatial_spd,unique_adjusted_r2,human,-0.024381707190486268,North America,Polar,-138.4,64.63333,POL,human_unique_adjusted_r2
14289,spatial_spd,unique_adjusted_r2,human,0.06936489302607263,Europe,Temperate,-10.16866,52.19109,TMP,human_unique_adjusted_r2
25767,spatial_spd,unique_adjusted_r2,human,-0.041863980663440215,Europe,Polar,11.16667,47.08333,POL,human_unique_adjusted_r2
22678,spatial_spd,unique_adjusted_r2,human,-0.06324844156744414,Europe,Cold - Warm Summer,-3.04588,42.04363,CWS,human_unique_adjusted_r2
16231,spatial_spd,unique_adjusted_r2,human,0.032299358831291425,North America,Cold - Warm Summer,-77.34,46.03,CWS,human_unique_adjusted_r2
2590,spatial_spd,unique_adjusted_r2,human,-0.06678148192893663,North America,Cold - Cold Summer,-119.58333,55.51139,CCS,human_unique_adjusted_r2
17381,spatial_spd,unique_adjusted_r2,human,-0.0246225720026112,North America,Cold - Cold Summer,-145.54198,63.98555,CCS,human_unique_adjusted_r2
2599,spatial_spd,unique_adjusted_r2,human,0.05980946344484528,North America,Cold - Dry Summer,-119.0675,37.6625,CDS,human_unique_adjusted_r2
4397,spatial_spd,unique_adjusted_r2,human,0.13987448472230812,Europe,Cold - Warm Summer,17.35631,52.54984,CWS,human_unique_adjusted_r2
15292,spatial_spd,unique_adjusted_r2,human,0.05832586264883988,North America,Cold - Warm Summer,-78.05134,43.08732,CWS,human_unique_adjusted_r2
15306,spatial_spd,unique_adjusted_r2,human,-0.03219150962933881,Latin America,Polar,-71.88616,-52.03906,POL,human_unique_adjusted_r2
3500,spatial_spd,unique_adjusted_r2,human,0.20006125852095769,North America,Temperate,-97.11667,30.36667,TMP,human_unique_adjusted_r2
4330,spatial_spd,unique_adjusted_r2,human,-0.03601160474852527,Europe,Cold - Warm Summer,10.21472,44.29861,CWS,human_unique_adjusted_r2
2476,spatial_spd,unique_adjusted_r2,human,-0.05648089677251045,North America,Cold - Cold Summer,-133.58333,69.28333,CCS,human_unique_adjusted_r2
21700,spatial_spd,unique_adjusted_r2,human,0.04379248750342901,Latin America,Temperate,-76.70941,2.36575,TMP,human_unique_adjusted_r2
2382,spatial_spd,unique_adjusted_r2,human,-0.07215512924085643,North America,Cold - Warm Summer,-81.41667,45.15,CWS,human_unique_adjusted_r2
24593,spatial_spd,unique_adjusted_r2,human,0.06847861459142301,Europe,Temperate,-0.41639,47.96944,TMP,human_unique_adjusted_r2
2343,spatial_spd,unique_adjusted_r2,human,-0.030647327209698316,North America,Cold - Warm Summer,-74.39583,46.17194,CWS,human_unique_adjusted_r2
4501,spatial_spd,unique_adjusted_r2,human,-0.025752473029109102,Europe,Cold - Cold Summer,13.9,47.17222,CCS,human_unique_adjusted_r2
41756,spatial_spd,unique_adjusted_r2,human,-0.04165751926049188,Europe,Cold - Cold Summer,13.9,47.17222,CCS,human_unique_adjusted_r2
22689,spatial_spd,unique_adjusted_r2,human,-0.03561947204231397,Europe,Cold - Warm Summer,13.05639,52.52444,CWS,human_unique_adjusted_r2
20883,spatial_spd,unique_adjusted_r2,human,-0.04296441426519182,North America,Cold - Dry Summer,-114.68645,46.51545,CDS,human_unique_adjusted_r2
15136,spatial_spd,unique_adjusted_r2,human,-0.06279285552670588,North America,Cold - Warm Summer,-98.95643,48.06397,CWS,human_unique_adjusted_r2
20616,spatial_spd,unique_adjusted_r2,human,0.017133709353678417,North America,Cold - Cold Summer,-107.34939,39.7626,CCS,human_unique_adjusted_r2
3926,spatial_spd,unique_adjusted_r2,human,0.16158415804246018,Europe,Polar,23.52349,41.73224,POL,human_unique_adjusted_r2
45379,spatial_spd,unique_adjusted_r2,human,-0.01285287224634346,Europe,Cold - Warm Summer,24.43111,59.175,CWS,human_unique_adjusted_r2
21770,spatial_spd,unique_adjusted_r2,human,-0.013117296553756486,North America,Temperate,-132.97333,53.53167,TMP,human_unique_adjusted_r2
25773,spatial_spd,unique_adjusted_r2,human,0.016957078495249522,Europe,Cold - Warm Summer,12.35416,47.47138,CWS,human_unique_adjusted_r2
4256,spatial_spd,unique_adjusted_r2,human,-0.012553340771904842,Europe,Temperate - Dry Summer,12.31566,42.11227,TDS,human_unique_adjusted_r2
1782,spatial_spd,unique_adjusted_r2,human,0.016470114183305906,North America,Cold - Hot Summer,-95.51333,39.53,CHS,human_unique_adjusted_r2
2620,spatial_spd,unique_adjusted_r2,human,0.10243386042787916,North America,Arid,-102.51851,41.71443,ARD,human_unique_adjusted_r2
4024,spatial_spd,unique_adjusted_r2,human,-0.08898210622686298,Europe,Cold - Cold Summer,13.86667,47.16667,CCS,human_unique_adjusted_r2
489,spatial_spd,unique_adjusted_r2,human,-0.06459486536741932,North America,Cold - Hot Summer,-93.47756,43.109,CHS,human_unique_adjusted_r2
24256,spatial_spd,unique_adjusted_r2,human,-0.028567555906228503,Europe,Cold - Warm Summer,14.60392,49.22231,CWS,human_unique_adjusted_r2
1716,spatial_spd,unique_adjusted_r2,human,0.047594810209466765,North America,Cold - Warm Summer,-72.83778,46.78778,CWS,human_unique_adjusted_r2
26431,spatial_spd,unique_adjusted_r2,human,0.012296871512333385,Europe,Cold - Warm Summer,13.27474,47.8042,CWS,human_unique_adjusted_r2
17296,spatial_spd,unique_adjusted_r2,human,0.11384455428732188,North America,Cold - Cold Summer,-113.6522,42.3189,CCS,human_unique_adjusted_r2
19266,spatial_spd,unique_adjusted_r2,human,0.042490524193544266,North America,Polar,-171.61263,63.63742,POL,human_unique_adjusted_r2
15872,spatial_spd,unique_adjusted_r2,human,-0.021493366769238853,North America,Temperate,-130.94579,54.475,TMP,human_unique_adjusted_r2
537,spatial_spd,unique_adjusted_r2,human,0.041945365647329536,Latin America,Polar,-68.04167,-16.35,POL,human_unique_adjusted_r2
47011,spatial_spd,unique_adjusted_r2,human,0.07146685877686143,Latin America,Temperate,-79.15958,-4.04586,TMP,human_unique_adjusted_r2
14951,spatial_spd,unique_adjusted_r2,human,-0.00721215436069933,North America,Cold - Dry Summer,-112.14744,36.3709,CDS,human_unique_adjusted_r2
15420,spatial_spd,unique_adjusted_r2,human,-0.04918566973276228,North America,Polar,-129.83681,58.89001,POL,human_unique_adjusted_r2
3138,spatial_spd,unique_adjusted_r2,human,0.033484296230518074,North America,Cold - Warm Summer,-92.71694,46.41694,CWS,human_unique_adjusted_r2
1691,spatial_spd,unique_adjusted_r2,human,-0.0021676490881491484,North America,Cold - Cold Summer,-70.97639,47.59722,CCS,human_unique_adjusted_r2
22660,spatial_spd,unique_adjusted_r2,human,0.03677677800759027,Europe,Cold - Cold Summer,10.27778,46.77611,CCS,human_unique_adjusted_r2
4148,spatial_spd,unique_adjusted_r2,human,0.023983337067905897,Europe,Temperate,21.58611,40.6125,TMP,human_unique_adjusted_r2
206,spatial_spd,unique_adjusted_r2,human,0.052366786281165534,North America,Polar,-128.08333,64.65,POL,human_unique_adjusted_r2
1105,spatial_spd,unique_adjusted_r2,human,-0.017166727512675783,North America,Cold - Warm Summer,-76.6,44.51667,CWS,human_unique_adjusted_r2
1524,spatial_spd,unique_adjusted_r2,human,0.01019618288845714,North America,Cold - Warm Summer,-87.455,45.66667,CWS,human_unique_adjusted_r2
2652,spatial_spd,unique_adjusted_r2,human,-0.026583547785295925,North America,Polar,-118.36667,52.73333,POL,human_unique_adjusted_r2
47590,spatial_spd,unique_adjusted_r2,human,0.08151312717804371,Europe,Temperate - Dry Summer,14.39575,37.90121,TDS,human_unique_adjusted_r2
48072,spatial_spd,unique_adjusted_r2,human,-0.01054215956020177,Europe,Cold - Warm Summer,15.86933,49.63707,CWS,human_unique_adjusted_r2
20872,spatial_spd,unique_adjusted_r2,human,0.03750524286878221,North America,Cold - Cold Summer,-145.40886,66.06742,CCS,human_unique_adjusted_r2
209,spatial_spd,unique_adjusted_r2,human,-0.03650486755259086,North America,Cold - Cold Summer,-70.68472,47.48167,CCS,human_unique_adjusted_r2
2065,spatial_spd,unique_adjusted_r2,human,0.12004329130646196,North America,Cold - Warm Summer,-101.55238,48.00267,CWS,human_unique_adjusted_r2
25318,spatial_spd,unique_adjusted_r2,human,-0.025767166770160554,Europe,Temperate,4.03528,47.2275,TMP,human_unique_adjusted_r2
4485,spatial_spd,unique_adjusted_r2,human,-0.06624437836609787,Europe,Cold - Warm Summer,22.83333,42.36667,CWS,human_unique_adjusted_r2
1674,spatial_spd,unique_adjusted_r2,human,-0.012018357974828309,Latin America,Polar,-75.25,-11.75,POL,human_unique_adjusted_r2
20372,spatial_spd,unique_adjusted_r2,human,-0.07718304521518848,North America,Cold - Dry Summer,-150.84949,60.7794,CDS,human_unique_adjusted_r2
41543,spatial_spd,unique_adjusted_r2,human,0.03916487827875581,Europe,Temperate - Dry Summer,12.65,37.6,TDS,human_unique_adjusted_r2
41469,spatial_spd,unique_adjusted_r2,human,-0.010007737766393632,Europe,Cold - Warm Summer,7.66823,47.16969,CWS,human_unique_adjusted_r2
1773,spatial_spd,unique_adjusted_r2,human,-0.011915414065011176,North America,Cold - Warm Summer,-68.63917,44.6275,CWS,human_unique_adjusted_r2
254,spatial_spd,unique_adjusted_r2,human,0.22701272015062812,North America,Cold - Warm Summer,-77.91667,42.25,CWS,human_unique_adjusted_r2
1693,spatial_spd,unique_adjusted_r2,human,-0.04167989039212028,North America,Cold - Cold Summer,-117.61667,52.73333,CCS,human_unique_adjusted_r2
45188,spatial_spd,unique_adjusted_r2,human,0.013354207066083812,Europe,Temperate - Dry Summer,-6.20972,40.54667,TDS,human_unique_adjusted_r2
1981,spatial_spd,unique_adjusted_r2,human,-0.06991014833754583,North America,Cold - Warm Summer,-64.8,47.075,CWS,human_unique_adjusted_r2
4279,spatial_spd,unique_adjusted_r2,human,0.1491286223224092,Europe,Temperate,-3.4325,56.9975,TMP,human_unique_adjusted_r2
22759,spatial_spd,unique_adjusted_r2,human,-0.03225899055700887,Europe,Cold - Warm Summer,19.34039,52.58302,CWS,human_unique_adjusted_r2
2882,spatial_spd,unique_adjusted_r2,human,1.68786819463973e-4,North America,Cold - Cold Summer,-135.65556,66.05,CCS,human_unique_adjusted_r2
1577,spatial_spd,unique_adjusted_r2,human,0.0018297768450201701,Europe,Temperate,-6.14159,43.03849,TMP,human_unique_adjusted_r2
20515,spatial_spd,unique_adjusted_r2,human,-0.04779858921795266,North America,Cold - Hot Summer,-74.6445,41.09362,CHS,human_unique_adjusted_r2
2265,spatial_spd,unique_adjusted_r2,human,-0.039343258323810026,North America,Cold - Warm Summer,-65.26694,48.05194,CWS,human_unique_adjusted_r2
2925,spatial_spd,unique_adjusted_r2,human,-0.03894557858101444,North America,Polar,-117.08333,52.78333,POL,human_unique_adjusted_r2
17334,spatial_spd,unique_adjusted_r2,human,0.04177890219177649,Europe,Temperate,-6.38992,52.99702,TMP,human_unique_adjusted_r2
47005,spatial_spd,unique_adjusted_r2,human,0.040172983357553704,Europe,Temperate,-6.38992,52.99702,TMP,human_unique_adjusted_r2
40799,spatial_spd,unique_adjusted_r2,human,0.045235869909911575,North America,Cold - Warm Summer,-71.96321,42.07833,CWS,human_unique_adjusted_r2
41585,spatial_spd,unique_adjusted_r2,human,0.026897156330022653,North America,Polar,-124.60509,58.39351,POL,human_unique_adjusted_r2
15302,spatial_spd,unique_adjusted_r2,human,0.10242895972711874,North America,Cold - Hot Summer,-89.5975,43.79768,CHS,human_unique_adjusted_r2
40854,spatial_spd,unique_adjusted_r2,human,-0.03947164266144565,North America,Cold - Hot Summer,-72.7028,42.1747,CHS,human_unique_adjusted_r2
2615,spatial_spd,unique_adjusted_r2,human,0.20968893163949043,North America,Cold - Warm Summer,-122.56279,49.31934,CWS,human_unique_adjusted_r2
14884,spatial_spd,unique_adjusted_r2,human,1.6545827348468656e-4,North America,Cold - Cold Summer,-114.26438,45.8906,CCS,human_unique_adjusted_r2
856,spatial_spd,unique_adjusted_r2,human,-0.026329012035601895,North America,Cold - Cold Summer,-84.93,48.21,CCS,human_unique_adjusted_r2
12,spatial_spd,unique_adjusted_r2,human,0.1392485773160298,Europe,Cold - Warm Summer,13.41701,55.92856,CWS,human_unique_adjusted_r2
1820,spatial_spd,unique_adjusted_r2,human,-0.039367292491926054,North America,Cold - Warm Summer,-79.45,45.21667,CWS,human_unique_adjusted_r2
15929,spatial_spd,unique_adjusted_r2,human,-0.0088521314162463,North America,Cold - Warm Summer,-78,43,CWS,human_unique_adjusted_r2
41842,spatial_spd,unique_adjusted_r2,human,-0.016029213163095135,Europe,Polar,7.97395,46.39429,POL,human_unique_adjusted_r2
45387,spatial_spd,unique_adjusted_r2,human,0.0865804148353182,Europe,Cold - Warm Summer,26.01389,59.45139,CWS,human_unique_adjusted_r2
15142,spatial_spd,unique_adjusted_r2,human,0.0017530462063243268,North America,Cold - Hot Summer,-70.77813,41.92418,CHS,human_unique_adjusted_r2
852,spatial_spd,unique_adjusted_r2,human,0.09079072365324725,North America,Temperate,-71.575,41.15833,TMP,human_unique_adjusted_r2
4269,spatial_spd,unique_adjusted_r2,human,0.04897191991444072,Europe,Cold - Warm Summer,14.77529,48.99944,CWS,human_unique_adjusted_r2
25370,spatial_spd,unique_adjusted_r2,human,0.11064550074147617,Europe,Temperate,4.12278,47.31778,TMP,human_unique_adjusted_r2
25221,spatial_spd,unique_adjusted_r2,human,0.12140231395912093,Europe,Temperate,2.33722,45.69639,TMP,human_unique_adjusted_r2
41018,spatial_spd,unique_adjusted_r2,human,0.0181966460576507,North America,Temperate,-70.66628,41.4316,TMP,human_unique_adjusted_r2
21774,spatial_spd,unique_adjusted_r2,human,0.27090720439925753,North America,Temperate,-127.0722,50.5725,TMP,human_unique_adjusted_r2
4012,spatial_spd,unique_adjusted_r2,human,-0.010590559228076724,Europe,Temperate,-1.09648,60.38736,TMP,human_unique_adjusted_r2
41241,spatial_spd,unique_adjusted_r2,human,-0.08165481205491942,Europe,Temperate,-4.43026,55.09344,TMP,human_unique_adjusted_r2
41499,spatial_spd,unique_adjusted_r2,human,0.027446162551711506,North America,Cold - Dry Summer,-140.90574,67.90308,CDS,human_unique_adjusted_r2
47564,spatial_spd,unique_adjusted_r2,human,0.07942803978156321,Latin America,Tropical,-65.98614,-12.99739,TRO,human_unique_adjusted_r2
778,spatial_spd,unique_adjusted_r2,human,-0.028994111859663274,North America,Cold - Cold Summer,-112.1,57.76667,CCS,human_unique_adjusted_r2
4320,spatial_spd,unique_adjusted_r2,human,0.0751262062238015,Europe,Cold - Warm Summer,23.95667,51.69667,CWS,human_unique_adjusted_r2
42566,spatial_spd,unique_adjusted_r2,human,0.09913793048932529,Europe,Cold - Warm Summer,8.63721,48.72783,CWS,human_unique_adjusted_r2
2342,spatial_spd,unique_adjusted_r2,human,0.07860282701716248,North America,Cold - Warm Summer,-74.46694,46.05778,CWS,human_unique_adjusted_r2
3871,spatial_spd,unique_adjusted_r2,human,-0.10887970430032412,Europe,Temperate,5.28333,45.79083,TMP,human_unique_adjusted_r2
41228,spatial_spd,unique_adjusted_r2,human,-0.04403549010020724,Europe,Temperate,-3.80472,51.12028,TMP,human_unique_adjusted_r2
46659,spatial_spd,unique_adjusted_r2,human,-0.02112277717242128,North America,Polar,-109.50237,44.93454,POL,human_unique_adjusted_r2
24441,spatial_spd,unique_adjusted_r2,human,-0.038209328448540636,Europe,Cold - Warm Summer,3.65,44.46667,CWS,human_unique_adjusted_r2
40795,spatial_spd,unique_adjusted_r2,human,0.007203576674904344,North America,Cold - Warm Summer,-70.79309,41.32761,CWS,human_unique_adjusted_r2
21915,spatial_spd,unique_adjusted_r2,human,0.07042413739772013,Latin America,Tropical,-76.52225,3.10116,TRO,human_unique_adjusted_r2
14523,spatial_spd,unique_adjusted_r2,human,-0.04522659459182654,Europe,Temperate,-9.72556,53.9498,TMP,human_unique_adjusted_r2
25344,spatial_spd,unique_adjusted_r2,human,0.3230106482202666,Europe,Temperate,4.04861,47.20333,TMP,human_unique_adjusted_r2
41502,spatial_spd,unique_adjusted_r2,human,8.573493935294385e-4,Europe,Temperate,-8.3499,55.0224,TMP,human_unique_adjusted_r2
772,spatial_spd,unique_adjusted_r2,human,0.10881134168608642,North America,Cold - Warm Summer,-70.0018,41.9316,CWS,human_unique_adjusted_r2
46645,spatial_spd,unique_adjusted_r2,human,-0.036393837240382476,North America,Cold - Cold Summer,-107.38399,44.39092,CCS,human_unique_adjusted_r2
3452,spatial_spd,unique_adjusted_r2,human,0.029510130521332223,North America,Cold - Warm Summer,-90.35,45.3,CWS,human_unique_adjusted_r2
3910,spatial_spd,unique_adjusted_r2,human,-0.012232889530429558,Europe,Temperate,-2.05,43.03333,TMP,human_unique_adjusted_r2
48735,spatial_spd,unique_adjusted_r2,human,0.17423434715105923,Europe,Cold - Cold Summer,13.40649,49.01398,CCS,human_unique_adjusted_r2
48614,spatial_spd,unique_adjusted_r2,human,0.10480655760878232,Latin America,Temperate,-79.11153,-4.37461,TMP,human_unique_adjusted_r2
22352,spatial_spd,unique_adjusted_r2,human,-0.07967507903533433,Europe,Cold - Warm Summer,13.83582,48.89954,CWS,human_unique_adjusted_r2
15876,spatial_spd,unique_adjusted_r2,human,-0.051491699397145374,North America,Arid,-119.96,35.935,ARD,human_unique_adjusted_r2
45710,spatial_spd,unique_adjusted_r2,human,0.0887040177209154,Europe,Cold - Cold Summer,7.53886,59.66874,CCS,human_unique_adjusted_r2
17945,spatial_spd,unique_adjusted_r2,human,-0.038719803014963805,North America,Cold - Warm Summer,-132.95774,56.80046,CWS,human_unique_adjusted_r2
15719,spatial_spd,unique_adjusted_r2,human,-0.052784563588671674,North America,Polar,-61.796,66.66,POL,human_unique_adjusted_r2
2955,spatial_spd,unique_adjusted_r2,human,0.007449851248671591,North America,Polar,-117.21667,52.24167,POL,human_unique_adjusted_r2
22910,spatial_spd,unique_adjusted_r2,human,0.33188028682646753,Europe,Cold - Warm Summer,17.255,47.21583,CWS,human_unique_adjusted_r2
16061,spatial_spd,unique_adjusted_r2,human,0.0076587874067657324,North America,Cold - Dry Summer,-122.4984,41.20586,CDS,human_unique_adjusted_r2
549,spatial_spd,unique_adjusted_r2,human,-0.0627889056561256,North America,Cold - Cold Summer,-69.4,54.88333,CCS,human_unique_adjusted_r2
45719,spatial_spd,unique_adjusted_r2,human,0.06879761218360869,Europe,Cold - Warm Summer,7.73221,58.53704,CWS,human_unique_adjusted_r2
2610,spatial_spd,unique_adjusted_r2,human,-0.01183954744643645,North America,Cold - Warm Summer,-52.66667,47.61667,CWS,human_unique_adjusted_r2
20838,spatial_spd,unique_adjusted_r2,human,-0.0037911170536593097,North America,Cold - Cold Summer,-111.57316,38.07195,CCS,human_unique_adjusted_r2
24390,spatial_spd,unique_adjusted_r2,human,-0.011750909771548468,Europe,Temperate - Dry Summer,20.83333,38.86667,TDS,human_unique_adjusted_r2
21319,spatial_spd,unique_adjusted_r2,human,0.0013506234869434808,North America,Cold - Cold Summer,-65.41466,48.70971,CCS,human_unique_adjusted_r2
15740,spatial_spd,unique_adjusted_r2,human,-0.011103520268359035,North America,Cold - Warm Summer,-91.19975,46.30638,CWS,human_unique_adjusted_r2
16275,spatial_spd,unique_adjusted_r2,human,-0.02541700591082796,North America,Cold - Cold Summer,-91.37583,52.52949,CCS,human_unique_adjusted_r2
2303,spatial_spd,unique_adjusted_r2,human,-0.00597290436675868,North America,Polar,-95.06667,72.58333,POL,human_unique_adjusted_r2
1574,spatial_spd,unique_adjusted_r2,human,-0.05314381492193376,North America,Cold - Hot Summer,-84.75,41.41667,CHS,human_unique_adjusted_r2
2962,spatial_spd,unique_adjusted_r2,human,-0.0013390694455904795,North America,Cold - Cold Summer,-114.15,59.25,CCS,human_unique_adjusted_r2
1780,spatial_spd,unique_adjusted_r2,human,-0.013621855074702705,North America,Cold - Cold Summer,-141.96667,60.03333,CCS,human_unique_adjusted_r2
22797,spatial_spd,unique_adjusted_r2,human,0.08047464078364441,Europe,Cold - Cold Summer,8.01139,46.23111,CCS,human_unique_adjusted_r2
2318,spatial_spd,unique_adjusted_r2,human,0.14417782166698268,North America,Cold - Warm Summer,-85.17917,46.13194,CWS,human_unique_adjusted_r2
20,spatial_spd,unique_adjusted_r2,human,0.09396284315734982,Europe,Cold - Cold Summer,27.67406,69.12326,CCS,human_unique_adjusted_r2
2919,spatial_spd,unique_adjusted_r2,human,0.05408963114461407,North America,Cold - Hot Summer,-88.18475,42.35154,CHS,human_unique_adjusted_r2
20758,spatial_spd,unique_adjusted_r2,human,0.06802968278363275,North America,Temperate - Dry Summer,-123.461,42.021,TDS,human_unique_adjusted_r2
24097,spatial_spd,unique_adjusted_r2,human,-0.08455500564268903,Europe,Cold - Warm Summer,17.19626,48.97602,CWS,human_unique_adjusted_r2
501,spatial_spd,unique_adjusted_r2,human,-2.364432814134787e-4,North America,Cold - Cold Summer,-56.19639,50.03417,CCS,human_unique_adjusted_r2
1848,spatial_spd,unique_adjusted_r2,human,-2.2610193890237884e-4,North America,Cold - Warm Summer,-77.41667,40.8,CWS,human_unique_adjusted_r2
45385,spatial_spd,unique_adjusted_r2,human,0.03169355111361505,Europe,Cold - Warm Summer,26.01389,59.45139,CWS,human_unique_adjusted_r2
2908,spatial_spd,unique_adjusted_r2,human,0.06436036602311102,Latin America,Cold - Dry Summer,-70.38333,-36.88333,CDS,human_unique_adjusted_r2
22683,spatial_spd,unique_adjusted_r2,human,-0.050373188030360616,Europe,Cold - Cold Summer,7.13333,44.23333,CCS,human_unique_adjusted_r2
17711,spatial_spd,unique_adjusted_r2,human,0.077519657416108,North America,Cold - Cold Summer,-105.05685,55.33061,CCS,human_unique_adjusted_r2
2023,spatial_spd,unique_adjusted_r2,human,-0.009332633762431541,North America,Cold - Warm Summer,-76.1,45.6,CWS,human_unique_adjusted_r2
336,spatial_spd,unique_adjusted_r2,human,-0.008459158580624071,North America,Cold - Cold Summer,-130.65,61.68333,CCS,human_unique_adjusted_r2
14525,spatial_spd,unique_adjusted_r2,human,-0.011615493358262396,Europe,Temperate,-9.43662,54.03918,TMP,human_unique_adjusted_r2
1667,spatial_spd,unique_adjusted_r2,human,-0.02502320210255582,North America,Cold - Warm Summer,-71.25139,44.24694,CWS,human_unique_adjusted_r2
41491,spatial_spd,unique_adjusted_r2,human,0.21925296066342725,Europe,Cold - Warm Summer,24.13852,41.73356,CWS,human_unique_adjusted_r2
48621,spatial_spd,unique_adjusted_r2,human,-0.0766006802409892,Latin America,Temperate,-72.97522,-47.64356,TMP,human_unique_adjusted_r2
48889,spatial_spd,unique_adjusted_r2,human,0.19435419766721873,North America,Cold - Warm Summer,-85.71733,46.44253,CWS,human_unique_adjusted_r2
45400,spatial_spd,unique_adjusted_r2,human,-0.03065822755923575,Europe,Cold - Warm Summer,27.46167,59.17528,CWS,human_unique_adjusted_r2
805,spatial_spd,unique_adjusted_r2,human,-0.06618456634189207,North America,Cold - Hot Summer,-82.76,41.92,CHS,human_unique_adjusted_r2
22992,spatial_spd,unique_adjusted_r2,human,0.08282872667508445,Europe,Cold - Cold Summer,8.06769,46.71801,CCS,human_unique_adjusted_r2
15768,spatial_spd,unique_adjusted_r2,human,0.048017541532486385,North America,Temperate - Dry Summer,-123.581,45.822,TDS,human_unique_adjusted_r2
41911,spatial_spd,unique_adjusted_r2,human,-0.02473324177341929,Europe,Temperate - Dry Summer,-7.63611,40.36278,TDS,human_unique_adjusted_r2
22316,spatial_spd,unique_adjusted_r2,human,0.10084926608255163,Europe,Cold - Warm Summer,16.1175,50.58861,CWS,human_unique_adjusted_r2
219,spatial_spd,unique_adjusted_r2,human,0.0696022119551144,North America,Cold - Warm Summer,-73.31111,45.54306,CWS,human_unique_adjusted_r2
4364,spatial_spd,unique_adjusted_r2,human,0.0025881723815188717,Europe,Cold - Warm Summer,19.80199,49.46655,CWS,human_unique_adjusted_r2
21606,spatial_spd,unique_adjusted_r2,human,0.20507708470822683,Latin America,Arid,-71.70555,-13.09533,ARD,human_unique_adjusted_r2
2586,spatial_spd,unique_adjusted_r2,human,0.11890259427930205,North America,Cold - Warm Summer,-86.95833,46.47,CWS,human_unique_adjusted_r2
1438,spatial_spd,unique_adjusted_r2,human,0.09392748637426218,Europe,Cold - Cold Summer,14.53458,57.64055,CCS,human_unique_adjusted_r2
41614,spatial_spd,unique_adjusted_r2,human,-0.03571779303590095,North America,Cold - Cold Summer,-106.40741,39.15095,CCS,human_unique_adjusted_r2
15138,spatial_spd,unique_adjusted_r2,human,-0.025917161629772312,North America,Cold - Warm Summer,-99.29758,49.44254,CWS,human_unique_adjusted_r2
24250,spatial_spd,unique_adjusted_r2,human,-0.021227689882890255,Europe,Cold - Warm Summer,14.02583,49.37639,CWS,human_unique_adjusted_r2
24414,spatial_spd,unique_adjusted_r2,human,-0.05218340331801763,Europe,Cold - Warm Summer,3.08111,44.74444,CWS,human_unique_adjusted_r2
3493,spatial_spd,unique_adjusted_r2,human,0.19104396096229803,North America,Cold - Warm Summer,-73.2945,41.80939,CWS,human_unique_adjusted_r2
15855,spatial_spd,unique_adjusted_r2,human,0.04427066620231457,North America,Cold - Cold Summer,-113.79265,46.95179,CCS,human_unique_adjusted_r2
974,spatial_spd,unique_adjusted_r2,human,0.013233585726202701,North America,Cold - Warm Summer,-98.25,53,CWS,human_unique_adjusted_r2
16054,spatial_spd,unique_adjusted_r2,human,-0.02784119176736133,North America,Cold - Dry Summer,-121.39227,40.40972,CDS,human_unique_adjusted_r2
45117,spatial_spd,unique_adjusted_r2,human,0.007071599742627277,Europe,Cold - Cold Summer,22.80349,45.33407,CCS,human_unique_adjusted_r2
679,spatial_spd,unique_adjusted_r2,human,-0.030803835803823065,North America,Cold - Warm Summer,-85,43.48,CWS,human_unique_adjusted_r2
15778,spatial_spd,unique_adjusted_r2,human,0.1850750501698919,North America,Cold - Dry Summer,-119.149,37.9419,CDS,human_unique_adjusted_r2
47537,spatial_spd,unique_adjusted_r2,human,0.03426737090995635,Europe,Temperate - Dry Summer,9.78752,40.45547,TDS,human_unique_adjusted_r2
15214,spatial_spd,unique_adjusted_r2,human,-0.017682998059656563,North America,Cold - Cold Summer,-121.47227,51.66122,CCS,human_unique_adjusted_r2
790,spatial_spd,unique_adjusted_r2,human,-0.01671604295762652,North America,Cold - Cold Summer,-105.58,39.93667,CCS,human_unique_adjusted_r2
2663,spatial_spd,unique_adjusted_r2,human,-0.00815100347932185,North America,Temperate,-81.50634,27.58253,TMP,human_unique_adjusted_r2
1013,spatial_spd,unique_adjusted_r2,human,0.2486346746414011,North America,Cold - Warm Summer,-109.425,34,CWS,human_unique_adjusted_r2
16175,spatial_spd,unique_adjusted_r2,human,-0.020590454216484533,North America,Cold - Hot Summer,-74.55597,41.4059,CHS,human_unique_adjusted_r2
16238,spatial_spd,unique_adjusted_r2,human,-0.07487640146017749,North America,Cold - Cold Summer,-157.0576,68.4891,CCS,human_unique_adjusted_r2
40797,spatial_spd,unique_adjusted_r2,human,0.14047129554732452,North America,Cold - Warm Summer,-70.76706,41.4711,CWS,human_unique_adjusted_r2
16103,spatial_spd,unique_adjusted_r2,human,-0.04916627169994836,North America,Cold - Warm Summer,-62.09501,44.97306,CWS,human_unique_adjusted_r2
40452,spatial_spd,unique_adjusted_r2,human,0.06459652109981717,Europe,Cold - Warm Summer,7.05,47.24056,CWS,human_unique_adjusted_r2
1569,spatial_spd,unique_adjusted_r2,human,0.060123116395911835,North America,Cold - Cold Summer,-70.3,46.71667,CCS,human_unique_adjusted_r2
15,spatial_spd,unique_adjusted_r2,human,0.05364124523364977,Latin America,Arid,-65.75,-23.83333,ARD,human_unique_adjusted_r2
14549,spatial_spd,unique_adjusted_r2,human,4.8298114182410146e-4,North America,Cold - Dry Summer,-112.79315,37.6709,CDS,human_unique_adjusted_r2
843,spatial_spd,unique_adjusted_r2,human,0.11429670885337151,North America,Cold - Cold Summer,-109.95,43.43889,CCS,human_unique_adjusted_r2
41748,spatial_spd,unique_adjusted_r2,human,-0.015396731254893936,Europe,Polar,7.36285,46.15726,POL,human_unique_adjusted_r2
1434,spatial_spd,unique_adjusted_r2,human,-0.010210686471020414,Europe,Cold - Warm Summer,27.41146,58.19142,CWS,human_unique_adjusted_r2
808,spatial_spd,unique_adjusted_r2,human,0.10147186656365415,North America,Temperate - Dry Summer,-123.68167,48.35194,TDS,human_unique_adjusted_r2
40666,spatial_spd,unique_adjusted_r2,human,-0.01775710490336635,North America,Temperate,-70.7,41.42835,TMP,human_unique_adjusted_r2
2335,spatial_spd,unique_adjusted_r2,human,-0.052028638639337155,Europe,Temperate - Dry Summer,-6.73333,42.1,TDS,human_unique_adjusted_r2
4385,spatial_spd,unique_adjusted_r2,human,-0.06718843069086045,Europe,Temperate,-6.88333,58.13333,TMP,human_unique_adjusted_r2
4133,spatial_spd,unique_adjusted_r2,human,-0.03504634263206863,Europe,Cold - Cold Summer,25.86881,61.41513,CCS,human_unique_adjusted_r2
25763,spatial_spd,unique_adjusted_r2,human,0.0652927053839929,Europe,Polar,11.80211,47.02316,POL,human_unique_adjusted_r2
20285,spatial_spd,unique_adjusted_r2,human,-0.06388864371399172,Europe,Polar,28.16545,71.03753,POL,human_unique_adjusted_r2
17354,spatial_spd,unique_adjusted_r2,human,-0.02965842141060604,North America,Cold - Cold Summer,-147.39653,64.3443,CCS,human_unique_adjusted_r2
2594,spatial_spd,unique_adjusted_r2,human,0.017160596897554448,Latin America,Temperate,-49.55,-28.55,TMP,human_unique_adjusted_r2
4150,spatial_spd,unique_adjusted_r2,human,0.0027499295347178654,Europe,Temperate,-2.10953,52.80744,TMP,human_unique_adjusted_r2
4011,spatial_spd,unique_adjusted_r2,human,0.09621785638574754,Europe,Cold - Warm Summer,14.70652,58.32288,CWS,human_unique_adjusted_r2
720,spatial_spd,unique_adjusted_r2,human,-0.02320917254321153,Europe,Polar,31.01975,70.32333,POL,human_unique_adjusted_r2
2959,spatial_spd,unique_adjusted_r2,human,0.05333017609026569,North America,Cold - Hot Summer,-71.11667,41.96667,CHS,human_unique_adjusted_r2
20649,spatial_spd,unique_adjusted_r2,human,-0.04177280980317244,North America,Polar,-113.78145,71.344,POL,human_unique_adjusted_r2
41001,spatial_spd,unique_adjusted_r2,human,0.014349755217148763,North America,Cold - Hot Summer,-72.58,40.884,CHS,human_unique_adjusted_r2
45704,spatial_spd,unique_adjusted_r2,human,0.004350879219470083,Europe,Cold - Cold Summer,7.985,59.62523,CCS,human_unique_adjusted_r2
1854,spatial_spd,unique_adjusted_r2,human,0.38823041792071267,North America,Cold - Cold Summer,-109.94083,43.45,CCS,human_unique_adjusted_r2
1157,spatial_spd,unique_adjusted_r2,human,-0.03771541019959834,North America,Cold - Warm Summer,-81.76667,47.31667,CWS,human_unique_adjusted_r2
4360,spatial_spd,unique_adjusted_r2,human,0.014459970891313456,Europe,Cold - Cold Summer,30.56667,66.35,CCS,human_unique_adjusted_r2
45639,spatial_spd,unique_adjusted_r2,human,0.06253226716285132,Europe,Cold - Cold Summer,17.75935,68.48221,CCS,human_unique_adjusted_r2
45389,spatial_spd,unique_adjusted_r2,human,-0.004608846880426509,Europe,Cold - Warm Summer,26.51722,58.05917,CWS,human_unique_adjusted_r2
22950,spatial_spd,unique_adjusted_r2,human,0.13008629041164665,Europe,Cold - Warm Summer,19.46271,54.10053,CWS,human_unique_adjusted_r2
539,spatial_spd,unique_adjusted_r2,human,0.020067742382138265,North America,Temperate,-91.09082,36.79864,TMP,human_unique_adjusted_r2
26520,spatial_spd,unique_adjusted_r2,human,-0.04041200110597609,Europe,Polar,7.09361,46.17667,POL,human_unique_adjusted_r2
773,spatial_spd,unique_adjusted_r2,human,-0.023846533245898693,North America,Cold - Warm Summer,-70.35,45.85,CWS,human_unique_adjusted_r2
4524,spatial_spd,unique_adjusted_r2,human,0.022927108264363616,Europe,Temperate,1.75,48.41667,TMP,human_unique_adjusted_r2
16129,spatial_spd,unique_adjusted_r2,human,-0.05909646262715562,North America,Cold - Hot Summer,-88.8579,42.7776,CHS,human_unique_adjusted_r2
17377,spatial_spd,unique_adjusted_r2,human,-0.051319667824470505,North America,Cold - Dry Summer,-150.91979,60.4918,CDS,human_unique_adjusted_r2
4466,spatial_spd,unique_adjusted_r2,human,-0.01953862382896765,Europe,Cold - Warm Summer,28.1,54.03333,CWS,human_unique_adjusted_r2
22980,spatial_spd,unique_adjusted_r2,human,-0.06757116783808692,Europe,Arid,28.53192,43.66346,ARD,human_unique_adjusted_r2
26514,spatial_spd,unique_adjusted_r2,human,0.09094066777316168,Europe,Cold - Warm Summer,12.29357,47.65663,CWS,human_unique_adjusted_r2
4314,spatial_spd,unique_adjusted_r2,human,0.25713674040824996,Europe,Cold - Warm Summer,25.99919,53.26346,CWS,human_unique_adjusted_r2
872,spatial_spd,unique_adjusted_r2,human,-0.021358311395280105,Latin America,Temperate,-50.21667,-24.66667,TMP,human_unique_adjusted_r2
723,spatial_spd,unique_adjusted_r2,human,0.029971718783871393,Europe,Cold - Warm Summer,28.25,48.75,CWS,human_unique_adjusted_r2
48950,spatial_spd,unique_adjusted_r2,human,-0.07949133675468312,Europe,Cold - Warm Summer,5.99556,44.555,CWS,human_unique_adjusted_r2
48818,spatial_spd,unique_adjusted_r2,human,0.06477831564593706,North America,Cold - Warm Summer,-89.70449,46.18465,CWS,human_unique_adjusted_r2
45105,spatial_spd,unique_adjusted_r2,human,0.01247941684262499,Europe,Cold - Dry Summer,20.77556,39.98778,CDS,human_unique_adjusted_r2
48363,spatial_spd,unique_adjusted_r2,human,0.01288333549640619,North America,Cold - Dry Summer,-151.1123,59.94242,CDS,human_unique_adjusted_r2
17363,spatial_spd,unique_adjusted_r2,human,-0.07353923449771016,North America,Temperate,-83.02511,35.16662,TMP,human_unique_adjusted_r2
3058,spatial_spd,unique_adjusted_r2,human,-0.05948297474434072,North America,Cold - Warm Summer,-67.33336,45.25246,CWS,human_unique_adjusted_r2
22847,spatial_spd,unique_adjusted_r2,human,0.012870443101434925,Europe,Cold - Warm Summer,18.16208,54.70555,CWS,human_unique_adjusted_r2
991,spatial_spd,unique_adjusted_r2,human,0.007002390227676347,North America,Arid,-112.71667,48.55,ARD,human_unique_adjusted_r2
41764,spatial_spd,unique_adjusted_r2,human,-0.031094503514702776,Europe,Cold - Cold Summer,27.83997,70.0476,CCS,human_unique_adjusted_r2
24317,spatial_spd,unique_adjusted_r2,human,-0.05286404214871665,Europe,Cold - Cold Summer,7.845,46.19556,CCS,human_unique_adjusted_r2
2899,spatial_spd,unique_adjusted_r2,human,-0.04389917260110898,Latin America,Temperate - Dry Summer,-71.05064,-36.86011,TDS,human_unique_adjusted_r2
20397,spatial_spd,unique_adjusted_r2,human,0.11305841968562258,North America,Cold - Warm Summer,-86.07692,46.56374,CWS,human_unique_adjusted_r2
1824,spatial_spd,unique_adjusted_r2,human,-0.049016975050110045,North America,Cold - Hot Summer,-95.12645,43.34114,CHS,human_unique_adjusted_r2
25786,spatial_spd,unique_adjusted_r2,human,0.057249449631506466,Latin America,Tropical,-88.3681,17.93554,TRO,human_unique_adjusted_r2
525,spatial_spd,unique_adjusted_r2,human,-0.060980085572230114,North America,Polar,-116.41667,51.65,POL,human_unique_adjusted_r2
16269,spatial_spd,unique_adjusted_r2,human,-0.04833846673889375,North America,Cold - Cold Summer,-89.61722,51.83861,CCS,human_unique_adjusted_r2
22723,spatial_spd,unique_adjusted_r2,human,0.039844476157465336,Europe,Temperate,-5.83333,57.25,TMP,human_unique_adjusted_r2
4200,spatial_spd,unique_adjusted_r2,human,0.027442191213701173,Europe,Cold - Cold Summer,14.62333,59.80167,CCS,human_unique_adjusted_r2
46477,spatial_spd,unique_adjusted_r2,human,-0.05831565642983161,Europe,Cold - Warm Summer,30.73749,58.02083,CWS,human_unique_adjusted_r2
999,spatial_spd,unique_adjusted_r2,human,-0.058936275383879244,North America,Cold - Hot Summer,-78.99722,37.98472,CHS,human_unique_adjusted_r2
1435,spatial_spd,unique_adjusted_r2,human,0.04875304029253713,Europe,Cold - Warm Summer,15.96947,49.72562,CWS,human_unique_adjusted_r2
853,spatial_spd,unique_adjusted_r2,human,0.19728967958625232,North America,Cold - Cold Summer,-111.66667,38.61667,CCS,human_unique_adjusted_r2
4369,spatial_spd,unique_adjusted_r2,human,-0.01782697031066649,Europe,Cold - Warm Summer,26.64967,58.59222,CWS,human_unique_adjusted_r2
332,spatial_spd,unique_adjusted_r2,human,0.05681743001957262,North America,Cold - Warm Summer,-88.01667,46.66667,CWS,human_unique_adjusted_r2
22971,spatial_spd,unique_adjusted_r2,human,0.019621520880796384,Europe,Cold - Warm Summer,12.09944,50.27611,CWS,human_unique_adjusted_r2
3488,spatial_spd,unique_adjusted_r2,human,0.005022934320409123,North America,Cold - Hot Summer,-89.41667,43.1,CHS,human_unique_adjusted_r2
1768,spatial_spd,unique_adjusted_r2,human,-0.03301536246420711,North America,Cold - Warm Summer,-98.16505,46.85061,CWS,human_unique_adjusted_r2
45324,spatial_spd,unique_adjusted_r2,human,0.19144348102938824,Europe,Temperate - Dry Summer,12.65,37.6,TDS,human_unique_adjusted_r2
46680,spatial_spd,unique_adjusted_r2,human,-0.020844857898563274,North America,Cold - Cold Summer,-120.68095,53.51773,CCS,human_unique_adjusted_r2
2954,spatial_spd,unique_adjusted_r2,human,-0.006076630133741601,North America,Cold - Cold Summer,-151.26667,64.33333,CCS,human_unique_adjusted_r2
531,spatial_spd,unique_adjusted_r2,human,0.1323502799011892,Europe,Cold - Warm Summer,26.01667,50.26667,CWS,human_unique_adjusted_r2
19814,spatial_spd,unique_adjusted_r2,human,0.01239696904204779,North America,Cold - Dry Summer,-138.75904,68.82343,CDS,human_unique_adjusted_r2
4118,spatial_spd,unique_adjusted_r2,human,-0.03433043424470894,Europe,Cold - Warm Summer,19.67778,49.04167,CWS,human_unique_adjusted_r2
1966,spatial_spd,unique_adjusted_r2,human,-0.005193367177312336,North America,Cold - Warm Summer,-94.119,47.075,CWS,human_unique_adjusted_r2
15191,spatial_spd,unique_adjusted_r2,human,-0.04574866591875515,North America,Temperate,-79.09388,35.17121,TMP,human_unique_adjusted_r2
45725,spatial_spd,unique_adjusted_r2,human,0.031075285785741147,Europe,Cold - Warm Summer,8.00356,58.24364,CWS,human_unique_adjusted_r2
19834,spatial_spd,unique_adjusted_r2,human,-0.05799947352202306,North America,Cold - Hot Summer,-94.73356,43.67035,CHS,human_unique_adjusted_r2
40793,spatial_spd,unique_adjusted_r2,human,-0.010424600749290636,North America,Cold - Hot Summer,-71.08776,42.61918,CHS,human_unique_adjusted_r2
4375,spatial_spd,unique_adjusted_r2,human,0.010917162341250952,Europe,Temperate,5.60833,45.425,TMP,human_unique_adjusted_r2
15976,spatial_spd,unique_adjusted_r2,human,0.016905221341924404,North America,Cold - Cold Summer,-158.5532,59.7939,CCS,human_unique_adjusted_r2
517,spatial_spd,unique_adjusted_r2,human,0.07204621144510437,North America,Cold - Dry Summer,-112.14974,36.52923,CDS,human_unique_adjusted_r2
849,spatial_spd,unique_adjusted_r2,human,-0.025900268543319283,North America,Cold - Warm Summer,-93.75,49.58333,CWS,human_unique_adjusted_r2
41189,spatial_spd,unique_adjusted_r2,human,-0.06274655823841102,Europe,Temperate,-5.50139,56.38444,TMP,human_unique_adjusted_r2
1987,spatial_spd,unique_adjusted_r2,human,0.04426247655826632,North America,Cold - Cold Summer,-162.2,63.5,CCS,human_unique_adjusted_r2
22662,spatial_spd,unique_adjusted_r2,human,-0.04255181554667742,Europe,Cold - Cold Summer,7.72972,44.18822,CCS,human_unique_adjusted_r2
841,spatial_spd,unique_adjusted_r2,human,-0.014828402827567588,North America,Cold - Cold Summer,-109.93889,43.47167,CCS,human_unique_adjusted_r2
17880,spatial_spd,unique_adjusted_r2,human,-0.042482655871118546,North America,Cold - Warm Summer,-72.45895,42.81014,CWS,human_unique_adjusted_r2
40627,spatial_spd,unique_adjusted_r2,human,0.004056073048206543,Europe,Cold - Warm Summer,7.54333,46.64583,CWS,human_unique_adjusted_r2
15368,spatial_spd,unique_adjusted_r2,human,0.024298225836813403,North America,Arid,-114.04118,40.49611,ARD,human_unique_adjusted_r2
3972,spatial_spd,unique_adjusted_r2,human,0.031358515942602305,Europe,Temperate,-1.80028,47.25444,TMP,human_unique_adjusted_r2
45393,spatial_spd,unique_adjusted_r2,human,-0.08571125305750238,Europe,Cold - Warm Summer,27.06917,57.73722,CWS,human_unique_adjusted_r2
42542,spatial_spd,unique_adjusted_r2,human,-0.015398392058231902,Europe,Cold - Cold Summer,10.47453,51.7704,CCS,human_unique_adjusted_r2
45312,spatial_spd,unique_adjusted_r2,human,0.05345077347100313,Europe,Polar,18.16667,68.16667,POL,human_unique_adjusted_r2
21790,spatial_spd,unique_adjusted_r2,human,0.09898763646507158,Europe,Cold - Cold Summer,14.92555,60.65141,CCS,human_unique_adjusted_r2
45642,spatial_spd,unique_adjusted_r2,human,0.00824484258482594,Europe,Cold - Cold Summer,18.07167,68.44417,CCS,human_unique_adjusted_r2
1153,spatial_spd,unique_adjusted_r2,human,-0.006389205838170042,North America,Cold - Warm Summer,-93.64361,47.13556,CWS,human_unique_adjusted_r2
22400,spatial_spd,unique_adjusted_r2,human,-0.01197098016629139,North America,Cold - Cold Summer,-105.60599,39.65656,CCS,human_unique_adjusted_r2
22346,spatial_spd,unique_adjusted_r2,human,-0.05763177952639553,Europe,Cold - Warm Summer,13.7405,48.89756,CWS,human_unique_adjusted_r2
4410,spatial_spd,unique_adjusted_r2,human,0.10151582488475985,Europe,Temperate,-2.46806,47.80944,TMP,human_unique_adjusted_r2
48986,spatial_spd,unique_adjusted_r2,human,0.09745883110041542,Europe,Temperate,-2.46806,47.80944,TMP,human_unique_adjusted_r2
41612,spatial_spd,unique_adjusted_r2,human,-0.022666965657219373,North America,Polar,-124.564,58.573,POL,human_unique_adjusted_r2
47687,spatial_spd,unique_adjusted_r2,human,0.36458151830570695,North America,Arid,-111.99647,42.29063,ARD,human_unique_adjusted_r2
22669,spatial_spd,unique_adjusted_r2,human,-0.05730150567004566,Europe,Temperate,8.86542,53.43465,TMP,human_unique_adjusted_r2
16009,spatial_spd,unique_adjusted_r2,human,-0.004503804943105871,North America,Temperate,-85.40174,34.66311,TMP,human_unique_adjusted_r2
48358,spatial_spd,unique_adjusted_r2,human,0.04547264148267971,Europe,Polar,20.078,49.15199,POL,human_unique_adjusted_r2
1028,spatial_spd,unique_adjusted_r2,human,-0.020850552079182405,North America,Polar,-63.03333,58.2,POL,human_unique_adjusted_r2
1715,spatial_spd,unique_adjusted_r2,human,-0.05076454337420677,North America,Cold - Warm Summer,-73.03056,46.72639,CWS,human_unique_adjusted_r2
258,spatial_spd,unique_adjusted_r2,human,-0.007390131384692911,North America,Cold - Cold Summer,-76.12028,54.04722,CCS,human_unique_adjusted_r2
43533,spatial_spd,unique_adjusted_r2,human,0.024178016098840738,Europe,Temperate,-6.77117,58.26443,TMP,human_unique_adjusted_r2
47502,spatial_spd,unique_adjusted_r2,human,0.04911585049041389,Latin America,Temperate,-79.14519,-3.98978,TMP,human_unique_adjusted_r2
2266,spatial_spd,unique_adjusted_r2,human,0.10910469418201008,North America,Cold - Warm Summer,-58.8,48.26,CWS,human_unique_adjusted_r2
24055,spatial_spd,unique_adjusted_r2,human,0.08428496724192258,Europe,Cold - Cold Summer,11.45624,46.63707,CCS,human_unique_adjusted_r2
287,spatial_spd,unique_adjusted_r2,human,0.028469824890679174,North America,Cold - Hot Summer,-89.86667,43.08333,CHS,human_unique_adjusted_r2
329,spatial_spd,unique_adjusted_r2,human,-0.07667638789010622,North America,Cold - Warm Summer,-73.86806,45.96111,CWS,human_unique_adjusted_r2
1548,spatial_spd,unique_adjusted_r2,human,0.0373036773196187,North America,Cold - Warm Summer,-92.58798,46.71359,CWS,human_unique_adjusted_r2
285,spatial_spd,unique_adjusted_r2,human,-0.014035246118535571,Oceania,Cold - Cold Summer,148.31667,-36.41667,CCS,human_unique_adjusted_r2
40914,spatial_spd,unique_adjusted_r2,human,-0.03247434300727525,North America,Cold - Warm Summer,-72.3758,44.359,CWS,human_unique_adjusted_r2
45395,spatial_spd,unique_adjusted_r2,human,-0.039985487483548576,Europe,Cold - Warm Summer,27.06917,57.73722,CWS,human_unique_adjusted_r2
46630,spatial_spd,unique_adjusted_r2,human,0.35774915108376537,North America,Temperate - Dry Summer,-123.68572,48.58358,TDS,human_unique_adjusted_r2
4549,spatial_spd,unique_adjusted_r2,human,-0.003377743934992572,Europe,Polar,11.025,46.85833,POL,human_unique_adjusted_r2
18100,spatial_spd,unique_adjusted_r2,human,0.1049655960508521,Latin America,Tropical,-67.88831,10.09484,TRO,human_unique_adjusted_r2
15366,spatial_spd,unique_adjusted_r2,human,0.04043798890558081,Latin America,Polar,-77.47606,-7.63643,POL,human_unique_adjusted_r2
15203,spatial_spd,unique_adjusted_r2,human,-0.03783177159172979,North America,Cold - Warm Summer,-79.95306,43.46139,CWS,human_unique_adjusted_r2
15594,spatial_spd,unique_adjusted_r2,human,0.3041621416551472,North America,Cold - Dry Summer,-116.66502,33.76797,CDS,human_unique_adjusted_r2
15724,spatial_spd,unique_adjusted_r2,human,0.02158269574985916,North America,Cold - Cold Summer,-149.908,64.413,CCS,human_unique_adjusted_r2
14923,spatial_spd,unique_adjusted_r2,human,-0.01984538850045625,North America,Arid,-113.44306,45.83801,ARD,human_unique_adjusted_r2
17404,spatial_spd,unique_adjusted_r2,human,0.02626706775793597,North America,Cold - Warm Summer,-86.48457,46.14313,CWS,human_unique_adjusted_r2
16131,spatial_spd,unique_adjusted_r2,human,-0.025874120674031165,North America,Cold - Dry Summer,-115.4879,41.7816,CDS,human_unique_adjusted_r2
3471,spatial_spd,unique_adjusted_r2,human,7.410003890087058e-4,North America,Polar,-76.37833,57.11667,POL,human_unique_adjusted_r2
1631,spatial_spd,unique_adjusted_r2,human,-0.0236635268467853,Latin America,Polar,-76.61667,-10.76667,POL,human_unique_adjusted_r2
3130,spatial_spd,unique_adjusted_r2,human,0.052315553968730444,North America,Cold - Warm Summer,-73.97256,44.18038,CWS,human_unique_adjusted_r2
22791,spatial_spd,unique_adjusted_r2,human,0.24525743648111342,Europe,Cold - Warm Summer,8.06643,47.92904,CWS,human_unique_adjusted_r2
4259,spatial_spd,unique_adjusted_r2,human,-3.626298352665813e-4,Europe,Cold - Cold Summer,26.23393,62.34206,CCS,human_unique_adjusted_r2
24863,spatial_spd,unique_adjusted_r2,human,0.04908090093718176,Europe,Temperate,-0.09583,47.22167,TMP,human_unique_adjusted_r2
4425,spatial_spd,unique_adjusted_r2,human,-0.04935872362228022,Europe,Cold - Warm Summer,6.33639,44.42,CWS,human_unique_adjusted_r2
1633,spatial_spd,unique_adjusted_r2,human,-0.011625244676440216,North America,Cold - Hot Summer,-92.82755,45.04603,CHS,human_unique_adjusted_r2
15392,spatial_spd,unique_adjusted_r2,human,0.005690114586706985,North America,Polar,-63.25413,67.18071,POL,human_unique_adjusted_r2
22344,spatial_spd,unique_adjusted_r2,human,-0.08661246064995931,Europe,Cold - Warm Summer,13.32283,49.15026,CWS,human_unique_adjusted_r2
1755,spatial_spd,unique_adjusted_r2,human,0.024329850849389323,North America,Cold - Cold Summer,-155.03333,66.91667,CCS,human_unique_adjusted_r2
45281,spatial_spd,unique_adjusted_r2,human,0.04821592575231948,Europe,Cold - Cold Summer,25.27361,47.1125,CCS,human_unique_adjusted_r2
2352,spatial_spd,unique_adjusted_r2,human,0.05043242780844248,North America,Cold - Cold Summer,-145.21667,68.26667,CCS,human_unique_adjusted_r2
32426,spatial_spd,unique_adjusted_r2,human,0.04602436017001721,Oceania,Temperate,145.96036,-41.45226,TMP,human_unique_adjusted_r2
4393,spatial_spd,unique_adjusted_r2,human,0.022075985328387393,Europe,Cold - Cold Summer,24.17439,60.43763,CCS,human_unique_adjusted_r2
4421,spatial_spd,unique_adjusted_r2,human,0.02974289601560931,Europe,Temperate,-5.228,58.055,TMP,human_unique_adjusted_r2
22960,spatial_spd,unique_adjusted_r2,human,0.041466370147393294,Europe,Polar,7.97638,46.6798,POL,human_unique_adjusted_r2
4377,spatial_spd,unique_adjusted_r2,human,-0.01082196179571071,Europe,Cold - Warm Summer,21.27687,49.42344,CWS,human_unique_adjusted_r2
3048,spatial_spd,unique_adjusted_r2,human,0.06153768501776413,North America,Cold - Cold Summer,-119.48333,56.76667,CCS,human_unique_adjusted_r2
857,spatial_spd,unique_adjusted_r2,human,0.07688312201499758,North America,Cold - Warm Summer,-73.47583,46.27583,CWS,human_unique_adjusted_r2
699,spatial_spd,unique_adjusted_r2,human,-0.09793086125334882,North America,Temperate,-76.45,36.58333,TMP,human_unique_adjusted_r2
1621,spatial_spd,unique_adjusted_r2,human,-0.013866270108932821,Latin America,Tropical,-42.21667,-17.95,TRO,human_unique_adjusted_r2
20833,spatial_spd,unique_adjusted_r2,human,-0.03859870110444019,North America,Cold - Warm Summer,-106.51142,36.04623,CWS,human_unique_adjusted_r2
15904,spatial_spd,unique_adjusted_r2,human,-0.09453205194035663,North America,Cold - Warm Summer,-78.40148,43.0402,CWS,human_unique_adjusted_r2
2049,spatial_spd,unique_adjusted_r2,human,0.024746197628727207,North America,Cold - Cold Summer,-105.54167,40.08333,CCS,human_unique_adjusted_r2
324,spatial_spd,unique_adjusted_r2,human,0.23602936909374173,North America,Cold - Warm Summer,-73.5711,42.5862,CWS,human_unique_adjusted_r2
40111,spatial_spd,unique_adjusted_r2,human,0.08787515935220158,North America,Temperate,-80.77947,34.16459,TMP,human_unique_adjusted_r2
2381,spatial_spd,unique_adjusted_r2,human,-0.04915245211421193,North America,Cold - Cold Summer,-107.01325,44.26894,CCS,human_unique_adjusted_r2
17385,spatial_spd,unique_adjusted_r2,human,-0.028874917660396404,North America,Cold - Cold Summer,-148.24906,62.84226,CCS,human_unique_adjusted_r2
1769,spatial_spd,unique_adjusted_r2,human,0.07045472240531492,North America,Cold - Cold Summer,-58.05,52.26667,CCS,human_unique_adjusted_r2
1142,spatial_spd,unique_adjusted_r2,human,-0.02406455311697253,North America,Cold - Cold Summer,-66.08333,66.135,CCS,human_unique_adjusted_r2
796,spatial_spd,unique_adjusted_r2,human,0.2287246342227669,North America,Cold - Cold Summer,-110.3,44.06667,CCS,human_unique_adjusted_r2
510,spatial_spd,unique_adjusted_r2,human,-0.00460453233963265,North America,Cold - Warm Summer,-73.34194,45.96083,CWS,human_unique_adjusted_r2
22942,spatial_spd,unique_adjusted_r2,human,0.08652653566530111,Europe,Cold - Warm Summer,20.20581,53.75192,CWS,human_unique_adjusted_r2
16133,spatial_spd,unique_adjusted_r2,human,0.08090469200438899,North America,Arid,-115.518,41.1294,ARD,human_unique_adjusted_r2
44896,spatial_spd,unique_adjusted_r2,human,-0.047697087783187264,Europe,Temperate,-4.10186,53.19743,TMP,human_unique_adjusted_r2
16219,spatial_spd,unique_adjusted_r2,human,-0.0017854195824889008,Europe,Temperate,-7.68021,53.40001,TMP,human_unique_adjusted_r2
24952,spatial_spd,unique_adjusted_r2,human,-0.035982704428845325,Europe,Temperate,5.32667,46.53944,TMP,human_unique_adjusted_r2
41909,spatial_spd,unique_adjusted_r2,human,0.055660612170109536,Europe,Temperate - Dry Summer,-7.57639,40.34167,TDS,human_unique_adjusted_r2
1762,spatial_spd,unique_adjusted_r2,human,0.04134086440525686,North America,Cold - Cold Summer,-107.6975,37.73778,CCS,human_unique_adjusted_r2
1639,spatial_spd,unique_adjusted_r2,human,0.027491860336418372,North America,Cold - Warm Summer,-93.60713,47.28046,CWS,human_unique_adjusted_r2
4473,spatial_spd,unique_adjusted_r2,human,0.053741661798927254,Europe,Cold - Warm Summer,21.1,49.63333,CWS,human_unique_adjusted_r2
15955,spatial_spd,unique_adjusted_r2,human,0.06277441341369328,Latin America,Polar,-79.1631,-2.77175,POL,human_unique_adjusted_r2
1661,spatial_spd,unique_adjusted_r2,human,-0.013947971606243614,North America,Cold - Hot Summer,-75.66667,40.48333,CHS,human_unique_adjusted_r2
48769,spatial_spd,unique_adjusted_r2,human,0.10605733727512623,Europe,Temperate,8.76777,53.65389,TMP,human_unique_adjusted_r2
22407,spatial_spd,unique_adjusted_r2,human,-0.01163461307961211,North America,Cold - Dry Summer,-121.78506,44.76171,CDS,human_unique_adjusted_r2
24032,spatial_spd,unique_adjusted_r2,human,-0.030671376496745673,Europe,Cold - Warm Summer,24.33333,41.98333,CWS,human_unique_adjusted_r2
40642,spatial_spd,unique_adjusted_r2,human,-0.0064388797363647,Europe,Cold - Cold Summer,7.47917,46.31167,CCS,human_unique_adjusted_r2
41589,spatial_spd,unique_adjusted_r2,human,0.15825020782064558,Europe,Polar,7.40589,46.38679,POL,human_unique_adjusted_r2
40958,spatial_spd,unique_adjusted_r2,human,-0.027006312215310024,Europe,Cold - Warm Summer,8.9773,47.77416,CWS,human_unique_adjusted_r2
2654,spatial_spd,unique_adjusted_r2,human,-0.038823827653411525,North America,Cold - Warm Summer,-73.31694,45.54583,CWS,human_unique_adjusted_r2
1160,spatial_spd,unique_adjusted_r2,human,-0.06793181560146233,North America,Temperate,-85.7263,37.43148,TMP,human_unique_adjusted_r2
823,spatial_spd,unique_adjusted_r2,human,-0.013027231559843644,North America,Cold - Warm Summer,-79.39,45.41,CWS,human_unique_adjusted_r2
342,spatial_spd,unique_adjusted_r2,human,-0.012695757029322685,Europe,Cold - Cold Summer,7.69444,44.15,CCS,human_unique_adjusted_r2
21903,spatial_spd,unique_adjusted_r2,human,-0.04106823555840933,Latin America,Tropical,-77.1432,2.0024,TRO,human_unique_adjusted_r2
1443,spatial_spd,unique_adjusted_r2,human,0.1054588311769874,Latin America,Polar,-69.18333,-14.8,POL,human_unique_adjusted_r2
20029,spatial_spd,unique_adjusted_r2,human,0.015222782644569333,Europe,Polar,27.71667,70.83333,POL,human_unique_adjusted_r2
17393,spatial_spd,unique_adjusted_r2,human,0.18226073725762215,North America,Cold - Dry Summer,-121.49568,49.98997,CDS,human_unique_adjusted_r2
22976,spatial_spd,unique_adjusted_r2,human,0.04799358476582305,Europe,Temperate - Dry Summer,10.89211,42.98735,TDS,human_unique_adjusted_r2
22709,spatial_spd,unique_adjusted_r2,human,6.742856257441199e-4,Europe,Temperate,-6.27778,57.6225,TMP,human_unique_adjusted_r2
15902,spatial_spd,unique_adjusted_r2,human,-0.019601543630400897,North America,Temperate,-127.27054,51.00367,TMP,human_unique_adjusted_r2
20295,spatial_spd,unique_adjusted_r2,human,0.09448262960128051,North America,Cold - Dry Summer,-133.56345,60.44414,CDS,human_unique_adjusted_r2
4192,spatial_spd,unique_adjusted_r2,human,0.084183187382467,Europe,Cold - Warm Summer,17.38084,52.54901,CWS,human_unique_adjusted_r2
44723,spatial_spd,unique_adjusted_r2,human,0.12982907632455443,Europe,Cold - Warm Summer,8.08088,47.09076,CWS,human_unique_adjusted_r2
316,spatial_spd,unique_adjusted_r2,human,0.3036343929208337,North America,Cold - Hot Summer,-79.61639,38.15472,CHS,human_unique_adjusted_r2
22049,spatial_spd,unique_adjusted_r2,human,-0.07277152243617191,Latin America,Temperate,-74.15686,4.99445,TMP,human_unique_adjusted_r2
318,spatial_spd,unique_adjusted_r2,human,0.2035960143854334,North America,Cold - Cold Summer,-110.26056,44.29861,CCS,human_unique_adjusted_r2
3492,spatial_spd,unique_adjusted_r2,human,0.0011513640140672354,North America,Cold - Warm Summer,-95.01084,47.24089,CWS,human_unique_adjusted_r2
678,spatial_spd,unique_adjusted_r2,human,-0.028501129714947226,North America,Cold - Cold Summer,-118.7,62.05,CCS,human_unique_adjusted_r2
2637,spatial_spd,unique_adjusted_r2,human,-0.03323730539903147,North America,Cold - Dry Summer,-145.7,63.06667,CDS,human_unique_adjusted_r2
1704,spatial_spd,unique_adjusted_r2,human,-0.004277204393318912,North America,Cold - Cold Summer,-133.46667,68.26667,CCS,human_unique_adjusted_r2
4286,spatial_spd,unique_adjusted_r2,human,-0.0466535690496781,Europe,Cold - Cold Summer,21,68.91667,CCS,human_unique_adjusted_r2
20131,spatial_spd,unique_adjusted_r2,human,0.030249760591137043,Europe,Temperate,6.62428,52.76867,TMP,human_unique_adjusted_r2
2286,spatial_spd,unique_adjusted_r2,human,0.023105706716462504,North America,Cold - Warm Summer,-73.33083,45.96389,CWS,human_unique_adjusted_r2
673,spatial_spd,unique_adjusted_r2,human,0.11595936189585165,North America,Cold - Cold Summer,-71.83333,44.03333,CCS,human_unique_adjusted_r2
3473,spatial_spd,unique_adjusted_r2,human,0.07709957124962541,North America,Cold - Warm Summer,-89.9,46.25,CWS,human_unique_adjusted_r2
17396,spatial_spd,unique_adjusted_r2,human,-0.029448450332809628,North America,Cold - Warm Summer,-94.6867,46.96784,CWS,human_unique_adjusted_r2
19323,spatial_spd,unique_adjusted_r2,human,-0.022506791970892448,North America,Cold - Dry Summer,-104.94659,66.34697,CDS,human_unique_adjusted_r2
533,spatial_spd,unique_adjusted_r2,human,0.23333089468635249,North America,Cold - Cold Summer,-110.248,44.5048,CCS,human_unique_adjusted_r2
4213,spatial_spd,unique_adjusted_r2,human,0.02446997606422119,Europe,Cold - Warm Summer,7.29917,47.03194,CWS,human_unique_adjusted_r2
22687,spatial_spd,unique_adjusted_r2,human,0.009012353886461821,Europe,Cold - Warm Summer,12.91361,52.31361,CWS,human_unique_adjusted_r2
41527,spatial_spd,unique_adjusted_r2,human,0.0389713595338147,Europe,Temperate,-5.76889,43.52889,TMP,human_unique_adjusted_r2
4492,spatial_spd,unique_adjusted_r2,human,-0.015620680565914369,Europe,Temperate,-3.43333,43.15,TMP,human_unique_adjusted_r2
45345,spatial_spd,unique_adjusted_r2,human,0.04821334658896137,Europe,Cold - Cold Summer,9.41694,63.05972,CCS,human_unique_adjusted_r2
21314,spatial_spd,unique_adjusted_r2,human,0.021398070078049614,North America,Cold - Cold Summer,-145.45606,60.52977,CCS,human_unique_adjusted_r2
516,spatial_spd,unique_adjusted_r2,human,0.12179358928312267,North America,Cold - Warm Summer,-78.1,44.1,CWS,human_unique_adjusted_r2
2289,spatial_spd,unique_adjusted_r2,human,0.0801055903258151,North America,Cold - Warm Summer,-77.925,41.91667,CWS,human_unique_adjusted_r2
40450,spatial_spd,unique_adjusted_r2,human,-0.05959189964933298,Europe,Cold - Warm Summer,6.99669,47.01867,CWS,human_unique_adjusted_r2
40791,spatial_spd,unique_adjusted_r2,human,0.22169405137504716,North America,Cold - Warm Summer,-73.0961,42.3768,CWS,human_unique_adjusted_r2
22757,spatial_spd,unique_adjusted_r2,human,0.015788389193077568,Europe,Cold - Cold Summer,13.86258,48.77426,CCS,human_unique_adjusted_r2
46672,spatial_spd,unique_adjusted_r2,human,-0.07331694516212262,North America,Temperate,-135.01426,56.54997,TMP,human_unique_adjusted_r2
45701,spatial_spd,unique_adjusted_r2,human,0.06373308289907931,Europe,Cold - Cold Summer,10.35774,61.1078,CCS,human_unique_adjusted_r2
2377,spatial_spd,unique_adjusted_r2,human,-4.0112500348954416e-4,North America,Cold - Warm Summer,-64.18333,45.01667,CWS,human_unique_adjusted_r2
275,spatial_spd,unique_adjusted_r2,human,-0.04485408733930296,North America,Cold - Warm Summer,-94.55363,46.2693,CWS,human_unique_adjusted_r2
18104,spatial_spd,unique_adjusted_r2,human,0.005287396216821061,Latin America,Temperate - Dry Summer,-71.05064,-36.86011,TDS,human_unique_adjusted_r2
3042,spatial_spd,unique_adjusted_r2,human,-0.03489645437775657,North America,Cold - Warm Summer,-80.4,43.91,CWS,human_unique_adjusted_r2
17292,spatial_spd,unique_adjusted_r2,human,-0.019864091399539263,North America,Cold - Cold Summer,-105.26667,55.26667,CCS,human_unique_adjusted_r2
22101,spatial_spd,unique_adjusted_r2,human,-0.04206704637139658,Latin America,Polar,-76.09258,6.47451,POL,human_unique_adjusted_r2
4479,spatial_spd,unique_adjusted_r2,human,0.05505390170221125,Europe,Cold - Warm Summer,21.56259,49.73807,CWS,human_unique_adjusted_r2
4017,spatial_spd,unique_adjusted_r2,human,-7.005112647809897e-4,Europe,Cold - Cold Summer,33.85,62.31667,CCS,human_unique_adjusted_r2
2879,spatial_spd,unique_adjusted_r2,human,-0.04842361288138275,North America,Cold - Cold Summer,-116.3678,50.78295,CCS,human_unique_adjusted_r2
20281,spatial_spd,unique_adjusted_r2,human,-0.040530508254996045,North America,Arid,-135.34404,60.81122,ARD,human_unique_adjusted_r2
19937,spatial_spd,unique_adjusted_r2,human,-0.026469064894075855,North America,Cold - Hot Summer,-86.52289,41.75667,CHS,human_unique_adjusted_r2
3582,spatial_spd,unique_adjusted_r2,human,-0.04296876701314212,North America,Temperate,-76.68333,36.16667,TMP,human_unique_adjusted_r2
48616,spatial_spd,unique_adjusted_r2,human,0.17198354683981232,North America,Cold - Cold Summer,-120.65228,53.60656,CCS,human_unique_adjusted_r2
40976,spatial_spd,unique_adjusted_r2,human,0.08650130719049698,North America,Temperate - Dry Summer,-125.1271,49.7887,TDS,human_unique_adjusted_r2
19913,spatial_spd,unique_adjusted_r2,human,0.17709169056224305,Europe,Cold - Cold Summer,14.45,63.88333,CCS,human_unique_adjusted_r2
20678,spatial_spd,unique_adjusted_r2,human,0.037920899476240666,North America,Cold - Dry Summer,-120.223,41.38,CDS,human_unique_adjusted_r2
15333,spatial_spd,unique_adjusted_r2,human,0.06424341163120073,North America,Arid,-135.76982,60.84984,ARD,human_unique_adjusted_r2
497,spatial_spd,unique_adjusted_r2,human,0.0013573552484074103,North America,Cold - Hot Summer,-93.27,42.02,CHS,human_unique_adjusted_r2
2611,spatial_spd,unique_adjusted_r2,human,-0.02311206394073173,North America,Cold - Dry Summer,-137.95778,60.95,CDS,human_unique_adjusted_r2
1965,spatial_spd,unique_adjusted_r2,human,0.09391674265949379,North America,Cold - Warm Summer,-79.78,44.93,CWS,human_unique_adjusted_r2
1703,spatial_spd,unique_adjusted_r2,human,0.15859642456498113,North America,Cold - Warm Summer,-71.42278,47.07778,CWS,human_unique_adjusted_r2
2011,spatial_spd,unique_adjusted_r2,human,0.025410635928062475,North America,Cold - Warm Summer,-88.1,43.4,CWS,human_unique_adjusted_r2
40988,spatial_spd,unique_adjusted_r2,human,0.040762003491442655,North America,Cold - Warm Summer,-72.1952,42.6749,CWS,human_unique_adjusted_r2
14110,spatial_spd,unique_adjusted_r2,human,-0.05141728852006022,Europe,Temperate,-6.42829,52.95764,TMP,human_unique_adjusted_r2
2576,spatial_spd,unique_adjusted_r2,human,0.05284835011716771,North America,Cold - Warm Summer,-110.35,44.93333,CWS,human_unique_adjusted_r2
41485,spatial_spd,unique_adjusted_r2,human,-0.007323708976724852,Europe,Temperate,-8.46915,54.77481,TMP,human_unique_adjusted_r2
15866,spatial_spd,unique_adjusted_r2,human,0.1116560002243907,North America,Cold - Warm Summer,-75.27217,41.03345,CWS,human_unique_adjusted_r2
41762,spatial_spd,unique_adjusted_r2,human,-0.02584430011220229,North America,Cold - Warm Summer,-114.37266,48.15888,CWS,human_unique_adjusted_r2
22786,spatial_spd,unique_adjusted_r2,human,-0.012482612012379546,Europe,Cold - Cold Summer,8.51833,46.445,CCS,human_unique_adjusted_r2
14498,spatial_spd,unique_adjusted_r2,human,-0.07899860976334794,North America,Cold - Cold Summer,-115.93464,50.77669,CCS,human_unique_adjusted_r2
24089,spatial_spd,unique_adjusted_r2,human,-0.0038985715475601257,Europe,Cold - Warm Summer,13.48881,50.52085,CWS,human_unique_adjusted_r2
688,spatial_spd,unique_adjusted_r2,human,0.06754744797198609,North America,Polar,-69.95833,60.9875,POL,human_unique_adjusted_r2
20304,spatial_spd,unique_adjusted_r2,human,0.06466866236273683,North America,Cold - Cold Summer,-106.84506,37.6097,CCS,human_unique_adjusted_r2
45698,spatial_spd,unique_adjusted_r2,human,0.06466740707771257,Europe,Cold - Cold Summer,10.87192,60.83329,CCS,human_unique_adjusted_r2
1654,spatial_spd,unique_adjusted_r2,human,0.018226268268030643,Latin America,Polar,-76.35,-11.56667,POL,human_unique_adjusted_r2
21708,spatial_spd,unique_adjusted_r2,human,0.01972690440423308,Latin America,Temperate - Dry Summer,-73.77985,5.42453,TDS,human_unique_adjusted_r2
1902,spatial_spd,unique_adjusted_r2,human,0.023220569693478965,North America,Cold - Dry Summer,-121.43286,49.49253,CDS,human_unique_adjusted_r2
24996,spatial_spd,unique_adjusted_r2,human,-0.005018971223541002,Europe,Cold - Cold Summer,5.88528,45.05611,CCS,human_unique_adjusted_r2
821,spatial_spd,unique_adjusted_r2,human,-0.00671713311121136,North America,Cold - Warm Summer,-72.98278,45.28278,CWS,human_unique_adjusted_r2
22047,spatial_spd,unique_adjusted_r2,human,-0.029187202970848425,Latin America,Temperate,-74.15686,4.99445,TMP,human_unique_adjusted_r2
20050,spatial_spd,unique_adjusted_r2,human,0.07944491770285889,Europe,Cold - Cold Summer,6,59.81667,CCS,human_unique_adjusted_r2
45351,spatial_spd,unique_adjusted_r2,human,0.12451839387966579,Europe,Cold - Cold Summer,10.26778,61.5625,CCS,human_unique_adjusted_r2
2050,spatial_spd,unique_adjusted_r2,human,-0.0323947845115059,North America,Cold - Cold Summer,-152.6,67.25,CCS,human_unique_adjusted_r2
22805,spatial_spd,unique_adjusted_r2,human,0.1292550164529992,Europe,Temperate,2.43806,42.16222,TMP,human_unique_adjusted_r2
1890,spatial_spd,unique_adjusted_r2,human,0.05799866564600353,North America,Cold - Cold Summer,-66.26667,50.55,CCS,human_unique_adjusted_r2
2588,spatial_spd,unique_adjusted_r2,human,0.006970759021660999,North America,Cold - Cold Summer,-107.08325,38.82933,CCS,human_unique_adjusted_r2
239,spatial_spd,unique_adjusted_r2,human,0.38927571501305913,North America,Temperate - Dry Summer,-122.49167,45.8,TDS,human_unique_adjusted_r2
14803,spatial_spd,unique_adjusted_r2,human,-0.0076768439127478105,North America,Cold - Cold Summer,-114.98364,45.70637,CCS,human_unique_adjusted_r2
15413,spatial_spd,unique_adjusted_r2,human,-0.05676793899571131,North America,Cold - Dry Summer,-150.76444,60.62067,CDS,human_unique_adjusted_r2
4555,spatial_spd,unique_adjusted_r2,human,0.07667290659697212,Europe,Cold - Cold Summer,6.74944,45.88472,CCS,human_unique_adjusted_r2
48982,spatial_spd,unique_adjusted_r2,human,0.08031551854850838,Europe,Cold - Cold Summer,6.74944,45.88472,CCS,human_unique_adjusted_r2
343,spatial_spd,unique_adjusted_r2,human,-0.024978467970247942,North America,Cold - Dry Summer,-120.88056,45.91806,CDS,human_unique_adjusted_r2
2025,spatial_spd,unique_adjusted_r2,human,0.023591689303927854,North America,Cold - Cold Summer,-153.65,67.14722,CCS,human_unique_adjusted_r2
24048,spatial_spd,unique_adjusted_r2,human,0.06818060092300071,Europe,Polar,8.25556,46.54722,POL,human_unique_adjusted_r2
1003,spatial_spd,unique_adjusted_r2,human,-0.05392910265096218,North America,Cold - Dry Summer,-138.38333,68.38333,CDS,human_unique_adjusted_r2
3563,spatial_spd,unique_adjusted_r2,human,-0.01238034968416113,North America,Cold - Hot Summer,-85.25,41.58306,CHS,human_unique_adjusted_r2
46292,spatial_spd,unique_adjusted_r2,human,-0.03512225500618915,North America,Cold - Warm Summer,-113.91295,47.24042,CWS,human_unique_adjusted_r2
834,spatial_spd,unique_adjusted_r2,human,-0.04231392500370401,North America,Cold - Cold Summer,-101.68167,54.74222,CCS,human_unique_adjusted_r2
20279,spatial_spd,unique_adjusted_r2,human,0.10608914595871144,Europe,Polar,25.36415,71.07382,POL,human_unique_adjusted_r2
4415,spatial_spd,unique_adjusted_r2,human,2.797976861194096e-4,Europe,Cold - Cold Summer,32.96292,65.09296,CCS,human_unique_adjusted_r2
20012,spatial_spd,unique_adjusted_r2,human,0.06068214334418409,Europe,Temperate,13.58333,68.13333,TMP,human_unique_adjusted_r2
24080,spatial_spd,unique_adjusted_r2,human,-0.01017877330784378,Europe,Cold - Cold Summer,10.33554,46.46957,CCS,human_unique_adjusted_r2
2004,spatial_spd,unique_adjusted_r2,human,0.04446706598122485,North America,Cold - Cold Summer,-110.56667,64.11667,CCS,human_unique_adjusted_r2
15101,spatial_spd,unique_adjusted_r2,human,-0.0387335259910212,Latin America,Temperate - Dry Summer,-71.4207,-42.50389,TDS,human_unique_adjusted_r2
3774,spatial_spd,unique_adjusted_r2,human,-0.004937211937247166,North America,Cold - Warm Summer,-98.60348,47.06837,CWS,human_unique_adjusted_r2
1771,spatial_spd,unique_adjusted_r2,human,-0.014030341243068456,Latin America,Polar,-73,-50.46667,POL,human_unique_adjusted_r2
15967,spatial_spd,unique_adjusted_r2,human,0.10315522489432549,North America,Cold - Dry Summer,-111.52408,34.77379,CDS,human_unique_adjusted_r2
1607,spatial_spd,unique_adjusted_r2,human,-0.03119688856745151,North America,Cold - Warm Summer,-81.31667,48.4,CWS,human_unique_adjusted_r2
17336,spatial_spd,unique_adjusted_r2,human,-0.016067269534963513,Europe,Temperate,-8.15353,52.37189,TMP,human_unique_adjusted_r2
987,spatial_spd,unique_adjusted_r2,human,-0.033058446979915,North America,Cold - Cold Summer,-55.51667,50.76889,CCS,human_unique_adjusted_r2
15646,spatial_spd,unique_adjusted_r2,human,0.15926999117318352,North America,Cold - Dry Summer,-122.5609,41.34563,CDS,human_unique_adjusted_r2
15061,spatial_spd,unique_adjusted_r2,human,0.04750885122277182,Latin America,Temperate - Dry Summer,-71.29522,-42.35994,TDS,human_unique_adjusted_r2
20609,spatial_spd,unique_adjusted_r2,human,0.09117936985988395,North America,Cold - Warm Summer,-119.30346,52.10981,CWS,human_unique_adjusted_r2
40448,spatial_spd,unique_adjusted_r2,human,0.03084633170703799,Europe,Polar,10.26429,46.81088,POL,human_unique_adjusted_r2
3046,spatial_spd,unique_adjusted_r2,human,0.09012744507813186,North America,Cold - Warm Summer,-79.63778,48.50389,CWS,human_unique_adjusted_r2
1610,spatial_spd,unique_adjusted_r2,human,-0.006024524569340661,Latin America,Arid,-67.83333,-53.5,ARD,human_unique_adjusted_r2
331,spatial_spd,unique_adjusted_r2,human,0.006908828851459159,North America,Temperate,-85.01667,30.26667,TMP,human_unique_adjusted_r2
1711,spatial_spd,unique_adjusted_r2,human,-0.031162324794185126,Latin America,Temperate - Dry Summer,-71.46667,-41.25,TDS,human_unique_adjusted_r2
48931,spatial_spd,unique_adjusted_r2,human,-0.02890930314854956,Europe,Arid,-4.14498,41.31848,ARD,human_unique_adjusted_r2
3935,spatial_spd,unique_adjusted_r2,human,-0.053494375776580005,Europe,Cold - Warm Summer,15.19097,49.04174,CWS,human_unique_adjusted_r2
15032,spatial_spd,unique_adjusted_r2,human,-0.027638992870372414,North America,Cold - Warm Summer,-88.32806,47.12324,CWS,human_unique_adjusted_r2
4445,spatial_spd,unique_adjusted_r2,human,-0.019850323412697324,Europe,Temperate,8.61199,56.12781,TMP,human_unique_adjusted_r2
15417,spatial_spd,unique_adjusted_r2,human,-0.15691217741075325,North America,Cold - Dry Summer,-130.84004,57.481,CDS,human_unique_adjusted_r2
4391,spatial_spd,unique_adjusted_r2,human,-0.023678605297380195,Europe,Cold - Cold Summer,32.63333,64.08333,CCS,human_unique_adjusted_r2
24867,spatial_spd,unique_adjusted_r2,human,-0.016662526549849233,Europe,Temperate,-1.50278,47.40278,TMP,human_unique_adjusted_r2
3484,spatial_spd,unique_adjusted_r2,human,0.06372511021803662,North America,Temperate,-83.25833,30.725,TMP,human_unique_adjusted_r2
317,spatial_spd,unique_adjusted_r2,human,-0.04039721912065419,Europe,Cold - Cold Summer,28.39012,70.17739,CCS,human_unique_adjusted_r2
21926,spatial_spd,unique_adjusted_r2,human,-0.04743971800455382,Latin America,Polar,-74.10008,5.07352,POL,human_unique_adjusted_r2
42563,spatial_spd,unique_adjusted_r2,human,0.1296007740814087,Europe,Temperate,-8.39009,55.01806,TMP,human_unique_adjusted_r2
777,spatial_spd,unique_adjusted_r2,human,-0.030531513017782896,North America,Cold - Cold Summer,-58.55,53.23333,CCS,human_unique_adjusted_r2
40566,spatial_spd,unique_adjusted_r2,human,0.09664637943478172,Europe,Cold - Warm Summer,8.83094,47.61335,CWS,human_unique_adjusted_r2
15403,spatial_spd,unique_adjusted_r2,human,0.031890973754921226,North America,Cold - Warm Summer,-95.40482,47.68075,CWS,human_unique_adjusted_r2
20194,spatial_spd,unique_adjusted_r2,human,-0.09018005862354961,North America,Arid,-103.62565,48.60626,ARD,human_unique_adjusted_r2
4372,spatial_spd,unique_adjusted_r2,human,-0.06887155972983683,Europe,Cold - Cold Summer,20.31667,69.35,CCS,human_unique_adjusted_r2
4382,spatial_spd,unique_adjusted_r2,human,0.2046357031423085,Europe,Cold - Warm Summer,8.32556,47.07556,CWS,human_unique_adjusted_r2
16193,spatial_spd,unique_adjusted_r2,human,-0.027575288918227026,North America,Cold - Warm Summer,-78.32909,44.08857,CWS,human_unique_adjusted_r2
42720,spatial_spd,unique_adjusted_r2,human,0.012270138492703864,Europe,Cold - Warm Summer,6.75027,50.0978,CWS,human_unique_adjusted_r2
811,spatial_spd,unique_adjusted_r2,human,0.055434873632166815,North America,Cold - Dry Summer,-156.03333,68.13333,CDS,human_unique_adjusted_r2
22828,spatial_spd,unique_adjusted_r2,human,0.11229857000559151,Europe,Cold - Warm Summer,23.52821,47.80939,CWS,human_unique_adjusted_r2
1657,spatial_spd,unique_adjusted_r2,human,0.18050809502110743,North America,Cold - Cold Summer,-119.71667,56.71667,CCS,human_unique_adjusted_r2
1520,spatial_spd,unique_adjusted_r2,human,-0.051487060507446225,North America,Cold - Hot Summer,-93.1249,44.7693,CHS,human_unique_adjusted_r2
1663,spatial_spd,unique_adjusted_r2,human,0.00971703762692333,North America,Cold - Warm Summer,-68.2,45.03333,CWS,human_unique_adjusted_r2
14512,spatial_spd,unique_adjusted_r2,human,0.10496282166379534,Europe,Temperate,-7.41421,53.36487,TMP,human_unique_adjusted_r2
356,spatial_spd,unique_adjusted_r2,human,0.10806504201946943,Latin America,Polar,-68.15,-16.36667,POL,human_unique_adjusted_r2
519,spatial_spd,unique_adjusted_r2,human,-0.055517316338917766,North America,Cold - Warm Summer,-81.26667,49.18333,CWS,human_unique_adjusted_r2
15715,spatial_spd,unique_adjusted_r2,human,-0.03287390346701491,North America,Cold - Dry Summer,-120.78,42.556,CDS,human_unique_adjusted_r2
3047,spatial_spd,unique_adjusted_r2,human,0.05723075576650327,North America,Cold - Warm Summer,-87.94333,46.75414,CWS,human_unique_adjusted_r2
20018,spatial_spd,unique_adjusted_r2,human,-0.031010113181089927,Europe,Polar,10.39435,62.33017,POL,human_unique_adjusted_r2
281,spatial_spd,unique_adjusted_r2,human,-0.04354504419083283,North America,Temperate,-88.47444,33.56333,TMP,human_unique_adjusted_r2
21603,spatial_spd,unique_adjusted_r2,human,0.10813169048046545,Latin America,Arid,-71.70905,-13.09272,ARD,human_unique_adjusted_r2
48917,spatial_spd,unique_adjusted_r2,human,0.008630214633104094,Europe,Cold - Warm Summer,22.42306,58.52611,CWS,human_unique_adjusted_r2
304,spatial_spd,unique_adjusted_r2,human,-0.008124139043973022,North America,Temperate,-97.12611,30.36,TMP,human_unique_adjusted_r2
15035,spatial_spd,unique_adjusted_r2,human,0.06465568376610453,North America,Cold - Warm Summer,-89.0935,47.91059,CWS,human_unique_adjusted_r2
1849,spatial_spd,unique_adjusted_r2,human,-0.0033123816699152098,North America,Cold - Cold Summer,-57.75,53.05,CCS,human_unique_adjusted_r2
16212,spatial_spd,unique_adjusted_r2,human,0.1423240107332997,Europe,Cold - Warm Summer,-2.84844,41.99772,CWS,human_unique_adjusted_r2
1705,spatial_spd,unique_adjusted_r2,human,0.06414350496043375,North America,Temperate,-122.54722,49.30833,TMP,human_unique_adjusted_r2
492,spatial_spd,unique_adjusted_r2,human,-0.07475170424796251,North America,Temperate,-78.95401,33.79844,TMP,human_unique_adjusted_r2
4203,spatial_spd,unique_adjusted_r2,human,-0.045241543400230344,Europe,Cold - Warm Summer,27.57509,59.30546,CWS,human_unique_adjusted_r2
42722,spatial_spd,unique_adjusted_r2,human,-0.06746393890753732,North America,Cold - Warm Summer,-55.4959,48.24689,CWS,human_unique_adjusted_r2
550,spatial_spd,unique_adjusted_r2,human,0.23322156348374512,North America,Temperate - Dry Summer,-122.25,46.59167,TDS,human_unique_adjusted_r2
3830,spatial_spd,unique_adjusted_r2,human,-0.05159028640168295,North America,Cold - Warm Summer,-74.05822,44.14671,CWS,human_unique_adjusted_r2
17359,spatial_spd,unique_adjusted_r2,human,-0.04661540293516664,North America,Cold - Cold Summer,-149.26043,63.88385,CCS,human_unique_adjusted_r2
40579,spatial_spd,unique_adjusted_r2,human,-0.008462233054167712,Europe,Cold - Cold Summer,8.51833,46.445,CCS,human_unique_adjusted_r2
41183,spatial_spd,unique_adjusted_r2,human,0.046327802163506626,North America,Cold - Dry Summer,-149.91417,60.25387,CDS,human_unique_adjusted_r2
15189,spatial_spd,unique_adjusted_r2,human,0.004498495023776972,North America,Cold - Cold Summer,-152.49547,67.10883,CCS,human_unique_adjusted_r2
534,spatial_spd,unique_adjusted_r2,human,0.3862698217879368,North America,Cold - Warm Summer,-111.18333,44.125,CWS,human_unique_adjusted_r2
4362,spatial_spd,unique_adjusted_r2,human,-0.05214148200641722,Europe,Cold - Warm Summer,27.25948,57.68477,CWS,human_unique_adjusted_r2
41770,spatial_spd,unique_adjusted_r2,human,0.07025838802537288,Europe,Temperate,8.92794,45.99663,TMP,human_unique_adjusted_r2
45101,spatial_spd,unique_adjusted_r2,human,0.06943280383405459,Europe,Arid,21.91667,40.81667,ARD,human_unique_adjusted_r2
4288,spatial_spd,unique_adjusted_r2,human,-0.01013471650387232,Europe,Cold - Cold Summer,33.5,61.80556,CCS,human_unique_adjusted_r2
22814,spatial_spd,unique_adjusted_r2,human,-0.07990789873127346,Europe,Cold - Warm Summer,25.89735,46.12662,CWS,human_unique_adjusted_r2
2951,spatial_spd,unique_adjusted_r2,human,-0.05885020158823828,North America,Cold - Cold Summer,-57.3,51.51667,CCS,human_unique_adjusted_r2
4403,spatial_spd,unique_adjusted_r2,human,0.07237044198711085,Europe,Cold - Warm Summer,12.41426,57.16313,CWS,human_unique_adjusted_r2
1006,spatial_spd,unique_adjusted_r2,human,-0.05045570904371954,North America,Cold - Cold Summer,-146.9075,64.44444,CCS,human_unique_adjusted_r2
871,spatial_spd,unique_adjusted_r2,human,-0.02857841362666025,North America,Cold - Warm Summer,-74.37083,45.94583,CWS,human_unique_adjusted_r2
17371,spatial_spd,unique_adjusted_r2,human,-0.04051281222054559,Latin America,Polar,-67.83333,-54.71667,POL,human_unique_adjusted_r2
1448,spatial_spd,unique_adjusted_r2,human,-0.06806436167722085,North America,Cold - Warm Summer,-87.84806,44.23806,CWS,human_unique_adjusted_r2
24155,spatial_spd,unique_adjusted_r2,human,0.04515382665660961,Europe,Cold - Cold Summer,22.05346,68.68811,CCS,human_unique_adjusted_r2
40454,spatial_spd,unique_adjusted_r2,human,0.026713998130553085,Europe,Temperate,7.12361,46.935,TMP,human_unique_adjusted_r2
22817,spatial_spd,unique_adjusted_r2,human,-0.023090446286207822,Europe,Cold - Warm Summer,13.25694,52.58583,CWS,human_unique_adjusted_r2
25232,spatial_spd,unique_adjusted_r2,human,-0.012993635748327126,Europe,Temperate,2.5175,45.07611,TMP,human_unique_adjusted_r2
43525,spatial_spd,unique_adjusted_r2,human,-0.007329328575398253,Europe,Temperate,-7.27146,57.35101,TMP,human_unique_adjusted_r2
20046,spatial_spd,unique_adjusted_r2,human,0.012917038306380912,Europe,Polar,8.66667,61.41667,POL,human_unique_adjusted_r2
4209,spatial_spd,unique_adjusted_r2,human,-0.027541924323717493,Europe,Temperate,-4.74263,56.00316,TMP,human_unique_adjusted_r2
1622,spatial_spd,unique_adjusted_r2,human,-0.0014961422563968263,North America,Cold - Warm Summer,-55.47306,49.47139,CWS,human_unique_adjusted_r2
4467,spatial_spd,unique_adjusted_r2,human,-0.08596577117950377,Europe,Cold - Cold Summer,23.56001,42.06517,CCS,human_unique_adjusted_r2
15793,spatial_spd,unique_adjusted_r2,human,-0.052226677821307965,North America,Cold - Warm Summer,-67.4015,46.89286,CWS,human_unique_adjusted_r2
15680,spatial_spd,unique_adjusted_r2,human,0.2194907845506322,North America,Cold - Dry Summer,-120.38753,39.05223,CDS,human_unique_adjusted_r2
3928,spatial_spd,unique_adjusted_r2,human,-0.039754584259871106,Europe,Cold - Cold Summer,32.76667,62.03333,CCS,human_unique_adjusted_r2
4531,spatial_spd,unique_adjusted_r2,human,0.0010559723516178066,Europe,Cold - Warm Summer,22.38333,58.46667,CWS,human_unique_adjusted_r2
2314,spatial_spd,unique_adjusted_r2,human,0.0015573369179663343,North America,Cold - Hot Summer,-93.86307,44.86829,CHS,human_unique_adjusted_r2
339,spatial_spd,unique_adjusted_r2,human,-0.03438635516303079,North America,Cold - Warm Summer,-64.94,48.19778,CWS,human_unique_adjusted_r2
1807,spatial_spd,unique_adjusted_r2,human,-0.02348288504682816,North America,Cold - Warm Summer,-81.5,46.6,CWS,human_unique_adjusted_r2
514,spatial_spd,unique_adjusted_r2,human,-0.0340439059489035,North America,Polar,-106.41121,38.82854,POL,human_unique_adjusted_r2
3125,spatial_spd,unique_adjusted_r2,human,0.056084241078036,North America,Cold - Cold Summer,-99.6594,50.6907,CCS,human_unique_adjusted_r2
20922,spatial_spd,unique_adjusted_r2,human,0.0806614601242368,North America,Cold - Cold Summer,-106.25685,41.37674,CCS,human_unique_adjusted_r2
41606,spatial_spd,unique_adjusted_r2,human,-0.016200136254147735,North America,Polar,-124.688,58.485,POL,human_unique_adjusted_r2
352,spatial_spd,unique_adjusted_r2,human,0.0849303988292982,North America,Cold - Hot Summer,-93.19722,45.41111,CHS,human_unique_adjusted_r2
17304,spatial_spd,unique_adjusted_r2,human,-0.02692496538324507,North America,Cold - Warm Summer,-89.5565,45.51884,CWS,human_unique_adjusted_r2
22732,spatial_spd,unique_adjusted_r2,human,0.03532665588507822,Europe,Cold - Warm Summer,7.69021,45.68554,CWS,human_unique_adjusted_r2
2609,spatial_spd,unique_adjusted_r2,human,-0.02560261124764951,North America,Cold - Hot Summer,-84.68944,40.21667,CHS,human_unique_adjusted_r2
48798,spatial_spd,unique_adjusted_r2,human,-5.670089695223313e-4,Europe,Temperate,8.72184,53.67137,TMP,human_unique_adjusted_r2
21978,spatial_spd,unique_adjusted_r2,human,-0.05762786855933544,Latin America,Temperate,-74.15686,4.99445,TMP,human_unique_adjusted_r2
22793,spatial_spd,unique_adjusted_r2,human,-0.009663180062119192,Europe,Cold - Cold Summer,10.47806,46.86278,CCS,human_unique_adjusted_r2
15766,spatial_spd,unique_adjusted_r2,human,0.021326618213757587,North America,Temperate - Dry Summer,-118.99583,36.98158,TDS,human_unique_adjusted_r2
46481,spatial_spd,unique_adjusted_r2,human,0.06429861400188208,Europe,Cold - Warm Summer,32.0275,56.28528,CWS,human_unique_adjusted_r2
17713,spatial_spd,unique_adjusted_r2,human,-0.04159091030737161,North America,Cold - Cold Summer,-104.94231,55.42836,CCS,human_unique_adjusted_r2
20651,spatial_spd,unique_adjusted_r2,human,-0.09666205241491799,North America,Polar,-138.092,61.018,POL,human_unique_adjusted_r2
47520,spatial_spd,unique_adjusted_r2,human,0.11325146141619535,Europe,Cold - Cold Summer,13.39869,49.07402,CCS,human_unique_adjusted_r2
4359,spatial_spd,unique_adjusted_r2,human,0.21814263353248342,Europe,Temperate,1.64583,45.84972,TMP,human_unique_adjusted_r2
1788,spatial_spd,unique_adjusted_r2,human,0.09427312016568401,North America,Polar,-128.8,63.01667,POL,human_unique_adjusted_r2
4183,spatial_spd,unique_adjusted_r2,human,0.1394736461527034,Europe,Cold - Cold Summer,30.53333,64.56667,CCS,human_unique_adjusted_r2
816,spatial_spd,unique_adjusted_r2,human,0.26922855159603154,North America,Temperate - Dry Summer,-119.83333,37,TDS,human_unique_adjusted_r2
3056,spatial_spd,unique_adjusted_r2,human,0.021725701326896774,North America,Polar,-105.51561,37.56888,POL,human_unique_adjusted_r2
40803,spatial_spd,unique_adjusted_r2,human,0.11400731662817998,North America,Cold - Hot Summer,-70.63644,41.56329,CHS,human_unique_adjusted_r2
16278,spatial_spd,unique_adjusted_r2,human,0.0011555822604680799,North America,Cold - Warm Summer,-78.10417,44.16583,CWS,human_unique_adjusted_r2
1632,spatial_spd,unique_adjusted_r2,human,0.032778751686121654,North America,Cold - Dry Summer,-135.4,59.2,CDS,human_unique_adjusted_r2
1904,spatial_spd,unique_adjusted_r2,human,-0.0161661832953488,North America,Cold - Warm Summer,-75.80833,45.46944,CWS,human_unique_adjusted_r2
48948,spatial_spd,unique_adjusted_r2,human,-0.05908996223535956,Europe,Polar,6.59028,44.99361,POL,human_unique_adjusted_r2
25837,spatial_spd,unique_adjusted_r2,human,-0.0055641342539412,Europe,Cold - Cold Summer,12.13889,47.24306,CCS,human_unique_adjusted_r2
2961,spatial_spd,unique_adjusted_r2,human,0.018666005271891772,North America,Cold - Hot Summer,-85.38333,42.4,CHS,human_unique_adjusted_r2
4145,spatial_spd,unique_adjusted_r2,human,-0.01469495461374648,Europe,Cold - Cold Summer,32.16667,65.08333,CCS,human_unique_adjusted_r2
1152,spatial_spd,unique_adjusted_r2,human,0.1593918088599917,North America,Cold - Cold Summer,-107.03333,38.865,CCS,human_unique_adjusted_r2
3468,spatial_spd,unique_adjusted_r2,human,-0.038724334589689824,North America,Cold - Hot Summer,-93.69945,45.41613,CHS,human_unique_adjusted_r2
15586,spatial_spd,unique_adjusted_r2,human,0.058605714296136924,North America,Cold - Dry Summer,-116.0839,44.8993,CDS,human_unique_adjusted_r2
22908,spatial_spd,unique_adjusted_r2,human,0.06763724943965177,Europe,Temperate,7.38985,45.05242,TMP,human_unique_adjusted_r2
1104,spatial_spd,unique_adjusted_r2,human,-0.026541010675606658,North America,Cold - Dry Summer,-150.32555,60.46562,CDS,human_unique_adjusted_r2
2623,spatial_spd,unique_adjusted_r2,human,0.013047706656128422,North America,Cold - Hot Summer,-74.48333,40.4,CHS,human_unique_adjusted_r2
1626,spatial_spd,unique_adjusted_r2,human,0.03282991711251748,North America,Cold - Warm Summer,-65.81278,49.20778,CWS,human_unique_adjusted_r2
24091,spatial_spd,unique_adjusted_r2,human,-0.04905869279095887,Europe,Cold - Warm Summer,11.67907,46.75939,CWS,human_unique_adjusted_r2
45381,spatial_spd,unique_adjusted_r2,human,0.07657026120816757,Europe,Cold - Warm Summer,25,59.43333,CWS,human_unique_adjusted_r2
24303,spatial_spd,unique_adjusted_r2,human,0.031010020519712356,Europe,Polar,8.02556,46.38972,POL,human_unique_adjusted_r2
228,spatial_spd,unique_adjusted_r2,human,0.416830579587979,North America,Temperate - Dry Summer,-119.25586,37.15702,TDS,human_unique_adjusted_r2
32,spatial_spd,unique_adjusted_r2,human,0.041771629229885865,Latin America,Polar,-68.98333,-15.23333,POL,human_unique_adjusted_r2
1002,spatial_spd,unique_adjusted_r2,human,-0.031443150003799825,North America,Cold - Warm Summer,-80.41333,43.23667,CWS,human_unique_adjusted_r2
2953,spatial_spd,unique_adjusted_r2,human,0.02685632101533575,North America,Temperate,-124.84444,48.67222,TMP,human_unique_adjusted_r2
1648,spatial_spd,unique_adjusted_r2,human,0.037995581510865795,North America,Temperate,-81.35466,27.20427,TMP,human_unique_adjusted_r2
15776,spatial_spd,unique_adjusted_r2,human,0.21909124330743557,North America,Temperate - Dry Summer,-120.65033,39.4591,TDS,human_unique_adjusted_r2
2593,spatial_spd,unique_adjusted_r2,human,0.00855252689343855,North America,Cold - Hot Summer,-74.18424,41.23597,CHS,human_unique_adjusted_r2
45716,spatial_spd,unique_adjusted_r2,human,0.06320481371846587,Europe,Polar,6.99194,59.84139,POL,human_unique_adjusted_r2
15394,spatial_spd,unique_adjusted_r2,human,-0.01218741182994254,Latin America,Tropical,-78.69181,22.16,TRO,human_unique_adjusted_r2
1766,spatial_spd,unique_adjusted_r2,human,0.0676874495442853,North America,Arid,-111.7528,34.6488,ARD,human_unique_adjusted_r2
22851,spatial_spd,unique_adjusted_r2,human,0.0032214428432542075,Europe,Cold - Warm Summer,14.61586,53.85885,CWS,human_unique_adjusted_r2
48925,spatial_spd,unique_adjusted_r2,human,-0.07326766645482652,North America,Cold - Warm Summer,-69.04601,46.40468,CWS,human_unique_adjusted_r2
17368,spatial_spd,unique_adjusted_r2,human,0.0394235150346367,Latin America,Polar,-67.75,-54.33333,POL,human_unique_adjusted_r2
4120,spatial_spd,unique_adjusted_r2,human,0.0025275668278945673,Europe,Cold - Warm Summer,21.8875,49.3705,CWS,human_unique_adjusted_r2
18123,spatial_spd,unique_adjusted_r2,human,-0.04943595482579932,Latin America,Arid,-71.38341,-49.03244,ARD,human_unique_adjusted_r2
43295,spatial_spd,unique_adjusted_r2,human,0.06035405657908455,Latin America,Cold - Dry Summer,-71.56444,-44.90858,CDS,human_unique_adjusted_r2
15259,spatial_spd,unique_adjusted_r2,human,0.054105180931510066,Latin America,Polar,-67.29727,-54.87129,POL,human_unique_adjusted_r2
15682,spatial_spd,unique_adjusted_r2,human,0.08094405328742693,North America,Cold - Warm Summer,-87.923,46.83146,CWS,human_unique_adjusted_r2
24461,spatial_spd,unique_adjusted_r2,human,0.01750994779739612,Europe,Cold - Warm Summer,3.6,44.43333,CWS,human_unique_adjusted_r2
19995,spatial_spd,unique_adjusted_r2,human,0.056717369783885085,North America,Cold - Cold Summer,-121.50872,53.64304,CCS,human_unique_adjusted_r2
48782,spatial_spd,unique_adjusted_r2,human,-0.02378150100368559,Europe,Temperate,8.71572,53.67106,TMP,human_unique_adjusted_r2
1970,spatial_spd,unique_adjusted_r2,human,-0.004097799631171406,North America,Arid,-111.69798,37.93564,ARD,human_unique_adjusted_r2
41835,spatial_spd,unique_adjusted_r2,human,0.006305880502416872,Europe,Cold - Cold Summer,9.84504,46.49394,CCS,human_unique_adjusted_r2
4436,spatial_spd,unique_adjusted_r2,human,0.17525224600628864,Europe,Temperate,-6.25833,54.77694,TMP,human_unique_adjusted_r2
16073,spatial_spd,unique_adjusted_r2,human,0.08775344322961531,North America,Temperate - Dry Summer,-123.03632,39.48917,TDS,human_unique_adjusted_r2
16236,spatial_spd,unique_adjusted_r2,human,-0.012861026185439606,North America,Cold - Cold Summer,-149.68333,68.65359,CCS,human_unique_adjusted_r2
2880,spatial_spd,unique_adjusted_r2,human,-0.011801394594287529,North America,Cold - Cold Summer,-108.10256,37.46906,CCS,human_unique_adjusted_r2
513,spatial_spd,unique_adjusted_r2,human,0.05195145206057039,North America,Cold - Hot Summer,-99.92606,44.82568,CHS,human_unique_adjusted_r2
1856,spatial_spd,unique_adjusted_r2,human,0.038346704418693256,North America,Cold - Cold Summer,-109.92,43.45917,CCS,human_unique_adjusted_r2
40844,spatial_spd,unique_adjusted_r2,human,-0.060237523234563994,North America,Cold - Hot Summer,-71.0133,41.8815,CHS,human_unique_adjusted_r2
4308,spatial_spd,unique_adjusted_r2,human,-0.004717125669437161,Europe,Cold - Warm Summer,24.68735,58.00009,CWS,human_unique_adjusted_r2
42668,spatial_spd,unique_adjusted_r2,human,-0.02839585452214055,Europe,Cold - Warm Summer,8.26188,48.42584,CWS,human_unique_adjusted_r2
1001,spatial_spd,unique_adjusted_r2,human,-0.07609178567299701,North America,Cold - Dry Summer,-129.01667,60.03333,CDS,human_unique_adjusted_r2
369,spatial_spd,unique_adjusted_r2,human,0.023892929279752395,North America,Cold - Warm Summer,-83.24111,43.12389,CWS,human_unique_adjusted_r2
21838,spatial_spd,unique_adjusted_r2,human,-0.017306459512479888,Latin America,Polar,-72.34629,6.38712,POL,human_unique_adjusted_r2
506,spatial_spd,unique_adjusted_r2,human,-0.0020426629196922397,North America,Cold - Cold Summer,-107.08549,38.87102,CCS,human_unique_adjusted_r2
1733,spatial_spd,unique_adjusted_r2,human,0.07732100802028641,North America,Cold - Cold Summer,-126.11667,65.21667,CCS,human_unique_adjusted_r2
19967,spatial_spd,unique_adjusted_r2,human,-0.0703409269509403,North America,Cold - Warm Summer,-81.00585,44.73314,CWS,human_unique_adjusted_r2
PVT_Dabsan_Lake,spatial_spd,unique_adjusted_r2,human,-0.07058718571659428,Asia,Arid,95.5,37.1,ARD,human_unique_adjusted_r2
PVT_Daihai_Lake_2004,spatial_spd,unique_adjusted_r2,human,0.004478939564907525,Asia,Arid,112.67,40.58,ARD,human_unique_adjusted_r2
PVT_Dalianhai_Lake,spatial_spd,unique_adjusted_r2,human,-0.02378811837881134,Asia,Arid,100.41,36.25,ARD,human_unique_adjusted_r2
PVT_Gonghai_Lake,spatial_spd,unique_adjusted_r2,human,0.1604148290484022,Asia,Cold - Dry Winter,112.23,38.9,CDW,human_unique_adjusted_r2
PVT_Manas_Lake_LM1,spatial_spd,unique_adjusted_r2,human,-0.03514205994146857,Asia,Arid,85.92,45.83,ARD,human_unique_adjusted_r2
PVT_Qidong,spatial_spd,unique_adjusted_r2,human,0.2976978250033664,Asia,Temperate,121.7,31.9,TMP,human_unique_adjusted_r2
PVT_Qinghai_Lake_QH2000,spatial_spd,unique_adjusted_r2,human,0.1486449559103925,Asia,Cold - Dry Winter,100.52,36.67,CDW,human_unique_adjusted_r2
PVT_Sihailongwan_Lake,spatial_spd,unique_adjusted_r2,human,0.021880763987393248,Asia,Cold - Dry Winter,126.6,42.28,CDW,human_unique_adjusted_r2
PVT_Ximen_Co,spatial_spd,unique_adjusted_r2,human,-0.0011156203962400246,Asia,Polar,101.47,33.38,POL,human_unique_adjusted_r2
PVT_Xingyun_Lake,spatial_spd,unique_adjusted_r2,human,0.0532965294317328,Asia,Temperate - Dry Winter,102.78,24.34,TDW,human_unique_adjusted_r2
PVT_Akkol_Lake,spatial_spd,unique_adjusted_r2,human,-0.03379398458463079,Asia,Polar,89.63,50.25,POL,human_unique_adjusted_r2
PVT_Ayongwama_Co,spatial_spd,unique_adjusted_r2,human,0.1888923347964534,Asia,Polar,98.2,34.83,POL,human_unique_adjusted_r2
PVT_Chaiwopu_Lake,spatial_spd,unique_adjusted_r2,human,0.12613667849750454,Asia,Arid,87.78,43.55,ARD,human_unique_adjusted_r2
PVT_Dahaizi_Lake,spatial_spd,unique_adjusted_r2,human,0.14227990359677978,Asia,Temperate - Dry Winter,102.67,27.83,TDW,human_unique_adjusted_r2
PVT_Dajiuhu_2013,spatial_spd,unique_adjusted_r2,human,-0.002740907646724189,Asia,Cold - Dry Winter,110,31.49,CDW,human_unique_adjusted_r2
PVT_Dali_Nur_Jiangjunpaozi_Lake,spatial_spd,unique_adjusted_r2,human,-0.0768421865683766,Asia,Cold - Dry Winter,117.47,42.374,CDW,human_unique_adjusted_r2
PVT_Dali_Nur_Liuzhouwan_Lake,spatial_spd,unique_adjusted_r2,human,-0.04133777352234824,Asia,Cold - Dry Winter,116.683,42.70733,CDW,human_unique_adjusted_r2
PVT_Dongganchi,spatial_spd,unique_adjusted_r2,human,-0.04302517852640564,Asia,Cold - Dry Winter,115.78,39.53,CDW,human_unique_adjusted_r2
PVT_Erhai_Lake,spatial_spd,unique_adjusted_r2,human,0.2540743180052375,Asia,Temperate - Dry Winter,100.2,25.77,TDW,human_unique_adjusted_r2
PVT_Erhailongwan_Lake,spatial_spd,unique_adjusted_r2,human,-0.024401279417102906,Asia,Cold - Dry Winter,126.37,42.3,CDW,human_unique_adjusted_r2
PVT_Ganhai_Lake,spatial_spd,unique_adjusted_r2,human,0.11350823309441072,Asia,Cold - Dry Winter,112.19,38.89,CDW,human_unique_adjusted_r2
PVT_Gantang,spatial_spd,unique_adjusted_r2,human,-0.04509424870609946,Asia,Temperate,119.03,26.77,TMP,human_unique_adjusted_r2
PVT_Guangfulin,spatial_spd,unique_adjusted_r2,human,-0.016252790352046853,Asia,Temperate,121.19,31.06,TMP,human_unique_adjusted_r2
PVT_Huguangyan_Maer_LakeB,spatial_spd,unique_adjusted_r2,human,-0.03634239963175023,Asia,Temperate - Dry Winter,110.28,21.15,TDW,human_unique_adjusted_r2
PVT_Kendegelukol_Lake,spatial_spd,unique_adjusted_r2,human,0.07043545019000796,Asia,Polar,87.64,50.51,POL,human_unique_adjusted_r2
PVT_Koucha_Lake,spatial_spd,unique_adjusted_r2,human,0.011692241700303807,Asia,Polar,97.24,34.01,POL,human_unique_adjusted_r2
PVT_Kuhai_Lake,spatial_spd,unique_adjusted_r2,human,-0.003125388589262701,Asia,Polar,99.31,35.52,POL,human_unique_adjusted_r2
PVT_Longquan_Lake_LC2,spatial_spd,unique_adjusted_r2,human,-0.048774085951930224,Asia,Temperate,112.24,31.08,TMP,human_unique_adjusted_r2
PVT_Lop_Nur_Luo4,spatial_spd,unique_adjusted_r2,human,-0.04145938557606099,Asia,Arid,90.25,40.33,ARD,human_unique_adjusted_r2
PVT_Mengcun,spatial_spd,unique_adjusted_r2,human,0.1641173083337092,Asia,Cold - Dry Winter,117.12,38.05,CDW,human_unique_adjusted_r2
PVT_Naleng_Co,spatial_spd,unique_adjusted_r2,human,-0.01741222807757259,Asia,Polar,99.76,31.11,POL,human_unique_adjusted_r2
PVT_Nantun,spatial_spd,unique_adjusted_r2,human,-0.0664775929700715,Asia,Temperate - Dry Winter,104.23,26.7,TDW,human_unique_adjusted_r2
PVT_Qigai_Nuur,spatial_spd,unique_adjusted_r2,human,0.005219174490980971,Asia,Arid,109.5,39.5,ARD,human_unique_adjusted_r2
PVT_Qongjiamong_Co,spatial_spd,unique_adjusted_r2,human,0.038781835831838696,Asia,Polar,92.37,29.81,POL,human_unique_adjusted_r2
PVT_Ren_Co_R1,spatial_spd,unique_adjusted_r2,human,-0.021409034560068374,Asia,Polar,96.68,30.73,POL,human_unique_adjusted_r2
PVT_Sanjiaocheng_Section,spatial_spd,unique_adjusted_r2,human,0.16328773972320454,Asia,Arid,103.34,39.01,ARD,human_unique_adjusted_r2
PVT_Sayram_Lake,spatial_spd,unique_adjusted_r2,human,0.05681668321092381,Asia,Cold - Warm Summer,81.09,44.34,CWS,human_unique_adjusted_r2
PVT_Shaamar,spatial_spd,unique_adjusted_r2,human,0.048467817508338285,Asia,Cold - Dry Winter,105.2,50.2,CDW,human_unique_adjusted_r2
PVT_Shayema_Lake,spatial_spd,unique_adjusted_r2,human,0.008971928567740983,Asia,Temperate - Dry Winter,102.22,28.58,TDW,human_unique_adjusted_r2
PVT_Sujiawan,spatial_spd,unique_adjusted_r2,human,0.05023012018268924,Asia,Cold - Dry Winter,104.52,35.54,CDW,human_unique_adjusted_r2
PVT_Tiancai_Lake,spatial_spd,unique_adjusted_r2,human,0.01827261147667736,Asia,Cold - Dry Winter,99.72,26.63,CDW,human_unique_adjusted_r2
PVT_Uzunkol_Lake,spatial_spd,unique_adjusted_r2,human,0.14837958457417755,Asia,Cold - Cold Summer,87.11,50.48,CCS,human_unique_adjusted_r2
PVT_Xiehu_Lake_SO4,spatial_spd,unique_adjusted_r2,human,-0.03332801397723306,Asia,Cold - Dry Winter,122.52,37.38,CDW,human_unique_adjusted_r2
PVT_Yidun_Lake,spatial_spd,unique_adjusted_r2,human,0.05710332015172115,Asia,Polar,99.55,30.3,POL,human_unique_adjusted_r2
PVT_Zoige_RH,spatial_spd,unique_adjusted_r2,human,-0.062092832890825345,Asia,Cold - Dry Winter,103.35,33.95,CDW,human_unique_adjusted_r2
cao_8,spatial_spd,unique_adjusted_r2,human,0.05081086098098819,Asia,Cold - Dry Winter,108.9136111,53.95472222,CDW,human_unique_adjusted_r2
cao_57,spatial_spd,unique_adjusted_r2,human,-0.07467238398676146,Asia,Cold - Cold Summer,84.21666667,56.1,CCS,human_unique_adjusted_r2
cao_80,spatial_spd,unique_adjusted_r2,human,-0.023201176487770536,Asia,Cold - Cold Summer,88.166667,58.333333,CCS,human_unique_adjusted_r2
cao_101,spatial_spd,unique_adjusted_r2,human,0.0796318470643973,Asia,Cold - Warm Summer,51.84166667,53.025,CWS,human_unique_adjusted_r2
cao_124,spatial_spd,unique_adjusted_r2,human,0.12213289519701498,Asia,Cold - Cold Summer,84,56.166667,CCS,human_unique_adjusted_r2
cao_134,spatial_spd,unique_adjusted_r2,human,-0.07045830987916202,Asia,Cold - Cold Summer,84.83333333,56.33333333,CCS,human_unique_adjusted_r2
cao_158,spatial_spd,unique_adjusted_r2,human,-0.038255228649025974,Asia,Cold - Warm Summer,57.883333,56.316667,CWS,human_unique_adjusted_r2
PANGAEA.884462,spatial_spd,unique_adjusted_r2,human,-0.03672675932444691,Asia,Arid,84.38194,43.04583,ARD,human_unique_adjusted_r2
PANGAEA.896256,spatial_spd,unique_adjusted_r2,human,-0.007503259258737405,Asia,Arid,86.804,41.931,ARD,human_unique_adjusted_r2
PANGAEA.783359,spatial_spd,unique_adjusted_r2,human,-0.022219363769690914,Asia,Temperate - Dry Summer,36.4925,42.2255,TDS,human_unique_adjusted_r2
Lake_Moon,spatial_spd,unique_adjusted_r2,human,-0.007731215277309356,Asia,Cold - Dry Winter,120.8665,47.506,CDW,human_unique_adjusted_r2
47817,spatial_spd,unique_adjusted_r2,human,0.04102445761658624,Asia,Arid,81.03134,44.97373,ARD,human_unique_adjusted_r2
876,spatial_spd,unique_adjusted_r2,human,0.023753069065221344,Asia,Cold - Warm Summer,83.333333,55,CWS,human_unique_adjusted_r2
46462,spatial_spd,unique_adjusted_r2,human,-0.016005983145012115,Asia,Cold - Warm Summer,41.039722,55.118056,CWS,human_unique_adjusted_r2
46466,spatial_spd,unique_adjusted_r2,human,0.09913345697044262,Asia,Cold - Warm Summer,38.5838,53.66192,CWS,human_unique_adjusted_r2
46483,spatial_spd,unique_adjusted_r2,human,-0.05272589483362444,Asia,Cold - Warm Summer,36.416667,55.166667,CWS,human_unique_adjusted_r2
3896,spatial_spd,unique_adjusted_r2,human,0.02280639276925356,Asia,Cold - Cold Summer,37.516667,66.375,CCS,human_unique_adjusted_r2
46479,spatial_spd,unique_adjusted_r2,human,-0.04342547695035681,Asia,Cold - Warm Summer,36.2525,53.834722,CWS,human_unique_adjusted_r2
46485,spatial_spd,unique_adjusted_r2,human,-0.03924744742696695,Asia,Cold - Warm Summer,37.333333,56.066667,CWS,human_unique_adjusted_r2
46447,spatial_spd,unique_adjusted_r2,human,-0.020251506847135725,Asia,Cold - Cold Summer,35.32822,68.82667,CCS,human_unique_adjusted_r2
2643,spatial_spd,unique_adjusted_r2,human,-0.014113127905296508,Asia,Cold - Warm Summer,132.783333,42.833333,CWS,human_unique_adjusted_r2
1844,spatial_spd,unique_adjusted_r2,human,0.073252443012371,Asia,Cold - Warm Summer,134.566667,43.25,CWS,human_unique_adjusted_r2
4543,spatial_spd,unique_adjusted_r2,human,0.09419320352883687,Asia,Cold - Cold Summer,36.25,63.9,CCS,human_unique_adjusted_r2
40990,spatial_spd,unique_adjusted_r2,human,-0.011573912107118334,Asia,Cold - Dry Winter,108.133333,52.783333,CDW,human_unique_adjusted_r2
4081,spatial_spd,unique_adjusted_r2,human,-0.007446470347636236,Asia,Cold - Dry Winter,106.6188,50.2618,CDW,human_unique_adjusted_r2
3861,spatial_spd,unique_adjusted_r2,human,-0.07148823553284933,Asia,Arid,90.49975,49.48079,ARD,human_unique_adjusted_r2
41247,spatial_spd,unique_adjusted_r2,human,0.20555802593662142,Asia,Temperate - Dry Winter,99.27974,25.87085,TDW,human_unique_adjusted_r2
15624,spatial_spd,unique_adjusted_r2,human,0.07661446848837117,Asia,Temperate,134.133333333333,35.35,TMP,human_unique_adjusted_r2
41245,spatial_spd,unique_adjusted_r2,human,0.04359975931616322,Asia,Cold - Dry Winter,115.225425,41.632845,CDW,human_unique_adjusted_r2
14612,spatial_spd,unique_adjusted_r2,human,-6.082892476244606e-5,Asia,Arid,96.90074,37.27446,ARD,human_unique_adjusted_r2
15649,spatial_spd,unique_adjusted_r2,human,0.1905316501249128,Asia,Temperate,136.13079,35.653925,TMP,human_unique_adjusted_r2
14134,spatial_spd,unique_adjusted_r2,human,0.0010286270443131684,Asia,Temperate,135.88674,35.51763,TMP,human_unique_adjusted_r2
15656,spatial_spd,unique_adjusted_r2,human,-0.042672392378025004,Asia,Temperate,136.11934,35.54912,TMP,human_unique_adjusted_r2
22330,spatial_spd,unique_adjusted_r2,human,-0.003642669217205463,Asia,Cold - Warm Summer,42.4969444444444,41.6838888888889,CWS,human_unique_adjusted_r2
15709,spatial_spd,unique_adjusted_r2,human,0.01369624001718095,Asia,Cold - Warm Summer,140.9,40.6166666666667,CWS,human_unique_adjusted_r2
15678,spatial_spd,unique_adjusted_r2,human,0.03764896054239253,Asia,Cold - Hot Summer,134.566666666667,35.4083333333333,CHS,human_unique_adjusted_r2
4137,spatial_spd,unique_adjusted_r2,human,0.08885701547534886,Asia,Arid,30.8,38.425,ARD,human_unique_adjusted_r2
4442,spatial_spd,unique_adjusted_r2,human,-0.006638502169212912,Asia,Cold - Dry Summer,29.898333,36.9975,CDS,human_unique_adjusted_r2
4509,spatial_spd,unique_adjusted_r2,human,0.017304528805494712,Asia,Cold - Dry Summer,43,38.5,CDS,human_unique_adjusted_r2
24161,spatial_spd,unique_adjusted_r2,human,-0.0025298077096471694,Asia,Cold - Dry Summer,31.283333,40.6,CDS,human_unique_adjusted_r2
24166,spatial_spd,unique_adjusted_r2,human,-0.027369233196342102,Asia,Temperate - Dry Summer,30.05,37.466667,TDS,human_unique_adjusted_r2
24175,spatial_spd,unique_adjusted_r2,human,0.014570874012710622,Asia,Arid,33.733333,37.5,ARD,human_unique_adjusted_r2
pg_711911,spatial_spd,unique_adjusted_r2,human,0.09347138563833501,Asia,Arid,36.016667,40.916667,ARD,human_unique_adjusted_r2
pg_858056,spatial_spd,unique_adjusted_r2,human,0.03202109442023737,Asia,Temperate - Dry Summer,29.53333,40.43333,TDS,human_unique_adjusted_r2
pg_874340,spatial_spd,unique_adjusted_r2,human,0.14572999810479004,Asia,Arid,35.39417,31.46528,ARD,human_unique_adjusted_r2
pg_884740,spatial_spd,unique_adjusted_r2,human,0.09098780785996619,Asia,Arid,35.58881,32.82328,ARD,human_unique_adjusted_r2
pg_711930,spatial_spd,unique_adjusted_r2,human,0.0452628819223303,Asia,Temperate - Dry Summer,47.716667,33.083333,TDS,human_unique_adjusted_r2
pg_738918,spatial_spd,unique_adjusted_r2,human,-0.014625245523757324,Asia,Cold - Dry Summer,46.116667,35.533333,CDS,human_unique_adjusted_r2
ippd_648,spatial_spd,unique_adjusted_r2,human,0.12553925928329512,Oceania,Cold - Warm Summer,148.5,-36.3667,CWS,human_unique_adjusted_r2
ippd_975,spatial_spd,unique_adjusted_r2,human,0.010968866366434682,Oceania,Temperate,151.4667,-32.05,TMP,human_unique_adjusted_r2
ippd_978,spatial_spd,unique_adjusted_r2,human,0.0053038605411138695,Oceania,Temperate,150.1,-36.5833,TMP,human_unique_adjusted_r2
ippd_991,spatial_spd,unique_adjusted_r2,human,0.15034007664152305,Oceania,Temperate,149.52,-34.75,TMP,human_unique_adjusted_r2
ippd_1070,spatial_spd,unique_adjusted_r2,human,-0.03048313803521674,Oceania,Tropical,142.95,-5.85,TRO,human_unique_adjusted_r2
ippd_1443,spatial_spd,unique_adjusted_r2,human,0.0038781975240606004,Oceania,Tropical,142.3,-10.2,TRO,human_unique_adjusted_r2
ippd_1999,spatial_spd,unique_adjusted_r2,human,-0.0201414979341501,Oceania,Tropical,145.45,-14.67,TRO,human_unique_adjusted_r2
ippd_2000,spatial_spd,unique_adjusted_r2,human,0.05560767357435137,Oceania,Temperate - Dry Winter,145.633,-17.1667,TDW,human_unique_adjusted_r2
ippd_2008,spatial_spd,unique_adjusted_r2,human,0.08713211633089013,Oceania,Temperate,142.6,-38.35,TMP,human_unique_adjusted_r2
ippd_2009,spatial_spd,unique_adjusted_r2,human,0.0560706123148661,Oceania,Temperate,153.41,-27.68,TMP,human_unique_adjusted_r2
ippd_2094,spatial_spd,unique_adjusted_r2,human,-0.0027746316405061755,Oceania,Temperate,151.3667,-31.9167,TMP,human_unique_adjusted_r2
ippd_2113,spatial_spd,unique_adjusted_r2,human,-0.032781215992896184,Oceania,Temperate,153.45,-27.44,TMP,human_unique_adjusted_r2
ippd_2122,spatial_spd,unique_adjusted_r2,human,-0.0819104307316515,Oceania,Temperate,150.38,-33.76,TMP,human_unique_adjusted_r2
ippd_2133,spatial_spd,unique_adjusted_r2,human,0.009217038938841182,Oceania,Temperate - Dry Summer,140.581,-37.6094,TDS,human_unique_adjusted_r2
ippd_2160,spatial_spd,unique_adjusted_r2,human,-0.008713850987025262,Oceania,Temperate,148.9567,-35.7522,TMP,human_unique_adjusted_r2
ippd_2163,spatial_spd,unique_adjusted_r2,human,0.033447482928020134,Oceania,Temperate,149.5,-36.5167,TMP,human_unique_adjusted_r2
ippd_2179,spatial_spd,unique_adjusted_r2,human,0.037163964677995986,Oceania,Tropical,136.81667,-13.8667,TRO,human_unique_adjusted_r2
ippd_2216,spatial_spd,unique_adjusted_r2,human,0.044430525427833434,Oceania,Temperate,153.167,-25.23,TMP,human_unique_adjusted_r2
ippd_2264,spatial_spd,unique_adjusted_r2,human,-0.011238283231226442,Oceania,Temperate,145.8854,-42.2713,TMP,human_unique_adjusted_r2
ippd_2268,spatial_spd,unique_adjusted_r2,human,0.06928858202199006,Oceania,Temperate,153.0613,-25.2171,TMP,human_unique_adjusted_r2
ippd_2270,spatial_spd,unique_adjusted_r2,human,-0.020261862488630933,Oceania,Temperate,150.22,-33.38,TMP,human_unique_adjusted_r2
ippd_2287,spatial_spd,unique_adjusted_r2,human,0.06014819946487293,Oceania,Arid,141.570299,-34.052551,ARD,human_unique_adjusted_r2
ippd_2306,spatial_spd,unique_adjusted_r2,human,-0.004294243909430784,Oceania,Temperate,145.6667,-41.6667,TMP,human_unique_adjusted_r2
ippd_2308,spatial_spd,unique_adjusted_r2,human,0.040852053208161765,Oceania,Temperate,146.0833,-43.2667,TMP,human_unique_adjusted_r2
ippd_2313,spatial_spd,unique_adjusted_r2,human,0.06206834063634936,Oceania,Cold - Warm Summer,148.48333333333332,-36.38333333333333,CWS,human_unique_adjusted_r2
ippd_2357,spatial_spd,unique_adjusted_r2,human,0.11190544032431426,Oceania,Temperate,149.1333,-37.1,TMP,human_unique_adjusted_r2
46516,spatial_spd,unique_adjusted_r2,time,0.1833708551565909,Europe,Cold - Warm Summer,28.61129,59.61457,CWS,time_unique_adjusted_r2
26606,spatial_spd,unique_adjusted_r2,time,0.033288430140980596,North America,Cold - Warm Summer,-93.72746,49.65882,CWS,time_unique_adjusted_r2
48966,spatial_spd,unique_adjusted_r2,time,0.115556840559915,Europe,Temperate,5.75969,52.24479,TMP,time_unique_adjusted_r2
3565,spatial_spd,unique_adjusted_r2,time,-2.4377886849891173e-4,North America,Cold - Warm Summer,-71.80778,46.89194,CWS,time_unique_adjusted_r2
3032,spatial_spd,unique_adjusted_r2,time,0.24085236652401731,North America,Cold - Warm Summer,-85.66111,46.42917,CWS,time_unique_adjusted_r2
4383,spatial_spd,unique_adjusted_r2,time,0.6392302154396413,Europe,Cold - Warm Summer,8.32556,47.07556,CWS,time_unique_adjusted_r2
45377,spatial_spd,unique_adjusted_r2,time,0.015098929353810187,Europe,Cold - Warm Summer,24.1,59.075,CWS,time_unique_adjusted_r2
236,spatial_spd,unique_adjusted_r2,time,0.2563972194571631,North America,Cold - Warm Summer,-79.78,47.23,CWS,time_unique_adjusted_r2
4170,spatial_spd,unique_adjusted_r2,time,-0.03878593607774716,Europe,Cold - Warm Summer,24.33333,41.98333,CWS,time_unique_adjusted_r2
25372,spatial_spd,unique_adjusted_r2,time,0.15535442296541857,Europe,Temperate,4.07917,47.26194,TMP,time_unique_adjusted_r2
46544,spatial_spd,unique_adjusted_r2,time,0.1685929806336508,Europe,Cold - Warm Summer,25.77353,58.48888,CWS,time_unique_adjusted_r2
982,spatial_spd,unique_adjusted_r2,time,0.10394876818498666,North America,Cold - Warm Summer,-85.11667,44.88333,CWS,time_unique_adjusted_r2
26448,spatial_spd,unique_adjusted_r2,time,0.2528200888931892,Europe,Cold - Cold Summer,10.47833,46.87,CCS,time_unique_adjusted_r2
4042,spatial_spd,unique_adjusted_r2,time,0.1134081719593959,Europe,Cold - Warm Summer,13.67319,58.55679,CWS,time_unique_adjusted_r2
3487,spatial_spd,unique_adjusted_r2,time,0.022083764085011892,North America,Cold - Hot Summer,-97.36301,44.97734,CHS,time_unique_adjusted_r2
21675,spatial_spd,unique_adjusted_r2,time,0.08426132826780375,Latin America,Tropical,-76.5333,3.0833,TRO,time_unique_adjusted_r2
26499,spatial_spd,unique_adjusted_r2,time,-0.02962649907278536,Europe,Polar,11.01283,46.84566,POL,time_unique_adjusted_r2
24840,spatial_spd,unique_adjusted_r2,time,0.06937672594538247,Europe,Temperate,-1.59583,47.27222,TMP,time_unique_adjusted_r2
2395,spatial_spd,unique_adjusted_r2,time,0.10963257915205671,Latin America,Tropical,-90.13333,20.86667,TRO,time_unique_adjusted_r2
45347,spatial_spd,unique_adjusted_r2,time,-0.0021813139622812727,Europe,Polar,9.83333,62.26667,POL,time_unique_adjusted_r2
15922,spatial_spd,unique_adjusted_r2,time,0.016641059438009198,North America,Cold - Warm Summer,-89.2827,46.2334,CWS,time_unique_adjusted_r2
1010,spatial_spd,unique_adjusted_r2,time,0.02506948916304741,North America,Cold - Cold Summer,-53.13333,47.32222,CCS,time_unique_adjusted_r2
4542,spatial_spd,unique_adjusted_r2,time,0.11197279853952213,Europe,Cold - Cold Summer,32.63333,65.11667,CCS,time_unique_adjusted_r2
14944,spatial_spd,unique_adjusted_r2,time,0.00897943097863374,North America,Cold - Dry Summer,-112.23885,36.63046,CDS,time_unique_adjusted_r2
17402,spatial_spd,unique_adjusted_r2,time,0.06389505155601838,North America,Cold - Cold Summer,-159.77674,60.21151,CCS,time_unique_adjusted_r2
234,spatial_spd,unique_adjusted_r2,time,0.13393119859182157,North America,Cold - Dry Summer,-119.00833,37.59583,CDS,time_unique_adjusted_r2
16081,spatial_spd,unique_adjusted_r2,time,-0.021309342355818828,North America,Cold - Warm Summer,-62.61486,45.66757,CWS,time_unique_adjusted_r2
41421,spatial_spd,unique_adjusted_r2,time,0.11654174768970926,Europe,Temperate,0.67528,50.90583,TMP,time_unique_adjusted_r2
1451,spatial_spd,unique_adjusted_r2,time,0.020915243094335234,North America,Cold - Warm Summer,-71.56694,48.36583,CWS,time_unique_adjusted_r2
785,spatial_spd,unique_adjusted_r2,time,-0.011932407696230385,North America,Cold - Warm Summer,-80.25,44.37,CWS,time_unique_adjusted_r2
2311,spatial_spd,unique_adjusted_r2,time,0.06718399571160072,North America,Cold - Cold Summer,-154.23333,67.06667,CCS,time_unique_adjusted_r2
3900,spatial_spd,unique_adjusted_r2,time,0.18761384883917442,Europe,Temperate,-1.85806,47.18611,TMP,time_unique_adjusted_r2
2053,spatial_spd,unique_adjusted_r2,time,0.06198791706587581,North America,Cold - Warm Summer,-95.28417,46.21194,CWS,time_unique_adjusted_r2
1149,spatial_spd,unique_adjusted_r2,time,0.04617886203429533,North America,Cold - Warm Summer,-77.05,44.48333,CWS,time_unique_adjusted_r2
46998,spatial_spd,unique_adjusted_r2,time,-0.04951523631865806,Latin America,Temperate,-79.11214,-4.25547,TMP,time_unique_adjusted_r2
46490,spatial_spd,unique_adjusted_r2,time,-0.0583051786685258,Europe,Cold - Warm Summer,29.97722,59.01111,CWS,time_unique_adjusted_r2
210,spatial_spd,unique_adjusted_r2,time,0.04968255705523972,North America,Arid,-105.45,43.5,ARD,time_unique_adjusted_r2
4136,spatial_spd,unique_adjusted_r2,time,0.26144237428136574,Europe,Cold - Cold Summer,28.99524,66.12667,CCS,time_unique_adjusted_r2
45192,spatial_spd,unique_adjusted_r2,time,0.16434559711299368,Europe,Temperate - Dry Summer,-6.07028,42.12611,TDS,time_unique_adjusted_r2
15232,spatial_spd,unique_adjusted_r2,time,0.29418519715186275,North America,Cold - Cold Summer,-118.15429,51.03992,CCS,time_unique_adjusted_r2
41467,spatial_spd,unique_adjusted_r2,time,0.1389781132131005,Europe,Temperate,8.94329,46.05152,TMP,time_unique_adjusted_r2
3938,spatial_spd,unique_adjusted_r2,time,0.4243788093598775,Europe,Cold - Warm Summer,20.67577,52.54316,CWS,time_unique_adjusted_r2
2619,spatial_spd,unique_adjusted_r2,time,0.24061418718171168,North America,Temperate - Dry Summer,-119.81667,37.95,TDS,time_unique_adjusted_r2
22988,spatial_spd,unique_adjusted_r2,time,0.2228874632327048,Europe,Polar,8.01819,46.66807,POL,time_unique_adjusted_r2
46803,spatial_spd,unique_adjusted_r2,time,0.09872800147696048,North America,Cold - Cold Summer,-148.15282,60.68065,CCS,time_unique_adjusted_r2
24195,spatial_spd,unique_adjusted_r2,time,0.10788876242556544,Europe,Cold - Cold Summer,7.84417,46.28306,CCS,time_unique_adjusted_r2
306,spatial_spd,unique_adjusted_r2,time,0.07830746111437037,North America,Cold - Cold Summer,-69.45278,47.45778,CCS,time_unique_adjusted_r2
847,spatial_spd,unique_adjusted_r2,time,0.014841576878457996,North America,Cold - Hot Summer,-83.63,42.33,CHS,time_unique_adjusted_r2
45322,spatial_spd,unique_adjusted_r2,time,0.24559107044283335,Europe,Temperate - Dry Summer,12.63333,37.61667,TDS,time_unique_adjusted_r2
18108,spatial_spd,unique_adjusted_r2,time,0.12383721354006094,North America,Cold - Cold Summer,-116.9055,49.49605,CCS,time_unique_adjusted_r2
42745,spatial_spd,unique_adjusted_r2,time,-0.03290987613705998,North America,Cold - Cold Summer,-138.37522,61.0771,CCS,time_unique_adjusted_r2
17689,spatial_spd,unique_adjusted_r2,time,-0.045074490975042014,North America,Cold - Warm Summer,-80.26015,43.26052,CWS,time_unique_adjusted_r2
340,spatial_spd,unique_adjusted_r2,time,0.003852955089013843,North America,Cold - Warm Summer,-68.77344,44.93672,CWS,time_unique_adjusted_r2
40634,spatial_spd,unique_adjusted_r2,time,0.15408375725750378,Europe,Cold - Cold Summer,7.40306,46.42833,CCS,time_unique_adjusted_r2
15970,spatial_spd,unique_adjusted_r2,time,0.03808193681480787,North America,Cold - Cold Summer,-153.66508,62.55151,CCS,time_unique_adjusted_r2
17391,spatial_spd,unique_adjusted_r2,time,0.14689588397631514,North America,Cold - Cold Summer,-162.11413,63.4461,CCS,time_unique_adjusted_r2
4539,spatial_spd,unique_adjusted_r2,time,0.24435019529887814,Europe,Cold - Cold Summer,22.86667,62.13333,CCS,time_unique_adjusted_r2
25285,spatial_spd,unique_adjusted_r2,time,0.017645723067779007,Europe,Temperate,5.28333,45.79083,TMP,time_unique_adjusted_r2
20293,spatial_spd,unique_adjusted_r2,time,0.011784436348384997,Europe,Cold - Cold Summer,29.29295,70.6989,CCS,time_unique_adjusted_r2
4251,spatial_spd,unique_adjusted_r2,time,0.05584235758091993,Europe,Temperate,-5.58229,57.62279,TMP,time_unique_adjusted_r2
2580,spatial_spd,unique_adjusted_r2,time,0.4770939544595387,North America,Cold - Cold Summer,-120.66667,57.45,CCS,time_unique_adjusted_r2
22773,spatial_spd,unique_adjusted_r2,time,0.28207211925523945,Europe,Cold - Cold Summer,9.38111,47.17139,CCS,time_unique_adjusted_r2
784,spatial_spd,unique_adjusted_r2,time,-0.0070478476853699235,Europe,Temperate,21.9525,40.81806,TMP,time_unique_adjusted_r2
4472,spatial_spd,unique_adjusted_r2,time,0.14610561735935634,Europe,Cold - Cold Summer,28.11667,61.21667,CCS,time_unique_adjusted_r2
45383,spatial_spd,unique_adjusted_r2,time,0.02847477323994352,Europe,Cold - Warm Summer,25.53861,59.48944,CWS,time_unique_adjusted_r2
40564,spatial_spd,unique_adjusted_r2,time,0.21496529603939452,Europe,Cold - Warm Summer,8.83094,47.61335,CWS,time_unique_adjusted_r2
13051,spatial_spd,unique_adjusted_r2,time,-0.002332676096503783,North America,Cold - Warm Summer,-96.198,46.5929,CWS,time_unique_adjusted_r2
15783,spatial_spd,unique_adjusted_r2,time,0.1327669475908826,North America,Polar,-125.28,71.75,POL,time_unique_adjusted_r2
4373,spatial_spd,unique_adjusted_r2,time,0.02697650371377036,Europe,Temperate,5.65528,45.34833,TMP,time_unique_adjusted_r2
45722,spatial_spd,unique_adjusted_r2,time,0.013991329973956135,Europe,Cold - Warm Summer,7.78231,58.32563,CWS,time_unique_adjusted_r2
2270,spatial_spd,unique_adjusted_r2,time,-0.04993826504407528,North America,Cold - Hot Summer,-72.3027,41.3491,CHS,time_unique_adjusted_r2
15201,spatial_spd,unique_adjusted_r2,time,-0.06804937162966829,North America,Cold - Cold Summer,-105.5577,39.2855,CCS,time_unique_adjusted_r2
260,spatial_spd,unique_adjusted_r2,time,-0.034983160057013185,North America,Cold - Warm Summer,-73.31667,42.5,CWS,time_unique_adjusted_r2
21539,spatial_spd,unique_adjusted_r2,time,0.08583449406620214,Latin America,Tropical,-76.43842,-0.68774,TRO,time_unique_adjusted_r2
15829,spatial_spd,unique_adjusted_r2,time,0.10469562312969283,North America,Polar,-64.26654,63.39458,POL,time_unique_adjusted_r2
14799,spatial_spd,unique_adjusted_r2,time,0.2123190266834275,North America,Cold - Dry Summer,-119.66075,37.84969,CDS,time_unique_adjusted_r2
4056,spatial_spd,unique_adjusted_r2,time,0.002255060749550064,Europe,Temperate,-0.19167,48.44444,TMP,time_unique_adjusted_r2
2617,spatial_spd,unique_adjusted_r2,time,-0.07091090521516441,North America,Cold - Hot Summer,-74.03778,41.39139,CHS,time_unique_adjusted_r2
42671,spatial_spd,unique_adjusted_r2,time,0.05256374208153969,Europe,Cold - Warm Summer,8.2395,48.56961,CWS,time_unique_adjusted_r2
4058,spatial_spd,unique_adjusted_r2,time,-0.08723594327133621,Europe,Cold - Cold Summer,13.9,47.11667,CCS,time_unique_adjusted_r2
20613,spatial_spd,unique_adjusted_r2,time,-0.030149941588769047,North America,Cold - Warm Summer,-112.08801,42.13082,CWS,time_unique_adjusted_r2
15738,spatial_spd,unique_adjusted_r2,time,0.09035629424883418,North America,Cold - Cold Summer,-109.90907,49.66388,CCS,time_unique_adjusted_r2
2287,spatial_spd,unique_adjusted_r2,time,-0.025640042866700075,North America,Cold - Warm Summer,-79.44,44.18,CWS,time_unique_adjusted_r2
22842,spatial_spd,unique_adjusted_r2,time,0.24125859060219412,Europe,Cold - Cold Summer,7.19861,46.35972,CCS,time_unique_adjusted_r2
15288,spatial_spd,unique_adjusted_r2,time,0.012238113623669555,North America,Temperate,-127.69941,50.18234,TMP,time_unique_adjusted_r2
21762,spatial_spd,unique_adjusted_r2,time,0.03410793059865336,Latin America,Polar,-72.80159,6.16936,POL,time_unique_adjusted_r2
1148,spatial_spd,unique_adjusted_r2,time,0.06772935552201431,North America,Temperate - Dry Summer,-122.575,44.63333,TDS,time_unique_adjusted_r2
48721,spatial_spd,unique_adjusted_r2,time,0.2762339610416612,North America,Cold - Dry Summer,-114.10713,64.0537,CDS,time_unique_adjusted_r2
24467,spatial_spd,unique_adjusted_r2,time,0.3603308800935622,Europe,Temperate,3.13333,49.18333,TMP,time_unique_adjusted_r2
1450,spatial_spd,unique_adjusted_r2,time,0.18771934140865343,North America,Cold - Warm Summer,-52.71389,47.59028,CWS,time_unique_adjusted_r2
23004,spatial_spd,unique_adjusted_r2,time,0.12501479444065489,Europe,Cold - Warm Summer,28.01373,51.19139,CWS,time_unique_adjusted_r2
2292,spatial_spd,unique_adjusted_r2,time,0.021891821612003093,North America,Cold - Warm Summer,-69.41028,43.92139,CWS,time_unique_adjusted_r2
2391,spatial_spd,unique_adjusted_r2,time,-0.005533460293702497,North America,Cold - Warm Summer,-70.35,43.96667,CWS,time_unique_adjusted_r2
1024,spatial_spd,unique_adjusted_r2,time,0.08464973519265662,North America,Polar,-155.05,67.93333,POL,time_unique_adjusted_r2
1642,spatial_spd,unique_adjusted_r2,time,0.049985733990538184,North America,Temperate - Dry Summer,-123.58764,44.16387,TDS,time_unique_adjusted_r2
15785,spatial_spd,unique_adjusted_r2,time,5.977262443335185e-5,North America,Polar,-121.1,72.009,POL,time_unique_adjusted_r2
1735,spatial_spd,unique_adjusted_r2,time,-0.034825239390892215,North America,Cold - Hot Summer,-89.41667,43.1,CHS,time_unique_adjusted_r2
22711,spatial_spd,unique_adjusted_r2,time,0.02212778445342023,Europe,Temperate,-5.34361,57.55889,TMP,time_unique_adjusted_r2
24348,spatial_spd,unique_adjusted_r2,time,0.11210635214785047,Europe,Cold - Cold Summer,2.00833,42.55417,CCS,time_unique_adjusted_r2
40992,spatial_spd,unique_adjusted_r2,time,-0.028151503453870186,North America,Cold - Warm Summer,-71.1813,43.29,CWS,time_unique_adjusted_r2
1786,spatial_spd,unique_adjusted_r2,time,0.10099121053405091,North America,Cold - Warm Summer,-93.39207,47.97876,CWS,time_unique_adjusted_r2
878,spatial_spd,unique_adjusted_r2,time,-0.08312658006875873,North America,Cold - Warm Summer,-99.2976,49.4427,CWS,time_unique_adjusted_r2
44951,spatial_spd,unique_adjusted_r2,time,0.07236229121263527,Europe,Cold - Warm Summer,20.42349,48.33691,CWS,time_unique_adjusted_r2
328,spatial_spd,unique_adjusted_r2,time,0.21364701244956896,North America,Temperate,-86.53333,33.5,TMP,time_unique_adjusted_r2
40997,spatial_spd,unique_adjusted_r2,time,0.14176221059329475,Asia,Cold - Dry Winter,108.91361,53.95472,CDW,time_unique_adjusted_r2
42692,spatial_spd,unique_adjusted_r2,time,0.16655522880636842,Europe,Cold - Warm Summer,8.29455,48.66747,CWS,time_unique_adjusted_r2
1968,spatial_spd,unique_adjusted_r2,time,-0.015286322599296964,North America,Cold - Warm Summer,-64.075,46.67361,CWS,time_unique_adjusted_r2
309,spatial_spd,unique_adjusted_r2,time,0.01783669132955079,North America,Cold - Warm Summer,-74.68333,43.91667,CWS,time_unique_adjusted_r2
34553,spatial_spd,unique_adjusted_r2,time,-0.030826892495034675,Oceania,Temperate,145.95589,-41.66993,TMP,time_unique_adjusted_r2
46730,spatial_spd,unique_adjusted_r2,time,-0.02090744055851368,North America,Cold - Cold Summer,-109.57577,44.96379,CCS,time_unique_adjusted_r2
232,spatial_spd,unique_adjusted_r2,time,-0.03072468239072712,North America,Temperate,-83.25389,30.62222,TMP,time_unique_adjusted_r2
1719,spatial_spd,unique_adjusted_r2,time,-0.015613658517120377,North America,Cold - Warm Summer,-80.09,45.05,CWS,time_unique_adjusted_r2
41027,spatial_spd,unique_adjusted_r2,time,0.0052525581866473825,North America,Cold - Warm Summer,-73.2597,41.852,CWS,time_unique_adjusted_r2
45728,spatial_spd,unique_adjusted_r2,time,-0.11064981825054043,Europe,Cold - Warm Summer,7.91361,58.14445,CWS,time_unique_adjusted_r2
29236,spatial_spd,unique_adjusted_r2,time,0.009886429119187468,Europe,Cold - Warm Summer,6.17361,46.56667,CWS,time_unique_adjusted_r2
1841,spatial_spd,unique_adjusted_r2,time,-0.0443500939478898,North America,Cold - Warm Summer,-68.94389,47.53278,CWS,time_unique_adjusted_r2
21807,spatial_spd,unique_adjusted_r2,time,-0.005401106577236803,Latin America,Tropical,-89.99202,16.91211,TRO,time_unique_adjusted_r2
41631,spatial_spd,unique_adjusted_r2,time,-0.015089677238955934,Europe,Cold - Warm Summer,10.67378,44.1199,CWS,time_unique_adjusted_r2
24061,spatial_spd,unique_adjusted_r2,time,0.10668998959781928,Europe,Cold - Cold Summer,11.45833,46.66611,CCS,time_unique_adjusted_r2
15667,spatial_spd,unique_adjusted_r2,time,0.12645510754614409,North America,Cold - Cold Summer,-119.6835,49.1188,CCS,time_unique_adjusted_r2
859,spatial_spd,unique_adjusted_r2,time,0.09018769989691833,North America,Cold - Cold Summer,-110.73333,44.91667,CCS,time_unique_adjusted_r2
15462,spatial_spd,unique_adjusted_r2,time,-0.02562205126196715,North America,Cold - Cold Summer,-57.37679,50.71361,CCS,time_unique_adjusted_r2
14274,spatial_spd,unique_adjusted_r2,time,0.24298840479386674,Europe,Temperate,-9.56165,53.76021,TMP,time_unique_adjusted_r2
203,spatial_spd,unique_adjusted_r2,time,0.06774297281005726,North America,Temperate,-85.50396,36.02755,TMP,time_unique_adjusted_r2
17320,spatial_spd,unique_adjusted_r2,time,0.015889865669241554,North America,Cold - Cold Summer,-156.00243,58.75139,CCS,time_unique_adjusted_r2
308,spatial_spd,unique_adjusted_r2,time,0.098891528484903235,North America,Cold - Warm Summer,-70.675,45.56667,CWS,time_unique_adjusted_r2
2385,spatial_spd,unique_adjusted_r2,time,-0.04875903164283557,North America,Cold - Hot Summer,-83.81531,40.35123,CHS,time_unique_adjusted_r2
26608,spatial_spd,unique_adjusted_r2,time,-0.013698875215467754,Europe,Temperate - Dry Summer,15.60075,40.92751,TDS,time_unique_adjusted_r2
20188,spatial_spd,unique_adjusted_r2,time,0.016587527976490102,North America,Polar,-170.24989,57.1773,POL,time_unique_adjusted_r2
3879,spatial_spd,unique_adjusted_r2,time,0.029634564605447666,Europe,Temperate,-3.90841,57.31333,TMP,time_unique_adjusted_r2
15925,spatial_spd,unique_adjusted_r2,time,-0.07086326362726936,North America,Cold - Warm Summer,-89.257,46.13937,CWS,time_unique_adjusted_r2
15919,spatial_spd,unique_adjusted_r2,time,0.009861720744120284,North America,Cold - Warm Summer,-89.29748,46.2435,CWS,time_unique_adjusted_r2
1432,spatial_spd,unique_adjusted_r2,time,-0.017596223285272772,North America,Cold - Dry Summer,-161.41667,68.15,CDS,time_unique_adjusted_r2
48895,spatial_spd,unique_adjusted_r2,time,-0.003886356592978535,North America,Cold - Warm Summer,-88.00947,47.41767,CWS,time_unique_adjusted_r2
2373,spatial_spd,unique_adjusted_r2,time,0.07227556422980563,North America,Cold - Warm Summer,-72.14694,48.29389,CWS,time_unique_adjusted_r2
518,spatial_spd,unique_adjusted_r2,time,0.02797464918601167,North America,Cold - Warm Summer,-80.28333,38.2,CWS,time_unique_adjusted_r2
1445,spatial_spd,unique_adjusted_r2,time,0.2167856231532319,North America,Cold - Cold Summer,-127.61667,64.16667,CCS,time_unique_adjusted_r2
1835,spatial_spd,unique_adjusted_r2,time,-0.012658516642424233,North America,Polar,-116.3125,51.34306,POL,time_unique_adjusted_r2
15325,spatial_spd,unique_adjusted_r2,time,0.046640226256702944,North America,Cold - Warm Summer,-72.1862,42.536,CWS,time_unique_adjusted_r2
1823,spatial_spd,unique_adjusted_r2,time,0.24258260838867096,North America,Polar,-116.35,51.35972,POL,time_unique_adjusted_r2
966,spatial_spd,unique_adjusted_r2,time,0.11905389187636195,North America,Cold - Dry Summer,-122.04167,43.65,CDS,time_unique_adjusted_r2
4378,spatial_spd,unique_adjusted_r2,time,0.08603567537450907,Europe,Cold - Warm Summer,14.08165,49.24798,CWS,time_unique_adjusted_r2
40567,spatial_spd,unique_adjusted_r2,time,0.06180182542700807,Europe,Cold - Warm Summer,8.83094,47.61335,CWS,time_unique_adjusted_r2
532,spatial_spd,unique_adjusted_r2,time,0.03551830255415389,North America,Cold - Warm Summer,-84.95833,44.7,CWS,time_unique_adjusted_r2
44941,spatial_spd,unique_adjusted_r2,time,0.06300996681322746,Europe,Cold - Cold Summer,16.37673,68.6586,CCS,time_unique_adjusted_r2
48738,spatial_spd,unique_adjusted_r2,time,-0.018434267401581383,Europe,Cold - Warm Summer,22.09672,58.32503,CWS,time_unique_adjusted_r2
15713,spatial_spd,unique_adjusted_r2,time,-0.031133117872752858,North America,Cold - Cold Summer,-120.0974,49.191,CCS,time_unique_adjusted_r2
22650,spatial_spd,unique_adjusted_r2,time,0.1255214565179278,Europe,Cold - Cold Summer,19.28333,49.51667,CCS,time_unique_adjusted_r2
4497,spatial_spd,unique_adjusted_r2,time,-0.012596282534864,Europe,Cold - Warm Summer,22.38803,58.4848,CWS,time_unique_adjusted_r2
2634,spatial_spd,unique_adjusted_r2,time,0.17079864444764248,North America,Arid,-112.39556,46.53111,ARD,time_unique_adjusted_r2
21537,spatial_spd,unique_adjusted_r2,time,-0.03546273405660194,Latin America,Tropical,-67.92396,-14.43169,TRO,time_unique_adjusted_r2
2332,spatial_spd,unique_adjusted_r2,time,-0.0313858063297745,North America,Cold - Warm Summer,-72.97889,46.65417,CWS,time_unique_adjusted_r2
1776,spatial_spd,unique_adjusted_r2,time,0.096525771815546,North America,Temperate,-81.87499,29.29299,TMP,time_unique_adjusted_r2
4092,spatial_spd,unique_adjusted_r2,time,0.11908863251559998,Europe,Cold - Cold Summer,24.25122,60.62404,CCS,time_unique_adjusted_r2
18110,spatial_spd,unique_adjusted_r2,time,0.0713549674381343,North America,Cold - Warm Summer,-64.93446,43.86933,CWS,time_unique_adjusted_r2
3839,spatial_spd,unique_adjusted_r2,time,0.1812683005511475,North America,Cold - Warm Summer,-77.43333,45.03333,CWS,time_unique_adjusted_r2
2048,spatial_spd,unique_adjusted_r2,time,0.1063668424388986,North America,Cold - Warm Summer,-71.325,45.67083,CWS,time_unique_adjusted_r2
302,spatial_spd,unique_adjusted_r2,time,0.4451932558324947,North America,Cold - Cold Summer,-119.43333,55.575,CCS,time_unique_adjusted_r2
15103,spatial_spd,unique_adjusted_r2,time,0.08863416191259144,Latin America,Temperate - Dry Summer,-71.51314,-41.5129,TDS,time_unique_adjusted_r2
1391,spatial_spd,unique_adjusted_r2,time,-0.034382381694729514,North America,Cold - Warm Summer,-58.24,48.24,CWS,time_unique_adjusted_r2
208,spatial_spd,unique_adjusted_r2,time,0.1791824810989816,North America,Polar,-153.9,67.13333,POL,time_unique_adjusted_r2
24053,spatial_spd,unique_adjusted_r2,time,0.4239737960127249,Europe,Cold - Cold Summer,11.48973,46.64372,CCS,time_unique_adjusted_r2
1862,spatial_spd,unique_adjusted_r2,time,0.06039490331977637,North America,Cold - Warm Summer,-88.74,48.56,CWS,time_unique_adjusted_r2
15244,spatial_spd,unique_adjusted_r2,time,0.14275797556842185,North America,Cold - Hot Summer,-86.85559,41.61117,CHS,time_unique_adjusted_r2
2297,spatial_spd,unique_adjusted_r2,time,0.07581302128270517,North America,Polar,-95.28333,73.13333,POL,time_unique_adjusted_r2
1883,spatial_spd,unique_adjusted_r2,time,-0.018389891925036483,North America,Cold - Warm Summer,-92,49.48,CWS,time_unique_adjusted_r2
3149,spatial_spd,unique_adjusted_r2,time,0.11840249406970771,North America,Cold - Cold Summer,-123.64667,60.35667,CCS,time_unique_adjusted_r2
701,spatial_spd,unique_adjusted_r2,time,0.02671236703712876,North America,Cold - Cold Summer,-110.23333,43.93333,CCS,time_unique_adjusted_r2
3840,spatial_spd,unique_adjusted_r2,time,0.17991658151475287,North America,Temperate,-80.77947,34.16459,TMP,time_unique_adjusted_r2
20223,spatial_spd,unique_adjusted_r2,time,0.1423834288527004,Europe,Cold - Warm Summer,13.92972,50.12944,CWS,time_unique_adjusted_r2
42649,spatial_spd,unique_adjusted_r2,time,-0.01825556779277937,Europe,Temperate,9.00032,47.68985,TMP,time_unique_adjusted_r2
2324,spatial_spd,unique_adjusted_r2,time,-0.026739110695480628,North America,Cold - Cold Summer,-147.85,67.43333,CCS,time_unique_adjusted_r2
1698,spatial_spd,unique_adjusted_r2,time,0.015086158492173984,North America,Cold - Warm Summer,-68.73333,45.04167,CWS,time_unique_adjusted_r2
15081,spatial_spd,unique_adjusted_r2,time,0.07754940161916224,North America,Temperate,-85.7263,37.43148,TMP,time_unique_adjusted_r2
16217,spatial_spd,unique_adjusted_r2,time,0.20986023706095558,Europe,Temperate,-6.77814,53.81603,TMP,time_unique_adjusted_r2
41016,spatial_spd,unique_adjusted_r2,time,0.011120574214722123,North America,Cold - Hot Summer,-73.451,41.304,CHS,time_unique_adjusted_r2
21772,spatial_spd,unique_adjusted_r2,time,0.14892487833295398,North America,Temperate,-127.26283,50.60705,TMP,time_unique_adjusted_r2
41448,spatial_spd,unique_adjusted_r2,time,0.12766547693942154,Europe,Cold - Cold Summer,7.33143,46.39684,CCS,time_unique_adjusted_r2
1571,spatial_spd,unique_adjusted_r2,time,0.21468409346899675,North America,Cold - Warm Summer,-79.11667,47.2875,CWS,time_unique_adjusted_r2
24861,spatial_spd,unique_adjusted_r2,time,-0.007803414134576636,Europe,Temperate,-0.86056,47.41361,TMP,time_unique_adjusted_r2
21895,spatial_spd,unique_adjusted_r2,time,-0.010902165824369203,Latin America,Tropical,-77.1432,2.0024,TRO,time_unique_adjusted_r2
22656,spatial_spd,unique_adjusted_r2,time,0.14736061400142386,Europe,Cold - Warm Summer,19.55637,49.44642,CWS,time_unique_adjusted_r2
2661,spatial_spd,unique_adjusted_r2,time,0.06513287629858466,North America,Cold - Cold Summer,-133.45,69.05,CCS,time_unique_adjusted_r2
47604,spatial_spd,unique_adjusted_r2,time,0.2881321745991914,Europe,Polar,7.35751,46.15006,POL,time_unique_adjusted_r2
1617,spatial_spd,unique_adjusted_r2,time,0.15473613431665134,North America,Cold - Cold Summer,-135.51417,65.94222,CCS,time_unique_adjusted_r2
48960,spatial_spd,unique_adjusted_r2,time,0.15014645555623818,Europe,Temperate,2.64556,45.33944,TMP,time_unique_adjusted_r2
22944,spatial_spd,unique_adjusted_r2,time,0.27380006814556146,Europe,Cold - Warm Summer,20.20581,53.75192,CWS,time_unique_adjusted_r2
346,spatial_spd,unique_adjusted_r2,time,0.05261230706947895,North America,Cold - Warm Summer,-72.99861,46.61389,CWS,time_unique_adjusted_r2
15762,spatial_spd,unique_adjusted_r2,time,-0.06767077380002273,North America,Cold - Dry Summer,-120.21177,41.97585,CDS,time_unique_adjusted_r2
2629,spatial_spd,unique_adjusted_r2,time,0.23817664789174142,North America,Cold - Warm Summer,-70.05833,41.275,CWS,time_unique_adjusted_r2
17419,spatial_spd,unique_adjusted_r2,time,-0.041782121054321775,North America,Cold - Cold Summer,-106.45186,37.02099,CCS,time_unique_adjusted_r2
3043,spatial_spd,unique_adjusted_r2,time,-0.002829736044120512,Oceania,Temperate,147.30056,-42.54361,TMP,time_unique_adjusted_r2
45391,spatial_spd,unique_adjusted_r2,time,0.13147538357029465,Europe,Cold - Warm Summer,27.05833,57.80833,CWS,time_unique_adjusted_r2
40951,spatial_spd,unique_adjusted_r2,time,0.0411010553999519,Europe,Cold - Warm Summer,8.198,47.80425,CWS,time_unique_adjusted_r2
22966,spatial_spd,unique_adjusted_r2,time,0.146504986808906,Europe,Cold - Warm Summer,7.735,46.82194,CWS,time_unique_adjusted_r2
3035,spatial_spd,unique_adjusted_r2,time,0.028832617909765323,North America,Cold - Warm Summer,-90.08333,45.33333,CWS,time_unique_adjusted_r2
47110,spatial_spd,unique_adjusted_r2,time,0.09574909646196161,Oceania,Temperate,145.95589,-41.66993,TMP,time_unique_adjusted_r2
1154,spatial_spd,unique_adjusted_r2,time,0.24029656664727994,Latin America,Temperate - Dry Winter,-45.53333,-22.78333,TDW,time_unique_adjusted_r2
47555,spatial_spd,unique_adjusted_r2,time,0.16858990684282327,North America,Temperate,-91.09082,36.79864,TMP,time_unique_adjusted_r2
527,spatial_spd,unique_adjusted_r2,time,0.0030517731278649762,North America,Cold - Dry Summer,-146.48333,68.33333,CDS,time_unique_adjusted_r2
46280,spatial_spd,unique_adjusted_r2,time,0.05749982782342766,Europe,Cold - Warm Summer,7.48381,47.02139,CWS,time_unique_adjusted_r2
21913,spatial_spd,unique_adjusted_r2,time,0.2949670347751855,Latin America,Tropical,-76.78055,2.43268,TRO,time_unique_adjusted_r2
971,spatial_spd,unique_adjusted_r2,time,-0.012058346932923292,North America,Cold - Warm Summer,-69.31667,44.98333,CWS,time_unique_adjusted_r2
1440,spatial_spd,unique_adjusted_r2,time,0.022883508702111532,Europe,Arid,32.61667,46.51667,ARD,time_unique_adjusted_r2
45319,spatial_spd,unique_adjusted_r2,time,0.06120554395914424,Europe,Arid,32.61667,46.51667,ARD,time_unique_adjusted_r2
45320,spatial_spd,unique_adjusted_r2,time,0.02550204041212467,Europe,Arid,32.61667,46.51667,ARD,time_unique_adjusted_r2
48816,spatial_spd,unique_adjusted_r2,time,0.307312508948387,North America,Cold - Warm Summer,-86.79965,46.33032,CWS,time_unique_adjusted_r2
42683,spatial_spd,unique_adjusted_r2,time,0.015846962658414454,Europe,Cold - Warm Summer,8.45764,48.71718,CWS,time_unique_adjusted_r2
21818,spatial_spd,unique_adjusted_r2,time,0.05818394338088617,Latin America,Polar,-74.3011,3.95173,POL,time_unique_adjusted_r2
15276,spatial_spd,unique_adjusted_r2,time,0.021581850183108098,North America,Temperate,-127.75256,50.16625,TMP,time_unique_adjusted_r2
2626,spatial_spd,unique_adjusted_r2,time,0.016327860576428876,North America,Cold - Warm Summer,-75.27217,41.03345,CWS,time_unique_adjusted_r2
2591,spatial_spd,unique_adjusted_r2,time,0.094512681173263835,North America,Cold - Warm Summer,-76.35,41.67389,CWS,time_unique_adjusted_r2
4239,spatial_spd,unique_adjusted_r2,time,0.03502019316613303,Europe,Cold - Cold Summer,29.61124,65.61709,CCS,time_unique_adjusted_r2
2367,spatial_spd,unique_adjusted_r2,time,0.09039243449877277,North America,Cold - Cold Summer,-67.13194,50.14028,CCS,time_unique_adjusted_r2
45343,spatial_spd,unique_adjusted_r2,time,0.08894251337609671,Europe,Cold - Cold Summer,8.87778,63.35139,CCS,time_unique_adjusted_r2
26319,spatial_spd,unique_adjusted_r2,time,0.05013380805878087,Europe,Cold - Cold Summer,11.00155,47.21091,CCS,time_unique_adjusted_r2
684,spatial_spd,unique_adjusted_r2,time,0.05392477670710183,North America,Cold - Hot Summer,-89.7385,43.4083,CHS,time_unique_adjusted_r2
19909,spatial_spd,unique_adjusted_r2,time,0.11206110879789788,Europe,Cold - Cold Summer,16.40472,61.82125,CCS,time_unique_adjusted_r2
45329,spatial_spd,unique_adjusted_r2,time,0.08608470798478562,Europe,Cold - Warm Summer,11.61778,59.05972,CWS,time_unique_adjusted_r2
26505,spatial_spd,unique_adjusted_r2,time,0.0038113930371581617,Europe,Cold - Warm Summer,12.04055,47.50844,CWS,time_unique_adjusted_r2
1523,spatial_spd,unique_adjusted_r2,time,0.3298740673220597,North America,Temperate,-121.61667,48.23333,TMP,time_unique_adjusted_r2
1590,spatial_spd,unique_adjusted_r2,time,0.029576087320263178,North America,Cold - Cold Summer,-74.58333,49.68333,CCS,time_unique_adjusted_r2
24110,spatial_spd,unique_adjusted_r2,time,0.26328483418903637,Europe,Cold - Warm Summer,16.05602,58.02114,CWS,time_unique_adjusted_r2
43513,spatial_spd,unique_adjusted_r2,time,0.4051812916625094,Europe,Cold - Cold Summer,9.80624,46.46994,CCS,time_unique_adjusted_r2
813,spatial_spd,unique_adjusted_r2,time,-0.027583381368173177,North America,Cold - Hot Summer,-81.33901,41.19133,CHS,time_unique_adjusted_r2
16016,spatial_spd,unique_adjusted_r2,time,2.415968939635249e-4,North America,Arid,-120.2745,40.5619,ARD,time_unique_adjusted_r2
298,spatial_spd,unique_adjusted_r2,time,-0.06773494545624548,North America,Cold - Warm Summer,-95.16335,47.177,CWS,time_unique_adjusted_r2
782,spatial_spd,unique_adjusted_r2,time,0.1380737994472343,North America,Cold - Warm Summer,-62.15,46.40833,CWS,time_unique_adjusted_r2
15831,spatial_spd,unique_adjusted_r2,time,0.14496721241896804,North America,Temperate,-83.107,32.555,TMP,time_unique_adjusted_r2
48624,spatial_spd,unique_adjusted_r2,time,0.07500330446778647,Latin America,Temperate - Dry Summer,-71.5233,-44.2797,TDS,time_unique_adjusted_r2
1770,spatial_spd,unique_adjusted_r2,time,0.05883900056453928,North America,Cold - Cold Summer,-94.25,51.38333,CCS,time_unique_adjusted_r2
4517,spatial_spd,unique_adjusted_r2,time,-0.019327011620152934,Europe,Cold - Warm Summer,16.21208,50.60387,CWS,time_unique_adjusted_r2
4398,spatial_spd,unique_adjusted_r2,time,0.46801252007634875,Europe,Cold - Warm Summer,17.35631,52.54984,CWS,time_unique_adjusted_r2
22849,spatial_spd,unique_adjusted_r2,time,0.11508767644082052,Europe,Cold - Warm Summer,14.60637,53.96802,CWS,time_unique_adjusted_r2
24356,spatial_spd,unique_adjusted_r2,time,-0.03533522636490971,Europe,Temperate,21.32222,40.55194,TMP,time_unique_adjusted_r2
1701,spatial_spd,unique_adjusted_r2,time,-0.02135722278238794,North America,Cold - Warm Summer,-80.65972,43.225,CWS,time_unique_adjusted_r2
1707,spatial_spd,unique_adjusted_r2,time,0.062459200774519164,North America,Cold - Cold Summer,-110.23333,44.15,CCS,time_unique_adjusted_r2
23006,spatial_spd,unique_adjusted_r2,time,0.1821666574894052,Europe,Cold - Warm Summer,28,51.16061,CWS,time_unique_adjusted_r2
4154,spatial_spd,unique_adjusted_r2,time,0.05570937824533573,Europe,Cold - Warm Summer,17.28472,54.70694,CWS,time_unique_adjusted_r2
1761,spatial_spd,unique_adjusted_r2,time,0.0632381603004959,North America,Cold - Cold Summer,-107.68516,37.74574,CCS,time_unique_adjusted_r2
40582,spatial_spd,unique_adjusted_r2,time,0.5179890840168946,Europe,Polar,8.02556,46.38972,POL,time_unique_adjusted_r2
15130,spatial_spd,unique_adjusted_r2,time,0.027900126075642517,Latin America,Temperate,-71.56608,-43.44371,TMP,time_unique_adjusted_r2
4041,spatial_spd,unique_adjusted_r2,time,0.035389607024205016,Europe,Cold - Cold Summer,6.16444,59.69702,CCS,time_unique_adjusted_r2
22812,spatial_spd,unique_adjusted_r2,time,0.27387568263624085,Europe,Cold - Warm Summer,25.89735,46.12662,CWS,time_unique_adjusted_r2
363,spatial_spd,unique_adjusted_r2,time,0.37077033240243185,Europe,Cold - Warm Summer,26.43333,53.41667,CWS,time_unique_adjusted_r2
1646,spatial_spd,unique_adjusted_r2,time,0.15704172746431022,Latin America,Polar,-75.21667,-11.78333,POL,time_unique_adjusted_r2
1679,spatial_spd,unique_adjusted_r2,time,0.1740741394109292,Latin America,Polar,-75,-11.66667,POL,time_unique_adjusted_r2
1829,spatial_spd,unique_adjusted_r2,time,-0.060007060683421765,North America,Cold - Warm Summer,-89.32389,48.42222,CWS,time_unique_adjusted_r2
3558,spatial_spd,unique_adjusted_r2,time,0.28067897631818295,North America,Cold - Hot Summer,-93.63376,45.03387,CHS,time_unique_adjusted_r2
14948,spatial_spd,unique_adjusted_r2,time,0.029907952468795407,North America,Polar,-61.65087,66.62137,POL,time_unique_adjusted_r2
41399,spatial_spd,unique_adjusted_r2,time,0.12455873843036414,Europe,Cold - Warm Summer,10.30419,51.67243,CWS,time_unique_adjusted_r2
1670,spatial_spd,unique_adjusted_r2,time,0.18658553018454704,North America,Temperate,-131.76501,52.94582,TMP,time_unique_adjusted_r2
1393,spatial_spd,unique_adjusted_r2,time,-0.0034468274190445625,North America,Cold - Cold Summer,-71.16278,47.25778,CCS,time_unique_adjusted_r2
42570,spatial_spd,unique_adjusted_r2,time,0.028844513993807275,Europe,Cold - Warm Summer,8.63721,48.72783,CWS,time_unique_adjusted_r2
46611,spatial_spd,unique_adjusted_r2,time,-0.02512906793779668,North America,Cold - Cold Summer,-106.33846,41.43222,CCS,time_unique_adjusted_r2
1763,spatial_spd,unique_adjusted_r2,time,-0.01788699063918231,North America,Cold - Warm Summer,-69.3,43.76667,CWS,time_unique_adjusted_r2
19901,spatial_spd,unique_adjusted_r2,time,0.16589567984387577,Europe,Cold - Warm Summer,14.44777,52.13391,CWS,time_unique_adjusted_r2
1980,spatial_spd,unique_adjusted_r2,time,0.044077154621589454,North America,Cold - Warm Summer,-78.46667,42.62222,CWS,time_unique_adjusted_r2
20001,spatial_spd,unique_adjusted_r2,time,0.1829848807209954,North America,Temperate - Dry Summer,-122.8844,47.93322,TDS,time_unique_adjusted_r2
973,spatial_spd,unique_adjusted_r2,time,0.0650569955182545,North America,Cold - Warm Summer,-77.35,45.18333,CWS,time_unique_adjusted_r2
1658,spatial_spd,unique_adjusted_r2,time,-0.02401061798895021,North America,Cold - Warm Summer,-71.70111,44.14,CWS,time_unique_adjusted_r2
22367,spatial_spd,unique_adjusted_r2,time,0.06832216241862987,Europe,Polar,20.078,49.15199,POL,time_unique_adjusted_r2
4545,spatial_spd,unique_adjusted_r2,time,-0.07346340015788022,Europe,Cold - Warm Summer,14.34266,49.07111,CWS,time_unique_adjusted_r2
15247,spatial_spd,unique_adjusted_r2,time,5.739226944412312e-5,Latin America,Temperate - Dry Winter,-73.33754,-13.62495,TDW,time_unique_adjusted_r2
15356,spatial_spd,unique_adjusted_r2,time,0.11763616948746602,North America,Cold - Cold Summer,-105.722,35.832,CCS,time_unique_adjusted_r2
14556,spatial_spd,unique_adjusted_r2,time,0.0625687095341988,Europe,Temperate,-9.48283,52.03879,TMP,time_unique_adjusted_r2
48777,spatial_spd,unique_adjusted_r2,time,0.10712109436690709,Europe,Temperate,8.77929,53.65498,TMP,time_unique_adjusted_r2
3054,spatial_spd,unique_adjusted_r2,time,-0.0035554931909153042,North America,Arid,-105.74761,37.70644,ARD,time_unique_adjusted_r2
776,spatial_spd,unique_adjusted_r2,time,-0.0024309879247444988,North America,Cold - Warm Summer,-71.66667,44.16667,CWS,time_unique_adjusted_r2
1880,spatial_spd,unique_adjusted_r2,time,0.1905900261754201,Latin America,Temperate,-74.41667,-49.13333,TMP,time_unique_adjusted_r2
4311,spatial_spd,unique_adjusted_r2,time,0.04105942057729206,Europe,Temperate,2.62278,45.45194,TMP,time_unique_adjusted_r2
48976,spatial_spd,unique_adjusted_r2,time,0.018190693124573776,Europe,Temperate,2.62278,45.45194,TMP,time_unique_adjusted_r2
3482,spatial_spd,unique_adjusted_r2,time,-0.017669200139498464,North America,Cold - Warm Summer,-91.11546,48.13873,CWS,time_unique_adjusted_r2
15185,spatial_spd,unique_adjusted_r2,time,0.0851964817876616,North America,Cold - Cold Summer,-154.24697,67.06911,CCS,time_unique_adjusted_r2
21580,spatial_spd,unique_adjusted_r2,time,0.10874816021528755,Latin America,Tropical,-67.88893,-14.50063,TRO,time_unique_adjusted_r2
42681,spatial_spd,unique_adjusted_r2,time,0.1428534465034932,Europe,Cold - Warm Summer,8.34727,48.57351,CWS,time_unique_adjusted_r2
24319,spatial_spd,unique_adjusted_r2,time,0.062198880148065294,Europe,Cold - Cold Summer,7.845,46.19556,CCS,time_unique_adjusted_r2
15734,spatial_spd,unique_adjusted_r2,time,-0.026440851246616548,North America,Cold - Dry Summer,-120.66752,39.69878,CDS,time_unique_adjusted_r2
691,spatial_spd,unique_adjusted_r2,time,0.05097489821219636,North America,Cold - Cold Summer,-66.125,48.91083,CCS,time_unique_adjusted_r2
860,spatial_spd,unique_adjusted_r2,time,0.04910109327897538,North America,Cold - Warm Summer,-87.73333,44.05,CWS,time_unique_adjusted_r2
22745,spatial_spd,unique_adjusted_r2,time,0.19569681018830154,Europe,Cold - Cold Summer,-3.8,57.08333,CCS,time_unique_adjusted_r2
24321,spatial_spd,unique_adjusted_r2,time,0.14297002091081468,Europe,Cold - Warm Summer,7.99167,46.34111,CWS,time_unique_adjusted_r2
1604,spatial_spd,unique_adjusted_r2,time,0.02749848321159709,North America,Polar,-98.53889,73.59139,POL,time_unique_adjusted_r2
45349,spatial_spd,unique_adjusted_r2,time,0.0057740382005954105,Europe,Cold - Cold Summer,9.87667,61.64917,CCS,time_unique_adjusted_r2
294,spatial_spd,unique_adjusted_r2,time,0.20150977163013706,Latin America,Temperate,-49.15,-27.7,TMP,time_unique_adjusted_r2
21917,spatial_spd,unique_adjusted_r2,time,0.05622418782151206,Latin America,Polar,-74.16112,3.97973,POL,time_unique_adjusted_r2
24042,spatial_spd,unique_adjusted_r2,time,0.31721923815254116,Europe,Cold - Warm Summer,12.54137,49.60793,CWS,time_unique_adjusted_r2
48984,spatial_spd,unique_adjusted_r2,time,0.14217881873847482,Europe,Cold - Warm Summer,6.59417,44.91889,CWS,time_unique_adjusted_r2
672,spatial_spd,unique_adjusted_r2,time,0.0685256513027479,North America,Cold - Warm Summer,-80.36667,43.23333,CWS,time_unique_adjusted_r2
15732,spatial_spd,unique_adjusted_r2,time,-0.04818511908541778,North America,Cold - Warm Summer,-75.88531,44.33091,CWS,time_unique_adjusted_r2
45713,spatial_spd,unique_adjusted_r2,time,0.04687619429088641,Europe,Cold - Cold Summer,7.2514,59.79573,CCS,time_unique_adjusted_r2
1390,spatial_spd,unique_adjusted_r2,time,-0.014068390975124467,North America,Cold - Cold Summer,-157.21667,66.76667,CCS,time_unique_adjusted_r2
2671,spatial_spd,unique_adjusted_r2,time,-0.03902967581261896,North America,Cold - Cold Summer,-65.76278,49.15778,CCS,time_unique_adjusted_r2
16075,spatial_spd,unique_adjusted_r2,time,0.07098342093616472,North America,Cold - Dry Summer,-122.1965,41.6343,CDS,time_unique_adjusted_r2
4367,spatial_spd,unique_adjusted_r2,time,0.38741477515286404,Europe,Cold - Warm Summer,-3.01667,42.03333,CWS,time_unique_adjusted_r2
19820,spatial_spd,unique_adjusted_r2,time,0.19203377958814905,North America,Temperate - Dry Summer,-122.90448,48.60335,TDS,time_unique_adjusted_r2
22894,spatial_spd,unique_adjusted_r2,time,0.10844501526449246,Europe,Cold - Cold Summer,23.53957,47.80747,CCS,time_unique_adjusted_r2
2645,spatial_spd,unique_adjusted_r2,time,0.02429997150769947,North America,Cold - Hot Summer,-71.03333,41.95,CHS,time_unique_adjusted_r2
22890,spatial_spd,unique_adjusted_r2,time,0.14217439168407464,Europe,Cold - Warm Summer,7.68611,46.85083,CWS,time_unique_adjusted_r2
253,spatial_spd,unique_adjusted_r2,time,0.2763822660413674,North America,Cold - Cold Summer,-127.48333,65.01667,CCS,time_unique_adjusted_r2
2647,spatial_spd,unique_adjusted_r2,time,0.025085386725023473,North America,Cold - Cold Summer,-114.60076,50.81468,CCS,time_unique_adjusted_r2
13097,spatial_spd,unique_adjusted_r2,time,-0.04264504271138014,North America,Cold - Warm Summer,-89.32331,46.21253,CWS,time_unique_adjusted_r2
15789,spatial_spd,unique_adjusted_r2,time,0.07539999929429853,North America,Polar,-120.453,73.4658,POL,time_unique_adjusted_r2
221,spatial_spd,unique_adjusted_r2,time,-0.046625547706696135,North America,Cold - Warm Summer,-79.51,45.38,CWS,time_unique_adjusted_r2
15132,spatial_spd,unique_adjusted_r2,time,0.0400996725580266,Latin America,Temperate,-71.49835,-41.07352,TMP,time_unique_adjusted_r2
1814,spatial_spd,unique_adjusted_r2,time,0.034031579370704224,North America,Cold - Warm Summer,-70.20833,41.28333,CWS,time_unique_adjusted_r2
22936,spatial_spd,unique_adjusted_r2,time,0.31200523076921405,Europe,Cold - Warm Summer,17.17028,46.77444,CWS,time_unique_adjusted_r2
3041,spatial_spd,unique_adjusted_r2,time,-0.013875077151903392,North America,Cold - Warm Summer,-80.4,43.9,CWS,time_unique_adjusted_r2
24057,spatial_spd,unique_adjusted_r2,time,0.11621586627116465,Europe,Polar,11.43005,46.66528,POL,time_unique_adjusted_r2
1630,spatial_spd,unique_adjusted_r2,time,0.2079964791017357,Oceania,Temperate,149.37407,-35.19934,TMP,time_unique_adjusted_r2
2622,spatial_spd,unique_adjusted_r2,time,0.22083894061681375,North America,Cold - Cold Summer,-132.01667,67.65,CCS,time_unique_adjusted_r2
40875,spatial_spd,unique_adjusted_r2,time,-0.006844587313122097,North America,Cold - Warm Summer,-73.439,42.1062,CWS,time_unique_adjusted_r2
2888,spatial_spd,unique_adjusted_r2,time,0.007356335963022431,North America,Cold - Warm Summer,-95.30694,46.18444,CWS,time_unique_adjusted_r2
17400,spatial_spd,unique_adjusted_r2,time,-0.016812349585803466,North America,Polar,-121.44339,69.07635,POL,time_unique_adjusted_r2
24190,spatial_spd,unique_adjusted_r2,time,0.2620549340841267,Europe,Cold - Cold Summer,8.02306,46.2525,CCS,time_unique_adjusted_r2
20034,spatial_spd,unique_adjusted_r2,time,0.16742598219993243,Europe,Cold - Cold Summer,20.71667,69.16667,CCS,time_unique_adjusted_r2
1030,spatial_spd,unique_adjusted_r2,time,0.14620598081890068,North America,Cold - Cold Summer,-110.6,43.75,CCS,time_unique_adjusted_r2
1961,spatial_spd,unique_adjusted_r2,time,-0.02208554609543545,North America,Cold - Warm Summer,-70.35,44.03333,CWS,time_unique_adjusted_r2
41025,spatial_spd,unique_adjusted_r2,time,0.11974635429965874,North America,Cold - Hot Summer,-70.883,42.4819,CHS,time_unique_adjusted_r2
2644,spatial_spd,unique_adjusted_r2,time,0.2706191846863575,North America,Cold - Dry Summer,-119.25833,37.90833,CDS,time_unique_adjusted_r2
1897,spatial_spd,unique_adjusted_r2,time,0.2643427499593165,North America,Cold - Hot Summer,-93.9,42.16,CHS,time_unique_adjusted_r2
2378,spatial_spd,unique_adjusted_r2,time,0.07580973993532569,North America,Cold - Warm Summer,-72.58472,45.35889,CWS,time_unique_adjusted_r2
1650,spatial_spd,unique_adjusted_r2,time,0.21642266321030734,North America,Cold - Cold Summer,-56.43333,52.45,CCS,time_unique_adjusted_r2
15309,spatial_spd,unique_adjusted_r2,time,0.04832738906595746,North America,Cold - Warm Summer,-84.85905,46.34522,CWS,time_unique_adjusted_r2
355,spatial_spd,unique_adjusted_r2,time,-8.298866609487421e-4,Latin America,Polar,-68.15,-16.36667,POL,time_unique_adjusted_r2
2351,spatial_spd,unique_adjusted_r2,time,0.1327230444473061,North America,Cold - Cold Summer,-151.41667,67.58333,CCS,time_unique_adjusted_r2
46457,spatial_spd,unique_adjusted_r2,time,0.033703103071833884,Europe,Cold - Cold Summer,29.14831,60.68702,CCS,time_unique_adjusted_r2
1656,spatial_spd,unique_adjusted_r2,time,0.16019675524253485,North America,Cold - Cold Summer,-112.48083,54.72528,CCS,time_unique_adjusted_r2
3031,spatial_spd,unique_adjusted_r2,time,0.13654049881973784,North America,Cold - Hot Summer,-93.57713,45.00181,CHS,time_unique_adjusted_r2
41222,spatial_spd,unique_adjusted_r2,time,0.09690906718119896,Europe,Temperate,-1.72583,50.82778,TMP,time_unique_adjusted_r2
23008,spatial_spd,unique_adjusted_r2,time,0.4575404090062637,Europe,Cold - Warm Summer,24.63324,50.3413,CWS,time_unique_adjusted_r2
20306,spatial_spd,unique_adjusted_r2,time,-0.0745233818907487,North America,Arid,-110.82347,45.25707,ARD,time_unique_adjusted_r2
543,spatial_spd,unique_adjusted_r2,time,0.01418806611511203,North America,Cold - Cold Summer,-110.6,44.65,CCS,time_unique_adjusted_r2
4147,spatial_spd,unique_adjusted_r2,time,-0.05562655291459051,Europe,Temperate,21.56513,40.59702,TMP,time_unique_adjusted_r2
17406,spatial_spd,unique_adjusted_r2,time,0.09952830853962169,North America,Cold - Warm Summer,-88.86157,46.61375,CWS,time_unique_adjusted_r2
48935,spatial_spd,unique_adjusted_r2,time,0.2023749799702309,Europe,Arid,-3.93936,41.95209,ARD,time_unique_adjusted_r2
40861,spatial_spd,unique_adjusted_r2,time,0.10045866095331024,North America,Cold - Hot Summer,-72.5127,42.5656,CHS,time_unique_adjusted_r2
39474,spatial_spd,unique_adjusted_r2,time,-0.04614855584829669,North America,Cold - Warm Summer,-69.06376,46.31685,CWS,time_unique_adjusted_r2
48361,spatial_spd,unique_adjusted_r2,time,-0.060921175914483094,North America,Cold - Dry Summer,-150.89721,60.5885,CDS,time_unique_adjusted_r2
25,spatial_spd,unique_adjusted_r2,time,0.07546370483535769,North America,Cold - Cold Summer,-57.03333,52.51667,CCS,time_unique_adjusted_r2
1107,spatial_spd,unique_adjusted_r2,time,0.17593676388115764,North America,Polar,-138.4,64.63333,POL,time_unique_adjusted_r2
14289,spatial_spd,unique_adjusted_r2,time,0.2685879632250643,Europe,Temperate,-10.16866,52.19109,TMP,time_unique_adjusted_r2
25767,spatial_spd,unique_adjusted_r2,time,0.05252922686055994,Europe,Polar,11.16667,47.08333,POL,time_unique_adjusted_r2
22678,spatial_spd,unique_adjusted_r2,time,0.4774210293540172,Europe,Cold - Warm Summer,-3.04588,42.04363,CWS,time_unique_adjusted_r2
16231,spatial_spd,unique_adjusted_r2,time,0.19764124434868469,North America,Cold - Warm Summer,-77.34,46.03,CWS,time_unique_adjusted_r2
2590,spatial_spd,unique_adjusted_r2,time,0.31719272529247666,North America,Cold - Cold Summer,-119.58333,55.51139,CCS,time_unique_adjusted_r2
17381,spatial_spd,unique_adjusted_r2,time,0.04443977892693318,North America,Cold - Cold Summer,-145.54198,63.98555,CCS,time_unique_adjusted_r2
2599,spatial_spd,unique_adjusted_r2,time,0.004138576197701416,North America,Cold - Dry Summer,-119.0675,37.6625,CDS,time_unique_adjusted_r2
4397,spatial_spd,unique_adjusted_r2,time,0.3573843006049259,Europe,Cold - Warm Summer,17.35631,52.54984,CWS,time_unique_adjusted_r2
15292,spatial_spd,unique_adjusted_r2,time,-0.019982664218298973,North America,Cold - Warm Summer,-78.05134,43.08732,CWS,time_unique_adjusted_r2
15306,spatial_spd,unique_adjusted_r2,time,0.12618503456905017,Latin America,Polar,-71.88616,-52.03906,POL,time_unique_adjusted_r2
3500,spatial_spd,unique_adjusted_r2,time,0.07377424727228654,North America,Temperate,-97.11667,30.36667,TMP,time_unique_adjusted_r2
4330,spatial_spd,unique_adjusted_r2,time,-0.048902755521933905,Europe,Cold - Warm Summer,10.21472,44.29861,CWS,time_unique_adjusted_r2
2476,spatial_spd,unique_adjusted_r2,time,0.15036201926104298,North America,Cold - Cold Summer,-133.58333,69.28333,CCS,time_unique_adjusted_r2
21700,spatial_spd,unique_adjusted_r2,time,0.09115752832848889,Latin America,Temperate,-76.70941,2.36575,TMP,time_unique_adjusted_r2
2382,spatial_spd,unique_adjusted_r2,time,-0.056951728962888915,North America,Cold - Warm Summer,-81.41667,45.15,CWS,time_unique_adjusted_r2
24593,spatial_spd,unique_adjusted_r2,time,0.0011319561700876557,Europe,Temperate,-0.41639,47.96944,TMP,time_unique_adjusted_r2
2343,spatial_spd,unique_adjusted_r2,time,-0.011906186139105879,North America,Cold - Warm Summer,-74.39583,46.17194,CWS,time_unique_adjusted_r2
4501,spatial_spd,unique_adjusted_r2,time,-0.015289191073925457,Europe,Cold - Cold Summer,13.9,47.17222,CCS,time_unique_adjusted_r2
41756,spatial_spd,unique_adjusted_r2,time,-0.019717887835382086,Europe,Cold - Cold Summer,13.9,47.17222,CCS,time_unique_adjusted_r2
22689,spatial_spd,unique_adjusted_r2,time,0.3146385734472654,Europe,Cold - Warm Summer,13.05639,52.52444,CWS,time_unique_adjusted_r2
20883,spatial_spd,unique_adjusted_r2,time,0.7775617735819921,North America,Cold - Dry Summer,-114.68645,46.51545,CDS,time_unique_adjusted_r2
15136,spatial_spd,unique_adjusted_r2,time,-0.04811881814028285,North America,Cold - Warm Summer,-98.95643,48.06397,CWS,time_unique_adjusted_r2
20616,spatial_spd,unique_adjusted_r2,time,0.08986405616718951,North America,Cold - Cold Summer,-107.34939,39.7626,CCS,time_unique_adjusted_r2
3926,spatial_spd,unique_adjusted_r2,time,-0.047564102226795524,Europe,Polar,23.52349,41.73224,POL,time_unique_adjusted_r2
45379,spatial_spd,unique_adjusted_r2,time,-0.00404433825702577,Europe,Cold - Warm Summer,24.43111,59.175,CWS,time_unique_adjusted_r2
21770,spatial_spd,unique_adjusted_r2,time,0.10476327606401159,North America,Temperate,-132.97333,53.53167,TMP,time_unique_adjusted_r2
25773,spatial_spd,unique_adjusted_r2,time,0.149092651062936,Europe,Cold - Warm Summer,12.35416,47.47138,CWS,time_unique_adjusted_r2
4256,spatial_spd,unique_adjusted_r2,time,0.13414485526695763,Europe,Temperate - Dry Summer,12.31566,42.11227,TDS,time_unique_adjusted_r2
1782,spatial_spd,unique_adjusted_r2,time,0.1602626188790488,North America,Cold - Hot Summer,-95.51333,39.53,CHS,time_unique_adjusted_r2
2620,spatial_spd,unique_adjusted_r2,time,-0.02499796031301349,North America,Arid,-102.51851,41.71443,ARD,time_unique_adjusted_r2
4024,spatial_spd,unique_adjusted_r2,time,0.013178826949832523,Europe,Cold - Cold Summer,13.86667,47.16667,CCS,time_unique_adjusted_r2
489,spatial_spd,unique_adjusted_r2,time,0.12994956652998524,North America,Cold - Hot Summer,-93.47756,43.109,CHS,time_unique_adjusted_r2
24256,spatial_spd,unique_adjusted_r2,time,-0.05534568176978172,Europe,Cold - Warm Summer,14.60392,49.22231,CWS,time_unique_adjusted_r2
1716,spatial_spd,unique_adjusted_r2,time,0.08909472614905178,North America,Cold - Warm Summer,-72.83778,46.78778,CWS,time_unique_adjusted_r2
26431,spatial_spd,unique_adjusted_r2,time,0.30898696109227064,Europe,Cold - Warm Summer,13.27474,47.8042,CWS,time_unique_adjusted_r2
17296,spatial_spd,unique_adjusted_r2,time,0.20322210678766162,North America,Cold - Cold Summer,-113.6522,42.3189,CCS,time_unique_adjusted_r2
19266,spatial_spd,unique_adjusted_r2,time,-0.017340904286676007,North America,Polar,-171.61263,63.63742,POL,time_unique_adjusted_r2
15872,spatial_spd,unique_adjusted_r2,time,-0.06156011083191737,North America,Temperate,-130.94579,54.475,TMP,time_unique_adjusted_r2
537,spatial_spd,unique_adjusted_r2,time,-0.02957833613747507,Latin America,Polar,-68.04167,-16.35,POL,time_unique_adjusted_r2
47011,spatial_spd,unique_adjusted_r2,time,0.1541573759568584,Latin America,Temperate,-79.15958,-4.04586,TMP,time_unique_adjusted_r2
14951,spatial_spd,unique_adjusted_r2,time,-0.027841899160757966,North America,Cold - Dry Summer,-112.14744,36.3709,CDS,time_unique_adjusted_r2
15420,spatial_spd,unique_adjusted_r2,time,0.017334383569778566,North America,Polar,-129.83681,58.89001,POL,time_unique_adjusted_r2
3138,spatial_spd,unique_adjusted_r2,time,0.024401369235917292,North America,Cold - Warm Summer,-92.71694,46.41694,CWS,time_unique_adjusted_r2
1691,spatial_spd,unique_adjusted_r2,time,0.13910977746504594,North America,Cold - Cold Summer,-70.97639,47.59722,CCS,time_unique_adjusted_r2
22660,spatial_spd,unique_adjusted_r2,time,-0.020006392494358538,Europe,Cold - Cold Summer,10.27778,46.77611,CCS,time_unique_adjusted_r2
4148,spatial_spd,unique_adjusted_r2,time,-0.062022570521609643,Europe,Temperate,21.58611,40.6125,TMP,time_unique_adjusted_r2
206,spatial_spd,unique_adjusted_r2,time,0.3131932701638668,North America,Polar,-128.08333,64.65,POL,time_unique_adjusted_r2
1105,spatial_spd,unique_adjusted_r2,time,0.010167991599099313,North America,Cold - Warm Summer,-76.6,44.51667,CWS,time_unique_adjusted_r2
1524,spatial_spd,unique_adjusted_r2,time,0.07617286227962494,North America,Cold - Warm Summer,-87.455,45.66667,CWS,time_unique_adjusted_r2
2652,spatial_spd,unique_adjusted_r2,time,0.0123174619372034,North America,Polar,-118.36667,52.73333,POL,time_unique_adjusted_r2
47590,spatial_spd,unique_adjusted_r2,time,0.018163662139254244,Europe,Temperate - Dry Summer,14.39575,37.90121,TDS,time_unique_adjusted_r2
48072,spatial_spd,unique_adjusted_r2,time,-0.06082625115184337,Europe,Cold - Warm Summer,15.86933,49.63707,CWS,time_unique_adjusted_r2
20872,spatial_spd,unique_adjusted_r2,time,0.061733011782807656,North America,Cold - Cold Summer,-145.40886,66.06742,CCS,time_unique_adjusted_r2
209,spatial_spd,unique_adjusted_r2,time,-0.02855322085164491,North America,Cold - Cold Summer,-70.68472,47.48167,CCS,time_unique_adjusted_r2
2065,spatial_spd,unique_adjusted_r2,time,0.0038211141511452773,North America,Cold - Warm Summer,-101.55238,48.00267,CWS,time_unique_adjusted_r2
25318,spatial_spd,unique_adjusted_r2,time,0.08403093616045265,Europe,Temperate,4.03528,47.2275,TMP,time_unique_adjusted_r2
4485,spatial_spd,unique_adjusted_r2,time,-0.10592195572137131,Europe,Cold - Warm Summer,22.83333,42.36667,CWS,time_unique_adjusted_r2
1674,spatial_spd,unique_adjusted_r2,time,0.08482216880795979,Latin America,Polar,-75.25,-11.75,POL,time_unique_adjusted_r2
20372,spatial_spd,unique_adjusted_r2,time,-0.03641377776286503,North America,Cold - Dry Summer,-150.84949,60.7794,CDS,time_unique_adjusted_r2
41543,spatial_spd,unique_adjusted_r2,time,-0.03455980919203128,Europe,Temperate - Dry Summer,12.65,37.6,TDS,time_unique_adjusted_r2
41469,spatial_spd,unique_adjusted_r2,time,0.06950232427204117,Europe,Cold - Warm Summer,7.66823,47.16969,CWS,time_unique_adjusted_r2
1773,spatial_spd,unique_adjusted_r2,time,-0.01946458654422245,North America,Cold - Warm Summer,-68.63917,44.6275,CWS,time_unique_adjusted_r2
254,spatial_spd,unique_adjusted_r2,time,0.03818071620574115,North America,Cold - Warm Summer,-77.91667,42.25,CWS,time_unique_adjusted_r2
1693,spatial_spd,unique_adjusted_r2,time,0.022367166632712765,North America,Cold - Cold Summer,-117.61667,52.73333,CCS,time_unique_adjusted_r2
45188,spatial_spd,unique_adjusted_r2,time,0.27228776666912846,Europe,Temperate - Dry Summer,-6.20972,40.54667,TDS,time_unique_adjusted_r2
1981,spatial_spd,unique_adjusted_r2,time,-0.02898170232989783,North America,Cold - Warm Summer,-64.8,47.075,CWS,time_unique_adjusted_r2
4279,spatial_spd,unique_adjusted_r2,time,0.08736818906164778,Europe,Temperate,-3.4325,56.9975,TMP,time_unique_adjusted_r2
22759,spatial_spd,unique_adjusted_r2,time,0.28149711730738525,Europe,Cold - Warm Summer,19.34039,52.58302,CWS,time_unique_adjusted_r2
2882,spatial_spd,unique_adjusted_r2,time,0.09185109927874369,North America,Cold - Cold Summer,-135.65556,66.05,CCS,time_unique_adjusted_r2
1577,spatial_spd,unique_adjusted_r2,time,0.20103160631590777,Europe,Temperate,-6.14159,43.03849,TMP,time_unique_adjusted_r2
20515,spatial_spd,unique_adjusted_r2,time,-0.0476119596860648,North America,Cold - Hot Summer,-74.6445,41.09362,CHS,time_unique_adjusted_r2
2265,spatial_spd,unique_adjusted_r2,time,-0.004782061781899438,North America,Cold - Warm Summer,-65.26694,48.05194,CWS,time_unique_adjusted_r2
2925,spatial_spd,unique_adjusted_r2,time,0.2037911451133887,North America,Polar,-117.08333,52.78333,POL,time_unique_adjusted_r2
17334,spatial_spd,unique_adjusted_r2,time,0.16220564139636118,Europe,Temperate,-6.38992,52.99702,TMP,time_unique_adjusted_r2
47005,spatial_spd,unique_adjusted_r2,time,0.16482846040329568,Europe,Temperate,-6.38992,52.99702,TMP,time_unique_adjusted_r2
40799,spatial_spd,unique_adjusted_r2,time,0.10225569544991664,North America,Cold - Warm Summer,-71.96321,42.07833,CWS,time_unique_adjusted_r2
41585,spatial_spd,unique_adjusted_r2,time,0.11217536401544648,North America,Polar,-124.60509,58.39351,POL,time_unique_adjusted_r2
15302,spatial_spd,unique_adjusted_r2,time,0.18460125207295197,North America,Cold - Hot Summer,-89.5975,43.79768,CHS,time_unique_adjusted_r2
40854,spatial_spd,unique_adjusted_r2,time,-0.074029120284973,North America,Cold - Hot Summer,-72.7028,42.1747,CHS,time_unique_adjusted_r2
2615,spatial_spd,unique_adjusted_r2,time,0.23742914474108023,North America,Cold - Warm Summer,-122.56279,49.31934,CWS,time_unique_adjusted_r2
14884,spatial_spd,unique_adjusted_r2,time,0.2142741394069737,North America,Cold - Cold Summer,-114.26438,45.8906,CCS,time_unique_adjusted_r2
856,spatial_spd,unique_adjusted_r2,time,0.06892947636564895,North America,Cold - Cold Summer,-84.93,48.21,CCS,time_unique_adjusted_r2
12,spatial_spd,unique_adjusted_r2,time,0.12420015083744906,Europe,Cold - Warm Summer,13.41701,55.92856,CWS,time_unique_adjusted_r2
1820,spatial_spd,unique_adjusted_r2,time,-0.0026150785367726748,North America,Cold - Warm Summer,-79.45,45.21667,CWS,time_unique_adjusted_r2
15929,spatial_spd,unique_adjusted_r2,time,-0.017188080263997985,North America,Cold - Warm Summer,-78,43,CWS,time_unique_adjusted_r2
41842,spatial_spd,unique_adjusted_r2,time,0.18603881281256185,Europe,Polar,7.97395,46.39429,POL,time_unique_adjusted_r2
45387,spatial_spd,unique_adjusted_r2,time,-0.018427362247875667,Europe,Cold - Warm Summer,26.01389,59.45139,CWS,time_unique_adjusted_r2
15142,spatial_spd,unique_adjusted_r2,time,0.24552911523651122,North America,Cold - Hot Summer,-70.77813,41.92418,CHS,time_unique_adjusted_r2
852,spatial_spd,unique_adjusted_r2,time,0.27918655683606597,North America,Temperate,-71.575,41.15833,TMP,time_unique_adjusted_r2
4269,spatial_spd,unique_adjusted_r2,time,-0.030000100963154974,Europe,Cold - Warm Summer,14.77529,48.99944,CWS,time_unique_adjusted_r2
25370,spatial_spd,unique_adjusted_r2,time,0.055500842887735824,Europe,Temperate,4.12278,47.31778,TMP,time_unique_adjusted_r2
25221,spatial_spd,unique_adjusted_r2,time,0.020637726577713567,Europe,Temperate,2.33722,45.69639,TMP,time_unique_adjusted_r2
41018,spatial_spd,unique_adjusted_r2,time,0.07010338255343118,North America,Temperate,-70.66628,41.4316,TMP,time_unique_adjusted_r2
21774,spatial_spd,unique_adjusted_r2,time,-0.003287593492236951,North America,Temperate,-127.0722,50.5725,TMP,time_unique_adjusted_r2
4012,spatial_spd,unique_adjusted_r2,time,0.1631317075166906,Europe,Temperate,-1.09648,60.38736,TMP,time_unique_adjusted_r2
41241,spatial_spd,unique_adjusted_r2,time,0.029403877277758728,Europe,Temperate,-4.43026,55.09344,TMP,time_unique_adjusted_r2
41499,spatial_spd,unique_adjusted_r2,time,-0.03899117678635411,North America,Cold - Dry Summer,-140.90574,67.90308,CDS,time_unique_adjusted_r2
47564,spatial_spd,unique_adjusted_r2,time,0.34884184212856195,Latin America,Tropical,-65.98614,-12.99739,TRO,time_unique_adjusted_r2
778,spatial_spd,unique_adjusted_r2,time,-0.007236605453472933,North America,Cold - Cold Summer,-112.1,57.76667,CCS,time_unique_adjusted_r2
4320,spatial_spd,unique_adjusted_r2,time,0.02235280379119986,Europe,Cold - Warm Summer,23.95667,51.69667,CWS,time_unique_adjusted_r2
42566,spatial_spd,unique_adjusted_r2,time,0.13132035907753137,Europe,Cold - Warm Summer,8.63721,48.72783,CWS,time_unique_adjusted_r2
2342,spatial_spd,unique_adjusted_r2,time,0.14391812014202143,North America,Cold - Warm Summer,-74.46694,46.05778,CWS,time_unique_adjusted_r2
3871,spatial_spd,unique_adjusted_r2,time,-0.06716714174397809,Europe,Temperate,5.28333,45.79083,TMP,time_unique_adjusted_r2
41228,spatial_spd,unique_adjusted_r2,time,0.04077185003775596,Europe,Temperate,-3.80472,51.12028,TMP,time_unique_adjusted_r2
46659,spatial_spd,unique_adjusted_r2,time,0.06984388930576213,North America,Polar,-109.50237,44.93454,POL,time_unique_adjusted_r2
24441,spatial_spd,unique_adjusted_r2,time,-0.015586704972211818,Europe,Cold - Warm Summer,3.65,44.46667,CWS,time_unique_adjusted_r2
40795,spatial_spd,unique_adjusted_r2,time,0.1131077218546005,North America,Cold - Warm Summer,-70.79309,41.32761,CWS,time_unique_adjusted_r2
21915,spatial_spd,unique_adjusted_r2,time,0.25296930681205576,Latin America,Tropical,-76.52225,3.10116,TRO,time_unique_adjusted_r2
14523,spatial_spd,unique_adjusted_r2,time,0.011235832055687456,Europe,Temperate,-9.72556,53.9498,TMP,time_unique_adjusted_r2
25344,spatial_spd,unique_adjusted_r2,time,0.231378725935799,Europe,Temperate,4.04861,47.20333,TMP,time_unique_adjusted_r2
41502,spatial_spd,unique_adjusted_r2,time,-0.01394227079381194,Europe,Temperate,-8.3499,55.0224,TMP,time_unique_adjusted_r2
772,spatial_spd,unique_adjusted_r2,time,0.159834374296419,North America,Cold - Warm Summer,-70.0018,41.9316,CWS,time_unique_adjusted_r2
46645,spatial_spd,unique_adjusted_r2,time,-0.06985249806165394,North America,Cold - Cold Summer,-107.38399,44.39092,CCS,time_unique_adjusted_r2
3452,spatial_spd,unique_adjusted_r2,time,-0.008549585612111388,North America,Cold - Warm Summer,-90.35,45.3,CWS,time_unique_adjusted_r2
3910,spatial_spd,unique_adjusted_r2,time,-0.015016750392644829,Europe,Temperate,-2.05,43.03333,TMP,time_unique_adjusted_r2
48735,spatial_spd,unique_adjusted_r2,time,0.1200537593304426,Europe,Cold - Cold Summer,13.40649,49.01398,CCS,time_unique_adjusted_r2
48614,spatial_spd,unique_adjusted_r2,time,0.22118260006279578,Latin America,Temperate,-79.11153,-4.37461,TMP,time_unique_adjusted_r2
22352,spatial_spd,unique_adjusted_r2,time,0.12676484724457093,Europe,Cold - Warm Summer,13.83582,48.89954,CWS,time_unique_adjusted_r2
15876,spatial_spd,unique_adjusted_r2,time,-0.04765786955466922,North America,Arid,-119.96,35.935,ARD,time_unique_adjusted_r2
45710,spatial_spd,unique_adjusted_r2,time,0.08589699031811271,Europe,Cold - Cold Summer,7.53886,59.66874,CCS,time_unique_adjusted_r2
17945,spatial_spd,unique_adjusted_r2,time,0.017712232342751433,North America,Cold - Warm Summer,-132.95774,56.80046,CWS,time_unique_adjusted_r2
15719,spatial_spd,unique_adjusted_r2,time,0.1262811470943198,North America,Polar,-61.796,66.66,POL,time_unique_adjusted_r2
2955,spatial_spd,unique_adjusted_r2,time,0.22215112667357373,North America,Polar,-117.21667,52.24167,POL,time_unique_adjusted_r2
22910,spatial_spd,unique_adjusted_r2,time,0.3287538647236634,Europe,Cold - Warm Summer,17.255,47.21583,CWS,time_unique_adjusted_r2
16061,spatial_spd,unique_adjusted_r2,time,0.4738378278389942,North America,Cold - Dry Summer,-122.4984,41.20586,CDS,time_unique_adjusted_r2
549,spatial_spd,unique_adjusted_r2,time,0.05150617875015007,North America,Cold - Cold Summer,-69.4,54.88333,CCS,time_unique_adjusted_r2
45719,spatial_spd,unique_adjusted_r2,time,0.08781629328750995,Europe,Cold - Warm Summer,7.73221,58.53704,CWS,time_unique_adjusted_r2
2610,spatial_spd,unique_adjusted_r2,time,0.052259681138158376,North America,Cold - Warm Summer,-52.66667,47.61667,CWS,time_unique_adjusted_r2
20838,spatial_spd,unique_adjusted_r2,time,-0.03602380218046353,North America,Cold - Cold Summer,-111.57316,38.07195,CCS,time_unique_adjusted_r2
24390,spatial_spd,unique_adjusted_r2,time,-0.045443449230599176,Europe,Temperate - Dry Summer,20.83333,38.86667,TDS,time_unique_adjusted_r2
21319,spatial_spd,unique_adjusted_r2,time,-0.009269323163918819,North America,Cold - Cold Summer,-65.41466,48.70971,CCS,time_unique_adjusted_r2
15740,spatial_spd,unique_adjusted_r2,time,0.016701492487156244,North America,Cold - Warm Summer,-91.19975,46.30638,CWS,time_unique_adjusted_r2
16275,spatial_spd,unique_adjusted_r2,time,0.04587008595207265,North America,Cold - Cold Summer,-91.37583,52.52949,CCS,time_unique_adjusted_r2
2303,spatial_spd,unique_adjusted_r2,time,0.3154918989149388,North America,Polar,-95.06667,72.58333,POL,time_unique_adjusted_r2
1574,spatial_spd,unique_adjusted_r2,time,0.0061954213661400415,North America,Cold - Hot Summer,-84.75,41.41667,CHS,time_unique_adjusted_r2
2962,spatial_spd,unique_adjusted_r2,time,0.14488826923343656,North America,Cold - Cold Summer,-114.15,59.25,CCS,time_unique_adjusted_r2
1780,spatial_spd,unique_adjusted_r2,time,0.09962361961888688,North America,Cold - Cold Summer,-141.96667,60.03333,CCS,time_unique_adjusted_r2
22797,spatial_spd,unique_adjusted_r2,time,0.04547602102990944,Europe,Cold - Cold Summer,8.01139,46.23111,CCS,time_unique_adjusted_r2
2318,spatial_spd,unique_adjusted_r2,time,0.19505220829964365,North America,Cold - Warm Summer,-85.17917,46.13194,CWS,time_unique_adjusted_r2
20,spatial_spd,unique_adjusted_r2,time,0.17513534260362984,Europe,Cold - Cold Summer,27.67406,69.12326,CCS,time_unique_adjusted_r2
2919,spatial_spd,unique_adjusted_r2,time,0.016872772158003202,North America,Cold - Hot Summer,-88.18475,42.35154,CHS,time_unique_adjusted_r2
20758,spatial_spd,unique_adjusted_r2,time,0.08914674443846626,North America,Temperate - Dry Summer,-123.461,42.021,TDS,time_unique_adjusted_r2
24097,spatial_spd,unique_adjusted_r2,time,0.005499455111513951,Europe,Cold - Warm Summer,17.19626,48.97602,CWS,time_unique_adjusted_r2
501,spatial_spd,unique_adjusted_r2,time,0.01666689937143573,North America,Cold - Cold Summer,-56.19639,50.03417,CCS,time_unique_adjusted_r2
1848,spatial_spd,unique_adjusted_r2,time,-0.06475339916523515,North America,Cold - Warm Summer,-77.41667,40.8,CWS,time_unique_adjusted_r2
45385,spatial_spd,unique_adjusted_r2,time,0.15447025700003247,Europe,Cold - Warm Summer,26.01389,59.45139,CWS,time_unique_adjusted_r2
2908,spatial_spd,unique_adjusted_r2,time,0.018703302992232662,Latin America,Cold - Dry Summer,-70.38333,-36.88333,CDS,time_unique_adjusted_r2
22683,spatial_spd,unique_adjusted_r2,time,-0.004253839361609946,Europe,Cold - Cold Summer,7.13333,44.23333,CCS,time_unique_adjusted_r2
17711,spatial_spd,unique_adjusted_r2,time,0.05310902385559535,North America,Cold - Cold Summer,-105.05685,55.33061,CCS,time_unique_adjusted_r2
2023,spatial_spd,unique_adjusted_r2,time,0.02984577101792074,North America,Cold - Warm Summer,-76.1,45.6,CWS,time_unique_adjusted_r2
336,spatial_spd,unique_adjusted_r2,time,0.21644969494060562,North America,Cold - Cold Summer,-130.65,61.68333,CCS,time_unique_adjusted_r2
14525,spatial_spd,unique_adjusted_r2,time,0.002661167281754251,Europe,Temperate,-9.43662,54.03918,TMP,time_unique_adjusted_r2
1667,spatial_spd,unique_adjusted_r2,time,0.08503353931252922,North America,Cold - Warm Summer,-71.25139,44.24694,CWS,time_unique_adjusted_r2
41491,spatial_spd,unique_adjusted_r2,time,0.06237229902506214,Europe,Cold - Warm Summer,24.13852,41.73356,CWS,time_unique_adjusted_r2
48621,spatial_spd,unique_adjusted_r2,time,0.05059479591189553,Latin America,Temperate,-72.97522,-47.64356,TMP,time_unique_adjusted_r2
48889,spatial_spd,unique_adjusted_r2,time,0.33370599236775533,North America,Cold - Warm Summer,-85.71733,46.44253,CWS,time_unique_adjusted_r2
45400,spatial_spd,unique_adjusted_r2,time,0.43015222194251435,Europe,Cold - Warm Summer,27.46167,59.17528,CWS,time_unique_adjusted_r2
805,spatial_spd,unique_adjusted_r2,time,-0.06801006126502385,North America,Cold - Hot Summer,-82.76,41.92,CHS,time_unique_adjusted_r2
22992,spatial_spd,unique_adjusted_r2,time,0.008949960542609325,Europe,Cold - Cold Summer,8.06769,46.71801,CCS,time_unique_adjusted_r2
15768,spatial_spd,unique_adjusted_r2,time,0.04638964679297852,North America,Temperate - Dry Summer,-123.581,45.822,TDS,time_unique_adjusted_r2
41911,spatial_spd,unique_adjusted_r2,time,0.19838654155533875,Europe,Temperate - Dry Summer,-7.63611,40.36278,TDS,time_unique_adjusted_r2
22316,spatial_spd,unique_adjusted_r2,time,0.08253515812914813,Europe,Cold - Warm Summer,16.1175,50.58861,CWS,time_unique_adjusted_r2
219,spatial_spd,unique_adjusted_r2,time,0.036534935710877736,North America,Cold - Warm Summer,-73.31111,45.54306,CWS,time_unique_adjusted_r2
4364,spatial_spd,unique_adjusted_r2,time,0.010160778501788648,Europe,Cold - Warm Summer,19.80199,49.46655,CWS,time_unique_adjusted_r2
21606,spatial_spd,unique_adjusted_r2,time,0.08574753094858789,Latin America,Arid,-71.70555,-13.09533,ARD,time_unique_adjusted_r2
2586,spatial_spd,unique_adjusted_r2,time,0.12434469804717019,North America,Cold - Warm Summer,-86.95833,46.47,CWS,time_unique_adjusted_r2
1438,spatial_spd,unique_adjusted_r2,time,0.7244673358429847,Europe,Cold - Cold Summer,14.53458,57.64055,CCS,time_unique_adjusted_r2
41614,spatial_spd,unique_adjusted_r2,time,0.0048744993965266215,North America,Cold - Cold Summer,-106.40741,39.15095,CCS,time_unique_adjusted_r2
15138,spatial_spd,unique_adjusted_r2,time,0.11242888598997225,North America,Cold - Warm Summer,-99.29758,49.44254,CWS,time_unique_adjusted_r2
24250,spatial_spd,unique_adjusted_r2,time,-0.013832708648335412,Europe,Cold - Warm Summer,14.02583,49.37639,CWS,time_unique_adjusted_r2
24414,spatial_spd,unique_adjusted_r2,time,-0.046698543591363606,Europe,Cold - Warm Summer,3.08111,44.74444,CWS,time_unique_adjusted_r2
3493,spatial_spd,unique_adjusted_r2,time,0.1473051392127267,North America,Cold - Warm Summer,-73.2945,41.80939,CWS,time_unique_adjusted_r2
15855,spatial_spd,unique_adjusted_r2,time,0.3350870145227455,North America,Cold - Cold Summer,-113.79265,46.95179,CCS,time_unique_adjusted_r2
974,spatial_spd,unique_adjusted_r2,time,0.08745183738708895,North America,Cold - Warm Summer,-98.25,53,CWS,time_unique_adjusted_r2
16054,spatial_spd,unique_adjusted_r2,time,-0.00872528271565809,North America,Cold - Dry Summer,-121.39227,40.40972,CDS,time_unique_adjusted_r2
45117,spatial_spd,unique_adjusted_r2,time,0.03983922525918315,Europe,Cold - Cold Summer,22.80349,45.33407,CCS,time_unique_adjusted_r2
679,spatial_spd,unique_adjusted_r2,time,-0.030624256390269222,North America,Cold - Warm Summer,-85,43.48,CWS,time_unique_adjusted_r2
15778,spatial_spd,unique_adjusted_r2,time,0.01808195049815875,North America,Cold - Dry Summer,-119.149,37.9419,CDS,time_unique_adjusted_r2
47537,spatial_spd,unique_adjusted_r2,time,0.2140886063198264,Europe,Temperate - Dry Summer,9.78752,40.45547,TDS,time_unique_adjusted_r2
15214,spatial_spd,unique_adjusted_r2,time,0.1873185323483768,North America,Cold - Cold Summer,-121.47227,51.66122,CCS,time_unique_adjusted_r2
790,spatial_spd,unique_adjusted_r2,time,0.06907573852337134,North America,Cold - Cold Summer,-105.58,39.93667,CCS,time_unique_adjusted_r2
2663,spatial_spd,unique_adjusted_r2,time,0.06142030973961332,North America,Temperate,-81.50634,27.58253,TMP,time_unique_adjusted_r2
1013,spatial_spd,unique_adjusted_r2,time,0.0458573149479532,North America,Cold - Warm Summer,-109.425,34,CWS,time_unique_adjusted_r2
16175,spatial_spd,unique_adjusted_r2,time,0.00340982468669615,North America,Cold - Hot Summer,-74.55597,41.4059,CHS,time_unique_adjusted_r2
16238,spatial_spd,unique_adjusted_r2,time,0.08458561580438395,North America,Cold - Cold Summer,-157.0576,68.4891,CCS,time_unique_adjusted_r2
40797,spatial_spd,unique_adjusted_r2,time,0.01805571258988381,North America,Cold - Warm Summer,-70.76706,41.4711,CWS,time_unique_adjusted_r2
16103,spatial_spd,unique_adjusted_r2,time,0.013521255927385178,North America,Cold - Warm Summer,-62.09501,44.97306,CWS,time_unique_adjusted_r2
40452,spatial_spd,unique_adjusted_r2,time,0.062564502965197,Europe,Cold - Warm Summer,7.05,47.24056,CWS,time_unique_adjusted_r2
1569,spatial_spd,unique_adjusted_r2,time,0.11990731712574199,North America,Cold - Cold Summer,-70.3,46.71667,CCS,time_unique_adjusted_r2
15,spatial_spd,unique_adjusted_r2,time,0.19019397678107208,Latin America,Arid,-65.75,-23.83333,ARD,time_unique_adjusted_r2
14549,spatial_spd,unique_adjusted_r2,time,0.024075314140173276,North America,Cold - Dry Summer,-112.79315,37.6709,CDS,time_unique_adjusted_r2
843,spatial_spd,unique_adjusted_r2,time,0.018317800361768333,North America,Cold - Cold Summer,-109.95,43.43889,CCS,time_unique_adjusted_r2
41748,spatial_spd,unique_adjusted_r2,time,0.2287385532617664,Europe,Polar,7.36285,46.15726,POL,time_unique_adjusted_r2
1434,spatial_spd,unique_adjusted_r2,time,0.05861469431509736,Europe,Cold - Warm Summer,27.41146,58.19142,CWS,time_unique_adjusted_r2
808,spatial_spd,unique_adjusted_r2,time,0.2051387041757946,North America,Temperate - Dry Summer,-123.68167,48.35194,TDS,time_unique_adjusted_r2
40666,spatial_spd,unique_adjusted_r2,time,-0.030750396066054564,North America,Temperate,-70.7,41.42835,TMP,time_unique_adjusted_r2
2335,spatial_spd,unique_adjusted_r2,time,0.21001141912737287,Europe,Temperate - Dry Summer,-6.73333,42.1,TDS,time_unique_adjusted_r2
4385,spatial_spd,unique_adjusted_r2,time,0.04445259607752816,Europe,Temperate,-6.88333,58.13333,TMP,time_unique_adjusted_r2
4133,spatial_spd,unique_adjusted_r2,time,0.15194761851656235,Europe,Cold - Cold Summer,25.86881,61.41513,CCS,time_unique_adjusted_r2
25763,spatial_spd,unique_adjusted_r2,time,-0.012290932811051647,Europe,Polar,11.80211,47.02316,POL,time_unique_adjusted_r2
20285,spatial_spd,unique_adjusted_r2,time,-0.024286312200892612,Europe,Polar,28.16545,71.03753,POL,time_unique_adjusted_r2
17354,spatial_spd,unique_adjusted_r2,time,0.10261997626238484,North America,Cold - Cold Summer,-147.39653,64.3443,CCS,time_unique_adjusted_r2
2594,spatial_spd,unique_adjusted_r2,time,0.3809960943808165,Latin America,Temperate,-49.55,-28.55,TMP,time_unique_adjusted_r2
4150,spatial_spd,unique_adjusted_r2,time,0.20911751482044094,Europe,Temperate,-2.10953,52.80744,TMP,time_unique_adjusted_r2
4011,spatial_spd,unique_adjusted_r2,time,0.27766366928066255,Europe,Cold - Warm Summer,14.70652,58.32288,CWS,time_unique_adjusted_r2
720,spatial_spd,unique_adjusted_r2,time,0.025636660835906766,Europe,Polar,31.01975,70.32333,POL,time_unique_adjusted_r2
2959,spatial_spd,unique_adjusted_r2,time,-0.0010645178616722761,North America,Cold - Hot Summer,-71.11667,41.96667,CHS,time_unique_adjusted_r2
20649,spatial_spd,unique_adjusted_r2,time,0.010827885264941717,North America,Polar,-113.78145,71.344,POL,time_unique_adjusted_r2
41001,spatial_spd,unique_adjusted_r2,time,0.09343589129535146,North America,Cold - Hot Summer,-72.58,40.884,CHS,time_unique_adjusted_r2
45704,spatial_spd,unique_adjusted_r2,time,0.027987250171142453,Europe,Cold - Cold Summer,7.985,59.62523,CCS,time_unique_adjusted_r2
1854,spatial_spd,unique_adjusted_r2,time,-0.03757334094974851,North America,Cold - Cold Summer,-109.94083,43.45,CCS,time_unique_adjusted_r2
1157,spatial_spd,unique_adjusted_r2,time,0.1905630361991717,North America,Cold - Warm Summer,-81.76667,47.31667,CWS,time_unique_adjusted_r2
4360,spatial_spd,unique_adjusted_r2,time,0.29173074567223933,Europe,Cold - Cold Summer,30.56667,66.35,CCS,time_unique_adjusted_r2
45639,spatial_spd,unique_adjusted_r2,time,0.15142526638145248,Europe,Cold - Cold Summer,17.75935,68.48221,CCS,time_unique_adjusted_r2
45389,spatial_spd,unique_adjusted_r2,time,0.3551246786619767,Europe,Cold - Warm Summer,26.51722,58.05917,CWS,time_unique_adjusted_r2
22950,spatial_spd,unique_adjusted_r2,time,0.29318511062719155,Europe,Cold - Warm Summer,19.46271,54.10053,CWS,time_unique_adjusted_r2
539,spatial_spd,unique_adjusted_r2,time,0.1927232346288622,North America,Temperate,-91.09082,36.79864,TMP,time_unique_adjusted_r2
26520,spatial_spd,unique_adjusted_r2,time,0.1804423618550678,Europe,Polar,7.09361,46.17667,POL,time_unique_adjusted_r2
773,spatial_spd,unique_adjusted_r2,time,-0.024653103375038343,North America,Cold - Warm Summer,-70.35,45.85,CWS,time_unique_adjusted_r2
4524,spatial_spd,unique_adjusted_r2,time,0.06933102587900608,Europe,Temperate,1.75,48.41667,TMP,time_unique_adjusted_r2
16129,spatial_spd,unique_adjusted_r2,time,0.057756374419030365,North America,Cold - Hot Summer,-88.8579,42.7776,CHS,time_unique_adjusted_r2
17377,spatial_spd,unique_adjusted_r2,time,0.1346133983909622,North America,Cold - Dry Summer,-150.91979,60.4918,CDS,time_unique_adjusted_r2
4466,spatial_spd,unique_adjusted_r2,time,0.17369509412166795,Europe,Cold - Warm Summer,28.1,54.03333,CWS,time_unique_adjusted_r2
22980,spatial_spd,unique_adjusted_r2,time,0.12078435293561796,Europe,Arid,28.53192,43.66346,ARD,time_unique_adjusted_r2
26514,spatial_spd,unique_adjusted_r2,time,0.16276019233037886,Europe,Cold - Warm Summer,12.29357,47.65663,CWS,time_unique_adjusted_r2
4314,spatial_spd,unique_adjusted_r2,time,-0.06144808454859074,Europe,Cold - Warm Summer,25.99919,53.26346,CWS,time_unique_adjusted_r2
872,spatial_spd,unique_adjusted_r2,time,0.3281020641553669,Latin America,Temperate,-50.21667,-24.66667,TMP,time_unique_adjusted_r2
723,spatial_spd,unique_adjusted_r2,time,0.025741340938859714,Europe,Cold - Warm Summer,28.25,48.75,CWS,time_unique_adjusted_r2
48950,spatial_spd,unique_adjusted_r2,time,-0.01119747464043086,Europe,Cold - Warm Summer,5.99556,44.555,CWS,time_unique_adjusted_r2
48818,spatial_spd,unique_adjusted_r2,time,0.01817508070392604,North America,Cold - Warm Summer,-89.70449,46.18465,CWS,time_unique_adjusted_r2
45105,spatial_spd,unique_adjusted_r2,time,0.025973538709013644,Europe,Cold - Dry Summer,20.77556,39.98778,CDS,time_unique_adjusted_r2
48363,spatial_spd,unique_adjusted_r2,time,0.05662911305381557,North America,Cold - Dry Summer,-151.1123,59.94242,CDS,time_unique_adjusted_r2
17363,spatial_spd,unique_adjusted_r2,time,0.006256403998713411,North America,Temperate,-83.02511,35.16662,TMP,time_unique_adjusted_r2
3058,spatial_spd,unique_adjusted_r2,time,-0.06705262260309441,North America,Cold - Warm Summer,-67.33336,45.25246,CWS,time_unique_adjusted_r2
22847,spatial_spd,unique_adjusted_r2,time,0.21043185950493204,Europe,Cold - Warm Summer,18.16208,54.70555,CWS,time_unique_adjusted_r2
991,spatial_spd,unique_adjusted_r2,time,0.1339369181930533,North America,Arid,-112.71667,48.55,ARD,time_unique_adjusted_r2
41764,spatial_spd,unique_adjusted_r2,time,-0.08895084555850985,Europe,Cold - Cold Summer,27.83997,70.0476,CCS,time_unique_adjusted_r2
24317,spatial_spd,unique_adjusted_r2,time,0.08752831943558348,Europe,Cold - Cold Summer,7.845,46.19556,CCS,time_unique_adjusted_r2
2899,spatial_spd,unique_adjusted_r2,time,0.13967352408838984,Latin America,Temperate - Dry Summer,-71.05064,-36.86011,TDS,time_unique_adjusted_r2
20397,spatial_spd,unique_adjusted_r2,time,0.041904373405772466,North America,Cold - Warm Summer,-86.07692,46.56374,CWS,time_unique_adjusted_r2
1824,spatial_spd,unique_adjusted_r2,time,0.08471539087688373,North America,Cold - Hot Summer,-95.12645,43.34114,CHS,time_unique_adjusted_r2
25786,spatial_spd,unique_adjusted_r2,time,-0.013168415339813055,Latin America,Tropical,-88.3681,17.93554,TRO,time_unique_adjusted_r2
525,spatial_spd,unique_adjusted_r2,time,0.11296341318862435,North America,Polar,-116.41667,51.65,POL,time_unique_adjusted_r2
16269,spatial_spd,unique_adjusted_r2,time,-0.02237722413986265,North America,Cold - Cold Summer,-89.61722,51.83861,CCS,time_unique_adjusted_r2
22723,spatial_spd,unique_adjusted_r2,time,0.019323324113789564,Europe,Temperate,-5.83333,57.25,TMP,time_unique_adjusted_r2
4200,spatial_spd,unique_adjusted_r2,time,0.05378648532238772,Europe,Cold - Cold Summer,14.62333,59.80167,CCS,time_unique_adjusted_r2
46477,spatial_spd,unique_adjusted_r2,time,0.19707517734560154,Europe,Cold - Warm Summer,30.73749,58.02083,CWS,time_unique_adjusted_r2
999,spatial_spd,unique_adjusted_r2,time,-0.055096137877290285,North America,Cold - Hot Summer,-78.99722,37.98472,CHS,time_unique_adjusted_r2
1435,spatial_spd,unique_adjusted_r2,time,0.09718042079200095,Europe,Cold - Warm Summer,15.96947,49.72562,CWS,time_unique_adjusted_r2
853,spatial_spd,unique_adjusted_r2,time,-0.05396169417627694,North America,Cold - Cold Summer,-111.66667,38.61667,CCS,time_unique_adjusted_r2
4369,spatial_spd,unique_adjusted_r2,time,0.1275565701258714,Europe,Cold - Warm Summer,26.64967,58.59222,CWS,time_unique_adjusted_r2
332,spatial_spd,unique_adjusted_r2,time,0.08448004864415437,North America,Cold - Warm Summer,-88.01667,46.66667,CWS,time_unique_adjusted_r2
22971,spatial_spd,unique_adjusted_r2,time,0.20536227228764137,Europe,Cold - Warm Summer,12.09944,50.27611,CWS,time_unique_adjusted_r2
3488,spatial_spd,unique_adjusted_r2,time,0.13668236489569796,North America,Cold - Hot Summer,-89.41667,43.1,CHS,time_unique_adjusted_r2
1768,spatial_spd,unique_adjusted_r2,time,0.08851437964889708,North America,Cold - Warm Summer,-98.16505,46.85061,CWS,time_unique_adjusted_r2
45324,spatial_spd,unique_adjusted_r2,time,-0.0469942395047922,Europe,Temperate - Dry Summer,12.65,37.6,TDS,time_unique_adjusted_r2
46680,spatial_spd,unique_adjusted_r2,time,0.04671746704885271,North America,Cold - Cold Summer,-120.68095,53.51773,CCS,time_unique_adjusted_r2
2954,spatial_spd,unique_adjusted_r2,time,0.13742043826568573,North America,Cold - Cold Summer,-151.26667,64.33333,CCS,time_unique_adjusted_r2
531,spatial_spd,unique_adjusted_r2,time,-0.01381105483081757,Europe,Cold - Warm Summer,26.01667,50.26667,CWS,time_unique_adjusted_r2
19814,spatial_spd,unique_adjusted_r2,time,0.2418123516914099,North America,Cold - Dry Summer,-138.75904,68.82343,CDS,time_unique_adjusted_r2
4118,spatial_spd,unique_adjusted_r2,time,-0.018030784271896527,Europe,Cold - Warm Summer,19.67778,49.04167,CWS,time_unique_adjusted_r2
1966,spatial_spd,unique_adjusted_r2,time,-0.0016776268992286791,North America,Cold - Warm Summer,-94.119,47.075,CWS,time_unique_adjusted_r2
15191,spatial_spd,unique_adjusted_r2,time,0.04683394029061405,North America,Temperate,-79.09388,35.17121,TMP,time_unique_adjusted_r2
45725,spatial_spd,unique_adjusted_r2,time,0.058493066602661736,Europe,Cold - Warm Summer,8.00356,58.24364,CWS,time_unique_adjusted_r2
19834,spatial_spd,unique_adjusted_r2,time,0.19230279050830512,North America,Cold - Hot Summer,-94.73356,43.67035,CHS,time_unique_adjusted_r2
40793,spatial_spd,unique_adjusted_r2,time,0.003948013990136556,North America,Cold - Hot Summer,-71.08776,42.61918,CHS,time_unique_adjusted_r2
4375,spatial_spd,unique_adjusted_r2,time,0.001788266380081116,Europe,Temperate,5.60833,45.425,TMP,time_unique_adjusted_r2
15976,spatial_spd,unique_adjusted_r2,time,0.4563965324035374,North America,Cold - Cold Summer,-158.5532,59.7939,CCS,time_unique_adjusted_r2
517,spatial_spd,unique_adjusted_r2,time,-0.015223173756583663,North America,Cold - Dry Summer,-112.14974,36.52923,CDS,time_unique_adjusted_r2
849,spatial_spd,unique_adjusted_r2,time,-0.03498917962799675,North America,Cold - Warm Summer,-93.75,49.58333,CWS,time_unique_adjusted_r2
41189,spatial_spd,unique_adjusted_r2,time,-0.07831124528048783,Europe,Temperate,-5.50139,56.38444,TMP,time_unique_adjusted_r2
1987,spatial_spd,unique_adjusted_r2,time,0.0970261557252019,North America,Cold - Cold Summer,-162.2,63.5,CCS,time_unique_adjusted_r2
22662,spatial_spd,unique_adjusted_r2,time,-0.07356225045420539,Europe,Cold - Cold Summer,7.72972,44.18822,CCS,time_unique_adjusted_r2
841,spatial_spd,unique_adjusted_r2,time,0.1243942543965606,North America,Cold - Cold Summer,-109.93889,43.47167,CCS,time_unique_adjusted_r2
17880,spatial_spd,unique_adjusted_r2,time,-0.02100398256006175,North America,Cold - Warm Summer,-72.45895,42.81014,CWS,time_unique_adjusted_r2
40627,spatial_spd,unique_adjusted_r2,time,0.08801258681995927,Europe,Cold - Warm Summer,7.54333,46.64583,CWS,time_unique_adjusted_r2
15368,spatial_spd,unique_adjusted_r2,time,-0.029640226888994925,North America,Arid,-114.04118,40.49611,ARD,time_unique_adjusted_r2
3972,spatial_spd,unique_adjusted_r2,time,8.315548027668651e-4,Europe,Temperate,-1.80028,47.25444,TMP,time_unique_adjusted_r2
45393,spatial_spd,unique_adjusted_r2,time,-0.07275478366072763,Europe,Cold - Warm Summer,27.06917,57.73722,CWS,time_unique_adjusted_r2
42542,spatial_spd,unique_adjusted_r2,time,0.15664666147073092,Europe,Cold - Cold Summer,10.47453,51.7704,CCS,time_unique_adjusted_r2
45312,spatial_spd,unique_adjusted_r2,time,0.00829433783840039,Europe,Polar,18.16667,68.16667,POL,time_unique_adjusted_r2
21790,spatial_spd,unique_adjusted_r2,time,0.06385084960265541,Europe,Cold - Cold Summer,14.92555,60.65141,CCS,time_unique_adjusted_r2
45642,spatial_spd,unique_adjusted_r2,time,-0.03788748329318847,Europe,Cold - Cold Summer,18.07167,68.44417,CCS,time_unique_adjusted_r2
1153,spatial_spd,unique_adjusted_r2,time,0.08387009720820249,North America,Cold - Warm Summer,-93.64361,47.13556,CWS,time_unique_adjusted_r2
22400,spatial_spd,unique_adjusted_r2,time,-0.04291447943758209,North America,Cold - Cold Summer,-105.60599,39.65656,CCS,time_unique_adjusted_r2
22346,spatial_spd,unique_adjusted_r2,time,-0.014503739670688076,Europe,Cold - Warm Summer,13.7405,48.89756,CWS,time_unique_adjusted_r2
4410,spatial_spd,unique_adjusted_r2,time,0.060503455965526975,Europe,Temperate,-2.46806,47.80944,TMP,time_unique_adjusted_r2
48986,spatial_spd,unique_adjusted_r2,time,0.04862460769708188,Europe,Temperate,-2.46806,47.80944,TMP,time_unique_adjusted_r2
41612,spatial_spd,unique_adjusted_r2,time,0.3274797915450668,North America,Polar,-124.564,58.573,POL,time_unique_adjusted_r2
47687,spatial_spd,unique_adjusted_r2,time,0.18491806046193682,North America,Arid,-111.99647,42.29063,ARD,time_unique_adjusted_r2
22669,spatial_spd,unique_adjusted_r2,time,0.004665749319549994,Europe,Temperate,8.86542,53.43465,TMP,time_unique_adjusted_r2
16009,spatial_spd,unique_adjusted_r2,time,0.04024174358746113,North America,Temperate,-85.40174,34.66311,TMP,time_unique_adjusted_r2
48358,spatial_spd,unique_adjusted_r2,time,0.09038167241830253,Europe,Polar,20.078,49.15199,POL,time_unique_adjusted_r2
1028,spatial_spd,unique_adjusted_r2,time,0.17488738321633313,North America,Polar,-63.03333,58.2,POL,time_unique_adjusted_r2
1715,spatial_spd,unique_adjusted_r2,time,-0.026507885822206534,North America,Cold - Warm Summer,-73.03056,46.72639,CWS,time_unique_adjusted_r2
258,spatial_spd,unique_adjusted_r2,time,0.04985822371579818,North America,Cold - Cold Summer,-76.12028,54.04722,CCS,time_unique_adjusted_r2
43533,spatial_spd,unique_adjusted_r2,time,0.3921376731589026,Europe,Temperate,-6.77117,58.26443,TMP,time_unique_adjusted_r2
47502,spatial_spd,unique_adjusted_r2,time,0.18975092587268827,Latin America,Temperate,-79.14519,-3.98978,TMP,time_unique_adjusted_r2
2266,spatial_spd,unique_adjusted_r2,time,0.10390766301186194,North America,Cold - Warm Summer,-58.8,48.26,CWS,time_unique_adjusted_r2
24055,spatial_spd,unique_adjusted_r2,time,0.022878561979331358,Europe,Cold - Cold Summer,11.45624,46.63707,CCS,time_unique_adjusted_r2
287,spatial_spd,unique_adjusted_r2,time,0.0656142781860426,North America,Cold - Hot Summer,-89.86667,43.08333,CHS,time_unique_adjusted_r2
329,spatial_spd,unique_adjusted_r2,time,-0.021144371513987625,North America,Cold - Warm Summer,-73.86806,45.96111,CWS,time_unique_adjusted_r2
1548,spatial_spd,unique_adjusted_r2,time,-0.014242327436083446,North America,Cold - Warm Summer,-92.58798,46.71359,CWS,time_unique_adjusted_r2
285,spatial_spd,unique_adjusted_r2,time,0.1192874934194793,Oceania,Cold - Cold Summer,148.31667,-36.41667,CCS,time_unique_adjusted_r2
40914,spatial_spd,unique_adjusted_r2,time,0.04844891165686882,North America,Cold - Warm Summer,-72.3758,44.359,CWS,time_unique_adjusted_r2
45395,spatial_spd,unique_adjusted_r2,time,0.1822269403705783,Europe,Cold - Warm Summer,27.06917,57.73722,CWS,time_unique_adjusted_r2
46630,spatial_spd,unique_adjusted_r2,time,0.34677661867073173,North America,Temperate - Dry Summer,-123.68572,48.58358,TDS,time_unique_adjusted_r2
4549,spatial_spd,unique_adjusted_r2,time,-0.016741541337790378,Europe,Polar,11.025,46.85833,POL,time_unique_adjusted_r2
18100,spatial_spd,unique_adjusted_r2,time,0.03247858181284191,Latin America,Tropical,-67.88831,10.09484,TRO,time_unique_adjusted_r2
15366,spatial_spd,unique_adjusted_r2,time,-0.016779215159208105,Latin America,Polar,-77.47606,-7.63643,POL,time_unique_adjusted_r2
15203,spatial_spd,unique_adjusted_r2,time,-0.017668052358423947,North America,Cold - Warm Summer,-79.95306,43.46139,CWS,time_unique_adjusted_r2
15594,spatial_spd,unique_adjusted_r2,time,0.04922110036907745,North America,Cold - Dry Summer,-116.66502,33.76797,CDS,time_unique_adjusted_r2
15724,spatial_spd,unique_adjusted_r2,time,0.11703452949948923,North America,Cold - Cold Summer,-149.908,64.413,CCS,time_unique_adjusted_r2
14923,spatial_spd,unique_adjusted_r2,time,0.5624050483335385,North America,Arid,-113.44306,45.83801,ARD,time_unique_adjusted_r2
17404,spatial_spd,unique_adjusted_r2,time,0.01523430772660972,North America,Cold - Warm Summer,-86.48457,46.14313,CWS,time_unique_adjusted_r2
16131,spatial_spd,unique_adjusted_r2,time,-0.14992121900732114,North America,Cold - Dry Summer,-115.4879,41.7816,CDS,time_unique_adjusted_r2
3471,spatial_spd,unique_adjusted_r2,time,0.025137725834253888,North America,Polar,-76.37833,57.11667,POL,time_unique_adjusted_r2
1631,spatial_spd,unique_adjusted_r2,time,0.04845515584300408,Latin America,Polar,-76.61667,-10.76667,POL,time_unique_adjusted_r2
3130,spatial_spd,unique_adjusted_r2,time,0.045776121010573934,North America,Cold - Warm Summer,-73.97256,44.18038,CWS,time_unique_adjusted_r2
22791,spatial_spd,unique_adjusted_r2,time,0.2300332749846934,Europe,Cold - Warm Summer,8.06643,47.92904,CWS,time_unique_adjusted_r2
4259,spatial_spd,unique_adjusted_r2,time,0.059199748969990584,Europe,Cold - Cold Summer,26.23393,62.34206,CCS,time_unique_adjusted_r2
24863,spatial_spd,unique_adjusted_r2,time,0.13497757878890015,Europe,Temperate,-0.09583,47.22167,TMP,time_unique_adjusted_r2
4425,spatial_spd,unique_adjusted_r2,time,-0.0485661438859325,Europe,Cold - Warm Summer,6.33639,44.42,CWS,time_unique_adjusted_r2
1633,spatial_spd,unique_adjusted_r2,time,0.08588748146853442,North America,Cold - Hot Summer,-92.82755,45.04603,CHS,time_unique_adjusted_r2
15392,spatial_spd,unique_adjusted_r2,time,0.03861234121537027,North America,Polar,-63.25413,67.18071,POL,time_unique_adjusted_r2
22344,spatial_spd,unique_adjusted_r2,time,-0.04525235828461338,Europe,Cold - Warm Summer,13.32283,49.15026,CWS,time_unique_adjusted_r2
1755,spatial_spd,unique_adjusted_r2,time,0.18922027223907478,North America,Cold - Cold Summer,-155.03333,66.91667,CCS,time_unique_adjusted_r2
45281,spatial_spd,unique_adjusted_r2,time,0.0878198248838471,Europe,Cold - Cold Summer,25.27361,47.1125,CCS,time_unique_adjusted_r2
2352,spatial_spd,unique_adjusted_r2,time,0.02855055715797472,North America,Cold - Cold Summer,-145.21667,68.26667,CCS,time_unique_adjusted_r2
32426,spatial_spd,unique_adjusted_r2,time,0.004739478013772169,Oceania,Temperate,145.96036,-41.45226,TMP,time_unique_adjusted_r2
4393,spatial_spd,unique_adjusted_r2,time,0.10769415764292689,Europe,Cold - Cold Summer,24.17439,60.43763,CCS,time_unique_adjusted_r2
4421,spatial_spd,unique_adjusted_r2,time,0.2242931974731046,Europe,Temperate,-5.228,58.055,TMP,time_unique_adjusted_r2
22960,spatial_spd,unique_adjusted_r2,time,0.18246994251081405,Europe,Polar,7.97638,46.6798,POL,time_unique_adjusted_r2
4377,spatial_spd,unique_adjusted_r2,time,0.15059673901953163,Europe,Cold - Warm Summer,21.27687,49.42344,CWS,time_unique_adjusted_r2
3048,spatial_spd,unique_adjusted_r2,time,0.2632146548735612,North America,Cold - Cold Summer,-119.48333,56.76667,CCS,time_unique_adjusted_r2
857,spatial_spd,unique_adjusted_r2,time,0.06957840375767077,North America,Cold - Warm Summer,-73.47583,46.27583,CWS,time_unique_adjusted_r2
699,spatial_spd,unique_adjusted_r2,time,0.050968775432837954,North America,Temperate,-76.45,36.58333,TMP,time_unique_adjusted_r2
1621,spatial_spd,unique_adjusted_r2,time,0.07358042577157475,Latin America,Tropical,-42.21667,-17.95,TRO,time_unique_adjusted_r2
20833,spatial_spd,unique_adjusted_r2,time,-0.010826265373292454,North America,Cold - Warm Summer,-106.51142,36.04623,CWS,time_unique_adjusted_r2
15904,spatial_spd,unique_adjusted_r2,time,0.04615125389348895,North America,Cold - Warm Summer,-78.40148,43.0402,CWS,time_unique_adjusted_r2
2049,spatial_spd,unique_adjusted_r2,time,0.1077922915277949,North America,Cold - Cold Summer,-105.54167,40.08333,CCS,time_unique_adjusted_r2
324,spatial_spd,unique_adjusted_r2,time,0.2548335109471008,North America,Cold - Warm Summer,-73.5711,42.5862,CWS,time_unique_adjusted_r2
40111,spatial_spd,unique_adjusted_r2,time,0.3619018784347353,North America,Temperate,-80.77947,34.16459,TMP,time_unique_adjusted_r2
2381,spatial_spd,unique_adjusted_r2,time,-0.01982079197217046,North America,Cold - Cold Summer,-107.01325,44.26894,CCS,time_unique_adjusted_r2
17385,spatial_spd,unique_adjusted_r2,time,-0.0266743010519781,North America,Cold - Cold Summer,-148.24906,62.84226,CCS,time_unique_adjusted_r2
1769,spatial_spd,unique_adjusted_r2,time,0.2198474749313214,North America,Cold - Cold Summer,-58.05,52.26667,CCS,time_unique_adjusted_r2
1142,spatial_spd,unique_adjusted_r2,time,0.09300853360587369,North America,Cold - Cold Summer,-66.08333,66.135,CCS,time_unique_adjusted_r2
796,spatial_spd,unique_adjusted_r2,time,-0.01759170396756915,North America,Cold - Cold Summer,-110.3,44.06667,CCS,time_unique_adjusted_r2
510,spatial_spd,unique_adjusted_r2,time,0.058913619481802515,North America,Cold - Warm Summer,-73.34194,45.96083,CWS,time_unique_adjusted_r2
22942,spatial_spd,unique_adjusted_r2,time,0.2446589951764757,Europe,Cold - Warm Summer,20.20581,53.75192,CWS,time_unique_adjusted_r2
16133,spatial_spd,unique_adjusted_r2,time,-0.044230667822418024,North America,Arid,-115.518,41.1294,ARD,time_unique_adjusted_r2
44896,spatial_spd,unique_adjusted_r2,time,0.2364266244965848,Europe,Temperate,-4.10186,53.19743,TMP,time_unique_adjusted_r2
16219,spatial_spd,unique_adjusted_r2,time,0.3300498124671808,Europe,Temperate,-7.68021,53.40001,TMP,time_unique_adjusted_r2
24952,spatial_spd,unique_adjusted_r2,time,0.06637051613732659,Europe,Temperate,5.32667,46.53944,TMP,time_unique_adjusted_r2
41909,spatial_spd,unique_adjusted_r2,time,0.15822120111921223,Europe,Temperate - Dry Summer,-7.57639,40.34167,TDS,time_unique_adjusted_r2
1762,spatial_spd,unique_adjusted_r2,time,0.13044844805525457,North America,Cold - Cold Summer,-107.6975,37.73778,CCS,time_unique_adjusted_r2
1639,spatial_spd,unique_adjusted_r2,time,0.03818932106932438,North America,Cold - Warm Summer,-93.60713,47.28046,CWS,time_unique_adjusted_r2
4473,spatial_spd,unique_adjusted_r2,time,0.26489590707530386,Europe,Cold - Warm Summer,21.1,49.63333,CWS,time_unique_adjusted_r2
15955,spatial_spd,unique_adjusted_r2,time,0.13040116704751026,Latin America,Polar,-79.1631,-2.77175,POL,time_unique_adjusted_r2
1661,spatial_spd,unique_adjusted_r2,time,0.005464050404262566,North America,Cold - Hot Summer,-75.66667,40.48333,CHS,time_unique_adjusted_r2
48769,spatial_spd,unique_adjusted_r2,time,0.29468897332093047,Europe,Temperate,8.76777,53.65389,TMP,time_unique_adjusted_r2
22407,spatial_spd,unique_adjusted_r2,time,-0.0031778261913029127,North America,Cold - Dry Summer,-121.78506,44.76171,CDS,time_unique_adjusted_r2
24032,spatial_spd,unique_adjusted_r2,time,-0.041629574447079376,Europe,Cold - Warm Summer,24.33333,41.98333,CWS,time_unique_adjusted_r2
40642,spatial_spd,unique_adjusted_r2,time,-0.009035384037677563,Europe,Cold - Cold Summer,7.47917,46.31167,CCS,time_unique_adjusted_r2
41589,spatial_spd,unique_adjusted_r2,time,0.0829461858695989,Europe,Polar,7.40589,46.38679,POL,time_unique_adjusted_r2
40958,spatial_spd,unique_adjusted_r2,time,0.027428100684106838,Europe,Cold - Warm Summer,8.9773,47.77416,CWS,time_unique_adjusted_r2
2654,spatial_spd,unique_adjusted_r2,time,-0.05436851964936218,North America,Cold - Warm Summer,-73.31694,45.54583,CWS,time_unique_adjusted_r2
1160,spatial_spd,unique_adjusted_r2,time,-0.09971988206509297,North America,Temperate,-85.7263,37.43148,TMP,time_unique_adjusted_r2
823,spatial_spd,unique_adjusted_r2,time,-0.008217808629922385,North America,Cold - Warm Summer,-79.39,45.41,CWS,time_unique_adjusted_r2
342,spatial_spd,unique_adjusted_r2,time,-0.02942352517723512,Europe,Cold - Cold Summer,7.69444,44.15,CCS,time_unique_adjusted_r2
21903,spatial_spd,unique_adjusted_r2,time,-0.0431791651803366,Latin America,Tropical,-77.1432,2.0024,TRO,time_unique_adjusted_r2
1443,spatial_spd,unique_adjusted_r2,time,0.07890772104877275,Latin America,Polar,-69.18333,-14.8,POL,time_unique_adjusted_r2
20029,spatial_spd,unique_adjusted_r2,time,0.17333367290324508,Europe,Polar,27.71667,70.83333,POL,time_unique_adjusted_r2
17393,spatial_spd,unique_adjusted_r2,time,0.2550015134349404,North America,Cold - Dry Summer,-121.49568,49.98997,CDS,time_unique_adjusted_r2
22976,spatial_spd,unique_adjusted_r2,time,-0.09244705123163655,Europe,Temperate - Dry Summer,10.89211,42.98735,TDS,time_unique_adjusted_r2
22709,spatial_spd,unique_adjusted_r2,time,0.10943058083940549,Europe,Temperate,-6.27778,57.6225,TMP,time_unique_adjusted_r2
15902,spatial_spd,unique_adjusted_r2,time,0.43228056458734376,North America,Temperate,-127.27054,51.00367,TMP,time_unique_adjusted_r2
20295,spatial_spd,unique_adjusted_r2,time,0.03668623153252348,North America,Cold - Dry Summer,-133.56345,60.44414,CDS,time_unique_adjusted_r2
4192,spatial_spd,unique_adjusted_r2,time,0.5155667580718618,Europe,Cold - Warm Summer,17.38084,52.54901,CWS,time_unique_adjusted_r2
44723,spatial_spd,unique_adjusted_r2,time,0.13379315214063803,Europe,Cold - Warm Summer,8.08088,47.09076,CWS,time_unique_adjusted_r2
316,spatial_spd,unique_adjusted_r2,time,0.18438421842052677,North America,Cold - Hot Summer,-79.61639,38.15472,CHS,time_unique_adjusted_r2
22049,spatial_spd,unique_adjusted_r2,time,-0.06754318226655076,Latin America,Temperate,-74.15686,4.99445,TMP,time_unique_adjusted_r2
318,spatial_spd,unique_adjusted_r2,time,-0.007426734439110572,North America,Cold - Cold Summer,-110.26056,44.29861,CCS,time_unique_adjusted_r2
3492,spatial_spd,unique_adjusted_r2,time,-0.059637521321407094,North America,Cold - Warm Summer,-95.01084,47.24089,CWS,time_unique_adjusted_r2
678,spatial_spd,unique_adjusted_r2,time,0.09887193523419302,North America,Cold - Cold Summer,-118.7,62.05,CCS,time_unique_adjusted_r2
2637,spatial_spd,unique_adjusted_r2,time,-0.05394325566023572,North America,Cold - Dry Summer,-145.7,63.06667,CDS,time_unique_adjusted_r2
1704,spatial_spd,unique_adjusted_r2,time,0.40716513458753845,North America,Cold - Cold Summer,-133.46667,68.26667,CCS,time_unique_adjusted_r2
4286,spatial_spd,unique_adjusted_r2,time,0.3829161148821596,Europe,Cold - Cold Summer,21,68.91667,CCS,time_unique_adjusted_r2
20131,spatial_spd,unique_adjusted_r2,time,0.08457637735559487,Europe,Temperate,6.62428,52.76867,TMP,time_unique_adjusted_r2
2286,spatial_spd,unique_adjusted_r2,time,-0.036241711267747334,North America,Cold - Warm Summer,-73.33083,45.96389,CWS,time_unique_adjusted_r2
673,spatial_spd,unique_adjusted_r2,time,0.12040005509462315,North America,Cold - Cold Summer,-71.83333,44.03333,CCS,time_unique_adjusted_r2
3473,spatial_spd,unique_adjusted_r2,time,0.0017935190400232282,North America,Cold - Warm Summer,-89.9,46.25,CWS,time_unique_adjusted_r2
17396,spatial_spd,unique_adjusted_r2,time,0.016302480091347493,North America,Cold - Warm Summer,-94.6867,46.96784,CWS,time_unique_adjusted_r2
19323,spatial_spd,unique_adjusted_r2,time,0.12677866610549426,North America,Cold - Dry Summer,-104.94659,66.34697,CDS,time_unique_adjusted_r2
533,spatial_spd,unique_adjusted_r2,time,0.0111573637027792,North America,Cold - Cold Summer,-110.248,44.5048,CCS,time_unique_adjusted_r2
4213,spatial_spd,unique_adjusted_r2,time,0.18291343451929487,Europe,Cold - Warm Summer,7.29917,47.03194,CWS,time_unique_adjusted_r2
22687,spatial_spd,unique_adjusted_r2,time,0.7778621412602027,Europe,Cold - Warm Summer,12.91361,52.31361,CWS,time_unique_adjusted_r2
41527,spatial_spd,unique_adjusted_r2,time,0.17426073147213095,Europe,Temperate,-5.76889,43.52889,TMP,time_unique_adjusted_r2
4492,spatial_spd,unique_adjusted_r2,time,0.14448329266871307,Europe,Temperate,-3.43333,43.15,TMP,time_unique_adjusted_r2
45345,spatial_spd,unique_adjusted_r2,time,0.1062956256604346,Europe,Cold - Cold Summer,9.41694,63.05972,CCS,time_unique_adjusted_r2
21314,spatial_spd,unique_adjusted_r2,time,0.12731168735344012,North America,Cold - Cold Summer,-145.45606,60.52977,CCS,time_unique_adjusted_r2
516,spatial_spd,unique_adjusted_r2,time,0.08999644174596377,North America,Cold - Warm Summer,-78.1,44.1,CWS,time_unique_adjusted_r2
2289,spatial_spd,unique_adjusted_r2,time,0.1885285550447232,North America,Cold - Warm Summer,-77.925,41.91667,CWS,time_unique_adjusted_r2
40450,spatial_spd,unique_adjusted_r2,time,0.02267820707098711,Europe,Cold - Warm Summer,6.99669,47.01867,CWS,time_unique_adjusted_r2
40791,spatial_spd,unique_adjusted_r2,time,0.05199898694997929,North America,Cold - Warm Summer,-73.0961,42.3768,CWS,time_unique_adjusted_r2
22757,spatial_spd,unique_adjusted_r2,time,-0.039090531689143115,Europe,Cold - Cold Summer,13.86258,48.77426,CCS,time_unique_adjusted_r2
46672,spatial_spd,unique_adjusted_r2,time,-0.027894182588793615,North America,Temperate,-135.01426,56.54997,TMP,time_unique_adjusted_r2
45701,spatial_spd,unique_adjusted_r2,time,0.10820144467966963,Europe,Cold - Cold Summer,10.35774,61.1078,CCS,time_unique_adjusted_r2
2377,spatial_spd,unique_adjusted_r2,time,-0.014578726250272012,North America,Cold - Warm Summer,-64.18333,45.01667,CWS,time_unique_adjusted_r2
275,spatial_spd,unique_adjusted_r2,time,0.06944465715182879,North America,Cold - Warm Summer,-94.55363,46.2693,CWS,time_unique_adjusted_r2
18104,spatial_spd,unique_adjusted_r2,time,0.2465998870859808,Latin America,Temperate - Dry Summer,-71.05064,-36.86011,TDS,time_unique_adjusted_r2
3042,spatial_spd,unique_adjusted_r2,time,-0.03958030019447245,North America,Cold - Warm Summer,-80.4,43.91,CWS,time_unique_adjusted_r2
17292,spatial_spd,unique_adjusted_r2,time,-0.02864843091005853,North America,Cold - Cold Summer,-105.26667,55.26667,CCS,time_unique_adjusted_r2
22101,spatial_spd,unique_adjusted_r2,time,-0.054881737220115245,Latin America,Polar,-76.09258,6.47451,POL,time_unique_adjusted_r2
4479,spatial_spd,unique_adjusted_r2,time,0.23704517110944223,Europe,Cold - Warm Summer,21.56259,49.73807,CWS,time_unique_adjusted_r2
4017,spatial_spd,unique_adjusted_r2,time,0.37191970103003813,Europe,Cold - Cold Summer,33.85,62.31667,CCS,time_unique_adjusted_r2
2879,spatial_spd,unique_adjusted_r2,time,0.05779733308707369,North America,Cold - Cold Summer,-116.3678,50.78295,CCS,time_unique_adjusted_r2
20281,spatial_spd,unique_adjusted_r2,time,0.1420799459959362,North America,Arid,-135.34404,60.81122,ARD,time_unique_adjusted_r2
19937,spatial_spd,unique_adjusted_r2,time,0.07076743805318297,North America,Cold - Hot Summer,-86.52289,41.75667,CHS,time_unique_adjusted_r2
3582,spatial_spd,unique_adjusted_r2,time,0.05819098687094959,North America,Temperate,-76.68333,36.16667,TMP,time_unique_adjusted_r2
48616,spatial_spd,unique_adjusted_r2,time,0.22648652066679853,North America,Cold - Cold Summer,-120.65228,53.60656,CCS,time_unique_adjusted_r2
40976,spatial_spd,unique_adjusted_r2,time,0.12885301229045087,North America,Temperate - Dry Summer,-125.1271,49.7887,TDS,time_unique_adjusted_r2
19913,spatial_spd,unique_adjusted_r2,time,0.12792559710242268,Europe,Cold - Cold Summer,14.45,63.88333,CCS,time_unique_adjusted_r2
20678,spatial_spd,unique_adjusted_r2,time,0.006222342795556779,North America,Cold - Dry Summer,-120.223,41.38,CDS,time_unique_adjusted_r2
15333,spatial_spd,unique_adjusted_r2,time,0.1782862933925241,North America,Arid,-135.76982,60.84984,ARD,time_unique_adjusted_r2
497,spatial_spd,unique_adjusted_r2,time,0.19560888655681308,North America,Cold - Hot Summer,-93.27,42.02,CHS,time_unique_adjusted_r2
2611,spatial_spd,unique_adjusted_r2,time,0.3221505398927885,North America,Cold - Dry Summer,-137.95778,60.95,CDS,time_unique_adjusted_r2
1965,spatial_spd,unique_adjusted_r2,time,0.023811617370142146,North America,Cold - Warm Summer,-79.78,44.93,CWS,time_unique_adjusted_r2
1703,spatial_spd,unique_adjusted_r2,time,0.11980600701432631,North America,Cold - Warm Summer,-71.42278,47.07778,CWS,time_unique_adjusted_r2
2011,spatial_spd,unique_adjusted_r2,time,0.015026223569077124,North America,Cold - Warm Summer,-88.1,43.4,CWS,time_unique_adjusted_r2
40988,spatial_spd,unique_adjusted_r2,time,-0.034783789077309724,North America,Cold - Warm Summer,-72.1952,42.6749,CWS,time_unique_adjusted_r2
14110,spatial_spd,unique_adjusted_r2,time,0.11565407777136705,Europe,Temperate,-6.42829,52.95764,TMP,time_unique_adjusted_r2
2576,spatial_spd,unique_adjusted_r2,time,0.11325589865296026,North America,Cold - Warm Summer,-110.35,44.93333,CWS,time_unique_adjusted_r2
41485,spatial_spd,unique_adjusted_r2,time,0.05930341338792533,Europe,Temperate,-8.46915,54.77481,TMP,time_unique_adjusted_r2
15866,spatial_spd,unique_adjusted_r2,time,0.32760435789477493,North America,Cold - Warm Summer,-75.27217,41.03345,CWS,time_unique_adjusted_r2
41762,spatial_spd,unique_adjusted_r2,time,-0.002608380727391224,North America,Cold - Warm Summer,-114.37266,48.15888,CWS,time_unique_adjusted_r2
22786,spatial_spd,unique_adjusted_r2,time,0.1754936700038211,Europe,Cold - Cold Summer,8.51833,46.445,CCS,time_unique_adjusted_r2
14498,spatial_spd,unique_adjusted_r2,time,-0.01292161123529223,North America,Cold - Cold Summer,-115.93464,50.77669,CCS,time_unique_adjusted_r2
24089,spatial_spd,unique_adjusted_r2,time,-0.004646304288674519,Europe,Cold - Warm Summer,13.48881,50.52085,CWS,time_unique_adjusted_r2
688,spatial_spd,unique_adjusted_r2,time,0.2729435378200412,North America,Polar,-69.95833,60.9875,POL,time_unique_adjusted_r2
20304,spatial_spd,unique_adjusted_r2,time,0.031552646478413604,North America,Cold - Cold Summer,-106.84506,37.6097,CCS,time_unique_adjusted_r2
45698,spatial_spd,unique_adjusted_r2,time,0.1450121830416672,Europe,Cold - Cold Summer,10.87192,60.83329,CCS,time_unique_adjusted_r2
1654,spatial_spd,unique_adjusted_r2,time,-0.04127175320914267,Latin America,Polar,-76.35,-11.56667,POL,time_unique_adjusted_r2
21708,spatial_spd,unique_adjusted_r2,time,0.0023212996892407745,Latin America,Temperate - Dry Summer,-73.77985,5.42453,TDS,time_unique_adjusted_r2
1902,spatial_spd,unique_adjusted_r2,time,0.2137953525228713,North America,Cold - Dry Summer,-121.43286,49.49253,CDS,time_unique_adjusted_r2
24996,spatial_spd,unique_adjusted_r2,time,0.017272659629939513,Europe,Cold - Cold Summer,5.88528,45.05611,CCS,time_unique_adjusted_r2
821,spatial_spd,unique_adjusted_r2,time,-0.008465792465864874,North America,Cold - Warm Summer,-72.98278,45.28278,CWS,time_unique_adjusted_r2
22047,spatial_spd,unique_adjusted_r2,time,0.19494622235999248,Latin America,Temperate,-74.15686,4.99445,TMP,time_unique_adjusted_r2
20050,spatial_spd,unique_adjusted_r2,time,0.07512242711908812,Europe,Cold - Cold Summer,6,59.81667,CCS,time_unique_adjusted_r2
45351,spatial_spd,unique_adjusted_r2,time,0.22580043287259488,Europe,Cold - Cold Summer,10.26778,61.5625,CCS,time_unique_adjusted_r2
2050,spatial_spd,unique_adjusted_r2,time,-0.004093657974002296,North America,Cold - Cold Summer,-152.6,67.25,CCS,time_unique_adjusted_r2
22805,spatial_spd,unique_adjusted_r2,time,-0.0570093793709614,Europe,Temperate,2.43806,42.16222,TMP,time_unique_adjusted_r2
1890,spatial_spd,unique_adjusted_r2,time,0.15362336562598677,North America,Cold - Cold Summer,-66.26667,50.55,CCS,time_unique_adjusted_r2
2588,spatial_spd,unique_adjusted_r2,time,0.0013603262954340334,North America,Cold - Cold Summer,-107.08325,38.82933,CCS,time_unique_adjusted_r2
239,spatial_spd,unique_adjusted_r2,time,0.2398218997605297,North America,Temperate - Dry Summer,-122.49167,45.8,TDS,time_unique_adjusted_r2
14803,spatial_spd,unique_adjusted_r2,time,0.25653905195342075,North America,Cold - Cold Summer,-114.98364,45.70637,CCS,time_unique_adjusted_r2
15413,spatial_spd,unique_adjusted_r2,time,-0.03777215697069358,North America,Cold - Dry Summer,-150.76444,60.62067,CDS,time_unique_adjusted_r2
4555,spatial_spd,unique_adjusted_r2,time,0.1293558162157834,Europe,Cold - Cold Summer,6.74944,45.88472,CCS,time_unique_adjusted_r2
48982,spatial_spd,unique_adjusted_r2,time,0.0402931120893818,Europe,Cold - Cold Summer,6.74944,45.88472,CCS,time_unique_adjusted_r2
343,spatial_spd,unique_adjusted_r2,time,0.16816191027070226,North America,Cold - Dry Summer,-120.88056,45.91806,CDS,time_unique_adjusted_r2
2025,spatial_spd,unique_adjusted_r2,time,0.1686128126682822,North America,Cold - Cold Summer,-153.65,67.14722,CCS,time_unique_adjusted_r2
24048,spatial_spd,unique_adjusted_r2,time,-0.012604123394217126,Europe,Polar,8.25556,46.54722,POL,time_unique_adjusted_r2
1003,spatial_spd,unique_adjusted_r2,time,0.098066443708416,North America,Cold - Dry Summer,-138.38333,68.38333,CDS,time_unique_adjusted_r2
3563,spatial_spd,unique_adjusted_r2,time,0.11556954339534786,North America,Cold - Hot Summer,-85.25,41.58306,CHS,time_unique_adjusted_r2
46292,spatial_spd,unique_adjusted_r2,time,0.028111125535938752,North America,Cold - Warm Summer,-113.91295,47.24042,CWS,time_unique_adjusted_r2
834,spatial_spd,unique_adjusted_r2,time,-0.001075026479832264,North America,Cold - Cold Summer,-101.68167,54.74222,CCS,time_unique_adjusted_r2
20279,spatial_spd,unique_adjusted_r2,time,0.0412164866345599,Europe,Polar,25.36415,71.07382,POL,time_unique_adjusted_r2
4415,spatial_spd,unique_adjusted_r2,time,-0.016535034155333972,Europe,Cold - Cold Summer,32.96292,65.09296,CCS,time_unique_adjusted_r2
20012,spatial_spd,unique_adjusted_r2,time,0.17075904999860192,Europe,Temperate,13.58333,68.13333,TMP,time_unique_adjusted_r2
24080,spatial_spd,unique_adjusted_r2,time,0.07256519052382171,Europe,Cold - Cold Summer,10.33554,46.46957,CCS,time_unique_adjusted_r2
2004,spatial_spd,unique_adjusted_r2,time,0.09312119129770502,North America,Cold - Cold Summer,-110.56667,64.11667,CCS,time_unique_adjusted_r2
15101,spatial_spd,unique_adjusted_r2,time,0.07811971551332686,Latin America,Temperate - Dry Summer,-71.4207,-42.50389,TDS,time_unique_adjusted_r2
3774,spatial_spd,unique_adjusted_r2,time,0.08169920123224172,North America,Cold - Warm Summer,-98.60348,47.06837,CWS,time_unique_adjusted_r2
1771,spatial_spd,unique_adjusted_r2,time,0.3049882083119285,Latin America,Polar,-73,-50.46667,POL,time_unique_adjusted_r2
15967,spatial_spd,unique_adjusted_r2,time,-0.0096314112535818,North America,Cold - Dry Summer,-111.52408,34.77379,CDS,time_unique_adjusted_r2
1607,spatial_spd,unique_adjusted_r2,time,0.05603309557924363,North America,Cold - Warm Summer,-81.31667,48.4,CWS,time_unique_adjusted_r2
17336,spatial_spd,unique_adjusted_r2,time,0.08479592363394084,Europe,Temperate,-8.15353,52.37189,TMP,time_unique_adjusted_r2
987,spatial_spd,unique_adjusted_r2,time,0.08369625236457667,North America,Cold - Cold Summer,-55.51667,50.76889,CCS,time_unique_adjusted_r2
15646,spatial_spd,unique_adjusted_r2,time,-0.0189971763051765,North America,Cold - Dry Summer,-122.5609,41.34563,CDS,time_unique_adjusted_r2
15061,spatial_spd,unique_adjusted_r2,time,0.1669477738964622,Latin America,Temperate - Dry Summer,-71.29522,-42.35994,TDS,time_unique_adjusted_r2
20609,spatial_spd,unique_adjusted_r2,time,0.28855192166199073,North America,Cold - Warm Summer,-119.30346,52.10981,CWS,time_unique_adjusted_r2
40448,spatial_spd,unique_adjusted_r2,time,0.2744786634413052,Europe,Polar,10.26429,46.81088,POL,time_unique_adjusted_r2
3046,spatial_spd,unique_adjusted_r2,time,0.21250523792897447,North America,Cold - Warm Summer,-79.63778,48.50389,CWS,time_unique_adjusted_r2
1610,spatial_spd,unique_adjusted_r2,time,-0.01760079834078143,Latin America,Arid,-67.83333,-53.5,ARD,time_unique_adjusted_r2
331,spatial_spd,unique_adjusted_r2,time,0.0012543701073285396,North America,Temperate,-85.01667,30.26667,TMP,time_unique_adjusted_r2
1711,spatial_spd,unique_adjusted_r2,time,-0.023208239135743436,Latin America,Temperate - Dry Summer,-71.46667,-41.25,TDS,time_unique_adjusted_r2
48931,spatial_spd,unique_adjusted_r2,time,0.3242074290509209,Europe,Arid,-4.14498,41.31848,ARD,time_unique_adjusted_r2
3935,spatial_spd,unique_adjusted_r2,time,0.05973884194684387,Europe,Cold - Warm Summer,15.19097,49.04174,CWS,time_unique_adjusted_r2
15032,spatial_spd,unique_adjusted_r2,time,0.09136258053915847,North America,Cold - Warm Summer,-88.32806,47.12324,CWS,time_unique_adjusted_r2
4445,spatial_spd,unique_adjusted_r2,time,0.1700616833671863,Europe,Temperate,8.61199,56.12781,TMP,time_unique_adjusted_r2
15417,spatial_spd,unique_adjusted_r2,time,-0.07744617966754896,North America,Cold - Dry Summer,-130.84004,57.481,CDS,time_unique_adjusted_r2
4391,spatial_spd,unique_adjusted_r2,time,0.13326197735500223,Europe,Cold - Cold Summer,32.63333,64.08333,CCS,time_unique_adjusted_r2
24867,spatial_spd,unique_adjusted_r2,time,0.17134651142351476,Europe,Temperate,-1.50278,47.40278,TMP,time_unique_adjusted_r2
3484,spatial_spd,unique_adjusted_r2,time,0.02206022652412587,North America,Temperate,-83.25833,30.725,TMP,time_unique_adjusted_r2
317,spatial_spd,unique_adjusted_r2,time,-0.016620634118200583,Europe,Cold - Cold Summer,28.39012,70.17739,CCS,time_unique_adjusted_r2
21926,spatial_spd,unique_adjusted_r2,time,0.04092414668744848,Latin America,Polar,-74.10008,5.07352,POL,time_unique_adjusted_r2
42563,spatial_spd,unique_adjusted_r2,time,0.10915942638731813,Europe,Temperate,-8.39009,55.01806,TMP,time_unique_adjusted_r2
777,spatial_spd,unique_adjusted_r2,time,0.028686582990036347,North America,Cold - Cold Summer,-58.55,53.23333,CCS,time_unique_adjusted_r2
40566,spatial_spd,unique_adjusted_r2,time,0.08518928550142102,Europe,Cold - Warm Summer,8.83094,47.61335,CWS,time_unique_adjusted_r2
15403,spatial_spd,unique_adjusted_r2,time,-0.03485263022773122,North America,Cold - Warm Summer,-95.40482,47.68075,CWS,time_unique_adjusted_r2
20194,spatial_spd,unique_adjusted_r2,time,-0.03070510379639746,North America,Arid,-103.62565,48.60626,ARD,time_unique_adjusted_r2
4372,spatial_spd,unique_adjusted_r2,time,0.07064492792807697,Europe,Cold - Cold Summer,20.31667,69.35,CCS,time_unique_adjusted_r2
4382,spatial_spd,unique_adjusted_r2,time,0.317544543217148,Europe,Cold - Warm Summer,8.32556,47.07556,CWS,time_unique_adjusted_r2
16193,spatial_spd,unique_adjusted_r2,time,-0.03544177473796206,North America,Cold - Warm Summer,-78.32909,44.08857,CWS,time_unique_adjusted_r2
42720,spatial_spd,unique_adjusted_r2,time,0.30951791476523427,Europe,Cold - Warm Summer,6.75027,50.0978,CWS,time_unique_adjusted_r2
811,spatial_spd,unique_adjusted_r2,time,0.020184535538320003,North America,Cold - Dry Summer,-156.03333,68.13333,CDS,time_unique_adjusted_r2
22828,spatial_spd,unique_adjusted_r2,time,0.08319766395648187,Europe,Cold - Warm Summer,23.52821,47.80939,CWS,time_unique_adjusted_r2
1657,spatial_spd,unique_adjusted_r2,time,0.5404153378990003,North America,Cold - Cold Summer,-119.71667,56.71667,CCS,time_unique_adjusted_r2
1520,spatial_spd,unique_adjusted_r2,time,0.25043629382557886,North America,Cold - Hot Summer,-93.1249,44.7693,CHS,time_unique_adjusted_r2
1663,spatial_spd,unique_adjusted_r2,time,0.01900194504350594,North America,Cold - Warm Summer,-68.2,45.03333,CWS,time_unique_adjusted_r2
14512,spatial_spd,unique_adjusted_r2,time,0.3813480434638491,Europe,Temperate,-7.41421,53.36487,TMP,time_unique_adjusted_r2
356,spatial_spd,unique_adjusted_r2,time,-0.004882500386646504,Latin America,Polar,-68.15,-16.36667,POL,time_unique_adjusted_r2
519,spatial_spd,unique_adjusted_r2,time,0.22159487185624127,North America,Cold - Warm Summer,-81.26667,49.18333,CWS,time_unique_adjusted_r2
15715,spatial_spd,unique_adjusted_r2,time,0.06091419703278944,North America,Cold - Dry Summer,-120.78,42.556,CDS,time_unique_adjusted_r2
3047,spatial_spd,unique_adjusted_r2,time,-0.04091081070770897,North America,Cold - Warm Summer,-87.94333,46.75414,CWS,time_unique_adjusted_r2
20018,spatial_spd,unique_adjusted_r2,time,0.0887403284735081,Europe,Polar,10.39435,62.33017,POL,time_unique_adjusted_r2
281,spatial_spd,unique_adjusted_r2,time,0.36476824247888395,North America,Temperate,-88.47444,33.56333,TMP,time_unique_adjusted_r2
21603,spatial_spd,unique_adjusted_r2,time,0.2636921205035033,Latin America,Arid,-71.70905,-13.09272,ARD,time_unique_adjusted_r2
48917,spatial_spd,unique_adjusted_r2,time,-0.03661350872915348,Europe,Cold - Warm Summer,22.42306,58.52611,CWS,time_unique_adjusted_r2
304,spatial_spd,unique_adjusted_r2,time,0.031248276915035955,North America,Temperate,-97.12611,30.36,TMP,time_unique_adjusted_r2
15035,spatial_spd,unique_adjusted_r2,time,0.0021224825462461405,North America,Cold - Warm Summer,-89.0935,47.91059,CWS,time_unique_adjusted_r2
1849,spatial_spd,unique_adjusted_r2,time,0.16299359102908273,North America,Cold - Cold Summer,-57.75,53.05,CCS,time_unique_adjusted_r2
16212,spatial_spd,unique_adjusted_r2,time,0.2122955318771198,Europe,Cold - Warm Summer,-2.84844,41.99772,CWS,time_unique_adjusted_r2
1705,spatial_spd,unique_adjusted_r2,time,0.3211628461086218,North America,Temperate,-122.54722,49.30833,TMP,time_unique_adjusted_r2
492,spatial_spd,unique_adjusted_r2,time,0.12560539981917018,North America,Temperate,-78.95401,33.79844,TMP,time_unique_adjusted_r2
4203,spatial_spd,unique_adjusted_r2,time,0.029486528362553388,Europe,Cold - Warm Summer,27.57509,59.30546,CWS,time_unique_adjusted_r2
42722,spatial_spd,unique_adjusted_r2,time,0.06160682580157817,North America,Cold - Warm Summer,-55.4959,48.24689,CWS,time_unique_adjusted_r2
550,spatial_spd,unique_adjusted_r2,time,0.19244100555184884,North America,Temperate - Dry Summer,-122.25,46.59167,TDS,time_unique_adjusted_r2
3830,spatial_spd,unique_adjusted_r2,time,0.03397394928951358,North America,Cold - Warm Summer,-74.05822,44.14671,CWS,time_unique_adjusted_r2
17359,spatial_spd,unique_adjusted_r2,time,-0.004019432067669526,North America,Cold - Cold Summer,-149.26043,63.88385,CCS,time_unique_adjusted_r2
40579,spatial_spd,unique_adjusted_r2,time,0.17010580534271402,Europe,Cold - Cold Summer,8.51833,46.445,CCS,time_unique_adjusted_r2
41183,spatial_spd,unique_adjusted_r2,time,0.06375420310607338,North America,Cold - Dry Summer,-149.91417,60.25387,CDS,time_unique_adjusted_r2
15189,spatial_spd,unique_adjusted_r2,time,-0.003590928913425051,North America,Cold - Cold Summer,-152.49547,67.10883,CCS,time_unique_adjusted_r2
534,spatial_spd,unique_adjusted_r2,time,0.08394625465177641,North America,Cold - Warm Summer,-111.18333,44.125,CWS,time_unique_adjusted_r2
4362,spatial_spd,unique_adjusted_r2,time,-0.03788669088274266,Europe,Cold - Warm Summer,27.25948,57.68477,CWS,time_unique_adjusted_r2
41770,spatial_spd,unique_adjusted_r2,time,0.21827345111870555,Europe,Temperate,8.92794,45.99663,TMP,time_unique_adjusted_r2
45101,spatial_spd,unique_adjusted_r2,time,-0.01637557578812232,Europe,Arid,21.91667,40.81667,ARD,time_unique_adjusted_r2
4288,spatial_spd,unique_adjusted_r2,time,0.06214738480583526,Europe,Cold - Cold Summer,33.5,61.80556,CCS,time_unique_adjusted_r2
22814,spatial_spd,unique_adjusted_r2,time,-0.015571748255885809,Europe,Cold - Warm Summer,25.89735,46.12662,CWS,time_unique_adjusted_r2
2951,spatial_spd,unique_adjusted_r2,time,-0.03516716360034389,North America,Cold - Cold Summer,-57.3,51.51667,CCS,time_unique_adjusted_r2
4403,spatial_spd,unique_adjusted_r2,time,0.5598654078886923,Europe,Cold - Warm Summer,12.41426,57.16313,CWS,time_unique_adjusted_r2
1006,spatial_spd,unique_adjusted_r2,time,0.041638143876330025,North America,Cold - Cold Summer,-146.9075,64.44444,CCS,time_unique_adjusted_r2
871,spatial_spd,unique_adjusted_r2,time,0.0013691910996294077,North America,Cold - Warm Summer,-74.37083,45.94583,CWS,time_unique_adjusted_r2
17371,spatial_spd,unique_adjusted_r2,time,0.03177074393648627,Latin America,Polar,-67.83333,-54.71667,POL,time_unique_adjusted_r2
1448,spatial_spd,unique_adjusted_r2,time,-0.04720408009735755,North America,Cold - Warm Summer,-87.84806,44.23806,CWS,time_unique_adjusted_r2
24155,spatial_spd,unique_adjusted_r2,time,0.10685720430331735,Europe,Cold - Cold Summer,22.05346,68.68811,CCS,time_unique_adjusted_r2
40454,spatial_spd,unique_adjusted_r2,time,0.1932687198609655,Europe,Temperate,7.12361,46.935,TMP,time_unique_adjusted_r2
22817,spatial_spd,unique_adjusted_r2,time,0.39181963668987163,Europe,Cold - Warm Summer,13.25694,52.58583,CWS,time_unique_adjusted_r2
25232,spatial_spd,unique_adjusted_r2,time,-0.07796073007301318,Europe,Temperate,2.5175,45.07611,TMP,time_unique_adjusted_r2
43525,spatial_spd,unique_adjusted_r2,time,0.12564036275209023,Europe,Temperate,-7.27146,57.35101,TMP,time_unique_adjusted_r2
20046,spatial_spd,unique_adjusted_r2,time,0.20610171261275922,Europe,Polar,8.66667,61.41667,POL,time_unique_adjusted_r2
4209,spatial_spd,unique_adjusted_r2,time,0.08422775626112622,Europe,Temperate,-4.74263,56.00316,TMP,time_unique_adjusted_r2
1622,spatial_spd,unique_adjusted_r2,time,-0.0487297103107478,North America,Cold - Warm Summer,-55.47306,49.47139,CWS,time_unique_adjusted_r2
4467,spatial_spd,unique_adjusted_r2,time,-0.06779114788094187,Europe,Cold - Cold Summer,23.56001,42.06517,CCS,time_unique_adjusted_r2
15793,spatial_spd,unique_adjusted_r2,time,0.07087215964628257,North America,Cold - Warm Summer,-67.4015,46.89286,CWS,time_unique_adjusted_r2
15680,spatial_spd,unique_adjusted_r2,time,0.05081588058338826,North America,Cold - Dry Summer,-120.38753,39.05223,CDS,time_unique_adjusted_r2
3928,spatial_spd,unique_adjusted_r2,time,0.1325339403761363,Europe,Cold - Cold Summer,32.76667,62.03333,CCS,time_unique_adjusted_r2
4531,spatial_spd,unique_adjusted_r2,time,0.07953480805468383,Europe,Cold - Warm Summer,22.38333,58.46667,CWS,time_unique_adjusted_r2
2314,spatial_spd,unique_adjusted_r2,time,0.25484600841194416,North America,Cold - Hot Summer,-93.86307,44.86829,CHS,time_unique_adjusted_r2
339,spatial_spd,unique_adjusted_r2,time,0.0033892814623587286,North America,Cold - Warm Summer,-64.94,48.19778,CWS,time_unique_adjusted_r2
1807,spatial_spd,unique_adjusted_r2,time,0.10946273860018818,North America,Cold - Warm Summer,-81.5,46.6,CWS,time_unique_adjusted_r2
514,spatial_spd,unique_adjusted_r2,time,-0.06753416590946137,North America,Polar,-106.41121,38.82854,POL,time_unique_adjusted_r2
3125,spatial_spd,unique_adjusted_r2,time,0.07065839310893263,North America,Cold - Cold Summer,-99.6594,50.6907,CCS,time_unique_adjusted_r2
20922,spatial_spd,unique_adjusted_r2,time,-0.008716796490414125,North America,Cold - Cold Summer,-106.25685,41.37674,CCS,time_unique_adjusted_r2
41606,spatial_spd,unique_adjusted_r2,time,0.20304970609835715,North America,Polar,-124.688,58.485,POL,time_unique_adjusted_r2
352,spatial_spd,unique_adjusted_r2,time,0.09763999544180113,North America,Cold - Hot Summer,-93.19722,45.41111,CHS,time_unique_adjusted_r2
17304,spatial_spd,unique_adjusted_r2,time,0.037023730148644574,North America,Cold - Warm Summer,-89.5565,45.51884,CWS,time_unique_adjusted_r2
22732,spatial_spd,unique_adjusted_r2,time,0.06966916242416521,Europe,Cold - Warm Summer,7.69021,45.68554,CWS,time_unique_adjusted_r2
2609,spatial_spd,unique_adjusted_r2,time,0.015626019102928712,North America,Cold - Hot Summer,-84.68944,40.21667,CHS,time_unique_adjusted_r2
48798,spatial_spd,unique_adjusted_r2,time,0.1744130154290663,Europe,Temperate,8.72184,53.67137,TMP,time_unique_adjusted_r2
21978,spatial_spd,unique_adjusted_r2,time,0.06121817263724749,Latin America,Temperate,-74.15686,4.99445,TMP,time_unique_adjusted_r2
22793,spatial_spd,unique_adjusted_r2,time,0.17825762476120655,Europe,Cold - Cold Summer,10.47806,46.86278,CCS,time_unique_adjusted_r2
15766,spatial_spd,unique_adjusted_r2,time,-0.0014637138542252792,North America,Temperate - Dry Summer,-118.99583,36.98158,TDS,time_unique_adjusted_r2
46481,spatial_spd,unique_adjusted_r2,time,0.14456699694798714,Europe,Cold - Warm Summer,32.0275,56.28528,CWS,time_unique_adjusted_r2
17713,spatial_spd,unique_adjusted_r2,time,-0.025819419768952967,North America,Cold - Cold Summer,-104.94231,55.42836,CCS,time_unique_adjusted_r2
20651,spatial_spd,unique_adjusted_r2,time,-0.018344347984724174,North America,Polar,-138.092,61.018,POL,time_unique_adjusted_r2
47520,spatial_spd,unique_adjusted_r2,time,0.05977638545322783,Europe,Cold - Cold Summer,13.39869,49.07402,CCS,time_unique_adjusted_r2
4359,spatial_spd,unique_adjusted_r2,time,0.09019663019525337,Europe,Temperate,1.64583,45.84972,TMP,time_unique_adjusted_r2
1788,spatial_spd,unique_adjusted_r2,time,0.0608568861969222,North America,Polar,-128.8,63.01667,POL,time_unique_adjusted_r2
4183,spatial_spd,unique_adjusted_r2,time,-0.013300879947617972,Europe,Cold - Cold Summer,30.53333,64.56667,CCS,time_unique_adjusted_r2
816,spatial_spd,unique_adjusted_r2,time,0.07886142304690469,North America,Temperate - Dry Summer,-119.83333,37,TDS,time_unique_adjusted_r2
3056,spatial_spd,unique_adjusted_r2,time,0.08865851363295307,North America,Polar,-105.51561,37.56888,POL,time_unique_adjusted_r2
40803,spatial_spd,unique_adjusted_r2,time,0.07109207348998281,North America,Cold - Hot Summer,-70.63644,41.56329,CHS,time_unique_adjusted_r2
16278,spatial_spd,unique_adjusted_r2,time,0.04055115491592953,North America,Cold - Warm Summer,-78.10417,44.16583,CWS,time_unique_adjusted_r2
1632,spatial_spd,unique_adjusted_r2,time,0.16532860967606933,North America,Cold - Dry Summer,-135.4,59.2,CDS,time_unique_adjusted_r2
1904,spatial_spd,unique_adjusted_r2,time,0.030394093749585682,North America,Cold - Warm Summer,-75.80833,45.46944,CWS,time_unique_adjusted_r2
48948,spatial_spd,unique_adjusted_r2,time,-0.047650116767620765,Europe,Polar,6.59028,44.99361,POL,time_unique_adjusted_r2
25837,spatial_spd,unique_adjusted_r2,time,0.34975933500752143,Europe,Cold - Cold Summer,12.13889,47.24306,CCS,time_unique_adjusted_r2
2961,spatial_spd,unique_adjusted_r2,time,-0.015052244711742602,North America,Cold - Hot Summer,-85.38333,42.4,CHS,time_unique_adjusted_r2
4145,spatial_spd,unique_adjusted_r2,time,0.09835450496351517,Europe,Cold - Cold Summer,32.16667,65.08333,CCS,time_unique_adjusted_r2
1152,spatial_spd,unique_adjusted_r2,time,0.09335730049757851,North America,Cold - Cold Summer,-107.03333,38.865,CCS,time_unique_adjusted_r2
3468,spatial_spd,unique_adjusted_r2,time,0.24442142279324797,North America,Cold - Hot Summer,-93.69945,45.41613,CHS,time_unique_adjusted_r2
15586,spatial_spd,unique_adjusted_r2,time,0.43356364768487443,North America,Cold - Dry Summer,-116.0839,44.8993,CDS,time_unique_adjusted_r2
22908,spatial_spd,unique_adjusted_r2,time,0.03796988500811649,Europe,Temperate,7.38985,45.05242,TMP,time_unique_adjusted_r2
1104,spatial_spd,unique_adjusted_r2,time,-0.036919141659531474,North America,Cold - Dry Summer,-150.32555,60.46562,CDS,time_unique_adjusted_r2
2623,spatial_spd,unique_adjusted_r2,time,0.17281098612485468,North America,Cold - Hot Summer,-74.48333,40.4,CHS,time_unique_adjusted_r2
1626,spatial_spd,unique_adjusted_r2,time,-0.047006083804780774,North America,Cold - Warm Summer,-65.81278,49.20778,CWS,time_unique_adjusted_r2
24091,spatial_spd,unique_adjusted_r2,time,0.20444343503347928,Europe,Cold - Warm Summer,11.67907,46.75939,CWS,time_unique_adjusted_r2
45381,spatial_spd,unique_adjusted_r2,time,0.13070128894220057,Europe,Cold - Warm Summer,25,59.43333,CWS,time_unique_adjusted_r2
24303,spatial_spd,unique_adjusted_r2,time,0.43291572444968185,Europe,Polar,8.02556,46.38972,POL,time_unique_adjusted_r2
228,spatial_spd,unique_adjusted_r2,time,0.2541561073553934,North America,Temperate - Dry Summer,-119.25586,37.15702,TDS,time_unique_adjusted_r2
32,spatial_spd,unique_adjusted_r2,time,0.028869793524150866,Latin America,Polar,-68.98333,-15.23333,POL,time_unique_adjusted_r2
1002,spatial_spd,unique_adjusted_r2,time,0.08140719356113191,North America,Cold - Warm Summer,-80.41333,43.23667,CWS,time_unique_adjusted_r2
2953,spatial_spd,unique_adjusted_r2,time,0.11098494315357743,North America,Temperate,-124.84444,48.67222,TMP,time_unique_adjusted_r2
1648,spatial_spd,unique_adjusted_r2,time,0.025091405814023693,North America,Temperate,-81.35466,27.20427,TMP,time_unique_adjusted_r2
15776,spatial_spd,unique_adjusted_r2,time,0.12297174154203627,North America,Temperate - Dry Summer,-120.65033,39.4591,TDS,time_unique_adjusted_r2
2593,spatial_spd,unique_adjusted_r2,time,-0.047415832830887905,North America,Cold - Hot Summer,-74.18424,41.23597,CHS,time_unique_adjusted_r2
45716,spatial_spd,unique_adjusted_r2,time,0.029461030934037846,Europe,Polar,6.99194,59.84139,POL,time_unique_adjusted_r2
15394,spatial_spd,unique_adjusted_r2,time,-0.03461877818871284,Latin America,Tropical,-78.69181,22.16,TRO,time_unique_adjusted_r2
1766,spatial_spd,unique_adjusted_r2,time,-0.04747191828720465,North America,Arid,-111.7528,34.6488,ARD,time_unique_adjusted_r2
22851,spatial_spd,unique_adjusted_r2,time,0.20912835573196475,Europe,Cold - Warm Summer,14.61586,53.85885,CWS,time_unique_adjusted_r2
48925,spatial_spd,unique_adjusted_r2,time,-0.08595113279198507,North America,Cold - Warm Summer,-69.04601,46.40468,CWS,time_unique_adjusted_r2
17368,spatial_spd,unique_adjusted_r2,time,0.12137535777996034,Latin America,Polar,-67.75,-54.33333,POL,time_unique_adjusted_r2
4120,spatial_spd,unique_adjusted_r2,time,0.29145060152180224,Europe,Cold - Warm Summer,21.8875,49.3705,CWS,time_unique_adjusted_r2
18123,spatial_spd,unique_adjusted_r2,time,0.17369986573499774,Latin America,Arid,-71.38341,-49.03244,ARD,time_unique_adjusted_r2
43295,spatial_spd,unique_adjusted_r2,time,0.024199103655065057,Latin America,Cold - Dry Summer,-71.56444,-44.90858,CDS,time_unique_adjusted_r2
15259,spatial_spd,unique_adjusted_r2,time,0.07559352855176893,Latin America,Polar,-67.29727,-54.87129,POL,time_unique_adjusted_r2
15682,spatial_spd,unique_adjusted_r2,time,-0.006031762091189274,North America,Cold - Warm Summer,-87.923,46.83146,CWS,time_unique_adjusted_r2
24461,spatial_spd,unique_adjusted_r2,time,0.08119263587037429,Europe,Cold - Warm Summer,3.6,44.43333,CWS,time_unique_adjusted_r2
19995,spatial_spd,unique_adjusted_r2,time,0.03817634914098278,North America,Cold - Cold Summer,-121.50872,53.64304,CCS,time_unique_adjusted_r2
48782,spatial_spd,unique_adjusted_r2,time,0.18754496140110055,Europe,Temperate,8.71572,53.67106,TMP,time_unique_adjusted_r2
1970,spatial_spd,unique_adjusted_r2,time,-0.02281379130037453,North America,Arid,-111.69798,37.93564,ARD,time_unique_adjusted_r2
41835,spatial_spd,unique_adjusted_r2,time,0.11401519887989375,Europe,Cold - Cold Summer,9.84504,46.49394,CCS,time_unique_adjusted_r2
4436,spatial_spd,unique_adjusted_r2,time,0.25002882100427437,Europe,Temperate,-6.25833,54.77694,TMP,time_unique_adjusted_r2
16073,spatial_spd,unique_adjusted_r2,time,0.2252584153731596,North America,Temperate - Dry Summer,-123.03632,39.48917,TDS,time_unique_adjusted_r2
16236,spatial_spd,unique_adjusted_r2,time,-0.02677322510275082,North America,Cold - Cold Summer,-149.68333,68.65359,CCS,time_unique_adjusted_r2
2880,spatial_spd,unique_adjusted_r2,time,-0.041890530240379475,North America,Cold - Cold Summer,-108.10256,37.46906,CCS,time_unique_adjusted_r2
513,spatial_spd,unique_adjusted_r2,time,0.05563000224094938,North America,Cold - Hot Summer,-99.92606,44.82568,CHS,time_unique_adjusted_r2
1856,spatial_spd,unique_adjusted_r2,time,-0.006637688213836923,North America,Cold - Cold Summer,-109.92,43.45917,CCS,time_unique_adjusted_r2
40844,spatial_spd,unique_adjusted_r2,time,0.03847515822372849,North America,Cold - Hot Summer,-71.0133,41.8815,CHS,time_unique_adjusted_r2
4308,spatial_spd,unique_adjusted_r2,time,0.15531645074865563,Europe,Cold - Warm Summer,24.68735,58.00009,CWS,time_unique_adjusted_r2
42668,spatial_spd,unique_adjusted_r2,time,0.15997647705091167,Europe,Cold - Warm Summer,8.26188,48.42584,CWS,time_unique_adjusted_r2
1001,spatial_spd,unique_adjusted_r2,time,-0.011928807552722853,North America,Cold - Dry Summer,-129.01667,60.03333,CDS,time_unique_adjusted_r2
369,spatial_spd,unique_adjusted_r2,time,0.05841045222924901,North America,Cold - Warm Summer,-83.24111,43.12389,CWS,time_unique_adjusted_r2
21838,spatial_spd,unique_adjusted_r2,time,0.0375033925634104,Latin America,Polar,-72.34629,6.38712,POL,time_unique_adjusted_r2
506,spatial_spd,unique_adjusted_r2,time,0.019725233684329435,North America,Cold - Cold Summer,-107.08549,38.87102,CCS,time_unique_adjusted_r2
1733,spatial_spd,unique_adjusted_r2,time,0.14502461012389145,North America,Cold - Cold Summer,-126.11667,65.21667,CCS,time_unique_adjusted_r2
19967,spatial_spd,unique_adjusted_r2,time,-0.061780905290457544,North America,Cold - Warm Summer,-81.00585,44.73314,CWS,time_unique_adjusted_r2
PVT_Dabsan_Lake,spatial_spd,unique_adjusted_r2,time,0.03387961622286728,Asia,Arid,95.5,37.1,ARD,time_unique_adjusted_r2
PVT_Daihai_Lake_2004,spatial_spd,unique_adjusted_r2,time,0.029527121194429906,Asia,Arid,112.67,40.58,ARD,time_unique_adjusted_r2
PVT_Dalianhai_Lake,spatial_spd,unique_adjusted_r2,time,-0.05801011004802792,Asia,Arid,100.41,36.25,ARD,time_unique_adjusted_r2
PVT_Gonghai_Lake,spatial_spd,unique_adjusted_r2,time,0.10555499290073,Asia,Cold - Dry Winter,112.23,38.9,CDW,time_unique_adjusted_r2
PVT_Manas_Lake_LM1,spatial_spd,unique_adjusted_r2,time,0.13087655956527144,Asia,Arid,85.92,45.83,ARD,time_unique_adjusted_r2
PVT_Qidong,spatial_spd,unique_adjusted_r2,time,0.14517264321607004,Asia,Temperate,121.7,31.9,TMP,time_unique_adjusted_r2
PVT_Qinghai_Lake_QH2000,spatial_spd,unique_adjusted_r2,time,-0.006696048422191181,Asia,Cold - Dry Winter,100.52,36.67,CDW,time_unique_adjusted_r2
PVT_Sihailongwan_Lake,spatial_spd,unique_adjusted_r2,time,0.013067040104299377,Asia,Cold - Dry Winter,126.6,42.28,CDW,time_unique_adjusted_r2
PVT_Ximen_Co,spatial_spd,unique_adjusted_r2,time,-0.03571763867911204,Asia,Polar,101.47,33.38,POL,time_unique_adjusted_r2
PVT_Xingyun_Lake,spatial_spd,unique_adjusted_r2,time,0.22363745190863704,Asia,Temperate - Dry Winter,102.78,24.34,TDW,time_unique_adjusted_r2
PVT_Akkol_Lake,spatial_spd,unique_adjusted_r2,time,0.030792524520227182,Asia,Polar,89.63,50.25,POL,time_unique_adjusted_r2
PVT_Ayongwama_Co,spatial_spd,unique_adjusted_r2,time,-0.0394275509165557,Asia,Polar,98.2,34.83,POL,time_unique_adjusted_r2
PVT_Chaiwopu_Lake,spatial_spd,unique_adjusted_r2,time,-0.059027775944316074,Asia,Arid,87.78,43.55,ARD,time_unique_adjusted_r2
PVT_Dahaizi_Lake,spatial_spd,unique_adjusted_r2,time,0.0762352247880913,Asia,Temperate - Dry Winter,102.67,27.83,TDW,time_unique_adjusted_r2
PVT_Dajiuhu_2013,spatial_spd,unique_adjusted_r2,time,0.0826041451855768,Asia,Cold - Dry Winter,110,31.49,CDW,time_unique_adjusted_r2
PVT_Dali_Nur_Jiangjunpaozi_Lake,spatial_spd,unique_adjusted_r2,time,-0.048792883822089905,Asia,Cold - Dry Winter,117.47,42.374,CDW,time_unique_adjusted_r2
PVT_Dali_Nur_Liuzhouwan_Lake,spatial_spd,unique_adjusted_r2,time,0.039577074973266124,Asia,Cold - Dry Winter,116.683,42.70733,CDW,time_unique_adjusted_r2
PVT_Dongganchi,spatial_spd,unique_adjusted_r2,time,-0.03944986223890656,Asia,Cold - Dry Winter,115.78,39.53,CDW,time_unique_adjusted_r2
PVT_Erhai_Lake,spatial_spd,unique_adjusted_r2,time,0.11220953880549245,Asia,Temperate - Dry Winter,100.2,25.77,TDW,time_unique_adjusted_r2
PVT_Erhailongwan_Lake,spatial_spd,unique_adjusted_r2,time,0.009792815231915553,Asia,Cold - Dry Winter,126.37,42.3,CDW,time_unique_adjusted_r2
PVT_Ganhai_Lake,spatial_spd,unique_adjusted_r2,time,0.08014424872689163,Asia,Cold - Dry Winter,112.19,38.89,CDW,time_unique_adjusted_r2
PVT_Gantang,spatial_spd,unique_adjusted_r2,time,-0.003412718151833194,Asia,Temperate,119.03,26.77,TMP,time_unique_adjusted_r2
PVT_Guangfulin,spatial_spd,unique_adjusted_r2,time,0.022105526868306913,Asia,Temperate,121.19,31.06,TMP,time_unique_adjusted_r2
PVT_Huguangyan_Maer_LakeB,spatial_spd,unique_adjusted_r2,time,0.036618725119209494,Asia,Temperate - Dry Winter,110.28,21.15,TDW,time_unique_adjusted_r2
PVT_Kendegelukol_Lake,spatial_spd,unique_adjusted_r2,time,0.03522770275980591,Asia,Polar,87.64,50.51,POL,time_unique_adjusted_r2
PVT_Koucha_Lake,spatial_spd,unique_adjusted_r2,time,0.0020915017070747277,Asia,Polar,97.24,34.01,POL,time_unique_adjusted_r2
PVT_Kuhai_Lake,spatial_spd,unique_adjusted_r2,time,0.14187929572453428,Asia,Polar,99.31,35.52,POL,time_unique_adjusted_r2
PVT_Longquan_Lake_LC2,spatial_spd,unique_adjusted_r2,time,0.09231593551257866,Asia,Temperate,112.24,31.08,TMP,time_unique_adjusted_r2
PVT_Lop_Nur_Luo4,spatial_spd,unique_adjusted_r2,time,-0.06022412575269542,Asia,Arid,90.25,40.33,ARD,time_unique_adjusted_r2
PVT_Mengcun,spatial_spd,unique_adjusted_r2,time,0.15642997214876242,Asia,Cold - Dry Winter,117.12,38.05,CDW,time_unique_adjusted_r2
PVT_Naleng_Co,spatial_spd,unique_adjusted_r2,time,0.0631387623046965,Asia,Polar,99.76,31.11,POL,time_unique_adjusted_r2
PVT_Nantun,spatial_spd,unique_adjusted_r2,time,-0.026600201130979273,Asia,Temperate - Dry Winter,104.23,26.7,TDW,time_unique_adjusted_r2
PVT_Qigai_Nuur,spatial_spd,unique_adjusted_r2,time,0.09001862092609547,Asia,Arid,109.5,39.5,ARD,time_unique_adjusted_r2
PVT_Qongjiamong_Co,spatial_spd,unique_adjusted_r2,time,0.1614029086227864,Asia,Polar,92.37,29.81,POL,time_unique_adjusted_r2
PVT_Ren_Co_R1,spatial_spd,unique_adjusted_r2,time,-0.002454798951073034,Asia,Polar,96.68,30.73,POL,time_unique_adjusted_r2
PVT_Sanjiaocheng_Section,spatial_spd,unique_adjusted_r2,time,0.019062396807301374,Asia,Arid,103.34,39.01,ARD,time_unique_adjusted_r2
PVT_Sayram_Lake,spatial_spd,unique_adjusted_r2,time,0.0619434343760068,Asia,Cold - Warm Summer,81.09,44.34,CWS,time_unique_adjusted_r2
PVT_Shaamar,spatial_spd,unique_adjusted_r2,time,0.09627114847884566,Asia,Cold - Dry Winter,105.2,50.2,CDW,time_unique_adjusted_r2
PVT_Shayema_Lake,spatial_spd,unique_adjusted_r2,time,0.10269495158834241,Asia,Temperate - Dry Winter,102.22,28.58,TDW,time_unique_adjusted_r2
PVT_Sujiawan,spatial_spd,unique_adjusted_r2,time,0.0586063801380694,Asia,Cold - Dry Winter,104.52,35.54,CDW,time_unique_adjusted_r2
PVT_Tiancai_Lake,spatial_spd,unique_adjusted_r2,time,0.00983650674850245,Asia,Cold - Dry Winter,99.72,26.63,CDW,time_unique_adjusted_r2
PVT_Uzunkol_Lake,spatial_spd,unique_adjusted_r2,time,0.0534296024274411,Asia,Cold - Cold Summer,87.11,50.48,CCS,time_unique_adjusted_r2
PVT_Xiehu_Lake_SO4,spatial_spd,unique_adjusted_r2,time,0.24192190648176493,Asia,Cold - Dry Winter,122.52,37.38,CDW,time_unique_adjusted_r2
PVT_Yidun_Lake,spatial_spd,unique_adjusted_r2,time,0.2633163578215709,Asia,Polar,99.55,30.3,POL,time_unique_adjusted_r2
PVT_Zoige_RH,spatial_spd,unique_adjusted_r2,time,-0.05706323101587274,Asia,Cold - Dry Winter,103.35,33.95,CDW,time_unique_adjusted_r2
cao_8,spatial_spd,unique_adjusted_r2,time,0.1479712277551567,Asia,Cold - Dry Winter,108.9136111,53.95472222,CDW,time_unique_adjusted_r2
cao_57,spatial_spd,unique_adjusted_r2,time,-0.04340890301351352,Asia,Cold - Cold Summer,84.21666667,56.1,CCS,time_unique_adjusted_r2
cao_80,spatial_spd,unique_adjusted_r2,time,0.04186026082431449,Asia,Cold - Cold Summer,88.166667,58.333333,CCS,time_unique_adjusted_r2
cao_101,spatial_spd,unique_adjusted_r2,time,0.05662161341956018,Asia,Cold - Warm Summer,51.84166667,53.025,CWS,time_unique_adjusted_r2
cao_124,spatial_spd,unique_adjusted_r2,time,-0.024654504797639865,Asia,Cold - Cold Summer,84,56.166667,CCS,time_unique_adjusted_r2
cao_134,spatial_spd,unique_adjusted_r2,time,0.08502514250421833,Asia,Cold - Cold Summer,84.83333333,56.33333333,CCS,time_unique_adjusted_r2
cao_158,spatial_spd,unique_adjusted_r2,time,-0.037429057272564514,Asia,Cold - Warm Summer,57.883333,56.316667,CWS,time_unique_adjusted_r2
PANGAEA.884462,spatial_spd,unique_adjusted_r2,time,0.03717666596628677,Asia,Arid,84.38194,43.04583,ARD,time_unique_adjusted_r2
PANGAEA.896256,spatial_spd,unique_adjusted_r2,time,0.09930412141672329,Asia,Arid,86.804,41.931,ARD,time_unique_adjusted_r2
PANGAEA.783359,spatial_spd,unique_adjusted_r2,time,0.05482175736444239,Asia,Temperate - Dry Summer,36.4925,42.2255,TDS,time_unique_adjusted_r2
Lake_Moon,spatial_spd,unique_adjusted_r2,time,0.0415708969006805,Asia,Cold - Dry Winter,120.8665,47.506,CDW,time_unique_adjusted_r2
47817,spatial_spd,unique_adjusted_r2,time,0.007711059234729034,Asia,Arid,81.03134,44.97373,ARD,time_unique_adjusted_r2
876,spatial_spd,unique_adjusted_r2,time,-0.033570269467347535,Asia,Cold - Warm Summer,83.333333,55,CWS,time_unique_adjusted_r2
46462,spatial_spd,unique_adjusted_r2,time,0.19243100436229987,Asia,Cold - Warm Summer,41.039722,55.118056,CWS,time_unique_adjusted_r2
46466,spatial_spd,unique_adjusted_r2,time,0.08342355061955975,Asia,Cold - Warm Summer,38.5838,53.66192,CWS,time_unique_adjusted_r2
46483,spatial_spd,unique_adjusted_r2,time,0.2780096892300097,Asia,Cold - Warm Summer,36.416667,55.166667,CWS,time_unique_adjusted_r2
3896,spatial_spd,unique_adjusted_r2,time,0.0764938388453682,Asia,Cold - Cold Summer,37.516667,66.375,CCS,time_unique_adjusted_r2
46479,spatial_spd,unique_adjusted_r2,time,0.02386079172611766,Asia,Cold - Warm Summer,36.2525,53.834722,CWS,time_unique_adjusted_r2
46485,spatial_spd,unique_adjusted_r2,time,0.12359096358199761,Asia,Cold - Warm Summer,37.333333,56.066667,CWS,time_unique_adjusted_r2
46447,spatial_spd,unique_adjusted_r2,time,0.05218341883723787,Asia,Cold - Cold Summer,35.32822,68.82667,CCS,time_unique_adjusted_r2
2643,spatial_spd,unique_adjusted_r2,time,-0.011975961602361473,Asia,Cold - Warm Summer,132.783333,42.833333,CWS,time_unique_adjusted_r2
1844,spatial_spd,unique_adjusted_r2,time,0.07059142283882036,Asia,Cold - Warm Summer,134.566667,43.25,CWS,time_unique_adjusted_r2
4543,spatial_spd,unique_adjusted_r2,time,0.2896204852277048,Asia,Cold - Cold Summer,36.25,63.9,CCS,time_unique_adjusted_r2
40990,spatial_spd,unique_adjusted_r2,time,-0.011484886474511957,Asia,Cold - Dry Winter,108.133333,52.783333,CDW,time_unique_adjusted_r2
4081,spatial_spd,unique_adjusted_r2,time,0.10946543492307415,Asia,Cold - Dry Winter,106.6188,50.2618,CDW,time_unique_adjusted_r2
3861,spatial_spd,unique_adjusted_r2,time,-0.030810979015991946,Asia,Arid,90.49975,49.48079,ARD,time_unique_adjusted_r2
41247,spatial_spd,unique_adjusted_r2,time,-0.057362594951676726,Asia,Temperate - Dry Winter,99.27974,25.87085,TDW,time_unique_adjusted_r2
15624,spatial_spd,unique_adjusted_r2,time,0.012492829168696984,Asia,Temperate,134.133333333333,35.35,TMP,time_unique_adjusted_r2
41245,spatial_spd,unique_adjusted_r2,time,0.07463515941817822,Asia,Cold - Dry Winter,115.225425,41.632845,CDW,time_unique_adjusted_r2
14612,spatial_spd,unique_adjusted_r2,time,0.07123476336219381,Asia,Arid,96.90074,37.27446,ARD,time_unique_adjusted_r2
15649,spatial_spd,unique_adjusted_r2,time,-0.010609825766998648,Asia,Temperate,136.13079,35.653925,TMP,time_unique_adjusted_r2
14134,spatial_spd,unique_adjusted_r2,time,0.045244609679985115,Asia,Temperate,135.88674,35.51763,TMP,time_unique_adjusted_r2
15656,spatial_spd,unique_adjusted_r2,time,0.02191827523414336,Asia,Temperate,136.11934,35.54912,TMP,time_unique_adjusted_r2
22330,spatial_spd,unique_adjusted_r2,time,0.042060722011185936,Asia,Cold - Warm Summer,42.4969444444444,41.6838888888889,CWS,time_unique_adjusted_r2
15709,spatial_spd,unique_adjusted_r2,time,0.012012896533989847,Asia,Cold - Warm Summer,140.9,40.6166666666667,CWS,time_unique_adjusted_r2
15678,spatial_spd,unique_adjusted_r2,time,0.04777322363962533,Asia,Cold - Hot Summer,134.566666666667,35.4083333333333,CHS,time_unique_adjusted_r2
4137,spatial_spd,unique_adjusted_r2,time,-0.03979433842045377,Asia,Arid,30.8,38.425,ARD,time_unique_adjusted_r2
4442,spatial_spd,unique_adjusted_r2,time,-0.06767493294904137,Asia,Cold - Dry Summer,29.898333,36.9975,CDS,time_unique_adjusted_r2
4509,spatial_spd,unique_adjusted_r2,time,0.09668904049293381,Asia,Cold - Dry Summer,43,38.5,CDS,time_unique_adjusted_r2
24161,spatial_spd,unique_adjusted_r2,time,0.19238629880869473,Asia,Cold - Dry Summer,31.283333,40.6,CDS,time_unique_adjusted_r2
24166,spatial_spd,unique_adjusted_r2,time,-0.058394550389490485,Asia,Temperate - Dry Summer,30.05,37.466667,TDS,time_unique_adjusted_r2
24175,spatial_spd,unique_adjusted_r2,time,0.07378686811821644,Asia,Arid,33.733333,37.5,ARD,time_unique_adjusted_r2
pg_711911,spatial_spd,unique_adjusted_r2,time,0.30270483316015406,Asia,Arid,36.016667,40.916667,ARD,time_unique_adjusted_r2
pg_858056,spatial_spd,unique_adjusted_r2,time,0.09153506640238551,Asia,Temperate - Dry Summer,29.53333,40.43333,TDS,time_unique_adjusted_r2
pg_874340,spatial_spd,unique_adjusted_r2,time,0.07536320389167517,Asia,Arid,35.39417,31.46528,ARD,time_unique_adjusted_r2
pg_884740,spatial_spd,unique_adjusted_r2,time,0.11246705511128285,Asia,Arid,35.58881,32.82328,ARD,time_unique_adjusted_r2
pg_711930,spatial_spd,unique_adjusted_r2,time,0.22653320104389352,Asia,Temperate - Dry Summer,47.716667,33.083333,TDS,time_unique_adjusted_r2
pg_738918,spatial_spd,unique_adjusted_r2,time,0.04760958868512799,Asia,Cold - Dry Summer,46.116667,35.533333,CDS,time_unique_adjusted_r2
ippd_648,spatial_spd,unique_adjusted_r2,time,0.47100849394433353,Oceania,Cold - Warm Summer,148.5,-36.3667,CWS,time_unique_adjusted_r2
ippd_975,spatial_spd,unique_adjusted_r2,time,0.041461553142218555,Oceania,Temperate,151.4667,-32.05,TMP,time_unique_adjusted_r2
ippd_978,spatial_spd,unique_adjusted_r2,time,2.7403427291572413e-5,Oceania,Temperate,150.1,-36.5833,TMP,time_unique_adjusted_r2
ippd_991,spatial_spd,unique_adjusted_r2,time,0.28667168666481435,Oceania,Temperate,149.52,-34.75,TMP,time_unique_adjusted_r2
ippd_1070,spatial_spd,unique_adjusted_r2,time,-0.05719647265293437,Oceania,Tropical,142.95,-5.85,TRO,time_unique_adjusted_r2
ippd_1443,spatial_spd,unique_adjusted_r2,time,-0.02290346298243251,Oceania,Tropical,142.3,-10.2,TRO,time_unique_adjusted_r2
ippd_1999,spatial_spd,unique_adjusted_r2,time,0.05996184470111321,Oceania,Tropical,145.45,-14.67,TRO,time_unique_adjusted_r2
ippd_2000,spatial_spd,unique_adjusted_r2,time,0.04723056849868479,Oceania,Temperate - Dry Winter,145.633,-17.1667,TDW,time_unique_adjusted_r2
ippd_2008,spatial_spd,unique_adjusted_r2,time,0.019077363389736535,Oceania,Temperate,142.6,-38.35,TMP,time_unique_adjusted_r2
ippd_2009,spatial_spd,unique_adjusted_r2,time,0.06396134624778693,Oceania,Temperate,153.41,-27.68,TMP,time_unique_adjusted_r2
ippd_2094,spatial_spd,unique_adjusted_r2,time,0.009886277784986852,Oceania,Temperate,151.3667,-31.9167,TMP,time_unique_adjusted_r2
ippd_2113,spatial_spd,unique_adjusted_r2,time,0.08826788352381187,Oceania,Temperate,153.45,-27.44,TMP,time_unique_adjusted_r2
ippd_2122,spatial_spd,unique_adjusted_r2,time,0.02112077222117048,Oceania,Temperate,150.38,-33.76,TMP,time_unique_adjusted_r2
ippd_2133,spatial_spd,unique_adjusted_r2,time,0.07993881969900718,Oceania,Temperate - Dry Summer,140.581,-37.6094,TDS,time_unique_adjusted_r2
ippd_2160,spatial_spd,unique_adjusted_r2,time,0.06261215586246871,Oceania,Temperate,148.9567,-35.7522,TMP,time_unique_adjusted_r2
ippd_2163,spatial_spd,unique_adjusted_r2,time,0.014039186977231721,Oceania,Temperate,149.5,-36.5167,TMP,time_unique_adjusted_r2
ippd_2179,spatial_spd,unique_adjusted_r2,time,0.4950341354333151,Oceania,Tropical,136.81667,-13.8667,TRO,time_unique_adjusted_r2
ippd_2216,spatial_spd,unique_adjusted_r2,time,0.22977392455348977,Oceania,Temperate,153.167,-25.23,TMP,time_unique_adjusted_r2
ippd_2264,spatial_spd,unique_adjusted_r2,time,-0.05236424330910938,Oceania,Temperate,145.8854,-42.2713,TMP,time_unique_adjusted_r2
ippd_2268,spatial_spd,unique_adjusted_r2,time,0.139302790106398,Oceania,Temperate,153.0613,-25.2171,TMP,time_unique_adjusted_r2
ippd_2270,spatial_spd,unique_adjusted_r2,time,-0.027517265583353878,Oceania,Temperate,150.22,-33.38,TMP,time_unique_adjusted_r2
ippd_2287,spatial_spd,unique_adjusted_r2,time,0.09609481004580767,Oceania,Arid,141.570299,-34.052551,ARD,time_unique_adjusted_r2
ippd_2306,spatial_spd,unique_adjusted_r2,time,0.339160790703843,Oceania,Temperate,145.6667,-41.6667,TMP,time_unique_adjusted_r2
ippd_2308,spatial_spd,unique_adjusted_r2,time,-0.0012210916783104153,Oceania,Temperate,146.0833,-43.2667,TMP,time_unique_adjusted_r2
ippd_2313,spatial_spd,unique_adjusted_r2,time,0.3824701494215712,Oceania,Cold - Warm Summer,148.48333333333332,-36.38333333333333,CWS,time_unique_adjusted_r2
ippd_2357,spatial_spd,unique_adjusted_r2,time,-0.005678403947437016,Oceania,Temperate,149.1333,-37.1,TMP,time_unique_adjusted_r2
46516,spatial_spd,untruncated_hierarchical_contribution,climate,0.2138,Europe,Cold - Warm Summer,28.61129,59.61457,CWS,climate_untruncated_hierarchical_contribution
26606,spatial_spd,untruncated_hierarchical_contribution,climate,0.3514,North America,Cold - Warm Summer,-93.72746,49.65882,CWS,climate_untruncated_hierarchical_contribution
48966,spatial_spd,untruncated_hierarchical_contribution,climate,0.3422,Europe,Temperate,5.75969,52.24479,TMP,climate_untruncated_hierarchical_contribution
3565,spatial_spd,untruncated_hierarchical_contribution,climate,0.5246,North America,Cold - Warm Summer,-71.80778,46.89194,CWS,climate_untruncated_hierarchical_contribution
3032,spatial_spd,untruncated_hierarchical_contribution,climate,0.0871,North America,Cold - Warm Summer,-85.66111,46.42917,CWS,climate_untruncated_hierarchical_contribution
4383,spatial_spd,untruncated_hierarchical_contribution,climate,0.2162,Europe,Cold - Warm Summer,8.32556,47.07556,CWS,climate_untruncated_hierarchical_contribution
45377,spatial_spd,untruncated_hierarchical_contribution,climate,0.1891,Europe,Cold - Warm Summer,24.1,59.075,CWS,climate_untruncated_hierarchical_contribution
236,spatial_spd,untruncated_hierarchical_contribution,climate,0.3177,North America,Cold - Warm Summer,-79.78,47.23,CWS,climate_untruncated_hierarchical_contribution
4170,spatial_spd,untruncated_hierarchical_contribution,climate,0.2854,Europe,Cold - Warm Summer,24.33333,41.98333,CWS,climate_untruncated_hierarchical_contribution
25372,spatial_spd,untruncated_hierarchical_contribution,climate,0.2247,Europe,Temperate,4.07917,47.26194,TMP,climate_untruncated_hierarchical_contribution
46544,spatial_spd,untruncated_hierarchical_contribution,climate,0.3311,Europe,Cold - Warm Summer,25.77353,58.48888,CWS,climate_untruncated_hierarchical_contribution
982,spatial_spd,untruncated_hierarchical_contribution,climate,0.2073,North America,Cold - Warm Summer,-85.11667,44.88333,CWS,climate_untruncated_hierarchical_contribution
26448,spatial_spd,untruncated_hierarchical_contribution,climate,0.1813,Europe,Cold - Cold Summer,10.47833,46.87,CCS,climate_untruncated_hierarchical_contribution
4042,spatial_spd,untruncated_hierarchical_contribution,climate,0.1875,Europe,Cold - Warm Summer,13.67319,58.55679,CWS,climate_untruncated_hierarchical_contribution
3487,spatial_spd,untruncated_hierarchical_contribution,climate,0.1602,North America,Cold - Hot Summer,-97.36301,44.97734,CHS,climate_untruncated_hierarchical_contribution
21675,spatial_spd,untruncated_hierarchical_contribution,climate,0.1649,Latin America,Tropical,-76.5333,3.0833,TRO,climate_untruncated_hierarchical_contribution
26499,spatial_spd,untruncated_hierarchical_contribution,climate,-0.0029,Europe,Polar,11.01283,46.84566,POL,climate_untruncated_hierarchical_contribution
24840,spatial_spd,untruncated_hierarchical_contribution,climate,0.0312,Europe,Temperate,-1.59583,47.27222,TMP,climate_untruncated_hierarchical_contribution
2395,spatial_spd,untruncated_hierarchical_contribution,climate,0.0084,Latin America,Tropical,-90.13333,20.86667,TRO,climate_untruncated_hierarchical_contribution
45347,spatial_spd,untruncated_hierarchical_contribution,climate,0.2856,Europe,Polar,9.83333,62.26667,POL,climate_untruncated_hierarchical_contribution
15922,spatial_spd,untruncated_hierarchical_contribution,climate,0.3114,North America,Cold - Warm Summer,-89.2827,46.2334,CWS,climate_untruncated_hierarchical_contribution
1010,spatial_spd,untruncated_hierarchical_contribution,climate,0.0662,North America,Cold - Cold Summer,-53.13333,47.32222,CCS,climate_untruncated_hierarchical_contribution
4542,spatial_spd,untruncated_hierarchical_contribution,climate,0.4831,Europe,Cold - Cold Summer,32.63333,65.11667,CCS,climate_untruncated_hierarchical_contribution
14944,spatial_spd,untruncated_hierarchical_contribution,climate,0.1117,North America,Cold - Dry Summer,-112.23885,36.63046,CDS,climate_untruncated_hierarchical_contribution
17402,spatial_spd,untruncated_hierarchical_contribution,climate,0.0819,North America,Cold - Cold Summer,-159.77674,60.21151,CCS,climate_untruncated_hierarchical_contribution
234,spatial_spd,untruncated_hierarchical_contribution,climate,0.2982,North America,Cold - Dry Summer,-119.00833,37.59583,CDS,climate_untruncated_hierarchical_contribution
16081,spatial_spd,untruncated_hierarchical_contribution,climate,0.217,North America,Cold - Warm Summer,-62.61486,45.66757,CWS,climate_untruncated_hierarchical_contribution
41421,spatial_spd,untruncated_hierarchical_contribution,climate,0.3704,Europe,Temperate,0.67528,50.90583,TMP,climate_untruncated_hierarchical_contribution
1451,spatial_spd,untruncated_hierarchical_contribution,climate,0.1143,North America,Cold - Warm Summer,-71.56694,48.36583,CWS,climate_untruncated_hierarchical_contribution
785,spatial_spd,untruncated_hierarchical_contribution,climate,0.2743,North America,Cold - Warm Summer,-80.25,44.37,CWS,climate_untruncated_hierarchical_contribution
2311,spatial_spd,untruncated_hierarchical_contribution,climate,0.4588,North America,Cold - Cold Summer,-154.23333,67.06667,CCS,climate_untruncated_hierarchical_contribution
3900,spatial_spd,untruncated_hierarchical_contribution,climate,0.0125,Europe,Temperate,-1.85806,47.18611,TMP,climate_untruncated_hierarchical_contribution
2053,spatial_spd,untruncated_hierarchical_contribution,climate,0.2765,North America,Cold - Warm Summer,-95.28417,46.21194,CWS,climate_untruncated_hierarchical_contribution
1149,spatial_spd,untruncated_hierarchical_contribution,climate,0.2499,North America,Cold - Warm Summer,-77.05,44.48333,CWS,climate_untruncated_hierarchical_contribution
46998,spatial_spd,untruncated_hierarchical_contribution,climate,0.0488,Latin America,Temperate,-79.11214,-4.25547,TMP,climate_untruncated_hierarchical_contribution
46490,spatial_spd,untruncated_hierarchical_contribution,climate,0.3055,Europe,Cold - Warm Summer,29.97722,59.01111,CWS,climate_untruncated_hierarchical_contribution
210,spatial_spd,untruncated_hierarchical_contribution,climate,0.2603,North America,Arid,-105.45,43.5,ARD,climate_untruncated_hierarchical_contribution
4136,spatial_spd,untruncated_hierarchical_contribution,climate,0.1663,Europe,Cold - Cold Summer,28.99524,66.12667,CCS,climate_untruncated_hierarchical_contribution
45192,spatial_spd,untruncated_hierarchical_contribution,climate,0.3849,Europe,Temperate - Dry Summer,-6.07028,42.12611,TDS,climate_untruncated_hierarchical_contribution
15232,spatial_spd,untruncated_hierarchical_contribution,climate,0.1019,North America,Cold - Cold Summer,-118.15429,51.03992,CCS,climate_untruncated_hierarchical_contribution
41467,spatial_spd,untruncated_hierarchical_contribution,climate,0.2313,Europe,Temperate,8.94329,46.05152,TMP,climate_untruncated_hierarchical_contribution
3938,spatial_spd,untruncated_hierarchical_contribution,climate,0.1009,Europe,Cold - Warm Summer,20.67577,52.54316,CWS,climate_untruncated_hierarchical_contribution
2619,spatial_spd,untruncated_hierarchical_contribution,climate,0.0645,North America,Temperate - Dry Summer,-119.81667,37.95,TDS,climate_untruncated_hierarchical_contribution
22988,spatial_spd,untruncated_hierarchical_contribution,climate,0.2374,Europe,Polar,8.01819,46.66807,POL,climate_untruncated_hierarchical_contribution
46803,spatial_spd,untruncated_hierarchical_contribution,climate,0.2271,North America,Cold - Cold Summer,-148.15282,60.68065,CCS,climate_untruncated_hierarchical_contribution
24195,spatial_spd,untruncated_hierarchical_contribution,climate,0.1858,Europe,Cold - Cold Summer,7.84417,46.28306,CCS,climate_untruncated_hierarchical_contribution
306,spatial_spd,untruncated_hierarchical_contribution,climate,0.3773,North America,Cold - Cold Summer,-69.45278,47.45778,CCS,climate_untruncated_hierarchical_contribution
847,spatial_spd,untruncated_hierarchical_contribution,climate,-0.0142,North America,Cold - Hot Summer,-83.63,42.33,CHS,climate_untruncated_hierarchical_contribution
45322,spatial_spd,untruncated_hierarchical_contribution,climate,0.1885,Europe,Temperate - Dry Summer,12.63333,37.61667,TDS,climate_untruncated_hierarchical_contribution
18108,spatial_spd,untruncated_hierarchical_contribution,climate,0.1168,North America,Cold - Cold Summer,-116.9055,49.49605,CCS,climate_untruncated_hierarchical_contribution
42745,spatial_spd,untruncated_hierarchical_contribution,climate,0.0803,North America,Cold - Cold Summer,-138.37522,61.0771,CCS,climate_untruncated_hierarchical_contribution
17689,spatial_spd,untruncated_hierarchical_contribution,climate,0.1902,North America,Cold - Warm Summer,-80.26015,43.26052,CWS,climate_untruncated_hierarchical_contribution
340,spatial_spd,untruncated_hierarchical_contribution,climate,0.1752,North America,Cold - Warm Summer,-68.77344,44.93672,CWS,climate_untruncated_hierarchical_contribution
40634,spatial_spd,untruncated_hierarchical_contribution,climate,0.1677,Europe,Cold - Cold Summer,7.40306,46.42833,CCS,climate_untruncated_hierarchical_contribution
15970,spatial_spd,untruncated_hierarchical_contribution,climate,0.2981,North America,Cold - Cold Summer,-153.66508,62.55151,CCS,climate_untruncated_hierarchical_contribution
17391,spatial_spd,untruncated_hierarchical_contribution,climate,0.1772,North America,Cold - Cold Summer,-162.11413,63.4461,CCS,climate_untruncated_hierarchical_contribution
4539,spatial_spd,untruncated_hierarchical_contribution,climate,0.239,Europe,Cold - Cold Summer,22.86667,62.13333,CCS,climate_untruncated_hierarchical_contribution
25285,spatial_spd,untruncated_hierarchical_contribution,climate,0.2545,Europe,Temperate,5.28333,45.79083,TMP,climate_untruncated_hierarchical_contribution
20293,spatial_spd,untruncated_hierarchical_contribution,climate,0.3395,Europe,Cold - Cold Summer,29.29295,70.6989,CCS,climate_untruncated_hierarchical_contribution
4251,spatial_spd,untruncated_hierarchical_contribution,climate,0.1497,Europe,Temperate,-5.58229,57.62279,TMP,climate_untruncated_hierarchical_contribution
2580,spatial_spd,untruncated_hierarchical_contribution,climate,0.0583,North America,Cold - Cold Summer,-120.66667,57.45,CCS,climate_untruncated_hierarchical_contribution
22773,spatial_spd,untruncated_hierarchical_contribution,climate,0.1018,Europe,Cold - Cold Summer,9.38111,47.17139,CCS,climate_untruncated_hierarchical_contribution
784,spatial_spd,untruncated_hierarchical_contribution,climate,0.1815,Europe,Temperate,21.9525,40.81806,TMP,climate_untruncated_hierarchical_contribution
4472,spatial_spd,untruncated_hierarchical_contribution,climate,0.3561,Europe,Cold - Cold Summer,28.11667,61.21667,CCS,climate_untruncated_hierarchical_contribution
45383,spatial_spd,untruncated_hierarchical_contribution,climate,0.54990000000000006,Europe,Cold - Warm Summer,25.53861,59.48944,CWS,climate_untruncated_hierarchical_contribution
40564,spatial_spd,untruncated_hierarchical_contribution,climate,0.3025,Europe,Cold - Warm Summer,8.83094,47.61335,CWS,climate_untruncated_hierarchical_contribution
13051,spatial_spd,untruncated_hierarchical_contribution,climate,0.1866,North America,Cold - Warm Summer,-96.198,46.5929,CWS,climate_untruncated_hierarchical_contribution
15783,spatial_spd,untruncated_hierarchical_contribution,climate,0.149,North America,Polar,-125.28,71.75,POL,climate_untruncated_hierarchical_contribution
4373,spatial_spd,untruncated_hierarchical_contribution,climate,0.0102,Europe,Temperate,5.65528,45.34833,TMP,climate_untruncated_hierarchical_contribution
45722,spatial_spd,untruncated_hierarchical_contribution,climate,0.3847,Europe,Cold - Warm Summer,7.78231,58.32563,CWS,climate_untruncated_hierarchical_contribution
2270,spatial_spd,untruncated_hierarchical_contribution,climate,0.2599,North America,Cold - Hot Summer,-72.3027,41.3491,CHS,climate_untruncated_hierarchical_contribution
15201,spatial_spd,untruncated_hierarchical_contribution,climate,0.1422,North America,Cold - Cold Summer,-105.5577,39.2855,CCS,climate_untruncated_hierarchical_contribution
260,spatial_spd,untruncated_hierarchical_contribution,climate,0.1977,North America,Cold - Warm Summer,-73.31667,42.5,CWS,climate_untruncated_hierarchical_contribution
21539,spatial_spd,untruncated_hierarchical_contribution,climate,0.3377,Latin America,Tropical,-76.43842,-0.68774,TRO,climate_untruncated_hierarchical_contribution
15829,spatial_spd,untruncated_hierarchical_contribution,climate,0.4111,North America,Polar,-64.26654,63.39458,POL,climate_untruncated_hierarchical_contribution
14799,spatial_spd,untruncated_hierarchical_contribution,climate,0.1493,North America,Cold - Dry Summer,-119.66075,37.84969,CDS,climate_untruncated_hierarchical_contribution
4056,spatial_spd,untruncated_hierarchical_contribution,climate,0.1356,Europe,Temperate,-0.19167,48.44444,TMP,climate_untruncated_hierarchical_contribution
2617,spatial_spd,untruncated_hierarchical_contribution,climate,0.1021,North America,Cold - Hot Summer,-74.03778,41.39139,CHS,climate_untruncated_hierarchical_contribution
42671,spatial_spd,untruncated_hierarchical_contribution,climate,0.2307,Europe,Cold - Warm Summer,8.2395,48.56961,CWS,climate_untruncated_hierarchical_contribution
4058,spatial_spd,untruncated_hierarchical_contribution,climate,0.0561,Europe,Cold - Cold Summer,13.9,47.11667,CCS,climate_untruncated_hierarchical_contribution
20613,spatial_spd,untruncated_hierarchical_contribution,climate,0.1799,North America,Cold - Warm Summer,-112.08801,42.13082,CWS,climate_untruncated_hierarchical_contribution
15738,spatial_spd,untruncated_hierarchical_contribution,climate,0.3586,North America,Cold - Cold Summer,-109.90907,49.66388,CCS,climate_untruncated_hierarchical_contribution
2287,spatial_spd,untruncated_hierarchical_contribution,climate,0.299,North America,Cold - Warm Summer,-79.44,44.18,CWS,climate_untruncated_hierarchical_contribution
22842,spatial_spd,untruncated_hierarchical_contribution,climate,0.1295,Europe,Cold - Cold Summer,7.19861,46.35972,CCS,climate_untruncated_hierarchical_contribution
15288,spatial_spd,untruncated_hierarchical_contribution,climate,0.1003,North America,Temperate,-127.69941,50.18234,TMP,climate_untruncated_hierarchical_contribution
21762,spatial_spd,untruncated_hierarchical_contribution,climate,0.1898,Latin America,Polar,-72.80159,6.16936,POL,climate_untruncated_hierarchical_contribution
1148,spatial_spd,untruncated_hierarchical_contribution,climate,0.2985,North America,Temperate - Dry Summer,-122.575,44.63333,TDS,climate_untruncated_hierarchical_contribution
48721,spatial_spd,untruncated_hierarchical_contribution,climate,0.1803,North America,Cold - Dry Summer,-114.10713,64.0537,CDS,climate_untruncated_hierarchical_contribution
24467,spatial_spd,untruncated_hierarchical_contribution,climate,0.1494,Europe,Temperate,3.13333,49.18333,TMP,climate_untruncated_hierarchical_contribution
1450,spatial_spd,untruncated_hierarchical_contribution,climate,0.031,North America,Cold - Warm Summer,-52.71389,47.59028,CWS,climate_untruncated_hierarchical_contribution
23004,spatial_spd,untruncated_hierarchical_contribution,climate,0.0927,Europe,Cold - Warm Summer,28.01373,51.19139,CWS,climate_untruncated_hierarchical_contribution
2292,spatial_spd,untruncated_hierarchical_contribution,climate,0.0993,North America,Cold - Warm Summer,-69.41028,43.92139,CWS,climate_untruncated_hierarchical_contribution
2391,spatial_spd,untruncated_hierarchical_contribution,climate,0.2087,North America,Cold - Warm Summer,-70.35,43.96667,CWS,climate_untruncated_hierarchical_contribution
1024,spatial_spd,untruncated_hierarchical_contribution,climate,0.3667,North America,Polar,-155.05,67.93333,POL,climate_untruncated_hierarchical_contribution
1642,spatial_spd,untruncated_hierarchical_contribution,climate,0.0038,North America,Temperate - Dry Summer,-123.58764,44.16387,TDS,climate_untruncated_hierarchical_contribution
15785,spatial_spd,untruncated_hierarchical_contribution,climate,0.3092,North America,Polar,-121.1,72.009,POL,climate_untruncated_hierarchical_contribution
1735,spatial_spd,untruncated_hierarchical_contribution,climate,0.0437,North America,Cold - Hot Summer,-89.41667,43.1,CHS,climate_untruncated_hierarchical_contribution
22711,spatial_spd,untruncated_hierarchical_contribution,climate,0.216,Europe,Temperate,-5.34361,57.55889,TMP,climate_untruncated_hierarchical_contribution
24348,spatial_spd,untruncated_hierarchical_contribution,climate,0.1489,Europe,Cold - Cold Summer,2.00833,42.55417,CCS,climate_untruncated_hierarchical_contribution
40992,spatial_spd,untruncated_hierarchical_contribution,climate,0.176,North America,Cold - Warm Summer,-71.1813,43.29,CWS,climate_untruncated_hierarchical_contribution
1786,spatial_spd,untruncated_hierarchical_contribution,climate,0.1214,North America,Cold - Warm Summer,-93.39207,47.97876,CWS,climate_untruncated_hierarchical_contribution
878,spatial_spd,untruncated_hierarchical_contribution,climate,-0.0624,North America,Cold - Warm Summer,-99.2976,49.4427,CWS,climate_untruncated_hierarchical_contribution
44951,spatial_spd,untruncated_hierarchical_contribution,climate,0.2408,Europe,Cold - Warm Summer,20.42349,48.33691,CWS,climate_untruncated_hierarchical_contribution
328,spatial_spd,untruncated_hierarchical_contribution,climate,0.126,North America,Temperate,-86.53333,33.5,TMP,climate_untruncated_hierarchical_contribution
40997,spatial_spd,untruncated_hierarchical_contribution,climate,0.2269,Asia,Cold - Dry Winter,108.91361,53.95472,CDW,climate_untruncated_hierarchical_contribution
42692,spatial_spd,untruncated_hierarchical_contribution,climate,0.1043,Europe,Cold - Warm Summer,8.29455,48.66747,CWS,climate_untruncated_hierarchical_contribution
1968,spatial_spd,untruncated_hierarchical_contribution,climate,0.2206,North America,Cold - Warm Summer,-64.075,46.67361,CWS,climate_untruncated_hierarchical_contribution
309,spatial_spd,untruncated_hierarchical_contribution,climate,0.2033,North America,Cold - Warm Summer,-74.68333,43.91667,CWS,climate_untruncated_hierarchical_contribution
34553,spatial_spd,untruncated_hierarchical_contribution,climate,0.3391,Oceania,Temperate,145.95589,-41.66993,TMP,climate_untruncated_hierarchical_contribution
46730,spatial_spd,untruncated_hierarchical_contribution,climate,0.0879,North America,Cold - Cold Summer,-109.57577,44.96379,CCS,climate_untruncated_hierarchical_contribution
232,spatial_spd,untruncated_hierarchical_contribution,climate,0.2783,North America,Temperate,-83.25389,30.62222,TMP,climate_untruncated_hierarchical_contribution
1719,spatial_spd,untruncated_hierarchical_contribution,climate,0.3004,North America,Cold - Warm Summer,-80.09,45.05,CWS,climate_untruncated_hierarchical_contribution
41027,spatial_spd,untruncated_hierarchical_contribution,climate,0.2906,North America,Cold - Warm Summer,-73.2597,41.852,CWS,climate_untruncated_hierarchical_contribution
45728,spatial_spd,untruncated_hierarchical_contribution,climate,-0.0277,Europe,Cold - Warm Summer,7.91361,58.14445,CWS,climate_untruncated_hierarchical_contribution
29236,spatial_spd,untruncated_hierarchical_contribution,climate,0.1747,Europe,Cold - Warm Summer,6.17361,46.56667,CWS,climate_untruncated_hierarchical_contribution
1841,spatial_spd,untruncated_hierarchical_contribution,climate,0.1499,North America,Cold - Warm Summer,-68.94389,47.53278,CWS,climate_untruncated_hierarchical_contribution
21807,spatial_spd,untruncated_hierarchical_contribution,climate,0.3349,Latin America,Tropical,-89.99202,16.91211,TRO,climate_untruncated_hierarchical_contribution
41631,spatial_spd,untruncated_hierarchical_contribution,climate,0.2764,Europe,Cold - Warm Summer,10.67378,44.1199,CWS,climate_untruncated_hierarchical_contribution
24061,spatial_spd,untruncated_hierarchical_contribution,climate,0.104,Europe,Cold - Cold Summer,11.45833,46.66611,CCS,climate_untruncated_hierarchical_contribution
15667,spatial_spd,untruncated_hierarchical_contribution,climate,0.0261,North America,Cold - Cold Summer,-119.6835,49.1188,CCS,climate_untruncated_hierarchical_contribution
859,spatial_spd,untruncated_hierarchical_contribution,climate,0.3175,North America,Cold - Cold Summer,-110.73333,44.91667,CCS,climate_untruncated_hierarchical_contribution
15462,spatial_spd,untruncated_hierarchical_contribution,climate,0.3597,North America,Cold - Cold Summer,-57.37679,50.71361,CCS,climate_untruncated_hierarchical_contribution
14274,spatial_spd,untruncated_hierarchical_contribution,climate,0.2852,Europe,Temperate,-9.56165,53.76021,TMP,climate_untruncated_hierarchical_contribution
203,spatial_spd,untruncated_hierarchical_contribution,climate,0.1293,North America,Temperate,-85.50396,36.02755,TMP,climate_untruncated_hierarchical_contribution
17320,spatial_spd,untruncated_hierarchical_contribution,climate,0.1382,North America,Cold - Cold Summer,-156.00243,58.75139,CCS,climate_untruncated_hierarchical_contribution
308,spatial_spd,untruncated_hierarchical_contribution,climate,0.2329,North America,Cold - Warm Summer,-70.675,45.56667,CWS,climate_untruncated_hierarchical_contribution
2385,spatial_spd,untruncated_hierarchical_contribution,climate,-0.0654,North America,Cold - Hot Summer,-83.81531,40.35123,CHS,climate_untruncated_hierarchical_contribution
26608,spatial_spd,untruncated_hierarchical_contribution,climate,0.3766,Europe,Temperate - Dry Summer,15.60075,40.92751,TDS,climate_untruncated_hierarchical_contribution
20188,spatial_spd,untruncated_hierarchical_contribution,climate,0.2083,North America,Polar,-170.24989,57.1773,POL,climate_untruncated_hierarchical_contribution
3879,spatial_spd,untruncated_hierarchical_contribution,climate,0.2271,Europe,Temperate,-3.90841,57.31333,TMP,climate_untruncated_hierarchical_contribution
15925,spatial_spd,untruncated_hierarchical_contribution,climate,0.193,North America,Cold - Warm Summer,-89.257,46.13937,CWS,climate_untruncated_hierarchical_contribution
15919,spatial_spd,untruncated_hierarchical_contribution,climate,0.4494,North America,Cold - Warm Summer,-89.29748,46.2435,CWS,climate_untruncated_hierarchical_contribution
1432,spatial_spd,untruncated_hierarchical_contribution,climate,0.4056,North America,Cold - Dry Summer,-161.41667,68.15,CDS,climate_untruncated_hierarchical_contribution
48895,spatial_spd,untruncated_hierarchical_contribution,climate,0.1992,North America,Cold - Warm Summer,-88.00947,47.41767,CWS,climate_untruncated_hierarchical_contribution
2373,spatial_spd,untruncated_hierarchical_contribution,climate,0.2893,North America,Cold - Warm Summer,-72.14694,48.29389,CWS,climate_untruncated_hierarchical_contribution
518,spatial_spd,untruncated_hierarchical_contribution,climate,2e-4,North America,Cold - Warm Summer,-80.28333,38.2,CWS,climate_untruncated_hierarchical_contribution
1445,spatial_spd,untruncated_hierarchical_contribution,climate,0.0054,North America,Cold - Cold Summer,-127.61667,64.16667,CCS,climate_untruncated_hierarchical_contribution
1835,spatial_spd,untruncated_hierarchical_contribution,climate,0.4249,North America,Polar,-116.3125,51.34306,POL,climate_untruncated_hierarchical_contribution
15325,spatial_spd,untruncated_hierarchical_contribution,climate,0.1094,North America,Cold - Warm Summer,-72.1862,42.536,CWS,climate_untruncated_hierarchical_contribution
1823,spatial_spd,untruncated_hierarchical_contribution,climate,0.1743,North America,Polar,-116.35,51.35972,POL,climate_untruncated_hierarchical_contribution
966,spatial_spd,untruncated_hierarchical_contribution,climate,0.0696,North America,Cold - Dry Summer,-122.04167,43.65,CDS,climate_untruncated_hierarchical_contribution
4378,spatial_spd,untruncated_hierarchical_contribution,climate,0.1244,Europe,Cold - Warm Summer,14.08165,49.24798,CWS,climate_untruncated_hierarchical_contribution
40567,spatial_spd,untruncated_hierarchical_contribution,climate,0.0313,Europe,Cold - Warm Summer,8.83094,47.61335,CWS,climate_untruncated_hierarchical_contribution
532,spatial_spd,untruncated_hierarchical_contribution,climate,0.2271,North America,Cold - Warm Summer,-84.95833,44.7,CWS,climate_untruncated_hierarchical_contribution
44941,spatial_spd,untruncated_hierarchical_contribution,climate,0.0878,Europe,Cold - Cold Summer,16.37673,68.6586,CCS,climate_untruncated_hierarchical_contribution
48738,spatial_spd,untruncated_hierarchical_contribution,climate,0.4724,Europe,Cold - Warm Summer,22.09672,58.32503,CWS,climate_untruncated_hierarchical_contribution
15713,spatial_spd,untruncated_hierarchical_contribution,climate,-0.1355,North America,Cold - Cold Summer,-120.0974,49.191,CCS,climate_untruncated_hierarchical_contribution
22650,spatial_spd,untruncated_hierarchical_contribution,climate,0.068,Europe,Cold - Cold Summer,19.28333,49.51667,CCS,climate_untruncated_hierarchical_contribution
4497,spatial_spd,untruncated_hierarchical_contribution,climate,0.3058,Europe,Cold - Warm Summer,22.38803,58.4848,CWS,climate_untruncated_hierarchical_contribution
2634,spatial_spd,untruncated_hierarchical_contribution,climate,0.225,North America,Arid,-112.39556,46.53111,ARD,climate_untruncated_hierarchical_contribution
21537,spatial_spd,untruncated_hierarchical_contribution,climate,0.0145,Latin America,Tropical,-67.92396,-14.43169,TRO,climate_untruncated_hierarchical_contribution
2332,spatial_spd,untruncated_hierarchical_contribution,climate,0.1754,North America,Cold - Warm Summer,-72.97889,46.65417,CWS,climate_untruncated_hierarchical_contribution
1776,spatial_spd,untruncated_hierarchical_contribution,climate,0.2202,North America,Temperate,-81.87499,29.29299,TMP,climate_untruncated_hierarchical_contribution
4092,spatial_spd,untruncated_hierarchical_contribution,climate,0.2092,Europe,Cold - Cold Summer,24.25122,60.62404,CCS,climate_untruncated_hierarchical_contribution
18110,spatial_spd,untruncated_hierarchical_contribution,climate,0.1905,North America,Cold - Warm Summer,-64.93446,43.86933,CWS,climate_untruncated_hierarchical_contribution
3839,spatial_spd,untruncated_hierarchical_contribution,climate,0.1116,North America,Cold - Warm Summer,-77.43333,45.03333,CWS,climate_untruncated_hierarchical_contribution
2048,spatial_spd,untruncated_hierarchical_contribution,climate,0.2602,North America,Cold - Warm Summer,-71.325,45.67083,CWS,climate_untruncated_hierarchical_contribution
302,spatial_spd,untruncated_hierarchical_contribution,climate,0.0273,North America,Cold - Cold Summer,-119.43333,55.575,CCS,climate_untruncated_hierarchical_contribution
15103,spatial_spd,untruncated_hierarchical_contribution,climate,0.2401,Latin America,Temperate - Dry Summer,-71.51314,-41.5129,TDS,climate_untruncated_hierarchical_contribution
1391,spatial_spd,untruncated_hierarchical_contribution,climate,0.1412,North America,Cold - Warm Summer,-58.24,48.24,CWS,climate_untruncated_hierarchical_contribution
208,spatial_spd,untruncated_hierarchical_contribution,climate,0.3596,North America,Polar,-153.9,67.13333,POL,climate_untruncated_hierarchical_contribution
24053,spatial_spd,untruncated_hierarchical_contribution,climate,0.1426,Europe,Cold - Cold Summer,11.48973,46.64372,CCS,climate_untruncated_hierarchical_contribution
1862,spatial_spd,untruncated_hierarchical_contribution,climate,0.3194,North America,Cold - Warm Summer,-88.74,48.56,CWS,climate_untruncated_hierarchical_contribution
15244,spatial_spd,untruncated_hierarchical_contribution,climate,0.1911,North America,Cold - Hot Summer,-86.85559,41.61117,CHS,climate_untruncated_hierarchical_contribution
2297,spatial_spd,untruncated_hierarchical_contribution,climate,0.2728,North America,Polar,-95.28333,73.13333,POL,climate_untruncated_hierarchical_contribution
1883,spatial_spd,untruncated_hierarchical_contribution,climate,0.4502,North America,Cold - Warm Summer,-92,49.48,CWS,climate_untruncated_hierarchical_contribution
3149,spatial_spd,untruncated_hierarchical_contribution,climate,0.1773,North America,Cold - Cold Summer,-123.64667,60.35667,CCS,climate_untruncated_hierarchical_contribution
701,spatial_spd,untruncated_hierarchical_contribution,climate,0.1391,North America,Cold - Cold Summer,-110.23333,43.93333,CCS,climate_untruncated_hierarchical_contribution
3840,spatial_spd,untruncated_hierarchical_contribution,climate,0.011,North America,Temperate,-80.77947,34.16459,TMP,climate_untruncated_hierarchical_contribution
20223,spatial_spd,untruncated_hierarchical_contribution,climate,0.0859,Europe,Cold - Warm Summer,13.92972,50.12944,CWS,climate_untruncated_hierarchical_contribution
42649,spatial_spd,untruncated_hierarchical_contribution,climate,0.3395,Europe,Temperate,9.00032,47.68985,TMP,climate_untruncated_hierarchical_contribution
2324,spatial_spd,untruncated_hierarchical_contribution,climate,0.4405,North America,Cold - Cold Summer,-147.85,67.43333,CCS,climate_untruncated_hierarchical_contribution
1698,spatial_spd,untruncated_hierarchical_contribution,climate,0.0518,North America,Cold - Warm Summer,-68.73333,45.04167,CWS,climate_untruncated_hierarchical_contribution
15081,spatial_spd,untruncated_hierarchical_contribution,climate,0.1082,North America,Temperate,-85.7263,37.43148,TMP,climate_untruncated_hierarchical_contribution
16217,spatial_spd,untruncated_hierarchical_contribution,climate,0.184,Europe,Temperate,-6.77814,53.81603,TMP,climate_untruncated_hierarchical_contribution
41016,spatial_spd,untruncated_hierarchical_contribution,climate,0.3059,North America,Cold - Hot Summer,-73.451,41.304,CHS,climate_untruncated_hierarchical_contribution
21772,spatial_spd,untruncated_hierarchical_contribution,climate,0.0213,North America,Temperate,-127.26283,50.60705,TMP,climate_untruncated_hierarchical_contribution
41448,spatial_spd,untruncated_hierarchical_contribution,climate,0.0786,Europe,Cold - Cold Summer,7.33143,46.39684,CCS,climate_untruncated_hierarchical_contribution
1571,spatial_spd,untruncated_hierarchical_contribution,climate,0.1151,North America,Cold - Warm Summer,-79.11667,47.2875,CWS,climate_untruncated_hierarchical_contribution
24861,spatial_spd,untruncated_hierarchical_contribution,climate,0.3146,Europe,Temperate,-0.86056,47.41361,TMP,climate_untruncated_hierarchical_contribution
21895,spatial_spd,untruncated_hierarchical_contribution,climate,0.149,Latin America,Tropical,-77.1432,2.0024,TRO,climate_untruncated_hierarchical_contribution
22656,spatial_spd,untruncated_hierarchical_contribution,climate,0.1955,Europe,Cold - Warm Summer,19.55637,49.44642,CWS,climate_untruncated_hierarchical_contribution
2661,spatial_spd,untruncated_hierarchical_contribution,climate,0.2958,North America,Cold - Cold Summer,-133.45,69.05,CCS,climate_untruncated_hierarchical_contribution
47604,spatial_spd,untruncated_hierarchical_contribution,climate,0.2444,Europe,Polar,7.35751,46.15006,POL,climate_untruncated_hierarchical_contribution
1617,spatial_spd,untruncated_hierarchical_contribution,climate,0.2392,North America,Cold - Cold Summer,-135.51417,65.94222,CCS,climate_untruncated_hierarchical_contribution
48960,spatial_spd,untruncated_hierarchical_contribution,climate,0.1564,Europe,Temperate,2.64556,45.33944,TMP,climate_untruncated_hierarchical_contribution
22944,spatial_spd,untruncated_hierarchical_contribution,climate,-0.1151,Europe,Cold - Warm Summer,20.20581,53.75192,CWS,climate_untruncated_hierarchical_contribution
346,spatial_spd,untruncated_hierarchical_contribution,climate,0.1402,North America,Cold - Warm Summer,-72.99861,46.61389,CWS,climate_untruncated_hierarchical_contribution
15762,spatial_spd,untruncated_hierarchical_contribution,climate,0.0336,North America,Cold - Dry Summer,-120.21177,41.97585,CDS,climate_untruncated_hierarchical_contribution
2629,spatial_spd,untruncated_hierarchical_contribution,climate,0.0798,North America,Cold - Warm Summer,-70.05833,41.275,CWS,climate_untruncated_hierarchical_contribution
17419,spatial_spd,untruncated_hierarchical_contribution,climate,0.0294,North America,Cold - Cold Summer,-106.45186,37.02099,CCS,climate_untruncated_hierarchical_contribution
3043,spatial_spd,untruncated_hierarchical_contribution,climate,0.3343,Oceania,Temperate,147.30056,-42.54361,TMP,climate_untruncated_hierarchical_contribution
45391,spatial_spd,untruncated_hierarchical_contribution,climate,0.2964,Europe,Cold - Warm Summer,27.05833,57.80833,CWS,climate_untruncated_hierarchical_contribution
40951,spatial_spd,untruncated_hierarchical_contribution,climate,0.0763,Europe,Cold - Warm Summer,8.198,47.80425,CWS,climate_untruncated_hierarchical_contribution
22966,spatial_spd,untruncated_hierarchical_contribution,climate,0.3031,Europe,Cold - Warm Summer,7.735,46.82194,CWS,climate_untruncated_hierarchical_contribution
3035,spatial_spd,untruncated_hierarchical_contribution,climate,0.2589,North America,Cold - Warm Summer,-90.08333,45.33333,CWS,climate_untruncated_hierarchical_contribution
47110,spatial_spd,untruncated_hierarchical_contribution,climate,0.1759,Oceania,Temperate,145.95589,-41.66993,TMP,climate_untruncated_hierarchical_contribution
1154,spatial_spd,untruncated_hierarchical_contribution,climate,0.2877,Latin America,Temperate - Dry Winter,-45.53333,-22.78333,TDW,climate_untruncated_hierarchical_contribution
47555,spatial_spd,untruncated_hierarchical_contribution,climate,-0.0496,North America,Temperate,-91.09082,36.79864,TMP,climate_untruncated_hierarchical_contribution
527,spatial_spd,untruncated_hierarchical_contribution,climate,0.1284,North America,Cold - Dry Summer,-146.48333,68.33333,CDS,climate_untruncated_hierarchical_contribution
46280,spatial_spd,untruncated_hierarchical_contribution,climate,-0.0135,Europe,Cold - Warm Summer,7.48381,47.02139,CWS,climate_untruncated_hierarchical_contribution
21913,spatial_spd,untruncated_hierarchical_contribution,climate,0.2875,Latin America,Tropical,-76.78055,2.43268,TRO,climate_untruncated_hierarchical_contribution
971,spatial_spd,untruncated_hierarchical_contribution,climate,0.1034,North America,Cold - Warm Summer,-69.31667,44.98333,CWS,climate_untruncated_hierarchical_contribution
1440,spatial_spd,untruncated_hierarchical_contribution,climate,0.1602,Europe,Arid,32.61667,46.51667,ARD,climate_untruncated_hierarchical_contribution
45319,spatial_spd,untruncated_hierarchical_contribution,climate,0.2138,Europe,Arid,32.61667,46.51667,ARD,climate_untruncated_hierarchical_contribution
45320,spatial_spd,untruncated_hierarchical_contribution,climate,0.2301,Europe,Arid,32.61667,46.51667,ARD,climate_untruncated_hierarchical_contribution
48816,spatial_spd,untruncated_hierarchical_contribution,climate,0.0805,North America,Cold - Warm Summer,-86.79965,46.33032,CWS,climate_untruncated_hierarchical_contribution
42683,spatial_spd,untruncated_hierarchical_contribution,climate,0.227,Europe,Cold - Warm Summer,8.45764,48.71718,CWS,climate_untruncated_hierarchical_contribution
21818,spatial_spd,untruncated_hierarchical_contribution,climate,0.1484,Latin America,Polar,-74.3011,3.95173,POL,climate_untruncated_hierarchical_contribution
15276,spatial_spd,untruncated_hierarchical_contribution,climate,0.1412,North America,Temperate,-127.75256,50.16625,TMP,climate_untruncated_hierarchical_contribution
2626,spatial_spd,untruncated_hierarchical_contribution,climate,0.2727,North America,Cold - Warm Summer,-75.27217,41.03345,CWS,climate_untruncated_hierarchical_contribution
2591,spatial_spd,untruncated_hierarchical_contribution,climate,0.1733,North America,Cold - Warm Summer,-76.35,41.67389,CWS,climate_untruncated_hierarchical_contribution
4239,spatial_spd,untruncated_hierarchical_contribution,climate,0.1911,Europe,Cold - Cold Summer,29.61124,65.61709,CCS,climate_untruncated_hierarchical_contribution
2367,spatial_spd,untruncated_hierarchical_contribution,climate,0.2136,North America,Cold - Cold Summer,-67.13194,50.14028,CCS,climate_untruncated_hierarchical_contribution
45343,spatial_spd,untruncated_hierarchical_contribution,climate,0.0742,Europe,Cold - Cold Summer,8.87778,63.35139,CCS,climate_untruncated_hierarchical_contribution
26319,spatial_spd,untruncated_hierarchical_contribution,climate,0.244,Europe,Cold - Cold Summer,11.00155,47.21091,CCS,climate_untruncated_hierarchical_contribution
684,spatial_spd,untruncated_hierarchical_contribution,climate,0.1794,North America,Cold - Hot Summer,-89.7385,43.4083,CHS,climate_untruncated_hierarchical_contribution
19909,spatial_spd,untruncated_hierarchical_contribution,climate,0.0973,Europe,Cold - Cold Summer,16.40472,61.82125,CCS,climate_untruncated_hierarchical_contribution
45329,spatial_spd,untruncated_hierarchical_contribution,climate,0.1649,Europe,Cold - Warm Summer,11.61778,59.05972,CWS,climate_untruncated_hierarchical_contribution
26505,spatial_spd,untruncated_hierarchical_contribution,climate,0.0118,Europe,Cold - Warm Summer,12.04055,47.50844,CWS,climate_untruncated_hierarchical_contribution
1523,spatial_spd,untruncated_hierarchical_contribution,climate,-0.0095,North America,Temperate,-121.61667,48.23333,TMP,climate_untruncated_hierarchical_contribution
1590,spatial_spd,untruncated_hierarchical_contribution,climate,0.4694,North America,Cold - Cold Summer,-74.58333,49.68333,CCS,climate_untruncated_hierarchical_contribution
24110,spatial_spd,untruncated_hierarchical_contribution,climate,0.064,Europe,Cold - Warm Summer,16.05602,58.02114,CWS,climate_untruncated_hierarchical_contribution
43513,spatial_spd,untruncated_hierarchical_contribution,climate,0.2439,Europe,Cold - Cold Summer,9.80624,46.46994,CCS,climate_untruncated_hierarchical_contribution
813,spatial_spd,untruncated_hierarchical_contribution,climate,0.2209,North America,Cold - Hot Summer,-81.33901,41.19133,CHS,climate_untruncated_hierarchical_contribution
16016,spatial_spd,untruncated_hierarchical_contribution,climate,0.0213,North America,Arid,-120.2745,40.5619,ARD,climate_untruncated_hierarchical_contribution
298,spatial_spd,untruncated_hierarchical_contribution,climate,0.0765,North America,Cold - Warm Summer,-95.16335,47.177,CWS,climate_untruncated_hierarchical_contribution
782,spatial_spd,untruncated_hierarchical_contribution,climate,0.0156,North America,Cold - Warm Summer,-62.15,46.40833,CWS,climate_untruncated_hierarchical_contribution
15831,spatial_spd,untruncated_hierarchical_contribution,climate,0.1568,North America,Temperate,-83.107,32.555,TMP,climate_untruncated_hierarchical_contribution
48624,spatial_spd,untruncated_hierarchical_contribution,climate,0.0699,Latin America,Temperate - Dry Summer,-71.5233,-44.2797,TDS,climate_untruncated_hierarchical_contribution
1770,spatial_spd,untruncated_hierarchical_contribution,climate,0.2781,North America,Cold - Cold Summer,-94.25,51.38333,CCS,climate_untruncated_hierarchical_contribution
4517,spatial_spd,untruncated_hierarchical_contribution,climate,0.3512,Europe,Cold - Warm Summer,16.21208,50.60387,CWS,climate_untruncated_hierarchical_contribution
4398,spatial_spd,untruncated_hierarchical_contribution,climate,0.0476,Europe,Cold - Warm Summer,17.35631,52.54984,CWS,climate_untruncated_hierarchical_contribution
22849,spatial_spd,untruncated_hierarchical_contribution,climate,0.1103,Europe,Cold - Warm Summer,14.60637,53.96802,CWS,climate_untruncated_hierarchical_contribution
24356,spatial_spd,untruncated_hierarchical_contribution,climate,0.4398,Europe,Temperate,21.32222,40.55194,TMP,climate_untruncated_hierarchical_contribution
1701,spatial_spd,untruncated_hierarchical_contribution,climate,0.068,North America,Cold - Warm Summer,-80.65972,43.225,CWS,climate_untruncated_hierarchical_contribution
1707,spatial_spd,untruncated_hierarchical_contribution,climate,0.1658,North America,Cold - Cold Summer,-110.23333,44.15,CCS,climate_untruncated_hierarchical_contribution
23006,spatial_spd,untruncated_hierarchical_contribution,climate,0.1132,Europe,Cold - Warm Summer,28,51.16061,CWS,climate_untruncated_hierarchical_contribution
4154,spatial_spd,untruncated_hierarchical_contribution,climate,0.0439,Europe,Cold - Warm Summer,17.28472,54.70694,CWS,climate_untruncated_hierarchical_contribution
1761,spatial_spd,untruncated_hierarchical_contribution,climate,0.1497,North America,Cold - Cold Summer,-107.68516,37.74574,CCS,climate_untruncated_hierarchical_contribution
40582,spatial_spd,untruncated_hierarchical_contribution,climate,0.1024,Europe,Polar,8.02556,46.38972,POL,climate_untruncated_hierarchical_contribution
15130,spatial_spd,untruncated_hierarchical_contribution,climate,0.1851,Latin America,Temperate,-71.56608,-43.44371,TMP,climate_untruncated_hierarchical_contribution
4041,spatial_spd,untruncated_hierarchical_contribution,climate,0.1287,Europe,Cold - Cold Summer,6.16444,59.69702,CCS,climate_untruncated_hierarchical_contribution
22812,spatial_spd,untruncated_hierarchical_contribution,climate,0.2446,Europe,Cold - Warm Summer,25.89735,46.12662,CWS,climate_untruncated_hierarchical_contribution
363,spatial_spd,untruncated_hierarchical_contribution,climate,0.0581,Europe,Cold - Warm Summer,26.43333,53.41667,CWS,climate_untruncated_hierarchical_contribution
1646,spatial_spd,untruncated_hierarchical_contribution,climate,0.3496,Latin America,Polar,-75.21667,-11.78333,POL,climate_untruncated_hierarchical_contribution
1679,spatial_spd,untruncated_hierarchical_contribution,climate,0.3797,Latin America,Polar,-75,-11.66667,POL,climate_untruncated_hierarchical_contribution
1829,spatial_spd,untruncated_hierarchical_contribution,climate,0.1746,North America,Cold - Warm Summer,-89.32389,48.42222,CWS,climate_untruncated_hierarchical_contribution
3558,spatial_spd,untruncated_hierarchical_contribution,climate,0.2282,North America,Cold - Hot Summer,-93.63376,45.03387,CHS,climate_untruncated_hierarchical_contribution
14948,spatial_spd,untruncated_hierarchical_contribution,climate,0.2765,North America,Polar,-61.65087,66.62137,POL,climate_untruncated_hierarchical_contribution
41399,spatial_spd,untruncated_hierarchical_contribution,climate,0.3602,Europe,Cold - Warm Summer,10.30419,51.67243,CWS,climate_untruncated_hierarchical_contribution
1670,spatial_spd,untruncated_hierarchical_contribution,climate,0.0295,North America,Temperate,-131.76501,52.94582,TMP,climate_untruncated_hierarchical_contribution
1393,spatial_spd,untruncated_hierarchical_contribution,climate,0.4091,North America,Cold - Cold Summer,-71.16278,47.25778,CCS,climate_untruncated_hierarchical_contribution
42570,spatial_spd,untruncated_hierarchical_contribution,climate,0.1989,Europe,Cold - Warm Summer,8.63721,48.72783,CWS,climate_untruncated_hierarchical_contribution
46611,spatial_spd,untruncated_hierarchical_contribution,climate,0.1713,North America,Cold - Cold Summer,-106.33846,41.43222,CCS,climate_untruncated_hierarchical_contribution
1763,spatial_spd,untruncated_hierarchical_contribution,climate,0.0463,North America,Cold - Warm Summer,-69.3,43.76667,CWS,climate_untruncated_hierarchical_contribution
19901,spatial_spd,untruncated_hierarchical_contribution,climate,0.0496,Europe,Cold - Warm Summer,14.44777,52.13391,CWS,climate_untruncated_hierarchical_contribution
1980,spatial_spd,untruncated_hierarchical_contribution,climate,0.2979,North America,Cold - Warm Summer,-78.46667,42.62222,CWS,climate_untruncated_hierarchical_contribution
20001,spatial_spd,untruncated_hierarchical_contribution,climate,0.1768,North America,Temperate - Dry Summer,-122.8844,47.93322,TDS,climate_untruncated_hierarchical_contribution
973,spatial_spd,untruncated_hierarchical_contribution,climate,0.3251,North America,Cold - Warm Summer,-77.35,45.18333,CWS,climate_untruncated_hierarchical_contribution
1658,spatial_spd,untruncated_hierarchical_contribution,climate,0.0857,North America,Cold - Warm Summer,-71.70111,44.14,CWS,climate_untruncated_hierarchical_contribution
22367,spatial_spd,untruncated_hierarchical_contribution,climate,0.2735,Europe,Polar,20.078,49.15199,POL,climate_untruncated_hierarchical_contribution
4545,spatial_spd,untruncated_hierarchical_contribution,climate,0.2153,Europe,Cold - Warm Summer,14.34266,49.07111,CWS,climate_untruncated_hierarchical_contribution
15247,spatial_spd,untruncated_hierarchical_contribution,climate,0.1,Latin America,Temperate - Dry Winter,-73.33754,-13.62495,TDW,climate_untruncated_hierarchical_contribution
15356,spatial_spd,untruncated_hierarchical_contribution,climate,0.0335,North America,Cold - Cold Summer,-105.722,35.832,CCS,climate_untruncated_hierarchical_contribution
14556,spatial_spd,untruncated_hierarchical_contribution,climate,0.0572,Europe,Temperate,-9.48283,52.03879,TMP,climate_untruncated_hierarchical_contribution
48777,spatial_spd,untruncated_hierarchical_contribution,climate,0.1797,Europe,Temperate,8.77929,53.65498,TMP,climate_untruncated_hierarchical_contribution
3054,spatial_spd,untruncated_hierarchical_contribution,climate,0.1563,North America,Arid,-105.74761,37.70644,ARD,climate_untruncated_hierarchical_contribution
776,spatial_spd,untruncated_hierarchical_contribution,climate,0.0866,North America,Cold - Warm Summer,-71.66667,44.16667,CWS,climate_untruncated_hierarchical_contribution
1880,spatial_spd,untruncated_hierarchical_contribution,climate,0.3866,Latin America,Temperate,-74.41667,-49.13333,TMP,climate_untruncated_hierarchical_contribution
4311,spatial_spd,untruncated_hierarchical_contribution,climate,0.2032,Europe,Temperate,2.62278,45.45194,TMP,climate_untruncated_hierarchical_contribution
48976,spatial_spd,untruncated_hierarchical_contribution,climate,0.2361,Europe,Temperate,2.62278,45.45194,TMP,climate_untruncated_hierarchical_contribution
3482,spatial_spd,untruncated_hierarchical_contribution,climate,0.4034,North America,Cold - Warm Summer,-91.11546,48.13873,CWS,climate_untruncated_hierarchical_contribution
15185,spatial_spd,untruncated_hierarchical_contribution,climate,0.2869,North America,Cold - Cold Summer,-154.24697,67.06911,CCS,climate_untruncated_hierarchical_contribution
21580,spatial_spd,untruncated_hierarchical_contribution,climate,0.1324,Latin America,Tropical,-67.88893,-14.50063,TRO,climate_untruncated_hierarchical_contribution
42681,spatial_spd,untruncated_hierarchical_contribution,climate,0.2785,Europe,Cold - Warm Summer,8.34727,48.57351,CWS,climate_untruncated_hierarchical_contribution
24319,spatial_spd,untruncated_hierarchical_contribution,climate,0.2474,Europe,Cold - Cold Summer,7.845,46.19556,CCS,climate_untruncated_hierarchical_contribution
15734,spatial_spd,untruncated_hierarchical_contribution,climate,0.1072,North America,Cold - Dry Summer,-120.66752,39.69878,CDS,climate_untruncated_hierarchical_contribution
691,spatial_spd,untruncated_hierarchical_contribution,climate,0.3807,North America,Cold - Cold Summer,-66.125,48.91083,CCS,climate_untruncated_hierarchical_contribution
860,spatial_spd,untruncated_hierarchical_contribution,climate,0.1196,North America,Cold - Warm Summer,-87.73333,44.05,CWS,climate_untruncated_hierarchical_contribution
22745,spatial_spd,untruncated_hierarchical_contribution,climate,0.1137,Europe,Cold - Cold Summer,-3.8,57.08333,CCS,climate_untruncated_hierarchical_contribution
24321,spatial_spd,untruncated_hierarchical_contribution,climate,0.3664,Europe,Cold - Warm Summer,7.99167,46.34111,CWS,climate_untruncated_hierarchical_contribution
1604,spatial_spd,untruncated_hierarchical_contribution,climate,0.2503,North America,Polar,-98.53889,73.59139,POL,climate_untruncated_hierarchical_contribution
45349,spatial_spd,untruncated_hierarchical_contribution,climate,0.1905,Europe,Cold - Cold Summer,9.87667,61.64917,CCS,climate_untruncated_hierarchical_contribution
294,spatial_spd,untruncated_hierarchical_contribution,climate,0.3117,Latin America,Temperate,-49.15,-27.7,TMP,climate_untruncated_hierarchical_contribution
21917,spatial_spd,untruncated_hierarchical_contribution,climate,0.0815,Latin America,Polar,-74.16112,3.97973,POL,climate_untruncated_hierarchical_contribution
24042,spatial_spd,untruncated_hierarchical_contribution,climate,-0.0084,Europe,Cold - Warm Summer,12.54137,49.60793,CWS,climate_untruncated_hierarchical_contribution
48984,spatial_spd,untruncated_hierarchical_contribution,climate,0.2998,Europe,Cold - Warm Summer,6.59417,44.91889,CWS,climate_untruncated_hierarchical_contribution
672,spatial_spd,untruncated_hierarchical_contribution,climate,0.2905,North America,Cold - Warm Summer,-80.36667,43.23333,CWS,climate_untruncated_hierarchical_contribution
15732,spatial_spd,untruncated_hierarchical_contribution,climate,0.1733,North America,Cold - Warm Summer,-75.88531,44.33091,CWS,climate_untruncated_hierarchical_contribution
45713,spatial_spd,untruncated_hierarchical_contribution,climate,0.2469,Europe,Cold - Cold Summer,7.2514,59.79573,CCS,climate_untruncated_hierarchical_contribution
1390,spatial_spd,untruncated_hierarchical_contribution,climate,0.2958,North America,Cold - Cold Summer,-157.21667,66.76667,CCS,climate_untruncated_hierarchical_contribution
2671,spatial_spd,untruncated_hierarchical_contribution,climate,0.0977,North America,Cold - Cold Summer,-65.76278,49.15778,CCS,climate_untruncated_hierarchical_contribution
16075,spatial_spd,untruncated_hierarchical_contribution,climate,0.1521,North America,Cold - Dry Summer,-122.1965,41.6343,CDS,climate_untruncated_hierarchical_contribution
4367,spatial_spd,untruncated_hierarchical_contribution,climate,0.182,Europe,Cold - Warm Summer,-3.01667,42.03333,CWS,climate_untruncated_hierarchical_contribution
19820,spatial_spd,untruncated_hierarchical_contribution,climate,0.1493,North America,Temperate - Dry Summer,-122.90448,48.60335,TDS,climate_untruncated_hierarchical_contribution
22894,spatial_spd,untruncated_hierarchical_contribution,climate,0.2223,Europe,Cold - Cold Summer,23.53957,47.80747,CCS,climate_untruncated_hierarchical_contribution
2645,spatial_spd,untruncated_hierarchical_contribution,climate,0.176,North America,Cold - Hot Summer,-71.03333,41.95,CHS,climate_untruncated_hierarchical_contribution
22890,spatial_spd,untruncated_hierarchical_contribution,climate,0.167,Europe,Cold - Warm Summer,7.68611,46.85083,CWS,climate_untruncated_hierarchical_contribution
253,spatial_spd,untruncated_hierarchical_contribution,climate,0.2665,North America,Cold - Cold Summer,-127.48333,65.01667,CCS,climate_untruncated_hierarchical_contribution
2647,spatial_spd,untruncated_hierarchical_contribution,climate,0.1702,North America,Cold - Cold Summer,-114.60076,50.81468,CCS,climate_untruncated_hierarchical_contribution
13097,spatial_spd,untruncated_hierarchical_contribution,climate,0.0834,North America,Cold - Warm Summer,-89.32331,46.21253,CWS,climate_untruncated_hierarchical_contribution
15789,spatial_spd,untruncated_hierarchical_contribution,climate,0.0804,North America,Polar,-120.453,73.4658,POL,climate_untruncated_hierarchical_contribution
221,spatial_spd,untruncated_hierarchical_contribution,climate,0.0573,North America,Cold - Warm Summer,-79.51,45.38,CWS,climate_untruncated_hierarchical_contribution
15132,spatial_spd,untruncated_hierarchical_contribution,climate,-0.0354,Latin America,Temperate,-71.49835,-41.07352,TMP,climate_untruncated_hierarchical_contribution
1814,spatial_spd,untruncated_hierarchical_contribution,climate,0.2575,North America,Cold - Warm Summer,-70.20833,41.28333,CWS,climate_untruncated_hierarchical_contribution
22936,spatial_spd,untruncated_hierarchical_contribution,climate,0.1194,Europe,Cold - Warm Summer,17.17028,46.77444,CWS,climate_untruncated_hierarchical_contribution
3041,spatial_spd,untruncated_hierarchical_contribution,climate,0.3173,North America,Cold - Warm Summer,-80.4,43.9,CWS,climate_untruncated_hierarchical_contribution
24057,spatial_spd,untruncated_hierarchical_contribution,climate,0.0204,Europe,Polar,11.43005,46.66528,POL,climate_untruncated_hierarchical_contribution
1630,spatial_spd,untruncated_hierarchical_contribution,climate,0.0982,Oceania,Temperate,149.37407,-35.19934,TMP,climate_untruncated_hierarchical_contribution
2622,spatial_spd,untruncated_hierarchical_contribution,climate,0.1506,North America,Cold - Cold Summer,-132.01667,67.65,CCS,climate_untruncated_hierarchical_contribution
40875,spatial_spd,untruncated_hierarchical_contribution,climate,0.1769,North America,Cold - Warm Summer,-73.439,42.1062,CWS,climate_untruncated_hierarchical_contribution
2888,spatial_spd,untruncated_hierarchical_contribution,climate,0.4023,North America,Cold - Warm Summer,-95.30694,46.18444,CWS,climate_untruncated_hierarchical_contribution
17400,spatial_spd,untruncated_hierarchical_contribution,climate,0.1359,North America,Polar,-121.44339,69.07635,POL,climate_untruncated_hierarchical_contribution
24190,spatial_spd,untruncated_hierarchical_contribution,climate,0.1171,Europe,Cold - Cold Summer,8.02306,46.2525,CCS,climate_untruncated_hierarchical_contribution
20034,spatial_spd,untruncated_hierarchical_contribution,climate,0.0718,Europe,Cold - Cold Summer,20.71667,69.16667,CCS,climate_untruncated_hierarchical_contribution
1030,spatial_spd,untruncated_hierarchical_contribution,climate,0.1263,North America,Cold - Cold Summer,-110.6,43.75,CCS,climate_untruncated_hierarchical_contribution
1961,spatial_spd,untruncated_hierarchical_contribution,climate,0.1795,North America,Cold - Warm Summer,-70.35,44.03333,CWS,climate_untruncated_hierarchical_contribution
41025,spatial_spd,untruncated_hierarchical_contribution,climate,0.1155,North America,Cold - Hot Summer,-70.883,42.4819,CHS,climate_untruncated_hierarchical_contribution
2644,spatial_spd,untruncated_hierarchical_contribution,climate,0.1512,North America,Cold - Dry Summer,-119.25833,37.90833,CDS,climate_untruncated_hierarchical_contribution
1897,spatial_spd,untruncated_hierarchical_contribution,climate,0.2291,North America,Cold - Hot Summer,-93.9,42.16,CHS,climate_untruncated_hierarchical_contribution
2378,spatial_spd,untruncated_hierarchical_contribution,climate,0.1927,North America,Cold - Warm Summer,-72.58472,45.35889,CWS,climate_untruncated_hierarchical_contribution
1650,spatial_spd,untruncated_hierarchical_contribution,climate,0.2374,North America,Cold - Cold Summer,-56.43333,52.45,CCS,climate_untruncated_hierarchical_contribution
15309,spatial_spd,untruncated_hierarchical_contribution,climate,0.0479,North America,Cold - Warm Summer,-84.85905,46.34522,CWS,climate_untruncated_hierarchical_contribution
355,spatial_spd,untruncated_hierarchical_contribution,climate,0.0829,Latin America,Polar,-68.15,-16.36667,POL,climate_untruncated_hierarchical_contribution
2351,spatial_spd,untruncated_hierarchical_contribution,climate,0.3575,North America,Cold - Cold Summer,-151.41667,67.58333,CCS,climate_untruncated_hierarchical_contribution
46457,spatial_spd,untruncated_hierarchical_contribution,climate,0.1823,Europe,Cold - Cold Summer,29.14831,60.68702,CCS,climate_untruncated_hierarchical_contribution
1656,spatial_spd,untruncated_hierarchical_contribution,climate,0.0948,North America,Cold - Cold Summer,-112.48083,54.72528,CCS,climate_untruncated_hierarchical_contribution
3031,spatial_spd,untruncated_hierarchical_contribution,climate,0.1629,North America,Cold - Hot Summer,-93.57713,45.00181,CHS,climate_untruncated_hierarchical_contribution
41222,spatial_spd,untruncated_hierarchical_contribution,climate,0.2268,Europe,Temperate,-1.72583,50.82778,TMP,climate_untruncated_hierarchical_contribution
23008,spatial_spd,untruncated_hierarchical_contribution,climate,0.1978,Europe,Cold - Warm Summer,24.63324,50.3413,CWS,climate_untruncated_hierarchical_contribution
20306,spatial_spd,untruncated_hierarchical_contribution,climate,-0.0732,North America,Arid,-110.82347,45.25707,ARD,climate_untruncated_hierarchical_contribution
543,spatial_spd,untruncated_hierarchical_contribution,climate,0.0978,North America,Cold - Cold Summer,-110.6,44.65,CCS,climate_untruncated_hierarchical_contribution
4147,spatial_spd,untruncated_hierarchical_contribution,climate,0.0895,Europe,Temperate,21.56513,40.59702,TMP,climate_untruncated_hierarchical_contribution
17406,spatial_spd,untruncated_hierarchical_contribution,climate,0.1947,North America,Cold - Warm Summer,-88.86157,46.61375,CWS,climate_untruncated_hierarchical_contribution
48935,spatial_spd,untruncated_hierarchical_contribution,climate,0.2735,Europe,Arid,-3.93936,41.95209,ARD,climate_untruncated_hierarchical_contribution
40861,spatial_spd,untruncated_hierarchical_contribution,climate,0.1721,North America,Cold - Hot Summer,-72.5127,42.5656,CHS,climate_untruncated_hierarchical_contribution
39474,spatial_spd,untruncated_hierarchical_contribution,climate,0.1217,North America,Cold - Warm Summer,-69.06376,46.31685,CWS,climate_untruncated_hierarchical_contribution
48361,spatial_spd,untruncated_hierarchical_contribution,climate,0.3044,North America,Cold - Dry Summer,-150.89721,60.5885,CDS,climate_untruncated_hierarchical_contribution
25,spatial_spd,untruncated_hierarchical_contribution,climate,0.2748,North America,Cold - Cold Summer,-57.03333,52.51667,CCS,climate_untruncated_hierarchical_contribution
1107,spatial_spd,untruncated_hierarchical_contribution,climate,0.2713,North America,Polar,-138.4,64.63333,POL,climate_untruncated_hierarchical_contribution
14289,spatial_spd,untruncated_hierarchical_contribution,climate,0.1027,Europe,Temperate,-10.16866,52.19109,TMP,climate_untruncated_hierarchical_contribution
25767,spatial_spd,untruncated_hierarchical_contribution,climate,0.0379,Europe,Polar,11.16667,47.08333,POL,climate_untruncated_hierarchical_contribution
22678,spatial_spd,untruncated_hierarchical_contribution,climate,0.0107,Europe,Cold - Warm Summer,-3.04588,42.04363,CWS,climate_untruncated_hierarchical_contribution
16231,spatial_spd,untruncated_hierarchical_contribution,climate,0.1836,North America,Cold - Warm Summer,-77.34,46.03,CWS,climate_untruncated_hierarchical_contribution
2590,spatial_spd,untruncated_hierarchical_contribution,climate,0.025,North America,Cold - Cold Summer,-119.58333,55.51139,CCS,climate_untruncated_hierarchical_contribution
17381,spatial_spd,untruncated_hierarchical_contribution,climate,0.2884,North America,Cold - Cold Summer,-145.54198,63.98555,CCS,climate_untruncated_hierarchical_contribution
2599,spatial_spd,untruncated_hierarchical_contribution,climate,-0.1022,North America,Cold - Dry Summer,-119.0675,37.6625,CDS,climate_untruncated_hierarchical_contribution
4397,spatial_spd,untruncated_hierarchical_contribution,climate,0.0813,Europe,Cold - Warm Summer,17.35631,52.54984,CWS,climate_untruncated_hierarchical_contribution
15292,spatial_spd,untruncated_hierarchical_contribution,climate,0.2702,North America,Cold - Warm Summer,-78.05134,43.08732,CWS,climate_untruncated_hierarchical_contribution
15306,spatial_spd,untruncated_hierarchical_contribution,climate,0.3236,Latin America,Polar,-71.88616,-52.03906,POL,climate_untruncated_hierarchical_contribution
3500,spatial_spd,untruncated_hierarchical_contribution,climate,0.0617,North America,Temperate,-97.11667,30.36667,TMP,climate_untruncated_hierarchical_contribution
4330,spatial_spd,untruncated_hierarchical_contribution,climate,0.246,Europe,Cold - Warm Summer,10.21472,44.29861,CWS,climate_untruncated_hierarchical_contribution
2476,spatial_spd,untruncated_hierarchical_contribution,climate,0.1086,North America,Cold - Cold Summer,-133.58333,69.28333,CCS,climate_untruncated_hierarchical_contribution
21700,spatial_spd,untruncated_hierarchical_contribution,climate,0.315,Latin America,Temperate,-76.70941,2.36575,TMP,climate_untruncated_hierarchical_contribution
2382,spatial_spd,untruncated_hierarchical_contribution,climate,0.1385,North America,Cold - Warm Summer,-81.41667,45.15,CWS,climate_untruncated_hierarchical_contribution
24593,spatial_spd,untruncated_hierarchical_contribution,climate,0.2371,Europe,Temperate,-0.41639,47.96944,TMP,climate_untruncated_hierarchical_contribution
2343,spatial_spd,untruncated_hierarchical_contribution,climate,0.3111,North America,Cold - Warm Summer,-74.39583,46.17194,CWS,climate_untruncated_hierarchical_contribution
4501,spatial_spd,untruncated_hierarchical_contribution,climate,0.0956,Europe,Cold - Cold Summer,13.9,47.17222,CCS,climate_untruncated_hierarchical_contribution
41756,spatial_spd,untruncated_hierarchical_contribution,climate,0.1621,Europe,Cold - Cold Summer,13.9,47.17222,CCS,climate_untruncated_hierarchical_contribution
22689,spatial_spd,untruncated_hierarchical_contribution,climate,0.0817,Europe,Cold - Warm Summer,13.05639,52.52444,CWS,climate_untruncated_hierarchical_contribution
20883,spatial_spd,untruncated_hierarchical_contribution,climate,0.0396,North America,Cold - Dry Summer,-114.68645,46.51545,CDS,climate_untruncated_hierarchical_contribution
15136,spatial_spd,untruncated_hierarchical_contribution,climate,0.1532,North America,Cold - Warm Summer,-98.95643,48.06397,CWS,climate_untruncated_hierarchical_contribution
20616,spatial_spd,untruncated_hierarchical_contribution,climate,0.3816,North America,Cold - Cold Summer,-107.34939,39.7626,CCS,climate_untruncated_hierarchical_contribution
3926,spatial_spd,untruncated_hierarchical_contribution,climate,0.1768,Europe,Polar,23.52349,41.73224,POL,climate_untruncated_hierarchical_contribution
45379,spatial_spd,untruncated_hierarchical_contribution,climate,0.2313,Europe,Cold - Warm Summer,24.43111,59.175,CWS,climate_untruncated_hierarchical_contribution
21770,spatial_spd,untruncated_hierarchical_contribution,climate,0.2347,North America,Temperate,-132.97333,53.53167,TMP,climate_untruncated_hierarchical_contribution
25773,spatial_spd,untruncated_hierarchical_contribution,climate,0.0419,Europe,Cold - Warm Summer,12.35416,47.47138,CWS,climate_untruncated_hierarchical_contribution
4256,spatial_spd,untruncated_hierarchical_contribution,climate,0.1766,Europe,Temperate - Dry Summer,12.31566,42.11227,TDS,climate_untruncated_hierarchical_contribution
1782,spatial_spd,untruncated_hierarchical_contribution,climate,0.1677,North America,Cold - Hot Summer,-95.51333,39.53,CHS,climate_untruncated_hierarchical_contribution
2620,spatial_spd,untruncated_hierarchical_contribution,climate,0.1921,North America,Arid,-102.51851,41.71443,ARD,climate_untruncated_hierarchical_contribution
4024,spatial_spd,untruncated_hierarchical_contribution,climate,0.0553,Europe,Cold - Cold Summer,13.86667,47.16667,CCS,climate_untruncated_hierarchical_contribution
489,spatial_spd,untruncated_hierarchical_contribution,climate,0.3132,North America,Cold - Hot Summer,-93.47756,43.109,CHS,climate_untruncated_hierarchical_contribution
24256,spatial_spd,untruncated_hierarchical_contribution,climate,0.3268,Europe,Cold - Warm Summer,14.60392,49.22231,CWS,climate_untruncated_hierarchical_contribution
1716,spatial_spd,untruncated_hierarchical_contribution,climate,0.2177,North America,Cold - Warm Summer,-72.83778,46.78778,CWS,climate_untruncated_hierarchical_contribution
26431,spatial_spd,untruncated_hierarchical_contribution,climate,0.1799,Europe,Cold - Warm Summer,13.27474,47.8042,CWS,climate_untruncated_hierarchical_contribution
17296,spatial_spd,untruncated_hierarchical_contribution,climate,0.0629,North America,Cold - Cold Summer,-113.6522,42.3189,CCS,climate_untruncated_hierarchical_contribution
19266,spatial_spd,untruncated_hierarchical_contribution,climate,0.1572,North America,Polar,-171.61263,63.63742,POL,climate_untruncated_hierarchical_contribution
15872,spatial_spd,untruncated_hierarchical_contribution,climate,0.2668,North America,Temperate,-130.94579,54.475,TMP,climate_untruncated_hierarchical_contribution
537,spatial_spd,untruncated_hierarchical_contribution,climate,0.3169,Latin America,Polar,-68.04167,-16.35,POL,climate_untruncated_hierarchical_contribution
47011,spatial_spd,untruncated_hierarchical_contribution,climate,0.2631,Latin America,Temperate,-79.15958,-4.04586,TMP,climate_untruncated_hierarchical_contribution
14951,spatial_spd,untruncated_hierarchical_contribution,climate,0.3381,North America,Cold - Dry Summer,-112.14744,36.3709,CDS,climate_untruncated_hierarchical_contribution
15420,spatial_spd,untruncated_hierarchical_contribution,climate,0.1744,North America,Polar,-129.83681,58.89001,POL,climate_untruncated_hierarchical_contribution
3138,spatial_spd,untruncated_hierarchical_contribution,climate,0.2924,North America,Cold - Warm Summer,-92.71694,46.41694,CWS,climate_untruncated_hierarchical_contribution
1691,spatial_spd,untruncated_hierarchical_contribution,climate,0.3028,North America,Cold - Cold Summer,-70.97639,47.59722,CCS,climate_untruncated_hierarchical_contribution
22660,spatial_spd,untruncated_hierarchical_contribution,climate,0.1817,Europe,Cold - Cold Summer,10.27778,46.77611,CCS,climate_untruncated_hierarchical_contribution
4148,spatial_spd,untruncated_hierarchical_contribution,climate,0.2306,Europe,Temperate,21.58611,40.6125,TMP,climate_untruncated_hierarchical_contribution
206,spatial_spd,untruncated_hierarchical_contribution,climate,0.0674,North America,Polar,-128.08333,64.65,POL,climate_untruncated_hierarchical_contribution
1105,spatial_spd,untruncated_hierarchical_contribution,climate,0.3204,North America,Cold - Warm Summer,-76.6,44.51667,CWS,climate_untruncated_hierarchical_contribution
1524,spatial_spd,untruncated_hierarchical_contribution,climate,0.2656,North America,Cold - Warm Summer,-87.455,45.66667,CWS,climate_untruncated_hierarchical_contribution
2652,spatial_spd,untruncated_hierarchical_contribution,climate,0.2381,North America,Polar,-118.36667,52.73333,POL,climate_untruncated_hierarchical_contribution
47590,spatial_spd,untruncated_hierarchical_contribution,climate,0.2409,Europe,Temperate - Dry Summer,14.39575,37.90121,TDS,climate_untruncated_hierarchical_contribution
48072,spatial_spd,untruncated_hierarchical_contribution,climate,0.0282,Europe,Cold - Warm Summer,15.86933,49.63707,CWS,climate_untruncated_hierarchical_contribution
20872,spatial_spd,untruncated_hierarchical_contribution,climate,0.1976,North America,Cold - Cold Summer,-145.40886,66.06742,CCS,climate_untruncated_hierarchical_contribution
209,spatial_spd,untruncated_hierarchical_contribution,climate,0.2238,North America,Cold - Cold Summer,-70.68472,47.48167,CCS,climate_untruncated_hierarchical_contribution
2065,spatial_spd,untruncated_hierarchical_contribution,climate,0.1067,North America,Cold - Warm Summer,-101.55238,48.00267,CWS,climate_untruncated_hierarchical_contribution
25318,spatial_spd,untruncated_hierarchical_contribution,climate,0.2101,Europe,Temperate,4.03528,47.2275,TMP,climate_untruncated_hierarchical_contribution
4485,spatial_spd,untruncated_hierarchical_contribution,climate,-0.0719,Europe,Cold - Warm Summer,22.83333,42.36667,CWS,climate_untruncated_hierarchical_contribution
1674,spatial_spd,untruncated_hierarchical_contribution,climate,0.3636,Latin America,Polar,-75.25,-11.75,POL,climate_untruncated_hierarchical_contribution
20372,spatial_spd,untruncated_hierarchical_contribution,climate,0.1463,North America,Cold - Dry Summer,-150.84949,60.7794,CDS,climate_untruncated_hierarchical_contribution
41543,spatial_spd,untruncated_hierarchical_contribution,climate,0.084,Europe,Temperate - Dry Summer,12.65,37.6,TDS,climate_untruncated_hierarchical_contribution
41469,spatial_spd,untruncated_hierarchical_contribution,climate,0.0625,Europe,Cold - Warm Summer,7.66823,47.16969,CWS,climate_untruncated_hierarchical_contribution
1773,spatial_spd,untruncated_hierarchical_contribution,climate,0.0335,North America,Cold - Warm Summer,-68.63917,44.6275,CWS,climate_untruncated_hierarchical_contribution
254,spatial_spd,untruncated_hierarchical_contribution,climate,0.1049,North America,Cold - Warm Summer,-77.91667,42.25,CWS,climate_untruncated_hierarchical_contribution
1693,spatial_spd,untruncated_hierarchical_contribution,climate,0.2161,North America,Cold - Cold Summer,-117.61667,52.73333,CCS,climate_untruncated_hierarchical_contribution
45188,spatial_spd,untruncated_hierarchical_contribution,climate,0.0228,Europe,Temperate - Dry Summer,-6.20972,40.54667,TDS,climate_untruncated_hierarchical_contribution
1981,spatial_spd,untruncated_hierarchical_contribution,climate,0.0106,North America,Cold - Warm Summer,-64.8,47.075,CWS,climate_untruncated_hierarchical_contribution
4279,spatial_spd,untruncated_hierarchical_contribution,climate,0.2224,Europe,Temperate,-3.4325,56.9975,TMP,climate_untruncated_hierarchical_contribution
22759,spatial_spd,untruncated_hierarchical_contribution,climate,0.0838,Europe,Cold - Warm Summer,19.34039,52.58302,CWS,climate_untruncated_hierarchical_contribution
2882,spatial_spd,untruncated_hierarchical_contribution,climate,0.5633,North America,Cold - Cold Summer,-135.65556,66.05,CCS,climate_untruncated_hierarchical_contribution
1577,spatial_spd,untruncated_hierarchical_contribution,climate,0.2292,Europe,Temperate,-6.14159,43.03849,TMP,climate_untruncated_hierarchical_contribution
20515,spatial_spd,untruncated_hierarchical_contribution,climate,0.1989,North America,Cold - Hot Summer,-74.6445,41.09362,CHS,climate_untruncated_hierarchical_contribution
2265,spatial_spd,untruncated_hierarchical_contribution,climate,0.29,North America,Cold - Warm Summer,-65.26694,48.05194,CWS,climate_untruncated_hierarchical_contribution
2925,spatial_spd,untruncated_hierarchical_contribution,climate,0.2684,North America,Polar,-117.08333,52.78333,POL,climate_untruncated_hierarchical_contribution
17334,spatial_spd,untruncated_hierarchical_contribution,climate,0.2192,Europe,Temperate,-6.38992,52.99702,TMP,climate_untruncated_hierarchical_contribution
47005,spatial_spd,untruncated_hierarchical_contribution,climate,0.2046,Europe,Temperate,-6.38992,52.99702,TMP,climate_untruncated_hierarchical_contribution
40799,spatial_spd,untruncated_hierarchical_contribution,climate,0.1812,North America,Cold - Warm Summer,-71.96321,42.07833,CWS,climate_untruncated_hierarchical_contribution
41585,spatial_spd,untruncated_hierarchical_contribution,climate,0.0982,North America,Polar,-124.60509,58.39351,POL,climate_untruncated_hierarchical_contribution
15302,spatial_spd,untruncated_hierarchical_contribution,climate,0.2644,North America,Cold - Hot Summer,-89.5975,43.79768,CHS,climate_untruncated_hierarchical_contribution
40854,spatial_spd,untruncated_hierarchical_contribution,climate,-0.0369,North America,Cold - Hot Summer,-72.7028,42.1747,CHS,climate_untruncated_hierarchical_contribution
2615,spatial_spd,untruncated_hierarchical_contribution,climate,0.1902,North America,Cold - Warm Summer,-122.56279,49.31934,CWS,climate_untruncated_hierarchical_contribution
14884,spatial_spd,untruncated_hierarchical_contribution,climate,0.2081,North America,Cold - Cold Summer,-114.26438,45.8906,CCS,climate_untruncated_hierarchical_contribution
856,spatial_spd,untruncated_hierarchical_contribution,climate,0.0777,North America,Cold - Cold Summer,-84.93,48.21,CCS,climate_untruncated_hierarchical_contribution
12,spatial_spd,untruncated_hierarchical_contribution,climate,0.2051,Europe,Cold - Warm Summer,13.41701,55.92856,CWS,climate_untruncated_hierarchical_contribution
1820,spatial_spd,untruncated_hierarchical_contribution,climate,0.2242,North America,Cold - Warm Summer,-79.45,45.21667,CWS,climate_untruncated_hierarchical_contribution
15929,spatial_spd,untruncated_hierarchical_contribution,climate,0.3793,North America,Cold - Warm Summer,-78,43,CWS,climate_untruncated_hierarchical_contribution
41842,spatial_spd,untruncated_hierarchical_contribution,climate,0.1774,Europe,Polar,7.97395,46.39429,POL,climate_untruncated_hierarchical_contribution
45387,spatial_spd,untruncated_hierarchical_contribution,climate,0.2383,Europe,Cold - Warm Summer,26.01389,59.45139,CWS,climate_untruncated_hierarchical_contribution
15142,spatial_spd,untruncated_hierarchical_contribution,climate,0.2575,North America,Cold - Hot Summer,-70.77813,41.92418,CHS,climate_untruncated_hierarchical_contribution
852,spatial_spd,untruncated_hierarchical_contribution,climate,0.0941,North America,Temperate,-71.575,41.15833,TMP,climate_untruncated_hierarchical_contribution
4269,spatial_spd,untruncated_hierarchical_contribution,climate,0.2264,Europe,Cold - Warm Summer,14.77529,48.99944,CWS,climate_untruncated_hierarchical_contribution
25370,spatial_spd,untruncated_hierarchical_contribution,climate,0.2874,Europe,Temperate,4.12278,47.31778,TMP,climate_untruncated_hierarchical_contribution
25221,spatial_spd,untruncated_hierarchical_contribution,climate,0.0097,Europe,Temperate,2.33722,45.69639,TMP,climate_untruncated_hierarchical_contribution
41018,spatial_spd,untruncated_hierarchical_contribution,climate,0.3212,North America,Temperate,-70.66628,41.4316,TMP,climate_untruncated_hierarchical_contribution
21774,spatial_spd,untruncated_hierarchical_contribution,climate,0.2993,North America,Temperate,-127.0722,50.5725,TMP,climate_untruncated_hierarchical_contribution
4012,spatial_spd,untruncated_hierarchical_contribution,climate,0.2899,Europe,Temperate,-1.09648,60.38736,TMP,climate_untruncated_hierarchical_contribution
41241,spatial_spd,untruncated_hierarchical_contribution,climate,0.0831,Europe,Temperate,-4.43026,55.09344,TMP,climate_untruncated_hierarchical_contribution
41499,spatial_spd,untruncated_hierarchical_contribution,climate,0.1885,North America,Cold - Dry Summer,-140.90574,67.90308,CDS,climate_untruncated_hierarchical_contribution
47564,spatial_spd,untruncated_hierarchical_contribution,climate,0.1635,Latin America,Tropical,-65.98614,-12.99739,TRO,climate_untruncated_hierarchical_contribution
778,spatial_spd,untruncated_hierarchical_contribution,climate,0.1522,North America,Cold - Cold Summer,-112.1,57.76667,CCS,climate_untruncated_hierarchical_contribution
4320,spatial_spd,untruncated_hierarchical_contribution,climate,0.3514,Europe,Cold - Warm Summer,23.95667,51.69667,CWS,climate_untruncated_hierarchical_contribution
42566,spatial_spd,untruncated_hierarchical_contribution,climate,0.177,Europe,Cold - Warm Summer,8.63721,48.72783,CWS,climate_untruncated_hierarchical_contribution
2342,spatial_spd,untruncated_hierarchical_contribution,climate,0.22,North America,Cold - Warm Summer,-74.46694,46.05778,CWS,climate_untruncated_hierarchical_contribution
3871,spatial_spd,untruncated_hierarchical_contribution,climate,0.0065,Europe,Temperate,5.28333,45.79083,TMP,climate_untruncated_hierarchical_contribution
41228,spatial_spd,untruncated_hierarchical_contribution,climate,0.3104,Europe,Temperate,-3.80472,51.12028,TMP,climate_untruncated_hierarchical_contribution
46659,spatial_spd,untruncated_hierarchical_contribution,climate,-0.0995,North America,Polar,-109.50237,44.93454,POL,climate_untruncated_hierarchical_contribution
24441,spatial_spd,untruncated_hierarchical_contribution,climate,0.2386,Europe,Cold - Warm Summer,3.65,44.46667,CWS,climate_untruncated_hierarchical_contribution
40795,spatial_spd,untruncated_hierarchical_contribution,climate,0.2025,North America,Cold - Warm Summer,-70.79309,41.32761,CWS,climate_untruncated_hierarchical_contribution
21915,spatial_spd,untruncated_hierarchical_contribution,climate,0.5113,Latin America,Tropical,-76.52225,3.10116,TRO,climate_untruncated_hierarchical_contribution
14523,spatial_spd,untruncated_hierarchical_contribution,climate,0.2389,Europe,Temperate,-9.72556,53.9498,TMP,climate_untruncated_hierarchical_contribution
25344,spatial_spd,untruncated_hierarchical_contribution,climate,0.1984,Europe,Temperate,4.04861,47.20333,TMP,climate_untruncated_hierarchical_contribution
41502,spatial_spd,untruncated_hierarchical_contribution,climate,0.1706,Europe,Temperate,-8.3499,55.0224,TMP,climate_untruncated_hierarchical_contribution
772,spatial_spd,untruncated_hierarchical_contribution,climate,0.1502,North America,Cold - Warm Summer,-70.0018,41.9316,CWS,climate_untruncated_hierarchical_contribution
46645,spatial_spd,untruncated_hierarchical_contribution,climate,-0.0019,North America,Cold - Cold Summer,-107.38399,44.39092,CCS,climate_untruncated_hierarchical_contribution
3452,spatial_spd,untruncated_hierarchical_contribution,climate,0.0351,North America,Cold - Warm Summer,-90.35,45.3,CWS,climate_untruncated_hierarchical_contribution
3910,spatial_spd,untruncated_hierarchical_contribution,climate,0.5227,Europe,Temperate,-2.05,43.03333,TMP,climate_untruncated_hierarchical_contribution
48735,spatial_spd,untruncated_hierarchical_contribution,climate,0.2449,Europe,Cold - Cold Summer,13.40649,49.01398,CCS,climate_untruncated_hierarchical_contribution
48614,spatial_spd,untruncated_hierarchical_contribution,climate,0.2676,Latin America,Temperate,-79.11153,-4.37461,TMP,climate_untruncated_hierarchical_contribution
22352,spatial_spd,untruncated_hierarchical_contribution,climate,0.292,Europe,Cold - Warm Summer,13.83582,48.89954,CWS,climate_untruncated_hierarchical_contribution
15876,spatial_spd,untruncated_hierarchical_contribution,climate,0.3331,North America,Arid,-119.96,35.935,ARD,climate_untruncated_hierarchical_contribution
45710,spatial_spd,untruncated_hierarchical_contribution,climate,0.2345,Europe,Cold - Cold Summer,7.53886,59.66874,CCS,climate_untruncated_hierarchical_contribution
17945,spatial_spd,untruncated_hierarchical_contribution,climate,0.4001,North America,Cold - Warm Summer,-132.95774,56.80046,CWS,climate_untruncated_hierarchical_contribution
15719,spatial_spd,untruncated_hierarchical_contribution,climate,0.2353,North America,Polar,-61.796,66.66,POL,climate_untruncated_hierarchical_contribution
2955,spatial_spd,untruncated_hierarchical_contribution,climate,0.2431,North America,Polar,-117.21667,52.24167,POL,climate_untruncated_hierarchical_contribution
22910,spatial_spd,untruncated_hierarchical_contribution,climate,-0.0326,Europe,Cold - Warm Summer,17.255,47.21583,CWS,climate_untruncated_hierarchical_contribution
16061,spatial_spd,untruncated_hierarchical_contribution,climate,0.2846,North America,Cold - Dry Summer,-122.4984,41.20586,CDS,climate_untruncated_hierarchical_contribution
549,spatial_spd,untruncated_hierarchical_contribution,climate,0.2799,North America,Cold - Cold Summer,-69.4,54.88333,CCS,climate_untruncated_hierarchical_contribution
45719,spatial_spd,untruncated_hierarchical_contribution,climate,0.2959,Europe,Cold - Warm Summer,7.73221,58.53704,CWS,climate_untruncated_hierarchical_contribution
2610,spatial_spd,untruncated_hierarchical_contribution,climate,0.1653,North America,Cold - Warm Summer,-52.66667,47.61667,CWS,climate_untruncated_hierarchical_contribution
20838,spatial_spd,untruncated_hierarchical_contribution,climate,0.1383,North America,Cold - Cold Summer,-111.57316,38.07195,CCS,climate_untruncated_hierarchical_contribution
24390,spatial_spd,untruncated_hierarchical_contribution,climate,0.2976,Europe,Temperate - Dry Summer,20.83333,38.86667,TDS,climate_untruncated_hierarchical_contribution
21319,spatial_spd,untruncated_hierarchical_contribution,climate,0.3916,North America,Cold - Cold Summer,-65.41466,48.70971,CCS,climate_untruncated_hierarchical_contribution
15740,spatial_spd,untruncated_hierarchical_contribution,climate,0.0924,North America,Cold - Warm Summer,-91.19975,46.30638,CWS,climate_untruncated_hierarchical_contribution
16275,spatial_spd,untruncated_hierarchical_contribution,climate,0.3868,North America,Cold - Cold Summer,-91.37583,52.52949,CCS,climate_untruncated_hierarchical_contribution
2303,spatial_spd,untruncated_hierarchical_contribution,climate,0.1705,North America,Polar,-95.06667,72.58333,POL,climate_untruncated_hierarchical_contribution
1574,spatial_spd,untruncated_hierarchical_contribution,climate,0.0959,North America,Cold - Hot Summer,-84.75,41.41667,CHS,climate_untruncated_hierarchical_contribution
2962,spatial_spd,untruncated_hierarchical_contribution,climate,0.3622,North America,Cold - Cold Summer,-114.15,59.25,CCS,climate_untruncated_hierarchical_contribution
1780,spatial_spd,untruncated_hierarchical_contribution,climate,0.2118,North America,Cold - Cold Summer,-141.96667,60.03333,CCS,climate_untruncated_hierarchical_contribution
22797,spatial_spd,untruncated_hierarchical_contribution,climate,0.3292,Europe,Cold - Cold Summer,8.01139,46.23111,CCS,climate_untruncated_hierarchical_contribution
2318,spatial_spd,untruncated_hierarchical_contribution,climate,0.1232,North America,Cold - Warm Summer,-85.17917,46.13194,CWS,climate_untruncated_hierarchical_contribution
20,spatial_spd,untruncated_hierarchical_contribution,climate,0.2425,Europe,Cold - Cold Summer,27.67406,69.12326,CCS,climate_untruncated_hierarchical_contribution
2919,spatial_spd,untruncated_hierarchical_contribution,climate,-0.0377,North America,Cold - Hot Summer,-88.18475,42.35154,CHS,climate_untruncated_hierarchical_contribution
20758,spatial_spd,untruncated_hierarchical_contribution,climate,0.0878,North America,Temperate - Dry Summer,-123.461,42.021,TDS,climate_untruncated_hierarchical_contribution
24097,spatial_spd,untruncated_hierarchical_contribution,climate,0.0091,Europe,Cold - Warm Summer,17.19626,48.97602,CWS,climate_untruncated_hierarchical_contribution
501,spatial_spd,untruncated_hierarchical_contribution,climate,0.1887,North America,Cold - Cold Summer,-56.19639,50.03417,CCS,climate_untruncated_hierarchical_contribution
1848,spatial_spd,untruncated_hierarchical_contribution,climate,0.1509,North America,Cold - Warm Summer,-77.41667,40.8,CWS,climate_untruncated_hierarchical_contribution
45385,spatial_spd,untruncated_hierarchical_contribution,climate,0.4813,Europe,Cold - Warm Summer,26.01389,59.45139,CWS,climate_untruncated_hierarchical_contribution
2908,spatial_spd,untruncated_hierarchical_contribution,climate,0.2636,Latin America,Cold - Dry Summer,-70.38333,-36.88333,CDS,climate_untruncated_hierarchical_contribution
22683,spatial_spd,untruncated_hierarchical_contribution,climate,0.0624,Europe,Cold - Cold Summer,7.13333,44.23333,CCS,climate_untruncated_hierarchical_contribution
17711,spatial_spd,untruncated_hierarchical_contribution,climate,0.4128,North America,Cold - Cold Summer,-105.05685,55.33061,CCS,climate_untruncated_hierarchical_contribution
2023,spatial_spd,untruncated_hierarchical_contribution,climate,0.1348,North America,Cold - Warm Summer,-76.1,45.6,CWS,climate_untruncated_hierarchical_contribution
336,spatial_spd,untruncated_hierarchical_contribution,climate,0.174,North America,Cold - Cold Summer,-130.65,61.68333,CCS,climate_untruncated_hierarchical_contribution
14525,spatial_spd,untruncated_hierarchical_contribution,climate,0.4739,Europe,Temperate,-9.43662,54.03918,TMP,climate_untruncated_hierarchical_contribution
1667,spatial_spd,untruncated_hierarchical_contribution,climate,0.177,North America,Cold - Warm Summer,-71.25139,44.24694,CWS,climate_untruncated_hierarchical_contribution
41491,spatial_spd,untruncated_hierarchical_contribution,climate,0.2026,Europe,Cold - Warm Summer,24.13852,41.73356,CWS,climate_untruncated_hierarchical_contribution
48621,spatial_spd,untruncated_hierarchical_contribution,climate,0.1036,Latin America,Temperate,-72.97522,-47.64356,TMP,climate_untruncated_hierarchical_contribution
48889,spatial_spd,untruncated_hierarchical_contribution,climate,0.0545,North America,Cold - Warm Summer,-85.71733,46.44253,CWS,climate_untruncated_hierarchical_contribution
45400,spatial_spd,untruncated_hierarchical_contribution,climate,0.055,Europe,Cold - Warm Summer,27.46167,59.17528,CWS,climate_untruncated_hierarchical_contribution
805,spatial_spd,untruncated_hierarchical_contribution,climate,0.1699,North America,Cold - Hot Summer,-82.76,41.92,CHS,climate_untruncated_hierarchical_contribution
22992,spatial_spd,untruncated_hierarchical_contribution,climate,0.0424,Europe,Cold - Cold Summer,8.06769,46.71801,CCS,climate_untruncated_hierarchical_contribution
15768,spatial_spd,untruncated_hierarchical_contribution,climate,0.156,North America,Temperate - Dry Summer,-123.581,45.822,TDS,climate_untruncated_hierarchical_contribution
41911,spatial_spd,untruncated_hierarchical_contribution,climate,-0.006,Europe,Temperate - Dry Summer,-7.63611,40.36278,TDS,climate_untruncated_hierarchical_contribution
22316,spatial_spd,untruncated_hierarchical_contribution,climate,0.1456,Europe,Cold - Warm Summer,16.1175,50.58861,CWS,climate_untruncated_hierarchical_contribution
219,spatial_spd,untruncated_hierarchical_contribution,climate,0.3999,North America,Cold - Warm Summer,-73.31111,45.54306,CWS,climate_untruncated_hierarchical_contribution
4364,spatial_spd,untruncated_hierarchical_contribution,climate,-0.031,Europe,Cold - Warm Summer,19.80199,49.46655,CWS,climate_untruncated_hierarchical_contribution
21606,spatial_spd,untruncated_hierarchical_contribution,climate,0.3718,Latin America,Arid,-71.70555,-13.09533,ARD,climate_untruncated_hierarchical_contribution
2586,spatial_spd,untruncated_hierarchical_contribution,climate,0.0012,North America,Cold - Warm Summer,-86.95833,46.47,CWS,climate_untruncated_hierarchical_contribution
1438,spatial_spd,untruncated_hierarchical_contribution,climate,0.0682,Europe,Cold - Cold Summer,14.53458,57.64055,CCS,climate_untruncated_hierarchical_contribution
41614,spatial_spd,untruncated_hierarchical_contribution,climate,0.2244,North America,Cold - Cold Summer,-106.40741,39.15095,CCS,climate_untruncated_hierarchical_contribution
15138,spatial_spd,untruncated_hierarchical_contribution,climate,0.1225,North America,Cold - Warm Summer,-99.29758,49.44254,CWS,climate_untruncated_hierarchical_contribution
24250,spatial_spd,untruncated_hierarchical_contribution,climate,0.3475,Europe,Cold - Warm Summer,14.02583,49.37639,CWS,climate_untruncated_hierarchical_contribution
24414,spatial_spd,untruncated_hierarchical_contribution,climate,0.1381,Europe,Cold - Warm Summer,3.08111,44.74444,CWS,climate_untruncated_hierarchical_contribution
3493,spatial_spd,untruncated_hierarchical_contribution,climate,0.2485,North America,Cold - Warm Summer,-73.2945,41.80939,CWS,climate_untruncated_hierarchical_contribution
15855,spatial_spd,untruncated_hierarchical_contribution,climate,-0.0048,North America,Cold - Cold Summer,-113.79265,46.95179,CCS,climate_untruncated_hierarchical_contribution
974,spatial_spd,untruncated_hierarchical_contribution,climate,0.4538,North America,Cold - Warm Summer,-98.25,53,CWS,climate_untruncated_hierarchical_contribution
16054,spatial_spd,untruncated_hierarchical_contribution,climate,0.3179,North America,Cold - Dry Summer,-121.39227,40.40972,CDS,climate_untruncated_hierarchical_contribution
45117,spatial_spd,untruncated_hierarchical_contribution,climate,0.2721,Europe,Cold - Cold Summer,22.80349,45.33407,CCS,climate_untruncated_hierarchical_contribution
679,spatial_spd,untruncated_hierarchical_contribution,climate,0.1347,North America,Cold - Warm Summer,-85,43.48,CWS,climate_untruncated_hierarchical_contribution
15778,spatial_spd,untruncated_hierarchical_contribution,climate,0.2826,North America,Cold - Dry Summer,-119.149,37.9419,CDS,climate_untruncated_hierarchical_contribution
47537,spatial_spd,untruncated_hierarchical_contribution,climate,0.3834,Europe,Temperate - Dry Summer,9.78752,40.45547,TDS,climate_untruncated_hierarchical_contribution
15214,spatial_spd,untruncated_hierarchical_contribution,climate,-0.0491,North America,Cold - Cold Summer,-121.47227,51.66122,CCS,climate_untruncated_hierarchical_contribution
790,spatial_spd,untruncated_hierarchical_contribution,climate,0.1458,North America,Cold - Cold Summer,-105.58,39.93667,CCS,climate_untruncated_hierarchical_contribution
2663,spatial_spd,untruncated_hierarchical_contribution,climate,0.2513,North America,Temperate,-81.50634,27.58253,TMP,climate_untruncated_hierarchical_contribution
1013,spatial_spd,untruncated_hierarchical_contribution,climate,0.0582,North America,Cold - Warm Summer,-109.425,34,CWS,climate_untruncated_hierarchical_contribution
16175,spatial_spd,untruncated_hierarchical_contribution,climate,0.353,North America,Cold - Hot Summer,-74.55597,41.4059,CHS,climate_untruncated_hierarchical_contribution
16238,spatial_spd,untruncated_hierarchical_contribution,climate,0.2927,North America,Cold - Cold Summer,-157.0576,68.4891,CCS,climate_untruncated_hierarchical_contribution
40797,spatial_spd,untruncated_hierarchical_contribution,climate,0.1915,North America,Cold - Warm Summer,-70.76706,41.4711,CWS,climate_untruncated_hierarchical_contribution
16103,spatial_spd,untruncated_hierarchical_contribution,climate,-0.0436,North America,Cold - Warm Summer,-62.09501,44.97306,CWS,climate_untruncated_hierarchical_contribution
40452,spatial_spd,untruncated_hierarchical_contribution,climate,0.0286,Europe,Cold - Warm Summer,7.05,47.24056,CWS,climate_untruncated_hierarchical_contribution
1569,spatial_spd,untruncated_hierarchical_contribution,climate,0.2179,North America,Cold - Cold Summer,-70.3,46.71667,CCS,climate_untruncated_hierarchical_contribution
15,spatial_spd,untruncated_hierarchical_contribution,climate,0.0426,Latin America,Arid,-65.75,-23.83333,ARD,climate_untruncated_hierarchical_contribution
14549,spatial_spd,untruncated_hierarchical_contribution,climate,0.0305,North America,Cold - Dry Summer,-112.79315,37.6709,CDS,climate_untruncated_hierarchical_contribution
843,spatial_spd,untruncated_hierarchical_contribution,climate,0.1348,North America,Cold - Cold Summer,-109.95,43.43889,CCS,climate_untruncated_hierarchical_contribution
41748,spatial_spd,untruncated_hierarchical_contribution,climate,0.2058,Europe,Polar,7.36285,46.15726,POL,climate_untruncated_hierarchical_contribution
1434,spatial_spd,untruncated_hierarchical_contribution,climate,0.4559,Europe,Cold - Warm Summer,27.41146,58.19142,CWS,climate_untruncated_hierarchical_contribution
808,spatial_spd,untruncated_hierarchical_contribution,climate,0.2405,North America,Temperate - Dry Summer,-123.68167,48.35194,TDS,climate_untruncated_hierarchical_contribution
40666,spatial_spd,untruncated_hierarchical_contribution,climate,-0.0908,North America,Temperate,-70.7,41.42835,TMP,climate_untruncated_hierarchical_contribution
2335,spatial_spd,untruncated_hierarchical_contribution,climate,-0.0167,Europe,Temperate - Dry Summer,-6.73333,42.1,TDS,climate_untruncated_hierarchical_contribution
4385,spatial_spd,untruncated_hierarchical_contribution,climate,0.1853,Europe,Temperate,-6.88333,58.13333,TMP,climate_untruncated_hierarchical_contribution
4133,spatial_spd,untruncated_hierarchical_contribution,climate,0.2166,Europe,Cold - Cold Summer,25.86881,61.41513,CCS,climate_untruncated_hierarchical_contribution
25763,spatial_spd,untruncated_hierarchical_contribution,climate,0.0577,Europe,Polar,11.80211,47.02316,POL,climate_untruncated_hierarchical_contribution
20285,spatial_spd,untruncated_hierarchical_contribution,climate,0.1319,Europe,Polar,28.16545,71.03753,POL,climate_untruncated_hierarchical_contribution
17354,spatial_spd,untruncated_hierarchical_contribution,climate,0.3003,North America,Cold - Cold Summer,-147.39653,64.3443,CCS,climate_untruncated_hierarchical_contribution
2594,spatial_spd,untruncated_hierarchical_contribution,climate,0.1806,Latin America,Temperate,-49.55,-28.55,TMP,climate_untruncated_hierarchical_contribution
4150,spatial_spd,untruncated_hierarchical_contribution,climate,0.2122,Europe,Temperate,-2.10953,52.80744,TMP,climate_untruncated_hierarchical_contribution
4011,spatial_spd,untruncated_hierarchical_contribution,climate,0.16,Europe,Cold - Warm Summer,14.70652,58.32288,CWS,climate_untruncated_hierarchical_contribution
720,spatial_spd,untruncated_hierarchical_contribution,climate,0.1916,Europe,Polar,31.01975,70.32333,POL,climate_untruncated_hierarchical_contribution
2959,spatial_spd,untruncated_hierarchical_contribution,climate,0.0125,North America,Cold - Hot Summer,-71.11667,41.96667,CHS,climate_untruncated_hierarchical_contribution
20649,spatial_spd,untruncated_hierarchical_contribution,climate,0.1975,North America,Polar,-113.78145,71.344,POL,climate_untruncated_hierarchical_contribution
41001,spatial_spd,untruncated_hierarchical_contribution,climate,0.1153,North America,Cold - Hot Summer,-72.58,40.884,CHS,climate_untruncated_hierarchical_contribution
45704,spatial_spd,untruncated_hierarchical_contribution,climate,0.1406,Europe,Cold - Cold Summer,7.985,59.62523,CCS,climate_untruncated_hierarchical_contribution
1854,spatial_spd,untruncated_hierarchical_contribution,climate,0.0965,North America,Cold - Cold Summer,-109.94083,43.45,CCS,climate_untruncated_hierarchical_contribution
1157,spatial_spd,untruncated_hierarchical_contribution,climate,0.2197,North America,Cold - Warm Summer,-81.76667,47.31667,CWS,climate_untruncated_hierarchical_contribution
4360,spatial_spd,untruncated_hierarchical_contribution,climate,0.2453,Europe,Cold - Cold Summer,30.56667,66.35,CCS,climate_untruncated_hierarchical_contribution
45639,spatial_spd,untruncated_hierarchical_contribution,climate,0.1193,Europe,Cold - Cold Summer,17.75935,68.48221,CCS,climate_untruncated_hierarchical_contribution
45389,spatial_spd,untruncated_hierarchical_contribution,climate,0.3153,Europe,Cold - Warm Summer,26.51722,58.05917,CWS,climate_untruncated_hierarchical_contribution
22950,spatial_spd,untruncated_hierarchical_contribution,climate,-0.0285,Europe,Cold - Warm Summer,19.46271,54.10053,CWS,climate_untruncated_hierarchical_contribution
539,spatial_spd,untruncated_hierarchical_contribution,climate,0.0508,North America,Temperate,-91.09082,36.79864,TMP,climate_untruncated_hierarchical_contribution
26520,spatial_spd,untruncated_hierarchical_contribution,climate,0.1743,Europe,Polar,7.09361,46.17667,POL,climate_untruncated_hierarchical_contribution
773,spatial_spd,untruncated_hierarchical_contribution,climate,0.3565,North America,Cold - Warm Summer,-70.35,45.85,CWS,climate_untruncated_hierarchical_contribution
4524,spatial_spd,untruncated_hierarchical_contribution,climate,0.3405,Europe,Temperate,1.75,48.41667,TMP,climate_untruncated_hierarchical_contribution
16129,spatial_spd,untruncated_hierarchical_contribution,climate,0.0566,North America,Cold - Hot Summer,-88.8579,42.7776,CHS,climate_untruncated_hierarchical_contribution
17377,spatial_spd,untruncated_hierarchical_contribution,climate,0.2777,North America,Cold - Dry Summer,-150.91979,60.4918,CDS,climate_untruncated_hierarchical_contribution
4466,spatial_spd,untruncated_hierarchical_contribution,climate,0.4078,Europe,Cold - Warm Summer,28.1,54.03333,CWS,climate_untruncated_hierarchical_contribution
22980,spatial_spd,untruncated_hierarchical_contribution,climate,0.1516,Europe,Arid,28.53192,43.66346,ARD,climate_untruncated_hierarchical_contribution
26514,spatial_spd,untruncated_hierarchical_contribution,climate,0.1692,Europe,Cold - Warm Summer,12.29357,47.65663,CWS,climate_untruncated_hierarchical_contribution
4314,spatial_spd,untruncated_hierarchical_contribution,climate,0.0977,Europe,Cold - Warm Summer,25.99919,53.26346,CWS,climate_untruncated_hierarchical_contribution
872,spatial_spd,untruncated_hierarchical_contribution,climate,0.2523,Latin America,Temperate,-50.21667,-24.66667,TMP,climate_untruncated_hierarchical_contribution
723,spatial_spd,untruncated_hierarchical_contribution,climate,0.1965,Europe,Cold - Warm Summer,28.25,48.75,CWS,climate_untruncated_hierarchical_contribution
48950,spatial_spd,untruncated_hierarchical_contribution,climate,0.1374,Europe,Cold - Warm Summer,5.99556,44.555,CWS,climate_untruncated_hierarchical_contribution
48818,spatial_spd,untruncated_hierarchical_contribution,climate,0.1715,North America,Cold - Warm Summer,-89.70449,46.18465,CWS,climate_untruncated_hierarchical_contribution
45105,spatial_spd,untruncated_hierarchical_contribution,climate,0.2842,Europe,Cold - Dry Summer,20.77556,39.98778,CDS,climate_untruncated_hierarchical_contribution
48363,spatial_spd,untruncated_hierarchical_contribution,climate,-0.0046,North America,Cold - Dry Summer,-151.1123,59.94242,CDS,climate_untruncated_hierarchical_contribution
17363,spatial_spd,untruncated_hierarchical_contribution,climate,0.1205,North America,Temperate,-83.02511,35.16662,TMP,climate_untruncated_hierarchical_contribution
3058,spatial_spd,untruncated_hierarchical_contribution,climate,0.0236,North America,Cold - Warm Summer,-67.33336,45.25246,CWS,climate_untruncated_hierarchical_contribution
22847,spatial_spd,untruncated_hierarchical_contribution,climate,0.1229,Europe,Cold - Warm Summer,18.16208,54.70555,CWS,climate_untruncated_hierarchical_contribution
991,spatial_spd,untruncated_hierarchical_contribution,climate,0.0874,North America,Arid,-112.71667,48.55,ARD,climate_untruncated_hierarchical_contribution
41764,spatial_spd,untruncated_hierarchical_contribution,climate,-0.0306,Europe,Cold - Cold Summer,27.83997,70.0476,CCS,climate_untruncated_hierarchical_contribution
24317,spatial_spd,untruncated_hierarchical_contribution,climate,0.0853,Europe,Cold - Cold Summer,7.845,46.19556,CCS,climate_untruncated_hierarchical_contribution
2899,spatial_spd,untruncated_hierarchical_contribution,climate,0.2644,Latin America,Temperate - Dry Summer,-71.05064,-36.86011,TDS,climate_untruncated_hierarchical_contribution
20397,spatial_spd,untruncated_hierarchical_contribution,climate,0.2988,North America,Cold - Warm Summer,-86.07692,46.56374,CWS,climate_untruncated_hierarchical_contribution
1824,spatial_spd,untruncated_hierarchical_contribution,climate,0.204,North America,Cold - Hot Summer,-95.12645,43.34114,CHS,climate_untruncated_hierarchical_contribution
25786,spatial_spd,untruncated_hierarchical_contribution,climate,0.2099,Latin America,Tropical,-88.3681,17.93554,TRO,climate_untruncated_hierarchical_contribution
525,spatial_spd,untruncated_hierarchical_contribution,climate,0.0679,North America,Polar,-116.41667,51.65,POL,climate_untruncated_hierarchical_contribution
16269,spatial_spd,untruncated_hierarchical_contribution,climate,0.1525,North America,Cold - Cold Summer,-89.61722,51.83861,CCS,climate_untruncated_hierarchical_contribution
22723,spatial_spd,untruncated_hierarchical_contribution,climate,0.3255,Europe,Temperate,-5.83333,57.25,TMP,climate_untruncated_hierarchical_contribution
4200,spatial_spd,untruncated_hierarchical_contribution,climate,0.2373,Europe,Cold - Cold Summer,14.62333,59.80167,CCS,climate_untruncated_hierarchical_contribution
46477,spatial_spd,untruncated_hierarchical_contribution,climate,0.214,Europe,Cold - Warm Summer,30.73749,58.02083,CWS,climate_untruncated_hierarchical_contribution
999,spatial_spd,untruncated_hierarchical_contribution,climate,0.0418,North America,Cold - Hot Summer,-78.99722,37.98472,CHS,climate_untruncated_hierarchical_contribution
1435,spatial_spd,untruncated_hierarchical_contribution,climate,0.4368,Europe,Cold - Warm Summer,15.96947,49.72562,CWS,climate_untruncated_hierarchical_contribution
853,spatial_spd,untruncated_hierarchical_contribution,climate,0.0477,North America,Cold - Cold Summer,-111.66667,38.61667,CCS,climate_untruncated_hierarchical_contribution
4369,spatial_spd,untruncated_hierarchical_contribution,climate,0.1403,Europe,Cold - Warm Summer,26.64967,58.59222,CWS,climate_untruncated_hierarchical_contribution
332,spatial_spd,untruncated_hierarchical_contribution,climate,0.2451,North America,Cold - Warm Summer,-88.01667,46.66667,CWS,climate_untruncated_hierarchical_contribution
22971,spatial_spd,untruncated_hierarchical_contribution,climate,0.2244,Europe,Cold - Warm Summer,12.09944,50.27611,CWS,climate_untruncated_hierarchical_contribution
3488,spatial_spd,untruncated_hierarchical_contribution,climate,0.3195,North America,Cold - Hot Summer,-89.41667,43.1,CHS,climate_untruncated_hierarchical_contribution
1768,spatial_spd,untruncated_hierarchical_contribution,climate,0.1467,North America,Cold - Warm Summer,-98.16505,46.85061,CWS,climate_untruncated_hierarchical_contribution
45324,spatial_spd,untruncated_hierarchical_contribution,climate,0.165,Europe,Temperate - Dry Summer,12.65,37.6,TDS,climate_untruncated_hierarchical_contribution
46680,spatial_spd,untruncated_hierarchical_contribution,climate,0.2217,North America,Cold - Cold Summer,-120.68095,53.51773,CCS,climate_untruncated_hierarchical_contribution
2954,spatial_spd,untruncated_hierarchical_contribution,climate,0.1363,North America,Cold - Cold Summer,-151.26667,64.33333,CCS,climate_untruncated_hierarchical_contribution
531,spatial_spd,untruncated_hierarchical_contribution,climate,0.0171,Europe,Cold - Warm Summer,26.01667,50.26667,CWS,climate_untruncated_hierarchical_contribution
19814,spatial_spd,untruncated_hierarchical_contribution,climate,0.1855,North America,Cold - Dry Summer,-138.75904,68.82343,CDS,climate_untruncated_hierarchical_contribution
4118,spatial_spd,untruncated_hierarchical_contribution,climate,0.1532,Europe,Cold - Warm Summer,19.67778,49.04167,CWS,climate_untruncated_hierarchical_contribution
1966,spatial_spd,untruncated_hierarchical_contribution,climate,0.1861,North America,Cold - Warm Summer,-94.119,47.075,CWS,climate_untruncated_hierarchical_contribution
15191,spatial_spd,untruncated_hierarchical_contribution,climate,-0.0183,North America,Temperate,-79.09388,35.17121,TMP,climate_untruncated_hierarchical_contribution
45725,spatial_spd,untruncated_hierarchical_contribution,climate,0.1923,Europe,Cold - Warm Summer,8.00356,58.24364,CWS,climate_untruncated_hierarchical_contribution
19834,spatial_spd,untruncated_hierarchical_contribution,climate,0.123,North America,Cold - Hot Summer,-94.73356,43.67035,CHS,climate_untruncated_hierarchical_contribution
40793,spatial_spd,untruncated_hierarchical_contribution,climate,0.2275,North America,Cold - Hot Summer,-71.08776,42.61918,CHS,climate_untruncated_hierarchical_contribution
4375,spatial_spd,untruncated_hierarchical_contribution,climate,0.3278,Europe,Temperate,5.60833,45.425,TMP,climate_untruncated_hierarchical_contribution
15976,spatial_spd,untruncated_hierarchical_contribution,climate,0.2551,North America,Cold - Cold Summer,-158.5532,59.7939,CCS,climate_untruncated_hierarchical_contribution
517,spatial_spd,untruncated_hierarchical_contribution,climate,0.3823,North America,Cold - Dry Summer,-112.14974,36.52923,CDS,climate_untruncated_hierarchical_contribution
849,spatial_spd,untruncated_hierarchical_contribution,climate,0.2831,North America,Cold - Warm Summer,-93.75,49.58333,CWS,climate_untruncated_hierarchical_contribution
41189,spatial_spd,untruncated_hierarchical_contribution,climate,0.0571,Europe,Temperate,-5.50139,56.38444,TMP,climate_untruncated_hierarchical_contribution
1987,spatial_spd,untruncated_hierarchical_contribution,climate,0.2474,North America,Cold - Cold Summer,-162.2,63.5,CCS,climate_untruncated_hierarchical_contribution
22662,spatial_spd,untruncated_hierarchical_contribution,climate,0.1805,Europe,Cold - Cold Summer,7.72972,44.18822,CCS,climate_untruncated_hierarchical_contribution
841,spatial_spd,untruncated_hierarchical_contribution,climate,0.1386,North America,Cold - Cold Summer,-109.93889,43.47167,CCS,climate_untruncated_hierarchical_contribution
17880,spatial_spd,untruncated_hierarchical_contribution,climate,0.3101,North America,Cold - Warm Summer,-72.45895,42.81014,CWS,climate_untruncated_hierarchical_contribution
40627,spatial_spd,untruncated_hierarchical_contribution,climate,0.0206,Europe,Cold - Warm Summer,7.54333,46.64583,CWS,climate_untruncated_hierarchical_contribution
15368,spatial_spd,untruncated_hierarchical_contribution,climate,0.1493,North America,Arid,-114.04118,40.49611,ARD,climate_untruncated_hierarchical_contribution
3972,spatial_spd,untruncated_hierarchical_contribution,climate,0.1245,Europe,Temperate,-1.80028,47.25444,TMP,climate_untruncated_hierarchical_contribution
45393,spatial_spd,untruncated_hierarchical_contribution,climate,0.4427,Europe,Cold - Warm Summer,27.06917,57.73722,CWS,climate_untruncated_hierarchical_contribution
42542,spatial_spd,untruncated_hierarchical_contribution,climate,0.2002,Europe,Cold - Cold Summer,10.47453,51.7704,CCS,climate_untruncated_hierarchical_contribution
45312,spatial_spd,untruncated_hierarchical_contribution,climate,0.3272,Europe,Polar,18.16667,68.16667,POL,climate_untruncated_hierarchical_contribution
21790,spatial_spd,untruncated_hierarchical_contribution,climate,0.0879,Europe,Cold - Cold Summer,14.92555,60.65141,CCS,climate_untruncated_hierarchical_contribution
45642,spatial_spd,untruncated_hierarchical_contribution,climate,0.3293,Europe,Cold - Cold Summer,18.07167,68.44417,CCS,climate_untruncated_hierarchical_contribution
1153,spatial_spd,untruncated_hierarchical_contribution,climate,0.2518,North America,Cold - Warm Summer,-93.64361,47.13556,CWS,climate_untruncated_hierarchical_contribution
22400,spatial_spd,untruncated_hierarchical_contribution,climate,-0.0049,North America,Cold - Cold Summer,-105.60599,39.65656,CCS,climate_untruncated_hierarchical_contribution
22346,spatial_spd,untruncated_hierarchical_contribution,climate,0.1088,Europe,Cold - Warm Summer,13.7405,48.89756,CWS,climate_untruncated_hierarchical_contribution
4410,spatial_spd,untruncated_hierarchical_contribution,climate,0.0912,Europe,Temperate,-2.46806,47.80944,TMP,climate_untruncated_hierarchical_contribution
48986,spatial_spd,untruncated_hierarchical_contribution,climate,0.0817,Europe,Temperate,-2.46806,47.80944,TMP,climate_untruncated_hierarchical_contribution
41612,spatial_spd,untruncated_hierarchical_contribution,climate,0.0593,North America,Polar,-124.564,58.573,POL,climate_untruncated_hierarchical_contribution
47687,spatial_spd,untruncated_hierarchical_contribution,climate,0.0866,North America,Arid,-111.99647,42.29063,ARD,climate_untruncated_hierarchical_contribution
22669,spatial_spd,untruncated_hierarchical_contribution,climate,0.1954,Europe,Temperate,8.86542,53.43465,TMP,climate_untruncated_hierarchical_contribution
16009,spatial_spd,untruncated_hierarchical_contribution,climate,-0.0273,North America,Temperate,-85.40174,34.66311,TMP,climate_untruncated_hierarchical_contribution
48358,spatial_spd,untruncated_hierarchical_contribution,climate,0.2203,Europe,Polar,20.078,49.15199,POL,climate_untruncated_hierarchical_contribution
1028,spatial_spd,untruncated_hierarchical_contribution,climate,0.4083,North America,Polar,-63.03333,58.2,POL,climate_untruncated_hierarchical_contribution
1715,spatial_spd,untruncated_hierarchical_contribution,climate,0.2256,North America,Cold - Warm Summer,-73.03056,46.72639,CWS,climate_untruncated_hierarchical_contribution
258,spatial_spd,untruncated_hierarchical_contribution,climate,0.4207,North America,Cold - Cold Summer,-76.12028,54.04722,CCS,climate_untruncated_hierarchical_contribution
43533,spatial_spd,untruncated_hierarchical_contribution,climate,0.273,Europe,Temperate,-6.77117,58.26443,TMP,climate_untruncated_hierarchical_contribution
47502,spatial_spd,untruncated_hierarchical_contribution,climate,0.0072,Latin America,Temperate,-79.14519,-3.98978,TMP,climate_untruncated_hierarchical_contribution
2266,spatial_spd,untruncated_hierarchical_contribution,climate,0.0036,North America,Cold - Warm Summer,-58.8,48.26,CWS,climate_untruncated_hierarchical_contribution
24055,spatial_spd,untruncated_hierarchical_contribution,climate,0.2405,Europe,Cold - Cold Summer,11.45624,46.63707,CCS,climate_untruncated_hierarchical_contribution
287,spatial_spd,untruncated_hierarchical_contribution,climate,0.3339,North America,Cold - Hot Summer,-89.86667,43.08333,CHS,climate_untruncated_hierarchical_contribution
329,spatial_spd,untruncated_hierarchical_contribution,climate,0.1711,North America,Cold - Warm Summer,-73.86806,45.96111,CWS,climate_untruncated_hierarchical_contribution
1548,spatial_spd,untruncated_hierarchical_contribution,climate,0.1999,North America,Cold - Warm Summer,-92.58798,46.71359,CWS,climate_untruncated_hierarchical_contribution
285,spatial_spd,untruncated_hierarchical_contribution,climate,0.03,Oceania,Cold - Cold Summer,148.31667,-36.41667,CCS,climate_untruncated_hierarchical_contribution
40914,spatial_spd,untruncated_hierarchical_contribution,climate,0.1469,North America,Cold - Warm Summer,-72.3758,44.359,CWS,climate_untruncated_hierarchical_contribution
45395,spatial_spd,untruncated_hierarchical_contribution,climate,0.249,Europe,Cold - Warm Summer,27.06917,57.73722,CWS,climate_untruncated_hierarchical_contribution
46630,spatial_spd,untruncated_hierarchical_contribution,climate,-0.0436,North America,Temperate - Dry Summer,-123.68572,48.58358,TDS,climate_untruncated_hierarchical_contribution
4549,spatial_spd,untruncated_hierarchical_contribution,climate,0.0761,Europe,Polar,11.025,46.85833,POL,climate_untruncated_hierarchical_contribution
18100,spatial_spd,untruncated_hierarchical_contribution,climate,0.0971,Latin America,Tropical,-67.88831,10.09484,TRO,climate_untruncated_hierarchical_contribution
15366,spatial_spd,untruncated_hierarchical_contribution,climate,0.2397,Latin America,Polar,-77.47606,-7.63643,POL,climate_untruncated_hierarchical_contribution
15203,spatial_spd,untruncated_hierarchical_contribution,climate,0.2398,North America,Cold - Warm Summer,-79.95306,43.46139,CWS,climate_untruncated_hierarchical_contribution
15594,spatial_spd,untruncated_hierarchical_contribution,climate,0.1083,North America,Cold - Dry Summer,-116.66502,33.76797,CDS,climate_untruncated_hierarchical_contribution
15724,spatial_spd,untruncated_hierarchical_contribution,climate,0.3404,North America,Cold - Cold Summer,-149.908,64.413,CCS,climate_untruncated_hierarchical_contribution
14923,spatial_spd,untruncated_hierarchical_contribution,climate,0.0424,North America,Arid,-113.44306,45.83801,ARD,climate_untruncated_hierarchical_contribution
17404,spatial_spd,untruncated_hierarchical_contribution,climate,0.2052,North America,Cold - Warm Summer,-86.48457,46.14313,CWS,climate_untruncated_hierarchical_contribution
16131,spatial_spd,untruncated_hierarchical_contribution,climate,-0.1539,North America,Cold - Dry Summer,-115.4879,41.7816,CDS,climate_untruncated_hierarchical_contribution
3471,spatial_spd,untruncated_hierarchical_contribution,climate,0.3337,North America,Polar,-76.37833,57.11667,POL,climate_untruncated_hierarchical_contribution
1631,spatial_spd,untruncated_hierarchical_contribution,climate,0.4008,Latin America,Polar,-76.61667,-10.76667,POL,climate_untruncated_hierarchical_contribution
3130,spatial_spd,untruncated_hierarchical_contribution,climate,0.1977,North America,Cold - Warm Summer,-73.97256,44.18038,CWS,climate_untruncated_hierarchical_contribution
22791,spatial_spd,untruncated_hierarchical_contribution,climate,0.237,Europe,Cold - Warm Summer,8.06643,47.92904,CWS,climate_untruncated_hierarchical_contribution
4259,spatial_spd,untruncated_hierarchical_contribution,climate,0.223,Europe,Cold - Cold Summer,26.23393,62.34206,CCS,climate_untruncated_hierarchical_contribution
24863,spatial_spd,untruncated_hierarchical_contribution,climate,0.2918,Europe,Temperate,-0.09583,47.22167,TMP,climate_untruncated_hierarchical_contribution
4425,spatial_spd,untruncated_hierarchical_contribution,climate,0.2065,Europe,Cold - Warm Summer,6.33639,44.42,CWS,climate_untruncated_hierarchical_contribution
1633,spatial_spd,untruncated_hierarchical_contribution,climate,0.2062,North America,Cold - Hot Summer,-92.82755,45.04603,CHS,climate_untruncated_hierarchical_contribution
15392,spatial_spd,untruncated_hierarchical_contribution,climate,0.4446,North America,Polar,-63.25413,67.18071,POL,climate_untruncated_hierarchical_contribution
22344,spatial_spd,untruncated_hierarchical_contribution,climate,0.0822,Europe,Cold - Warm Summer,13.32283,49.15026,CWS,climate_untruncated_hierarchical_contribution
1755,spatial_spd,untruncated_hierarchical_contribution,climate,0.3337,North America,Cold - Cold Summer,-155.03333,66.91667,CCS,climate_untruncated_hierarchical_contribution
45281,spatial_spd,untruncated_hierarchical_contribution,climate,0.1822,Europe,Cold - Cold Summer,25.27361,47.1125,CCS,climate_untruncated_hierarchical_contribution
2352,spatial_spd,untruncated_hierarchical_contribution,climate,0.3933,North America,Cold - Cold Summer,-145.21667,68.26667,CCS,climate_untruncated_hierarchical_contribution
32426,spatial_spd,untruncated_hierarchical_contribution,climate,0.3316,Oceania,Temperate,145.96036,-41.45226,TMP,climate_untruncated_hierarchical_contribution
4393,spatial_spd,untruncated_hierarchical_contribution,climate,0.0753,Europe,Cold - Cold Summer,24.17439,60.43763,CCS,climate_untruncated_hierarchical_contribution
4421,spatial_spd,untruncated_hierarchical_contribution,climate,0.0804,Europe,Temperate,-5.228,58.055,TMP,climate_untruncated_hierarchical_contribution
22960,spatial_spd,untruncated_hierarchical_contribution,climate,0.3118,Europe,Polar,7.97638,46.6798,POL,climate_untruncated_hierarchical_contribution
4377,spatial_spd,untruncated_hierarchical_contribution,climate,0.0972,Europe,Cold - Warm Summer,21.27687,49.42344,CWS,climate_untruncated_hierarchical_contribution
3048,spatial_spd,untruncated_hierarchical_contribution,climate,0.0777,North America,Cold - Cold Summer,-119.48333,56.76667,CCS,climate_untruncated_hierarchical_contribution
857,spatial_spd,untruncated_hierarchical_contribution,climate,0.2891,North America,Cold - Warm Summer,-73.47583,46.27583,CWS,climate_untruncated_hierarchical_contribution
699,spatial_spd,untruncated_hierarchical_contribution,climate,0.1325,North America,Temperate,-76.45,36.58333,TMP,climate_untruncated_hierarchical_contribution
1621,spatial_spd,untruncated_hierarchical_contribution,climate,0.2197,Latin America,Tropical,-42.21667,-17.95,TRO,climate_untruncated_hierarchical_contribution
20833,spatial_spd,untruncated_hierarchical_contribution,climate,0.1133,North America,Cold - Warm Summer,-106.51142,36.04623,CWS,climate_untruncated_hierarchical_contribution
15904,spatial_spd,untruncated_hierarchical_contribution,climate,0.0058,North America,Cold - Warm Summer,-78.40148,43.0402,CWS,climate_untruncated_hierarchical_contribution
2049,spatial_spd,untruncated_hierarchical_contribution,climate,0.2388,North America,Cold - Cold Summer,-105.54167,40.08333,CCS,climate_untruncated_hierarchical_contribution
324,spatial_spd,untruncated_hierarchical_contribution,climate,0.1999,North America,Cold - Warm Summer,-73.5711,42.5862,CWS,climate_untruncated_hierarchical_contribution
40111,spatial_spd,untruncated_hierarchical_contribution,climate,0.1767,North America,Temperate,-80.77947,34.16459,TMP,climate_untruncated_hierarchical_contribution
2381,spatial_spd,untruncated_hierarchical_contribution,climate,0.15,North America,Cold - Cold Summer,-107.01325,44.26894,CCS,climate_untruncated_hierarchical_contribution
17385,spatial_spd,untruncated_hierarchical_contribution,climate,0.2397,North America,Cold - Cold Summer,-148.24906,62.84226,CCS,climate_untruncated_hierarchical_contribution
1769,spatial_spd,untruncated_hierarchical_contribution,climate,0.2613,North America,Cold - Cold Summer,-58.05,52.26667,CCS,climate_untruncated_hierarchical_contribution
1142,spatial_spd,untruncated_hierarchical_contribution,climate,0.1411,North America,Cold - Cold Summer,-66.08333,66.135,CCS,climate_untruncated_hierarchical_contribution
796,spatial_spd,untruncated_hierarchical_contribution,climate,0.0228,North America,Cold - Cold Summer,-110.3,44.06667,CCS,climate_untruncated_hierarchical_contribution
510,spatial_spd,untruncated_hierarchical_contribution,climate,0.2116,North America,Cold - Warm Summer,-73.34194,45.96083,CWS,climate_untruncated_hierarchical_contribution
22942,spatial_spd,untruncated_hierarchical_contribution,climate,0.2136,Europe,Cold - Warm Summer,20.20581,53.75192,CWS,climate_untruncated_hierarchical_contribution
16133,spatial_spd,untruncated_hierarchical_contribution,climate,-0.1016,North America,Arid,-115.518,41.1294,ARD,climate_untruncated_hierarchical_contribution
44896,spatial_spd,untruncated_hierarchical_contribution,climate,0.2748,Europe,Temperate,-4.10186,53.19743,TMP,climate_untruncated_hierarchical_contribution
16219,spatial_spd,untruncated_hierarchical_contribution,climate,0.2532,Europe,Temperate,-7.68021,53.40001,TMP,climate_untruncated_hierarchical_contribution
24952,spatial_spd,untruncated_hierarchical_contribution,climate,0.1613,Europe,Temperate,5.32667,46.53944,TMP,climate_untruncated_hierarchical_contribution
41909,spatial_spd,untruncated_hierarchical_contribution,climate,0.1673,Europe,Temperate - Dry Summer,-7.57639,40.34167,TDS,climate_untruncated_hierarchical_contribution
1762,spatial_spd,untruncated_hierarchical_contribution,climate,0.1364,North America,Cold - Cold Summer,-107.6975,37.73778,CCS,climate_untruncated_hierarchical_contribution
1639,spatial_spd,untruncated_hierarchical_contribution,climate,0.3102,North America,Cold - Warm Summer,-93.60713,47.28046,CWS,climate_untruncated_hierarchical_contribution
4473,spatial_spd,untruncated_hierarchical_contribution,climate,0.084,Europe,Cold - Warm Summer,21.1,49.63333,CWS,climate_untruncated_hierarchical_contribution
15955,spatial_spd,untruncated_hierarchical_contribution,climate,0.0388,Latin America,Polar,-79.1631,-2.77175,POL,climate_untruncated_hierarchical_contribution
1661,spatial_spd,untruncated_hierarchical_contribution,climate,0.4554,North America,Cold - Hot Summer,-75.66667,40.48333,CHS,climate_untruncated_hierarchical_contribution
48769,spatial_spd,untruncated_hierarchical_contribution,climate,0.1508,Europe,Temperate,8.76777,53.65389,TMP,climate_untruncated_hierarchical_contribution
22407,spatial_spd,untruncated_hierarchical_contribution,climate,0.0427,North America,Cold - Dry Summer,-121.78506,44.76171,CDS,climate_untruncated_hierarchical_contribution
24032,spatial_spd,untruncated_hierarchical_contribution,climate,0.1825,Europe,Cold - Warm Summer,24.33333,41.98333,CWS,climate_untruncated_hierarchical_contribution
40642,spatial_spd,untruncated_hierarchical_contribution,climate,-0.0301,Europe,Cold - Cold Summer,7.47917,46.31167,CCS,climate_untruncated_hierarchical_contribution
41589,spatial_spd,untruncated_hierarchical_contribution,climate,0.1266,Europe,Polar,7.40589,46.38679,POL,climate_untruncated_hierarchical_contribution
40958,spatial_spd,untruncated_hierarchical_contribution,climate,-0.0404,Europe,Cold - Warm Summer,8.9773,47.77416,CWS,climate_untruncated_hierarchical_contribution
2654,spatial_spd,untruncated_hierarchical_contribution,climate,0.1846,North America,Cold - Warm Summer,-73.31694,45.54583,CWS,climate_untruncated_hierarchical_contribution
1160,spatial_spd,untruncated_hierarchical_contribution,climate,0.1198,North America,Temperate,-85.7263,37.43148,TMP,climate_untruncated_hierarchical_contribution
823,spatial_spd,untruncated_hierarchical_contribution,climate,0.3381,North America,Cold - Warm Summer,-79.39,45.41,CWS,climate_untruncated_hierarchical_contribution
342,spatial_spd,untruncated_hierarchical_contribution,climate,0.30620000000000003,Europe,Cold - Cold Summer,7.69444,44.15,CCS,climate_untruncated_hierarchical_contribution
21903,spatial_spd,untruncated_hierarchical_contribution,climate,0.1792,Latin America,Tropical,-77.1432,2.0024,TRO,climate_untruncated_hierarchical_contribution
1443,spatial_spd,untruncated_hierarchical_contribution,climate,0.3226,Latin America,Polar,-69.18333,-14.8,POL,climate_untruncated_hierarchical_contribution
20029,spatial_spd,untruncated_hierarchical_contribution,climate,0.2074,Europe,Polar,27.71667,70.83333,POL,climate_untruncated_hierarchical_contribution
17393,spatial_spd,untruncated_hierarchical_contribution,climate,0.0569,North America,Cold - Dry Summer,-121.49568,49.98997,CDS,climate_untruncated_hierarchical_contribution
22976,spatial_spd,untruncated_hierarchical_contribution,climate,-0.071,Europe,Temperate - Dry Summer,10.89211,42.98735,TDS,climate_untruncated_hierarchical_contribution
22709,spatial_spd,untruncated_hierarchical_contribution,climate,0.0923,Europe,Temperate,-6.27778,57.6225,TMP,climate_untruncated_hierarchical_contribution
15902,spatial_spd,untruncated_hierarchical_contribution,climate,0.1023,North America,Temperate,-127.27054,51.00367,TMP,climate_untruncated_hierarchical_contribution
20295,spatial_spd,untruncated_hierarchical_contribution,climate,0.1789,North America,Cold - Dry Summer,-133.56345,60.44414,CDS,climate_untruncated_hierarchical_contribution
4192,spatial_spd,untruncated_hierarchical_contribution,climate,-0.057,Europe,Cold - Warm Summer,17.38084,52.54901,CWS,climate_untruncated_hierarchical_contribution
44723,spatial_spd,untruncated_hierarchical_contribution,climate,0.1252,Europe,Cold - Warm Summer,8.08088,47.09076,CWS,climate_untruncated_hierarchical_contribution
316,spatial_spd,untruncated_hierarchical_contribution,climate,0.0649,North America,Cold - Hot Summer,-79.61639,38.15472,CHS,climate_untruncated_hierarchical_contribution
22049,spatial_spd,untruncated_hierarchical_contribution,climate,0.1151,Latin America,Temperate,-74.15686,4.99445,TMP,climate_untruncated_hierarchical_contribution
318,spatial_spd,untruncated_hierarchical_contribution,climate,0.3237,North America,Cold - Cold Summer,-110.26056,44.29861,CCS,climate_untruncated_hierarchical_contribution
3492,spatial_spd,untruncated_hierarchical_contribution,climate,0.2475,North America,Cold - Warm Summer,-95.01084,47.24089,CWS,climate_untruncated_hierarchical_contribution
678,spatial_spd,untruncated_hierarchical_contribution,climate,0.2468,North America,Cold - Cold Summer,-118.7,62.05,CCS,climate_untruncated_hierarchical_contribution
2637,spatial_spd,untruncated_hierarchical_contribution,climate,0.2125,North America,Cold - Dry Summer,-145.7,63.06667,CDS,climate_untruncated_hierarchical_contribution
1704,spatial_spd,untruncated_hierarchical_contribution,climate,0.2206,North America,Cold - Cold Summer,-133.46667,68.26667,CCS,climate_untruncated_hierarchical_contribution
4286,spatial_spd,untruncated_hierarchical_contribution,climate,0.0512,Europe,Cold - Cold Summer,21,68.91667,CCS,climate_untruncated_hierarchical_contribution
20131,spatial_spd,untruncated_hierarchical_contribution,climate,0.2397,Europe,Temperate,6.62428,52.76867,TMP,climate_untruncated_hierarchical_contribution
2286,spatial_spd,untruncated_hierarchical_contribution,climate,0.2708,North America,Cold - Warm Summer,-73.33083,45.96389,CWS,climate_untruncated_hierarchical_contribution
673,spatial_spd,untruncated_hierarchical_contribution,climate,0.0703,North America,Cold - Cold Summer,-71.83333,44.03333,CCS,climate_untruncated_hierarchical_contribution
3473,spatial_spd,untruncated_hierarchical_contribution,climate,0.1104,North America,Cold - Warm Summer,-89.9,46.25,CWS,climate_untruncated_hierarchical_contribution
17396,spatial_spd,untruncated_hierarchical_contribution,climate,0.3761,North America,Cold - Warm Summer,-94.6867,46.96784,CWS,climate_untruncated_hierarchical_contribution
19323,spatial_spd,untruncated_hierarchical_contribution,climate,0.2196,North America,Cold - Dry Summer,-104.94659,66.34697,CDS,climate_untruncated_hierarchical_contribution
533,spatial_spd,untruncated_hierarchical_contribution,climate,-0.0548,North America,Cold - Cold Summer,-110.248,44.5048,CCS,climate_untruncated_hierarchical_contribution
4213,spatial_spd,untruncated_hierarchical_contribution,climate,0.0707,Europe,Cold - Warm Summer,7.29917,47.03194,CWS,climate_untruncated_hierarchical_contribution
22687,spatial_spd,untruncated_hierarchical_contribution,climate,-0.0042,Europe,Cold - Warm Summer,12.91361,52.31361,CWS,climate_untruncated_hierarchical_contribution
41527,spatial_spd,untruncated_hierarchical_contribution,climate,0.0732,Europe,Temperate,-5.76889,43.52889,TMP,climate_untruncated_hierarchical_contribution
4492,spatial_spd,untruncated_hierarchical_contribution,climate,0.1193,Europe,Temperate,-3.43333,43.15,TMP,climate_untruncated_hierarchical_contribution
45345,spatial_spd,untruncated_hierarchical_contribution,climate,0.2075,Europe,Cold - Cold Summer,9.41694,63.05972,CCS,climate_untruncated_hierarchical_contribution
21314,spatial_spd,untruncated_hierarchical_contribution,climate,0.2311,North America,Cold - Cold Summer,-145.45606,60.52977,CCS,climate_untruncated_hierarchical_contribution
516,spatial_spd,untruncated_hierarchical_contribution,climate,0.2849,North America,Cold - Warm Summer,-78.1,44.1,CWS,climate_untruncated_hierarchical_contribution
2289,spatial_spd,untruncated_hierarchical_contribution,climate,0.1005,North America,Cold - Warm Summer,-77.925,41.91667,CWS,climate_untruncated_hierarchical_contribution
40450,spatial_spd,untruncated_hierarchical_contribution,climate,0.1136,Europe,Cold - Warm Summer,6.99669,47.01867,CWS,climate_untruncated_hierarchical_contribution
40791,spatial_spd,untruncated_hierarchical_contribution,climate,0.2256,North America,Cold - Warm Summer,-73.0961,42.3768,CWS,climate_untruncated_hierarchical_contribution
22757,spatial_spd,untruncated_hierarchical_contribution,climate,0.1126,Europe,Cold - Cold Summer,13.86258,48.77426,CCS,climate_untruncated_hierarchical_contribution
46672,spatial_spd,untruncated_hierarchical_contribution,climate,0.0521,North America,Temperate,-135.01426,56.54997,TMP,climate_untruncated_hierarchical_contribution
45701,spatial_spd,untruncated_hierarchical_contribution,climate,0.23,Europe,Cold - Cold Summer,10.35774,61.1078,CCS,climate_untruncated_hierarchical_contribution
2377,spatial_spd,untruncated_hierarchical_contribution,climate,0.1417,North America,Cold - Warm Summer,-64.18333,45.01667,CWS,climate_untruncated_hierarchical_contribution
275,spatial_spd,untruncated_hierarchical_contribution,climate,0.2143,North America,Cold - Warm Summer,-94.55363,46.2693,CWS,climate_untruncated_hierarchical_contribution
18104,spatial_spd,untruncated_hierarchical_contribution,climate,0.3463,Latin America,Temperate - Dry Summer,-71.05064,-36.86011,TDS,climate_untruncated_hierarchical_contribution
3042,spatial_spd,untruncated_hierarchical_contribution,climate,0.2521,North America,Cold - Warm Summer,-80.4,43.91,CWS,climate_untruncated_hierarchical_contribution
17292,spatial_spd,untruncated_hierarchical_contribution,climate,0.1467,North America,Cold - Cold Summer,-105.26667,55.26667,CCS,climate_untruncated_hierarchical_contribution
22101,spatial_spd,untruncated_hierarchical_contribution,climate,0.2049,Latin America,Polar,-76.09258,6.47451,POL,climate_untruncated_hierarchical_contribution
4479,spatial_spd,untruncated_hierarchical_contribution,climate,0.168,Europe,Cold - Warm Summer,21.56259,49.73807,CWS,climate_untruncated_hierarchical_contribution
4017,spatial_spd,untruncated_hierarchical_contribution,climate,0.2747,Europe,Cold - Cold Summer,33.85,62.31667,CCS,climate_untruncated_hierarchical_contribution
2879,spatial_spd,untruncated_hierarchical_contribution,climate,0.1693,North America,Cold - Cold Summer,-116.3678,50.78295,CCS,climate_untruncated_hierarchical_contribution
20281,spatial_spd,untruncated_hierarchical_contribution,climate,0.1354,North America,Arid,-135.34404,60.81122,ARD,climate_untruncated_hierarchical_contribution
19937,spatial_spd,untruncated_hierarchical_contribution,climate,0.03,North America,Cold - Hot Summer,-86.52289,41.75667,CHS,climate_untruncated_hierarchical_contribution
3582,spatial_spd,untruncated_hierarchical_contribution,climate,0.4563,North America,Temperate,-76.68333,36.16667,TMP,climate_untruncated_hierarchical_contribution
48616,spatial_spd,untruncated_hierarchical_contribution,climate,0.2975,North America,Cold - Cold Summer,-120.65228,53.60656,CCS,climate_untruncated_hierarchical_contribution
40976,spatial_spd,untruncated_hierarchical_contribution,climate,-0.0277,North America,Temperate - Dry Summer,-125.1271,49.7887,TDS,climate_untruncated_hierarchical_contribution
19913,spatial_spd,untruncated_hierarchical_contribution,climate,0.3372,Europe,Cold - Cold Summer,14.45,63.88333,CCS,climate_untruncated_hierarchical_contribution
20678,spatial_spd,untruncated_hierarchical_contribution,climate,0.1905,North America,Cold - Dry Summer,-120.223,41.38,CDS,climate_untruncated_hierarchical_contribution
15333,spatial_spd,untruncated_hierarchical_contribution,climate,0.0081,North America,Arid,-135.76982,60.84984,ARD,climate_untruncated_hierarchical_contribution
497,spatial_spd,untruncated_hierarchical_contribution,climate,0.3786,North America,Cold - Hot Summer,-93.27,42.02,CHS,climate_untruncated_hierarchical_contribution
2611,spatial_spd,untruncated_hierarchical_contribution,climate,0.1072,North America,Cold - Dry Summer,-137.95778,60.95,CDS,climate_untruncated_hierarchical_contribution
1965,spatial_spd,untruncated_hierarchical_contribution,climate,0.2486,North America,Cold - Warm Summer,-79.78,44.93,CWS,climate_untruncated_hierarchical_contribution
1703,spatial_spd,untruncated_hierarchical_contribution,climate,0.4199,North America,Cold - Warm Summer,-71.42278,47.07778,CWS,climate_untruncated_hierarchical_contribution
2011,spatial_spd,untruncated_hierarchical_contribution,climate,0.1622,North America,Cold - Warm Summer,-88.1,43.4,CWS,climate_untruncated_hierarchical_contribution
40988,spatial_spd,untruncated_hierarchical_contribution,climate,0.2827,North America,Cold - Warm Summer,-72.1952,42.6749,CWS,climate_untruncated_hierarchical_contribution
14110,spatial_spd,untruncated_hierarchical_contribution,climate,0.1541,Europe,Temperate,-6.42829,52.95764,TMP,climate_untruncated_hierarchical_contribution
2576,spatial_spd,untruncated_hierarchical_contribution,climate,-0.0224,North America,Cold - Warm Summer,-110.35,44.93333,CWS,climate_untruncated_hierarchical_contribution
41485,spatial_spd,untruncated_hierarchical_contribution,climate,0.3251,Europe,Temperate,-8.46915,54.77481,TMP,climate_untruncated_hierarchical_contribution
15866,spatial_spd,untruncated_hierarchical_contribution,climate,0.2082,North America,Cold - Warm Summer,-75.27217,41.03345,CWS,climate_untruncated_hierarchical_contribution
41762,spatial_spd,untruncated_hierarchical_contribution,climate,0.3186,North America,Cold - Warm Summer,-114.37266,48.15888,CWS,climate_untruncated_hierarchical_contribution
22786,spatial_spd,untruncated_hierarchical_contribution,climate,0.4283,Europe,Cold - Cold Summer,8.51833,46.445,CCS,climate_untruncated_hierarchical_contribution
14498,spatial_spd,untruncated_hierarchical_contribution,climate,0.1822,North America,Cold - Cold Summer,-115.93464,50.77669,CCS,climate_untruncated_hierarchical_contribution
24089,spatial_spd,untruncated_hierarchical_contribution,climate,0.4554,Europe,Cold - Warm Summer,13.48881,50.52085,CWS,climate_untruncated_hierarchical_contribution
688,spatial_spd,untruncated_hierarchical_contribution,climate,0.1388,North America,Polar,-69.95833,60.9875,POL,climate_untruncated_hierarchical_contribution
20304,spatial_spd,untruncated_hierarchical_contribution,climate,0.1876,North America,Cold - Cold Summer,-106.84506,37.6097,CCS,climate_untruncated_hierarchical_contribution
45698,spatial_spd,untruncated_hierarchical_contribution,climate,-0.0382,Europe,Cold - Cold Summer,10.87192,60.83329,CCS,climate_untruncated_hierarchical_contribution
1654,spatial_spd,untruncated_hierarchical_contribution,climate,0.2386,Latin America,Polar,-76.35,-11.56667,POL,climate_untruncated_hierarchical_contribution
21708,spatial_spd,untruncated_hierarchical_contribution,climate,0.1722,Latin America,Temperate - Dry Summer,-73.77985,5.42453,TDS,climate_untruncated_hierarchical_contribution
1902,spatial_spd,untruncated_hierarchical_contribution,climate,0.1377,North America,Cold - Dry Summer,-121.43286,49.49253,CDS,climate_untruncated_hierarchical_contribution
24996,spatial_spd,untruncated_hierarchical_contribution,climate,0.4037,Europe,Cold - Cold Summer,5.88528,45.05611,CCS,climate_untruncated_hierarchical_contribution
821,spatial_spd,untruncated_hierarchical_contribution,climate,0.2873,North America,Cold - Warm Summer,-72.98278,45.28278,CWS,climate_untruncated_hierarchical_contribution
22047,spatial_spd,untruncated_hierarchical_contribution,climate,0.1146,Latin America,Temperate,-74.15686,4.99445,TMP,climate_untruncated_hierarchical_contribution
20050,spatial_spd,untruncated_hierarchical_contribution,climate,0.105,Europe,Cold - Cold Summer,6,59.81667,CCS,climate_untruncated_hierarchical_contribution
45351,spatial_spd,untruncated_hierarchical_contribution,climate,0.2461,Europe,Cold - Cold Summer,10.26778,61.5625,CCS,climate_untruncated_hierarchical_contribution
2050,spatial_spd,untruncated_hierarchical_contribution,climate,0.2288,North America,Cold - Cold Summer,-152.6,67.25,CCS,climate_untruncated_hierarchical_contribution
22805,spatial_spd,untruncated_hierarchical_contribution,climate,0.1969,Europe,Temperate,2.43806,42.16222,TMP,climate_untruncated_hierarchical_contribution
1890,spatial_spd,untruncated_hierarchical_contribution,climate,0.3257,North America,Cold - Cold Summer,-66.26667,50.55,CCS,climate_untruncated_hierarchical_contribution
2588,spatial_spd,untruncated_hierarchical_contribution,climate,0.1422,North America,Cold - Cold Summer,-107.08325,38.82933,CCS,climate_untruncated_hierarchical_contribution
239,spatial_spd,untruncated_hierarchical_contribution,climate,-0.1619,North America,Temperate - Dry Summer,-122.49167,45.8,TDS,climate_untruncated_hierarchical_contribution
14803,spatial_spd,untruncated_hierarchical_contribution,climate,0.149,North America,Cold - Cold Summer,-114.98364,45.70637,CCS,climate_untruncated_hierarchical_contribution
15413,spatial_spd,untruncated_hierarchical_contribution,climate,0.2421,North America,Cold - Dry Summer,-150.76444,60.62067,CDS,climate_untruncated_hierarchical_contribution
4555,spatial_spd,untruncated_hierarchical_contribution,climate,0.1894,Europe,Cold - Cold Summer,6.74944,45.88472,CCS,climate_untruncated_hierarchical_contribution
48982,spatial_spd,untruncated_hierarchical_contribution,climate,0.1597,Europe,Cold - Cold Summer,6.74944,45.88472,CCS,climate_untruncated_hierarchical_contribution
343,spatial_spd,untruncated_hierarchical_contribution,climate,0.1059,North America,Cold - Dry Summer,-120.88056,45.91806,CDS,climate_untruncated_hierarchical_contribution
2025,spatial_spd,untruncated_hierarchical_contribution,climate,0.4544,North America,Cold - Cold Summer,-153.65,67.14722,CCS,climate_untruncated_hierarchical_contribution
24048,spatial_spd,untruncated_hierarchical_contribution,climate,0.0316,Europe,Polar,8.25556,46.54722,POL,climate_untruncated_hierarchical_contribution
1003,spatial_spd,untruncated_hierarchical_contribution,climate,0.1996,North America,Cold - Dry Summer,-138.38333,68.38333,CDS,climate_untruncated_hierarchical_contribution
3563,spatial_spd,untruncated_hierarchical_contribution,climate,0.1839,North America,Cold - Hot Summer,-85.25,41.58306,CHS,climate_untruncated_hierarchical_contribution
46292,spatial_spd,untruncated_hierarchical_contribution,climate,0.3651,North America,Cold - Warm Summer,-113.91295,47.24042,CWS,climate_untruncated_hierarchical_contribution
834,spatial_spd,untruncated_hierarchical_contribution,climate,0.2766,North America,Cold - Cold Summer,-101.68167,54.74222,CCS,climate_untruncated_hierarchical_contribution
20279,spatial_spd,untruncated_hierarchical_contribution,climate,0.3076,Europe,Polar,25.36415,71.07382,POL,climate_untruncated_hierarchical_contribution
4415,spatial_spd,untruncated_hierarchical_contribution,climate,0.1014,Europe,Cold - Cold Summer,32.96292,65.09296,CCS,climate_untruncated_hierarchical_contribution
20012,spatial_spd,untruncated_hierarchical_contribution,climate,0.0016,Europe,Temperate,13.58333,68.13333,TMP,climate_untruncated_hierarchical_contribution
24080,spatial_spd,untruncated_hierarchical_contribution,climate,0.2669,Europe,Cold - Cold Summer,10.33554,46.46957,CCS,climate_untruncated_hierarchical_contribution
2004,spatial_spd,untruncated_hierarchical_contribution,climate,0.3727,North America,Cold - Cold Summer,-110.56667,64.11667,CCS,climate_untruncated_hierarchical_contribution
15101,spatial_spd,untruncated_hierarchical_contribution,climate,0.1861,Latin America,Temperate - Dry Summer,-71.4207,-42.50389,TDS,climate_untruncated_hierarchical_contribution
3774,spatial_spd,untruncated_hierarchical_contribution,climate,0.1946,North America,Cold - Warm Summer,-98.60348,47.06837,CWS,climate_untruncated_hierarchical_contribution
1771,spatial_spd,untruncated_hierarchical_contribution,climate,0.0929,Latin America,Polar,-73,-50.46667,POL,climate_untruncated_hierarchical_contribution
15967,spatial_spd,untruncated_hierarchical_contribution,climate,0.0722,North America,Cold - Dry Summer,-111.52408,34.77379,CDS,climate_untruncated_hierarchical_contribution
1607,spatial_spd,untruncated_hierarchical_contribution,climate,0.2769,North America,Cold - Warm Summer,-81.31667,48.4,CWS,climate_untruncated_hierarchical_contribution
17336,spatial_spd,untruncated_hierarchical_contribution,climate,0.1895,Europe,Temperate,-8.15353,52.37189,TMP,climate_untruncated_hierarchical_contribution
987,spatial_spd,untruncated_hierarchical_contribution,climate,0.3299,North America,Cold - Cold Summer,-55.51667,50.76889,CCS,climate_untruncated_hierarchical_contribution
15646,spatial_spd,untruncated_hierarchical_contribution,climate,-0.0988,North America,Cold - Dry Summer,-122.5609,41.34563,CDS,climate_untruncated_hierarchical_contribution
15061,spatial_spd,untruncated_hierarchical_contribution,climate,0.2906,Latin America,Temperate - Dry Summer,-71.29522,-42.35994,TDS,climate_untruncated_hierarchical_contribution
20609,spatial_spd,untruncated_hierarchical_contribution,climate,0.0979,North America,Cold - Warm Summer,-119.30346,52.10981,CWS,climate_untruncated_hierarchical_contribution
40448,spatial_spd,untruncated_hierarchical_contribution,climate,0.1906,Europe,Polar,10.26429,46.81088,POL,climate_untruncated_hierarchical_contribution
3046,spatial_spd,untruncated_hierarchical_contribution,climate,0.0184,North America,Cold - Warm Summer,-79.63778,48.50389,CWS,climate_untruncated_hierarchical_contribution
1610,spatial_spd,untruncated_hierarchical_contribution,climate,0.0284,Latin America,Arid,-67.83333,-53.5,ARD,climate_untruncated_hierarchical_contribution
331,spatial_spd,untruncated_hierarchical_contribution,climate,0.3561,North America,Temperate,-85.01667,30.26667,TMP,climate_untruncated_hierarchical_contribution
1711,spatial_spd,untruncated_hierarchical_contribution,climate,0.1788,Latin America,Temperate - Dry Summer,-71.46667,-41.25,TDS,climate_untruncated_hierarchical_contribution
48931,spatial_spd,untruncated_hierarchical_contribution,climate,0.1139,Europe,Arid,-4.14498,41.31848,ARD,climate_untruncated_hierarchical_contribution
3935,spatial_spd,untruncated_hierarchical_contribution,climate,0.2698,Europe,Cold - Warm Summer,15.19097,49.04174,CWS,climate_untruncated_hierarchical_contribution
15032,spatial_spd,untruncated_hierarchical_contribution,climate,0.1456,North America,Cold - Warm Summer,-88.32806,47.12324,CWS,climate_untruncated_hierarchical_contribution
4445,spatial_spd,untruncated_hierarchical_contribution,climate,0.2874,Europe,Temperate,8.61199,56.12781,TMP,climate_untruncated_hierarchical_contribution
15417,spatial_spd,untruncated_hierarchical_contribution,climate,0.0124,North America,Cold - Dry Summer,-130.84004,57.481,CDS,climate_untruncated_hierarchical_contribution
4391,spatial_spd,untruncated_hierarchical_contribution,climate,0.2343,Europe,Cold - Cold Summer,32.63333,64.08333,CCS,climate_untruncated_hierarchical_contribution
24867,spatial_spd,untruncated_hierarchical_contribution,climate,0.2689,Europe,Temperate,-1.50278,47.40278,TMP,climate_untruncated_hierarchical_contribution
3484,spatial_spd,untruncated_hierarchical_contribution,climate,0.3032,North America,Temperate,-83.25833,30.725,TMP,climate_untruncated_hierarchical_contribution
317,spatial_spd,untruncated_hierarchical_contribution,climate,0.1702,Europe,Cold - Cold Summer,28.39012,70.17739,CCS,climate_untruncated_hierarchical_contribution
21926,spatial_spd,untruncated_hierarchical_contribution,climate,0.2401,Latin America,Polar,-74.10008,5.07352,POL,climate_untruncated_hierarchical_contribution
42563,spatial_spd,untruncated_hierarchical_contribution,climate,0.146,Europe,Temperate,-8.39009,55.01806,TMP,climate_untruncated_hierarchical_contribution
777,spatial_spd,untruncated_hierarchical_contribution,climate,0.2535,North America,Cold - Cold Summer,-58.55,53.23333,CCS,climate_untruncated_hierarchical_contribution
40566,spatial_spd,untruncated_hierarchical_contribution,climate,0.1686,Europe,Cold - Warm Summer,8.83094,47.61335,CWS,climate_untruncated_hierarchical_contribution
15403,spatial_spd,untruncated_hierarchical_contribution,climate,0.1944,North America,Cold - Warm Summer,-95.40482,47.68075,CWS,climate_untruncated_hierarchical_contribution
20194,spatial_spd,untruncated_hierarchical_contribution,climate,0.0151,North America,Arid,-103.62565,48.60626,ARD,climate_untruncated_hierarchical_contribution
4372,spatial_spd,untruncated_hierarchical_contribution,climate,0.1406,Europe,Cold - Cold Summer,20.31667,69.35,CCS,climate_untruncated_hierarchical_contribution
4382,spatial_spd,untruncated_hierarchical_contribution,climate,0.2634,Europe,Cold - Warm Summer,8.32556,47.07556,CWS,climate_untruncated_hierarchical_contribution
16193,spatial_spd,untruncated_hierarchical_contribution,climate,0.3714,North America,Cold - Warm Summer,-78.32909,44.08857,CWS,climate_untruncated_hierarchical_contribution
42720,spatial_spd,untruncated_hierarchical_contribution,climate,0.1538,Europe,Cold - Warm Summer,6.75027,50.0978,CWS,climate_untruncated_hierarchical_contribution
811,spatial_spd,untruncated_hierarchical_contribution,climate,0.2771,North America,Cold - Dry Summer,-156.03333,68.13333,CDS,climate_untruncated_hierarchical_contribution
22828,spatial_spd,untruncated_hierarchical_contribution,climate,0.097,Europe,Cold - Warm Summer,23.52821,47.80939,CWS,climate_untruncated_hierarchical_contribution
1657,spatial_spd,untruncated_hierarchical_contribution,climate,-0.0168,North America,Cold - Cold Summer,-119.71667,56.71667,CCS,climate_untruncated_hierarchical_contribution
1520,spatial_spd,untruncated_hierarchical_contribution,climate,0.1583,North America,Cold - Hot Summer,-93.1249,44.7693,CHS,climate_untruncated_hierarchical_contribution
1663,spatial_spd,untruncated_hierarchical_contribution,climate,0.2814,North America,Cold - Warm Summer,-68.2,45.03333,CWS,climate_untruncated_hierarchical_contribution
14512,spatial_spd,untruncated_hierarchical_contribution,climate,0.165,Europe,Temperate,-7.41421,53.36487,TMP,climate_untruncated_hierarchical_contribution
356,spatial_spd,untruncated_hierarchical_contribution,climate,0.2859,Latin America,Polar,-68.15,-16.36667,POL,climate_untruncated_hierarchical_contribution
519,spatial_spd,untruncated_hierarchical_contribution,climate,-0.0164,North America,Cold - Warm Summer,-81.26667,49.18333,CWS,climate_untruncated_hierarchical_contribution
15715,spatial_spd,untruncated_hierarchical_contribution,climate,0.0531,North America,Cold - Dry Summer,-120.78,42.556,CDS,climate_untruncated_hierarchical_contribution
3047,spatial_spd,untruncated_hierarchical_contribution,climate,0.3056,North America,Cold - Warm Summer,-87.94333,46.75414,CWS,climate_untruncated_hierarchical_contribution
20018,spatial_spd,untruncated_hierarchical_contribution,climate,0.3025,Europe,Polar,10.39435,62.33017,POL,climate_untruncated_hierarchical_contribution
281,spatial_spd,untruncated_hierarchical_contribution,climate,0.0142,North America,Temperate,-88.47444,33.56333,TMP,climate_untruncated_hierarchical_contribution
21603,spatial_spd,untruncated_hierarchical_contribution,climate,0.1049,Latin America,Arid,-71.70905,-13.09272,ARD,climate_untruncated_hierarchical_contribution
48917,spatial_spd,untruncated_hierarchical_contribution,climate,0.0944,Europe,Cold - Warm Summer,22.42306,58.52611,CWS,climate_untruncated_hierarchical_contribution
304,spatial_spd,untruncated_hierarchical_contribution,climate,0.2537,North America,Temperate,-97.12611,30.36,TMP,climate_untruncated_hierarchical_contribution
15035,spatial_spd,untruncated_hierarchical_contribution,climate,0.3758,North America,Cold - Warm Summer,-89.0935,47.91059,CWS,climate_untruncated_hierarchical_contribution
1849,spatial_spd,untruncated_hierarchical_contribution,climate,0.3571,North America,Cold - Cold Summer,-57.75,53.05,CCS,climate_untruncated_hierarchical_contribution
16212,spatial_spd,untruncated_hierarchical_contribution,climate,0.1399,Europe,Cold - Warm Summer,-2.84844,41.99772,CWS,climate_untruncated_hierarchical_contribution
1705,spatial_spd,untruncated_hierarchical_contribution,climate,0.136,North America,Temperate,-122.54722,49.30833,TMP,climate_untruncated_hierarchical_contribution
492,spatial_spd,untruncated_hierarchical_contribution,climate,0.1382,North America,Temperate,-78.95401,33.79844,TMP,climate_untruncated_hierarchical_contribution
4203,spatial_spd,untruncated_hierarchical_contribution,climate,0.3964,Europe,Cold - Warm Summer,27.57509,59.30546,CWS,climate_untruncated_hierarchical_contribution
42722,spatial_spd,untruncated_hierarchical_contribution,climate,0.141,North America,Cold - Warm Summer,-55.4959,48.24689,CWS,climate_untruncated_hierarchical_contribution
550,spatial_spd,untruncated_hierarchical_contribution,climate,0.1089,North America,Temperate - Dry Summer,-122.25,46.59167,TDS,climate_untruncated_hierarchical_contribution
3830,spatial_spd,untruncated_hierarchical_contribution,climate,0.0963,North America,Cold - Warm Summer,-74.05822,44.14671,CWS,climate_untruncated_hierarchical_contribution
17359,spatial_spd,untruncated_hierarchical_contribution,climate,0.3536,North America,Cold - Cold Summer,-149.26043,63.88385,CCS,climate_untruncated_hierarchical_contribution
40579,spatial_spd,untruncated_hierarchical_contribution,climate,0.3675,Europe,Cold - Cold Summer,8.51833,46.445,CCS,climate_untruncated_hierarchical_contribution
41183,spatial_spd,untruncated_hierarchical_contribution,climate,0.1672,North America,Cold - Dry Summer,-149.91417,60.25387,CDS,climate_untruncated_hierarchical_contribution
15189,spatial_spd,untruncated_hierarchical_contribution,climate,0.246,North America,Cold - Cold Summer,-152.49547,67.10883,CCS,climate_untruncated_hierarchical_contribution
534,spatial_spd,untruncated_hierarchical_contribution,climate,0.1659,North America,Cold - Warm Summer,-111.18333,44.125,CWS,climate_untruncated_hierarchical_contribution
4362,spatial_spd,untruncated_hierarchical_contribution,climate,0.4434,Europe,Cold - Warm Summer,27.25948,57.68477,CWS,climate_untruncated_hierarchical_contribution
41770,spatial_spd,untruncated_hierarchical_contribution,climate,0.1277,Europe,Temperate,8.92794,45.99663,TMP,climate_untruncated_hierarchical_contribution
45101,spatial_spd,untruncated_hierarchical_contribution,climate,0.2141,Europe,Arid,21.91667,40.81667,ARD,climate_untruncated_hierarchical_contribution
4288,spatial_spd,untruncated_hierarchical_contribution,climate,0.3636,Europe,Cold - Cold Summer,33.5,61.80556,CCS,climate_untruncated_hierarchical_contribution
22814,spatial_spd,untruncated_hierarchical_contribution,climate,0.0169,Europe,Cold - Warm Summer,25.89735,46.12662,CWS,climate_untruncated_hierarchical_contribution
2951,spatial_spd,untruncated_hierarchical_contribution,climate,0.0684,North America,Cold - Cold Summer,-57.3,51.51667,CCS,climate_untruncated_hierarchical_contribution
4403,spatial_spd,untruncated_hierarchical_contribution,climate,0.2421,Europe,Cold - Warm Summer,12.41426,57.16313,CWS,climate_untruncated_hierarchical_contribution
1006,spatial_spd,untruncated_hierarchical_contribution,climate,0.3446,North America,Cold - Cold Summer,-146.9075,64.44444,CCS,climate_untruncated_hierarchical_contribution
871,spatial_spd,untruncated_hierarchical_contribution,climate,0.2503,North America,Cold - Warm Summer,-74.37083,45.94583,CWS,climate_untruncated_hierarchical_contribution
17371,spatial_spd,untruncated_hierarchical_contribution,climate,0.3331,Latin America,Polar,-67.83333,-54.71667,POL,climate_untruncated_hierarchical_contribution
1448,spatial_spd,untruncated_hierarchical_contribution,climate,0.1072,North America,Cold - Warm Summer,-87.84806,44.23806,CWS,climate_untruncated_hierarchical_contribution
24155,spatial_spd,untruncated_hierarchical_contribution,climate,0.3742,Europe,Cold - Cold Summer,22.05346,68.68811,CCS,climate_untruncated_hierarchical_contribution
40454,spatial_spd,untruncated_hierarchical_contribution,climate,0.1125,Europe,Temperate,7.12361,46.935,TMP,climate_untruncated_hierarchical_contribution
22817,spatial_spd,untruncated_hierarchical_contribution,climate,0.06,Europe,Cold - Warm Summer,13.25694,52.58583,CWS,climate_untruncated_hierarchical_contribution
25232,spatial_spd,untruncated_hierarchical_contribution,climate,0.1528,Europe,Temperate,2.5175,45.07611,TMP,climate_untruncated_hierarchical_contribution
43525,spatial_spd,untruncated_hierarchical_contribution,climate,0.1412,Europe,Temperate,-7.27146,57.35101,TMP,climate_untruncated_hierarchical_contribution
20046,spatial_spd,untruncated_hierarchical_contribution,climate,0.1181,Europe,Polar,8.66667,61.41667,POL,climate_untruncated_hierarchical_contribution
4209,spatial_spd,untruncated_hierarchical_contribution,climate,0.0119,Europe,Temperate,-4.74263,56.00316,TMP,climate_untruncated_hierarchical_contribution
1622,spatial_spd,untruncated_hierarchical_contribution,climate,-0.0089,North America,Cold - Warm Summer,-55.47306,49.47139,CWS,climate_untruncated_hierarchical_contribution
4467,spatial_spd,untruncated_hierarchical_contribution,climate,0.1756,Europe,Cold - Cold Summer,23.56001,42.06517,CCS,climate_untruncated_hierarchical_contribution
15793,spatial_spd,untruncated_hierarchical_contribution,climate,0.2704,North America,Cold - Warm Summer,-67.4015,46.89286,CWS,climate_untruncated_hierarchical_contribution
15680,spatial_spd,untruncated_hierarchical_contribution,climate,0.1344,North America,Cold - Dry Summer,-120.38753,39.05223,CDS,climate_untruncated_hierarchical_contribution
3928,spatial_spd,untruncated_hierarchical_contribution,climate,0.2329,Europe,Cold - Cold Summer,32.76667,62.03333,CCS,climate_untruncated_hierarchical_contribution
4531,spatial_spd,untruncated_hierarchical_contribution,climate,0.2537,Europe,Cold - Warm Summer,22.38333,58.46667,CWS,climate_untruncated_hierarchical_contribution
2314,spatial_spd,untruncated_hierarchical_contribution,climate,0.1141,North America,Cold - Hot Summer,-93.86307,44.86829,CHS,climate_untruncated_hierarchical_contribution
339,spatial_spd,untruncated_hierarchical_contribution,climate,0.2559,North America,Cold - Warm Summer,-64.94,48.19778,CWS,climate_untruncated_hierarchical_contribution
1807,spatial_spd,untruncated_hierarchical_contribution,climate,0.2801,North America,Cold - Warm Summer,-81.5,46.6,CWS,climate_untruncated_hierarchical_contribution
514,spatial_spd,untruncated_hierarchical_contribution,climate,0.2091,North America,Polar,-106.41121,38.82854,POL,climate_untruncated_hierarchical_contribution
3125,spatial_spd,untruncated_hierarchical_contribution,climate,0.3409,North America,Cold - Cold Summer,-99.6594,50.6907,CCS,climate_untruncated_hierarchical_contribution
20922,spatial_spd,untruncated_hierarchical_contribution,climate,0.0231,North America,Cold - Cold Summer,-106.25685,41.37674,CCS,climate_untruncated_hierarchical_contribution
41606,spatial_spd,untruncated_hierarchical_contribution,climate,0.332,North America,Polar,-124.688,58.485,POL,climate_untruncated_hierarchical_contribution
352,spatial_spd,untruncated_hierarchical_contribution,climate,0.158,North America,Cold - Hot Summer,-93.19722,45.41111,CHS,climate_untruncated_hierarchical_contribution
17304,spatial_spd,untruncated_hierarchical_contribution,climate,0.2,North America,Cold - Warm Summer,-89.5565,45.51884,CWS,climate_untruncated_hierarchical_contribution
22732,spatial_spd,untruncated_hierarchical_contribution,climate,0.2252,Europe,Cold - Warm Summer,7.69021,45.68554,CWS,climate_untruncated_hierarchical_contribution
2609,spatial_spd,untruncated_hierarchical_contribution,climate,0.21,North America,Cold - Hot Summer,-84.68944,40.21667,CHS,climate_untruncated_hierarchical_contribution
48798,spatial_spd,untruncated_hierarchical_contribution,climate,0.1833,Europe,Temperate,8.72184,53.67137,TMP,climate_untruncated_hierarchical_contribution
21978,spatial_spd,untruncated_hierarchical_contribution,climate,0.296,Latin America,Temperate,-74.15686,4.99445,TMP,climate_untruncated_hierarchical_contribution
22793,spatial_spd,untruncated_hierarchical_contribution,climate,0.2845,Europe,Cold - Cold Summer,10.47806,46.86278,CCS,climate_untruncated_hierarchical_contribution
15766,spatial_spd,untruncated_hierarchical_contribution,climate,-0.016,North America,Temperate - Dry Summer,-118.99583,36.98158,TDS,climate_untruncated_hierarchical_contribution
46481,spatial_spd,untruncated_hierarchical_contribution,climate,0.2519,Europe,Cold - Warm Summer,32.0275,56.28528,CWS,climate_untruncated_hierarchical_contribution
17713,spatial_spd,untruncated_hierarchical_contribution,climate,0.3567,North America,Cold - Cold Summer,-104.94231,55.42836,CCS,climate_untruncated_hierarchical_contribution
20651,spatial_spd,untruncated_hierarchical_contribution,climate,0.0243,North America,Polar,-138.092,61.018,POL,climate_untruncated_hierarchical_contribution
47520,spatial_spd,untruncated_hierarchical_contribution,climate,0.2851,Europe,Cold - Cold Summer,13.39869,49.07402,CCS,climate_untruncated_hierarchical_contribution
4359,spatial_spd,untruncated_hierarchical_contribution,climate,0.1353,Europe,Temperate,1.64583,45.84972,TMP,climate_untruncated_hierarchical_contribution
1788,spatial_spd,untruncated_hierarchical_contribution,climate,0.1664,North America,Polar,-128.8,63.01667,POL,climate_untruncated_hierarchical_contribution
4183,spatial_spd,untruncated_hierarchical_contribution,climate,0.2327,Europe,Cold - Cold Summer,30.53333,64.56667,CCS,climate_untruncated_hierarchical_contribution
816,spatial_spd,untruncated_hierarchical_contribution,climate,0.2481,North America,Temperate - Dry Summer,-119.83333,37,TDS,climate_untruncated_hierarchical_contribution
3056,spatial_spd,untruncated_hierarchical_contribution,climate,0.034,North America,Polar,-105.51561,37.56888,POL,climate_untruncated_hierarchical_contribution
40803,spatial_spd,untruncated_hierarchical_contribution,climate,0.2361,North America,Cold - Hot Summer,-70.63644,41.56329,CHS,climate_untruncated_hierarchical_contribution
16278,spatial_spd,untruncated_hierarchical_contribution,climate,0.247,North America,Cold - Warm Summer,-78.10417,44.16583,CWS,climate_untruncated_hierarchical_contribution
1632,spatial_spd,untruncated_hierarchical_contribution,climate,0.1683,North America,Cold - Dry Summer,-135.4,59.2,CDS,climate_untruncated_hierarchical_contribution
1904,spatial_spd,untruncated_hierarchical_contribution,climate,0.438,North America,Cold - Warm Summer,-75.80833,45.46944,CWS,climate_untruncated_hierarchical_contribution
48948,spatial_spd,untruncated_hierarchical_contribution,climate,0.1086,Europe,Polar,6.59028,44.99361,POL,climate_untruncated_hierarchical_contribution
25837,spatial_spd,untruncated_hierarchical_contribution,climate,0.2664,Europe,Cold - Cold Summer,12.13889,47.24306,CCS,climate_untruncated_hierarchical_contribution
2961,spatial_spd,untruncated_hierarchical_contribution,climate,0.2405,North America,Cold - Hot Summer,-85.38333,42.4,CHS,climate_untruncated_hierarchical_contribution
4145,spatial_spd,untruncated_hierarchical_contribution,climate,0.2346,Europe,Cold - Cold Summer,32.16667,65.08333,CCS,climate_untruncated_hierarchical_contribution
1152,spatial_spd,untruncated_hierarchical_contribution,climate,0.202,North America,Cold - Cold Summer,-107.03333,38.865,CCS,climate_untruncated_hierarchical_contribution
3468,spatial_spd,untruncated_hierarchical_contribution,climate,0.2398,North America,Cold - Hot Summer,-93.69945,45.41613,CHS,climate_untruncated_hierarchical_contribution
15586,spatial_spd,untruncated_hierarchical_contribution,climate,0.0664,North America,Cold - Dry Summer,-116.0839,44.8993,CDS,climate_untruncated_hierarchical_contribution
22908,spatial_spd,untruncated_hierarchical_contribution,climate,0.1302,Europe,Temperate,7.38985,45.05242,TMP,climate_untruncated_hierarchical_contribution
1104,spatial_spd,untruncated_hierarchical_contribution,climate,0.1318,North America,Cold - Dry Summer,-150.32555,60.46562,CDS,climate_untruncated_hierarchical_contribution
2623,spatial_spd,untruncated_hierarchical_contribution,climate,0.2228,North America,Cold - Hot Summer,-74.48333,40.4,CHS,climate_untruncated_hierarchical_contribution
1626,spatial_spd,untruncated_hierarchical_contribution,climate,0.2531,North America,Cold - Warm Summer,-65.81278,49.20778,CWS,climate_untruncated_hierarchical_contribution
24091,spatial_spd,untruncated_hierarchical_contribution,climate,0.1323,Europe,Cold - Warm Summer,11.67907,46.75939,CWS,climate_untruncated_hierarchical_contribution
45381,spatial_spd,untruncated_hierarchical_contribution,climate,0.1296,Europe,Cold - Warm Summer,25,59.43333,CWS,climate_untruncated_hierarchical_contribution
24303,spatial_spd,untruncated_hierarchical_contribution,climate,0.1134,Europe,Polar,8.02556,46.38972,POL,climate_untruncated_hierarchical_contribution
228,spatial_spd,untruncated_hierarchical_contribution,climate,0.3316,North America,Temperate - Dry Summer,-119.25586,37.15702,TDS,climate_untruncated_hierarchical_contribution
32,spatial_spd,untruncated_hierarchical_contribution,climate,0.3152,Latin America,Polar,-68.98333,-15.23333,POL,climate_untruncated_hierarchical_contribution
1002,spatial_spd,untruncated_hierarchical_contribution,climate,0.2575,North America,Cold - Warm Summer,-80.41333,43.23667,CWS,climate_untruncated_hierarchical_contribution
2953,spatial_spd,untruncated_hierarchical_contribution,climate,0.3518,North America,Temperate,-124.84444,48.67222,TMP,climate_untruncated_hierarchical_contribution
1648,spatial_spd,untruncated_hierarchical_contribution,climate,0.2943,North America,Temperate,-81.35466,27.20427,TMP,climate_untruncated_hierarchical_contribution
15776,spatial_spd,untruncated_hierarchical_contribution,climate,-0.0135,North America,Temperate - Dry Summer,-120.65033,39.4591,TDS,climate_untruncated_hierarchical_contribution
2593,spatial_spd,untruncated_hierarchical_contribution,climate,0.1762,North America,Cold - Hot Summer,-74.18424,41.23597,CHS,climate_untruncated_hierarchical_contribution
45716,spatial_spd,untruncated_hierarchical_contribution,climate,0.2247,Europe,Polar,6.99194,59.84139,POL,climate_untruncated_hierarchical_contribution
15394,spatial_spd,untruncated_hierarchical_contribution,climate,0.2268,Latin America,Tropical,-78.69181,22.16,TRO,climate_untruncated_hierarchical_contribution
1766,spatial_spd,untruncated_hierarchical_contribution,climate,0.05,North America,Arid,-111.7528,34.6488,ARD,climate_untruncated_hierarchical_contribution
22851,spatial_spd,untruncated_hierarchical_contribution,climate,0.2016,Europe,Cold - Warm Summer,14.61586,53.85885,CWS,climate_untruncated_hierarchical_contribution
48925,spatial_spd,untruncated_hierarchical_contribution,climate,0.2647,North America,Cold - Warm Summer,-69.04601,46.40468,CWS,climate_untruncated_hierarchical_contribution
17368,spatial_spd,untruncated_hierarchical_contribution,climate,0.0564,Latin America,Polar,-67.75,-54.33333,POL,climate_untruncated_hierarchical_contribution
4120,spatial_spd,untruncated_hierarchical_contribution,climate,0.238,Europe,Cold - Warm Summer,21.8875,49.3705,CWS,climate_untruncated_hierarchical_contribution
18123,spatial_spd,untruncated_hierarchical_contribution,climate,0.2511,Latin America,Arid,-71.38341,-49.03244,ARD,climate_untruncated_hierarchical_contribution
43295,spatial_spd,untruncated_hierarchical_contribution,climate,0.0216,Latin America,Cold - Dry Summer,-71.56444,-44.90858,CDS,climate_untruncated_hierarchical_contribution
15259,spatial_spd,untruncated_hierarchical_contribution,climate,0.2502,Latin America,Polar,-67.29727,-54.87129,POL,climate_untruncated_hierarchical_contribution
15682,spatial_spd,untruncated_hierarchical_contribution,climate,0.175,North America,Cold - Warm Summer,-87.923,46.83146,CWS,climate_untruncated_hierarchical_contribution
24461,spatial_spd,untruncated_hierarchical_contribution,climate,0.4382,Europe,Cold - Warm Summer,3.6,44.43333,CWS,climate_untruncated_hierarchical_contribution
19995,spatial_spd,untruncated_hierarchical_contribution,climate,0.2193,North America,Cold - Cold Summer,-121.50872,53.64304,CCS,climate_untruncated_hierarchical_contribution
48782,spatial_spd,untruncated_hierarchical_contribution,climate,0.1159,Europe,Temperate,8.71572,53.67106,TMP,climate_untruncated_hierarchical_contribution
1970,spatial_spd,untruncated_hierarchical_contribution,climate,0.0345,North America,Arid,-111.69798,37.93564,ARD,climate_untruncated_hierarchical_contribution
41835,spatial_spd,untruncated_hierarchical_contribution,climate,0.2258,Europe,Cold - Cold Summer,9.84504,46.49394,CCS,climate_untruncated_hierarchical_contribution
4436,spatial_spd,untruncated_hierarchical_contribution,climate,0.302,Europe,Temperate,-6.25833,54.77694,TMP,climate_untruncated_hierarchical_contribution
16073,spatial_spd,untruncated_hierarchical_contribution,climate,0.2903,North America,Temperate - Dry Summer,-123.03632,39.48917,TDS,climate_untruncated_hierarchical_contribution
16236,spatial_spd,untruncated_hierarchical_contribution,climate,0.376,North America,Cold - Cold Summer,-149.68333,68.65359,CCS,climate_untruncated_hierarchical_contribution
2880,spatial_spd,untruncated_hierarchical_contribution,climate,0.0748,North America,Cold - Cold Summer,-108.10256,37.46906,CCS,climate_untruncated_hierarchical_contribution
513,spatial_spd,untruncated_hierarchical_contribution,climate,0.2788,North America,Cold - Hot Summer,-99.92606,44.82568,CHS,climate_untruncated_hierarchical_contribution
1856,spatial_spd,untruncated_hierarchical_contribution,climate,0.0241,North America,Cold - Cold Summer,-109.92,43.45917,CCS,climate_untruncated_hierarchical_contribution
40844,spatial_spd,untruncated_hierarchical_contribution,climate,0.2987,North America,Cold - Hot Summer,-71.0133,41.8815,CHS,climate_untruncated_hierarchical_contribution
4308,spatial_spd,untruncated_hierarchical_contribution,climate,0.2698,Europe,Cold - Warm Summer,24.68735,58.00009,CWS,climate_untruncated_hierarchical_contribution
42668,spatial_spd,untruncated_hierarchical_contribution,climate,0.1654,Europe,Cold - Warm Summer,8.26188,48.42584,CWS,climate_untruncated_hierarchical_contribution
1001,spatial_spd,untruncated_hierarchical_contribution,climate,0.1006,North America,Cold - Dry Summer,-129.01667,60.03333,CDS,climate_untruncated_hierarchical_contribution
369,spatial_spd,untruncated_hierarchical_contribution,climate,0.1927,North America,Cold - Warm Summer,-83.24111,43.12389,CWS,climate_untruncated_hierarchical_contribution
21838,spatial_spd,untruncated_hierarchical_contribution,climate,0.2494,Latin America,Polar,-72.34629,6.38712,POL,climate_untruncated_hierarchical_contribution
506,spatial_spd,untruncated_hierarchical_contribution,climate,0.093,North America,Cold - Cold Summer,-107.08549,38.87102,CCS,climate_untruncated_hierarchical_contribution
1733,spatial_spd,untruncated_hierarchical_contribution,climate,0.0566,North America,Cold - Cold Summer,-126.11667,65.21667,CCS,climate_untruncated_hierarchical_contribution
19967,spatial_spd,untruncated_hierarchical_contribution,climate,0.1961,North America,Cold - Warm Summer,-81.00585,44.73314,CWS,climate_untruncated_hierarchical_contribution
PVT_Dabsan_Lake,spatial_spd,untruncated_hierarchical_contribution,climate,0.1102,Asia,Arid,95.5,37.1,ARD,climate_untruncated_hierarchical_contribution
PVT_Daihai_Lake_2004,spatial_spd,untruncated_hierarchical_contribution,climate,0.241,Asia,Arid,112.67,40.58,ARD,climate_untruncated_hierarchical_contribution
PVT_Dalianhai_Lake,spatial_spd,untruncated_hierarchical_contribution,climate,0.0113,Asia,Arid,100.41,36.25,ARD,climate_untruncated_hierarchical_contribution
PVT_Gonghai_Lake,spatial_spd,untruncated_hierarchical_contribution,climate,0.1706,Asia,Cold - Dry Winter,112.23,38.9,CDW,climate_untruncated_hierarchical_contribution
PVT_Manas_Lake_LM1,spatial_spd,untruncated_hierarchical_contribution,climate,0.1207,Asia,Arid,85.92,45.83,ARD,climate_untruncated_hierarchical_contribution
PVT_Qidong,spatial_spd,untruncated_hierarchical_contribution,climate,0.2815,Asia,Temperate,121.7,31.9,TMP,climate_untruncated_hierarchical_contribution
PVT_Qinghai_Lake_QH2000,spatial_spd,untruncated_hierarchical_contribution,climate,0.2218,Asia,Cold - Dry Winter,100.52,36.67,CDW,climate_untruncated_hierarchical_contribution
PVT_Sihailongwan_Lake,spatial_spd,untruncated_hierarchical_contribution,climate,0.1377,Asia,Cold - Dry Winter,126.6,42.28,CDW,climate_untruncated_hierarchical_contribution
PVT_Ximen_Co,spatial_spd,untruncated_hierarchical_contribution,climate,0.1127,Asia,Polar,101.47,33.38,POL,climate_untruncated_hierarchical_contribution
PVT_Xingyun_Lake,spatial_spd,untruncated_hierarchical_contribution,climate,0.1671,Asia,Temperate - Dry Winter,102.78,24.34,TDW,climate_untruncated_hierarchical_contribution
PVT_Akkol_Lake,spatial_spd,untruncated_hierarchical_contribution,climate,0.0975,Asia,Polar,89.63,50.25,POL,climate_untruncated_hierarchical_contribution
PVT_Ayongwama_Co,spatial_spd,untruncated_hierarchical_contribution,climate,0.1805,Asia,Polar,98.2,34.83,POL,climate_untruncated_hierarchical_contribution
PVT_Chaiwopu_Lake,spatial_spd,untruncated_hierarchical_contribution,climate,0.0246,Asia,Arid,87.78,43.55,ARD,climate_untruncated_hierarchical_contribution
PVT_Dahaizi_Lake,spatial_spd,untruncated_hierarchical_contribution,climate,0.1114,Asia,Temperate - Dry Winter,102.67,27.83,TDW,climate_untruncated_hierarchical_contribution
PVT_Dajiuhu_2013,spatial_spd,untruncated_hierarchical_contribution,climate,-0.1499,Asia,Cold - Dry Winter,110,31.49,CDW,climate_untruncated_hierarchical_contribution
PVT_Dali_Nur_Jiangjunpaozi_Lake,spatial_spd,untruncated_hierarchical_contribution,climate,0.2267,Asia,Cold - Dry Winter,117.47,42.374,CDW,climate_untruncated_hierarchical_contribution
PVT_Dali_Nur_Liuzhouwan_Lake,spatial_spd,untruncated_hierarchical_contribution,climate,0.1314,Asia,Cold - Dry Winter,116.683,42.70733,CDW,climate_untruncated_hierarchical_contribution
PVT_Dongganchi,spatial_spd,untruncated_hierarchical_contribution,climate,0.063,Asia,Cold - Dry Winter,115.78,39.53,CDW,climate_untruncated_hierarchical_contribution
PVT_Erhai_Lake,spatial_spd,untruncated_hierarchical_contribution,climate,0.0823,Asia,Temperate - Dry Winter,100.2,25.77,TDW,climate_untruncated_hierarchical_contribution
PVT_Erhailongwan_Lake,spatial_spd,untruncated_hierarchical_contribution,climate,0.1753,Asia,Cold - Dry Winter,126.37,42.3,CDW,climate_untruncated_hierarchical_contribution
PVT_Ganhai_Lake,spatial_spd,untruncated_hierarchical_contribution,climate,0.149,Asia,Cold - Dry Winter,112.19,38.89,CDW,climate_untruncated_hierarchical_contribution
PVT_Gantang,spatial_spd,untruncated_hierarchical_contribution,climate,-0.0051,Asia,Temperate,119.03,26.77,TMP,climate_untruncated_hierarchical_contribution
PVT_Guangfulin,spatial_spd,untruncated_hierarchical_contribution,climate,0.3663,Asia,Temperate,121.19,31.06,TMP,climate_untruncated_hierarchical_contribution
PVT_Huguangyan_Maer_LakeB,spatial_spd,untruncated_hierarchical_contribution,climate,0.2337,Asia,Temperate - Dry Winter,110.28,21.15,TDW,climate_untruncated_hierarchical_contribution
PVT_Kendegelukol_Lake,spatial_spd,untruncated_hierarchical_contribution,climate,0.312,Asia,Polar,87.64,50.51,POL,climate_untruncated_hierarchical_contribution
PVT_Koucha_Lake,spatial_spd,untruncated_hierarchical_contribution,climate,0.0963,Asia,Polar,97.24,34.01,POL,climate_untruncated_hierarchical_contribution
PVT_Kuhai_Lake,spatial_spd,untruncated_hierarchical_contribution,climate,0.2329,Asia,Polar,99.31,35.52,POL,climate_untruncated_hierarchical_contribution
PVT_Longquan_Lake_LC2,spatial_spd,untruncated_hierarchical_contribution,climate,0.2643,Asia,Temperate,112.24,31.08,TMP,climate_untruncated_hierarchical_contribution
PVT_Lop_Nur_Luo4,spatial_spd,untruncated_hierarchical_contribution,climate,0.0258,Asia,Arid,90.25,40.33,ARD,climate_untruncated_hierarchical_contribution
PVT_Mengcun,spatial_spd,untruncated_hierarchical_contribution,climate,0.2211,Asia,Cold - Dry Winter,117.12,38.05,CDW,climate_untruncated_hierarchical_contribution
PVT_Naleng_Co,spatial_spd,untruncated_hierarchical_contribution,climate,0.1074,Asia,Polar,99.76,31.11,POL,climate_untruncated_hierarchical_contribution
PVT_Nantun,spatial_spd,untruncated_hierarchical_contribution,climate,0.1855,Asia,Temperate - Dry Winter,104.23,26.7,TDW,climate_untruncated_hierarchical_contribution
PVT_Qigai_Nuur,spatial_spd,untruncated_hierarchical_contribution,climate,0.3909,Asia,Arid,109.5,39.5,ARD,climate_untruncated_hierarchical_contribution
PVT_Qongjiamong_Co,spatial_spd,untruncated_hierarchical_contribution,climate,0.1577,Asia,Polar,92.37,29.81,POL,climate_untruncated_hierarchical_contribution
PVT_Ren_Co_R1,spatial_spd,untruncated_hierarchical_contribution,climate,0.2008,Asia,Polar,96.68,30.73,POL,climate_untruncated_hierarchical_contribution
PVT_Sanjiaocheng_Section,spatial_spd,untruncated_hierarchical_contribution,climate,0.2213,Asia,Arid,103.34,39.01,ARD,climate_untruncated_hierarchical_contribution
PVT_Sayram_Lake,spatial_spd,untruncated_hierarchical_contribution,climate,0.2873,Asia,Cold - Warm Summer,81.09,44.34,CWS,climate_untruncated_hierarchical_contribution
PVT_Shaamar,spatial_spd,untruncated_hierarchical_contribution,climate,0.1223,Asia,Cold - Dry Winter,105.2,50.2,CDW,climate_untruncated_hierarchical_contribution
PVT_Shayema_Lake,spatial_spd,untruncated_hierarchical_contribution,climate,0.2674,Asia,Temperate - Dry Winter,102.22,28.58,TDW,climate_untruncated_hierarchical_contribution
PVT_Sujiawan,spatial_spd,untruncated_hierarchical_contribution,climate,0.3164,Asia,Cold - Dry Winter,104.52,35.54,CDW,climate_untruncated_hierarchical_contribution
PVT_Tiancai_Lake,spatial_spd,untruncated_hierarchical_contribution,climate,0.1732,Asia,Cold - Dry Winter,99.72,26.63,CDW,climate_untruncated_hierarchical_contribution
PVT_Uzunkol_Lake,spatial_spd,untruncated_hierarchical_contribution,climate,0.224,Asia,Cold - Cold Summer,87.11,50.48,CCS,climate_untruncated_hierarchical_contribution
PVT_Xiehu_Lake_SO4,spatial_spd,untruncated_hierarchical_contribution,climate,0.3605,Asia,Cold - Dry Winter,122.52,37.38,CDW,climate_untruncated_hierarchical_contribution
PVT_Yidun_Lake,spatial_spd,untruncated_hierarchical_contribution,climate,0.2099,Asia,Polar,99.55,30.3,POL,climate_untruncated_hierarchical_contribution
PVT_Zoige_RH,spatial_spd,untruncated_hierarchical_contribution,climate,0.0755,Asia,Cold - Dry Winter,103.35,33.95,CDW,climate_untruncated_hierarchical_contribution
cao_8,spatial_spd,untruncated_hierarchical_contribution,climate,0.1795,Asia,Cold - Dry Winter,108.9136111,53.95472222,CDW,climate_untruncated_hierarchical_contribution
cao_57,spatial_spd,untruncated_hierarchical_contribution,climate,0.1703,Asia,Cold - Cold Summer,84.21666667,56.1,CCS,climate_untruncated_hierarchical_contribution
cao_80,spatial_spd,untruncated_hierarchical_contribution,climate,0.3542,Asia,Cold - Cold Summer,88.166667,58.333333,CCS,climate_untruncated_hierarchical_contribution
cao_101,spatial_spd,untruncated_hierarchical_contribution,climate,0.3566,Asia,Cold - Warm Summer,51.84166667,53.025,CWS,climate_untruncated_hierarchical_contribution
cao_124,spatial_spd,untruncated_hierarchical_contribution,climate,0.2607,Asia,Cold - Cold Summer,84,56.166667,CCS,climate_untruncated_hierarchical_contribution
cao_134,spatial_spd,untruncated_hierarchical_contribution,climate,0.1985,Asia,Cold - Cold Summer,84.83333333,56.33333333,CCS,climate_untruncated_hierarchical_contribution
cao_158,spatial_spd,untruncated_hierarchical_contribution,climate,0.2159,Asia,Cold - Warm Summer,57.883333,56.316667,CWS,climate_untruncated_hierarchical_contribution
PANGAEA.884462,spatial_spd,untruncated_hierarchical_contribution,climate,0.2801,Asia,Arid,84.38194,43.04583,ARD,climate_untruncated_hierarchical_contribution
PANGAEA.896256,spatial_spd,untruncated_hierarchical_contribution,climate,0.1466,Asia,Arid,86.804,41.931,ARD,climate_untruncated_hierarchical_contribution
PANGAEA.783359,spatial_spd,untruncated_hierarchical_contribution,climate,0.1346,Asia,Temperate - Dry Summer,36.4925,42.2255,TDS,climate_untruncated_hierarchical_contribution
Lake_Moon,spatial_spd,untruncated_hierarchical_contribution,climate,0.1007,Asia,Cold - Dry Winter,120.8665,47.506,CDW,climate_untruncated_hierarchical_contribution
47817,spatial_spd,untruncated_hierarchical_contribution,climate,0.1751,Asia,Arid,81.03134,44.97373,ARD,climate_untruncated_hierarchical_contribution
876,spatial_spd,untruncated_hierarchical_contribution,climate,0.0872,Asia,Cold - Warm Summer,83.333333,55,CWS,climate_untruncated_hierarchical_contribution
46462,spatial_spd,untruncated_hierarchical_contribution,climate,0.1673,Asia,Cold - Warm Summer,41.039722,55.118056,CWS,climate_untruncated_hierarchical_contribution
46466,spatial_spd,untruncated_hierarchical_contribution,climate,0.0544,Asia,Cold - Warm Summer,38.5838,53.66192,CWS,climate_untruncated_hierarchical_contribution
46483,spatial_spd,untruncated_hierarchical_contribution,climate,0.1428,Asia,Cold - Warm Summer,36.416667,55.166667,CWS,climate_untruncated_hierarchical_contribution
3896,spatial_spd,untruncated_hierarchical_contribution,climate,0.2474,Asia,Cold - Cold Summer,37.516667,66.375,CCS,climate_untruncated_hierarchical_contribution
46479,spatial_spd,untruncated_hierarchical_contribution,climate,0.2192,Asia,Cold - Warm Summer,36.2525,53.834722,CWS,climate_untruncated_hierarchical_contribution
46485,spatial_spd,untruncated_hierarchical_contribution,climate,0.3525,Asia,Cold - Warm Summer,37.333333,56.066667,CWS,climate_untruncated_hierarchical_contribution
46447,spatial_spd,untruncated_hierarchical_contribution,climate,0.3849,Asia,Cold - Cold Summer,35.32822,68.82667,CCS,climate_untruncated_hierarchical_contribution
2643,spatial_spd,untruncated_hierarchical_contribution,climate,0.0614,Asia,Cold - Warm Summer,132.783333,42.833333,CWS,climate_untruncated_hierarchical_contribution
1844,spatial_spd,untruncated_hierarchical_contribution,climate,0.1746,Asia,Cold - Warm Summer,134.566667,43.25,CWS,climate_untruncated_hierarchical_contribution
4543,spatial_spd,untruncated_hierarchical_contribution,climate,0.1976,Asia,Cold - Cold Summer,36.25,63.9,CCS,climate_untruncated_hierarchical_contribution
40990,spatial_spd,untruncated_hierarchical_contribution,climate,0.0811,Asia,Cold - Dry Winter,108.133333,52.783333,CDW,climate_untruncated_hierarchical_contribution
4081,spatial_spd,untruncated_hierarchical_contribution,climate,0.2971,Asia,Cold - Dry Winter,106.6188,50.2618,CDW,climate_untruncated_hierarchical_contribution
3861,spatial_spd,untruncated_hierarchical_contribution,climate,0.187,Asia,Arid,90.49975,49.48079,ARD,climate_untruncated_hierarchical_contribution
41247,spatial_spd,untruncated_hierarchical_contribution,climate,-2e-4,Asia,Temperate - Dry Winter,99.27974,25.87085,TDW,climate_untruncated_hierarchical_contribution
15624,spatial_spd,untruncated_hierarchical_contribution,climate,0.324,Asia,Temperate,134.133333333333,35.35,TMP,climate_untruncated_hierarchical_contribution
41245,spatial_spd,untruncated_hierarchical_contribution,climate,0.2998,Asia,Cold - Dry Winter,115.225425,41.632845,CDW,climate_untruncated_hierarchical_contribution
14612,spatial_spd,untruncated_hierarchical_contribution,climate,0.2341,Asia,Arid,96.90074,37.27446,ARD,climate_untruncated_hierarchical_contribution
15649,spatial_spd,untruncated_hierarchical_contribution,climate,0.1891,Asia,Temperate,136.13079,35.653925,TMP,climate_untruncated_hierarchical_contribution
14134,spatial_spd,untruncated_hierarchical_contribution,climate,0.2812,Asia,Temperate,135.88674,35.51763,TMP,climate_untruncated_hierarchical_contribution
15656,spatial_spd,untruncated_hierarchical_contribution,climate,0.184,Asia,Temperate,136.11934,35.54912,TMP,climate_untruncated_hierarchical_contribution
22330,spatial_spd,untruncated_hierarchical_contribution,climate,0.0673,Asia,Cold - Warm Summer,42.4969444444444,41.6838888888889,CWS,climate_untruncated_hierarchical_contribution
15709,spatial_spd,untruncated_hierarchical_contribution,climate,0.2779,Asia,Cold - Warm Summer,140.9,40.6166666666667,CWS,climate_untruncated_hierarchical_contribution
15678,spatial_spd,untruncated_hierarchical_contribution,climate,0.0499,Asia,Cold - Hot Summer,134.566666666667,35.4083333333333,CHS,climate_untruncated_hierarchical_contribution
4137,spatial_spd,untruncated_hierarchical_contribution,climate,0.0285,Asia,Arid,30.8,38.425,ARD,climate_untruncated_hierarchical_contribution
4442,spatial_spd,untruncated_hierarchical_contribution,climate,0.4357,Asia,Cold - Dry Summer,29.898333,36.9975,CDS,climate_untruncated_hierarchical_contribution
4509,spatial_spd,untruncated_hierarchical_contribution,climate,0.2955,Asia,Cold - Dry Summer,43,38.5,CDS,climate_untruncated_hierarchical_contribution
24161,spatial_spd,untruncated_hierarchical_contribution,climate,0.0857,Asia,Cold - Dry Summer,31.283333,40.6,CDS,climate_untruncated_hierarchical_contribution
24166,spatial_spd,untruncated_hierarchical_contribution,climate,0.1393,Asia,Temperate - Dry Summer,30.05,37.466667,TDS,climate_untruncated_hierarchical_contribution
24175,spatial_spd,untruncated_hierarchical_contribution,climate,0.2347,Asia,Arid,33.733333,37.5,ARD,climate_untruncated_hierarchical_contribution
pg_711911,spatial_spd,untruncated_hierarchical_contribution,climate,0.3108,Asia,Arid,36.016667,40.916667,ARD,climate_untruncated_hierarchical_contribution
pg_858056,spatial_spd,untruncated_hierarchical_contribution,climate,0.2322,Asia,Temperate - Dry Summer,29.53333,40.43333,TDS,climate_untruncated_hierarchical_contribution
pg_874340,spatial_spd,untruncated_hierarchical_contribution,climate,-0.0199,Asia,Arid,35.39417,31.46528,ARD,climate_untruncated_hierarchical_contribution
pg_884740,spatial_spd,untruncated_hierarchical_contribution,climate,0.2807,Asia,Arid,35.58881,32.82328,ARD,climate_untruncated_hierarchical_contribution
pg_711930,spatial_spd,untruncated_hierarchical_contribution,climate,0.1295,Asia,Temperate - Dry Summer,47.716667,33.083333,TDS,climate_untruncated_hierarchical_contribution
pg_738918,spatial_spd,untruncated_hierarchical_contribution,climate,0.092,Asia,Cold - Dry Summer,46.116667,35.533333,CDS,climate_untruncated_hierarchical_contribution
ippd_648,spatial_spd,untruncated_hierarchical_contribution,climate,0.204,Oceania,Cold - Warm Summer,148.5,-36.3667,CWS,climate_untruncated_hierarchical_contribution
ippd_975,spatial_spd,untruncated_hierarchical_contribution,climate,0.4581,Oceania,Temperate,151.4667,-32.05,TMP,climate_untruncated_hierarchical_contribution
ippd_978,spatial_spd,untruncated_hierarchical_contribution,climate,0.2912,Oceania,Temperate,150.1,-36.5833,TMP,climate_untruncated_hierarchical_contribution
ippd_991,spatial_spd,untruncated_hierarchical_contribution,climate,0.0743,Oceania,Temperate,149.52,-34.75,TMP,climate_untruncated_hierarchical_contribution
ippd_1070,spatial_spd,untruncated_hierarchical_contribution,climate,0.0306,Oceania,Tropical,142.95,-5.85,TRO,climate_untruncated_hierarchical_contribution
ippd_1443,spatial_spd,untruncated_hierarchical_contribution,climate,0.2617,Oceania,Tropical,142.3,-10.2,TRO,climate_untruncated_hierarchical_contribution
ippd_1999,spatial_spd,untruncated_hierarchical_contribution,climate,0.4124,Oceania,Tropical,145.45,-14.67,TRO,climate_untruncated_hierarchical_contribution
ippd_2000,spatial_spd,untruncated_hierarchical_contribution,climate,0.0898,Oceania,Temperate - Dry Winter,145.633,-17.1667,TDW,climate_untruncated_hierarchical_contribution
ippd_2008,spatial_spd,untruncated_hierarchical_contribution,climate,0.2296,Oceania,Temperate,142.6,-38.35,TMP,climate_untruncated_hierarchical_contribution
ippd_2009,spatial_spd,untruncated_hierarchical_contribution,climate,0.0853,Oceania,Temperate,153.41,-27.68,TMP,climate_untruncated_hierarchical_contribution
ippd_2094,spatial_spd,untruncated_hierarchical_contribution,climate,0.4322,Oceania,Temperate,151.3667,-31.9167,TMP,climate_untruncated_hierarchical_contribution
ippd_2113,spatial_spd,untruncated_hierarchical_contribution,climate,0.1509,Oceania,Temperate,153.45,-27.44,TMP,climate_untruncated_hierarchical_contribution
ippd_2122,spatial_spd,untruncated_hierarchical_contribution,climate,-0.0326,Oceania,Temperate,150.38,-33.76,TMP,climate_untruncated_hierarchical_contribution
ippd_2133,spatial_spd,untruncated_hierarchical_contribution,climate,0.1304,Oceania,Temperate - Dry Summer,140.581,-37.6094,TDS,climate_untruncated_hierarchical_contribution
ippd_2160,spatial_spd,untruncated_hierarchical_contribution,climate,0.3115,Oceania,Temperate,148.9567,-35.7522,TMP,climate_untruncated_hierarchical_contribution
ippd_2163,spatial_spd,untruncated_hierarchical_contribution,climate,0.2591,Oceania,Temperate,149.5,-36.5167,TMP,climate_untruncated_hierarchical_contribution
ippd_2179,spatial_spd,untruncated_hierarchical_contribution,climate,-0.0278,Oceania,Tropical,136.81667,-13.8667,TRO,climate_untruncated_hierarchical_contribution
ippd_2216,spatial_spd,untruncated_hierarchical_contribution,climate,0.1455,Oceania,Temperate,153.167,-25.23,TMP,climate_untruncated_hierarchical_contribution
ippd_2264,spatial_spd,untruncated_hierarchical_contribution,climate,0.0544,Oceania,Temperate,145.8854,-42.2713,TMP,climate_untruncated_hierarchical_contribution
ippd_2268,spatial_spd,untruncated_hierarchical_contribution,climate,0.4079,Oceania,Temperate,153.0613,-25.2171,TMP,climate_untruncated_hierarchical_contribution
ippd_2270,spatial_spd,untruncated_hierarchical_contribution,climate,0.2962,Oceania,Temperate,150.22,-33.38,TMP,climate_untruncated_hierarchical_contribution
ippd_2287,spatial_spd,untruncated_hierarchical_contribution,climate,0.174,Oceania,Arid,141.570299,-34.052551,ARD,climate_untruncated_hierarchical_contribution
ippd_2306,spatial_spd,untruncated_hierarchical_contribution,climate,0.0569,Oceania,Temperate,145.6667,-41.6667,TMP,climate_untruncated_hierarchical_contribution
ippd_2308,spatial_spd,untruncated_hierarchical_contribution,climate,0.2732,Oceania,Temperate,146.0833,-43.2667,TMP,climate_untruncated_hierarchical_contribution
ippd_2313,spatial_spd,untruncated_hierarchical_contribution,climate,0.0574,Oceania,Cold - Warm Summer,148.48333333333332,-36.38333333333333,CWS,climate_untruncated_hierarchical_contribution
ippd_2357,spatial_spd,untruncated_hierarchical_contribution,climate,0.028,Oceania,Temperate,149.1333,-37.1,TMP,climate_untruncated_hierarchical_contribution
46516,spatial_spd,untruncated_hierarchical_contribution,human,-0.0091,Europe,Cold - Warm Summer,28.61129,59.61457,CWS,human_untruncated_hierarchical_contribution
26606,spatial_spd,untruncated_hierarchical_contribution,human,0.1389,North America,Cold - Warm Summer,-93.72746,49.65882,CWS,human_untruncated_hierarchical_contribution
48966,spatial_spd,untruncated_hierarchical_contribution,human,-0.0011,Europe,Temperate,5.75969,52.24479,TMP,human_untruncated_hierarchical_contribution
3565,spatial_spd,untruncated_hierarchical_contribution,human,0.0649,North America,Cold - Warm Summer,-71.80778,46.89194,CWS,human_untruncated_hierarchical_contribution
3032,spatial_spd,untruncated_hierarchical_contribution,human,0.1549,North America,Cold - Warm Summer,-85.66111,46.42917,CWS,human_untruncated_hierarchical_contribution
4383,spatial_spd,untruncated_hierarchical_contribution,human,0.14,Europe,Cold - Warm Summer,8.32556,47.07556,CWS,human_untruncated_hierarchical_contribution
45377,spatial_spd,untruncated_hierarchical_contribution,human,0.0282,Europe,Cold - Warm Summer,24.1,59.075,CWS,human_untruncated_hierarchical_contribution
236,spatial_spd,untruncated_hierarchical_contribution,human,0.0431,North America,Cold - Warm Summer,-79.78,47.23,CWS,human_untruncated_hierarchical_contribution
4170,spatial_spd,untruncated_hierarchical_contribution,human,-0.0207,Europe,Cold - Warm Summer,24.33333,41.98333,CWS,human_untruncated_hierarchical_contribution
25372,spatial_spd,untruncated_hierarchical_contribution,human,0.0446,Europe,Temperate,4.07917,47.26194,TMP,human_untruncated_hierarchical_contribution
46544,spatial_spd,untruncated_hierarchical_contribution,human,0.0509,Europe,Cold - Warm Summer,25.77353,58.48888,CWS,human_untruncated_hierarchical_contribution
982,spatial_spd,untruncated_hierarchical_contribution,human,0.0508,North America,Cold - Warm Summer,-85.11667,44.88333,CWS,human_untruncated_hierarchical_contribution
26448,spatial_spd,untruncated_hierarchical_contribution,human,0.1198,Europe,Cold - Cold Summer,10.47833,46.87,CCS,human_untruncated_hierarchical_contribution
4042,spatial_spd,untruncated_hierarchical_contribution,human,0.2085,Europe,Cold - Warm Summer,13.67319,58.55679,CWS,human_untruncated_hierarchical_contribution
3487,spatial_spd,untruncated_hierarchical_contribution,human,-0.0386,North America,Cold - Hot Summer,-97.36301,44.97734,CHS,human_untruncated_hierarchical_contribution
21675,spatial_spd,untruncated_hierarchical_contribution,human,0.197,Latin America,Tropical,-76.5333,3.0833,TRO,human_untruncated_hierarchical_contribution
26499,spatial_spd,untruncated_hierarchical_contribution,human,0.1401,Europe,Polar,11.01283,46.84566,POL,human_untruncated_hierarchical_contribution
24840,spatial_spd,untruncated_hierarchical_contribution,human,0.2176,Europe,Temperate,-1.59583,47.27222,TMP,human_untruncated_hierarchical_contribution
2395,spatial_spd,untruncated_hierarchical_contribution,human,0.069,Latin America,Tropical,-90.13333,20.86667,TRO,human_untruncated_hierarchical_contribution
45347,spatial_spd,untruncated_hierarchical_contribution,human,0.0355,Europe,Polar,9.83333,62.26667,POL,human_untruncated_hierarchical_contribution
15922,spatial_spd,untruncated_hierarchical_contribution,human,0.1127,North America,Cold - Warm Summer,-89.2827,46.2334,CWS,human_untruncated_hierarchical_contribution
1010,spatial_spd,untruncated_hierarchical_contribution,human,0.0768,North America,Cold - Cold Summer,-53.13333,47.32222,CCS,human_untruncated_hierarchical_contribution
4542,spatial_spd,untruncated_hierarchical_contribution,human,0.0115,Europe,Cold - Cold Summer,32.63333,65.11667,CCS,human_untruncated_hierarchical_contribution
14944,spatial_spd,untruncated_hierarchical_contribution,human,0.4374,North America,Cold - Dry Summer,-112.23885,36.63046,CDS,human_untruncated_hierarchical_contribution
17402,spatial_spd,untruncated_hierarchical_contribution,human,0.0885,North America,Cold - Cold Summer,-159.77674,60.21151,CCS,human_untruncated_hierarchical_contribution
234,spatial_spd,untruncated_hierarchical_contribution,human,0.0474,North America,Cold - Dry Summer,-119.00833,37.59583,CDS,human_untruncated_hierarchical_contribution
16081,spatial_spd,untruncated_hierarchical_contribution,human,-0.0342,North America,Cold - Warm Summer,-62.61486,45.66757,CWS,human_untruncated_hierarchical_contribution
41421,spatial_spd,untruncated_hierarchical_contribution,human,0.023,Europe,Temperate,0.67528,50.90583,TMP,human_untruncated_hierarchical_contribution
1451,spatial_spd,untruncated_hierarchical_contribution,human,0.0662,North America,Cold - Warm Summer,-71.56694,48.36583,CWS,human_untruncated_hierarchical_contribution
785,spatial_spd,untruncated_hierarchical_contribution,human,0.1442,North America,Cold - Warm Summer,-80.25,44.37,CWS,human_untruncated_hierarchical_contribution
2311,spatial_spd,untruncated_hierarchical_contribution,human,0.0472,North America,Cold - Cold Summer,-154.23333,67.06667,CCS,human_untruncated_hierarchical_contribution
3900,spatial_spd,untruncated_hierarchical_contribution,human,-0.0423,Europe,Temperate,-1.85806,47.18611,TMP,human_untruncated_hierarchical_contribution
2053,spatial_spd,untruncated_hierarchical_contribution,human,-0.0264,North America,Cold - Warm Summer,-95.28417,46.21194,CWS,human_untruncated_hierarchical_contribution
1149,spatial_spd,untruncated_hierarchical_contribution,human,0.1445,North America,Cold - Warm Summer,-77.05,44.48333,CWS,human_untruncated_hierarchical_contribution
46998,spatial_spd,untruncated_hierarchical_contribution,human,-0.0124,Latin America,Temperate,-79.11214,-4.25547,TMP,human_untruncated_hierarchical_contribution
46490,spatial_spd,untruncated_hierarchical_contribution,human,0.0388,Europe,Cold - Warm Summer,29.97722,59.01111,CWS,human_untruncated_hierarchical_contribution
210,spatial_spd,untruncated_hierarchical_contribution,human,0.1152,North America,Arid,-105.45,43.5,ARD,human_untruncated_hierarchical_contribution
4136,spatial_spd,untruncated_hierarchical_contribution,human,0.0438,Europe,Cold - Cold Summer,28.99524,66.12667,CCS,human_untruncated_hierarchical_contribution
45192,spatial_spd,untruncated_hierarchical_contribution,human,0.0095,Europe,Temperate - Dry Summer,-6.07028,42.12611,TDS,human_untruncated_hierarchical_contribution
15232,spatial_spd,untruncated_hierarchical_contribution,human,0.049,North America,Cold - Cold Summer,-118.15429,51.03992,CCS,human_untruncated_hierarchical_contribution
41467,spatial_spd,untruncated_hierarchical_contribution,human,0.1146,Europe,Temperate,8.94329,46.05152,TMP,human_untruncated_hierarchical_contribution
3938,spatial_spd,untruncated_hierarchical_contribution,human,-0.0088,Europe,Cold - Warm Summer,20.67577,52.54316,CWS,human_untruncated_hierarchical_contribution
2619,spatial_spd,untruncated_hierarchical_contribution,human,0.1425,North America,Temperate - Dry Summer,-119.81667,37.95,TDS,human_untruncated_hierarchical_contribution
22988,spatial_spd,untruncated_hierarchical_contribution,human,0.0513,Europe,Polar,8.01819,46.66807,POL,human_untruncated_hierarchical_contribution
46803,spatial_spd,untruncated_hierarchical_contribution,human,0.1167,North America,Cold - Cold Summer,-148.15282,60.68065,CCS,human_untruncated_hierarchical_contribution
24195,spatial_spd,untruncated_hierarchical_contribution,human,-0.0055,Europe,Cold - Cold Summer,7.84417,46.28306,CCS,human_untruncated_hierarchical_contribution
306,spatial_spd,untruncated_hierarchical_contribution,human,0.0143,North America,Cold - Cold Summer,-69.45278,47.45778,CCS,human_untruncated_hierarchical_contribution
847,spatial_spd,untruncated_hierarchical_contribution,human,0.055,North America,Cold - Hot Summer,-83.63,42.33,CHS,human_untruncated_hierarchical_contribution
45322,spatial_spd,untruncated_hierarchical_contribution,human,0.0313,Europe,Temperate - Dry Summer,12.63333,37.61667,TDS,human_untruncated_hierarchical_contribution
18108,spatial_spd,untruncated_hierarchical_contribution,human,0.0227,North America,Cold - Cold Summer,-116.9055,49.49605,CCS,human_untruncated_hierarchical_contribution
42745,spatial_spd,untruncated_hierarchical_contribution,human,-0.0209,North America,Cold - Cold Summer,-138.37522,61.0771,CCS,human_untruncated_hierarchical_contribution
17689,spatial_spd,untruncated_hierarchical_contribution,human,0.0797,North America,Cold - Warm Summer,-80.26015,43.26052,CWS,human_untruncated_hierarchical_contribution
340,spatial_spd,untruncated_hierarchical_contribution,human,0.0464,North America,Cold - Warm Summer,-68.77344,44.93672,CWS,human_untruncated_hierarchical_contribution
40634,spatial_spd,untruncated_hierarchical_contribution,human,2e-4,Europe,Cold - Cold Summer,7.40306,46.42833,CCS,human_untruncated_hierarchical_contribution
15970,spatial_spd,untruncated_hierarchical_contribution,human,0.0358,North America,Cold - Cold Summer,-153.66508,62.55151,CCS,human_untruncated_hierarchical_contribution
17391,spatial_spd,untruncated_hierarchical_contribution,human,-0.0329,North America,Cold - Cold Summer,-162.11413,63.4461,CCS,human_untruncated_hierarchical_contribution
4539,spatial_spd,untruncated_hierarchical_contribution,human,0.0342,Europe,Cold - Cold Summer,22.86667,62.13333,CCS,human_untruncated_hierarchical_contribution
25285,spatial_spd,untruncated_hierarchical_contribution,human,0.0313,Europe,Temperate,5.28333,45.79083,TMP,human_untruncated_hierarchical_contribution
20293,spatial_spd,untruncated_hierarchical_contribution,human,0.0361,Europe,Cold - Cold Summer,29.29295,70.6989,CCS,human_untruncated_hierarchical_contribution
4251,spatial_spd,untruncated_hierarchical_contribution,human,0.1618,Europe,Temperate,-5.58229,57.62279,TMP,human_untruncated_hierarchical_contribution
2580,spatial_spd,untruncated_hierarchical_contribution,human,0.032,North America,Cold - Cold Summer,-120.66667,57.45,CCS,human_untruncated_hierarchical_contribution
22773,spatial_spd,untruncated_hierarchical_contribution,human,0.1946,Europe,Cold - Cold Summer,9.38111,47.17139,CCS,human_untruncated_hierarchical_contribution
784,spatial_spd,untruncated_hierarchical_contribution,human,-0.0231,Europe,Temperate,21.9525,40.81806,TMP,human_untruncated_hierarchical_contribution
4472,spatial_spd,untruncated_hierarchical_contribution,human,-0.0095,Europe,Cold - Cold Summer,28.11667,61.21667,CCS,human_untruncated_hierarchical_contribution
45383,spatial_spd,untruncated_hierarchical_contribution,human,0.0491,Europe,Cold - Warm Summer,25.53861,59.48944,CWS,human_untruncated_hierarchical_contribution
40564,spatial_spd,untruncated_hierarchical_contribution,human,0.0249,Europe,Cold - Warm Summer,8.83094,47.61335,CWS,human_untruncated_hierarchical_contribution
13051,spatial_spd,untruncated_hierarchical_contribution,human,-0.0219,North America,Cold - Warm Summer,-96.198,46.5929,CWS,human_untruncated_hierarchical_contribution
15783,spatial_spd,untruncated_hierarchical_contribution,human,0.0615,North America,Polar,-125.28,71.75,POL,human_untruncated_hierarchical_contribution
4373,spatial_spd,untruncated_hierarchical_contribution,human,0.0107,Europe,Temperate,5.65528,45.34833,TMP,human_untruncated_hierarchical_contribution
45722,spatial_spd,untruncated_hierarchical_contribution,human,0.1626,Europe,Cold - Warm Summer,7.78231,58.32563,CWS,human_untruncated_hierarchical_contribution
2270,spatial_spd,untruncated_hierarchical_contribution,human,0.0457,North America,Cold - Hot Summer,-72.3027,41.3491,CHS,human_untruncated_hierarchical_contribution
15201,spatial_spd,untruncated_hierarchical_contribution,human,0.077,North America,Cold - Cold Summer,-105.5577,39.2855,CCS,human_untruncated_hierarchical_contribution
260,spatial_spd,untruncated_hierarchical_contribution,human,0.0224,North America,Cold - Warm Summer,-73.31667,42.5,CWS,human_untruncated_hierarchical_contribution
21539,spatial_spd,untruncated_hierarchical_contribution,human,0.1303,Latin America,Tropical,-76.43842,-0.68774,TRO,human_untruncated_hierarchical_contribution
15829,spatial_spd,untruncated_hierarchical_contribution,human,0.0136,North America,Polar,-64.26654,63.39458,POL,human_untruncated_hierarchical_contribution
14799,spatial_spd,untruncated_hierarchical_contribution,human,0.0912,North America,Cold - Dry Summer,-119.66075,37.84969,CDS,human_untruncated_hierarchical_contribution
4056,spatial_spd,untruncated_hierarchical_contribution,human,0.4998,Europe,Temperate,-0.19167,48.44444,TMP,human_untruncated_hierarchical_contribution
2617,spatial_spd,untruncated_hierarchical_contribution,human,0.1192,North America,Cold - Hot Summer,-74.03778,41.39139,CHS,human_untruncated_hierarchical_contribution
42671,spatial_spd,untruncated_hierarchical_contribution,human,0.0185,Europe,Cold - Warm Summer,8.2395,48.56961,CWS,human_untruncated_hierarchical_contribution
4058,spatial_spd,untruncated_hierarchical_contribution,human,-0.0456,Europe,Cold - Cold Summer,13.9,47.11667,CCS,human_untruncated_hierarchical_contribution
20613,spatial_spd,untruncated_hierarchical_contribution,human,0.0625,North America,Cold - Warm Summer,-112.08801,42.13082,CWS,human_untruncated_hierarchical_contribution
15738,spatial_spd,untruncated_hierarchical_contribution,human,0.032,North America,Cold - Cold Summer,-109.90907,49.66388,CCS,human_untruncated_hierarchical_contribution
2287,spatial_spd,untruncated_hierarchical_contribution,human,0.1835,North America,Cold - Warm Summer,-79.44,44.18,CWS,human_untruncated_hierarchical_contribution
22842,spatial_spd,untruncated_hierarchical_contribution,human,-0.0129,Europe,Cold - Cold Summer,7.19861,46.35972,CCS,human_untruncated_hierarchical_contribution
15288,spatial_spd,untruncated_hierarchical_contribution,human,0.119,North America,Temperate,-127.69941,50.18234,TMP,human_untruncated_hierarchical_contribution
21762,spatial_spd,untruncated_hierarchical_contribution,human,0.026,Latin America,Polar,-72.80159,6.16936,POL,human_untruncated_hierarchical_contribution
1148,spatial_spd,untruncated_hierarchical_contribution,human,0.0439,North America,Temperate - Dry Summer,-122.575,44.63333,TDS,human_untruncated_hierarchical_contribution
48721,spatial_spd,untruncated_hierarchical_contribution,human,0.1412,North America,Cold - Dry Summer,-114.10713,64.0537,CDS,human_untruncated_hierarchical_contribution
24467,spatial_spd,untruncated_hierarchical_contribution,human,0.0862,Europe,Temperate,3.13333,49.18333,TMP,human_untruncated_hierarchical_contribution
1450,spatial_spd,untruncated_hierarchical_contribution,human,0.1744,North America,Cold - Warm Summer,-52.71389,47.59028,CWS,human_untruncated_hierarchical_contribution
23004,spatial_spd,untruncated_hierarchical_contribution,human,-0.0208,Europe,Cold - Warm Summer,28.01373,51.19139,CWS,human_untruncated_hierarchical_contribution
2292,spatial_spd,untruncated_hierarchical_contribution,human,0.0947,North America,Cold - Warm Summer,-69.41028,43.92139,CWS,human_untruncated_hierarchical_contribution
2391,spatial_spd,untruncated_hierarchical_contribution,human,0.0383,North America,Cold - Warm Summer,-70.35,43.96667,CWS,human_untruncated_hierarchical_contribution
1024,spatial_spd,untruncated_hierarchical_contribution,human,0.1453,North America,Polar,-155.05,67.93333,POL,human_untruncated_hierarchical_contribution
1642,spatial_spd,untruncated_hierarchical_contribution,human,0.0813,North America,Temperate - Dry Summer,-123.58764,44.16387,TDS,human_untruncated_hierarchical_contribution
15785,spatial_spd,untruncated_hierarchical_contribution,human,-0.0092,North America,Polar,-121.1,72.009,POL,human_untruncated_hierarchical_contribution
1735,spatial_spd,untruncated_hierarchical_contribution,human,0.0849,North America,Cold - Hot Summer,-89.41667,43.1,CHS,human_untruncated_hierarchical_contribution
22711,spatial_spd,untruncated_hierarchical_contribution,human,0.1123,Europe,Temperate,-5.34361,57.55889,TMP,human_untruncated_hierarchical_contribution
24348,spatial_spd,untruncated_hierarchical_contribution,human,-0.0068,Europe,Cold - Cold Summer,2.00833,42.55417,CCS,human_untruncated_hierarchical_contribution
40992,spatial_spd,untruncated_hierarchical_contribution,human,0.028,North America,Cold - Warm Summer,-71.1813,43.29,CWS,human_untruncated_hierarchical_contribution
1786,spatial_spd,untruncated_hierarchical_contribution,human,0.017,North America,Cold - Warm Summer,-93.39207,47.97876,CWS,human_untruncated_hierarchical_contribution
878,spatial_spd,untruncated_hierarchical_contribution,human,0.0556,North America,Cold - Warm Summer,-99.2976,49.4427,CWS,human_untruncated_hierarchical_contribution
44951,spatial_spd,untruncated_hierarchical_contribution,human,-0.0069,Europe,Cold - Warm Summer,20.42349,48.33691,CWS,human_untruncated_hierarchical_contribution
328,spatial_spd,untruncated_hierarchical_contribution,human,0.0851,North America,Temperate,-86.53333,33.5,TMP,human_untruncated_hierarchical_contribution
40997,spatial_spd,untruncated_hierarchical_contribution,human,-0.0038,Asia,Cold - Dry Winter,108.91361,53.95472,CDW,human_untruncated_hierarchical_contribution
42692,spatial_spd,untruncated_hierarchical_contribution,human,-0.0113,Europe,Cold - Warm Summer,8.29455,48.66747,CWS,human_untruncated_hierarchical_contribution
1968,spatial_spd,untruncated_hierarchical_contribution,human,0.1896,North America,Cold - Warm Summer,-64.075,46.67361,CWS,human_untruncated_hierarchical_contribution
309,spatial_spd,untruncated_hierarchical_contribution,human,0.079,North America,Cold - Warm Summer,-74.68333,43.91667,CWS,human_untruncated_hierarchical_contribution
34553,spatial_spd,untruncated_hierarchical_contribution,human,-0.053900000000000003,Oceania,Temperate,145.95589,-41.66993,TMP,human_untruncated_hierarchical_contribution
46730,spatial_spd,untruncated_hierarchical_contribution,human,0.0479,North America,Cold - Cold Summer,-109.57577,44.96379,CCS,human_untruncated_hierarchical_contribution
232,spatial_spd,untruncated_hierarchical_contribution,human,0.0529,North America,Temperate,-83.25389,30.62222,TMP,human_untruncated_hierarchical_contribution
1719,spatial_spd,untruncated_hierarchical_contribution,human,0.1206,North America,Cold - Warm Summer,-80.09,45.05,CWS,human_untruncated_hierarchical_contribution
41027,spatial_spd,untruncated_hierarchical_contribution,human,0.176,North America,Cold - Warm Summer,-73.2597,41.852,CWS,human_untruncated_hierarchical_contribution
45728,spatial_spd,untruncated_hierarchical_contribution,human,0.0021,Europe,Cold - Warm Summer,7.91361,58.14445,CWS,human_untruncated_hierarchical_contribution
29236,spatial_spd,untruncated_hierarchical_contribution,human,0.0309,Europe,Cold - Warm Summer,6.17361,46.56667,CWS,human_untruncated_hierarchical_contribution
1841,spatial_spd,untruncated_hierarchical_contribution,human,0.0778,North America,Cold - Warm Summer,-68.94389,47.53278,CWS,human_untruncated_hierarchical_contribution
21807,spatial_spd,untruncated_hierarchical_contribution,human,0.1441,Latin America,Tropical,-89.99202,16.91211,TRO,human_untruncated_hierarchical_contribution
41631,spatial_spd,untruncated_hierarchical_contribution,human,0.0894,Europe,Cold - Warm Summer,10.67378,44.1199,CWS,human_untruncated_hierarchical_contribution
24061,spatial_spd,untruncated_hierarchical_contribution,human,-0.008,Europe,Cold - Cold Summer,11.45833,46.66611,CCS,human_untruncated_hierarchical_contribution
15667,spatial_spd,untruncated_hierarchical_contribution,human,0.1753,North America,Cold - Cold Summer,-119.6835,49.1188,CCS,human_untruncated_hierarchical_contribution
859,spatial_spd,untruncated_hierarchical_contribution,human,0.0294,North America,Cold - Cold Summer,-110.73333,44.91667,CCS,human_untruncated_hierarchical_contribution
15462,spatial_spd,untruncated_hierarchical_contribution,human,0.1024,North America,Cold - Cold Summer,-57.37679,50.71361,CCS,human_untruncated_hierarchical_contribution
14274,spatial_spd,untruncated_hierarchical_contribution,human,0.0773,Europe,Temperate,-9.56165,53.76021,TMP,human_untruncated_hierarchical_contribution
203,spatial_spd,untruncated_hierarchical_contribution,human,0.176,North America,Temperate,-85.50396,36.02755,TMP,human_untruncated_hierarchical_contribution
17320,spatial_spd,untruncated_hierarchical_contribution,human,0.0715,North America,Cold - Cold Summer,-156.00243,58.75139,CCS,human_untruncated_hierarchical_contribution
308,spatial_spd,untruncated_hierarchical_contribution,human,0.1082,North America,Cold - Warm Summer,-70.675,45.56667,CWS,human_untruncated_hierarchical_contribution
2385,spatial_spd,untruncated_hierarchical_contribution,human,0.0789,North America,Cold - Hot Summer,-83.81531,40.35123,CHS,human_untruncated_hierarchical_contribution
26608,spatial_spd,untruncated_hierarchical_contribution,human,-0.0107,Europe,Temperate - Dry Summer,15.60075,40.92751,TDS,human_untruncated_hierarchical_contribution
20188,spatial_spd,untruncated_hierarchical_contribution,human,0.0022,North America,Polar,-170.24989,57.1773,POL,human_untruncated_hierarchical_contribution
3879,spatial_spd,untruncated_hierarchical_contribution,human,0.0773,Europe,Temperate,-3.90841,57.31333,TMP,human_untruncated_hierarchical_contribution
15925,spatial_spd,untruncated_hierarchical_contribution,human,0.0222,North America,Cold - Warm Summer,-89.257,46.13937,CWS,human_untruncated_hierarchical_contribution
15919,spatial_spd,untruncated_hierarchical_contribution,human,0.1595,North America,Cold - Warm Summer,-89.29748,46.2435,CWS,human_untruncated_hierarchical_contribution
1432,spatial_spd,untruncated_hierarchical_contribution,human,0.0547,North America,Cold - Dry Summer,-161.41667,68.15,CDS,human_untruncated_hierarchical_contribution
48895,spatial_spd,untruncated_hierarchical_contribution,human,0.1225,North America,Cold - Warm Summer,-88.00947,47.41767,CWS,human_untruncated_hierarchical_contribution
2373,spatial_spd,untruncated_hierarchical_contribution,human,0.0415,North America,Cold - Warm Summer,-72.14694,48.29389,CWS,human_untruncated_hierarchical_contribution
518,spatial_spd,untruncated_hierarchical_contribution,human,0.1039,North America,Cold - Warm Summer,-80.28333,38.2,CWS,human_untruncated_hierarchical_contribution
1445,spatial_spd,untruncated_hierarchical_contribution,human,0.0564,North America,Cold - Cold Summer,-127.61667,64.16667,CCS,human_untruncated_hierarchical_contribution
1835,spatial_spd,untruncated_hierarchical_contribution,human,0.0457,North America,Polar,-116.3125,51.34306,POL,human_untruncated_hierarchical_contribution
15325,spatial_spd,untruncated_hierarchical_contribution,human,-0.0304,North America,Cold - Warm Summer,-72.1862,42.536,CWS,human_untruncated_hierarchical_contribution
1823,spatial_spd,untruncated_hierarchical_contribution,human,-0.0052,North America,Polar,-116.35,51.35972,POL,human_untruncated_hierarchical_contribution
966,spatial_spd,untruncated_hierarchical_contribution,human,0.1005,North America,Cold - Dry Summer,-122.04167,43.65,CDS,human_untruncated_hierarchical_contribution
4378,spatial_spd,untruncated_hierarchical_contribution,human,-0.0452,Europe,Cold - Warm Summer,14.08165,49.24798,CWS,human_untruncated_hierarchical_contribution
40567,spatial_spd,untruncated_hierarchical_contribution,human,0.0472,Europe,Cold - Warm Summer,8.83094,47.61335,CWS,human_untruncated_hierarchical_contribution
532,spatial_spd,untruncated_hierarchical_contribution,human,0.1699,North America,Cold - Warm Summer,-84.95833,44.7,CWS,human_untruncated_hierarchical_contribution
44941,spatial_spd,untruncated_hierarchical_contribution,human,0.0421,Europe,Cold - Cold Summer,16.37673,68.6586,CCS,human_untruncated_hierarchical_contribution
48738,spatial_spd,untruncated_hierarchical_contribution,human,0.0023,Europe,Cold - Warm Summer,22.09672,58.32503,CWS,human_untruncated_hierarchical_contribution
15713,spatial_spd,untruncated_hierarchical_contribution,human,0.1208,North America,Cold - Cold Summer,-120.0974,49.191,CCS,human_untruncated_hierarchical_contribution
22650,spatial_spd,untruncated_hierarchical_contribution,human,0.0057,Europe,Cold - Cold Summer,19.28333,49.51667,CCS,human_untruncated_hierarchical_contribution
4497,spatial_spd,untruncated_hierarchical_contribution,human,0.0162,Europe,Cold - Warm Summer,22.38803,58.4848,CWS,human_untruncated_hierarchical_contribution
2634,spatial_spd,untruncated_hierarchical_contribution,human,-0.0158,North America,Arid,-112.39556,46.53111,ARD,human_untruncated_hierarchical_contribution
21537,spatial_spd,untruncated_hierarchical_contribution,human,0.0828,Latin America,Tropical,-67.92396,-14.43169,TRO,human_untruncated_hierarchical_contribution
2332,spatial_spd,untruncated_hierarchical_contribution,human,0.0569,North America,Cold - Warm Summer,-72.97889,46.65417,CWS,human_untruncated_hierarchical_contribution
1776,spatial_spd,untruncated_hierarchical_contribution,human,0.0224,North America,Temperate,-81.87499,29.29299,TMP,human_untruncated_hierarchical_contribution
4092,spatial_spd,untruncated_hierarchical_contribution,human,0.1046,Europe,Cold - Cold Summer,24.25122,60.62404,CCS,human_untruncated_hierarchical_contribution
18110,spatial_spd,untruncated_hierarchical_contribution,human,0.2311,North America,Cold - Warm Summer,-64.93446,43.86933,CWS,human_untruncated_hierarchical_contribution
3839,spatial_spd,untruncated_hierarchical_contribution,human,0.1408,North America,Cold - Warm Summer,-77.43333,45.03333,CWS,human_untruncated_hierarchical_contribution
2048,spatial_spd,untruncated_hierarchical_contribution,human,0.091,North America,Cold - Warm Summer,-71.325,45.67083,CWS,human_untruncated_hierarchical_contribution
302,spatial_spd,untruncated_hierarchical_contribution,human,-0.0039,North America,Cold - Cold Summer,-119.43333,55.575,CCS,human_untruncated_hierarchical_contribution
15103,spatial_spd,untruncated_hierarchical_contribution,human,-0.019,Latin America,Temperate - Dry Summer,-71.51314,-41.5129,TDS,human_untruncated_hierarchical_contribution
1391,spatial_spd,untruncated_hierarchical_contribution,human,0.1479,North America,Cold - Warm Summer,-58.24,48.24,CWS,human_untruncated_hierarchical_contribution
208,spatial_spd,untruncated_hierarchical_contribution,human,0.0047,North America,Polar,-153.9,67.13333,POL,human_untruncated_hierarchical_contribution
24053,spatial_spd,untruncated_hierarchical_contribution,human,0.0346,Europe,Cold - Cold Summer,11.48973,46.64372,CCS,human_untruncated_hierarchical_contribution
1862,spatial_spd,untruncated_hierarchical_contribution,human,0.1055,North America,Cold - Warm Summer,-88.74,48.56,CWS,human_untruncated_hierarchical_contribution
15244,spatial_spd,untruncated_hierarchical_contribution,human,0.1606,North America,Cold - Hot Summer,-86.85559,41.61117,CHS,human_untruncated_hierarchical_contribution
2297,spatial_spd,untruncated_hierarchical_contribution,human,0.0235,North America,Polar,-95.28333,73.13333,POL,human_untruncated_hierarchical_contribution
1883,spatial_spd,untruncated_hierarchical_contribution,human,0.0073,North America,Cold - Warm Summer,-92,49.48,CWS,human_untruncated_hierarchical_contribution
3149,spatial_spd,untruncated_hierarchical_contribution,human,0.0969,North America,Cold - Cold Summer,-123.64667,60.35667,CCS,human_untruncated_hierarchical_contribution
701,spatial_spd,untruncated_hierarchical_contribution,human,0.2066,North America,Cold - Cold Summer,-110.23333,43.93333,CCS,human_untruncated_hierarchical_contribution
3840,spatial_spd,untruncated_hierarchical_contribution,human,0.02,North America,Temperate,-80.77947,34.16459,TMP,human_untruncated_hierarchical_contribution
20223,spatial_spd,untruncated_hierarchical_contribution,human,-0.0333,Europe,Cold - Warm Summer,13.92972,50.12944,CWS,human_untruncated_hierarchical_contribution
42649,spatial_spd,untruncated_hierarchical_contribution,human,0.0927,Europe,Temperate,9.00032,47.68985,TMP,human_untruncated_hierarchical_contribution
2324,spatial_spd,untruncated_hierarchical_contribution,human,0.1181,North America,Cold - Cold Summer,-147.85,67.43333,CCS,human_untruncated_hierarchical_contribution
1698,spatial_spd,untruncated_hierarchical_contribution,human,0.0621,North America,Cold - Warm Summer,-68.73333,45.04167,CWS,human_untruncated_hierarchical_contribution
15081,spatial_spd,untruncated_hierarchical_contribution,human,0.2542,North America,Temperate,-85.7263,37.43148,TMP,human_untruncated_hierarchical_contribution
16217,spatial_spd,untruncated_hierarchical_contribution,human,0.0972,Europe,Temperate,-6.77814,53.81603,TMP,human_untruncated_hierarchical_contribution
41016,spatial_spd,untruncated_hierarchical_contribution,human,0.1462,North America,Cold - Hot Summer,-73.451,41.304,CHS,human_untruncated_hierarchical_contribution
21772,spatial_spd,untruncated_hierarchical_contribution,human,0.0742,North America,Temperate,-127.26283,50.60705,TMP,human_untruncated_hierarchical_contribution
41448,spatial_spd,untruncated_hierarchical_contribution,human,0.0568,Europe,Cold - Cold Summer,7.33143,46.39684,CCS,human_untruncated_hierarchical_contribution
1571,spatial_spd,untruncated_hierarchical_contribution,human,0.0296,North America,Cold - Warm Summer,-79.11667,47.2875,CWS,human_untruncated_hierarchical_contribution
24861,spatial_spd,untruncated_hierarchical_contribution,human,-0.0041,Europe,Temperate,-0.86056,47.41361,TMP,human_untruncated_hierarchical_contribution
21895,spatial_spd,untruncated_hierarchical_contribution,human,-0.0108,Latin America,Tropical,-77.1432,2.0024,TRO,human_untruncated_hierarchical_contribution
22656,spatial_spd,untruncated_hierarchical_contribution,human,0.0334,Europe,Cold - Warm Summer,19.55637,49.44642,CWS,human_untruncated_hierarchical_contribution
2661,spatial_spd,untruncated_hierarchical_contribution,human,-0.066,North America,Cold - Cold Summer,-133.45,69.05,CCS,human_untruncated_hierarchical_contribution
47604,spatial_spd,untruncated_hierarchical_contribution,human,-0.0011,Europe,Polar,7.35751,46.15006,POL,human_untruncated_hierarchical_contribution
1617,spatial_spd,untruncated_hierarchical_contribution,human,-3e-4,North America,Cold - Cold Summer,-135.51417,65.94222,CCS,human_untruncated_hierarchical_contribution
48960,spatial_spd,untruncated_hierarchical_contribution,human,0.0017,Europe,Temperate,2.64556,45.33944,TMP,human_untruncated_hierarchical_contribution
22944,spatial_spd,untruncated_hierarchical_contribution,human,0.1016,Europe,Cold - Warm Summer,20.20581,53.75192,CWS,human_untruncated_hierarchical_contribution
346,spatial_spd,untruncated_hierarchical_contribution,human,0.1191,North America,Cold - Warm Summer,-72.99861,46.61389,CWS,human_untruncated_hierarchical_contribution
15762,spatial_spd,untruncated_hierarchical_contribution,human,-0.0212,North America,Cold - Dry Summer,-120.21177,41.97585,CDS,human_untruncated_hierarchical_contribution
2629,spatial_spd,untruncated_hierarchical_contribution,human,0.0185,North America,Cold - Warm Summer,-70.05833,41.275,CWS,human_untruncated_hierarchical_contribution
17419,spatial_spd,untruncated_hierarchical_contribution,human,0.0194,North America,Cold - Cold Summer,-106.45186,37.02099,CCS,human_untruncated_hierarchical_contribution
3043,spatial_spd,untruncated_hierarchical_contribution,human,-0.0026,Oceania,Temperate,147.30056,-42.54361,TMP,human_untruncated_hierarchical_contribution
45391,spatial_spd,untruncated_hierarchical_contribution,human,0.0263,Europe,Cold - Warm Summer,27.05833,57.80833,CWS,human_untruncated_hierarchical_contribution
40951,spatial_spd,untruncated_hierarchical_contribution,human,-0.0107,Europe,Cold - Warm Summer,8.198,47.80425,CWS,human_untruncated_hierarchical_contribution
22966,spatial_spd,untruncated_hierarchical_contribution,human,0.0368,Europe,Cold - Warm Summer,7.735,46.82194,CWS,human_untruncated_hierarchical_contribution
3035,spatial_spd,untruncated_hierarchical_contribution,human,0.2244,North America,Cold - Warm Summer,-90.08333,45.33333,CWS,human_untruncated_hierarchical_contribution
47110,spatial_spd,untruncated_hierarchical_contribution,human,-0.058,Oceania,Temperate,145.95589,-41.66993,TMP,human_untruncated_hierarchical_contribution
1154,spatial_spd,untruncated_hierarchical_contribution,human,0.1604,Latin America,Temperate - Dry Winter,-45.53333,-22.78333,TDW,human_untruncated_hierarchical_contribution
47555,spatial_spd,untruncated_hierarchical_contribution,human,0.1347,North America,Temperate,-91.09082,36.79864,TMP,human_untruncated_hierarchical_contribution
527,spatial_spd,untruncated_hierarchical_contribution,human,0.1286,North America,Cold - Dry Summer,-146.48333,68.33333,CDS,human_untruncated_hierarchical_contribution
46280,spatial_spd,untruncated_hierarchical_contribution,human,0.0313,Europe,Cold - Warm Summer,7.48381,47.02139,CWS,human_untruncated_hierarchical_contribution
21913,spatial_spd,untruncated_hierarchical_contribution,human,0.1788,Latin America,Tropical,-76.78055,2.43268,TRO,human_untruncated_hierarchical_contribution
971,spatial_spd,untruncated_hierarchical_contribution,human,0.0737,North America,Cold - Warm Summer,-69.31667,44.98333,CWS,human_untruncated_hierarchical_contribution
1440,spatial_spd,untruncated_hierarchical_contribution,human,0.0145,Europe,Arid,32.61667,46.51667,ARD,human_untruncated_hierarchical_contribution
45319,spatial_spd,untruncated_hierarchical_contribution,human,-0.0346,Europe,Arid,32.61667,46.51667,ARD,human_untruncated_hierarchical_contribution
45320,spatial_spd,untruncated_hierarchical_contribution,human,-0.057,Europe,Arid,32.61667,46.51667,ARD,human_untruncated_hierarchical_contribution
48816,spatial_spd,untruncated_hierarchical_contribution,human,0.109,North America,Cold - Warm Summer,-86.79965,46.33032,CWS,human_untruncated_hierarchical_contribution
42683,spatial_spd,untruncated_hierarchical_contribution,human,-0.0255,Europe,Cold - Warm Summer,8.45764,48.71718,CWS,human_untruncated_hierarchical_contribution
21818,spatial_spd,untruncated_hierarchical_contribution,human,0.1193,Latin America,Polar,-74.3011,3.95173,POL,human_untruncated_hierarchical_contribution
15276,spatial_spd,untruncated_hierarchical_contribution,human,0.0311,North America,Temperate,-127.75256,50.16625,TMP,human_untruncated_hierarchical_contribution
2626,spatial_spd,untruncated_hierarchical_contribution,human,0.1415,North America,Cold - Warm Summer,-75.27217,41.03345,CWS,human_untruncated_hierarchical_contribution
2591,spatial_spd,untruncated_hierarchical_contribution,human,0.1368,North America,Cold - Warm Summer,-76.35,41.67389,CWS,human_untruncated_hierarchical_contribution
4239,spatial_spd,untruncated_hierarchical_contribution,human,0.08,Europe,Cold - Cold Summer,29.61124,65.61709,CCS,human_untruncated_hierarchical_contribution
2367,spatial_spd,untruncated_hierarchical_contribution,human,0.0606,North America,Cold - Cold Summer,-67.13194,50.14028,CCS,human_untruncated_hierarchical_contribution
45343,spatial_spd,untruncated_hierarchical_contribution,human,0.0877,Europe,Cold - Cold Summer,8.87778,63.35139,CCS,human_untruncated_hierarchical_contribution
26319,spatial_spd,untruncated_hierarchical_contribution,human,0.0546,Europe,Cold - Cold Summer,11.00155,47.21091,CCS,human_untruncated_hierarchical_contribution
684,spatial_spd,untruncated_hierarchical_contribution,human,0.2001,North America,Cold - Hot Summer,-89.7385,43.4083,CHS,human_untruncated_hierarchical_contribution
19909,spatial_spd,untruncated_hierarchical_contribution,human,-0.0388,Europe,Cold - Cold Summer,16.40472,61.82125,CCS,human_untruncated_hierarchical_contribution
45329,spatial_spd,untruncated_hierarchical_contribution,human,0.1866,Europe,Cold - Warm Summer,11.61778,59.05972,CWS,human_untruncated_hierarchical_contribution
26505,spatial_spd,untruncated_hierarchical_contribution,human,-0.0294,Europe,Cold - Warm Summer,12.04055,47.50844,CWS,human_untruncated_hierarchical_contribution
1523,spatial_spd,untruncated_hierarchical_contribution,human,0.1297,North America,Temperate,-121.61667,48.23333,TMP,human_untruncated_hierarchical_contribution
1590,spatial_spd,untruncated_hierarchical_contribution,human,0.039,North America,Cold - Cold Summer,-74.58333,49.68333,CCS,human_untruncated_hierarchical_contribution
24110,spatial_spd,untruncated_hierarchical_contribution,human,0.3078,Europe,Cold - Warm Summer,16.05602,58.02114,CWS,human_untruncated_hierarchical_contribution
43513,spatial_spd,untruncated_hierarchical_contribution,human,0.0654,Europe,Cold - Cold Summer,9.80624,46.46994,CCS,human_untruncated_hierarchical_contribution
813,spatial_spd,untruncated_hierarchical_contribution,human,0.0756,North America,Cold - Hot Summer,-81.33901,41.19133,CHS,human_untruncated_hierarchical_contribution
16016,spatial_spd,untruncated_hierarchical_contribution,human,0.0168,North America,Arid,-120.2745,40.5619,ARD,human_untruncated_hierarchical_contribution
298,spatial_spd,untruncated_hierarchical_contribution,human,0.0654,North America,Cold - Warm Summer,-95.16335,47.177,CWS,human_untruncated_hierarchical_contribution
782,spatial_spd,untruncated_hierarchical_contribution,human,0.1263,North America,Cold - Warm Summer,-62.15,46.40833,CWS,human_untruncated_hierarchical_contribution
15831,spatial_spd,untruncated_hierarchical_contribution,human,0.0554,North America,Temperate,-83.107,32.555,TMP,human_untruncated_hierarchical_contribution
48624,spatial_spd,untruncated_hierarchical_contribution,human,0.1036,Latin America,Temperate - Dry Summer,-71.5233,-44.2797,TDS,human_untruncated_hierarchical_contribution
1770,spatial_spd,untruncated_hierarchical_contribution,human,0.0242,North America,Cold - Cold Summer,-94.25,51.38333,CCS,human_untruncated_hierarchical_contribution
4517,spatial_spd,untruncated_hierarchical_contribution,human,-0.0219,Europe,Cold - Warm Summer,16.21208,50.60387,CWS,human_untruncated_hierarchical_contribution
4398,spatial_spd,untruncated_hierarchical_contribution,human,0.057,Europe,Cold - Warm Summer,17.35631,52.54984,CWS,human_untruncated_hierarchical_contribution
22849,spatial_spd,untruncated_hierarchical_contribution,human,0.0039,Europe,Cold - Warm Summer,14.60637,53.96802,CWS,human_untruncated_hierarchical_contribution
24356,spatial_spd,untruncated_hierarchical_contribution,human,-0.0076,Europe,Temperate,21.32222,40.55194,TMP,human_untruncated_hierarchical_contribution
1701,spatial_spd,untruncated_hierarchical_contribution,human,0.0411,North America,Cold - Warm Summer,-80.65972,43.225,CWS,human_untruncated_hierarchical_contribution
1707,spatial_spd,untruncated_hierarchical_contribution,human,0.1854,North America,Cold - Cold Summer,-110.23333,44.15,CCS,human_untruncated_hierarchical_contribution
23006,spatial_spd,untruncated_hierarchical_contribution,human,0.0247,Europe,Cold - Warm Summer,28,51.16061,CWS,human_untruncated_hierarchical_contribution
4154,spatial_spd,untruncated_hierarchical_contribution,human,0.0491,Europe,Cold - Warm Summer,17.28472,54.70694,CWS,human_untruncated_hierarchical_contribution
1761,spatial_spd,untruncated_hierarchical_contribution,human,0.1474,North America,Cold - Cold Summer,-107.68516,37.74574,CCS,human_untruncated_hierarchical_contribution
40582,spatial_spd,untruncated_hierarchical_contribution,human,0.0698,Europe,Polar,8.02556,46.38972,POL,human_untruncated_hierarchical_contribution
15130,spatial_spd,untruncated_hierarchical_contribution,human,0.023,Latin America,Temperate,-71.56608,-43.44371,TMP,human_untruncated_hierarchical_contribution
4041,spatial_spd,untruncated_hierarchical_contribution,human,0.1581,Europe,Cold - Cold Summer,6.16444,59.69702,CCS,human_untruncated_hierarchical_contribution
22812,spatial_spd,untruncated_hierarchical_contribution,human,0.1094,Europe,Cold - Warm Summer,25.89735,46.12662,CWS,human_untruncated_hierarchical_contribution
363,spatial_spd,untruncated_hierarchical_contribution,human,0.088,Europe,Cold - Warm Summer,26.43333,53.41667,CWS,human_untruncated_hierarchical_contribution
1646,spatial_spd,untruncated_hierarchical_contribution,human,0.1441,Latin America,Polar,-75.21667,-11.78333,POL,human_untruncated_hierarchical_contribution
1679,spatial_spd,untruncated_hierarchical_contribution,human,0.1106,Latin America,Polar,-75,-11.66667,POL,human_untruncated_hierarchical_contribution
1829,spatial_spd,untruncated_hierarchical_contribution,human,0.0551,North America,Cold - Warm Summer,-89.32389,48.42222,CWS,human_untruncated_hierarchical_contribution
3558,spatial_spd,untruncated_hierarchical_contribution,human,0.1072,North America,Cold - Hot Summer,-93.63376,45.03387,CHS,human_untruncated_hierarchical_contribution
14948,spatial_spd,untruncated_hierarchical_contribution,human,-0.0026,North America,Polar,-61.65087,66.62137,POL,human_untruncated_hierarchical_contribution
41399,spatial_spd,untruncated_hierarchical_contribution,human,-0.023,Europe,Cold - Warm Summer,10.30419,51.67243,CWS,human_untruncated_hierarchical_contribution
1670,spatial_spd,untruncated_hierarchical_contribution,human,0.0835,North America,Temperate,-131.76501,52.94582,TMP,human_untruncated_hierarchical_contribution
1393,spatial_spd,untruncated_hierarchical_contribution,human,-0.0163,North America,Cold - Cold Summer,-71.16278,47.25778,CCS,human_untruncated_hierarchical_contribution
42570,spatial_spd,untruncated_hierarchical_contribution,human,0.0719,Europe,Cold - Warm Summer,8.63721,48.72783,CWS,human_untruncated_hierarchical_contribution
46611,spatial_spd,untruncated_hierarchical_contribution,human,0.1211,North America,Cold - Cold Summer,-106.33846,41.43222,CCS,human_untruncated_hierarchical_contribution
1763,spatial_spd,untruncated_hierarchical_contribution,human,0.1199,North America,Cold - Warm Summer,-69.3,43.76667,CWS,human_untruncated_hierarchical_contribution
19901,spatial_spd,untruncated_hierarchical_contribution,human,0.0063,Europe,Cold - Warm Summer,14.44777,52.13391,CWS,human_untruncated_hierarchical_contribution
1980,spatial_spd,untruncated_hierarchical_contribution,human,0.0335,North America,Cold - Warm Summer,-78.46667,42.62222,CWS,human_untruncated_hierarchical_contribution
20001,spatial_spd,untruncated_hierarchical_contribution,human,0.1155,North America,Temperate - Dry Summer,-122.8844,47.93322,TDS,human_untruncated_hierarchical_contribution
973,spatial_spd,untruncated_hierarchical_contribution,human,0.1368,North America,Cold - Warm Summer,-77.35,45.18333,CWS,human_untruncated_hierarchical_contribution
1658,spatial_spd,untruncated_hierarchical_contribution,human,-0.0083,North America,Cold - Warm Summer,-71.70111,44.14,CWS,human_untruncated_hierarchical_contribution
22367,spatial_spd,untruncated_hierarchical_contribution,human,0.0455,Europe,Polar,20.078,49.15199,POL,human_untruncated_hierarchical_contribution
4545,spatial_spd,untruncated_hierarchical_contribution,human,-0.0064,Europe,Cold - Warm Summer,14.34266,49.07111,CWS,human_untruncated_hierarchical_contribution
15247,spatial_spd,untruncated_hierarchical_contribution,human,0.0181,Latin America,Temperate - Dry Winter,-73.33754,-13.62495,TDW,human_untruncated_hierarchical_contribution
15356,spatial_spd,untruncated_hierarchical_contribution,human,0.0651,North America,Cold - Cold Summer,-105.722,35.832,CCS,human_untruncated_hierarchical_contribution
14556,spatial_spd,untruncated_hierarchical_contribution,human,0.2225,Europe,Temperate,-9.48283,52.03879,TMP,human_untruncated_hierarchical_contribution
48777,spatial_spd,untruncated_hierarchical_contribution,human,0.0446,Europe,Temperate,8.77929,53.65498,TMP,human_untruncated_hierarchical_contribution
3054,spatial_spd,untruncated_hierarchical_contribution,human,0.1275,North America,Arid,-105.74761,37.70644,ARD,human_untruncated_hierarchical_contribution
776,spatial_spd,untruncated_hierarchical_contribution,human,0.1924,North America,Cold - Warm Summer,-71.66667,44.16667,CWS,human_untruncated_hierarchical_contribution
1880,spatial_spd,untruncated_hierarchical_contribution,human,-0.004,Latin America,Temperate,-74.41667,-49.13333,TMP,human_untruncated_hierarchical_contribution
4311,spatial_spd,untruncated_hierarchical_contribution,human,0.1187,Europe,Temperate,2.62278,45.45194,TMP,human_untruncated_hierarchical_contribution
48976,spatial_spd,untruncated_hierarchical_contribution,human,0.1443,Europe,Temperate,2.62278,45.45194,TMP,human_untruncated_hierarchical_contribution
3482,spatial_spd,untruncated_hierarchical_contribution,human,0.0687,North America,Cold - Warm Summer,-91.11546,48.13873,CWS,human_untruncated_hierarchical_contribution
15185,spatial_spd,untruncated_hierarchical_contribution,human,0.0785,North America,Cold - Cold Summer,-154.24697,67.06911,CCS,human_untruncated_hierarchical_contribution
21580,spatial_spd,untruncated_hierarchical_contribution,human,0.1055,Latin America,Tropical,-67.88893,-14.50063,TRO,human_untruncated_hierarchical_contribution
42681,spatial_spd,untruncated_hierarchical_contribution,human,0.0175,Europe,Cold - Warm Summer,8.34727,48.57351,CWS,human_untruncated_hierarchical_contribution
24319,spatial_spd,untruncated_hierarchical_contribution,human,-0.0201,Europe,Cold - Cold Summer,7.845,46.19556,CCS,human_untruncated_hierarchical_contribution
15734,spatial_spd,untruncated_hierarchical_contribution,human,0.0724,North America,Cold - Dry Summer,-120.66752,39.69878,CDS,human_untruncated_hierarchical_contribution
691,spatial_spd,untruncated_hierarchical_contribution,human,0.0788,North America,Cold - Cold Summer,-66.125,48.91083,CCS,human_untruncated_hierarchical_contribution
860,spatial_spd,untruncated_hierarchical_contribution,human,0.0289,North America,Cold - Warm Summer,-87.73333,44.05,CWS,human_untruncated_hierarchical_contribution
22745,spatial_spd,untruncated_hierarchical_contribution,human,0.0618,Europe,Cold - Cold Summer,-3.8,57.08333,CCS,human_untruncated_hierarchical_contribution
24321,spatial_spd,untruncated_hierarchical_contribution,human,0.1472,Europe,Cold - Warm Summer,7.99167,46.34111,CWS,human_untruncated_hierarchical_contribution
1604,spatial_spd,untruncated_hierarchical_contribution,human,-0.005,North America,Polar,-98.53889,73.59139,POL,human_untruncated_hierarchical_contribution
45349,spatial_spd,untruncated_hierarchical_contribution,human,0.0617,Europe,Cold - Cold Summer,9.87667,61.64917,CCS,human_untruncated_hierarchical_contribution
294,spatial_spd,untruncated_hierarchical_contribution,human,0.0032,Latin America,Temperate,-49.15,-27.7,TMP,human_untruncated_hierarchical_contribution
21917,spatial_spd,untruncated_hierarchical_contribution,human,-0.045,Latin America,Polar,-74.16112,3.97973,POL,human_untruncated_hierarchical_contribution
24042,spatial_spd,untruncated_hierarchical_contribution,human,0.0184,Europe,Cold - Warm Summer,12.54137,49.60793,CWS,human_untruncated_hierarchical_contribution
48984,spatial_spd,untruncated_hierarchical_contribution,human,0.0035,Europe,Cold - Warm Summer,6.59417,44.91889,CWS,human_untruncated_hierarchical_contribution
672,spatial_spd,untruncated_hierarchical_contribution,human,0.1692,North America,Cold - Warm Summer,-80.36667,43.23333,CWS,human_untruncated_hierarchical_contribution
15732,spatial_spd,untruncated_hierarchical_contribution,human,0.0093,North America,Cold - Warm Summer,-75.88531,44.33091,CWS,human_untruncated_hierarchical_contribution
45713,spatial_spd,untruncated_hierarchical_contribution,human,0.092,Europe,Cold - Cold Summer,7.2514,59.79573,CCS,human_untruncated_hierarchical_contribution
1390,spatial_spd,untruncated_hierarchical_contribution,human,-0.0088,North America,Cold - Cold Summer,-157.21667,66.76667,CCS,human_untruncated_hierarchical_contribution
2671,spatial_spd,untruncated_hierarchical_contribution,human,0.0284,North America,Cold - Cold Summer,-65.76278,49.15778,CCS,human_untruncated_hierarchical_contribution
16075,spatial_spd,untruncated_hierarchical_contribution,human,-0.0032,North America,Cold - Dry Summer,-122.1965,41.6343,CDS,human_untruncated_hierarchical_contribution
4367,spatial_spd,untruncated_hierarchical_contribution,human,0.0153,Europe,Cold - Warm Summer,-3.01667,42.03333,CWS,human_untruncated_hierarchical_contribution
19820,spatial_spd,untruncated_hierarchical_contribution,human,0.0757,North America,Temperate - Dry Summer,-122.90448,48.60335,TDS,human_untruncated_hierarchical_contribution
22894,spatial_spd,untruncated_hierarchical_contribution,human,-0.0166,Europe,Cold - Cold Summer,23.53957,47.80747,CCS,human_untruncated_hierarchical_contribution
2645,spatial_spd,untruncated_hierarchical_contribution,human,0.1269,North America,Cold - Hot Summer,-71.03333,41.95,CHS,human_untruncated_hierarchical_contribution
22890,spatial_spd,untruncated_hierarchical_contribution,human,0.0334,Europe,Cold - Warm Summer,7.68611,46.85083,CWS,human_untruncated_hierarchical_contribution
253,spatial_spd,untruncated_hierarchical_contribution,human,8e-4,North America,Cold - Cold Summer,-127.48333,65.01667,CCS,human_untruncated_hierarchical_contribution
2647,spatial_spd,untruncated_hierarchical_contribution,human,-0.0012,North America,Cold - Cold Summer,-114.60076,50.81468,CCS,human_untruncated_hierarchical_contribution
13097,spatial_spd,untruncated_hierarchical_contribution,human,0.0718,North America,Cold - Warm Summer,-89.32331,46.21253,CWS,human_untruncated_hierarchical_contribution
15789,spatial_spd,untruncated_hierarchical_contribution,human,0.0277,North America,Polar,-120.453,73.4658,POL,human_untruncated_hierarchical_contribution
221,spatial_spd,untruncated_hierarchical_contribution,human,0.1056,North America,Cold - Warm Summer,-79.51,45.38,CWS,human_untruncated_hierarchical_contribution
15132,spatial_spd,untruncated_hierarchical_contribution,human,0.0038,Latin America,Temperate,-71.49835,-41.07352,TMP,human_untruncated_hierarchical_contribution
1814,spatial_spd,untruncated_hierarchical_contribution,human,0.1297,North America,Cold - Warm Summer,-70.20833,41.28333,CWS,human_untruncated_hierarchical_contribution
22936,spatial_spd,untruncated_hierarchical_contribution,human,0.0157,Europe,Cold - Warm Summer,17.17028,46.77444,CWS,human_untruncated_hierarchical_contribution
3041,spatial_spd,untruncated_hierarchical_contribution,human,0.1965,North America,Cold - Warm Summer,-80.4,43.9,CWS,human_untruncated_hierarchical_contribution
24057,spatial_spd,untruncated_hierarchical_contribution,human,0.054,Europe,Polar,11.43005,46.66528,POL,human_untruncated_hierarchical_contribution
1630,spatial_spd,untruncated_hierarchical_contribution,human,0.1127,Oceania,Temperate,149.37407,-35.19934,TMP,human_untruncated_hierarchical_contribution
2622,spatial_spd,untruncated_hierarchical_contribution,human,0.046,North America,Cold - Cold Summer,-132.01667,67.65,CCS,human_untruncated_hierarchical_contribution
40875,spatial_spd,untruncated_hierarchical_contribution,human,0.1688,North America,Cold - Warm Summer,-73.439,42.1062,CWS,human_untruncated_hierarchical_contribution
2888,spatial_spd,untruncated_hierarchical_contribution,human,-0.0165,North America,Cold - Warm Summer,-95.30694,46.18444,CWS,human_untruncated_hierarchical_contribution
17400,spatial_spd,untruncated_hierarchical_contribution,human,0.0474,North America,Polar,-121.44339,69.07635,POL,human_untruncated_hierarchical_contribution
24190,spatial_spd,untruncated_hierarchical_contribution,human,0.0038,Europe,Cold - Cold Summer,8.02306,46.2525,CCS,human_untruncated_hierarchical_contribution
20034,spatial_spd,untruncated_hierarchical_contribution,human,0.0253,Europe,Cold - Cold Summer,20.71667,69.16667,CCS,human_untruncated_hierarchical_contribution
1030,spatial_spd,untruncated_hierarchical_contribution,human,0.0217,North America,Cold - Cold Summer,-110.6,43.75,CCS,human_untruncated_hierarchical_contribution
1961,spatial_spd,untruncated_hierarchical_contribution,human,0.0768,North America,Cold - Warm Summer,-70.35,44.03333,CWS,human_untruncated_hierarchical_contribution
41025,spatial_spd,untruncated_hierarchical_contribution,human,-0.0225,North America,Cold - Hot Summer,-70.883,42.4819,CHS,human_untruncated_hierarchical_contribution
2644,spatial_spd,untruncated_hierarchical_contribution,human,0.0701,North America,Cold - Dry Summer,-119.25833,37.90833,CDS,human_untruncated_hierarchical_contribution
1897,spatial_spd,untruncated_hierarchical_contribution,human,-0.0399,North America,Cold - Hot Summer,-93.9,42.16,CHS,human_untruncated_hierarchical_contribution
2378,spatial_spd,untruncated_hierarchical_contribution,human,0.0995,North America,Cold - Warm Summer,-72.58472,45.35889,CWS,human_untruncated_hierarchical_contribution
1650,spatial_spd,untruncated_hierarchical_contribution,human,0.0541,North America,Cold - Cold Summer,-56.43333,52.45,CCS,human_untruncated_hierarchical_contribution
15309,spatial_spd,untruncated_hierarchical_contribution,human,0.009,North America,Cold - Warm Summer,-84.85905,46.34522,CWS,human_untruncated_hierarchical_contribution
355,spatial_spd,untruncated_hierarchical_contribution,human,0.0515,Latin America,Polar,-68.15,-16.36667,POL,human_untruncated_hierarchical_contribution
2351,spatial_spd,untruncated_hierarchical_contribution,human,0.0494,North America,Cold - Cold Summer,-151.41667,67.58333,CCS,human_untruncated_hierarchical_contribution
46457,spatial_spd,untruncated_hierarchical_contribution,human,-0.0159,Europe,Cold - Cold Summer,29.14831,60.68702,CCS,human_untruncated_hierarchical_contribution
1656,spatial_spd,untruncated_hierarchical_contribution,human,0.1271,North America,Cold - Cold Summer,-112.48083,54.72528,CCS,human_untruncated_hierarchical_contribution
3031,spatial_spd,untruncated_hierarchical_contribution,human,0.0782,North America,Cold - Hot Summer,-93.57713,45.00181,CHS,human_untruncated_hierarchical_contribution
41222,spatial_spd,untruncated_hierarchical_contribution,human,0.0314,Europe,Temperate,-1.72583,50.82778,TMP,human_untruncated_hierarchical_contribution
23008,spatial_spd,untruncated_hierarchical_contribution,human,0.005,Europe,Cold - Warm Summer,24.63324,50.3413,CWS,human_untruncated_hierarchical_contribution
20306,spatial_spd,untruncated_hierarchical_contribution,human,0.0586,North America,Arid,-110.82347,45.25707,ARD,human_untruncated_hierarchical_contribution
543,spatial_spd,untruncated_hierarchical_contribution,human,0.1591,North America,Cold - Cold Summer,-110.6,44.65,CCS,human_untruncated_hierarchical_contribution
4147,spatial_spd,untruncated_hierarchical_contribution,human,0.0594,Europe,Temperate,21.56513,40.59702,TMP,human_untruncated_hierarchical_contribution
17406,spatial_spd,untruncated_hierarchical_contribution,human,0.1004,North America,Cold - Warm Summer,-88.86157,46.61375,CWS,human_untruncated_hierarchical_contribution
48935,spatial_spd,untruncated_hierarchical_contribution,human,0.0055,Europe,Arid,-3.93936,41.95209,ARD,human_untruncated_hierarchical_contribution
40861,spatial_spd,untruncated_hierarchical_contribution,human,0.0584,North America,Cold - Hot Summer,-72.5127,42.5656,CHS,human_untruncated_hierarchical_contribution
39474,spatial_spd,untruncated_hierarchical_contribution,human,0.2299,North America,Cold - Warm Summer,-69.06376,46.31685,CWS,human_untruncated_hierarchical_contribution
48361,spatial_spd,untruncated_hierarchical_contribution,human,-0.0158,North America,Cold - Dry Summer,-150.89721,60.5885,CDS,human_untruncated_hierarchical_contribution
25,spatial_spd,untruncated_hierarchical_contribution,human,0.0793,North America,Cold - Cold Summer,-57.03333,52.51667,CCS,human_untruncated_hierarchical_contribution
1107,spatial_spd,untruncated_hierarchical_contribution,human,-0.0454,North America,Polar,-138.4,64.63333,POL,human_untruncated_hierarchical_contribution
14289,spatial_spd,untruncated_hierarchical_contribution,human,0.1012,Europe,Temperate,-10.16866,52.19109,TMP,human_untruncated_hierarchical_contribution
25767,spatial_spd,untruncated_hierarchical_contribution,human,0.0163,Europe,Polar,11.16667,47.08333,POL,human_untruncated_hierarchical_contribution
22678,spatial_spd,untruncated_hierarchical_contribution,human,-0.0526,Europe,Cold - Warm Summer,-3.04588,42.04363,CWS,human_untruncated_hierarchical_contribution
16231,spatial_spd,untruncated_hierarchical_contribution,human,0.1062,North America,Cold - Warm Summer,-77.34,46.03,CWS,human_untruncated_hierarchical_contribution
2590,spatial_spd,untruncated_hierarchical_contribution,human,-0.0206,North America,Cold - Cold Summer,-119.58333,55.51139,CCS,human_untruncated_hierarchical_contribution
17381,spatial_spd,untruncated_hierarchical_contribution,human,-0.0167,North America,Cold - Cold Summer,-145.54198,63.98555,CCS,human_untruncated_hierarchical_contribution
2599,spatial_spd,untruncated_hierarchical_contribution,human,0.0403,North America,Cold - Dry Summer,-119.0675,37.6625,CDS,human_untruncated_hierarchical_contribution
4397,spatial_spd,untruncated_hierarchical_contribution,human,0.0874,Europe,Cold - Warm Summer,17.35631,52.54984,CWS,human_untruncated_hierarchical_contribution
15292,spatial_spd,untruncated_hierarchical_contribution,human,0.1172,North America,Cold - Warm Summer,-78.05134,43.08732,CWS,human_untruncated_hierarchical_contribution
15306,spatial_spd,untruncated_hierarchical_contribution,human,0.017,Latin America,Polar,-71.88616,-52.03906,POL,human_untruncated_hierarchical_contribution
3500,spatial_spd,untruncated_hierarchical_contribution,human,0.164,North America,Temperate,-97.11667,30.36667,TMP,human_untruncated_hierarchical_contribution
4330,spatial_spd,untruncated_hierarchical_contribution,human,-0.0241,Europe,Cold - Warm Summer,10.21472,44.29861,CWS,human_untruncated_hierarchical_contribution
2476,spatial_spd,untruncated_hierarchical_contribution,human,-0.0395,North America,Cold - Cold Summer,-133.58333,69.28333,CCS,human_untruncated_hierarchical_contribution
21700,spatial_spd,untruncated_hierarchical_contribution,human,0.1268,Latin America,Temperate,-76.70941,2.36575,TMP,human_untruncated_hierarchical_contribution
2382,spatial_spd,untruncated_hierarchical_contribution,human,0.0123,North America,Cold - Warm Summer,-81.41667,45.15,CWS,human_untruncated_hierarchical_contribution
24593,spatial_spd,untruncated_hierarchical_contribution,human,0.203,Europe,Temperate,-0.41639,47.96944,TMP,human_untruncated_hierarchical_contribution
2343,spatial_spd,untruncated_hierarchical_contribution,human,0.0469,North America,Cold - Warm Summer,-74.39583,46.17194,CWS,human_untruncated_hierarchical_contribution
4501,spatial_spd,untruncated_hierarchical_contribution,human,-0.0055,Europe,Cold - Cold Summer,13.9,47.17222,CCS,human_untruncated_hierarchical_contribution
41756,spatial_spd,untruncated_hierarchical_contribution,human,-0.0221,Europe,Cold - Cold Summer,13.9,47.17222,CCS,human_untruncated_hierarchical_contribution
22689,spatial_spd,untruncated_hierarchical_contribution,human,-0.0092,Europe,Cold - Warm Summer,13.05639,52.52444,CWS,human_untruncated_hierarchical_contribution
20883,spatial_spd,untruncated_hierarchical_contribution,human,-0.0526,North America,Cold - Dry Summer,-114.68645,46.51545,CDS,human_untruncated_hierarchical_contribution
15136,spatial_spd,untruncated_hierarchical_contribution,human,0.0302,North America,Cold - Warm Summer,-98.95643,48.06397,CWS,human_untruncated_hierarchical_contribution
20616,spatial_spd,untruncated_hierarchical_contribution,human,0.1061,North America,Cold - Cold Summer,-107.34939,39.7626,CCS,human_untruncated_hierarchical_contribution
3926,spatial_spd,untruncated_hierarchical_contribution,human,0.0764,Europe,Polar,23.52349,41.73224,POL,human_untruncated_hierarchical_contribution
45379,spatial_spd,untruncated_hierarchical_contribution,human,0.1307,Europe,Cold - Warm Summer,24.43111,59.175,CWS,human_untruncated_hierarchical_contribution
21770,spatial_spd,untruncated_hierarchical_contribution,human,0.0789,North America,Temperate,-132.97333,53.53167,TMP,human_untruncated_hierarchical_contribution
25773,spatial_spd,untruncated_hierarchical_contribution,human,0.1235,Europe,Cold - Warm Summer,12.35416,47.47138,CWS,human_untruncated_hierarchical_contribution
4256,spatial_spd,untruncated_hierarchical_contribution,human,0.0117,Europe,Temperate - Dry Summer,12.31566,42.11227,TDS,human_untruncated_hierarchical_contribution
1782,spatial_spd,untruncated_hierarchical_contribution,human,0.2449,North America,Cold - Hot Summer,-95.51333,39.53,CHS,human_untruncated_hierarchical_contribution
2620,spatial_spd,untruncated_hierarchical_contribution,human,0.1255,North America,Arid,-102.51851,41.71443,ARD,human_untruncated_hierarchical_contribution
4024,spatial_spd,untruncated_hierarchical_contribution,human,-0.0701,Europe,Cold - Cold Summer,13.86667,47.16667,CCS,human_untruncated_hierarchical_contribution
489,spatial_spd,untruncated_hierarchical_contribution,human,-0.0557,North America,Cold - Hot Summer,-93.47756,43.109,CHS,human_untruncated_hierarchical_contribution
24256,spatial_spd,untruncated_hierarchical_contribution,human,0.0545,Europe,Cold - Warm Summer,14.60392,49.22231,CWS,human_untruncated_hierarchical_contribution
1716,spatial_spd,untruncated_hierarchical_contribution,human,0.0756,North America,Cold - Warm Summer,-72.83778,46.78778,CWS,human_untruncated_hierarchical_contribution
26431,spatial_spd,untruncated_hierarchical_contribution,human,0.0242,Europe,Cold - Warm Summer,13.27474,47.8042,CWS,human_untruncated_hierarchical_contribution
17296,spatial_spd,untruncated_hierarchical_contribution,human,0.0451,North America,Cold - Cold Summer,-113.6522,42.3189,CCS,human_untruncated_hierarchical_contribution
19266,spatial_spd,untruncated_hierarchical_contribution,human,0.0134,North America,Polar,-171.61263,63.63742,POL,human_untruncated_hierarchical_contribution
15872,spatial_spd,untruncated_hierarchical_contribution,human,0.0277,North America,Temperate,-130.94579,54.475,TMP,human_untruncated_hierarchical_contribution
537,spatial_spd,untruncated_hierarchical_contribution,human,0.1991,Latin America,Polar,-68.04167,-16.35,POL,human_untruncated_hierarchical_contribution
47011,spatial_spd,untruncated_hierarchical_contribution,human,0.1299,Latin America,Temperate,-79.15958,-4.04586,TMP,human_untruncated_hierarchical_contribution
14951,spatial_spd,untruncated_hierarchical_contribution,human,1e-4,North America,Cold - Dry Summer,-112.14744,36.3709,CDS,human_untruncated_hierarchical_contribution
15420,spatial_spd,untruncated_hierarchical_contribution,human,0.11,North America,Polar,-129.83681,58.89001,POL,human_untruncated_hierarchical_contribution
3138,spatial_spd,untruncated_hierarchical_contribution,human,0.0668,North America,Cold - Warm Summer,-92.71694,46.41694,CWS,human_untruncated_hierarchical_contribution
1691,spatial_spd,untruncated_hierarchical_contribution,human,0.0728,North America,Cold - Cold Summer,-70.97639,47.59722,CCS,human_untruncated_hierarchical_contribution
22660,spatial_spd,untruncated_hierarchical_contribution,human,0.086,Europe,Cold - Cold Summer,10.27778,46.77611,CCS,human_untruncated_hierarchical_contribution
4148,spatial_spd,untruncated_hierarchical_contribution,human,0.0013,Europe,Temperate,21.58611,40.6125,TMP,human_untruncated_hierarchical_contribution
206,spatial_spd,untruncated_hierarchical_contribution,human,0.0437,North America,Polar,-128.08333,64.65,POL,human_untruncated_hierarchical_contribution
1105,spatial_spd,untruncated_hierarchical_contribution,human,0.1343,North America,Cold - Warm Summer,-76.6,44.51667,CWS,human_untruncated_hierarchical_contribution
1524,spatial_spd,untruncated_hierarchical_contribution,human,0.1587,North America,Cold - Warm Summer,-87.455,45.66667,CWS,human_untruncated_hierarchical_contribution
2652,spatial_spd,untruncated_hierarchical_contribution,human,-0.004,North America,Polar,-118.36667,52.73333,POL,human_untruncated_hierarchical_contribution
47590,spatial_spd,untruncated_hierarchical_contribution,human,0.0786,Europe,Temperate - Dry Summer,14.39575,37.90121,TDS,human_untruncated_hierarchical_contribution
48072,spatial_spd,untruncated_hierarchical_contribution,human,0.0073,Europe,Cold - Warm Summer,15.86933,49.63707,CWS,human_untruncated_hierarchical_contribution
20872,spatial_spd,untruncated_hierarchical_contribution,human,0.0907,North America,Cold - Cold Summer,-145.40886,66.06742,CCS,human_untruncated_hierarchical_contribution
209,spatial_spd,untruncated_hierarchical_contribution,human,0.0661,North America,Cold - Cold Summer,-70.68472,47.48167,CCS,human_untruncated_hierarchical_contribution
2065,spatial_spd,untruncated_hierarchical_contribution,human,0.1316,North America,Cold - Warm Summer,-101.55238,48.00267,CWS,human_untruncated_hierarchical_contribution
25318,spatial_spd,untruncated_hierarchical_contribution,human,-0.0112,Europe,Temperate,4.03528,47.2275,TMP,human_untruncated_hierarchical_contribution
4485,spatial_spd,untruncated_hierarchical_contribution,human,0.0139,Europe,Cold - Warm Summer,22.83333,42.36667,CWS,human_untruncated_hierarchical_contribution
1674,spatial_spd,untruncated_hierarchical_contribution,human,0.0066,Latin America,Polar,-75.25,-11.75,POL,human_untruncated_hierarchical_contribution
20372,spatial_spd,untruncated_hierarchical_contribution,human,0.0259,North America,Cold - Dry Summer,-150.84949,60.7794,CDS,human_untruncated_hierarchical_contribution
41543,spatial_spd,untruncated_hierarchical_contribution,human,0.0654,Europe,Temperate - Dry Summer,12.65,37.6,TDS,human_untruncated_hierarchical_contribution
41469,spatial_spd,untruncated_hierarchical_contribution,human,0.0404,Europe,Cold - Warm Summer,7.66823,47.16969,CWS,human_untruncated_hierarchical_contribution
1773,spatial_spd,untruncated_hierarchical_contribution,human,0.1007,North America,Cold - Warm Summer,-68.63917,44.6275,CWS,human_untruncated_hierarchical_contribution
254,spatial_spd,untruncated_hierarchical_contribution,human,0.28,North America,Cold - Warm Summer,-77.91667,42.25,CWS,human_untruncated_hierarchical_contribution
1693,spatial_spd,untruncated_hierarchical_contribution,human,-0.0174,North America,Cold - Cold Summer,-117.61667,52.73333,CCS,human_untruncated_hierarchical_contribution
45188,spatial_spd,untruncated_hierarchical_contribution,human,0.0222,Europe,Temperate - Dry Summer,-6.20972,40.54667,TDS,human_untruncated_hierarchical_contribution
1981,spatial_spd,untruncated_hierarchical_contribution,human,0.1081,North America,Cold - Warm Summer,-64.8,47.075,CWS,human_untruncated_hierarchical_contribution
4279,spatial_spd,untruncated_hierarchical_contribution,human,0.1388,Europe,Temperate,-3.4325,56.9975,TMP,human_untruncated_hierarchical_contribution
22759,spatial_spd,untruncated_hierarchical_contribution,human,0.0617,Europe,Cold - Warm Summer,19.34039,52.58302,CWS,human_untruncated_hierarchical_contribution
2882,spatial_spd,untruncated_hierarchical_contribution,human,0.0281,North America,Cold - Cold Summer,-135.65556,66.05,CCS,human_untruncated_hierarchical_contribution
1577,spatial_spd,untruncated_hierarchical_contribution,human,0.094,Europe,Temperate,-6.14159,43.03849,TMP,human_untruncated_hierarchical_contribution
20515,spatial_spd,untruncated_hierarchical_contribution,human,0.0786,North America,Cold - Hot Summer,-74.6445,41.09362,CHS,human_untruncated_hierarchical_contribution
2265,spatial_spd,untruncated_hierarchical_contribution,human,0.0782,North America,Cold - Warm Summer,-65.26694,48.05194,CWS,human_untruncated_hierarchical_contribution
2925,spatial_spd,untruncated_hierarchical_contribution,human,0.0122,North America,Polar,-117.08333,52.78333,POL,human_untruncated_hierarchical_contribution
17334,spatial_spd,untruncated_hierarchical_contribution,human,0.1803,Europe,Temperate,-6.38992,52.99702,TMP,human_untruncated_hierarchical_contribution
47005,spatial_spd,untruncated_hierarchical_contribution,human,0.1775,Europe,Temperate,-6.38992,52.99702,TMP,human_untruncated_hierarchical_contribution
40799,spatial_spd,untruncated_hierarchical_contribution,human,0.0136,North America,Cold - Warm Summer,-71.96321,42.07833,CWS,human_untruncated_hierarchical_contribution
41585,spatial_spd,untruncated_hierarchical_contribution,human,0.1053,North America,Polar,-124.60509,58.39351,POL,human_untruncated_hierarchical_contribution
15302,spatial_spd,untruncated_hierarchical_contribution,human,0.0874,North America,Cold - Hot Summer,-89.5975,43.79768,CHS,human_untruncated_hierarchical_contribution
40854,spatial_spd,untruncated_hierarchical_contribution,human,0.0582,North America,Cold - Hot Summer,-72.7028,42.1747,CHS,human_untruncated_hierarchical_contribution
2615,spatial_spd,untruncated_hierarchical_contribution,human,0.1869,North America,Cold - Warm Summer,-122.56279,49.31934,CWS,human_untruncated_hierarchical_contribution
14884,spatial_spd,untruncated_hierarchical_contribution,human,-0.0131,North America,Cold - Cold Summer,-114.26438,45.8906,CCS,human_untruncated_hierarchical_contribution
856,spatial_spd,untruncated_hierarchical_contribution,human,-0.0062,North America,Cold - Cold Summer,-84.93,48.21,CCS,human_untruncated_hierarchical_contribution
12,spatial_spd,untruncated_hierarchical_contribution,human,0.1196,Europe,Cold - Warm Summer,13.41701,55.92856,CWS,human_untruncated_hierarchical_contribution
1820,spatial_spd,untruncated_hierarchical_contribution,human,0.1273,North America,Cold - Warm Summer,-79.45,45.21667,CWS,human_untruncated_hierarchical_contribution
15929,spatial_spd,untruncated_hierarchical_contribution,human,0.1468,North America,Cold - Warm Summer,-78,43,CWS,human_untruncated_hierarchical_contribution
41842,spatial_spd,untruncated_hierarchical_contribution,human,0.0458,Europe,Polar,7.97395,46.39429,POL,human_untruncated_hierarchical_contribution
45387,spatial_spd,untruncated_hierarchical_contribution,human,0.159,Europe,Cold - Warm Summer,26.01389,59.45139,CWS,human_untruncated_hierarchical_contribution
15142,spatial_spd,untruncated_hierarchical_contribution,human,0.0872,North America,Cold - Hot Summer,-70.77813,41.92418,CHS,human_untruncated_hierarchical_contribution
852,spatial_spd,untruncated_hierarchical_contribution,human,0.059,North America,Temperate,-71.575,41.15833,TMP,human_untruncated_hierarchical_contribution
4269,spatial_spd,untruncated_hierarchical_contribution,human,0.0134,Europe,Cold - Warm Summer,14.77529,48.99944,CWS,human_untruncated_hierarchical_contribution
25370,spatial_spd,untruncated_hierarchical_contribution,human,0.2402,Europe,Temperate,4.12278,47.31778,TMP,human_untruncated_hierarchical_contribution
25221,spatial_spd,untruncated_hierarchical_contribution,human,0.1486,Europe,Temperate,2.33722,45.69639,TMP,human_untruncated_hierarchical_contribution
41018,spatial_spd,untruncated_hierarchical_contribution,human,0.055,North America,Temperate,-70.66628,41.4316,TMP,human_untruncated_hierarchical_contribution
21774,spatial_spd,untruncated_hierarchical_contribution,human,0.1351,North America,Temperate,-127.0722,50.5725,TMP,human_untruncated_hierarchical_contribution
4012,spatial_spd,untruncated_hierarchical_contribution,human,0.0083,Europe,Temperate,-1.09648,60.38736,TMP,human_untruncated_hierarchical_contribution
41241,spatial_spd,untruncated_hierarchical_contribution,human,0.0038,Europe,Temperate,-4.43026,55.09344,TMP,human_untruncated_hierarchical_contribution
41499,spatial_spd,untruncated_hierarchical_contribution,human,0.0373,North America,Cold - Dry Summer,-140.90574,67.90308,CDS,human_untruncated_hierarchical_contribution
47564,spatial_spd,untruncated_hierarchical_contribution,human,0.0977,Latin America,Tropical,-65.98614,-12.99739,TRO,human_untruncated_hierarchical_contribution
778,spatial_spd,untruncated_hierarchical_contribution,human,0.0286,North America,Cold - Cold Summer,-112.1,57.76667,CCS,human_untruncated_hierarchical_contribution
4320,spatial_spd,untruncated_hierarchical_contribution,human,0.1101,Europe,Cold - Warm Summer,23.95667,51.69667,CWS,human_untruncated_hierarchical_contribution
42566,spatial_spd,untruncated_hierarchical_contribution,human,0.1704,Europe,Cold - Warm Summer,8.63721,48.72783,CWS,human_untruncated_hierarchical_contribution
2342,spatial_spd,untruncated_hierarchical_contribution,human,0.0751,North America,Cold - Warm Summer,-74.46694,46.05778,CWS,human_untruncated_hierarchical_contribution
3871,spatial_spd,untruncated_hierarchical_contribution,human,-0.0076,Europe,Temperate,5.28333,45.79083,TMP,human_untruncated_hierarchical_contribution
41228,spatial_spd,untruncated_hierarchical_contribution,human,-0.0097,Europe,Temperate,-3.80472,51.12028,TMP,human_untruncated_hierarchical_contribution
46659,spatial_spd,untruncated_hierarchical_contribution,human,0.0117,North America,Polar,-109.50237,44.93454,POL,human_untruncated_hierarchical_contribution
24441,spatial_spd,untruncated_hierarchical_contribution,human,-0.0209,Europe,Cold - Warm Summer,3.65,44.46667,CWS,human_untruncated_hierarchical_contribution
40795,spatial_spd,untruncated_hierarchical_contribution,human,0.0941,North America,Cold - Warm Summer,-70.79309,41.32761,CWS,human_untruncated_hierarchical_contribution
21915,spatial_spd,untruncated_hierarchical_contribution,human,0.1217,Latin America,Tropical,-76.52225,3.10116,TRO,human_untruncated_hierarchical_contribution
14523,spatial_spd,untruncated_hierarchical_contribution,human,0.0782,Europe,Temperate,-9.72556,53.9498,TMP,human_untruncated_hierarchical_contribution
25344,spatial_spd,untruncated_hierarchical_contribution,human,0.1926,Europe,Temperate,4.04861,47.20333,TMP,human_untruncated_hierarchical_contribution
41502,spatial_spd,untruncated_hierarchical_contribution,human,0.0313,Europe,Temperate,-8.3499,55.0224,TMP,human_untruncated_hierarchical_contribution
772,spatial_spd,untruncated_hierarchical_contribution,human,0.061,North America,Cold - Warm Summer,-70.0018,41.9316,CWS,human_untruncated_hierarchical_contribution
46645,spatial_spd,untruncated_hierarchical_contribution,human,0.018,North America,Cold - Cold Summer,-107.38399,44.39092,CCS,human_untruncated_hierarchical_contribution
3452,spatial_spd,untruncated_hierarchical_contribution,human,0.1156,North America,Cold - Warm Summer,-90.35,45.3,CWS,human_untruncated_hierarchical_contribution
3910,spatial_spd,untruncated_hierarchical_contribution,human,-0.0317,Europe,Temperate,-2.05,43.03333,TMP,human_untruncated_hierarchical_contribution
48735,spatial_spd,untruncated_hierarchical_contribution,human,0.0901,Europe,Cold - Cold Summer,13.40649,49.01398,CCS,human_untruncated_hierarchical_contribution
48614,spatial_spd,untruncated_hierarchical_contribution,human,0.0106,Latin America,Temperate,-79.11153,-4.37461,TMP,human_untruncated_hierarchical_contribution
22352,spatial_spd,untruncated_hierarchical_contribution,human,-0.0671,Europe,Cold - Warm Summer,13.83582,48.89954,CWS,human_untruncated_hierarchical_contribution
15876,spatial_spd,untruncated_hierarchical_contribution,human,-0.0319,North America,Arid,-119.96,35.935,ARD,human_untruncated_hierarchical_contribution
45710,spatial_spd,untruncated_hierarchical_contribution,human,0.1917,Europe,Cold - Cold Summer,7.53886,59.66874,CCS,human_untruncated_hierarchical_contribution
17945,spatial_spd,untruncated_hierarchical_contribution,human,0.0314,North America,Cold - Warm Summer,-132.95774,56.80046,CWS,human_untruncated_hierarchical_contribution
15719,spatial_spd,untruncated_hierarchical_contribution,human,-0.024,North America,Polar,-61.796,66.66,POL,human_untruncated_hierarchical_contribution
2955,spatial_spd,untruncated_hierarchical_contribution,human,0.0733,North America,Polar,-117.21667,52.24167,POL,human_untruncated_hierarchical_contribution
22910,spatial_spd,untruncated_hierarchical_contribution,human,0.286,Europe,Cold - Warm Summer,17.255,47.21583,CWS,human_untruncated_hierarchical_contribution
16061,spatial_spd,untruncated_hierarchical_contribution,human,-0.0035,North America,Cold - Dry Summer,-122.4984,41.20586,CDS,human_untruncated_hierarchical_contribution
549,spatial_spd,untruncated_hierarchical_contribution,human,-0.0227,North America,Cold - Cold Summer,-69.4,54.88333,CCS,human_untruncated_hierarchical_contribution
45719,spatial_spd,untruncated_hierarchical_contribution,human,0.1278,Europe,Cold - Warm Summer,7.73221,58.53704,CWS,human_untruncated_hierarchical_contribution
2610,spatial_spd,untruncated_hierarchical_contribution,human,0.1206,North America,Cold - Warm Summer,-52.66667,47.61667,CWS,human_untruncated_hierarchical_contribution
20838,spatial_spd,untruncated_hierarchical_contribution,human,0.0071,North America,Cold - Cold Summer,-111.57316,38.07195,CCS,human_untruncated_hierarchical_contribution
24390,spatial_spd,untruncated_hierarchical_contribution,human,0.0153,Europe,Temperate - Dry Summer,20.83333,38.86667,TDS,human_untruncated_hierarchical_contribution
21319,spatial_spd,untruncated_hierarchical_contribution,human,0.0365,North America,Cold - Cold Summer,-65.41466,48.70971,CCS,human_untruncated_hierarchical_contribution
15740,spatial_spd,untruncated_hierarchical_contribution,human,0.0725,North America,Cold - Warm Summer,-91.19975,46.30638,CWS,human_untruncated_hierarchical_contribution
16275,spatial_spd,untruncated_hierarchical_contribution,human,0.0255,North America,Cold - Cold Summer,-91.37583,52.52949,CCS,human_untruncated_hierarchical_contribution
2303,spatial_spd,untruncated_hierarchical_contribution,human,0.016,North America,Polar,-95.06667,72.58333,POL,human_untruncated_hierarchical_contribution
1574,spatial_spd,untruncated_hierarchical_contribution,human,0.0319,North America,Cold - Hot Summer,-84.75,41.41667,CHS,human_untruncated_hierarchical_contribution
2962,spatial_spd,untruncated_hierarchical_contribution,human,0.0382,North America,Cold - Cold Summer,-114.15,59.25,CCS,human_untruncated_hierarchical_contribution
1780,spatial_spd,untruncated_hierarchical_contribution,human,0.0945,North America,Cold - Cold Summer,-141.96667,60.03333,CCS,human_untruncated_hierarchical_contribution
22797,spatial_spd,untruncated_hierarchical_contribution,human,0.0882,Europe,Cold - Cold Summer,8.01139,46.23111,CCS,human_untruncated_hierarchical_contribution
2318,spatial_spd,untruncated_hierarchical_contribution,human,0.0989,North America,Cold - Warm Summer,-85.17917,46.13194,CWS,human_untruncated_hierarchical_contribution
20,spatial_spd,untruncated_hierarchical_contribution,human,0.1144,Europe,Cold - Cold Summer,27.67406,69.12326,CCS,human_untruncated_hierarchical_contribution
2919,spatial_spd,untruncated_hierarchical_contribution,human,0.1146,North America,Cold - Hot Summer,-88.18475,42.35154,CHS,human_untruncated_hierarchical_contribution
20758,spatial_spd,untruncated_hierarchical_contribution,human,0.0319,North America,Temperate - Dry Summer,-123.461,42.021,TDS,human_untruncated_hierarchical_contribution
24097,spatial_spd,untruncated_hierarchical_contribution,human,-0.0414,Europe,Cold - Warm Summer,17.19626,48.97602,CWS,human_untruncated_hierarchical_contribution
501,spatial_spd,untruncated_hierarchical_contribution,human,0.0301,North America,Cold - Cold Summer,-56.19639,50.03417,CCS,human_untruncated_hierarchical_contribution
1848,spatial_spd,untruncated_hierarchical_contribution,human,0.139,North America,Cold - Warm Summer,-77.41667,40.8,CWS,human_untruncated_hierarchical_contribution
45385,spatial_spd,untruncated_hierarchical_contribution,human,0.0293,Europe,Cold - Warm Summer,26.01389,59.45139,CWS,human_untruncated_hierarchical_contribution
2908,spatial_spd,untruncated_hierarchical_contribution,human,0.0316,Latin America,Cold - Dry Summer,-70.38333,-36.88333,CDS,human_untruncated_hierarchical_contribution
22683,spatial_spd,untruncated_hierarchical_contribution,human,0.005,Europe,Cold - Cold Summer,7.13333,44.23333,CCS,human_untruncated_hierarchical_contribution
17711,spatial_spd,untruncated_hierarchical_contribution,human,0.1101,North America,Cold - Cold Summer,-105.05685,55.33061,CCS,human_untruncated_hierarchical_contribution
2023,spatial_spd,untruncated_hierarchical_contribution,human,0.1003,North America,Cold - Warm Summer,-76.1,45.6,CWS,human_untruncated_hierarchical_contribution
336,spatial_spd,untruncated_hierarchical_contribution,human,0.0795,North America,Cold - Cold Summer,-130.65,61.68333,CCS,human_untruncated_hierarchical_contribution
14525,spatial_spd,untruncated_hierarchical_contribution,human,0.0804,Europe,Temperate,-9.43662,54.03918,TMP,human_untruncated_hierarchical_contribution
1667,spatial_spd,untruncated_hierarchical_contribution,human,0.1168,North America,Cold - Warm Summer,-71.25139,44.24694,CWS,human_untruncated_hierarchical_contribution
41491,spatial_spd,untruncated_hierarchical_contribution,human,0.1371,Europe,Cold - Warm Summer,24.13852,41.73356,CWS,human_untruncated_hierarchical_contribution
48621,spatial_spd,untruncated_hierarchical_contribution,human,-0.0475,Latin America,Temperate,-72.97522,-47.64356,TMP,human_untruncated_hierarchical_contribution
48889,spatial_spd,untruncated_hierarchical_contribution,human,0.2421,North America,Cold - Warm Summer,-85.71733,46.44253,CWS,human_untruncated_hierarchical_contribution
45400,spatial_spd,untruncated_hierarchical_contribution,human,0.0124,Europe,Cold - Warm Summer,27.46167,59.17528,CWS,human_untruncated_hierarchical_contribution
805,spatial_spd,untruncated_hierarchical_contribution,human,0.0553,North America,Cold - Hot Summer,-82.76,41.92,CHS,human_untruncated_hierarchical_contribution
22992,spatial_spd,untruncated_hierarchical_contribution,human,0.0894,Europe,Cold - Cold Summer,8.06769,46.71801,CCS,human_untruncated_hierarchical_contribution
15768,spatial_spd,untruncated_hierarchical_contribution,human,0.0245,North America,Temperate - Dry Summer,-123.581,45.822,TDS,human_untruncated_hierarchical_contribution
41911,spatial_spd,untruncated_hierarchical_contribution,human,0.0061,Europe,Temperate - Dry Summer,-7.63611,40.36278,TDS,human_untruncated_hierarchical_contribution
22316,spatial_spd,untruncated_hierarchical_contribution,human,0.1281,Europe,Cold - Warm Summer,16.1175,50.58861,CWS,human_untruncated_hierarchical_contribution
219,spatial_spd,untruncated_hierarchical_contribution,human,0.0616,North America,Cold - Warm Summer,-73.31111,45.54306,CWS,human_untruncated_hierarchical_contribution
4364,spatial_spd,untruncated_hierarchical_contribution,human,0.0251,Europe,Cold - Warm Summer,19.80199,49.46655,CWS,human_untruncated_hierarchical_contribution
21606,spatial_spd,untruncated_hierarchical_contribution,human,0.2276,Latin America,Arid,-71.70555,-13.09533,ARD,human_untruncated_hierarchical_contribution
2586,spatial_spd,untruncated_hierarchical_contribution,human,0.0956,North America,Cold - Warm Summer,-86.95833,46.47,CWS,human_untruncated_hierarchical_contribution
1438,spatial_spd,untruncated_hierarchical_contribution,human,0.0353,Europe,Cold - Cold Summer,14.53458,57.64055,CCS,human_untruncated_hierarchical_contribution
41614,spatial_spd,untruncated_hierarchical_contribution,human,0.0786,North America,Cold - Cold Summer,-106.40741,39.15095,CCS,human_untruncated_hierarchical_contribution
15138,spatial_spd,untruncated_hierarchical_contribution,human,0.0307,North America,Cold - Warm Summer,-99.29758,49.44254,CWS,human_untruncated_hierarchical_contribution
24250,spatial_spd,untruncated_hierarchical_contribution,human,-0.0298,Europe,Cold - Warm Summer,14.02583,49.37639,CWS,human_untruncated_hierarchical_contribution
24414,spatial_spd,untruncated_hierarchical_contribution,human,-0.03,Europe,Cold - Warm Summer,3.08111,44.74444,CWS,human_untruncated_hierarchical_contribution
3493,spatial_spd,untruncated_hierarchical_contribution,human,0.1828,North America,Cold - Warm Summer,-73.2945,41.80939,CWS,human_untruncated_hierarchical_contribution
15855,spatial_spd,untruncated_hierarchical_contribution,human,0.0219,North America,Cold - Cold Summer,-113.79265,46.95179,CCS,human_untruncated_hierarchical_contribution
974,spatial_spd,untruncated_hierarchical_contribution,human,0.1431,North America,Cold - Warm Summer,-98.25,53,CWS,human_untruncated_hierarchical_contribution
16054,spatial_spd,untruncated_hierarchical_contribution,human,0.0411,North America,Cold - Dry Summer,-121.39227,40.40972,CDS,human_untruncated_hierarchical_contribution
45117,spatial_spd,untruncated_hierarchical_contribution,human,0.0325,Europe,Cold - Cold Summer,22.80349,45.33407,CCS,human_untruncated_hierarchical_contribution
679,spatial_spd,untruncated_hierarchical_contribution,human,0.0386,North America,Cold - Warm Summer,-85,43.48,CWS,human_untruncated_hierarchical_contribution
15778,spatial_spd,untruncated_hierarchical_contribution,human,0.2003,North America,Cold - Dry Summer,-119.149,37.9419,CDS,human_untruncated_hierarchical_contribution
47537,spatial_spd,untruncated_hierarchical_contribution,human,0.0091,Europe,Temperate - Dry Summer,9.78752,40.45547,TDS,human_untruncated_hierarchical_contribution
15214,spatial_spd,untruncated_hierarchical_contribution,human,0.0415,North America,Cold - Cold Summer,-121.47227,51.66122,CCS,human_untruncated_hierarchical_contribution
790,spatial_spd,untruncated_hierarchical_contribution,human,0.1202,North America,Cold - Cold Summer,-105.58,39.93667,CCS,human_untruncated_hierarchical_contribution
2663,spatial_spd,untruncated_hierarchical_contribution,human,0.0842,North America,Temperate,-81.50634,27.58253,TMP,human_untruncated_hierarchical_contribution
1013,spatial_spd,untruncated_hierarchical_contribution,human,0.2068,North America,Cold - Warm Summer,-109.425,34,CWS,human_untruncated_hierarchical_contribution
16175,spatial_spd,untruncated_hierarchical_contribution,human,0.0946,North America,Cold - Hot Summer,-74.55597,41.4059,CHS,human_untruncated_hierarchical_contribution
16238,spatial_spd,untruncated_hierarchical_contribution,human,-0.0645,North America,Cold - Cold Summer,-157.0576,68.4891,CCS,human_untruncated_hierarchical_contribution
40797,spatial_spd,untruncated_hierarchical_contribution,human,0.1794,North America,Cold - Warm Summer,-70.76706,41.4711,CWS,human_untruncated_hierarchical_contribution
16103,spatial_spd,untruncated_hierarchical_contribution,human,0.0287,North America,Cold - Warm Summer,-62.09501,44.97306,CWS,human_untruncated_hierarchical_contribution
40452,spatial_spd,untruncated_hierarchical_contribution,human,0.0291,Europe,Cold - Warm Summer,7.05,47.24056,CWS,human_untruncated_hierarchical_contribution
1569,spatial_spd,untruncated_hierarchical_contribution,human,0.044,North America,Cold - Cold Summer,-70.3,46.71667,CCS,human_untruncated_hierarchical_contribution
15,spatial_spd,untruncated_hierarchical_contribution,human,0.0142,Latin America,Arid,-65.75,-23.83333,ARD,human_untruncated_hierarchical_contribution
14549,spatial_spd,untruncated_hierarchical_contribution,human,0.0919,North America,Cold - Dry Summer,-112.79315,37.6709,CDS,human_untruncated_hierarchical_contribution
843,spatial_spd,untruncated_hierarchical_contribution,human,0.1068,North America,Cold - Cold Summer,-109.95,43.43889,CCS,human_untruncated_hierarchical_contribution
41748,spatial_spd,untruncated_hierarchical_contribution,human,-0.021,Europe,Polar,7.36285,46.15726,POL,human_untruncated_hierarchical_contribution
1434,spatial_spd,untruncated_hierarchical_contribution,human,0.0504,Europe,Cold - Warm Summer,27.41146,58.19142,CWS,human_untruncated_hierarchical_contribution
808,spatial_spd,untruncated_hierarchical_contribution,human,0.1033,North America,Temperate - Dry Summer,-123.68167,48.35194,TDS,human_untruncated_hierarchical_contribution
40666,spatial_spd,untruncated_hierarchical_contribution,human,0.0765,North America,Temperate,-70.7,41.42835,TMP,human_untruncated_hierarchical_contribution
2335,spatial_spd,untruncated_hierarchical_contribution,human,0.1013,Europe,Temperate - Dry Summer,-6.73333,42.1,TDS,human_untruncated_hierarchical_contribution
4385,spatial_spd,untruncated_hierarchical_contribution,human,0.028,Europe,Temperate,-6.88333,58.13333,TMP,human_untruncated_hierarchical_contribution
4133,spatial_spd,untruncated_hierarchical_contribution,human,0.0824,Europe,Cold - Cold Summer,25.86881,61.41513,CCS,human_untruncated_hierarchical_contribution
25763,spatial_spd,untruncated_hierarchical_contribution,human,0.0393,Europe,Polar,11.80211,47.02316,POL,human_untruncated_hierarchical_contribution
20285,spatial_spd,untruncated_hierarchical_contribution,human,0.0474,Europe,Polar,28.16545,71.03753,POL,human_untruncated_hierarchical_contribution
17354,spatial_spd,untruncated_hierarchical_contribution,human,0.0051,North America,Cold - Cold Summer,-147.39653,64.3443,CCS,human_untruncated_hierarchical_contribution
2594,spatial_spd,untruncated_hierarchical_contribution,human,-0.015,Latin America,Temperate,-49.55,-28.55,TMP,human_untruncated_hierarchical_contribution
4150,spatial_spd,untruncated_hierarchical_contribution,human,0.0022,Europe,Temperate,-2.10953,52.80744,TMP,human_untruncated_hierarchical_contribution
4011,spatial_spd,untruncated_hierarchical_contribution,human,0.0907,Europe,Cold - Warm Summer,14.70652,58.32288,CWS,human_untruncated_hierarchical_contribution
720,spatial_spd,untruncated_hierarchical_contribution,human,0.0224,Europe,Polar,31.01975,70.32333,POL,human_untruncated_hierarchical_contribution
2959,spatial_spd,untruncated_hierarchical_contribution,human,0.0674,North America,Cold - Hot Summer,-71.11667,41.96667,CHS,human_untruncated_hierarchical_contribution
20649,spatial_spd,untruncated_hierarchical_contribution,human,0.042,North America,Polar,-113.78145,71.344,POL,human_untruncated_hierarchical_contribution
41001,spatial_spd,untruncated_hierarchical_contribution,human,0.022,North America,Cold - Hot Summer,-72.58,40.884,CHS,human_untruncated_hierarchical_contribution
45704,spatial_spd,untruncated_hierarchical_contribution,human,0.0826,Europe,Cold - Cold Summer,7.985,59.62523,CCS,human_untruncated_hierarchical_contribution
1854,spatial_spd,untruncated_hierarchical_contribution,human,0.3467,North America,Cold - Cold Summer,-109.94083,43.45,CCS,human_untruncated_hierarchical_contribution
1157,spatial_spd,untruncated_hierarchical_contribution,human,0.0115,North America,Cold - Warm Summer,-81.76667,47.31667,CWS,human_untruncated_hierarchical_contribution
4360,spatial_spd,untruncated_hierarchical_contribution,human,-0.0016,Europe,Cold - Cold Summer,30.56667,66.35,CCS,human_untruncated_hierarchical_contribution
45639,spatial_spd,untruncated_hierarchical_contribution,human,0.0383,Europe,Cold - Cold Summer,17.75935,68.48221,CCS,human_untruncated_hierarchical_contribution
45389,spatial_spd,untruncated_hierarchical_contribution,human,0.0575,Europe,Cold - Warm Summer,26.51722,58.05917,CWS,human_untruncated_hierarchical_contribution
22950,spatial_spd,untruncated_hierarchical_contribution,human,0.0855,Europe,Cold - Warm Summer,19.46271,54.10053,CWS,human_untruncated_hierarchical_contribution
539,spatial_spd,untruncated_hierarchical_contribution,human,0.1243,North America,Temperate,-91.09082,36.79864,TMP,human_untruncated_hierarchical_contribution
26520,spatial_spd,untruncated_hierarchical_contribution,human,0.0106,Europe,Polar,7.09361,46.17667,POL,human_untruncated_hierarchical_contribution
773,spatial_spd,untruncated_hierarchical_contribution,human,0.0177,North America,Cold - Warm Summer,-70.35,45.85,CWS,human_untruncated_hierarchical_contribution
4524,spatial_spd,untruncated_hierarchical_contribution,human,0.0575,Europe,Temperate,1.75,48.41667,TMP,human_untruncated_hierarchical_contribution
16129,spatial_spd,untruncated_hierarchical_contribution,human,0.0917,North America,Cold - Hot Summer,-88.8579,42.7776,CHS,human_untruncated_hierarchical_contribution
17377,spatial_spd,untruncated_hierarchical_contribution,human,0.0257,North America,Cold - Dry Summer,-150.91979,60.4918,CDS,human_untruncated_hierarchical_contribution
4466,spatial_spd,untruncated_hierarchical_contribution,human,-0.0354,Europe,Cold - Warm Summer,28.1,54.03333,CWS,human_untruncated_hierarchical_contribution
22980,spatial_spd,untruncated_hierarchical_contribution,human,-0.0562,Europe,Arid,28.53192,43.66346,ARD,human_untruncated_hierarchical_contribution
26514,spatial_spd,untruncated_hierarchical_contribution,human,0.0859,Europe,Cold - Warm Summer,12.29357,47.65663,CWS,human_untruncated_hierarchical_contribution
4314,spatial_spd,untruncated_hierarchical_contribution,human,0.2861,Europe,Cold - Warm Summer,25.99919,53.26346,CWS,human_untruncated_hierarchical_contribution
872,spatial_spd,untruncated_hierarchical_contribution,human,0.0162,Latin America,Temperate,-50.21667,-24.66667,TMP,human_untruncated_hierarchical_contribution
723,spatial_spd,untruncated_hierarchical_contribution,human,0.0285,Europe,Cold - Warm Summer,28.25,48.75,CWS,human_untruncated_hierarchical_contribution
48950,spatial_spd,untruncated_hierarchical_contribution,human,-0.0093,Europe,Cold - Warm Summer,5.99556,44.555,CWS,human_untruncated_hierarchical_contribution
48818,spatial_spd,untruncated_hierarchical_contribution,human,0.1115,North America,Cold - Warm Summer,-89.70449,46.18465,CWS,human_untruncated_hierarchical_contribution
45105,spatial_spd,untruncated_hierarchical_contribution,human,-0.0118,Europe,Cold - Dry Summer,20.77556,39.98778,CDS,human_untruncated_hierarchical_contribution
48363,spatial_spd,untruncated_hierarchical_contribution,human,0.2197,North America,Cold - Dry Summer,-151.1123,59.94242,CDS,human_untruncated_hierarchical_contribution
17363,spatial_spd,untruncated_hierarchical_contribution,human,0.1298,North America,Temperate,-83.02511,35.16662,TMP,human_untruncated_hierarchical_contribution
3058,spatial_spd,untruncated_hierarchical_contribution,human,0.0385,North America,Cold - Warm Summer,-67.33336,45.25246,CWS,human_untruncated_hierarchical_contribution
22847,spatial_spd,untruncated_hierarchical_contribution,human,0.0645,Europe,Cold - Warm Summer,18.16208,54.70555,CWS,human_untruncated_hierarchical_contribution
991,spatial_spd,untruncated_hierarchical_contribution,human,0.0756,North America,Arid,-112.71667,48.55,ARD,human_untruncated_hierarchical_contribution
41764,spatial_spd,untruncated_hierarchical_contribution,human,0.0584,Europe,Cold - Cold Summer,27.83997,70.0476,CCS,human_untruncated_hierarchical_contribution
24317,spatial_spd,untruncated_hierarchical_contribution,human,-0.0241,Europe,Cold - Cold Summer,7.845,46.19556,CCS,human_untruncated_hierarchical_contribution
2899,spatial_spd,untruncated_hierarchical_contribution,human,-0.0443,Latin America,Temperate - Dry Summer,-71.05064,-36.86011,TDS,human_untruncated_hierarchical_contribution
20397,spatial_spd,untruncated_hierarchical_contribution,human,0.2638,North America,Cold - Warm Summer,-86.07692,46.56374,CWS,human_untruncated_hierarchical_contribution
1824,spatial_spd,untruncated_hierarchical_contribution,human,-0.0367,North America,Cold - Hot Summer,-95.12645,43.34114,CHS,human_untruncated_hierarchical_contribution
25786,spatial_spd,untruncated_hierarchical_contribution,human,0.1451,Latin America,Tropical,-88.3681,17.93554,TRO,human_untruncated_hierarchical_contribution
525,spatial_spd,untruncated_hierarchical_contribution,human,-0.0197,North America,Polar,-116.41667,51.65,POL,human_untruncated_hierarchical_contribution
16269,spatial_spd,untruncated_hierarchical_contribution,human,0.0369,North America,Cold - Cold Summer,-89.61722,51.83861,CCS,human_untruncated_hierarchical_contribution
22723,spatial_spd,untruncated_hierarchical_contribution,human,0.1354,Europe,Temperate,-5.83333,57.25,TMP,human_untruncated_hierarchical_contribution
4200,spatial_spd,untruncated_hierarchical_contribution,human,0.1595,Europe,Cold - Cold Summer,14.62333,59.80167,CCS,human_untruncated_hierarchical_contribution
46477,spatial_spd,untruncated_hierarchical_contribution,human,-0.0329,Europe,Cold - Warm Summer,30.73749,58.02083,CWS,human_untruncated_hierarchical_contribution
999,spatial_spd,untruncated_hierarchical_contribution,human,0.0462,North America,Cold - Hot Summer,-78.99722,37.98472,CHS,human_untruncated_hierarchical_contribution
1435,spatial_spd,untruncated_hierarchical_contribution,human,0.0339,Europe,Cold - Warm Summer,15.96947,49.72562,CWS,human_untruncated_hierarchical_contribution
853,spatial_spd,untruncated_hierarchical_contribution,human,0.1646,North America,Cold - Cold Summer,-111.66667,38.61667,CCS,human_untruncated_hierarchical_contribution
4369,spatial_spd,untruncated_hierarchical_contribution,human,0.0558,Europe,Cold - Warm Summer,26.64967,58.59222,CWS,human_untruncated_hierarchical_contribution
332,spatial_spd,untruncated_hierarchical_contribution,human,0.1802,North America,Cold - Warm Summer,-88.01667,46.66667,CWS,human_untruncated_hierarchical_contribution
22971,spatial_spd,untruncated_hierarchical_contribution,human,0.0143,Europe,Cold - Warm Summer,12.09944,50.27611,CWS,human_untruncated_hierarchical_contribution
3488,spatial_spd,untruncated_hierarchical_contribution,human,0.0933,North America,Cold - Hot Summer,-89.41667,43.1,CHS,human_untruncated_hierarchical_contribution
1768,spatial_spd,untruncated_hierarchical_contribution,human,-0.032,North America,Cold - Warm Summer,-98.16505,46.85061,CWS,human_untruncated_hierarchical_contribution
45324,spatial_spd,untruncated_hierarchical_contribution,human,0.1377,Europe,Temperate - Dry Summer,12.65,37.6,TDS,human_untruncated_hierarchical_contribution
46680,spatial_spd,untruncated_hierarchical_contribution,human,0.0567,North America,Cold - Cold Summer,-120.68095,53.51773,CCS,human_untruncated_hierarchical_contribution
2954,spatial_spd,untruncated_hierarchical_contribution,human,-0.0289,North America,Cold - Cold Summer,-151.26667,64.33333,CCS,human_untruncated_hierarchical_contribution
531,spatial_spd,untruncated_hierarchical_contribution,human,0.1418,Europe,Cold - Warm Summer,26.01667,50.26667,CWS,human_untruncated_hierarchical_contribution
19814,spatial_spd,untruncated_hierarchical_contribution,human,0.0225,North America,Cold - Dry Summer,-138.75904,68.82343,CDS,human_untruncated_hierarchical_contribution
4118,spatial_spd,untruncated_hierarchical_contribution,human,0.0033,Europe,Cold - Warm Summer,19.67778,49.04167,CWS,human_untruncated_hierarchical_contribution
1966,spatial_spd,untruncated_hierarchical_contribution,human,0.1508,North America,Cold - Warm Summer,-94.119,47.075,CWS,human_untruncated_hierarchical_contribution
15191,spatial_spd,untruncated_hierarchical_contribution,human,0.0772,North America,Temperate,-79.09388,35.17121,TMP,human_untruncated_hierarchical_contribution
45725,spatial_spd,untruncated_hierarchical_contribution,human,0.0848,Europe,Cold - Warm Summer,8.00356,58.24364,CWS,human_untruncated_hierarchical_contribution
19834,spatial_spd,untruncated_hierarchical_contribution,human,-0.0492,North America,Cold - Hot Summer,-94.73356,43.67035,CHS,human_untruncated_hierarchical_contribution
40793,spatial_spd,untruncated_hierarchical_contribution,human,0.0698,North America,Cold - Hot Summer,-71.08776,42.61918,CHS,human_untruncated_hierarchical_contribution
4375,spatial_spd,untruncated_hierarchical_contribution,human,0.0598,Europe,Temperate,5.60833,45.425,TMP,human_untruncated_hierarchical_contribution
15976,spatial_spd,untruncated_hierarchical_contribution,human,0.0251,North America,Cold - Cold Summer,-158.5532,59.7939,CCS,human_untruncated_hierarchical_contribution
517,spatial_spd,untruncated_hierarchical_contribution,human,0.0638,North America,Cold - Dry Summer,-112.14974,36.52923,CDS,human_untruncated_hierarchical_contribution
849,spatial_spd,untruncated_hierarchical_contribution,human,0.0819,North America,Cold - Warm Summer,-93.75,49.58333,CWS,human_untruncated_hierarchical_contribution
41189,spatial_spd,untruncated_hierarchical_contribution,human,0.1012,Europe,Temperate,-5.50139,56.38444,TMP,human_untruncated_hierarchical_contribution
1987,spatial_spd,untruncated_hierarchical_contribution,human,0.1013,North America,Cold - Cold Summer,-162.2,63.5,CCS,human_untruncated_hierarchical_contribution
22662,spatial_spd,untruncated_hierarchical_contribution,human,0.0021,Europe,Cold - Cold Summer,7.72972,44.18822,CCS,human_untruncated_hierarchical_contribution
841,spatial_spd,untruncated_hierarchical_contribution,human,0.0013,North America,Cold - Cold Summer,-109.93889,43.47167,CCS,human_untruncated_hierarchical_contribution
17880,spatial_spd,untruncated_hierarchical_contribution,human,0.0135,North America,Cold - Warm Summer,-72.45895,42.81014,CWS,human_untruncated_hierarchical_contribution
40627,spatial_spd,untruncated_hierarchical_contribution,human,0.0279,Europe,Cold - Warm Summer,7.54333,46.64583,CWS,human_untruncated_hierarchical_contribution
15368,spatial_spd,untruncated_hierarchical_contribution,human,0.0043,North America,Arid,-114.04118,40.49611,ARD,human_untruncated_hierarchical_contribution
3972,spatial_spd,untruncated_hierarchical_contribution,human,0.108,Europe,Temperate,-1.80028,47.25444,TMP,human_untruncated_hierarchical_contribution
45393,spatial_spd,untruncated_hierarchical_contribution,human,-0.0463,Europe,Cold - Warm Summer,27.06917,57.73722,CWS,human_untruncated_hierarchical_contribution
42542,spatial_spd,untruncated_hierarchical_contribution,human,-0.0094,Europe,Cold - Cold Summer,10.47453,51.7704,CCS,human_untruncated_hierarchical_contribution
45312,spatial_spd,untruncated_hierarchical_contribution,human,0.0865,Europe,Polar,18.16667,68.16667,POL,human_untruncated_hierarchical_contribution
21790,spatial_spd,untruncated_hierarchical_contribution,human,0.2294,Europe,Cold - Cold Summer,14.92555,60.65141,CCS,human_untruncated_hierarchical_contribution
45642,spatial_spd,untruncated_hierarchical_contribution,human,-0.002,Europe,Cold - Cold Summer,18.07167,68.44417,CCS,human_untruncated_hierarchical_contribution
1153,spatial_spd,untruncated_hierarchical_contribution,human,0.0812,North America,Cold - Warm Summer,-93.64361,47.13556,CWS,human_untruncated_hierarchical_contribution
22400,spatial_spd,untruncated_hierarchical_contribution,human,0.0299,North America,Cold - Cold Summer,-105.60599,39.65656,CCS,human_untruncated_hierarchical_contribution
22346,spatial_spd,untruncated_hierarchical_contribution,human,-0.0276,Europe,Cold - Warm Summer,13.7405,48.89756,CWS,human_untruncated_hierarchical_contribution
4410,spatial_spd,untruncated_hierarchical_contribution,human,0.1385,Europe,Temperate,-2.46806,47.80944,TMP,human_untruncated_hierarchical_contribution
48986,spatial_spd,untruncated_hierarchical_contribution,human,0.1562,Europe,Temperate,-2.46806,47.80944,TMP,human_untruncated_hierarchical_contribution
41612,spatial_spd,untruncated_hierarchical_contribution,human,-0.0055,North America,Polar,-124.564,58.573,POL,human_untruncated_hierarchical_contribution
47687,spatial_spd,untruncated_hierarchical_contribution,human,0.186,North America,Arid,-111.99647,42.29063,ARD,human_untruncated_hierarchical_contribution
22669,spatial_spd,untruncated_hierarchical_contribution,human,0.0077,Europe,Temperate,8.86542,53.43465,TMP,human_untruncated_hierarchical_contribution
16009,spatial_spd,untruncated_hierarchical_contribution,human,0.1102,North America,Temperate,-85.40174,34.66311,TMP,human_untruncated_hierarchical_contribution
48358,spatial_spd,untruncated_hierarchical_contribution,human,0.0498,Europe,Polar,20.078,49.15199,POL,human_untruncated_hierarchical_contribution
1028,spatial_spd,untruncated_hierarchical_contribution,human,0.0217,North America,Polar,-63.03333,58.2,POL,human_untruncated_hierarchical_contribution
1715,spatial_spd,untruncated_hierarchical_contribution,human,0.044,North America,Cold - Warm Summer,-73.03056,46.72639,CWS,human_untruncated_hierarchical_contribution
258,spatial_spd,untruncated_hierarchical_contribution,human,0.0259,North America,Cold - Cold Summer,-76.12028,54.04722,CCS,human_untruncated_hierarchical_contribution
43533,spatial_spd,untruncated_hierarchical_contribution,human,0.0414,Europe,Temperate,-6.77117,58.26443,TMP,human_untruncated_hierarchical_contribution
47502,spatial_spd,untruncated_hierarchical_contribution,human,0.2737,Latin America,Temperate,-79.14519,-3.98978,TMP,human_untruncated_hierarchical_contribution
2266,spatial_spd,untruncated_hierarchical_contribution,human,0.1552,North America,Cold - Warm Summer,-58.8,48.26,CWS,human_untruncated_hierarchical_contribution
24055,spatial_spd,untruncated_hierarchical_contribution,human,0.0786,Europe,Cold - Cold Summer,11.45624,46.63707,CCS,human_untruncated_hierarchical_contribution
287,spatial_spd,untruncated_hierarchical_contribution,human,0.0553,North America,Cold - Hot Summer,-89.86667,43.08333,CHS,human_untruncated_hierarchical_contribution
329,spatial_spd,untruncated_hierarchical_contribution,human,0.0146,North America,Cold - Warm Summer,-73.86806,45.96111,CWS,human_untruncated_hierarchical_contribution
1548,spatial_spd,untruncated_hierarchical_contribution,human,0.0402,North America,Cold - Warm Summer,-92.58798,46.71359,CWS,human_untruncated_hierarchical_contribution
285,spatial_spd,untruncated_hierarchical_contribution,human,0.0041,Oceania,Cold - Cold Summer,148.31667,-36.41667,CCS,human_untruncated_hierarchical_contribution
40914,spatial_spd,untruncated_hierarchical_contribution,human,0.1046,North America,Cold - Warm Summer,-72.3758,44.359,CWS,human_untruncated_hierarchical_contribution
45395,spatial_spd,untruncated_hierarchical_contribution,human,0.1062,Europe,Cold - Warm Summer,27.06917,57.73722,CWS,human_untruncated_hierarchical_contribution
46630,spatial_spd,untruncated_hierarchical_contribution,human,0.1778,North America,Temperate - Dry Summer,-123.68572,48.58358,TDS,human_untruncated_hierarchical_contribution
4549,spatial_spd,untruncated_hierarchical_contribution,human,0.0318,Europe,Polar,11.025,46.85833,POL,human_untruncated_hierarchical_contribution
18100,spatial_spd,untruncated_hierarchical_contribution,human,0.0825,Latin America,Tropical,-67.88831,10.09484,TRO,human_untruncated_hierarchical_contribution
15366,spatial_spd,untruncated_hierarchical_contribution,human,0.0483,Latin America,Polar,-77.47606,-7.63643,POL,human_untruncated_hierarchical_contribution
15203,spatial_spd,untruncated_hierarchical_contribution,human,0.0144,North America,Cold - Warm Summer,-79.95306,43.46139,CWS,human_untruncated_hierarchical_contribution
15594,spatial_spd,untruncated_hierarchical_contribution,human,0.3268,North America,Cold - Dry Summer,-116.66502,33.76797,CDS,human_untruncated_hierarchical_contribution
15724,spatial_spd,untruncated_hierarchical_contribution,human,0.0128,North America,Cold - Cold Summer,-149.908,64.413,CCS,human_untruncated_hierarchical_contribution
14923,spatial_spd,untruncated_hierarchical_contribution,human,-0.036,North America,Arid,-113.44306,45.83801,ARD,human_untruncated_hierarchical_contribution
17404,spatial_spd,untruncated_hierarchical_contribution,human,0.2169,North America,Cold - Warm Summer,-86.48457,46.14313,CWS,human_untruncated_hierarchical_contribution
16131,spatial_spd,untruncated_hierarchical_contribution,human,0.069,North America,Cold - Dry Summer,-115.4879,41.7816,CDS,human_untruncated_hierarchical_contribution
3471,spatial_spd,untruncated_hierarchical_contribution,human,-0.0069,North America,Polar,-76.37833,57.11667,POL,human_untruncated_hierarchical_contribution
1631,spatial_spd,untruncated_hierarchical_contribution,human,0.0447,Latin America,Polar,-76.61667,-10.76667,POL,human_untruncated_hierarchical_contribution
3130,spatial_spd,untruncated_hierarchical_contribution,human,0.0844,North America,Cold - Warm Summer,-73.97256,44.18038,CWS,human_untruncated_hierarchical_contribution
22791,spatial_spd,untruncated_hierarchical_contribution,human,0.1015,Europe,Cold - Warm Summer,8.06643,47.92904,CWS,human_untruncated_hierarchical_contribution
4259,spatial_spd,untruncated_hierarchical_contribution,human,0.0557,Europe,Cold - Cold Summer,26.23393,62.34206,CCS,human_untruncated_hierarchical_contribution
24863,spatial_spd,untruncated_hierarchical_contribution,human,0.023,Europe,Temperate,-0.09583,47.22167,TMP,human_untruncated_hierarchical_contribution
4425,spatial_spd,untruncated_hierarchical_contribution,human,0.0818,Europe,Cold - Warm Summer,6.33639,44.42,CWS,human_untruncated_hierarchical_contribution
1633,spatial_spd,untruncated_hierarchical_contribution,human,0.0266,North America,Cold - Hot Summer,-92.82755,45.04603,CHS,human_untruncated_hierarchical_contribution
15392,spatial_spd,untruncated_hierarchical_contribution,human,-0.0199,North America,Polar,-63.25413,67.18071,POL,human_untruncated_hierarchical_contribution
22344,spatial_spd,untruncated_hierarchical_contribution,human,-0.0091,Europe,Cold - Warm Summer,13.32283,49.15026,CWS,human_untruncated_hierarchical_contribution
1755,spatial_spd,untruncated_hierarchical_contribution,human,0.0548,North America,Cold - Cold Summer,-155.03333,66.91667,CCS,human_untruncated_hierarchical_contribution
45281,spatial_spd,untruncated_hierarchical_contribution,human,-0.0229,Europe,Cold - Cold Summer,25.27361,47.1125,CCS,human_untruncated_hierarchical_contribution
2352,spatial_spd,untruncated_hierarchical_contribution,human,0.1204,North America,Cold - Cold Summer,-145.21667,68.26667,CCS,human_untruncated_hierarchical_contribution
32426,spatial_spd,untruncated_hierarchical_contribution,human,0.0333,Oceania,Temperate,145.96036,-41.45226,TMP,human_untruncated_hierarchical_contribution
4393,spatial_spd,untruncated_hierarchical_contribution,human,0.1237,Europe,Cold - Cold Summer,24.17439,60.43763,CCS,human_untruncated_hierarchical_contribution
4421,spatial_spd,untruncated_hierarchical_contribution,human,0.1157,Europe,Temperate,-5.228,58.055,TMP,human_untruncated_hierarchical_contribution
22960,spatial_spd,untruncated_hierarchical_contribution,human,0.0195,Europe,Polar,7.97638,46.6798,POL,human_untruncated_hierarchical_contribution
4377,spatial_spd,untruncated_hierarchical_contribution,human,0.0324,Europe,Cold - Warm Summer,21.27687,49.42344,CWS,human_untruncated_hierarchical_contribution
3048,spatial_spd,untruncated_hierarchical_contribution,human,0.0076,North America,Cold - Cold Summer,-119.48333,56.76667,CCS,human_untruncated_hierarchical_contribution
857,spatial_spd,untruncated_hierarchical_contribution,human,0.0989,North America,Cold - Warm Summer,-73.47583,46.27583,CWS,human_untruncated_hierarchical_contribution
699,spatial_spd,untruncated_hierarchical_contribution,human,-0.0604,North America,Temperate,-76.45,36.58333,TMP,human_untruncated_hierarchical_contribution
1621,spatial_spd,untruncated_hierarchical_contribution,human,0.0676,Latin America,Tropical,-42.21667,-17.95,TRO,human_untruncated_hierarchical_contribution
20833,spatial_spd,untruncated_hierarchical_contribution,human,0.0576,North America,Cold - Warm Summer,-106.51142,36.04623,CWS,human_untruncated_hierarchical_contribution
15904,spatial_spd,untruncated_hierarchical_contribution,human,-0.0164,North America,Cold - Warm Summer,-78.40148,43.0402,CWS,human_untruncated_hierarchical_contribution
2049,spatial_spd,untruncated_hierarchical_contribution,human,0.0781,North America,Cold - Cold Summer,-105.54167,40.08333,CCS,human_untruncated_hierarchical_contribution
324,spatial_spd,untruncated_hierarchical_contribution,human,0.1722,North America,Cold - Warm Summer,-73.5711,42.5862,CWS,human_untruncated_hierarchical_contribution
40111,spatial_spd,untruncated_hierarchical_contribution,human,0.089,North America,Temperate,-80.77947,34.16459,TMP,human_untruncated_hierarchical_contribution
2381,spatial_spd,untruncated_hierarchical_contribution,human,0.0106,North America,Cold - Cold Summer,-107.01325,44.26894,CCS,human_untruncated_hierarchical_contribution
17385,spatial_spd,untruncated_hierarchical_contribution,human,0.0071,North America,Cold - Cold Summer,-148.24906,62.84226,CCS,human_untruncated_hierarchical_contribution
1769,spatial_spd,untruncated_hierarchical_contribution,human,0.1121,North America,Cold - Cold Summer,-58.05,52.26667,CCS,human_untruncated_hierarchical_contribution
1142,spatial_spd,untruncated_hierarchical_contribution,human,0.0761,North America,Cold - Cold Summer,-66.08333,66.135,CCS,human_untruncated_hierarchical_contribution
796,spatial_spd,untruncated_hierarchical_contribution,human,0.2089,North America,Cold - Cold Summer,-110.3,44.06667,CCS,human_untruncated_hierarchical_contribution
510,spatial_spd,untruncated_hierarchical_contribution,human,0.092,North America,Cold - Warm Summer,-73.34194,45.96083,CWS,human_untruncated_hierarchical_contribution
22942,spatial_spd,untruncated_hierarchical_contribution,human,0.1154,Europe,Cold - Warm Summer,20.20581,53.75192,CWS,human_untruncated_hierarchical_contribution
16133,spatial_spd,untruncated_hierarchical_contribution,human,0.1054,North America,Arid,-115.518,41.1294,ARD,human_untruncated_hierarchical_contribution
44896,spatial_spd,untruncated_hierarchical_contribution,human,0.0074,Europe,Temperate,-4.10186,53.19743,TMP,human_untruncated_hierarchical_contribution
16219,spatial_spd,untruncated_hierarchical_contribution,human,0.1135,Europe,Temperate,-7.68021,53.40001,TMP,human_untruncated_hierarchical_contribution
24952,spatial_spd,untruncated_hierarchical_contribution,human,0.0237,Europe,Temperate,5.32667,46.53944,TMP,human_untruncated_hierarchical_contribution
41909,spatial_spd,untruncated_hierarchical_contribution,human,0.0741,Europe,Temperate - Dry Summer,-7.57639,40.34167,TDS,human_untruncated_hierarchical_contribution
1762,spatial_spd,untruncated_hierarchical_contribution,human,0.0558,North America,Cold - Cold Summer,-107.6975,37.73778,CCS,human_untruncated_hierarchical_contribution
1639,spatial_spd,untruncated_hierarchical_contribution,human,0.0884,North America,Cold - Warm Summer,-93.60713,47.28046,CWS,human_untruncated_hierarchical_contribution
4473,spatial_spd,untruncated_hierarchical_contribution,human,0.0163,Europe,Cold - Warm Summer,21.1,49.63333,CWS,human_untruncated_hierarchical_contribution
15955,spatial_spd,untruncated_hierarchical_contribution,human,0.0818,Latin America,Polar,-79.1631,-2.77175,POL,human_untruncated_hierarchical_contribution
1661,spatial_spd,untruncated_hierarchical_contribution,human,0.0703,North America,Cold - Hot Summer,-75.66667,40.48333,CHS,human_untruncated_hierarchical_contribution
48769,spatial_spd,untruncated_hierarchical_contribution,human,0.1666,Europe,Temperate,8.76777,53.65389,TMP,human_untruncated_hierarchical_contribution
22407,spatial_spd,untruncated_hierarchical_contribution,human,-0.0019,North America,Cold - Dry Summer,-121.78506,44.76171,CDS,human_untruncated_hierarchical_contribution
24032,spatial_spd,untruncated_hierarchical_contribution,human,-0.0273,Europe,Cold - Warm Summer,24.33333,41.98333,CWS,human_untruncated_hierarchical_contribution
40642,spatial_spd,untruncated_hierarchical_contribution,human,0.0037,Europe,Cold - Cold Summer,7.47917,46.31167,CCS,human_untruncated_hierarchical_contribution
41589,spatial_spd,untruncated_hierarchical_contribution,human,0.0601,Europe,Polar,7.40589,46.38679,POL,human_untruncated_hierarchical_contribution
40958,spatial_spd,untruncated_hierarchical_contribution,human,0.0623,Europe,Cold - Warm Summer,8.9773,47.77416,CWS,human_untruncated_hierarchical_contribution
2654,spatial_spd,untruncated_hierarchical_contribution,human,0.0074,North America,Cold - Warm Summer,-73.31694,45.54583,CWS,human_untruncated_hierarchical_contribution
1160,spatial_spd,untruncated_hierarchical_contribution,human,0.0388,North America,Temperate,-85.7263,37.43148,TMP,human_untruncated_hierarchical_contribution
823,spatial_spd,untruncated_hierarchical_contribution,human,0.0938,North America,Cold - Warm Summer,-79.39,45.41,CWS,human_untruncated_hierarchical_contribution
342,spatial_spd,untruncated_hierarchical_contribution,human,0.0165,Europe,Cold - Cold Summer,7.69444,44.15,CCS,human_untruncated_hierarchical_contribution
21903,spatial_spd,untruncated_hierarchical_contribution,human,0.0037,Latin America,Tropical,-77.1432,2.0024,TRO,human_untruncated_hierarchical_contribution
1443,spatial_spd,untruncated_hierarchical_contribution,human,0.1427,Latin America,Polar,-69.18333,-14.8,POL,human_untruncated_hierarchical_contribution
20029,spatial_spd,untruncated_hierarchical_contribution,human,0.0656,Europe,Polar,27.71667,70.83333,POL,human_untruncated_hierarchical_contribution
17393,spatial_spd,untruncated_hierarchical_contribution,human,0.1351,North America,Cold - Dry Summer,-121.49568,49.98997,CDS,human_untruncated_hierarchical_contribution
22976,spatial_spd,untruncated_hierarchical_contribution,human,0.0627,Europe,Temperate - Dry Summer,10.89211,42.98735,TDS,human_untruncated_hierarchical_contribution
22709,spatial_spd,untruncated_hierarchical_contribution,human,0.1968,Europe,Temperate,-6.27778,57.6225,TMP,human_untruncated_hierarchical_contribution
15902,spatial_spd,untruncated_hierarchical_contribution,human,0.1173,North America,Temperate,-127.27054,51.00367,TMP,human_untruncated_hierarchical_contribution
20295,spatial_spd,untruncated_hierarchical_contribution,human,0.1395,North America,Cold - Dry Summer,-133.56345,60.44414,CDS,human_untruncated_hierarchical_contribution
4192,spatial_spd,untruncated_hierarchical_contribution,human,0.0589,Europe,Cold - Warm Summer,17.38084,52.54901,CWS,human_untruncated_hierarchical_contribution
44723,spatial_spd,untruncated_hierarchical_contribution,human,0.1445,Europe,Cold - Warm Summer,8.08088,47.09076,CWS,human_untruncated_hierarchical_contribution
316,spatial_spd,untruncated_hierarchical_contribution,human,0.1964,North America,Cold - Hot Summer,-79.61639,38.15472,CHS,human_untruncated_hierarchical_contribution
22049,spatial_spd,untruncated_hierarchical_contribution,human,-0.0462,Latin America,Temperate,-74.15686,4.99445,TMP,human_untruncated_hierarchical_contribution
318,spatial_spd,untruncated_hierarchical_contribution,human,0.1583,North America,Cold - Cold Summer,-110.26056,44.29861,CCS,human_untruncated_hierarchical_contribution
3492,spatial_spd,untruncated_hierarchical_contribution,human,0.0754,North America,Cold - Warm Summer,-95.01084,47.24089,CWS,human_untruncated_hierarchical_contribution
678,spatial_spd,untruncated_hierarchical_contribution,human,0.0508,North America,Cold - Cold Summer,-118.7,62.05,CCS,human_untruncated_hierarchical_contribution
2637,spatial_spd,untruncated_hierarchical_contribution,human,-0.0271,North America,Cold - Dry Summer,-145.7,63.06667,CDS,human_untruncated_hierarchical_contribution
1704,spatial_spd,untruncated_hierarchical_contribution,human,-0.0245,North America,Cold - Cold Summer,-133.46667,68.26667,CCS,human_untruncated_hierarchical_contribution
4286,spatial_spd,untruncated_hierarchical_contribution,human,-0.023,Europe,Cold - Cold Summer,21,68.91667,CCS,human_untruncated_hierarchical_contribution
20131,spatial_spd,untruncated_hierarchical_contribution,human,0.0941,Europe,Temperate,6.62428,52.76867,TMP,human_untruncated_hierarchical_contribution
2286,spatial_spd,untruncated_hierarchical_contribution,human,0.1363,North America,Cold - Warm Summer,-73.33083,45.96389,CWS,human_untruncated_hierarchical_contribution
673,spatial_spd,untruncated_hierarchical_contribution,human,0.1621,North America,Cold - Cold Summer,-71.83333,44.03333,CCS,human_untruncated_hierarchical_contribution
3473,spatial_spd,untruncated_hierarchical_contribution,human,0.1575,North America,Cold - Warm Summer,-89.9,46.25,CWS,human_untruncated_hierarchical_contribution
17396,spatial_spd,untruncated_hierarchical_contribution,human,0.0166,North America,Cold - Warm Summer,-94.6867,46.96784,CWS,human_untruncated_hierarchical_contribution
19323,spatial_spd,untruncated_hierarchical_contribution,human,0.0649,North America,Cold - Dry Summer,-104.94659,66.34697,CDS,human_untruncated_hierarchical_contribution
533,spatial_spd,untruncated_hierarchical_contribution,human,0.2594,North America,Cold - Cold Summer,-110.248,44.5048,CCS,human_untruncated_hierarchical_contribution
4213,spatial_spd,untruncated_hierarchical_contribution,human,0.1465,Europe,Cold - Warm Summer,7.29917,47.03194,CWS,human_untruncated_hierarchical_contribution
22687,spatial_spd,untruncated_hierarchical_contribution,human,0.0464,Europe,Cold - Warm Summer,12.91361,52.31361,CWS,human_untruncated_hierarchical_contribution
41527,spatial_spd,untruncated_hierarchical_contribution,human,0.1031,Europe,Temperate,-5.76889,43.52889,TMP,human_untruncated_hierarchical_contribution
4492,spatial_spd,untruncated_hierarchical_contribution,human,-0.0202,Europe,Temperate,-3.43333,43.15,TMP,human_untruncated_hierarchical_contribution
45345,spatial_spd,untruncated_hierarchical_contribution,human,0.1177,Europe,Cold - Cold Summer,9.41694,63.05972,CCS,human_untruncated_hierarchical_contribution
21314,spatial_spd,untruncated_hierarchical_contribution,human,0.0389,North America,Cold - Cold Summer,-145.45606,60.52977,CCS,human_untruncated_hierarchical_contribution
516,spatial_spd,untruncated_hierarchical_contribution,human,0.1192,North America,Cold - Warm Summer,-78.1,44.1,CWS,human_untruncated_hierarchical_contribution
2289,spatial_spd,untruncated_hierarchical_contribution,human,0.102,North America,Cold - Warm Summer,-77.925,41.91667,CWS,human_untruncated_hierarchical_contribution
40450,spatial_spd,untruncated_hierarchical_contribution,human,0.0187,Europe,Cold - Warm Summer,6.99669,47.01867,CWS,human_untruncated_hierarchical_contribution
40791,spatial_spd,untruncated_hierarchical_contribution,human,0.2798,North America,Cold - Warm Summer,-73.0961,42.3768,CWS,human_untruncated_hierarchical_contribution
22757,spatial_spd,untruncated_hierarchical_contribution,human,0.028,Europe,Cold - Cold Summer,13.86258,48.77426,CCS,human_untruncated_hierarchical_contribution
46672,spatial_spd,untruncated_hierarchical_contribution,human,-0.016,North America,Temperate,-135.01426,56.54997,TMP,human_untruncated_hierarchical_contribution
45701,spatial_spd,untruncated_hierarchical_contribution,human,0.1091,Europe,Cold - Cold Summer,10.35774,61.1078,CCS,human_untruncated_hierarchical_contribution
2377,spatial_spd,untruncated_hierarchical_contribution,human,0.116,North America,Cold - Warm Summer,-64.18333,45.01667,CWS,human_untruncated_hierarchical_contribution
275,spatial_spd,untruncated_hierarchical_contribution,human,-0.0363,North America,Cold - Warm Summer,-94.55363,46.2693,CWS,human_untruncated_hierarchical_contribution
18104,spatial_spd,untruncated_hierarchical_contribution,human,-0.0339,Latin America,Temperate - Dry Summer,-71.05064,-36.86011,TDS,human_untruncated_hierarchical_contribution
3042,spatial_spd,untruncated_hierarchical_contribution,human,0.1414,North America,Cold - Warm Summer,-80.4,43.91,CWS,human_untruncated_hierarchical_contribution
17292,spatial_spd,untruncated_hierarchical_contribution,human,0.0607,North America,Cold - Cold Summer,-105.26667,55.26667,CCS,human_untruncated_hierarchical_contribution
22101,spatial_spd,untruncated_hierarchical_contribution,human,0.0287,Latin America,Polar,-76.09258,6.47451,POL,human_untruncated_hierarchical_contribution
4479,spatial_spd,untruncated_hierarchical_contribution,human,0.0725,Europe,Cold - Warm Summer,21.56259,49.73807,CWS,human_untruncated_hierarchical_contribution
4017,spatial_spd,untruncated_hierarchical_contribution,human,-0.0172,Europe,Cold - Cold Summer,33.85,62.31667,CCS,human_untruncated_hierarchical_contribution
2879,spatial_spd,untruncated_hierarchical_contribution,human,0.0194,North America,Cold - Cold Summer,-116.3678,50.78295,CCS,human_untruncated_hierarchical_contribution
20281,spatial_spd,untruncated_hierarchical_contribution,human,0.0398,North America,Arid,-135.34404,60.81122,ARD,human_untruncated_hierarchical_contribution
19937,spatial_spd,untruncated_hierarchical_contribution,human,0.0135,North America,Cold - Hot Summer,-86.52289,41.75667,CHS,human_untruncated_hierarchical_contribution
3582,spatial_spd,untruncated_hierarchical_contribution,human,-0.0135,North America,Temperate,-76.68333,36.16667,TMP,human_untruncated_hierarchical_contribution
48616,spatial_spd,untruncated_hierarchical_contribution,human,0.1084,North America,Cold - Cold Summer,-120.65228,53.60656,CCS,human_untruncated_hierarchical_contribution
40976,spatial_spd,untruncated_hierarchical_contribution,human,0.0942,North America,Temperate - Dry Summer,-125.1271,49.7887,TDS,human_untruncated_hierarchical_contribution
19913,spatial_spd,untruncated_hierarchical_contribution,human,0.203,Europe,Cold - Cold Summer,14.45,63.88333,CCS,human_untruncated_hierarchical_contribution
20678,spatial_spd,untruncated_hierarchical_contribution,human,0.0423,North America,Cold - Dry Summer,-120.223,41.38,CDS,human_untruncated_hierarchical_contribution
15333,spatial_spd,untruncated_hierarchical_contribution,human,0.1006,North America,Arid,-135.76982,60.84984,ARD,human_untruncated_hierarchical_contribution
497,spatial_spd,untruncated_hierarchical_contribution,human,0.024,North America,Cold - Hot Summer,-93.27,42.02,CHS,human_untruncated_hierarchical_contribution
2611,spatial_spd,untruncated_hierarchical_contribution,human,0.031,North America,Cold - Dry Summer,-137.95778,60.95,CDS,human_untruncated_hierarchical_contribution
1965,spatial_spd,untruncated_hierarchical_contribution,human,0.1356,North America,Cold - Warm Summer,-79.78,44.93,CWS,human_untruncated_hierarchical_contribution
1703,spatial_spd,untruncated_hierarchical_contribution,human,0.067,North America,Cold - Warm Summer,-71.42278,47.07778,CWS,human_untruncated_hierarchical_contribution
2011,spatial_spd,untruncated_hierarchical_contribution,human,0.0558,North America,Cold - Warm Summer,-88.1,43.4,CWS,human_untruncated_hierarchical_contribution
40988,spatial_spd,untruncated_hierarchical_contribution,human,0.1028,North America,Cold - Warm Summer,-72.1952,42.6749,CWS,human_untruncated_hierarchical_contribution
14110,spatial_spd,untruncated_hierarchical_contribution,human,0.1206,Europe,Temperate,-6.42829,52.95764,TMP,human_untruncated_hierarchical_contribution
2576,spatial_spd,untruncated_hierarchical_contribution,human,0.1149,North America,Cold - Warm Summer,-110.35,44.93333,CWS,human_untruncated_hierarchical_contribution
41485,spatial_spd,untruncated_hierarchical_contribution,human,0.1006,Europe,Temperate,-8.46915,54.77481,TMP,human_untruncated_hierarchical_contribution
15866,spatial_spd,untruncated_hierarchical_contribution,human,0.0826,North America,Cold - Warm Summer,-75.27217,41.03345,CWS,human_untruncated_hierarchical_contribution
41762,spatial_spd,untruncated_hierarchical_contribution,human,0.0468,North America,Cold - Warm Summer,-114.37266,48.15888,CWS,human_untruncated_hierarchical_contribution
22786,spatial_spd,untruncated_hierarchical_contribution,human,0.0098,Europe,Cold - Cold Summer,8.51833,46.445,CCS,human_untruncated_hierarchical_contribution
14498,spatial_spd,untruncated_hierarchical_contribution,human,-0.0063,North America,Cold - Cold Summer,-115.93464,50.77669,CCS,human_untruncated_hierarchical_contribution
24089,spatial_spd,untruncated_hierarchical_contribution,human,0.0159,Europe,Cold - Warm Summer,13.48881,50.52085,CWS,human_untruncated_hierarchical_contribution
688,spatial_spd,untruncated_hierarchical_contribution,human,0.0422,North America,Polar,-69.95833,60.9875,POL,human_untruncated_hierarchical_contribution
20304,spatial_spd,untruncated_hierarchical_contribution,human,0.0388,North America,Cold - Cold Summer,-106.84506,37.6097,CCS,human_untruncated_hierarchical_contribution
45698,spatial_spd,untruncated_hierarchical_contribution,human,0.2229,Europe,Cold - Cold Summer,10.87192,60.83329,CCS,human_untruncated_hierarchical_contribution
1654,spatial_spd,untruncated_hierarchical_contribution,human,0.0115,Latin America,Polar,-76.35,-11.56667,POL,human_untruncated_hierarchical_contribution
21708,spatial_spd,untruncated_hierarchical_contribution,human,0.0678,Latin America,Temperate - Dry Summer,-73.77985,5.42453,TDS,human_untruncated_hierarchical_contribution
1902,spatial_spd,untruncated_hierarchical_contribution,human,0.2186,North America,Cold - Dry Summer,-121.43286,49.49253,CDS,human_untruncated_hierarchical_contribution
24996,spatial_spd,untruncated_hierarchical_contribution,human,0.0893,Europe,Cold - Cold Summer,5.88528,45.05611,CCS,human_untruncated_hierarchical_contribution
821,spatial_spd,untruncated_hierarchical_contribution,human,0.0316,North America,Cold - Warm Summer,-72.98278,45.28278,CWS,human_untruncated_hierarchical_contribution
22047,spatial_spd,untruncated_hierarchical_contribution,human,0.0829,Latin America,Temperate,-74.15686,4.99445,TMP,human_untruncated_hierarchical_contribution
20050,spatial_spd,untruncated_hierarchical_contribution,human,0.0606,Europe,Cold - Cold Summer,6,59.81667,CCS,human_untruncated_hierarchical_contribution
45351,spatial_spd,untruncated_hierarchical_contribution,human,0.075,Europe,Cold - Cold Summer,10.26778,61.5625,CCS,human_untruncated_hierarchical_contribution
2050,spatial_spd,untruncated_hierarchical_contribution,human,0.016,North America,Cold - Cold Summer,-152.6,67.25,CCS,human_untruncated_hierarchical_contribution
22805,spatial_spd,untruncated_hierarchical_contribution,human,0.1156,Europe,Temperate,2.43806,42.16222,TMP,human_untruncated_hierarchical_contribution
1890,spatial_spd,untruncated_hierarchical_contribution,human,0.0615,North America,Cold - Cold Summer,-66.26667,50.55,CCS,human_untruncated_hierarchical_contribution
2588,spatial_spd,untruncated_hierarchical_contribution,human,0.0564,North America,Cold - Cold Summer,-107.08325,38.82933,CCS,human_untruncated_hierarchical_contribution
239,spatial_spd,untruncated_hierarchical_contribution,human,0.2569,North America,Temperate - Dry Summer,-122.49167,45.8,TDS,human_untruncated_hierarchical_contribution
14803,spatial_spd,untruncated_hierarchical_contribution,human,0.0366,North America,Cold - Cold Summer,-114.98364,45.70637,CCS,human_untruncated_hierarchical_contribution
15413,spatial_spd,untruncated_hierarchical_contribution,human,-0.0118,North America,Cold - Dry Summer,-150.76444,60.62067,CDS,human_untruncated_hierarchical_contribution
4555,spatial_spd,untruncated_hierarchical_contribution,human,0.0605,Europe,Cold - Cold Summer,6.74944,45.88472,CCS,human_untruncated_hierarchical_contribution
48982,spatial_spd,untruncated_hierarchical_contribution,human,0.0678,Europe,Cold - Cold Summer,6.74944,45.88472,CCS,human_untruncated_hierarchical_contribution
343,spatial_spd,untruncated_hierarchical_contribution,human,-0.0252,North America,Cold - Dry Summer,-120.88056,45.91806,CDS,human_untruncated_hierarchical_contribution
2025,spatial_spd,untruncated_hierarchical_contribution,human,0.0292,North America,Cold - Cold Summer,-153.65,67.14722,CCS,human_untruncated_hierarchical_contribution
24048,spatial_spd,untruncated_hierarchical_contribution,human,0.0852,Europe,Polar,8.25556,46.54722,POL,human_untruncated_hierarchical_contribution
1003,spatial_spd,untruncated_hierarchical_contribution,human,-0.0022,North America,Cold - Dry Summer,-138.38333,68.38333,CDS,human_untruncated_hierarchical_contribution
3563,spatial_spd,untruncated_hierarchical_contribution,human,0.0151,North America,Cold - Hot Summer,-85.25,41.58306,CHS,human_untruncated_hierarchical_contribution
46292,spatial_spd,untruncated_hierarchical_contribution,human,-0.0414,North America,Cold - Warm Summer,-113.91295,47.24042,CWS,human_untruncated_hierarchical_contribution
834,spatial_spd,untruncated_hierarchical_contribution,human,0.099,North America,Cold - Cold Summer,-101.68167,54.74222,CCS,human_untruncated_hierarchical_contribution
20279,spatial_spd,untruncated_hierarchical_contribution,human,0.1132,Europe,Polar,25.36415,71.07382,POL,human_untruncated_hierarchical_contribution
4415,spatial_spd,untruncated_hierarchical_contribution,human,0.0207,Europe,Cold - Cold Summer,32.96292,65.09296,CCS,human_untruncated_hierarchical_contribution
20012,spatial_spd,untruncated_hierarchical_contribution,human,0.1355,Europe,Temperate,13.58333,68.13333,TMP,human_untruncated_hierarchical_contribution
24080,spatial_spd,untruncated_hierarchical_contribution,human,0.0105,Europe,Cold - Cold Summer,10.33554,46.46957,CCS,human_untruncated_hierarchical_contribution
2004,spatial_spd,untruncated_hierarchical_contribution,human,0.053,North America,Cold - Cold Summer,-110.56667,64.11667,CCS,human_untruncated_hierarchical_contribution
15101,spatial_spd,untruncated_hierarchical_contribution,human,-0.0449,Latin America,Temperate - Dry Summer,-71.4207,-42.50389,TDS,human_untruncated_hierarchical_contribution
3774,spatial_spd,untruncated_hierarchical_contribution,human,0.0226,North America,Cold - Warm Summer,-98.60348,47.06837,CWS,human_untruncated_hierarchical_contribution
1771,spatial_spd,untruncated_hierarchical_contribution,human,-0.0287,Latin America,Polar,-73,-50.46667,POL,human_untruncated_hierarchical_contribution
15967,spatial_spd,untruncated_hierarchical_contribution,human,0.2012,North America,Cold - Dry Summer,-111.52408,34.77379,CDS,human_untruncated_hierarchical_contribution
1607,spatial_spd,untruncated_hierarchical_contribution,human,0.03,North America,Cold - Warm Summer,-81.31667,48.4,CWS,human_untruncated_hierarchical_contribution
17336,spatial_spd,untruncated_hierarchical_contribution,human,0.1468,Europe,Temperate,-8.15353,52.37189,TMP,human_untruncated_hierarchical_contribution
987,spatial_spd,untruncated_hierarchical_contribution,human,-0.0259,North America,Cold - Cold Summer,-55.51667,50.76889,CCS,human_untruncated_hierarchical_contribution
15646,spatial_spd,untruncated_hierarchical_contribution,human,0.1468,North America,Cold - Dry Summer,-122.5609,41.34563,CDS,human_untruncated_hierarchical_contribution
15061,spatial_spd,untruncated_hierarchical_contribution,human,-0.0089,Latin America,Temperate - Dry Summer,-71.29522,-42.35994,TDS,human_untruncated_hierarchical_contribution
20609,spatial_spd,untruncated_hierarchical_contribution,human,0.0764,North America,Cold - Warm Summer,-119.30346,52.10981,CWS,human_untruncated_hierarchical_contribution
40448,spatial_spd,untruncated_hierarchical_contribution,human,0.0347,Europe,Polar,10.26429,46.81088,POL,human_untruncated_hierarchical_contribution
3046,spatial_spd,untruncated_hierarchical_contribution,human,0.1535,North America,Cold - Warm Summer,-79.63778,48.50389,CWS,human_untruncated_hierarchical_contribution
1610,spatial_spd,untruncated_hierarchical_contribution,human,0.0359,Latin America,Arid,-67.83333,-53.5,ARD,human_untruncated_hierarchical_contribution
331,spatial_spd,untruncated_hierarchical_contribution,human,0.1167,North America,Temperate,-85.01667,30.26667,TMP,human_untruncated_hierarchical_contribution
1711,spatial_spd,untruncated_hierarchical_contribution,human,0.0024,Latin America,Temperate - Dry Summer,-71.46667,-41.25,TDS,human_untruncated_hierarchical_contribution
48931,spatial_spd,untruncated_hierarchical_contribution,human,-0.001,Europe,Arid,-4.14498,41.31848,ARD,human_untruncated_hierarchical_contribution
3935,spatial_spd,untruncated_hierarchical_contribution,human,-0.0427,Europe,Cold - Warm Summer,15.19097,49.04174,CWS,human_untruncated_hierarchical_contribution
15032,spatial_spd,untruncated_hierarchical_contribution,human,0.0991,North America,Cold - Warm Summer,-88.32806,47.12324,CWS,human_untruncated_hierarchical_contribution
4445,spatial_spd,untruncated_hierarchical_contribution,human,-0.0099,Europe,Temperate,8.61199,56.12781,TMP,human_untruncated_hierarchical_contribution
15417,spatial_spd,untruncated_hierarchical_contribution,human,-0.0813,North America,Cold - Dry Summer,-130.84004,57.481,CDS,human_untruncated_hierarchical_contribution
4391,spatial_spd,untruncated_hierarchical_contribution,human,-0.034,Europe,Cold - Cold Summer,32.63333,64.08333,CCS,human_untruncated_hierarchical_contribution
24867,spatial_spd,untruncated_hierarchical_contribution,human,0.0181,Europe,Temperate,-1.50278,47.40278,TMP,human_untruncated_hierarchical_contribution
3484,spatial_spd,untruncated_hierarchical_contribution,human,0.0701,North America,Temperate,-83.25833,30.725,TMP,human_untruncated_hierarchical_contribution
317,spatial_spd,untruncated_hierarchical_contribution,human,0.0801,Europe,Cold - Cold Summer,28.39012,70.17739,CCS,human_untruncated_hierarchical_contribution
21926,spatial_spd,untruncated_hierarchical_contribution,human,-0.0309,Latin America,Polar,-74.10008,5.07352,POL,human_untruncated_hierarchical_contribution
42563,spatial_spd,untruncated_hierarchical_contribution,human,0.17,Europe,Temperate,-8.39009,55.01806,TMP,human_untruncated_hierarchical_contribution
777,spatial_spd,untruncated_hierarchical_contribution,human,0.0488,North America,Cold - Cold Summer,-58.55,53.23333,CCS,human_untruncated_hierarchical_contribution
40566,spatial_spd,untruncated_hierarchical_contribution,human,0.0882,Europe,Cold - Warm Summer,8.83094,47.61335,CWS,human_untruncated_hierarchical_contribution
15403,spatial_spd,untruncated_hierarchical_contribution,human,0.0456,North America,Cold - Warm Summer,-95.40482,47.68075,CWS,human_untruncated_hierarchical_contribution
20194,spatial_spd,untruncated_hierarchical_contribution,human,0.0129,North America,Arid,-103.62565,48.60626,ARD,human_untruncated_hierarchical_contribution
4372,spatial_spd,untruncated_hierarchical_contribution,human,0.0186,Europe,Cold - Cold Summer,20.31667,69.35,CCS,human_untruncated_hierarchical_contribution
4382,spatial_spd,untruncated_hierarchical_contribution,human,0.1612,Europe,Cold - Warm Summer,8.32556,47.07556,CWS,human_untruncated_hierarchical_contribution
16193,spatial_spd,untruncated_hierarchical_contribution,human,0.0215,North America,Cold - Warm Summer,-78.32909,44.08857,CWS,human_untruncated_hierarchical_contribution
42720,spatial_spd,untruncated_hierarchical_contribution,human,-0.0333,Europe,Cold - Warm Summer,6.75027,50.0978,CWS,human_untruncated_hierarchical_contribution
811,spatial_spd,untruncated_hierarchical_contribution,human,0.0567,North America,Cold - Dry Summer,-156.03333,68.13333,CDS,human_untruncated_hierarchical_contribution
22828,spatial_spd,untruncated_hierarchical_contribution,human,0.059,Europe,Cold - Warm Summer,23.52821,47.80939,CWS,human_untruncated_hierarchical_contribution
1657,spatial_spd,untruncated_hierarchical_contribution,human,0.0743,North America,Cold - Cold Summer,-119.71667,56.71667,CCS,human_untruncated_hierarchical_contribution
1520,spatial_spd,untruncated_hierarchical_contribution,human,-0.0094,North America,Cold - Hot Summer,-93.1249,44.7693,CHS,human_untruncated_hierarchical_contribution
1663,spatial_spd,untruncated_hierarchical_contribution,human,0.0532,North America,Cold - Warm Summer,-68.2,45.03333,CWS,human_untruncated_hierarchical_contribution
14512,spatial_spd,untruncated_hierarchical_contribution,human,0.1124,Europe,Temperate,-7.41421,53.36487,TMP,human_untruncated_hierarchical_contribution
356,spatial_spd,untruncated_hierarchical_contribution,human,0.0535,Latin America,Polar,-68.15,-16.36667,POL,human_untruncated_hierarchical_contribution
519,spatial_spd,untruncated_hierarchical_contribution,human,0.0108,North America,Cold - Warm Summer,-81.26667,49.18333,CWS,human_untruncated_hierarchical_contribution
15715,spatial_spd,untruncated_hierarchical_contribution,human,0.0286,North America,Cold - Dry Summer,-120.78,42.556,CDS,human_untruncated_hierarchical_contribution
3047,spatial_spd,untruncated_hierarchical_contribution,human,0.1635,North America,Cold - Warm Summer,-87.94333,46.75414,CWS,human_untruncated_hierarchical_contribution
20018,spatial_spd,untruncated_hierarchical_contribution,human,0.0069,Europe,Polar,10.39435,62.33017,POL,human_untruncated_hierarchical_contribution
281,spatial_spd,untruncated_hierarchical_contribution,human,0.0178,North America,Temperate,-88.47444,33.56333,TMP,human_untruncated_hierarchical_contribution
21603,spatial_spd,untruncated_hierarchical_contribution,human,0.1169,Latin America,Arid,-71.70905,-13.09272,ARD,human_untruncated_hierarchical_contribution
48917,spatial_spd,untruncated_hierarchical_contribution,human,0.0676,Europe,Cold - Warm Summer,22.42306,58.52611,CWS,human_untruncated_hierarchical_contribution
304,spatial_spd,untruncated_hierarchical_contribution,human,0.1005,North America,Temperate,-97.12611,30.36,TMP,human_untruncated_hierarchical_contribution
15035,spatial_spd,untruncated_hierarchical_contribution,human,0.1466,North America,Cold - Warm Summer,-89.0935,47.91059,CWS,human_untruncated_hierarchical_contribution
1849,spatial_spd,untruncated_hierarchical_contribution,human,0.0922,North America,Cold - Cold Summer,-57.75,53.05,CCS,human_untruncated_hierarchical_contribution
16212,spatial_spd,untruncated_hierarchical_contribution,human,0.078,Europe,Cold - Warm Summer,-2.84844,41.99772,CWS,human_untruncated_hierarchical_contribution
1705,spatial_spd,untruncated_hierarchical_contribution,human,0.1833,North America,Temperate,-122.54722,49.30833,TMP,human_untruncated_hierarchical_contribution
492,spatial_spd,untruncated_hierarchical_contribution,human,-0.0563,North America,Temperate,-78.95401,33.79844,TMP,human_untruncated_hierarchical_contribution
4203,spatial_spd,untruncated_hierarchical_contribution,human,-0.0217,Europe,Cold - Warm Summer,27.57509,59.30546,CWS,human_untruncated_hierarchical_contribution
42722,spatial_spd,untruncated_hierarchical_contribution,human,0.0895,North America,Cold - Warm Summer,-55.4959,48.24689,CWS,human_untruncated_hierarchical_contribution
550,spatial_spd,untruncated_hierarchical_contribution,human,0.2272,North America,Temperate - Dry Summer,-122.25,46.59167,TDS,human_untruncated_hierarchical_contribution
3830,spatial_spd,untruncated_hierarchical_contribution,human,0.0392,North America,Cold - Warm Summer,-74.05822,44.14671,CWS,human_untruncated_hierarchical_contribution
17359,spatial_spd,untruncated_hierarchical_contribution,human,-0.0277,North America,Cold - Cold Summer,-149.26043,63.88385,CCS,human_untruncated_hierarchical_contribution
40579,spatial_spd,untruncated_hierarchical_contribution,human,0.0564,Europe,Cold - Cold Summer,8.51833,46.445,CCS,human_untruncated_hierarchical_contribution
41183,spatial_spd,untruncated_hierarchical_contribution,human,0.0367,North America,Cold - Dry Summer,-149.91417,60.25387,CDS,human_untruncated_hierarchical_contribution
15189,spatial_spd,untruncated_hierarchical_contribution,human,0.0943,North America,Cold - Cold Summer,-152.49547,67.10883,CCS,human_untruncated_hierarchical_contribution
534,spatial_spd,untruncated_hierarchical_contribution,human,0.3926,North America,Cold - Warm Summer,-111.18333,44.125,CWS,human_untruncated_hierarchical_contribution
4362,spatial_spd,untruncated_hierarchical_contribution,human,-0.0233,Europe,Cold - Warm Summer,27.25948,57.68477,CWS,human_untruncated_hierarchical_contribution
41770,spatial_spd,untruncated_hierarchical_contribution,human,0.1377,Europe,Temperate,8.92794,45.99663,TMP,human_untruncated_hierarchical_contribution
45101,spatial_spd,untruncated_hierarchical_contribution,human,0.0369,Europe,Arid,21.91667,40.81667,ARD,human_untruncated_hierarchical_contribution
4288,spatial_spd,untruncated_hierarchical_contribution,human,-0.013,Europe,Cold - Cold Summer,33.5,61.80556,CCS,human_untruncated_hierarchical_contribution
22814,spatial_spd,untruncated_hierarchical_contribution,human,-0.0061,Europe,Cold - Warm Summer,25.89735,46.12662,CWS,human_untruncated_hierarchical_contribution
2951,spatial_spd,untruncated_hierarchical_contribution,human,0.0014,North America,Cold - Cold Summer,-57.3,51.51667,CCS,human_untruncated_hierarchical_contribution
4403,spatial_spd,untruncated_hierarchical_contribution,human,0.0529,Europe,Cold - Warm Summer,12.41426,57.16313,CWS,human_untruncated_hierarchical_contribution
1006,spatial_spd,untruncated_hierarchical_contribution,human,-0.0383,North America,Cold - Cold Summer,-146.9075,64.44444,CCS,human_untruncated_hierarchical_contribution
871,spatial_spd,untruncated_hierarchical_contribution,human,0.0468,North America,Cold - Warm Summer,-74.37083,45.94583,CWS,human_untruncated_hierarchical_contribution
17371,spatial_spd,untruncated_hierarchical_contribution,human,-0.0183,Latin America,Polar,-67.83333,-54.71667,POL,human_untruncated_hierarchical_contribution
1448,spatial_spd,untruncated_hierarchical_contribution,human,-0.0013,North America,Cold - Warm Summer,-87.84806,44.23806,CWS,human_untruncated_hierarchical_contribution
24155,spatial_spd,untruncated_hierarchical_contribution,human,0.0209,Europe,Cold - Cold Summer,22.05346,68.68811,CCS,human_untruncated_hierarchical_contribution
40454,spatial_spd,untruncated_hierarchical_contribution,human,0.011,Europe,Temperate,7.12361,46.935,TMP,human_untruncated_hierarchical_contribution
22817,spatial_spd,untruncated_hierarchical_contribution,human,-0.011,Europe,Cold - Warm Summer,13.25694,52.58583,CWS,human_untruncated_hierarchical_contribution
25232,spatial_spd,untruncated_hierarchical_contribution,human,0.0776,Europe,Temperate,2.5175,45.07611,TMP,human_untruncated_hierarchical_contribution
43525,spatial_spd,untruncated_hierarchical_contribution,human,0.1303,Europe,Temperate,-7.27146,57.35101,TMP,human_untruncated_hierarchical_contribution
20046,spatial_spd,untruncated_hierarchical_contribution,human,0.0584,Europe,Polar,8.66667,61.41667,POL,human_untruncated_hierarchical_contribution
4209,spatial_spd,untruncated_hierarchical_contribution,human,0.1191,Europe,Temperate,-4.74263,56.00316,TMP,human_untruncated_hierarchical_contribution
1622,spatial_spd,untruncated_hierarchical_contribution,human,0.0236,North America,Cold - Warm Summer,-55.47306,49.47139,CWS,human_untruncated_hierarchical_contribution
4467,spatial_spd,untruncated_hierarchical_contribution,human,-0.0678,Europe,Cold - Cold Summer,23.56001,42.06517,CCS,human_untruncated_hierarchical_contribution
15793,spatial_spd,untruncated_hierarchical_contribution,human,0.0219,North America,Cold - Warm Summer,-67.4015,46.89286,CWS,human_untruncated_hierarchical_contribution
15680,spatial_spd,untruncated_hierarchical_contribution,human,0.1799,North America,Cold - Dry Summer,-120.38753,39.05223,CDS,human_untruncated_hierarchical_contribution
3928,spatial_spd,untruncated_hierarchical_contribution,human,-0.0427,Europe,Cold - Cold Summer,32.76667,62.03333,CCS,human_untruncated_hierarchical_contribution
4531,spatial_spd,untruncated_hierarchical_contribution,human,0.0211,Europe,Cold - Warm Summer,22.38333,58.46667,CWS,human_untruncated_hierarchical_contribution
2314,spatial_spd,untruncated_hierarchical_contribution,human,0.102,North America,Cold - Hot Summer,-93.86307,44.86829,CHS,human_untruncated_hierarchical_contribution
339,spatial_spd,untruncated_hierarchical_contribution,human,0.0655,North America,Cold - Warm Summer,-64.94,48.19778,CWS,human_untruncated_hierarchical_contribution
1807,spatial_spd,untruncated_hierarchical_contribution,human,-0.0379,North America,Cold - Warm Summer,-81.5,46.6,CWS,human_untruncated_hierarchical_contribution
514,spatial_spd,untruncated_hierarchical_contribution,human,0.0881,North America,Polar,-106.41121,38.82854,POL,human_untruncated_hierarchical_contribution
3125,spatial_spd,untruncated_hierarchical_contribution,human,0.1224,North America,Cold - Cold Summer,-99.6594,50.6907,CCS,human_untruncated_hierarchical_contribution
20922,spatial_spd,untruncated_hierarchical_contribution,human,0.1475,North America,Cold - Cold Summer,-106.25685,41.37674,CCS,human_untruncated_hierarchical_contribution
41606,spatial_spd,untruncated_hierarchical_contribution,human,0.0917,North America,Polar,-124.688,58.485,POL,human_untruncated_hierarchical_contribution
352,spatial_spd,untruncated_hierarchical_contribution,human,0.1153,North America,Cold - Hot Summer,-93.19722,45.41111,CHS,human_untruncated_hierarchical_contribution
17304,spatial_spd,untruncated_hierarchical_contribution,human,0.1366,North America,Cold - Warm Summer,-89.5565,45.51884,CWS,human_untruncated_hierarchical_contribution
22732,spatial_spd,untruncated_hierarchical_contribution,human,0.0915,Europe,Cold - Warm Summer,7.69021,45.68554,CWS,human_untruncated_hierarchical_contribution
2609,spatial_spd,untruncated_hierarchical_contribution,human,0.0572,North America,Cold - Hot Summer,-84.68944,40.21667,CHS,human_untruncated_hierarchical_contribution
48798,spatial_spd,untruncated_hierarchical_contribution,human,0.0257,Europe,Temperate,8.72184,53.67137,TMP,human_untruncated_hierarchical_contribution
21978,spatial_spd,untruncated_hierarchical_contribution,human,0.0168,Latin America,Temperate,-74.15686,4.99445,TMP,human_untruncated_hierarchical_contribution
22793,spatial_spd,untruncated_hierarchical_contribution,human,-0.0036,Europe,Cold - Cold Summer,10.47806,46.86278,CCS,human_untruncated_hierarchical_contribution
15766,spatial_spd,untruncated_hierarchical_contribution,human,0.0198,North America,Temperate - Dry Summer,-118.99583,36.98158,TDS,human_untruncated_hierarchical_contribution
46481,spatial_spd,untruncated_hierarchical_contribution,human,-0.0101,Europe,Cold - Warm Summer,32.0275,56.28528,CWS,human_untruncated_hierarchical_contribution
17713,spatial_spd,untruncated_hierarchical_contribution,human,0.0612,North America,Cold - Cold Summer,-104.94231,55.42836,CCS,human_untruncated_hierarchical_contribution
20651,spatial_spd,untruncated_hierarchical_contribution,human,-0.0515,North America,Polar,-138.092,61.018,POL,human_untruncated_hierarchical_contribution
47520,spatial_spd,untruncated_hierarchical_contribution,human,0.042,Europe,Cold - Cold Summer,13.39869,49.07402,CCS,human_untruncated_hierarchical_contribution
4359,spatial_spd,untruncated_hierarchical_contribution,human,0.2597,Europe,Temperate,1.64583,45.84972,TMP,human_untruncated_hierarchical_contribution
1788,spatial_spd,untruncated_hierarchical_contribution,human,0.0602,North America,Polar,-128.8,63.01667,POL,human_untruncated_hierarchical_contribution
4183,spatial_spd,untruncated_hierarchical_contribution,human,0.1394,Europe,Cold - Cold Summer,30.53333,64.56667,CCS,human_untruncated_hierarchical_contribution
816,spatial_spd,untruncated_hierarchical_contribution,human,0.1843,North America,Temperate - Dry Summer,-119.83333,37,TDS,human_untruncated_hierarchical_contribution
3056,spatial_spd,untruncated_hierarchical_contribution,human,0.0603,North America,Polar,-105.51561,37.56888,POL,human_untruncated_hierarchical_contribution
40803,spatial_spd,untruncated_hierarchical_contribution,human,0.1338,North America,Cold - Hot Summer,-70.63644,41.56329,CHS,human_untruncated_hierarchical_contribution
16278,spatial_spd,untruncated_hierarchical_contribution,human,0.018,North America,Cold - Warm Summer,-78.10417,44.16583,CWS,human_untruncated_hierarchical_contribution
1632,spatial_spd,untruncated_hierarchical_contribution,human,0.1011,North America,Cold - Dry Summer,-135.4,59.2,CDS,human_untruncated_hierarchical_contribution
1904,spatial_spd,untruncated_hierarchical_contribution,human,0.0322,North America,Cold - Warm Summer,-75.80833,45.46944,CWS,human_untruncated_hierarchical_contribution
48948,spatial_spd,untruncated_hierarchical_contribution,human,-0.0274,Europe,Polar,6.59028,44.99361,POL,human_untruncated_hierarchical_contribution
25837,spatial_spd,untruncated_hierarchical_contribution,human,0.091,Europe,Cold - Cold Summer,12.13889,47.24306,CCS,human_untruncated_hierarchical_contribution
2961,spatial_spd,untruncated_hierarchical_contribution,human,0.1484,North America,Cold - Hot Summer,-85.38333,42.4,CHS,human_untruncated_hierarchical_contribution
4145,spatial_spd,untruncated_hierarchical_contribution,human,-0.0095,Europe,Cold - Cold Summer,32.16667,65.08333,CCS,human_untruncated_hierarchical_contribution
1152,spatial_spd,untruncated_hierarchical_contribution,human,0.107,North America,Cold - Cold Summer,-107.03333,38.865,CCS,human_untruncated_hierarchical_contribution
3468,spatial_spd,untruncated_hierarchical_contribution,human,0.0613,North America,Cold - Hot Summer,-93.69945,45.41613,CHS,human_untruncated_hierarchical_contribution
15586,spatial_spd,untruncated_hierarchical_contribution,human,0.0341,North America,Cold - Dry Summer,-116.0839,44.8993,CDS,human_untruncated_hierarchical_contribution
22908,spatial_spd,untruncated_hierarchical_contribution,human,0.1827,Europe,Temperate,7.38985,45.05242,TMP,human_untruncated_hierarchical_contribution
1104,spatial_spd,untruncated_hierarchical_contribution,human,0.0052,North America,Cold - Dry Summer,-150.32555,60.46562,CDS,human_untruncated_hierarchical_contribution
2623,spatial_spd,untruncated_hierarchical_contribution,human,0.0564,North America,Cold - Hot Summer,-74.48333,40.4,CHS,human_untruncated_hierarchical_contribution
1626,spatial_spd,untruncated_hierarchical_contribution,human,0.1254,North America,Cold - Warm Summer,-65.81278,49.20778,CWS,human_untruncated_hierarchical_contribution
24091,spatial_spd,untruncated_hierarchical_contribution,human,-0.0081,Europe,Cold - Warm Summer,11.67907,46.75939,CWS,human_untruncated_hierarchical_contribution
45381,spatial_spd,untruncated_hierarchical_contribution,human,0.1878,Europe,Cold - Warm Summer,25,59.43333,CWS,human_untruncated_hierarchical_contribution
24303,spatial_spd,untruncated_hierarchical_contribution,human,0.0859,Europe,Polar,8.02556,46.38972,POL,human_untruncated_hierarchical_contribution
228,spatial_spd,untruncated_hierarchical_contribution,human,0.2244,North America,Temperate - Dry Summer,-119.25586,37.15702,TDS,human_untruncated_hierarchical_contribution
32,spatial_spd,untruncated_hierarchical_contribution,human,0.0903,Latin America,Polar,-68.98333,-15.23333,POL,human_untruncated_hierarchical_contribution
1002,spatial_spd,untruncated_hierarchical_contribution,human,0.0221,North America,Cold - Warm Summer,-80.41333,43.23667,CWS,human_untruncated_hierarchical_contribution
2953,spatial_spd,untruncated_hierarchical_contribution,human,0.0837,North America,Temperate,-124.84444,48.67222,TMP,human_untruncated_hierarchical_contribution
1648,spatial_spd,untruncated_hierarchical_contribution,human,0.1116,North America,Temperate,-81.35466,27.20427,TMP,human_untruncated_hierarchical_contribution
15776,spatial_spd,untruncated_hierarchical_contribution,human,0.1356,North America,Temperate - Dry Summer,-120.65033,39.4591,TDS,human_untruncated_hierarchical_contribution
2593,spatial_spd,untruncated_hierarchical_contribution,human,0.0923,North America,Cold - Hot Summer,-74.18424,41.23597,CHS,human_untruncated_hierarchical_contribution
45716,spatial_spd,untruncated_hierarchical_contribution,human,0.0883,Europe,Polar,6.99194,59.84139,POL,human_untruncated_hierarchical_contribution
15394,spatial_spd,untruncated_hierarchical_contribution,human,0.096,Latin America,Tropical,-78.69181,22.16,TRO,human_untruncated_hierarchical_contribution
1766,spatial_spd,untruncated_hierarchical_contribution,human,0.136,North America,Arid,-111.7528,34.6488,ARD,human_untruncated_hierarchical_contribution
22851,spatial_spd,untruncated_hierarchical_contribution,human,0.0801,Europe,Cold - Warm Summer,14.61586,53.85885,CWS,human_untruncated_hierarchical_contribution
48925,spatial_spd,untruncated_hierarchical_contribution,human,-0.0156,North America,Cold - Warm Summer,-69.04601,46.40468,CWS,human_untruncated_hierarchical_contribution
17368,spatial_spd,untruncated_hierarchical_contribution,human,0.0716,Latin America,Polar,-67.75,-54.33333,POL,human_untruncated_hierarchical_contribution
4120,spatial_spd,untruncated_hierarchical_contribution,human,0.0127,Europe,Cold - Warm Summer,21.8875,49.3705,CWS,human_untruncated_hierarchical_contribution
18123,spatial_spd,untruncated_hierarchical_contribution,human,-0.0286,Latin America,Arid,-71.38341,-49.03244,ARD,human_untruncated_hierarchical_contribution
43295,spatial_spd,untruncated_hierarchical_contribution,human,0.0248,Latin America,Cold - Dry Summer,-71.56444,-44.90858,CDS,human_untruncated_hierarchical_contribution
15259,spatial_spd,untruncated_hierarchical_contribution,human,0.0654,Latin America,Polar,-67.29727,-54.87129,POL,human_untruncated_hierarchical_contribution
15682,spatial_spd,untruncated_hierarchical_contribution,human,0.1538,North America,Cold - Warm Summer,-87.923,46.83146,CWS,human_untruncated_hierarchical_contribution
24461,spatial_spd,untruncated_hierarchical_contribution,human,0.0279,Europe,Cold - Warm Summer,3.6,44.43333,CWS,human_untruncated_hierarchical_contribution
19995,spatial_spd,untruncated_hierarchical_contribution,human,0.0495,North America,Cold - Cold Summer,-121.50872,53.64304,CCS,human_untruncated_hierarchical_contribution
48782,spatial_spd,untruncated_hierarchical_contribution,human,0.0188,Europe,Temperate,8.71572,53.67106,TMP,human_untruncated_hierarchical_contribution
1970,spatial_spd,untruncated_hierarchical_contribution,human,0.0764,North America,Arid,-111.69798,37.93564,ARD,human_untruncated_hierarchical_contribution
41835,spatial_spd,untruncated_hierarchical_contribution,human,0.0417,Europe,Cold - Cold Summer,9.84504,46.49394,CCS,human_untruncated_hierarchical_contribution
4436,spatial_spd,untruncated_hierarchical_contribution,human,0.1077,Europe,Temperate,-6.25833,54.77694,TMP,human_untruncated_hierarchical_contribution
16073,spatial_spd,untruncated_hierarchical_contribution,human,0.0488,North America,Temperate - Dry Summer,-123.03632,39.48917,TDS,human_untruncated_hierarchical_contribution
16236,spatial_spd,untruncated_hierarchical_contribution,human,0.015,North America,Cold - Cold Summer,-149.68333,68.65359,CCS,human_untruncated_hierarchical_contribution
2880,spatial_spd,untruncated_hierarchical_contribution,human,0.0392,North America,Cold - Cold Summer,-108.10256,37.46906,CCS,human_untruncated_hierarchical_contribution
513,spatial_spd,untruncated_hierarchical_contribution,human,0.1316,North America,Cold - Hot Summer,-99.92606,44.82568,CHS,human_untruncated_hierarchical_contribution
1856,spatial_spd,untruncated_hierarchical_contribution,human,0.0372,North America,Cold - Cold Summer,-109.92,43.45917,CCS,human_untruncated_hierarchical_contribution
40844,spatial_spd,untruncated_hierarchical_contribution,human,-0.0191,North America,Cold - Hot Summer,-71.0133,41.8815,CHS,human_untruncated_hierarchical_contribution
4308,spatial_spd,untruncated_hierarchical_contribution,human,0.0348,Europe,Cold - Warm Summer,24.68735,58.00009,CWS,human_untruncated_hierarchical_contribution
42668,spatial_spd,untruncated_hierarchical_contribution,human,-0.0097,Europe,Cold - Warm Summer,8.26188,48.42584,CWS,human_untruncated_hierarchical_contribution
1001,spatial_spd,untruncated_hierarchical_contribution,human,0.0269,North America,Cold - Dry Summer,-129.01667,60.03333,CDS,human_untruncated_hierarchical_contribution
369,spatial_spd,untruncated_hierarchical_contribution,human,0.0423,North America,Cold - Warm Summer,-83.24111,43.12389,CWS,human_untruncated_hierarchical_contribution
21838,spatial_spd,untruncated_hierarchical_contribution,human,0.0354,Latin America,Polar,-72.34629,6.38712,POL,human_untruncated_hierarchical_contribution
506,spatial_spd,untruncated_hierarchical_contribution,human,0.0679,North America,Cold - Cold Summer,-107.08549,38.87102,CCS,human_untruncated_hierarchical_contribution
1733,spatial_spd,untruncated_hierarchical_contribution,human,0.1449,North America,Cold - Cold Summer,-126.11667,65.21667,CCS,human_untruncated_hierarchical_contribution
19967,spatial_spd,untruncated_hierarchical_contribution,human,0.0441,North America,Cold - Warm Summer,-81.00585,44.73314,CWS,human_untruncated_hierarchical_contribution
PVT_Dabsan_Lake,spatial_spd,untruncated_hierarchical_contribution,human,-0.0226,Asia,Arid,95.5,37.1,ARD,human_untruncated_hierarchical_contribution
PVT_Daihai_Lake_2004,spatial_spd,untruncated_hierarchical_contribution,human,0.0576,Asia,Arid,112.67,40.58,ARD,human_untruncated_hierarchical_contribution
PVT_Dalianhai_Lake,spatial_spd,untruncated_hierarchical_contribution,human,-0.0109,Asia,Arid,100.41,36.25,ARD,human_untruncated_hierarchical_contribution
PVT_Gonghai_Lake,spatial_spd,untruncated_hierarchical_contribution,human,0.1339,Asia,Cold - Dry Winter,112.23,38.9,CDW,human_untruncated_hierarchical_contribution
PVT_Manas_Lake_LM1,spatial_spd,untruncated_hierarchical_contribution,human,8e-4,Asia,Arid,85.92,45.83,ARD,human_untruncated_hierarchical_contribution
PVT_Qidong,spatial_spd,untruncated_hierarchical_contribution,human,0.1717,Asia,Temperate,121.7,31.9,TMP,human_untruncated_hierarchical_contribution
PVT_Qinghai_Lake_QH2000,spatial_spd,untruncated_hierarchical_contribution,human,0.1358,Asia,Cold - Dry Winter,100.52,36.67,CDW,human_untruncated_hierarchical_contribution
PVT_Sihailongwan_Lake,spatial_spd,untruncated_hierarchical_contribution,human,0.0751,Asia,Cold - Dry Winter,126.6,42.28,CDW,human_untruncated_hierarchical_contribution
PVT_Ximen_Co,spatial_spd,untruncated_hierarchical_contribution,human,0.0681,Asia,Polar,101.47,33.38,POL,human_untruncated_hierarchical_contribution
PVT_Xingyun_Lake,spatial_spd,untruncated_hierarchical_contribution,human,0.2315,Asia,Temperate - Dry Winter,102.78,24.34,TDW,human_untruncated_hierarchical_contribution
PVT_Akkol_Lake,spatial_spd,untruncated_hierarchical_contribution,human,-0.0073,Asia,Polar,89.63,50.25,POL,human_untruncated_hierarchical_contribution
PVT_Ayongwama_Co,spatial_spd,untruncated_hierarchical_contribution,human,0.1752,Asia,Polar,98.2,34.83,POL,human_untruncated_hierarchical_contribution
PVT_Chaiwopu_Lake,spatial_spd,untruncated_hierarchical_contribution,human,0.1683,Asia,Arid,87.78,43.55,ARD,human_untruncated_hierarchical_contribution
PVT_Dahaizi_Lake,spatial_spd,untruncated_hierarchical_contribution,human,0.1464,Asia,Temperate - Dry Winter,102.67,27.83,TDW,human_untruncated_hierarchical_contribution
PVT_Dajiuhu_2013,spatial_spd,untruncated_hierarchical_contribution,human,0.0144,Asia,Cold - Dry Winter,110,31.49,CDW,human_untruncated_hierarchical_contribution
PVT_Dali_Nur_Jiangjunpaozi_Lake,spatial_spd,untruncated_hierarchical_contribution,human,-0.021,Asia,Cold - Dry Winter,117.47,42.374,CDW,human_untruncated_hierarchical_contribution
PVT_Dali_Nur_Liuzhouwan_Lake,spatial_spd,untruncated_hierarchical_contribution,human,0.0367,Asia,Cold - Dry Winter,116.683,42.70733,CDW,human_untruncated_hierarchical_contribution
PVT_Dongganchi,spatial_spd,untruncated_hierarchical_contribution,human,0.0304,Asia,Cold - Dry Winter,115.78,39.53,CDW,human_untruncated_hierarchical_contribution
PVT_Erhai_Lake,spatial_spd,untruncated_hierarchical_contribution,human,0.2187,Asia,Temperate - Dry Winter,100.2,25.77,TDW,human_untruncated_hierarchical_contribution
PVT_Erhailongwan_Lake,spatial_spd,untruncated_hierarchical_contribution,human,0.0436,Asia,Cold - Dry Winter,126.37,42.3,CDW,human_untruncated_hierarchical_contribution
PVT_Ganhai_Lake,spatial_spd,untruncated_hierarchical_contribution,human,0.1114,Asia,Cold - Dry Winter,112.19,38.89,CDW,human_untruncated_hierarchical_contribution
PVT_Gantang,spatial_spd,untruncated_hierarchical_contribution,human,0.0064,Asia,Temperate,119.03,26.77,TMP,human_untruncated_hierarchical_contribution
PVT_Guangfulin,spatial_spd,untruncated_hierarchical_contribution,human,0.0264,Asia,Temperate,121.19,31.06,TMP,human_untruncated_hierarchical_contribution
PVT_Huguangyan_Maer_LakeB,spatial_spd,untruncated_hierarchical_contribution,human,0.0551,Asia,Temperate - Dry Winter,110.28,21.15,TDW,human_untruncated_hierarchical_contribution
PVT_Kendegelukol_Lake,spatial_spd,untruncated_hierarchical_contribution,human,0.0416,Asia,Polar,87.64,50.51,POL,human_untruncated_hierarchical_contribution
PVT_Koucha_Lake,spatial_spd,untruncated_hierarchical_contribution,human,0.0402,Asia,Polar,97.24,34.01,POL,human_untruncated_hierarchical_contribution
PVT_Kuhai_Lake,spatial_spd,untruncated_hierarchical_contribution,human,0.0107,Asia,Polar,99.31,35.52,POL,human_untruncated_hierarchical_contribution
PVT_Longquan_Lake_LC2,spatial_spd,untruncated_hierarchical_contribution,human,-0.0405,Asia,Temperate,112.24,31.08,TMP,human_untruncated_hierarchical_contribution
PVT_Lop_Nur_Luo4,spatial_spd,untruncated_hierarchical_contribution,human,0.0645,Asia,Arid,90.25,40.33,ARD,human_untruncated_hierarchical_contribution
PVT_Mengcun,spatial_spd,untruncated_hierarchical_contribution,human,0.0588,Asia,Cold - Dry Winter,117.12,38.05,CDW,human_untruncated_hierarchical_contribution
PVT_Naleng_Co,spatial_spd,untruncated_hierarchical_contribution,human,0.0413,Asia,Polar,99.76,31.11,POL,human_untruncated_hierarchical_contribution
PVT_Nantun,spatial_spd,untruncated_hierarchical_contribution,human,0.0148,Asia,Temperate - Dry Winter,104.23,26.7,TDW,human_untruncated_hierarchical_contribution
PVT_Qigai_Nuur,spatial_spd,untruncated_hierarchical_contribution,human,0.0469,Asia,Arid,109.5,39.5,ARD,human_untruncated_hierarchical_contribution
PVT_Qongjiamong_Co,spatial_spd,untruncated_hierarchical_contribution,human,0.0749,Asia,Polar,92.37,29.81,POL,human_untruncated_hierarchical_contribution
PVT_Ren_Co_R1,spatial_spd,untruncated_hierarchical_contribution,human,-0.0424,Asia,Polar,96.68,30.73,POL,human_untruncated_hierarchical_contribution
PVT_Sanjiaocheng_Section,spatial_spd,untruncated_hierarchical_contribution,human,0.0754,Asia,Arid,103.34,39.01,ARD,human_untruncated_hierarchical_contribution
PVT_Sayram_Lake,spatial_spd,untruncated_hierarchical_contribution,human,0.0949,Asia,Cold - Warm Summer,81.09,44.34,CWS,human_untruncated_hierarchical_contribution
PVT_Shaamar,spatial_spd,untruncated_hierarchical_contribution,human,0.0244,Asia,Cold - Dry Winter,105.2,50.2,CDW,human_untruncated_hierarchical_contribution
PVT_Shayema_Lake,spatial_spd,untruncated_hierarchical_contribution,human,0.0575,Asia,Temperate - Dry Winter,102.22,28.58,TDW,human_untruncated_hierarchical_contribution
PVT_Sujiawan,spatial_spd,untruncated_hierarchical_contribution,human,0.0129,Asia,Cold - Dry Winter,104.52,35.54,CDW,human_untruncated_hierarchical_contribution
PVT_Tiancai_Lake,spatial_spd,untruncated_hierarchical_contribution,human,0.0384,Asia,Cold - Dry Winter,99.72,26.63,CDW,human_untruncated_hierarchical_contribution
PVT_Uzunkol_Lake,spatial_spd,untruncated_hierarchical_contribution,human,0.1037,Asia,Cold - Cold Summer,87.11,50.48,CCS,human_untruncated_hierarchical_contribution
PVT_Xiehu_Lake_SO4,spatial_spd,untruncated_hierarchical_contribution,human,0.0015,Asia,Cold - Dry Winter,122.52,37.38,CDW,human_untruncated_hierarchical_contribution
PVT_Yidun_Lake,spatial_spd,untruncated_hierarchical_contribution,human,0.0583,Asia,Polar,99.55,30.3,POL,human_untruncated_hierarchical_contribution
PVT_Zoige_RH,spatial_spd,untruncated_hierarchical_contribution,human,0.007,Asia,Cold - Dry Winter,103.35,33.95,CDW,human_untruncated_hierarchical_contribution
cao_8,spatial_spd,untruncated_hierarchical_contribution,human,0.0101,Asia,Cold - Dry Winter,108.9136111,53.95472222,CDW,human_untruncated_hierarchical_contribution
cao_57,spatial_spd,untruncated_hierarchical_contribution,human,-0.0353,Asia,Cold - Cold Summer,84.21666667,56.1,CCS,human_untruncated_hierarchical_contribution
cao_80,spatial_spd,untruncated_hierarchical_contribution,human,-0.0069,Asia,Cold - Cold Summer,88.166667,58.333333,CCS,human_untruncated_hierarchical_contribution
cao_101,spatial_spd,untruncated_hierarchical_contribution,human,0.0199,Asia,Cold - Warm Summer,51.84166667,53.025,CWS,human_untruncated_hierarchical_contribution
cao_124,spatial_spd,untruncated_hierarchical_contribution,human,0.0806,Asia,Cold - Cold Summer,84,56.166667,CCS,human_untruncated_hierarchical_contribution
cao_134,spatial_spd,untruncated_hierarchical_contribution,human,-0.027,Asia,Cold - Cold Summer,84.83333333,56.33333333,CCS,human_untruncated_hierarchical_contribution
cao_158,spatial_spd,untruncated_hierarchical_contribution,human,0.007,Asia,Cold - Warm Summer,57.883333,56.316667,CWS,human_untruncated_hierarchical_contribution
PANGAEA.884462,spatial_spd,untruncated_hierarchical_contribution,human,0.023,Asia,Arid,84.38194,43.04583,ARD,human_untruncated_hierarchical_contribution
PANGAEA.896256,spatial_spd,untruncated_hierarchical_contribution,human,0.024,Asia,Arid,86.804,41.931,ARD,human_untruncated_hierarchical_contribution
PANGAEA.783359,spatial_spd,untruncated_hierarchical_contribution,human,-0.0066,Asia,Temperate - Dry Summer,36.4925,42.2255,TDS,human_untruncated_hierarchical_contribution
Lake_Moon,spatial_spd,untruncated_hierarchical_contribution,human,0.0579,Asia,Cold - Dry Winter,120.8665,47.506,CDW,human_untruncated_hierarchical_contribution
47817,spatial_spd,untruncated_hierarchical_contribution,human,0.0694,Asia,Arid,81.03134,44.97373,ARD,human_untruncated_hierarchical_contribution
876,spatial_spd,untruncated_hierarchical_contribution,human,0.0207,Asia,Cold - Warm Summer,83.333333,55,CWS,human_untruncated_hierarchical_contribution
46462,spatial_spd,untruncated_hierarchical_contribution,human,0.0654,Asia,Cold - Warm Summer,41.039722,55.118056,CWS,human_untruncated_hierarchical_contribution
46466,spatial_spd,untruncated_hierarchical_contribution,human,0.0258,Asia,Cold - Warm Summer,38.5838,53.66192,CWS,human_untruncated_hierarchical_contribution
46483,spatial_spd,untruncated_hierarchical_contribution,human,-0.021,Asia,Cold - Warm Summer,36.416667,55.166667,CWS,human_untruncated_hierarchical_contribution
3896,spatial_spd,untruncated_hierarchical_contribution,human,0.0056,Asia,Cold - Cold Summer,37.516667,66.375,CCS,human_untruncated_hierarchical_contribution
46479,spatial_spd,untruncated_hierarchical_contribution,human,-0.0028,Asia,Cold - Warm Summer,36.2525,53.834722,CWS,human_untruncated_hierarchical_contribution
46485,spatial_spd,untruncated_hierarchical_contribution,human,0.0033,Asia,Cold - Warm Summer,37.333333,56.066667,CWS,human_untruncated_hierarchical_contribution
46447,spatial_spd,untruncated_hierarchical_contribution,human,0.0093,Asia,Cold - Cold Summer,35.32822,68.82667,CCS,human_untruncated_hierarchical_contribution
2643,spatial_spd,untruncated_hierarchical_contribution,human,0.0136,Asia,Cold - Warm Summer,132.783333,42.833333,CWS,human_untruncated_hierarchical_contribution
1844,spatial_spd,untruncated_hierarchical_contribution,human,0.0926,Asia,Cold - Warm Summer,134.566667,43.25,CWS,human_untruncated_hierarchical_contribution
4543,spatial_spd,untruncated_hierarchical_contribution,human,0.0193,Asia,Cold - Cold Summer,36.25,63.9,CCS,human_untruncated_hierarchical_contribution
40990,spatial_spd,untruncated_hierarchical_contribution,human,-0.0252,Asia,Cold - Dry Winter,108.133333,52.783333,CDW,human_untruncated_hierarchical_contribution
4081,spatial_spd,untruncated_hierarchical_contribution,human,-0.0314,Asia,Cold - Dry Winter,106.6188,50.2618,CDW,human_untruncated_hierarchical_contribution
3861,spatial_spd,untruncated_hierarchical_contribution,human,-0.066,Asia,Arid,90.49975,49.48079,ARD,human_untruncated_hierarchical_contribution
41247,spatial_spd,untruncated_hierarchical_contribution,human,0.1837,Asia,Temperate - Dry Winter,99.27974,25.87085,TDW,human_untruncated_hierarchical_contribution
15624,spatial_spd,untruncated_hierarchical_contribution,human,0.0904,Asia,Temperate,134.133333333333,35.35,TMP,human_untruncated_hierarchical_contribution
41245,spatial_spd,untruncated_hierarchical_contribution,human,0.0791,Asia,Cold - Dry Winter,115.225425,41.632845,CDW,human_untruncated_hierarchical_contribution
14612,spatial_spd,untruncated_hierarchical_contribution,human,0.0408,Asia,Arid,96.90074,37.27446,ARD,human_untruncated_hierarchical_contribution
15649,spatial_spd,untruncated_hierarchical_contribution,human,0.1391,Asia,Temperate,136.13079,35.653925,TMP,human_untruncated_hierarchical_contribution
14134,spatial_spd,untruncated_hierarchical_contribution,human,-8e-4,Asia,Temperate,135.88674,35.51763,TMP,human_untruncated_hierarchical_contribution
15656,spatial_spd,untruncated_hierarchical_contribution,human,0.0139,Asia,Temperate,136.11934,35.54912,TMP,human_untruncated_hierarchical_contribution
22330,spatial_spd,untruncated_hierarchical_contribution,human,0.0113,Asia,Cold - Warm Summer,42.4969444444444,41.6838888888889,CWS,human_untruncated_hierarchical_contribution
15709,spatial_spd,untruncated_hierarchical_contribution,human,0.0066,Asia,Cold - Warm Summer,140.9,40.6166666666667,CWS,human_untruncated_hierarchical_contribution
15678,spatial_spd,untruncated_hierarchical_contribution,human,0.0921,Asia,Cold - Hot Summer,134.566666666667,35.4083333333333,CHS,human_untruncated_hierarchical_contribution
4137,spatial_spd,untruncated_hierarchical_contribution,human,0.0505,Asia,Arid,30.8,38.425,ARD,human_untruncated_hierarchical_contribution
4442,spatial_spd,untruncated_hierarchical_contribution,human,-0.0141,Asia,Cold - Dry Summer,29.898333,36.9975,CDS,human_untruncated_hierarchical_contribution
4509,spatial_spd,untruncated_hierarchical_contribution,human,-0.0215,Asia,Cold - Dry Summer,43,38.5,CDS,human_untruncated_hierarchical_contribution
24161,spatial_spd,untruncated_hierarchical_contribution,human,-0.0043,Asia,Cold - Dry Summer,31.283333,40.6,CDS,human_untruncated_hierarchical_contribution
24166,spatial_spd,untruncated_hierarchical_contribution,human,-0.0141,Asia,Temperate - Dry Summer,30.05,37.466667,TDS,human_untruncated_hierarchical_contribution
24175,spatial_spd,untruncated_hierarchical_contribution,human,0.0389,Asia,Arid,33.733333,37.5,ARD,human_untruncated_hierarchical_contribution
pg_711911,spatial_spd,untruncated_hierarchical_contribution,human,0.0844,Asia,Arid,36.016667,40.916667,ARD,human_untruncated_hierarchical_contribution
pg_858056,spatial_spd,untruncated_hierarchical_contribution,human,0.0571,Asia,Temperate - Dry Summer,29.53333,40.43333,TDS,human_untruncated_hierarchical_contribution
pg_874340,spatial_spd,untruncated_hierarchical_contribution,human,0.0358,Asia,Arid,35.39417,31.46528,ARD,human_untruncated_hierarchical_contribution
pg_884740,spatial_spd,untruncated_hierarchical_contribution,human,0.0701,Asia,Arid,35.58881,32.82328,ARD,human_untruncated_hierarchical_contribution
pg_711930,spatial_spd,untruncated_hierarchical_contribution,human,0.0473,Asia,Temperate - Dry Summer,47.716667,33.083333,TDS,human_untruncated_hierarchical_contribution
pg_738918,spatial_spd,untruncated_hierarchical_contribution,human,-0.0234,Asia,Cold - Dry Summer,46.116667,35.533333,CDS,human_untruncated_hierarchical_contribution
ippd_648,spatial_spd,untruncated_hierarchical_contribution,human,0.0927,Oceania,Cold - Warm Summer,148.5,-36.3667,CWS,human_untruncated_hierarchical_contribution
ippd_975,spatial_spd,untruncated_hierarchical_contribution,human,0.1306,Oceania,Temperate,151.4667,-32.05,TMP,human_untruncated_hierarchical_contribution
ippd_978,spatial_spd,untruncated_hierarchical_contribution,human,0.1711,Oceania,Temperate,150.1,-36.5833,TMP,human_untruncated_hierarchical_contribution
ippd_991,spatial_spd,untruncated_hierarchical_contribution,human,0.1326,Oceania,Temperate,149.52,-34.75,TMP,human_untruncated_hierarchical_contribution
ippd_1070,spatial_spd,untruncated_hierarchical_contribution,human,0.1672,Oceania,Tropical,142.95,-5.85,TRO,human_untruncated_hierarchical_contribution
ippd_1443,spatial_spd,untruncated_hierarchical_contribution,human,0.0311,Oceania,Tropical,142.3,-10.2,TRO,human_untruncated_hierarchical_contribution
ippd_1999,spatial_spd,untruncated_hierarchical_contribution,human,-0.025,Oceania,Tropical,145.45,-14.67,TRO,human_untruncated_hierarchical_contribution
ippd_2000,spatial_spd,untruncated_hierarchical_contribution,human,0.0858,Oceania,Temperate - Dry Winter,145.633,-17.1667,TDW,human_untruncated_hierarchical_contribution
ippd_2008,spatial_spd,untruncated_hierarchical_contribution,human,0.2211,Oceania,Temperate,142.6,-38.35,TMP,human_untruncated_hierarchical_contribution
ippd_2009,spatial_spd,untruncated_hierarchical_contribution,human,0.1122,Oceania,Temperate,153.41,-27.68,TMP,human_untruncated_hierarchical_contribution
ippd_2094,spatial_spd,untruncated_hierarchical_contribution,human,0.0711,Oceania,Temperate,151.3667,-31.9167,TMP,human_untruncated_hierarchical_contribution
ippd_2113,spatial_spd,untruncated_hierarchical_contribution,human,0.0996,Oceania,Temperate,153.45,-27.44,TMP,human_untruncated_hierarchical_contribution
ippd_2122,spatial_spd,untruncated_hierarchical_contribution,human,0.1044,Oceania,Temperate,150.38,-33.76,TMP,human_untruncated_hierarchical_contribution
ippd_2133,spatial_spd,untruncated_hierarchical_contribution,human,0.015,Oceania,Temperate - Dry Summer,140.581,-37.6094,TDS,human_untruncated_hierarchical_contribution
ippd_2160,spatial_spd,untruncated_hierarchical_contribution,human,0.1293,Oceania,Temperate,148.9567,-35.7522,TMP,human_untruncated_hierarchical_contribution
ippd_2163,spatial_spd,untruncated_hierarchical_contribution,human,0.102,Oceania,Temperate,149.5,-36.5167,TMP,human_untruncated_hierarchical_contribution
ippd_2179,spatial_spd,untruncated_hierarchical_contribution,human,0.0354,Oceania,Tropical,136.81667,-13.8667,TRO,human_untruncated_hierarchical_contribution
ippd_2216,spatial_spd,untruncated_hierarchical_contribution,human,0.0415,Oceania,Temperate,153.167,-25.23,TMP,human_untruncated_hierarchical_contribution
ippd_2264,spatial_spd,untruncated_hierarchical_contribution,human,0.0045,Oceania,Temperate,145.8854,-42.2713,TMP,human_untruncated_hierarchical_contribution
ippd_2268,spatial_spd,untruncated_hierarchical_contribution,human,0.0346,Oceania,Temperate,153.0613,-25.2171,TMP,human_untruncated_hierarchical_contribution
ippd_2270,spatial_spd,untruncated_hierarchical_contribution,human,0.0835,Oceania,Temperate,150.22,-33.38,TMP,human_untruncated_hierarchical_contribution
ippd_2287,spatial_spd,untruncated_hierarchical_contribution,human,0.0721,Oceania,Arid,141.570299,-34.052551,ARD,human_untruncated_hierarchical_contribution
ippd_2306,spatial_spd,untruncated_hierarchical_contribution,human,0.0054,Oceania,Temperate,145.6667,-41.6667,TMP,human_untruncated_hierarchical_contribution
ippd_2308,spatial_spd,untruncated_hierarchical_contribution,human,0.062,Oceania,Temperate,146.0833,-43.2667,TMP,human_untruncated_hierarchical_contribution
ippd_2313,spatial_spd,untruncated_hierarchical_contribution,human,0.1324,Oceania,Cold - Warm Summer,148.48333333333332,-36.38333333333333,CWS,human_untruncated_hierarchical_contribution
ippd_2357,spatial_spd,untruncated_hierarchical_contribution,human,0.2324,Oceania,Temperate,149.1333,-37.1,TMP,human_untruncated_hierarchical_contribution
46516,spatial_spd,untruncated_hierarchical_contribution,time,0.2517,Europe,Cold - Warm Summer,28.61129,59.61457,CWS,time_untruncated_hierarchical_contribution
26606,spatial_spd,untruncated_hierarchical_contribution,time,0.2147,North America,Cold - Warm Summer,-93.72746,49.65882,CWS,time_untruncated_hierarchical_contribution
48966,spatial_spd,untruncated_hierarchical_contribution,time,0.2797,Europe,Temperate,5.75969,52.24479,TMP,time_untruncated_hierarchical_contribution
3565,spatial_spd,untruncated_hierarchical_contribution,time,0.1907,North America,Cold - Warm Summer,-71.80778,46.89194,CWS,time_untruncated_hierarchical_contribution
3032,spatial_spd,untruncated_hierarchical_contribution,time,0.3146,North America,Cold - Warm Summer,-85.66111,46.42917,CWS,time_untruncated_hierarchical_contribution
4383,spatial_spd,untruncated_hierarchical_contribution,time,0.3753,Europe,Cold - Warm Summer,8.32556,47.07556,CWS,time_untruncated_hierarchical_contribution
45377,spatial_spd,untruncated_hierarchical_contribution,time,0.0561,Europe,Cold - Warm Summer,24.1,59.075,CWS,time_untruncated_hierarchical_contribution
236,spatial_spd,untruncated_hierarchical_contribution,time,0.178,North America,Cold - Warm Summer,-79.78,47.23,CWS,time_untruncated_hierarchical_contribution
4170,spatial_spd,untruncated_hierarchical_contribution,time,0.1902,Europe,Cold - Warm Summer,24.33333,41.98333,CWS,time_untruncated_hierarchical_contribution
25372,spatial_spd,untruncated_hierarchical_contribution,time,0.3526,Europe,Temperate,4.07917,47.26194,TMP,time_untruncated_hierarchical_contribution
46544,spatial_spd,untruncated_hierarchical_contribution,time,0.1846,Europe,Cold - Warm Summer,25.77353,58.48888,CWS,time_untruncated_hierarchical_contribution
982,spatial_spd,untruncated_hierarchical_contribution,time,0.2852,North America,Cold - Warm Summer,-85.11667,44.88333,CWS,time_untruncated_hierarchical_contribution
26448,spatial_spd,untruncated_hierarchical_contribution,time,0.3326,Europe,Cold - Cold Summer,10.47833,46.87,CCS,time_untruncated_hierarchical_contribution
4042,spatial_spd,untruncated_hierarchical_contribution,time,0.3463,Europe,Cold - Warm Summer,13.67319,58.55679,CWS,time_untruncated_hierarchical_contribution
3487,spatial_spd,untruncated_hierarchical_contribution,time,0.175,North America,Cold - Hot Summer,-97.36301,44.97734,CHS,time_untruncated_hierarchical_contribution
21675,spatial_spd,untruncated_hierarchical_contribution,time,0.2981,Latin America,Tropical,-76.5333,3.0833,TRO,time_untruncated_hierarchical_contribution
26499,spatial_spd,untruncated_hierarchical_contribution,time,0.0059,Europe,Polar,11.01283,46.84566,POL,time_untruncated_hierarchical_contribution
24840,spatial_spd,untruncated_hierarchical_contribution,time,0.2349,Europe,Temperate,-1.59583,47.27222,TMP,time_untruncated_hierarchical_contribution
2395,spatial_spd,untruncated_hierarchical_contribution,time,0.2513,Latin America,Tropical,-90.13333,20.86667,TRO,time_untruncated_hierarchical_contribution
45347,spatial_spd,untruncated_hierarchical_contribution,time,0.2049,Europe,Polar,9.83333,62.26667,POL,time_untruncated_hierarchical_contribution
15922,spatial_spd,untruncated_hierarchical_contribution,time,0.1435,North America,Cold - Warm Summer,-89.2827,46.2334,CWS,time_untruncated_hierarchical_contribution
1010,spatial_spd,untruncated_hierarchical_contribution,time,0.2293,North America,Cold - Cold Summer,-53.13333,47.32222,CCS,time_untruncated_hierarchical_contribution
4542,spatial_spd,untruncated_hierarchical_contribution,time,0.1293,Europe,Cold - Cold Summer,32.63333,65.11667,CCS,time_untruncated_hierarchical_contribution
14944,spatial_spd,untruncated_hierarchical_contribution,time,0.0656,North America,Cold - Dry Summer,-112.23885,36.63046,CDS,time_untruncated_hierarchical_contribution
17402,spatial_spd,untruncated_hierarchical_contribution,time,0.1409,North America,Cold - Cold Summer,-159.77674,60.21151,CCS,time_untruncated_hierarchical_contribution
234,spatial_spd,untruncated_hierarchical_contribution,time,0.2148,North America,Cold - Dry Summer,-119.00833,37.59583,CDS,time_untruncated_hierarchical_contribution
16081,spatial_spd,untruncated_hierarchical_contribution,time,0.0912,North America,Cold - Warm Summer,-62.61486,45.66757,CWS,time_untruncated_hierarchical_contribution
41421,spatial_spd,untruncated_hierarchical_contribution,time,0.0954,Europe,Temperate,0.67528,50.90583,TMP,time_untruncated_hierarchical_contribution
1451,spatial_spd,untruncated_hierarchical_contribution,time,0.1984,North America,Cold - Warm Summer,-71.56694,48.36583,CWS,time_untruncated_hierarchical_contribution
785,spatial_spd,untruncated_hierarchical_contribution,time,0.2005,North America,Cold - Warm Summer,-80.25,44.37,CWS,time_untruncated_hierarchical_contribution
2311,spatial_spd,untruncated_hierarchical_contribution,time,0.2305,North America,Cold - Cold Summer,-154.23333,67.06667,CCS,time_untruncated_hierarchical_contribution
3900,spatial_spd,untruncated_hierarchical_contribution,time,0.3434,Europe,Temperate,-1.85806,47.18611,TMP,time_untruncated_hierarchical_contribution
2053,spatial_spd,untruncated_hierarchical_contribution,time,0.1482,North America,Cold - Warm Summer,-95.28417,46.21194,CWS,time_untruncated_hierarchical_contribution
1149,spatial_spd,untruncated_hierarchical_contribution,time,0.1817,North America,Cold - Warm Summer,-77.05,44.48333,CWS,time_untruncated_hierarchical_contribution
46998,spatial_spd,untruncated_hierarchical_contribution,time,-0.0079,Latin America,Temperate,-79.11214,-4.25547,TMP,time_untruncated_hierarchical_contribution
46490,spatial_spd,untruncated_hierarchical_contribution,time,0.0141,Europe,Cold - Warm Summer,29.97722,59.01111,CWS,time_untruncated_hierarchical_contribution
210,spatial_spd,untruncated_hierarchical_contribution,time,0.2178,North America,Arid,-105.45,43.5,ARD,time_untruncated_hierarchical_contribution
4136,spatial_spd,untruncated_hierarchical_contribution,time,0.2924,Europe,Cold - Cold Summer,28.99524,66.12667,CCS,time_untruncated_hierarchical_contribution
45192,spatial_spd,untruncated_hierarchical_contribution,time,0.3608,Europe,Temperate - Dry Summer,-6.07028,42.12611,TDS,time_untruncated_hierarchical_contribution
15232,spatial_spd,untruncated_hierarchical_contribution,time,0.2758,North America,Cold - Cold Summer,-118.15429,51.03992,CCS,time_untruncated_hierarchical_contribution
41467,spatial_spd,untruncated_hierarchical_contribution,time,0.2747,Europe,Temperate,8.94329,46.05152,TMP,time_untruncated_hierarchical_contribution
3938,spatial_spd,untruncated_hierarchical_contribution,time,0.5168,Europe,Cold - Warm Summer,20.67577,52.54316,CWS,time_untruncated_hierarchical_contribution
2619,spatial_spd,untruncated_hierarchical_contribution,time,0.2312,North America,Temperate - Dry Summer,-119.81667,37.95,TDS,time_untruncated_hierarchical_contribution
22988,spatial_spd,untruncated_hierarchical_contribution,time,0.2835,Europe,Polar,8.01819,46.66807,POL,time_untruncated_hierarchical_contribution
46803,spatial_spd,untruncated_hierarchical_contribution,time,0.285,North America,Cold - Cold Summer,-148.15282,60.68065,CCS,time_untruncated_hierarchical_contribution
24195,spatial_spd,untruncated_hierarchical_contribution,time,0.2496,Europe,Cold - Cold Summer,7.84417,46.28306,CCS,time_untruncated_hierarchical_contribution
306,spatial_spd,untruncated_hierarchical_contribution,time,0.3248,North America,Cold - Cold Summer,-69.45278,47.45778,CCS,time_untruncated_hierarchical_contribution
847,spatial_spd,untruncated_hierarchical_contribution,time,0.0354,North America,Cold - Hot Summer,-83.63,42.33,CHS,time_untruncated_hierarchical_contribution
45322,spatial_spd,untruncated_hierarchical_contribution,time,0.2472,Europe,Temperate - Dry Summer,12.63333,37.61667,TDS,time_untruncated_hierarchical_contribution
18108,spatial_spd,untruncated_hierarchical_contribution,time,0.1895,North America,Cold - Cold Summer,-116.9055,49.49605,CCS,time_untruncated_hierarchical_contribution
42745,spatial_spd,untruncated_hierarchical_contribution,time,0.0215,North America,Cold - Cold Summer,-138.37522,61.0771,CCS,time_untruncated_hierarchical_contribution
17689,spatial_spd,untruncated_hierarchical_contribution,time,0.1075,North America,Cold - Warm Summer,-80.26015,43.26052,CWS,time_untruncated_hierarchical_contribution
340,spatial_spd,untruncated_hierarchical_contribution,time,0.1718,North America,Cold - Warm Summer,-68.77344,44.93672,CWS,time_untruncated_hierarchical_contribution
40634,spatial_spd,untruncated_hierarchical_contribution,time,0.196,Europe,Cold - Cold Summer,7.40306,46.42833,CCS,time_untruncated_hierarchical_contribution
15970,spatial_spd,untruncated_hierarchical_contribution,time,0.1743,North America,Cold - Cold Summer,-153.66508,62.55151,CCS,time_untruncated_hierarchical_contribution
17391,spatial_spd,untruncated_hierarchical_contribution,time,0.2047,North America,Cold - Cold Summer,-162.11413,63.4461,CCS,time_untruncated_hierarchical_contribution
4539,spatial_spd,untruncated_hierarchical_contribution,time,0.217,Europe,Cold - Cold Summer,22.86667,62.13333,CCS,time_untruncated_hierarchical_contribution
25285,spatial_spd,untruncated_hierarchical_contribution,time,0.1543,Europe,Temperate,5.28333,45.79083,TMP,time_untruncated_hierarchical_contribution
20293,spatial_spd,untruncated_hierarchical_contribution,time,0.1231,Europe,Cold - Cold Summer,29.29295,70.6989,CCS,time_untruncated_hierarchical_contribution
4251,spatial_spd,untruncated_hierarchical_contribution,time,0.3008,Europe,Temperate,-5.58229,57.62279,TMP,time_untruncated_hierarchical_contribution
2580,spatial_spd,untruncated_hierarchical_contribution,time,0.3693,North America,Cold - Cold Summer,-120.66667,57.45,CCS,time_untruncated_hierarchical_contribution
22773,spatial_spd,untruncated_hierarchical_contribution,time,0.3411,Europe,Cold - Cold Summer,9.38111,47.17139,CCS,time_untruncated_hierarchical_contribution
784,spatial_spd,untruncated_hierarchical_contribution,time,0.1828,Europe,Temperate,21.9525,40.81806,TMP,time_untruncated_hierarchical_contribution
4472,spatial_spd,untruncated_hierarchical_contribution,time,0.1306,Europe,Cold - Cold Summer,28.11667,61.21667,CCS,time_untruncated_hierarchical_contribution
45383,spatial_spd,untruncated_hierarchical_contribution,time,0.1572,Europe,Cold - Warm Summer,25.53861,59.48944,CWS,time_untruncated_hierarchical_contribution
40564,spatial_spd,untruncated_hierarchical_contribution,time,0.2916,Europe,Cold - Warm Summer,8.83094,47.61335,CWS,time_untruncated_hierarchical_contribution
13051,spatial_spd,untruncated_hierarchical_contribution,time,0.1145,North America,Cold - Warm Summer,-96.198,46.5929,CWS,time_untruncated_hierarchical_contribution
15783,spatial_spd,untruncated_hierarchical_contribution,time,0.1858,North America,Polar,-125.28,71.75,POL,time_untruncated_hierarchical_contribution
4373,spatial_spd,untruncated_hierarchical_contribution,time,0.1361,Europe,Temperate,5.65528,45.34833,TMP,time_untruncated_hierarchical_contribution
45722,spatial_spd,untruncated_hierarchical_contribution,time,0.178,Europe,Cold - Warm Summer,7.78231,58.32563,CWS,time_untruncated_hierarchical_contribution
2270,spatial_spd,untruncated_hierarchical_contribution,time,0.0985,North America,Cold - Hot Summer,-72.3027,41.3491,CHS,time_untruncated_hierarchical_contribution
15201,spatial_spd,untruncated_hierarchical_contribution,time,-0.0122,North America,Cold - Cold Summer,-105.5577,39.2855,CCS,time_untruncated_hierarchical_contribution
260,spatial_spd,untruncated_hierarchical_contribution,time,0.1413,North America,Cold - Warm Summer,-73.31667,42.5,CWS,time_untruncated_hierarchical_contribution
21539,spatial_spd,untruncated_hierarchical_contribution,time,0.1499,Latin America,Tropical,-76.43842,-0.68774,TRO,time_untruncated_hierarchical_contribution
15829,spatial_spd,untruncated_hierarchical_contribution,time,0.2097,North America,Polar,-64.26654,63.39458,POL,time_untruncated_hierarchical_contribution
14799,spatial_spd,untruncated_hierarchical_contribution,time,0.0809,North America,Cold - Dry Summer,-119.66075,37.84969,CDS,time_untruncated_hierarchical_contribution
4056,spatial_spd,untruncated_hierarchical_contribution,time,0.0517,Europe,Temperate,-0.19167,48.44444,TMP,time_untruncated_hierarchical_contribution
2617,spatial_spd,untruncated_hierarchical_contribution,time,0.1128,North America,Cold - Hot Summer,-74.03778,41.39139,CHS,time_untruncated_hierarchical_contribution
42671,spatial_spd,untruncated_hierarchical_contribution,time,0.289,Europe,Cold - Warm Summer,8.2395,48.56961,CWS,time_untruncated_hierarchical_contribution
4058,spatial_spd,untruncated_hierarchical_contribution,time,-0.0146,Europe,Cold - Cold Summer,13.9,47.11667,CCS,time_untruncated_hierarchical_contribution
20613,spatial_spd,untruncated_hierarchical_contribution,time,0.183,North America,Cold - Warm Summer,-112.08801,42.13082,CWS,time_untruncated_hierarchical_contribution
15738,spatial_spd,untruncated_hierarchical_contribution,time,0.191,North America,Cold - Cold Summer,-109.90907,49.66388,CCS,time_untruncated_hierarchical_contribution
2287,spatial_spd,untruncated_hierarchical_contribution,time,0.0864,North America,Cold - Warm Summer,-79.44,44.18,CWS,time_untruncated_hierarchical_contribution
22842,spatial_spd,untruncated_hierarchical_contribution,time,0.2364,Europe,Cold - Cold Summer,7.19861,46.35972,CCS,time_untruncated_hierarchical_contribution
15288,spatial_spd,untruncated_hierarchical_contribution,time,0.1259,North America,Temperate,-127.69941,50.18234,TMP,time_untruncated_hierarchical_contribution
21762,spatial_spd,untruncated_hierarchical_contribution,time,0.1907,Latin America,Polar,-72.80159,6.16936,POL,time_untruncated_hierarchical_contribution
1148,spatial_spd,untruncated_hierarchical_contribution,time,0.182,North America,Temperate - Dry Summer,-122.575,44.63333,TDS,time_untruncated_hierarchical_contribution
48721,spatial_spd,untruncated_hierarchical_contribution,time,0.1874,North America,Cold - Dry Summer,-114.10713,64.0537,CDS,time_untruncated_hierarchical_contribution
24467,spatial_spd,untruncated_hierarchical_contribution,time,0.3006,Europe,Temperate,3.13333,49.18333,TMP,time_untruncated_hierarchical_contribution
1450,spatial_spd,untruncated_hierarchical_contribution,time,0.217,North America,Cold - Warm Summer,-52.71389,47.59028,CWS,time_untruncated_hierarchical_contribution
23004,spatial_spd,untruncated_hierarchical_contribution,time,0.1469,Europe,Cold - Warm Summer,28.01373,51.19139,CWS,time_untruncated_hierarchical_contribution
2292,spatial_spd,untruncated_hierarchical_contribution,time,0.0665,North America,Cold - Warm Summer,-69.41028,43.92139,CWS,time_untruncated_hierarchical_contribution
2391,spatial_spd,untruncated_hierarchical_contribution,time,0.0392,North America,Cold - Warm Summer,-70.35,43.96667,CWS,time_untruncated_hierarchical_contribution
1024,spatial_spd,untruncated_hierarchical_contribution,time,0.2491,North America,Polar,-155.05,67.93333,POL,time_untruncated_hierarchical_contribution
1642,spatial_spd,untruncated_hierarchical_contribution,time,0.1155,North America,Temperate - Dry Summer,-123.58764,44.16387,TDS,time_untruncated_hierarchical_contribution
15785,spatial_spd,untruncated_hierarchical_contribution,time,0.0332,North America,Polar,-121.1,72.009,POL,time_untruncated_hierarchical_contribution
1735,spatial_spd,untruncated_hierarchical_contribution,time,0.1795,North America,Cold - Hot Summer,-89.41667,43.1,CHS,time_untruncated_hierarchical_contribution
22711,spatial_spd,untruncated_hierarchical_contribution,time,0.165,Europe,Temperate,-5.34361,57.55889,TMP,time_untruncated_hierarchical_contribution
24348,spatial_spd,untruncated_hierarchical_contribution,time,0.1603,Europe,Cold - Cold Summer,2.00833,42.55417,CCS,time_untruncated_hierarchical_contribution
40992,spatial_spd,untruncated_hierarchical_contribution,time,0.0927,North America,Cold - Warm Summer,-71.1813,43.29,CWS,time_untruncated_hierarchical_contribution
1786,spatial_spd,untruncated_hierarchical_contribution,time,0.2097,North America,Cold - Warm Summer,-93.39207,47.97876,CWS,time_untruncated_hierarchical_contribution
878,spatial_spd,untruncated_hierarchical_contribution,time,0.0529,North America,Cold - Warm Summer,-99.2976,49.4427,CWS,time_untruncated_hierarchical_contribution
44951,spatial_spd,untruncated_hierarchical_contribution,time,0.1465,Europe,Cold - Warm Summer,20.42349,48.33691,CWS,time_untruncated_hierarchical_contribution
328,spatial_spd,untruncated_hierarchical_contribution,time,0.3127,North America,Temperate,-86.53333,33.5,TMP,time_untruncated_hierarchical_contribution
40997,spatial_spd,untruncated_hierarchical_contribution,time,0.2371,Asia,Cold - Dry Winter,108.91361,53.95472,CDW,time_untruncated_hierarchical_contribution
42692,spatial_spd,untruncated_hierarchical_contribution,time,0.3462,Europe,Cold - Warm Summer,8.29455,48.66747,CWS,time_untruncated_hierarchical_contribution
1968,spatial_spd,untruncated_hierarchical_contribution,time,0.1802,North America,Cold - Warm Summer,-64.075,46.67361,CWS,time_untruncated_hierarchical_contribution
309,spatial_spd,untruncated_hierarchical_contribution,time,0.1144,North America,Cold - Warm Summer,-74.68333,43.91667,CWS,time_untruncated_hierarchical_contribution
34553,spatial_spd,untruncated_hierarchical_contribution,time,0.2118,Oceania,Temperate,145.95589,-41.66993,TMP,time_untruncated_hierarchical_contribution
46730,spatial_spd,untruncated_hierarchical_contribution,time,0.0975,North America,Cold - Cold Summer,-109.57577,44.96379,CCS,time_untruncated_hierarchical_contribution
232,spatial_spd,untruncated_hierarchical_contribution,time,0.105,North America,Temperate,-83.25389,30.62222,TMP,time_untruncated_hierarchical_contribution
1719,spatial_spd,untruncated_hierarchical_contribution,time,0.0455,North America,Cold - Warm Summer,-80.09,45.05,CWS,time_untruncated_hierarchical_contribution
41027,spatial_spd,untruncated_hierarchical_contribution,time,0.1791,North America,Cold - Warm Summer,-73.2597,41.852,CWS,time_untruncated_hierarchical_contribution
45728,spatial_spd,untruncated_hierarchical_contribution,time,0.0297,Europe,Cold - Warm Summer,7.91361,58.14445,CWS,time_untruncated_hierarchical_contribution
29236,spatial_spd,untruncated_hierarchical_contribution,time,0.1164,Europe,Cold - Warm Summer,6.17361,46.56667,CWS,time_untruncated_hierarchical_contribution
1841,spatial_spd,untruncated_hierarchical_contribution,time,0.0827,North America,Cold - Warm Summer,-68.94389,47.53278,CWS,time_untruncated_hierarchical_contribution
21807,spatial_spd,untruncated_hierarchical_contribution,time,0.2786,Latin America,Tropical,-89.99202,16.91211,TRO,time_untruncated_hierarchical_contribution
41631,spatial_spd,untruncated_hierarchical_contribution,time,0.2247,Europe,Cold - Warm Summer,10.67378,44.1199,CWS,time_untruncated_hierarchical_contribution
24061,spatial_spd,untruncated_hierarchical_contribution,time,0.2243,Europe,Cold - Cold Summer,11.45833,46.66611,CCS,time_untruncated_hierarchical_contribution
15667,spatial_spd,untruncated_hierarchical_contribution,time,0.2445,North America,Cold - Cold Summer,-119.6835,49.1188,CCS,time_untruncated_hierarchical_contribution
859,spatial_spd,untruncated_hierarchical_contribution,time,0.1919,North America,Cold - Cold Summer,-110.73333,44.91667,CCS,time_untruncated_hierarchical_contribution
15462,spatial_spd,untruncated_hierarchical_contribution,time,0.0187,North America,Cold - Cold Summer,-57.37679,50.71361,CCS,time_untruncated_hierarchical_contribution
14274,spatial_spd,untruncated_hierarchical_contribution,time,0.2945,Europe,Temperate,-9.56165,53.76021,TMP,time_untruncated_hierarchical_contribution
203,spatial_spd,untruncated_hierarchical_contribution,time,0.1275,North America,Temperate,-85.50396,36.02755,TMP,time_untruncated_hierarchical_contribution
17320,spatial_spd,untruncated_hierarchical_contribution,time,0.1174,North America,Cold - Cold Summer,-156.00243,58.75139,CCS,time_untruncated_hierarchical_contribution
308,spatial_spd,untruncated_hierarchical_contribution,time,0.2821,North America,Cold - Warm Summer,-70.675,45.56667,CWS,time_untruncated_hierarchical_contribution
2385,spatial_spd,untruncated_hierarchical_contribution,time,0.0715,North America,Cold - Hot Summer,-83.81531,40.35123,CHS,time_untruncated_hierarchical_contribution
26608,spatial_spd,untruncated_hierarchical_contribution,time,0.2345,Europe,Temperate - Dry Summer,15.60075,40.92751,TDS,time_untruncated_hierarchical_contribution
20188,spatial_spd,untruncated_hierarchical_contribution,time,0.1025,North America,Polar,-170.24989,57.1773,POL,time_untruncated_hierarchical_contribution
3879,spatial_spd,untruncated_hierarchical_contribution,time,0.0921,Europe,Temperate,-3.90841,57.31333,TMP,time_untruncated_hierarchical_contribution
15925,spatial_spd,untruncated_hierarchical_contribution,time,0.0784,North America,Cold - Warm Summer,-89.257,46.13937,CWS,time_untruncated_hierarchical_contribution
15919,spatial_spd,untruncated_hierarchical_contribution,time,0.2427,North America,Cold - Warm Summer,-89.29748,46.2435,CWS,time_untruncated_hierarchical_contribution
1432,spatial_spd,untruncated_hierarchical_contribution,time,0.1935,North America,Cold - Dry Summer,-161.41667,68.15,CDS,time_untruncated_hierarchical_contribution
48895,spatial_spd,untruncated_hierarchical_contribution,time,0.1502,North America,Cold - Warm Summer,-88.00947,47.41767,CWS,time_untruncated_hierarchical_contribution
2373,spatial_spd,untruncated_hierarchical_contribution,time,0.2856,North America,Cold - Warm Summer,-72.14694,48.29389,CWS,time_untruncated_hierarchical_contribution
518,spatial_spd,untruncated_hierarchical_contribution,time,0.106,North America,Cold - Warm Summer,-80.28333,38.2,CWS,time_untruncated_hierarchical_contribution
1445,spatial_spd,untruncated_hierarchical_contribution,time,0.3099,North America,Cold - Cold Summer,-127.61667,64.16667,CCS,time_untruncated_hierarchical_contribution
1835,spatial_spd,untruncated_hierarchical_contribution,time,0.0646,North America,Polar,-116.3125,51.34306,POL,time_untruncated_hierarchical_contribution
15325,spatial_spd,untruncated_hierarchical_contribution,time,0.0687,North America,Cold - Warm Summer,-72.1862,42.536,CWS,time_untruncated_hierarchical_contribution
1823,spatial_spd,untruncated_hierarchical_contribution,time,0.32,North America,Polar,-116.35,51.35972,POL,time_untruncated_hierarchical_contribution
966,spatial_spd,untruncated_hierarchical_contribution,time,0.3338,North America,Cold - Dry Summer,-122.04167,43.65,CDS,time_untruncated_hierarchical_contribution
4378,spatial_spd,untruncated_hierarchical_contribution,time,0.3219,Europe,Cold - Warm Summer,14.08165,49.24798,CWS,time_untruncated_hierarchical_contribution
40567,spatial_spd,untruncated_hierarchical_contribution,time,0.0866,Europe,Cold - Warm Summer,8.83094,47.61335,CWS,time_untruncated_hierarchical_contribution
532,spatial_spd,untruncated_hierarchical_contribution,time,0.3162,North America,Cold - Warm Summer,-84.95833,44.7,CWS,time_untruncated_hierarchical_contribution
44941,spatial_spd,untruncated_hierarchical_contribution,time,0.2617,Europe,Cold - Cold Summer,16.37673,68.6586,CCS,time_untruncated_hierarchical_contribution
48738,spatial_spd,untruncated_hierarchical_contribution,time,0.0927,Europe,Cold - Warm Summer,22.09672,58.32503,CWS,time_untruncated_hierarchical_contribution
15713,spatial_spd,untruncated_hierarchical_contribution,time,0.1127,North America,Cold - Cold Summer,-120.0974,49.191,CCS,time_untruncated_hierarchical_contribution
22650,spatial_spd,untruncated_hierarchical_contribution,time,0.2472,Europe,Cold - Cold Summer,19.28333,49.51667,CCS,time_untruncated_hierarchical_contribution
4497,spatial_spd,untruncated_hierarchical_contribution,time,0.1525,Europe,Cold - Warm Summer,22.38803,58.4848,CWS,time_untruncated_hierarchical_contribution
2634,spatial_spd,untruncated_hierarchical_contribution,time,0.306,North America,Arid,-112.39556,46.53111,ARD,time_untruncated_hierarchical_contribution
21537,spatial_spd,untruncated_hierarchical_contribution,time,0.038,Latin America,Tropical,-67.92396,-14.43169,TRO,time_untruncated_hierarchical_contribution
2332,spatial_spd,untruncated_hierarchical_contribution,time,0.0576,North America,Cold - Warm Summer,-72.97889,46.65417,CWS,time_untruncated_hierarchical_contribution
1776,spatial_spd,untruncated_hierarchical_contribution,time,0.1265,North America,Temperate,-81.87499,29.29299,TMP,time_untruncated_hierarchical_contribution
4092,spatial_spd,untruncated_hierarchical_contribution,time,0.2243,Europe,Cold - Cold Summer,24.25122,60.62404,CCS,time_untruncated_hierarchical_contribution
18110,spatial_spd,untruncated_hierarchical_contribution,time,0.204,North America,Cold - Warm Summer,-64.93446,43.86933,CWS,time_untruncated_hierarchical_contribution
3839,spatial_spd,untruncated_hierarchical_contribution,time,0.2611,North America,Cold - Warm Summer,-77.43333,45.03333,CWS,time_untruncated_hierarchical_contribution
2048,spatial_spd,untruncated_hierarchical_contribution,time,0.2621,North America,Cold - Warm Summer,-71.325,45.67083,CWS,time_untruncated_hierarchical_contribution
302,spatial_spd,untruncated_hierarchical_contribution,time,0.4376,North America,Cold - Cold Summer,-119.43333,55.575,CCS,time_untruncated_hierarchical_contribution
15103,spatial_spd,untruncated_hierarchical_contribution,time,0.3255,Latin America,Temperate - Dry Summer,-71.51314,-41.5129,TDS,time_untruncated_hierarchical_contribution
1391,spatial_spd,untruncated_hierarchical_contribution,time,0.0997,North America,Cold - Warm Summer,-58.24,48.24,CWS,time_untruncated_hierarchical_contribution
208,spatial_spd,untruncated_hierarchical_contribution,time,0.2486,North America,Polar,-153.9,67.13333,POL,time_untruncated_hierarchical_contribution
24053,spatial_spd,untruncated_hierarchical_contribution,time,0.4963,Europe,Cold - Cold Summer,11.48973,46.64372,CCS,time_untruncated_hierarchical_contribution
1862,spatial_spd,untruncated_hierarchical_contribution,time,0.1974,North America,Cold - Warm Summer,-88.74,48.56,CWS,time_untruncated_hierarchical_contribution
15244,spatial_spd,untruncated_hierarchical_contribution,time,0.1651,North America,Cold - Hot Summer,-86.85559,41.61117,CHS,time_untruncated_hierarchical_contribution
2297,spatial_spd,untruncated_hierarchical_contribution,time,0.2677,North America,Polar,-95.28333,73.13333,POL,time_untruncated_hierarchical_contribution
1883,spatial_spd,untruncated_hierarchical_contribution,time,0.2011,North America,Cold - Warm Summer,-92,49.48,CWS,time_untruncated_hierarchical_contribution
3149,spatial_spd,untruncated_hierarchical_contribution,time,0.2904,North America,Cold - Cold Summer,-123.64667,60.35667,CCS,time_untruncated_hierarchical_contribution
701,spatial_spd,untruncated_hierarchical_contribution,time,0.1175,North America,Cold - Cold Summer,-110.23333,43.93333,CCS,time_untruncated_hierarchical_contribution
3840,spatial_spd,untruncated_hierarchical_contribution,time,0.2561,North America,Temperate,-80.77947,34.16459,TMP,time_untruncated_hierarchical_contribution
20223,spatial_spd,untruncated_hierarchical_contribution,time,0.2602,Europe,Cold - Warm Summer,13.92972,50.12944,CWS,time_untruncated_hierarchical_contribution
42649,spatial_spd,untruncated_hierarchical_contribution,time,0.1301,Europe,Temperate,9.00032,47.68985,TMP,time_untruncated_hierarchical_contribution
2324,spatial_spd,untruncated_hierarchical_contribution,time,0.1556,North America,Cold - Cold Summer,-147.85,67.43333,CCS,time_untruncated_hierarchical_contribution
1698,spatial_spd,untruncated_hierarchical_contribution,time,0.1249,North America,Cold - Warm Summer,-68.73333,45.04167,CWS,time_untruncated_hierarchical_contribution
15081,spatial_spd,untruncated_hierarchical_contribution,time,0.2647,North America,Temperate,-85.7263,37.43148,TMP,time_untruncated_hierarchical_contribution
16217,spatial_spd,untruncated_hierarchical_contribution,time,0.3079,Europe,Temperate,-6.77814,53.81603,TMP,time_untruncated_hierarchical_contribution
41016,spatial_spd,untruncated_hierarchical_contribution,time,0.2616,North America,Cold - Hot Summer,-73.451,41.304,CHS,time_untruncated_hierarchical_contribution
21772,spatial_spd,untruncated_hierarchical_contribution,time,0.2284,North America,Temperate,-127.26283,50.60705,TMP,time_untruncated_hierarchical_contribution
41448,spatial_spd,untruncated_hierarchical_contribution,time,0.211,Europe,Cold - Cold Summer,7.33143,46.39684,CCS,time_untruncated_hierarchical_contribution
1571,spatial_spd,untruncated_hierarchical_contribution,time,0.2559,North America,Cold - Warm Summer,-79.11667,47.2875,CWS,time_untruncated_hierarchical_contribution
24861,spatial_spd,untruncated_hierarchical_contribution,time,0.1482,Europe,Temperate,-0.86056,47.41361,TMP,time_untruncated_hierarchical_contribution
21895,spatial_spd,untruncated_hierarchical_contribution,time,0.0841,Latin America,Tropical,-77.1432,2.0024,TRO,time_untruncated_hierarchical_contribution
22656,spatial_spd,untruncated_hierarchical_contribution,time,0.3298,Europe,Cold - Warm Summer,19.55637,49.44642,CWS,time_untruncated_hierarchical_contribution
2661,spatial_spd,untruncated_hierarchical_contribution,time,0.1058,North America,Cold - Cold Summer,-133.45,69.05,CCS,time_untruncated_hierarchical_contribution
47604,spatial_spd,untruncated_hierarchical_contribution,time,0.4652,Europe,Polar,7.35751,46.15006,POL,time_untruncated_hierarchical_contribution
1617,spatial_spd,untruncated_hierarchical_contribution,time,0.1939,North America,Cold - Cold Summer,-135.51417,65.94222,CCS,time_untruncated_hierarchical_contribution
48960,spatial_spd,untruncated_hierarchical_contribution,time,0.246,Europe,Temperate,2.64556,45.33944,TMP,time_untruncated_hierarchical_contribution
22944,spatial_spd,untruncated_hierarchical_contribution,time,0.3086,Europe,Cold - Warm Summer,20.20581,53.75192,CWS,time_untruncated_hierarchical_contribution
346,spatial_spd,untruncated_hierarchical_contribution,time,0.2257,North America,Cold - Warm Summer,-72.99861,46.61389,CWS,time_untruncated_hierarchical_contribution
15762,spatial_spd,untruncated_hierarchical_contribution,time,0.026,North America,Cold - Dry Summer,-120.21177,41.97585,CDS,time_untruncated_hierarchical_contribution
2629,spatial_spd,untruncated_hierarchical_contribution,time,0.1805,North America,Cold - Warm Summer,-70.05833,41.275,CWS,time_untruncated_hierarchical_contribution
17419,spatial_spd,untruncated_hierarchical_contribution,time,0.0983,North America,Cold - Cold Summer,-106.45186,37.02099,CCS,time_untruncated_hierarchical_contribution
3043,spatial_spd,untruncated_hierarchical_contribution,time,0.2479,Oceania,Temperate,147.30056,-42.54361,TMP,time_untruncated_hierarchical_contribution
45391,spatial_spd,untruncated_hierarchical_contribution,time,0.1476,Europe,Cold - Warm Summer,27.05833,57.80833,CWS,time_untruncated_hierarchical_contribution
40951,spatial_spd,untruncated_hierarchical_contribution,time,0.2055,Europe,Cold - Warm Summer,8.198,47.80425,CWS,time_untruncated_hierarchical_contribution
22966,spatial_spd,untruncated_hierarchical_contribution,time,0.2639,Europe,Cold - Warm Summer,7.735,46.82194,CWS,time_untruncated_hierarchical_contribution
3035,spatial_spd,untruncated_hierarchical_contribution,time,0.1248,North America,Cold - Warm Summer,-90.08333,45.33333,CWS,time_untruncated_hierarchical_contribution
47110,spatial_spd,untruncated_hierarchical_contribution,time,0.3001,Oceania,Temperate,145.95589,-41.66993,TMP,time_untruncated_hierarchical_contribution
1154,spatial_spd,untruncated_hierarchical_contribution,time,0.2601,Latin America,Temperate - Dry Winter,-45.53333,-22.78333,TDW,time_untruncated_hierarchical_contribution
47555,spatial_spd,untruncated_hierarchical_contribution,time,0.2571,North America,Temperate,-91.09082,36.79864,TMP,time_untruncated_hierarchical_contribution
527,spatial_spd,untruncated_hierarchical_contribution,time,0.1666,North America,Cold - Dry Summer,-146.48333,68.33333,CDS,time_untruncated_hierarchical_contribution
46280,spatial_spd,untruncated_hierarchical_contribution,time,0.0957,Europe,Cold - Warm Summer,7.48381,47.02139,CWS,time_untruncated_hierarchical_contribution
21913,spatial_spd,untruncated_hierarchical_contribution,time,0.3095,Latin America,Tropical,-76.78055,2.43268,TRO,time_untruncated_hierarchical_contribution
971,spatial_spd,untruncated_hierarchical_contribution,time,0.1586,North America,Cold - Warm Summer,-69.31667,44.98333,CWS,time_untruncated_hierarchical_contribution
1440,spatial_spd,untruncated_hierarchical_contribution,time,0.1603,Europe,Arid,32.61667,46.51667,ARD,time_untruncated_hierarchical_contribution
45319,spatial_spd,untruncated_hierarchical_contribution,time,0.18,Europe,Arid,32.61667,46.51667,ARD,time_untruncated_hierarchical_contribution
45320,spatial_spd,untruncated_hierarchical_contribution,time,0.201,Europe,Arid,32.61667,46.51667,ARD,time_untruncated_hierarchical_contribution
48816,spatial_spd,untruncated_hierarchical_contribution,time,0.306,North America,Cold - Warm Summer,-86.79965,46.33032,CWS,time_untruncated_hierarchical_contribution
42683,spatial_spd,untruncated_hierarchical_contribution,time,0.2636,Europe,Cold - Warm Summer,8.45764,48.71718,CWS,time_untruncated_hierarchical_contribution
21818,spatial_spd,untruncated_hierarchical_contribution,time,0.2485,Latin America,Polar,-74.3011,3.95173,POL,time_untruncated_hierarchical_contribution
15276,spatial_spd,untruncated_hierarchical_contribution,time,0.0736,North America,Temperate,-127.75256,50.16625,TMP,time_untruncated_hierarchical_contribution
2626,spatial_spd,untruncated_hierarchical_contribution,time,0.1843,North America,Cold - Warm Summer,-75.27217,41.03345,CWS,time_untruncated_hierarchical_contribution
2591,spatial_spd,untruncated_hierarchical_contribution,time,0.153,North America,Cold - Warm Summer,-76.35,41.67389,CWS,time_untruncated_hierarchical_contribution
4239,spatial_spd,untruncated_hierarchical_contribution,time,0.1454,Europe,Cold - Cold Summer,29.61124,65.61709,CCS,time_untruncated_hierarchical_contribution
2367,spatial_spd,untruncated_hierarchical_contribution,time,0.1589,North America,Cold - Cold Summer,-67.13194,50.14028,CCS,time_untruncated_hierarchical_contribution
45343,spatial_spd,untruncated_hierarchical_contribution,time,0.2782,Europe,Cold - Cold Summer,8.87778,63.35139,CCS,time_untruncated_hierarchical_contribution
26319,spatial_spd,untruncated_hierarchical_contribution,time,0.1348,Europe,Cold - Cold Summer,11.00155,47.21091,CCS,time_untruncated_hierarchical_contribution
684,spatial_spd,untruncated_hierarchical_contribution,time,0.1999,North America,Cold - Hot Summer,-89.7385,43.4083,CHS,time_untruncated_hierarchical_contribution
19909,spatial_spd,untruncated_hierarchical_contribution,time,0.0761,Europe,Cold - Cold Summer,16.40472,61.82125,CCS,time_untruncated_hierarchical_contribution
45329,spatial_spd,untruncated_hierarchical_contribution,time,0.2079,Europe,Cold - Warm Summer,11.61778,59.05972,CWS,time_untruncated_hierarchical_contribution
26505,spatial_spd,untruncated_hierarchical_contribution,time,0.0276,Europe,Cold - Warm Summer,12.04055,47.50844,CWS,time_untruncated_hierarchical_contribution
1523,spatial_spd,untruncated_hierarchical_contribution,time,0.1899,North America,Temperate,-121.61667,48.23333,TMP,time_untruncated_hierarchical_contribution
1590,spatial_spd,untruncated_hierarchical_contribution,time,0.1592,North America,Cold - Cold Summer,-74.58333,49.68333,CCS,time_untruncated_hierarchical_contribution
24110,spatial_spd,untruncated_hierarchical_contribution,time,0.1995,Europe,Cold - Warm Summer,16.05602,58.02114,CWS,time_untruncated_hierarchical_contribution
43513,spatial_spd,untruncated_hierarchical_contribution,time,0.4992,Europe,Cold - Cold Summer,9.80624,46.46994,CCS,time_untruncated_hierarchical_contribution
813,spatial_spd,untruncated_hierarchical_contribution,time,0.0673,North America,Cold - Hot Summer,-81.33901,41.19133,CHS,time_untruncated_hierarchical_contribution
16016,spatial_spd,untruncated_hierarchical_contribution,time,0.0775,North America,Arid,-120.2745,40.5619,ARD,time_untruncated_hierarchical_contribution
298,spatial_spd,untruncated_hierarchical_contribution,time,0.0468,North America,Cold - Warm Summer,-95.16335,47.177,CWS,time_untruncated_hierarchical_contribution
782,spatial_spd,untruncated_hierarchical_contribution,time,0.0875,North America,Cold - Warm Summer,-62.15,46.40833,CWS,time_untruncated_hierarchical_contribution
15831,spatial_spd,untruncated_hierarchical_contribution,time,0.1702,North America,Temperate,-83.107,32.555,TMP,time_untruncated_hierarchical_contribution
48624,spatial_spd,untruncated_hierarchical_contribution,time,0.1642,Latin America,Temperate - Dry Summer,-71.5233,-44.2797,TDS,time_untruncated_hierarchical_contribution
1770,spatial_spd,untruncated_hierarchical_contribution,time,0.2159,North America,Cold - Cold Summer,-94.25,51.38333,CCS,time_untruncated_hierarchical_contribution
4517,spatial_spd,untruncated_hierarchical_contribution,time,0.0918,Europe,Cold - Warm Summer,16.21208,50.60387,CWS,time_untruncated_hierarchical_contribution
4398,spatial_spd,untruncated_hierarchical_contribution,time,0.4509,Europe,Cold - Warm Summer,17.35631,52.54984,CWS,time_untruncated_hierarchical_contribution
22849,spatial_spd,untruncated_hierarchical_contribution,time,0.264,Europe,Cold - Warm Summer,14.60637,53.96802,CWS,time_untruncated_hierarchical_contribution
24356,spatial_spd,untruncated_hierarchical_contribution,time,0.1042,Europe,Temperate,21.32222,40.55194,TMP,time_untruncated_hierarchical_contribution
1701,spatial_spd,untruncated_hierarchical_contribution,time,0.1005,North America,Cold - Warm Summer,-80.65972,43.225,CWS,time_untruncated_hierarchical_contribution
1707,spatial_spd,untruncated_hierarchical_contribution,time,0.106,North America,Cold - Cold Summer,-110.23333,44.15,CCS,time_untruncated_hierarchical_contribution
23006,spatial_spd,untruncated_hierarchical_contribution,time,0.1327,Europe,Cold - Warm Summer,28,51.16061,CWS,time_untruncated_hierarchical_contribution
4154,spatial_spd,untruncated_hierarchical_contribution,time,0.1198,Europe,Cold - Warm Summer,17.28472,54.70694,CWS,time_untruncated_hierarchical_contribution
1761,spatial_spd,untruncated_hierarchical_contribution,time,0.1533,North America,Cold - Cold Summer,-107.68516,37.74574,CCS,time_untruncated_hierarchical_contribution
40582,spatial_spd,untruncated_hierarchical_contribution,time,0.4013,Europe,Polar,8.02556,46.38972,POL,time_untruncated_hierarchical_contribution
15130,spatial_spd,untruncated_hierarchical_contribution,time,0.0803,Latin America,Temperate,-71.56608,-43.44371,TMP,time_untruncated_hierarchical_contribution
4041,spatial_spd,untruncated_hierarchical_contribution,time,0.2231,Europe,Cold - Cold Summer,6.16444,59.69702,CCS,time_untruncated_hierarchical_contribution
22812,spatial_spd,untruncated_hierarchical_contribution,time,0.2201,Europe,Cold - Warm Summer,25.89735,46.12662,CWS,time_untruncated_hierarchical_contribution
363,spatial_spd,untruncated_hierarchical_contribution,time,0.3923,Europe,Cold - Warm Summer,26.43333,53.41667,CWS,time_untruncated_hierarchical_contribution
1646,spatial_spd,untruncated_hierarchical_contribution,time,0.1343,Latin America,Polar,-75.21667,-11.78333,POL,time_untruncated_hierarchical_contribution
1679,spatial_spd,untruncated_hierarchical_contribution,time,0.2324,Latin America,Polar,-75,-11.66667,POL,time_untruncated_hierarchical_contribution
1829,spatial_spd,untruncated_hierarchical_contribution,time,0.0481,North America,Cold - Warm Summer,-89.32389,48.42222,CWS,time_untruncated_hierarchical_contribution
3558,spatial_spd,untruncated_hierarchical_contribution,time,0.3722,North America,Cold - Hot Summer,-93.63376,45.03387,CHS,time_untruncated_hierarchical_contribution
14948,spatial_spd,untruncated_hierarchical_contribution,time,0.1542,North America,Polar,-61.65087,66.62137,POL,time_untruncated_hierarchical_contribution
41399,spatial_spd,untruncated_hierarchical_contribution,time,0.3585,Europe,Cold - Warm Summer,10.30419,51.67243,CWS,time_untruncated_hierarchical_contribution
1670,spatial_spd,untruncated_hierarchical_contribution,time,0.2531,North America,Temperate,-131.76501,52.94582,TMP,time_untruncated_hierarchical_contribution
1393,spatial_spd,untruncated_hierarchical_contribution,time,0.2778,North America,Cold - Cold Summer,-71.16278,47.25778,CCS,time_untruncated_hierarchical_contribution
42570,spatial_spd,untruncated_hierarchical_contribution,time,0.1838,Europe,Cold - Warm Summer,8.63721,48.72783,CWS,time_untruncated_hierarchical_contribution
46611,spatial_spd,untruncated_hierarchical_contribution,time,0.1252,North America,Cold - Cold Summer,-106.33846,41.43222,CCS,time_untruncated_hierarchical_contribution
1763,spatial_spd,untruncated_hierarchical_contribution,time,0.0259,North America,Cold - Warm Summer,-69.3,43.76667,CWS,time_untruncated_hierarchical_contribution
19901,spatial_spd,untruncated_hierarchical_contribution,time,0.1449,Europe,Cold - Warm Summer,14.44777,52.13391,CWS,time_untruncated_hierarchical_contribution
1980,spatial_spd,untruncated_hierarchical_contribution,time,0.0985,North America,Cold - Warm Summer,-78.46667,42.62222,CWS,time_untruncated_hierarchical_contribution
20001,spatial_spd,untruncated_hierarchical_contribution,time,0.2304,North America,Temperate - Dry Summer,-122.8844,47.93322,TDS,time_untruncated_hierarchical_contribution
973,spatial_spd,untruncated_hierarchical_contribution,time,0.2334,North America,Cold - Warm Summer,-77.35,45.18333,CWS,time_untruncated_hierarchical_contribution
1658,spatial_spd,untruncated_hierarchical_contribution,time,0.0329,North America,Cold - Warm Summer,-71.70111,44.14,CWS,time_untruncated_hierarchical_contribution
22367,spatial_spd,untruncated_hierarchical_contribution,time,0.265,Europe,Polar,20.078,49.15199,POL,time_untruncated_hierarchical_contribution
4545,spatial_spd,untruncated_hierarchical_contribution,time,0.1157,Europe,Cold - Warm Summer,14.34266,49.07111,CWS,time_untruncated_hierarchical_contribution
15247,spatial_spd,untruncated_hierarchical_contribution,time,0.1609,Latin America,Temperate - Dry Winter,-73.33754,-13.62495,TDW,time_untruncated_hierarchical_contribution
15356,spatial_spd,untruncated_hierarchical_contribution,time,0.1404,North America,Cold - Cold Summer,-105.722,35.832,CCS,time_untruncated_hierarchical_contribution
14556,spatial_spd,untruncated_hierarchical_contribution,time,0.2041,Europe,Temperate,-9.48283,52.03879,TMP,time_untruncated_hierarchical_contribution
48777,spatial_spd,untruncated_hierarchical_contribution,time,0.202,Europe,Temperate,8.77929,53.65498,TMP,time_untruncated_hierarchical_contribution
3054,spatial_spd,untruncated_hierarchical_contribution,time,0.1908,North America,Arid,-105.74761,37.70644,ARD,time_untruncated_hierarchical_contribution
776,spatial_spd,untruncated_hierarchical_contribution,time,0.1467,North America,Cold - Warm Summer,-71.66667,44.16667,CWS,time_untruncated_hierarchical_contribution
1880,spatial_spd,untruncated_hierarchical_contribution,time,0.3356,Latin America,Temperate,-74.41667,-49.13333,TMP,time_untruncated_hierarchical_contribution
4311,spatial_spd,untruncated_hierarchical_contribution,time,0.1927,Europe,Temperate,2.62278,45.45194,TMP,time_untruncated_hierarchical_contribution
48976,spatial_spd,untruncated_hierarchical_contribution,time,0.2163,Europe,Temperate,2.62278,45.45194,TMP,time_untruncated_hierarchical_contribution
3482,spatial_spd,untruncated_hierarchical_contribution,time,0.0917,North America,Cold - Warm Summer,-91.11546,48.13873,CWS,time_untruncated_hierarchical_contribution
15185,spatial_spd,untruncated_hierarchical_contribution,time,0.2947,North America,Cold - Cold Summer,-154.24697,67.06911,CCS,time_untruncated_hierarchical_contribution
21580,spatial_spd,untruncated_hierarchical_contribution,time,0.1488,Latin America,Tropical,-67.88893,-14.50063,TRO,time_untruncated_hierarchical_contribution
42681,spatial_spd,untruncated_hierarchical_contribution,time,0.3464,Europe,Cold - Warm Summer,8.34727,48.57351,CWS,time_untruncated_hierarchical_contribution
24319,spatial_spd,untruncated_hierarchical_contribution,time,0.1907,Europe,Cold - Cold Summer,7.845,46.19556,CCS,time_untruncated_hierarchical_contribution
15734,spatial_spd,untruncated_hierarchical_contribution,time,0.1476,North America,Cold - Dry Summer,-120.66752,39.69878,CDS,time_untruncated_hierarchical_contribution
691,spatial_spd,untruncated_hierarchical_contribution,time,0.2331,North America,Cold - Cold Summer,-66.125,48.91083,CCS,time_untruncated_hierarchical_contribution
860,spatial_spd,untruncated_hierarchical_contribution,time,0.117,North America,Cold - Warm Summer,-87.73333,44.05,CWS,time_untruncated_hierarchical_contribution
22745,spatial_spd,untruncated_hierarchical_contribution,time,0.2009,Europe,Cold - Cold Summer,-3.8,57.08333,CCS,time_untruncated_hierarchical_contribution
24321,spatial_spd,untruncated_hierarchical_contribution,time,0.1753,Europe,Cold - Warm Summer,7.99167,46.34111,CWS,time_untruncated_hierarchical_contribution
1604,spatial_spd,untruncated_hierarchical_contribution,time,0.1694,North America,Polar,-98.53889,73.59139,POL,time_untruncated_hierarchical_contribution
45349,spatial_spd,untruncated_hierarchical_contribution,time,0.1015,Europe,Cold - Cold Summer,9.87667,61.64917,CCS,time_untruncated_hierarchical_contribution
294,spatial_spd,untruncated_hierarchical_contribution,time,0.2842,Latin America,Temperate,-49.15,-27.7,TMP,time_untruncated_hierarchical_contribution
21917,spatial_spd,untruncated_hierarchical_contribution,time,0.1601,Latin America,Polar,-74.16112,3.97973,POL,time_untruncated_hierarchical_contribution
24042,spatial_spd,untruncated_hierarchical_contribution,time,0.3548,Europe,Cold - Warm Summer,12.54137,49.60793,CWS,time_untruncated_hierarchical_contribution
48984,spatial_spd,untruncated_hierarchical_contribution,time,0.3338,Europe,Cold - Warm Summer,6.59417,44.91889,CWS,time_untruncated_hierarchical_contribution
672,spatial_spd,untruncated_hierarchical_contribution,time,0.2915,North America,Cold - Warm Summer,-80.36667,43.23333,CWS,time_untruncated_hierarchical_contribution
15732,spatial_spd,untruncated_hierarchical_contribution,time,-0.0124,North America,Cold - Warm Summer,-75.88531,44.33091,CWS,time_untruncated_hierarchical_contribution
45713,spatial_spd,untruncated_hierarchical_contribution,time,0.1754,Europe,Cold - Cold Summer,7.2514,59.79573,CCS,time_untruncated_hierarchical_contribution
1390,spatial_spd,untruncated_hierarchical_contribution,time,0.1292,North America,Cold - Cold Summer,-157.21667,66.76667,CCS,time_untruncated_hierarchical_contribution
2671,spatial_spd,untruncated_hierarchical_contribution,time,0.1062,North America,Cold - Cold Summer,-65.76278,49.15778,CCS,time_untruncated_hierarchical_contribution
16075,spatial_spd,untruncated_hierarchical_contribution,time,0.1689,North America,Cold - Dry Summer,-122.1965,41.6343,CDS,time_untruncated_hierarchical_contribution
4367,spatial_spd,untruncated_hierarchical_contribution,time,0.3784,Europe,Cold - Warm Summer,-3.01667,42.03333,CWS,time_untruncated_hierarchical_contribution
19820,spatial_spd,untruncated_hierarchical_contribution,time,0.2279,North America,Temperate - Dry Summer,-122.90448,48.60335,TDS,time_untruncated_hierarchical_contribution
22894,spatial_spd,untruncated_hierarchical_contribution,time,0.1162,Europe,Cold - Cold Summer,23.53957,47.80747,CCS,time_untruncated_hierarchical_contribution
2645,spatial_spd,untruncated_hierarchical_contribution,time,0.1104,North America,Cold - Hot Summer,-71.03333,41.95,CHS,time_untruncated_hierarchical_contribution
22890,spatial_spd,untruncated_hierarchical_contribution,time,0.2423,Europe,Cold - Warm Summer,7.68611,46.85083,CWS,time_untruncated_hierarchical_contribution
253,spatial_spd,untruncated_hierarchical_contribution,time,0.3365,North America,Cold - Cold Summer,-127.48333,65.01667,CCS,time_untruncated_hierarchical_contribution
2647,spatial_spd,untruncated_hierarchical_contribution,time,0.267,North America,Cold - Cold Summer,-114.60076,50.81468,CCS,time_untruncated_hierarchical_contribution
13097,spatial_spd,untruncated_hierarchical_contribution,time,0.0771,North America,Cold - Warm Summer,-89.32331,46.21253,CWS,time_untruncated_hierarchical_contribution
15789,spatial_spd,untruncated_hierarchical_contribution,time,0.0903,North America,Polar,-120.453,73.4658,POL,time_untruncated_hierarchical_contribution
221,spatial_spd,untruncated_hierarchical_contribution,time,0.1592,North America,Cold - Warm Summer,-79.51,45.38,CWS,time_untruncated_hierarchical_contribution
15132,spatial_spd,untruncated_hierarchical_contribution,time,0.1036,Latin America,Temperate,-71.49835,-41.07352,TMP,time_untruncated_hierarchical_contribution
1814,spatial_spd,untruncated_hierarchical_contribution,time,0.1293,North America,Cold - Warm Summer,-70.20833,41.28333,CWS,time_untruncated_hierarchical_contribution
22936,spatial_spd,untruncated_hierarchical_contribution,time,0.4713,Europe,Cold - Warm Summer,17.17028,46.77444,CWS,time_untruncated_hierarchical_contribution
3041,spatial_spd,untruncated_hierarchical_contribution,time,0.2064,North America,Cold - Warm Summer,-80.4,43.9,CWS,time_untruncated_hierarchical_contribution
24057,spatial_spd,untruncated_hierarchical_contribution,time,0.2416,Europe,Polar,11.43005,46.66528,POL,time_untruncated_hierarchical_contribution
1630,spatial_spd,untruncated_hierarchical_contribution,time,0.2681,Oceania,Temperate,149.37407,-35.19934,TMP,time_untruncated_hierarchical_contribution
2622,spatial_spd,untruncated_hierarchical_contribution,time,0.312,North America,Cold - Cold Summer,-132.01667,67.65,CCS,time_untruncated_hierarchical_contribution
40875,spatial_spd,untruncated_hierarchical_contribution,time,0.1324,North America,Cold - Warm Summer,-73.439,42.1062,CWS,time_untruncated_hierarchical_contribution
2888,spatial_spd,untruncated_hierarchical_contribution,time,0.0974,North America,Cold - Warm Summer,-95.30694,46.18444,CWS,time_untruncated_hierarchical_contribution
17400,spatial_spd,untruncated_hierarchical_contribution,time,0.0845,North America,Polar,-121.44339,69.07635,POL,time_untruncated_hierarchical_contribution
24190,spatial_spd,untruncated_hierarchical_contribution,time,0.3556,Europe,Cold - Cold Summer,8.02306,46.2525,CCS,time_untruncated_hierarchical_contribution
20034,spatial_spd,untruncated_hierarchical_contribution,time,0.199,Europe,Cold - Cold Summer,20.71667,69.16667,CCS,time_untruncated_hierarchical_contribution
1030,spatial_spd,untruncated_hierarchical_contribution,time,0.2323,North America,Cold - Cold Summer,-110.6,43.75,CCS,time_untruncated_hierarchical_contribution
1961,spatial_spd,untruncated_hierarchical_contribution,time,0.086,North America,Cold - Warm Summer,-70.35,44.03333,CWS,time_untruncated_hierarchical_contribution
41025,spatial_spd,untruncated_hierarchical_contribution,time,0.1328,North America,Cold - Hot Summer,-70.883,42.4819,CHS,time_untruncated_hierarchical_contribution
2644,spatial_spd,untruncated_hierarchical_contribution,time,0.2995,North America,Cold - Dry Summer,-119.25833,37.90833,CDS,time_untruncated_hierarchical_contribution
1897,spatial_spd,untruncated_hierarchical_contribution,time,0.3644,North America,Cold - Hot Summer,-93.9,42.16,CHS,time_untruncated_hierarchical_contribution
2378,spatial_spd,untruncated_hierarchical_contribution,time,0.2445,North America,Cold - Warm Summer,-72.58472,45.35889,CWS,time_untruncated_hierarchical_contribution
1650,spatial_spd,untruncated_hierarchical_contribution,time,0.3745,North America,Cold - Cold Summer,-56.43333,52.45,CCS,time_untruncated_hierarchical_contribution
15309,spatial_spd,untruncated_hierarchical_contribution,time,0.1455,North America,Cold - Warm Summer,-84.85905,46.34522,CWS,time_untruncated_hierarchical_contribution
355,spatial_spd,untruncated_hierarchical_contribution,time,0.0781,Latin America,Polar,-68.15,-16.36667,POL,time_untruncated_hierarchical_contribution
2351,spatial_spd,untruncated_hierarchical_contribution,time,0.215,North America,Cold - Cold Summer,-151.41667,67.58333,CCS,time_untruncated_hierarchical_contribution
46457,spatial_spd,untruncated_hierarchical_contribution,time,0.2054,Europe,Cold - Cold Summer,29.14831,60.68702,CCS,time_untruncated_hierarchical_contribution
1656,spatial_spd,untruncated_hierarchical_contribution,time,0.3083,North America,Cold - Cold Summer,-112.48083,54.72528,CCS,time_untruncated_hierarchical_contribution
3031,spatial_spd,untruncated_hierarchical_contribution,time,0.3311,North America,Cold - Hot Summer,-93.57713,45.00181,CHS,time_untruncated_hierarchical_contribution
41222,spatial_spd,untruncated_hierarchical_contribution,time,0.124,Europe,Temperate,-1.72583,50.82778,TMP,time_untruncated_hierarchical_contribution
23008,spatial_spd,untruncated_hierarchical_contribution,time,0.5384,Europe,Cold - Warm Summer,24.63324,50.3413,CWS,time_untruncated_hierarchical_contribution
20306,spatial_spd,untruncated_hierarchical_contribution,time,0.0258,North America,Arid,-110.82347,45.25707,ARD,time_untruncated_hierarchical_contribution
543,spatial_spd,untruncated_hierarchical_contribution,time,0.0306,North America,Cold - Cold Summer,-110.6,44.65,CCS,time_untruncated_hierarchical_contribution
4147,spatial_spd,untruncated_hierarchical_contribution,time,0.0573,Europe,Temperate,21.56513,40.59702,TMP,time_untruncated_hierarchical_contribution
17406,spatial_spd,untruncated_hierarchical_contribution,time,0.1952,North America,Cold - Warm Summer,-88.86157,46.61375,CWS,time_untruncated_hierarchical_contribution
48935,spatial_spd,untruncated_hierarchical_contribution,time,0.3594,Europe,Arid,-3.93936,41.95209,ARD,time_untruncated_hierarchical_contribution
40861,spatial_spd,untruncated_hierarchical_contribution,time,0.0845,North America,Cold - Hot Summer,-72.5127,42.5656,CHS,time_untruncated_hierarchical_contribution
39474,spatial_spd,untruncated_hierarchical_contribution,time,0.0843,North America,Cold - Warm Summer,-69.06376,46.31685,CWS,time_untruncated_hierarchical_contribution
48361,spatial_spd,untruncated_hierarchical_contribution,time,0.0953,North America,Cold - Dry Summer,-150.89721,60.5885,CDS,time_untruncated_hierarchical_contribution
25,spatial_spd,untruncated_hierarchical_contribution,time,0.3462,North America,Cold - Cold Summer,-57.03333,52.51667,CCS,time_untruncated_hierarchical_contribution
1107,spatial_spd,untruncated_hierarchical_contribution,time,0.3036,North America,Polar,-138.4,64.63333,POL,time_untruncated_hierarchical_contribution
14289,spatial_spd,untruncated_hierarchical_contribution,time,0.2526,Europe,Temperate,-10.16866,52.19109,TMP,time_untruncated_hierarchical_contribution
25767,spatial_spd,untruncated_hierarchical_contribution,time,0.1258,Europe,Polar,11.16667,47.08333,POL,time_untruncated_hierarchical_contribution
22678,spatial_spd,untruncated_hierarchical_contribution,time,0.4399,Europe,Cold - Warm Summer,-3.04588,42.04363,CWS,time_untruncated_hierarchical_contribution
16231,spatial_spd,untruncated_hierarchical_contribution,time,0.1755,North America,Cold - Warm Summer,-77.34,46.03,CWS,time_untruncated_hierarchical_contribution
2590,spatial_spd,untruncated_hierarchical_contribution,time,0.3313,North America,Cold - Cold Summer,-119.58333,55.51139,CCS,time_untruncated_hierarchical_contribution
17381,spatial_spd,untruncated_hierarchical_contribution,time,0.2953,North America,Cold - Cold Summer,-145.54198,63.98555,CCS,time_untruncated_hierarchical_contribution
2599,spatial_spd,untruncated_hierarchical_contribution,time,0.0632,North America,Cold - Dry Summer,-119.0675,37.6625,CDS,time_untruncated_hierarchical_contribution
4397,spatial_spd,untruncated_hierarchical_contribution,time,0.3707,Europe,Cold - Warm Summer,17.35631,52.54984,CWS,time_untruncated_hierarchical_contribution
15292,spatial_spd,untruncated_hierarchical_contribution,time,0.1678,North America,Cold - Warm Summer,-78.05134,43.08732,CWS,time_untruncated_hierarchical_contribution
15306,spatial_spd,untruncated_hierarchical_contribution,time,0.1408,Latin America,Polar,-71.88616,-52.03906,POL,time_untruncated_hierarchical_contribution
3500,spatial_spd,untruncated_hierarchical_contribution,time,0.1697,North America,Temperate,-97.11667,30.36667,TMP,time_untruncated_hierarchical_contribution
4330,spatial_spd,untruncated_hierarchical_contribution,time,0.1263,Europe,Cold - Warm Summer,10.21472,44.29861,CWS,time_untruncated_hierarchical_contribution
2476,spatial_spd,untruncated_hierarchical_contribution,time,0.1644,North America,Cold - Cold Summer,-133.58333,69.28333,CCS,time_untruncated_hierarchical_contribution
21700,spatial_spd,untruncated_hierarchical_contribution,time,0.3413,Latin America,Temperate,-76.70941,2.36575,TMP,time_untruncated_hierarchical_contribution
2382,spatial_spd,untruncated_hierarchical_contribution,time,0.0803,North America,Cold - Warm Summer,-81.41667,45.15,CWS,time_untruncated_hierarchical_contribution
24593,spatial_spd,untruncated_hierarchical_contribution,time,0.0478,Europe,Temperate,-0.41639,47.96944,TMP,time_untruncated_hierarchical_contribution
2343,spatial_spd,untruncated_hierarchical_contribution,time,0.1338,North America,Cold - Warm Summer,-74.39583,46.17194,CWS,time_untruncated_hierarchical_contribution
4501,spatial_spd,untruncated_hierarchical_contribution,time,0.1717,Europe,Cold - Cold Summer,13.9,47.17222,CCS,time_untruncated_hierarchical_contribution
41756,spatial_spd,untruncated_hierarchical_contribution,time,0.1792,Europe,Cold - Cold Summer,13.9,47.17222,CCS,time_untruncated_hierarchical_contribution
22689,spatial_spd,untruncated_hierarchical_contribution,time,0.3576,Europe,Cold - Warm Summer,13.05639,52.52444,CWS,time_untruncated_hierarchical_contribution
20883,spatial_spd,untruncated_hierarchical_contribution,time,0.6616,North America,Cold - Dry Summer,-114.68645,46.51545,CDS,time_untruncated_hierarchical_contribution
15136,spatial_spd,untruncated_hierarchical_contribution,time,0.0737,North America,Cold - Warm Summer,-98.95643,48.06397,CWS,time_untruncated_hierarchical_contribution
20616,spatial_spd,untruncated_hierarchical_contribution,time,0.2207,North America,Cold - Cold Summer,-107.34939,39.7626,CCS,time_untruncated_hierarchical_contribution
3926,spatial_spd,untruncated_hierarchical_contribution,time,0.1198,Europe,Polar,23.52349,41.73224,POL,time_untruncated_hierarchical_contribution
45379,spatial_spd,untruncated_hierarchical_contribution,time,0.1273,Europe,Cold - Warm Summer,24.43111,59.175,CWS,time_untruncated_hierarchical_contribution
21770,spatial_spd,untruncated_hierarchical_contribution,time,0.1884,North America,Temperate,-132.97333,53.53167,TMP,time_untruncated_hierarchical_contribution
25773,spatial_spd,untruncated_hierarchical_contribution,time,0.1638,Europe,Cold - Warm Summer,12.35416,47.47138,CWS,time_untruncated_hierarchical_contribution
4256,spatial_spd,untruncated_hierarchical_contribution,time,0.1653,Europe,Temperate - Dry Summer,12.31566,42.11227,TDS,time_untruncated_hierarchical_contribution
1782,spatial_spd,untruncated_hierarchical_contribution,time,0.3773,North America,Cold - Hot Summer,-95.51333,39.53,CHS,time_untruncated_hierarchical_contribution
2620,spatial_spd,untruncated_hierarchical_contribution,time,0.1668,North America,Arid,-102.51851,41.71443,ARD,time_untruncated_hierarchical_contribution
4024,spatial_spd,untruncated_hierarchical_contribution,time,0.0703,Europe,Cold - Cold Summer,13.86667,47.16667,CCS,time_untruncated_hierarchical_contribution
489,spatial_spd,untruncated_hierarchical_contribution,time,0.0867,North America,Cold - Hot Summer,-93.47756,43.109,CHS,time_untruncated_hierarchical_contribution
24256,spatial_spd,untruncated_hierarchical_contribution,time,0.0341,Europe,Cold - Warm Summer,14.60392,49.22231,CWS,time_untruncated_hierarchical_contribution
1716,spatial_spd,untruncated_hierarchical_contribution,time,0.1798,North America,Cold - Warm Summer,-72.83778,46.78778,CWS,time_untruncated_hierarchical_contribution
26431,spatial_spd,untruncated_hierarchical_contribution,time,0.3234,Europe,Cold - Warm Summer,13.27474,47.8042,CWS,time_untruncated_hierarchical_contribution
17296,spatial_spd,untruncated_hierarchical_contribution,time,0.1948,North America,Cold - Cold Summer,-113.6522,42.3189,CCS,time_untruncated_hierarchical_contribution
19266,spatial_spd,untruncated_hierarchical_contribution,time,0.1044,North America,Polar,-171.61263,63.63742,POL,time_untruncated_hierarchical_contribution
15872,spatial_spd,untruncated_hierarchical_contribution,time,0.0181,North America,Temperate,-130.94579,54.475,TMP,time_untruncated_hierarchical_contribution
537,spatial_spd,untruncated_hierarchical_contribution,time,0.0984,Latin America,Polar,-68.04167,-16.35,POL,time_untruncated_hierarchical_contribution
47011,spatial_spd,untruncated_hierarchical_contribution,time,0.2206,Latin America,Temperate,-79.15958,-4.04586,TMP,time_untruncated_hierarchical_contribution
14951,spatial_spd,untruncated_hierarchical_contribution,time,0.1345,North America,Cold - Dry Summer,-112.14744,36.3709,CDS,time_untruncated_hierarchical_contribution
15420,spatial_spd,untruncated_hierarchical_contribution,time,0.1674,North America,Polar,-129.83681,58.89001,POL,time_untruncated_hierarchical_contribution
3138,spatial_spd,untruncated_hierarchical_contribution,time,0.2532,North America,Cold - Warm Summer,-92.71694,46.41694,CWS,time_untruncated_hierarchical_contribution
1691,spatial_spd,untruncated_hierarchical_contribution,time,0.3243,North America,Cold - Cold Summer,-70.97639,47.59722,CCS,time_untruncated_hierarchical_contribution
22660,spatial_spd,untruncated_hierarchical_contribution,time,0.0794,Europe,Cold - Cold Summer,10.27778,46.77611,CCS,time_untruncated_hierarchical_contribution
4148,spatial_spd,untruncated_hierarchical_contribution,time,0.2204,Europe,Temperate,21.58611,40.6125,TMP,time_untruncated_hierarchical_contribution
206,spatial_spd,untruncated_hierarchical_contribution,time,0.3597,North America,Polar,-128.08333,64.65,POL,time_untruncated_hierarchical_contribution
1105,spatial_spd,untruncated_hierarchical_contribution,time,0.1779,North America,Cold - Warm Summer,-76.6,44.51667,CWS,time_untruncated_hierarchical_contribution
1524,spatial_spd,untruncated_hierarchical_contribution,time,0.301,North America,Cold - Warm Summer,-87.455,45.66667,CWS,time_untruncated_hierarchical_contribution
2652,spatial_spd,untruncated_hierarchical_contribution,time,0.1252,North America,Polar,-118.36667,52.73333,POL,time_untruncated_hierarchical_contribution
47590,spatial_spd,untruncated_hierarchical_contribution,time,0.1518,Europe,Temperate - Dry Summer,14.39575,37.90121,TDS,time_untruncated_hierarchical_contribution
48072,spatial_spd,untruncated_hierarchical_contribution,time,0.0675,Europe,Cold - Warm Summer,15.86933,49.63707,CWS,time_untruncated_hierarchical_contribution
20872,spatial_spd,untruncated_hierarchical_contribution,time,0.204,North America,Cold - Cold Summer,-145.40886,66.06742,CCS,time_untruncated_hierarchical_contribution
209,spatial_spd,untruncated_hierarchical_contribution,time,0.1372,North America,Cold - Cold Summer,-70.68472,47.48167,CCS,time_untruncated_hierarchical_contribution
2065,spatial_spd,untruncated_hierarchical_contribution,time,0.1107,North America,Cold - Warm Summer,-101.55238,48.00267,CWS,time_untruncated_hierarchical_contribution
25318,spatial_spd,untruncated_hierarchical_contribution,time,0.2018,Europe,Temperate,4.03528,47.2275,TMP,time_untruncated_hierarchical_contribution
4485,spatial_spd,untruncated_hierarchical_contribution,time,0.0284,Europe,Cold - Warm Summer,22.83333,42.36667,CWS,time_untruncated_hierarchical_contribution
1674,spatial_spd,untruncated_hierarchical_contribution,time,0.1193,Latin America,Polar,-75.25,-11.75,POL,time_untruncated_hierarchical_contribution
20372,spatial_spd,untruncated_hierarchical_contribution,time,0.1656,North America,Cold - Dry Summer,-150.84949,60.7794,CDS,time_untruncated_hierarchical_contribution
41543,spatial_spd,untruncated_hierarchical_contribution,time,0.0339,Europe,Temperate - Dry Summer,12.65,37.6,TDS,time_untruncated_hierarchical_contribution
41469,spatial_spd,untruncated_hierarchical_contribution,time,0.1822,Europe,Cold - Warm Summer,7.66823,47.16969,CWS,time_untruncated_hierarchical_contribution
1773,spatial_spd,untruncated_hierarchical_contribution,time,0.1714,North America,Cold - Warm Summer,-68.63917,44.6275,CWS,time_untruncated_hierarchical_contribution
254,spatial_spd,untruncated_hierarchical_contribution,time,0.1736,North America,Cold - Warm Summer,-77.91667,42.25,CWS,time_untruncated_hierarchical_contribution
1693,spatial_spd,untruncated_hierarchical_contribution,time,0.1433,North America,Cold - Cold Summer,-117.61667,52.73333,CCS,time_untruncated_hierarchical_contribution
45188,spatial_spd,untruncated_hierarchical_contribution,time,0.2421,Europe,Temperate - Dry Summer,-6.20972,40.54667,TDS,time_untruncated_hierarchical_contribution
1981,spatial_spd,untruncated_hierarchical_contribution,time,0.0491,North America,Cold - Warm Summer,-64.8,47.075,CWS,time_untruncated_hierarchical_contribution
4279,spatial_spd,untruncated_hierarchical_contribution,time,0.1412,Europe,Temperate,-3.4325,56.9975,TMP,time_untruncated_hierarchical_contribution
22759,spatial_spd,untruncated_hierarchical_contribution,time,0.2314,Europe,Cold - Warm Summer,19.34039,52.58302,CWS,time_untruncated_hierarchical_contribution
2882,spatial_spd,untruncated_hierarchical_contribution,time,0.1651,North America,Cold - Cold Summer,-135.65556,66.05,CCS,time_untruncated_hierarchical_contribution
1577,spatial_spd,untruncated_hierarchical_contribution,time,0.3545,Europe,Temperate,-6.14159,43.03849,TMP,time_untruncated_hierarchical_contribution
20515,spatial_spd,untruncated_hierarchical_contribution,time,0.0729,North America,Cold - Hot Summer,-74.6445,41.09362,CHS,time_untruncated_hierarchical_contribution
2265,spatial_spd,untruncated_hierarchical_contribution,time,0.2643,North America,Cold - Warm Summer,-65.26694,48.05194,CWS,time_untruncated_hierarchical_contribution
2925,spatial_spd,untruncated_hierarchical_contribution,time,0.2706,North America,Polar,-117.08333,52.78333,POL,time_untruncated_hierarchical_contribution
17334,spatial_spd,untruncated_hierarchical_contribution,time,0.3077,Europe,Temperate,-6.38992,52.99702,TMP,time_untruncated_hierarchical_contribution
47005,spatial_spd,untruncated_hierarchical_contribution,time,0.3068,Europe,Temperate,-6.38992,52.99702,TMP,time_untruncated_hierarchical_contribution
40799,spatial_spd,untruncated_hierarchical_contribution,time,0.0384,North America,Cold - Warm Summer,-71.96321,42.07833,CWS,time_untruncated_hierarchical_contribution
41585,spatial_spd,untruncated_hierarchical_contribution,time,0.197,North America,Polar,-124.60509,58.39351,POL,time_untruncated_hierarchical_contribution
15302,spatial_spd,untruncated_hierarchical_contribution,time,0.1744,North America,Cold - Hot Summer,-89.5975,43.79768,CHS,time_untruncated_hierarchical_contribution
40854,spatial_spd,untruncated_hierarchical_contribution,time,0.0146,North America,Cold - Hot Summer,-72.7028,42.1747,CHS,time_untruncated_hierarchical_contribution
2615,spatial_spd,untruncated_hierarchical_contribution,time,0.1869,North America,Cold - Warm Summer,-122.56279,49.31934,CWS,time_untruncated_hierarchical_contribution
14884,spatial_spd,untruncated_hierarchical_contribution,time,0.3266,North America,Cold - Cold Summer,-114.26438,45.8906,CCS,time_untruncated_hierarchical_contribution
856,spatial_spd,untruncated_hierarchical_contribution,time,0.1427,North America,Cold - Cold Summer,-84.93,48.21,CCS,time_untruncated_hierarchical_contribution
12,spatial_spd,untruncated_hierarchical_contribution,time,0.2872,Europe,Cold - Warm Summer,13.41701,55.92856,CWS,time_untruncated_hierarchical_contribution
1820,spatial_spd,untruncated_hierarchical_contribution,time,0.2037,North America,Cold - Warm Summer,-79.45,45.21667,CWS,time_untruncated_hierarchical_contribution
15929,spatial_spd,untruncated_hierarchical_contribution,time,0.1845,North America,Cold - Warm Summer,-78,43,CWS,time_untruncated_hierarchical_contribution
41842,spatial_spd,untruncated_hierarchical_contribution,time,0.2445,Europe,Polar,7.97395,46.39429,POL,time_untruncated_hierarchical_contribution
45387,spatial_spd,untruncated_hierarchical_contribution,time,0.2184,Europe,Cold - Warm Summer,26.01389,59.45139,CWS,time_untruncated_hierarchical_contribution
15142,spatial_spd,untruncated_hierarchical_contribution,time,0.29,North America,Cold - Hot Summer,-70.77813,41.92418,CHS,time_untruncated_hierarchical_contribution
852,spatial_spd,untruncated_hierarchical_contribution,time,0.2354,North America,Temperate,-71.575,41.15833,TMP,time_untruncated_hierarchical_contribution
4269,spatial_spd,untruncated_hierarchical_contribution,time,0.1826,Europe,Cold - Warm Summer,14.77529,48.99944,CWS,time_untruncated_hierarchical_contribution
25370,spatial_spd,untruncated_hierarchical_contribution,time,0.1414,Europe,Temperate,4.12278,47.31778,TMP,time_untruncated_hierarchical_contribution
25221,spatial_spd,untruncated_hierarchical_contribution,time,0.0862,Europe,Temperate,2.33722,45.69639,TMP,time_untruncated_hierarchical_contribution
41018,spatial_spd,untruncated_hierarchical_contribution,time,0.0708,North America,Temperate,-70.66628,41.4316,TMP,time_untruncated_hierarchical_contribution
21774,spatial_spd,untruncated_hierarchical_contribution,time,-0.0049,North America,Temperate,-127.0722,50.5725,TMP,time_untruncated_hierarchical_contribution
4012,spatial_spd,untruncated_hierarchical_contribution,time,0.3016,Europe,Temperate,-1.09648,60.38736,TMP,time_untruncated_hierarchical_contribution
41241,spatial_spd,untruncated_hierarchical_contribution,time,0.077,Europe,Temperate,-4.43026,55.09344,TMP,time_untruncated_hierarchical_contribution
41499,spatial_spd,untruncated_hierarchical_contribution,time,0.1104,North America,Cold - Dry Summer,-140.90574,67.90308,CDS,time_untruncated_hierarchical_contribution
47564,spatial_spd,untruncated_hierarchical_contribution,time,0.4601,Latin America,Tropical,-65.98614,-12.99739,TRO,time_untruncated_hierarchical_contribution
778,spatial_spd,untruncated_hierarchical_contribution,time,0.0787,North America,Cold - Cold Summer,-112.1,57.76667,CCS,time_untruncated_hierarchical_contribution
4320,spatial_spd,untruncated_hierarchical_contribution,time,0.1596,Europe,Cold - Warm Summer,23.95667,51.69667,CWS,time_untruncated_hierarchical_contribution
42566,spatial_spd,untruncated_hierarchical_contribution,time,0.3666,Europe,Cold - Warm Summer,8.63721,48.72783,CWS,time_untruncated_hierarchical_contribution
2342,spatial_spd,untruncated_hierarchical_contribution,time,0.2258,North America,Cold - Warm Summer,-74.46694,46.05778,CWS,time_untruncated_hierarchical_contribution
3871,spatial_spd,untruncated_hierarchical_contribution,time,-0.0165,Europe,Temperate,5.28333,45.79083,TMP,time_untruncated_hierarchical_contribution
41228,spatial_spd,untruncated_hierarchical_contribution,time,0.0815,Europe,Temperate,-3.80472,51.12028,TMP,time_untruncated_hierarchical_contribution
46659,spatial_spd,untruncated_hierarchical_contribution,time,0.1049,North America,Polar,-109.50237,44.93454,POL,time_untruncated_hierarchical_contribution
24441,spatial_spd,untruncated_hierarchical_contribution,time,0.2037,Europe,Cold - Warm Summer,3.65,44.46667,CWS,time_untruncated_hierarchical_contribution
40795,spatial_spd,untruncated_hierarchical_contribution,time,0.2262,North America,Cold - Warm Summer,-70.79309,41.32761,CWS,time_untruncated_hierarchical_contribution
21915,spatial_spd,untruncated_hierarchical_contribution,time,0.2326,Latin America,Tropical,-76.52225,3.10116,TRO,time_untruncated_hierarchical_contribution
14523,spatial_spd,untruncated_hierarchical_contribution,time,0.1319,Europe,Temperate,-9.72556,53.9498,TMP,time_untruncated_hierarchical_contribution
25344,spatial_spd,untruncated_hierarchical_contribution,time,0.1289,Europe,Temperate,4.04861,47.20333,TMP,time_untruncated_hierarchical_contribution
41502,spatial_spd,untruncated_hierarchical_contribution,time,0.0447,Europe,Temperate,-8.3499,55.0224,TMP,time_untruncated_hierarchical_contribution
772,spatial_spd,untruncated_hierarchical_contribution,time,0.1749,North America,Cold - Warm Summer,-70.0018,41.9316,CWS,time_untruncated_hierarchical_contribution
46645,spatial_spd,untruncated_hierarchical_contribution,time,0.0667,North America,Cold - Cold Summer,-107.38399,44.39092,CCS,time_untruncated_hierarchical_contribution
3452,spatial_spd,untruncated_hierarchical_contribution,time,0.0841,North America,Cold - Warm Summer,-90.35,45.3,CWS,time_untruncated_hierarchical_contribution
3910,spatial_spd,untruncated_hierarchical_contribution,time,0.11,Europe,Temperate,-2.05,43.03333,TMP,time_untruncated_hierarchical_contribution
48735,spatial_spd,untruncated_hierarchical_contribution,time,0.2064,Europe,Cold - Cold Summer,13.40649,49.01398,CCS,time_untruncated_hierarchical_contribution
48614,spatial_spd,untruncated_hierarchical_contribution,time,0.1109,Latin America,Temperate,-79.11153,-4.37461,TMP,time_untruncated_hierarchical_contribution
22352,spatial_spd,untruncated_hierarchical_contribution,time,0.1339,Europe,Cold - Warm Summer,13.83582,48.89954,CWS,time_untruncated_hierarchical_contribution
15876,spatial_spd,untruncated_hierarchical_contribution,time,0.0262,North America,Arid,-119.96,35.935,ARD,time_untruncated_hierarchical_contribution
45710,spatial_spd,untruncated_hierarchical_contribution,time,0.2642,Europe,Cold - Cold Summer,7.53886,59.66874,CCS,time_untruncated_hierarchical_contribution
17945,spatial_spd,untruncated_hierarchical_contribution,time,0.0921,North America,Cold - Warm Summer,-132.95774,56.80046,CWS,time_untruncated_hierarchical_contribution
15719,spatial_spd,untruncated_hierarchical_contribution,time,0.2954,North America,Polar,-61.796,66.66,POL,time_untruncated_hierarchical_contribution
2955,spatial_spd,untruncated_hierarchical_contribution,time,0.3492,North America,Polar,-117.21667,52.24167,POL,time_untruncated_hierarchical_contribution
22910,spatial_spd,untruncated_hierarchical_contribution,time,0.3803,Europe,Cold - Warm Summer,17.255,47.21583,CWS,time_untruncated_hierarchical_contribution
16061,spatial_spd,untruncated_hierarchical_contribution,time,0.515,North America,Cold - Dry Summer,-122.4984,41.20586,CDS,time_untruncated_hierarchical_contribution
549,spatial_spd,untruncated_hierarchical_contribution,time,0.1003,North America,Cold - Cold Summer,-69.4,54.88333,CCS,time_untruncated_hierarchical_contribution
45719,spatial_spd,untruncated_hierarchical_contribution,time,0.2329,Europe,Cold - Warm Summer,7.73221,58.53704,CWS,time_untruncated_hierarchical_contribution
2610,spatial_spd,untruncated_hierarchical_contribution,time,0.1935,North America,Cold - Warm Summer,-52.66667,47.61667,CWS,time_untruncated_hierarchical_contribution
20838,spatial_spd,untruncated_hierarchical_contribution,time,0.0257,North America,Cold - Cold Summer,-111.57316,38.07195,CCS,time_untruncated_hierarchical_contribution
24390,spatial_spd,untruncated_hierarchical_contribution,time,0.1367,Europe,Temperate - Dry Summer,20.83333,38.86667,TDS,time_untruncated_hierarchical_contribution
21319,spatial_spd,untruncated_hierarchical_contribution,time,0.2122,North America,Cold - Cold Summer,-65.41466,48.70971,CCS,time_untruncated_hierarchical_contribution
15740,spatial_spd,untruncated_hierarchical_contribution,time,0.0957,North America,Cold - Warm Summer,-91.19975,46.30638,CWS,time_untruncated_hierarchical_contribution
16275,spatial_spd,untruncated_hierarchical_contribution,time,0.1351,North America,Cold - Cold Summer,-91.37583,52.52949,CCS,time_untruncated_hierarchical_contribution
2303,spatial_spd,untruncated_hierarchical_contribution,time,0.3578,North America,Polar,-95.06667,72.58333,POL,time_untruncated_hierarchical_contribution
1574,spatial_spd,untruncated_hierarchical_contribution,time,0.1244,North America,Cold - Hot Summer,-84.75,41.41667,CHS,time_untruncated_hierarchical_contribution
2962,spatial_spd,untruncated_hierarchical_contribution,time,0.3674,North America,Cold - Cold Summer,-114.15,59.25,CCS,time_untruncated_hierarchical_contribution
1780,spatial_spd,untruncated_hierarchical_contribution,time,0.234,North America,Cold - Cold Summer,-141.96667,60.03333,CCS,time_untruncated_hierarchical_contribution
22797,spatial_spd,untruncated_hierarchical_contribution,time,0.0785,Europe,Cold - Cold Summer,8.01139,46.23111,CCS,time_untruncated_hierarchical_contribution
2318,spatial_spd,untruncated_hierarchical_contribution,time,0.3136,North America,Cold - Warm Summer,-85.17917,46.13194,CWS,time_untruncated_hierarchical_contribution
20,spatial_spd,untruncated_hierarchical_contribution,time,0.2427,Europe,Cold - Cold Summer,27.67406,69.12326,CCS,time_untruncated_hierarchical_contribution
2919,spatial_spd,untruncated_hierarchical_contribution,time,0.094,North America,Cold - Hot Summer,-88.18475,42.35154,CHS,time_untruncated_hierarchical_contribution
20758,spatial_spd,untruncated_hierarchical_contribution,time,0.1951,North America,Temperate - Dry Summer,-123.461,42.021,TDS,time_untruncated_hierarchical_contribution
24097,spatial_spd,untruncated_hierarchical_contribution,time,0.154,Europe,Cold - Warm Summer,17.19626,48.97602,CWS,time_untruncated_hierarchical_contribution
501,spatial_spd,untruncated_hierarchical_contribution,time,0.0556,North America,Cold - Cold Summer,-56.19639,50.03417,CCS,time_untruncated_hierarchical_contribution
1848,spatial_spd,untruncated_hierarchical_contribution,time,0.0999,North America,Cold - Warm Summer,-77.41667,40.8,CWS,time_untruncated_hierarchical_contribution
45385,spatial_spd,untruncated_hierarchical_contribution,time,0.1592,Europe,Cold - Warm Summer,26.01389,59.45139,CWS,time_untruncated_hierarchical_contribution
2908,spatial_spd,untruncated_hierarchical_contribution,time,0.2081,Latin America,Cold - Dry Summer,-70.38333,-36.88333,CDS,time_untruncated_hierarchical_contribution
22683,spatial_spd,untruncated_hierarchical_contribution,time,0.1012,Europe,Cold - Cold Summer,7.13333,44.23333,CCS,time_untruncated_hierarchical_contribution
17711,spatial_spd,untruncated_hierarchical_contribution,time,0.1349,North America,Cold - Cold Summer,-105.05685,55.33061,CCS,time_untruncated_hierarchical_contribution
2023,spatial_spd,untruncated_hierarchical_contribution,time,0.2252,North America,Cold - Warm Summer,-76.1,45.6,CWS,time_untruncated_hierarchical_contribution
336,spatial_spd,untruncated_hierarchical_contribution,time,0.3291,North America,Cold - Cold Summer,-130.65,61.68333,CCS,time_untruncated_hierarchical_contribution
14525,spatial_spd,untruncated_hierarchical_contribution,time,0.1562,Europe,Temperate,-9.43662,54.03918,TMP,time_untruncated_hierarchical_contribution
1667,spatial_spd,untruncated_hierarchical_contribution,time,0.2236,North America,Cold - Warm Summer,-71.25139,44.24694,CWS,time_untruncated_hierarchical_contribution
41491,spatial_spd,untruncated_hierarchical_contribution,time,0.2194,Europe,Cold - Warm Summer,24.13852,41.73356,CWS,time_untruncated_hierarchical_contribution
48621,spatial_spd,untruncated_hierarchical_contribution,time,0.0972,Latin America,Temperate,-72.97522,-47.64356,TMP,time_untruncated_hierarchical_contribution
48889,spatial_spd,untruncated_hierarchical_contribution,time,0.3387,North America,Cold - Warm Summer,-85.71733,46.44253,CWS,time_untruncated_hierarchical_contribution
45400,spatial_spd,untruncated_hierarchical_contribution,time,0.3832,Europe,Cold - Warm Summer,27.46167,59.17528,CWS,time_untruncated_hierarchical_contribution
805,spatial_spd,untruncated_hierarchical_contribution,time,0.1428,North America,Cold - Hot Summer,-82.76,41.92,CHS,time_untruncated_hierarchical_contribution
22992,spatial_spd,untruncated_hierarchical_contribution,time,0.0511,Europe,Cold - Cold Summer,8.06769,46.71801,CCS,time_untruncated_hierarchical_contribution
15768,spatial_spd,untruncated_hierarchical_contribution,time,0.1242,North America,Temperate - Dry Summer,-123.581,45.822,TDS,time_untruncated_hierarchical_contribution
41911,spatial_spd,untruncated_hierarchical_contribution,time,0.2489,Europe,Temperate - Dry Summer,-7.63611,40.36278,TDS,time_untruncated_hierarchical_contribution
22316,spatial_spd,untruncated_hierarchical_contribution,time,0.2245,Europe,Cold - Warm Summer,16.1175,50.58861,CWS,time_untruncated_hierarchical_contribution
219,spatial_spd,untruncated_hierarchical_contribution,time,0.1812,North America,Cold - Warm Summer,-73.31111,45.54306,CWS,time_untruncated_hierarchical_contribution
4364,spatial_spd,untruncated_hierarchical_contribution,time,0.0299,Europe,Cold - Warm Summer,19.80199,49.46655,CWS,time_untruncated_hierarchical_contribution
21606,spatial_spd,untruncated_hierarchical_contribution,time,0.2311,Latin America,Arid,-71.70555,-13.09533,ARD,time_untruncated_hierarchical_contribution
2586,spatial_spd,untruncated_hierarchical_contribution,time,0.1949,North America,Cold - Warm Summer,-86.95833,46.47,CWS,time_untruncated_hierarchical_contribution
1438,spatial_spd,untruncated_hierarchical_contribution,time,0.5438,Europe,Cold - Cold Summer,14.53458,57.64055,CCS,time_untruncated_hierarchical_contribution
41614,spatial_spd,untruncated_hierarchical_contribution,time,0.1682,North America,Cold - Cold Summer,-106.40741,39.15095,CCS,time_untruncated_hierarchical_contribution
15138,spatial_spd,untruncated_hierarchical_contribution,time,0.2015,North America,Cold - Warm Summer,-99.29758,49.44254,CWS,time_untruncated_hierarchical_contribution
24250,spatial_spd,untruncated_hierarchical_contribution,time,0.2047,Europe,Cold - Warm Summer,14.02583,49.37639,CWS,time_untruncated_hierarchical_contribution
24414,spatial_spd,untruncated_hierarchical_contribution,time,0.2036,Europe,Cold - Warm Summer,3.08111,44.74444,CWS,time_untruncated_hierarchical_contribution
3493,spatial_spd,untruncated_hierarchical_contribution,time,0.1049,North America,Cold - Warm Summer,-73.2945,41.80939,CWS,time_untruncated_hierarchical_contribution
15855,spatial_spd,untruncated_hierarchical_contribution,time,0.3377,North America,Cold - Cold Summer,-113.79265,46.95179,CCS,time_untruncated_hierarchical_contribution
974,spatial_spd,untruncated_hierarchical_contribution,time,0.2476,North America,Cold - Warm Summer,-98.25,53,CWS,time_untruncated_hierarchical_contribution
16054,spatial_spd,untruncated_hierarchical_contribution,time,0.1669,North America,Cold - Dry Summer,-121.39227,40.40972,CDS,time_untruncated_hierarchical_contribution
45117,spatial_spd,untruncated_hierarchical_contribution,time,0.1544,Europe,Cold - Cold Summer,22.80349,45.33407,CCS,time_untruncated_hierarchical_contribution
679,spatial_spd,untruncated_hierarchical_contribution,time,0.0447,North America,Cold - Warm Summer,-85,43.48,CWS,time_untruncated_hierarchical_contribution
15778,spatial_spd,untruncated_hierarchical_contribution,time,0.1026,North America,Cold - Dry Summer,-119.149,37.9419,CDS,time_untruncated_hierarchical_contribution
47537,spatial_spd,untruncated_hierarchical_contribution,time,0.4586,Europe,Temperate - Dry Summer,9.78752,40.45547,TDS,time_untruncated_hierarchical_contribution
15214,spatial_spd,untruncated_hierarchical_contribution,time,0.2524,North America,Cold - Cold Summer,-121.47227,51.66122,CCS,time_untruncated_hierarchical_contribution
790,spatial_spd,untruncated_hierarchical_contribution,time,0.2323,North America,Cold - Cold Summer,-105.58,39.93667,CCS,time_untruncated_hierarchical_contribution
2663,spatial_spd,untruncated_hierarchical_contribution,time,0.2447,North America,Temperate,-81.50634,27.58253,TMP,time_untruncated_hierarchical_contribution
1013,spatial_spd,untruncated_hierarchical_contribution,time,0.0914,North America,Cold - Warm Summer,-109.425,34,CWS,time_untruncated_hierarchical_contribution
16175,spatial_spd,untruncated_hierarchical_contribution,time,0.2271,North America,Cold - Hot Summer,-74.55597,41.4059,CHS,time_untruncated_hierarchical_contribution
16238,spatial_spd,untruncated_hierarchical_contribution,time,0.0467,North America,Cold - Cold Summer,-157.0576,68.4891,CCS,time_untruncated_hierarchical_contribution
40797,spatial_spd,untruncated_hierarchical_contribution,time,0.1639,North America,Cold - Warm Summer,-70.76706,41.4711,CWS,time_untruncated_hierarchical_contribution
16103,spatial_spd,untruncated_hierarchical_contribution,time,0.1231,North America,Cold - Warm Summer,-62.09501,44.97306,CWS,time_untruncated_hierarchical_contribution
40452,spatial_spd,untruncated_hierarchical_contribution,time,0.1267,Europe,Cold - Warm Summer,7.05,47.24056,CWS,time_untruncated_hierarchical_contribution
1569,spatial_spd,untruncated_hierarchical_contribution,time,0.3017,North America,Cold - Cold Summer,-70.3,46.71667,CCS,time_untruncated_hierarchical_contribution
15,spatial_spd,untruncated_hierarchical_contribution,time,0.1966,Latin America,Arid,-65.75,-23.83333,ARD,time_untruncated_hierarchical_contribution
14549,spatial_spd,untruncated_hierarchical_contribution,time,0.064,North America,Cold - Dry Summer,-112.79315,37.6709,CDS,time_untruncated_hierarchical_contribution
843,spatial_spd,untruncated_hierarchical_contribution,time,0.2071,North America,Cold - Cold Summer,-109.95,43.43889,CCS,time_untruncated_hierarchical_contribution
41748,spatial_spd,untruncated_hierarchical_contribution,time,0.4575,Europe,Polar,7.36285,46.15726,POL,time_untruncated_hierarchical_contribution
1434,spatial_spd,untruncated_hierarchical_contribution,time,0.1814,Europe,Cold - Warm Summer,27.41146,58.19142,CWS,time_untruncated_hierarchical_contribution
808,spatial_spd,untruncated_hierarchical_contribution,time,0.2209,North America,Temperate - Dry Summer,-123.68167,48.35194,TDS,time_untruncated_hierarchical_contribution
40666,spatial_spd,untruncated_hierarchical_contribution,time,0.0734,North America,Temperate,-70.7,41.42835,TMP,time_untruncated_hierarchical_contribution
2335,spatial_spd,untruncated_hierarchical_contribution,time,0.284,Europe,Temperate - Dry Summer,-6.73333,42.1,TDS,time_untruncated_hierarchical_contribution
4385,spatial_spd,untruncated_hierarchical_contribution,time,0.0985,Europe,Temperate,-6.88333,58.13333,TMP,time_untruncated_hierarchical_contribution
4133,spatial_spd,untruncated_hierarchical_contribution,time,0.2803,Europe,Cold - Cold Summer,25.86881,61.41513,CCS,time_untruncated_hierarchical_contribution
25763,spatial_spd,untruncated_hierarchical_contribution,time,0.1236,Europe,Polar,11.80211,47.02316,POL,time_untruncated_hierarchical_contribution
20285,spatial_spd,untruncated_hierarchical_contribution,time,0.1427,Europe,Polar,28.16545,71.03753,POL,time_untruncated_hierarchical_contribution
17354,spatial_spd,untruncated_hierarchical_contribution,time,0.2919,North America,Cold - Cold Summer,-147.39653,64.3443,CCS,time_untruncated_hierarchical_contribution
2594,spatial_spd,untruncated_hierarchical_contribution,time,0.3529,Latin America,Temperate,-49.55,-28.55,TMP,time_untruncated_hierarchical_contribution
4150,spatial_spd,untruncated_hierarchical_contribution,time,0.2112,Europe,Temperate,-2.10953,52.80744,TMP,time_untruncated_hierarchical_contribution
4011,spatial_spd,untruncated_hierarchical_contribution,time,0.2359,Europe,Cold - Warm Summer,14.70652,58.32288,CWS,time_untruncated_hierarchical_contribution
720,spatial_spd,untruncated_hierarchical_contribution,time,0.2255,Europe,Polar,31.01975,70.32333,POL,time_untruncated_hierarchical_contribution
2959,spatial_spd,untruncated_hierarchical_contribution,time,0.1272,North America,Cold - Hot Summer,-71.11667,41.96667,CHS,time_untruncated_hierarchical_contribution
20649,spatial_spd,untruncated_hierarchical_contribution,time,0.1974,North America,Polar,-113.78145,71.344,POL,time_untruncated_hierarchical_contribution
41001,spatial_spd,untruncated_hierarchical_contribution,time,0.1166,North America,Cold - Hot Summer,-72.58,40.884,CHS,time_untruncated_hierarchical_contribution
45704,spatial_spd,untruncated_hierarchical_contribution,time,0.1957,Europe,Cold - Cold Summer,7.985,59.62523,CCS,time_untruncated_hierarchical_contribution
1854,spatial_spd,untruncated_hierarchical_contribution,time,0.0316,North America,Cold - Cold Summer,-109.94083,43.45,CCS,time_untruncated_hierarchical_contribution
1157,spatial_spd,untruncated_hierarchical_contribution,time,0.2502,North America,Cold - Warm Summer,-81.76667,47.31667,CWS,time_untruncated_hierarchical_contribution
4360,spatial_spd,untruncated_hierarchical_contribution,time,0.4435,Europe,Cold - Cold Summer,30.56667,66.35,CCS,time_untruncated_hierarchical_contribution
45639,spatial_spd,untruncated_hierarchical_contribution,time,0.3327,Europe,Cold - Cold Summer,17.75935,68.48221,CCS,time_untruncated_hierarchical_contribution
45389,spatial_spd,untruncated_hierarchical_contribution,time,0.2697,Europe,Cold - Warm Summer,26.51722,58.05917,CWS,time_untruncated_hierarchical_contribution
22950,spatial_spd,untruncated_hierarchical_contribution,time,0.2847,Europe,Cold - Warm Summer,19.46271,54.10053,CWS,time_untruncated_hierarchical_contribution
539,spatial_spd,untruncated_hierarchical_contribution,time,0.324,North America,Temperate,-91.09082,36.79864,TMP,time_untruncated_hierarchical_contribution
26520,spatial_spd,untruncated_hierarchical_contribution,time,0.2587,Europe,Polar,7.09361,46.17667,POL,time_untruncated_hierarchical_contribution
773,spatial_spd,untruncated_hierarchical_contribution,time,0.1954,North America,Cold - Warm Summer,-70.35,45.85,CWS,time_untruncated_hierarchical_contribution
4524,spatial_spd,untruncated_hierarchical_contribution,time,0.2129,Europe,Temperate,1.75,48.41667,TMP,time_untruncated_hierarchical_contribution
16129,spatial_spd,untruncated_hierarchical_contribution,time,0.2281,North America,Cold - Hot Summer,-88.8579,42.7776,CHS,time_untruncated_hierarchical_contribution
17377,spatial_spd,untruncated_hierarchical_contribution,time,0.2551,North America,Cold - Dry Summer,-150.91979,60.4918,CDS,time_untruncated_hierarchical_contribution
4466,spatial_spd,untruncated_hierarchical_contribution,time,0.1593,Europe,Cold - Warm Summer,28.1,54.03333,CWS,time_untruncated_hierarchical_contribution
22980,spatial_spd,untruncated_hierarchical_contribution,time,0.1566,Europe,Arid,28.53192,43.66346,ARD,time_untruncated_hierarchical_contribution
26514,spatial_spd,untruncated_hierarchical_contribution,time,0.1574,Europe,Cold - Warm Summer,12.29357,47.65663,CWS,time_untruncated_hierarchical_contribution
4314,spatial_spd,untruncated_hierarchical_contribution,time,0.0538,Europe,Cold - Warm Summer,25.99919,53.26346,CWS,time_untruncated_hierarchical_contribution
872,spatial_spd,untruncated_hierarchical_contribution,time,0.4427,Latin America,Temperate,-50.21667,-24.66667,TMP,time_untruncated_hierarchical_contribution
723,spatial_spd,untruncated_hierarchical_contribution,time,0.195,Europe,Cold - Warm Summer,28.25,48.75,CWS,time_untruncated_hierarchical_contribution
48950,spatial_spd,untruncated_hierarchical_contribution,time,0.0289,Europe,Cold - Warm Summer,5.99556,44.555,CWS,time_untruncated_hierarchical_contribution
48818,spatial_spd,untruncated_hierarchical_contribution,time,0.0983,North America,Cold - Warm Summer,-89.70449,46.18465,CWS,time_untruncated_hierarchical_contribution
45105,spatial_spd,untruncated_hierarchical_contribution,time,0.2738,Europe,Cold - Dry Summer,20.77556,39.98778,CDS,time_untruncated_hierarchical_contribution
48363,spatial_spd,untruncated_hierarchical_contribution,time,0.2506,North America,Cold - Dry Summer,-151.1123,59.94242,CDS,time_untruncated_hierarchical_contribution
17363,spatial_spd,untruncated_hierarchical_contribution,time,0.1923,North America,Temperate,-83.02511,35.16662,TMP,time_untruncated_hierarchical_contribution
3058,spatial_spd,untruncated_hierarchical_contribution,time,0.0732,North America,Cold - Warm Summer,-67.33336,45.25246,CWS,time_untruncated_hierarchical_contribution
22847,spatial_spd,untruncated_hierarchical_contribution,time,0.3272,Europe,Cold - Warm Summer,18.16208,54.70555,CWS,time_untruncated_hierarchical_contribution
991,spatial_spd,untruncated_hierarchical_contribution,time,0.1843,North America,Arid,-112.71667,48.55,ARD,time_untruncated_hierarchical_contribution
41764,spatial_spd,untruncated_hierarchical_contribution,time,0.029,Europe,Cold - Cold Summer,27.83997,70.0476,CCS,time_untruncated_hierarchical_contribution
24317,spatial_spd,untruncated_hierarchical_contribution,time,0.3452,Europe,Cold - Cold Summer,7.845,46.19556,CCS,time_untruncated_hierarchical_contribution
2899,spatial_spd,untruncated_hierarchical_contribution,time,0.1303,Latin America,Temperate - Dry Summer,-71.05064,-36.86011,TDS,time_untruncated_hierarchical_contribution
20397,spatial_spd,untruncated_hierarchical_contribution,time,0.1525,North America,Cold - Warm Summer,-86.07692,46.56374,CWS,time_untruncated_hierarchical_contribution
1824,spatial_spd,untruncated_hierarchical_contribution,time,0.2516,North America,Cold - Hot Summer,-95.12645,43.34114,CHS,time_untruncated_hierarchical_contribution
25786,spatial_spd,untruncated_hierarchical_contribution,time,0.1683,Latin America,Tropical,-88.3681,17.93554,TRO,time_untruncated_hierarchical_contribution
525,spatial_spd,untruncated_hierarchical_contribution,time,0.2515,North America,Polar,-116.41667,51.65,POL,time_untruncated_hierarchical_contribution
16269,spatial_spd,untruncated_hierarchical_contribution,time,0.1527,North America,Cold - Cold Summer,-89.61722,51.83861,CCS,time_untruncated_hierarchical_contribution
22723,spatial_spd,untruncated_hierarchical_contribution,time,0.0995,Europe,Temperate,-5.83333,57.25,TMP,time_untruncated_hierarchical_contribution
4200,spatial_spd,untruncated_hierarchical_contribution,time,0.2219,Europe,Cold - Cold Summer,14.62333,59.80167,CCS,time_untruncated_hierarchical_contribution
46477,spatial_spd,untruncated_hierarchical_contribution,time,0.1535,Europe,Cold - Warm Summer,30.73749,58.02083,CWS,time_untruncated_hierarchical_contribution
999,spatial_spd,untruncated_hierarchical_contribution,time,0.1301,North America,Cold - Hot Summer,-78.99722,37.98472,CHS,time_untruncated_hierarchical_contribution
1435,spatial_spd,untruncated_hierarchical_contribution,time,0.145,Europe,Cold - Warm Summer,15.96947,49.72562,CWS,time_untruncated_hierarchical_contribution
853,spatial_spd,untruncated_hierarchical_contribution,time,0.0756,North America,Cold - Cold Summer,-111.66667,38.61667,CCS,time_untruncated_hierarchical_contribution
4369,spatial_spd,untruncated_hierarchical_contribution,time,0.1931,Europe,Cold - Warm Summer,26.64967,58.59222,CWS,time_untruncated_hierarchical_contribution
332,spatial_spd,untruncated_hierarchical_contribution,time,0.2991,North America,Cold - Warm Summer,-88.01667,46.66667,CWS,time_untruncated_hierarchical_contribution
22971,spatial_spd,untruncated_hierarchical_contribution,time,0.2326,Europe,Cold - Warm Summer,12.09944,50.27611,CWS,time_untruncated_hierarchical_contribution
3488,spatial_spd,untruncated_hierarchical_contribution,time,0.3132,North America,Cold - Hot Summer,-89.41667,43.1,CHS,time_untruncated_hierarchical_contribution
1768,spatial_spd,untruncated_hierarchical_contribution,time,0.0959,North America,Cold - Warm Summer,-98.16505,46.85061,CWS,time_untruncated_hierarchical_contribution
45324,spatial_spd,untruncated_hierarchical_contribution,time,0.0075,Europe,Temperate - Dry Summer,12.65,37.6,TDS,time_untruncated_hierarchical_contribution
46680,spatial_spd,untruncated_hierarchical_contribution,time,0.147,North America,Cold - Cold Summer,-120.68095,53.51773,CCS,time_untruncated_hierarchical_contribution
2954,spatial_spd,untruncated_hierarchical_contribution,time,0.2478,North America,Cold - Cold Summer,-151.26667,64.33333,CCS,time_untruncated_hierarchical_contribution
531,spatial_spd,untruncated_hierarchical_contribution,time,0.0349,Europe,Cold - Warm Summer,26.01667,50.26667,CWS,time_untruncated_hierarchical_contribution
19814,spatial_spd,untruncated_hierarchical_contribution,time,0.2061,North America,Cold - Dry Summer,-138.75904,68.82343,CDS,time_untruncated_hierarchical_contribution
4118,spatial_spd,untruncated_hierarchical_contribution,time,0.0661,Europe,Cold - Warm Summer,19.67778,49.04167,CWS,time_untruncated_hierarchical_contribution
1966,spatial_spd,untruncated_hierarchical_contribution,time,0.1595,North America,Cold - Warm Summer,-94.119,47.075,CWS,time_untruncated_hierarchical_contribution
15191,spatial_spd,untruncated_hierarchical_contribution,time,0.1116,North America,Temperate,-79.09388,35.17121,TMP,time_untruncated_hierarchical_contribution
45725,spatial_spd,untruncated_hierarchical_contribution,time,0.1969,Europe,Cold - Warm Summer,8.00356,58.24364,CWS,time_untruncated_hierarchical_contribution
19834,spatial_spd,untruncated_hierarchical_contribution,time,0.1761,North America,Cold - Hot Summer,-94.73356,43.67035,CHS,time_untruncated_hierarchical_contribution
40793,spatial_spd,untruncated_hierarchical_contribution,time,0.0783,North America,Cold - Hot Summer,-71.08776,42.61918,CHS,time_untruncated_hierarchical_contribution
4375,spatial_spd,untruncated_hierarchical_contribution,time,0.0827,Europe,Temperate,5.60833,45.425,TMP,time_untruncated_hierarchical_contribution
15976,spatial_spd,untruncated_hierarchical_contribution,time,0.4204,North America,Cold - Cold Summer,-158.5532,59.7939,CCS,time_untruncated_hierarchical_contribution
517,spatial_spd,untruncated_hierarchical_contribution,time,0.0768,North America,Cold - Dry Summer,-112.14974,36.52923,CDS,time_untruncated_hierarchical_contribution
849,spatial_spd,untruncated_hierarchical_contribution,time,0.1199,North America,Cold - Warm Summer,-93.75,49.58333,CWS,time_untruncated_hierarchical_contribution
41189,spatial_spd,untruncated_hierarchical_contribution,time,0.0903,Europe,Temperate,-5.50139,56.38444,TMP,time_untruncated_hierarchical_contribution
1987,spatial_spd,untruncated_hierarchical_contribution,time,0.2745,North America,Cold - Cold Summer,-162.2,63.5,CCS,time_untruncated_hierarchical_contribution
22662,spatial_spd,untruncated_hierarchical_contribution,time,0.1589,Europe,Cold - Cold Summer,7.72972,44.18822,CCS,time_untruncated_hierarchical_contribution
841,spatial_spd,untruncated_hierarchical_contribution,time,0.2782,North America,Cold - Cold Summer,-109.93889,43.47167,CCS,time_untruncated_hierarchical_contribution
17880,spatial_spd,untruncated_hierarchical_contribution,time,0.0219,North America,Cold - Warm Summer,-72.45895,42.81014,CWS,time_untruncated_hierarchical_contribution
40627,spatial_spd,untruncated_hierarchical_contribution,time,0.1232,Europe,Cold - Warm Summer,7.54333,46.64583,CWS,time_untruncated_hierarchical_contribution
15368,spatial_spd,untruncated_hierarchical_contribution,time,0.0761,North America,Arid,-114.04118,40.49611,ARD,time_untruncated_hierarchical_contribution
3972,spatial_spd,untruncated_hierarchical_contribution,time,0.1388,Europe,Temperate,-1.80028,47.25444,TMP,time_untruncated_hierarchical_contribution
45393,spatial_spd,untruncated_hierarchical_contribution,time,-0.0088,Europe,Cold - Warm Summer,27.06917,57.73722,CWS,time_untruncated_hierarchical_contribution
42542,spatial_spd,untruncated_hierarchical_contribution,time,0.2489,Europe,Cold - Cold Summer,10.47453,51.7704,CCS,time_untruncated_hierarchical_contribution
45312,spatial_spd,untruncated_hierarchical_contribution,time,0.2081,Europe,Polar,18.16667,68.16667,POL,time_untruncated_hierarchical_contribution
21790,spatial_spd,untruncated_hierarchical_contribution,time,0.2662,Europe,Cold - Cold Summer,14.92555,60.65141,CCS,time_untruncated_hierarchical_contribution
45642,spatial_spd,untruncated_hierarchical_contribution,time,0.1518,Europe,Cold - Cold Summer,18.07167,68.44417,CCS,time_untruncated_hierarchical_contribution
1153,spatial_spd,untruncated_hierarchical_contribution,time,0.3091,North America,Cold - Warm Summer,-93.64361,47.13556,CWS,time_untruncated_hierarchical_contribution
22400,spatial_spd,untruncated_hierarchical_contribution,time,0.0287,North America,Cold - Cold Summer,-105.60599,39.65656,CCS,time_untruncated_hierarchical_contribution
22346,spatial_spd,untruncated_hierarchical_contribution,time,0.0734,Europe,Cold - Warm Summer,13.7405,48.89756,CWS,time_untruncated_hierarchical_contribution
4410,spatial_spd,untruncated_hierarchical_contribution,time,0.1608,Europe,Temperate,-2.46806,47.80944,TMP,time_untruncated_hierarchical_contribution
48986,spatial_spd,untruncated_hierarchical_contribution,time,0.1506,Europe,Temperate,-2.46806,47.80944,TMP,time_untruncated_hierarchical_contribution
41612,spatial_spd,untruncated_hierarchical_contribution,time,0.3393,North America,Polar,-124.564,58.573,POL,time_untruncated_hierarchical_contribution
47687,spatial_spd,untruncated_hierarchical_contribution,time,0.1411,North America,Arid,-111.99647,42.29063,ARD,time_untruncated_hierarchical_contribution
22669,spatial_spd,untruncated_hierarchical_contribution,time,0.1474,Europe,Temperate,8.86542,53.43465,TMP,time_untruncated_hierarchical_contribution
16009,spatial_spd,untruncated_hierarchical_contribution,time,0.1974,North America,Temperate,-85.40174,34.66311,TMP,time_untruncated_hierarchical_contribution
48358,spatial_spd,untruncated_hierarchical_contribution,time,0.2831,Europe,Polar,20.078,49.15199,POL,time_untruncated_hierarchical_contribution
1028,spatial_spd,untruncated_hierarchical_contribution,time,0.2346,North America,Polar,-63.03333,58.2,POL,time_untruncated_hierarchical_contribution
1715,spatial_spd,untruncated_hierarchical_contribution,time,0.1317,North America,Cold - Warm Summer,-73.03056,46.72639,CWS,time_untruncated_hierarchical_contribution
258,spatial_spd,untruncated_hierarchical_contribution,time,0.231,North America,Cold - Cold Summer,-76.12028,54.04722,CCS,time_untruncated_hierarchical_contribution
43533,spatial_spd,untruncated_hierarchical_contribution,time,0.2805,Europe,Temperate,-6.77117,58.26443,TMP,time_untruncated_hierarchical_contribution
47502,spatial_spd,untruncated_hierarchical_contribution,time,0.3904,Latin America,Temperate,-79.14519,-3.98978,TMP,time_untruncated_hierarchical_contribution
2266,spatial_spd,untruncated_hierarchical_contribution,time,0.2253,North America,Cold - Warm Summer,-58.8,48.26,CWS,time_untruncated_hierarchical_contribution
24055,spatial_spd,untruncated_hierarchical_contribution,time,0.1277,Europe,Cold - Cold Summer,11.45624,46.63707,CCS,time_untruncated_hierarchical_contribution
287,spatial_spd,untruncated_hierarchical_contribution,time,0.2053,North America,Cold - Hot Summer,-89.86667,43.08333,CHS,time_untruncated_hierarchical_contribution
329,spatial_spd,untruncated_hierarchical_contribution,time,0.143,North America,Cold - Warm Summer,-73.86806,45.96111,CWS,time_untruncated_hierarchical_contribution
1548,spatial_spd,untruncated_hierarchical_contribution,time,0.1142,North America,Cold - Warm Summer,-92.58798,46.71359,CWS,time_untruncated_hierarchical_contribution
285,spatial_spd,untruncated_hierarchical_contribution,time,0.1038,Oceania,Cold - Cold Summer,148.31667,-36.41667,CCS,time_untruncated_hierarchical_contribution
40914,spatial_spd,untruncated_hierarchical_contribution,time,0.1767,North America,Cold - Warm Summer,-72.3758,44.359,CWS,time_untruncated_hierarchical_contribution
45395,spatial_spd,untruncated_hierarchical_contribution,time,0.2248,Europe,Cold - Warm Summer,27.06917,57.73722,CWS,time_untruncated_hierarchical_contribution
46630,spatial_spd,untruncated_hierarchical_contribution,time,0.2323,North America,Temperate - Dry Summer,-123.68572,48.58358,TDS,time_untruncated_hierarchical_contribution
4549,spatial_spd,untruncated_hierarchical_contribution,time,-0.0012,Europe,Polar,11.025,46.85833,POL,time_untruncated_hierarchical_contribution
18100,spatial_spd,untruncated_hierarchical_contribution,time,0.0899,Latin America,Tropical,-67.88831,10.09484,TRO,time_untruncated_hierarchical_contribution
15366,spatial_spd,untruncated_hierarchical_contribution,time,0.177,Latin America,Polar,-77.47606,-7.63643,POL,time_untruncated_hierarchical_contribution
15203,spatial_spd,untruncated_hierarchical_contribution,time,0.0241,North America,Cold - Warm Summer,-79.95306,43.46139,CWS,time_untruncated_hierarchical_contribution
15594,spatial_spd,untruncated_hierarchical_contribution,time,0.107,North America,Cold - Dry Summer,-116.66502,33.76797,CDS,time_untruncated_hierarchical_contribution
15724,spatial_spd,untruncated_hierarchical_contribution,time,0.2721,North America,Cold - Cold Summer,-149.908,64.413,CCS,time_untruncated_hierarchical_contribution
14923,spatial_spd,untruncated_hierarchical_contribution,time,0.5338,North America,Arid,-113.44306,45.83801,ARD,time_untruncated_hierarchical_contribution
17404,spatial_spd,untruncated_hierarchical_contribution,time,0.2246,North America,Cold - Warm Summer,-86.48457,46.14313,CWS,time_untruncated_hierarchical_contribution
16131,spatial_spd,untruncated_hierarchical_contribution,time,-0.0074,North America,Cold - Dry Summer,-115.4879,41.7816,CDS,time_untruncated_hierarchical_contribution
3471,spatial_spd,untruncated_hierarchical_contribution,time,0.1545,North America,Polar,-76.37833,57.11667,POL,time_untruncated_hierarchical_contribution
1631,spatial_spd,untruncated_hierarchical_contribution,time,0.2564,Latin America,Polar,-76.61667,-10.76667,POL,time_untruncated_hierarchical_contribution
3130,spatial_spd,untruncated_hierarchical_contribution,time,0.1256,North America,Cold - Warm Summer,-73.97256,44.18038,CWS,time_untruncated_hierarchical_contribution
22791,spatial_spd,untruncated_hierarchical_contribution,time,0.1226,Europe,Cold - Warm Summer,8.06643,47.92904,CWS,time_untruncated_hierarchical_contribution
4259,spatial_spd,untruncated_hierarchical_contribution,time,0.2205,Europe,Cold - Cold Summer,26.23393,62.34206,CCS,time_untruncated_hierarchical_contribution
24863,spatial_spd,untruncated_hierarchical_contribution,time,0.1957,Europe,Temperate,-0.09583,47.22167,TMP,time_untruncated_hierarchical_contribution
4425,spatial_spd,untruncated_hierarchical_contribution,time,0.0294,Europe,Cold - Warm Summer,6.33639,44.42,CWS,time_untruncated_hierarchical_contribution
1633,spatial_spd,untruncated_hierarchical_contribution,time,0.2818,North America,Cold - Hot Summer,-92.82755,45.04603,CHS,time_untruncated_hierarchical_contribution
15392,spatial_spd,untruncated_hierarchical_contribution,time,0.1233,North America,Polar,-63.25413,67.18071,POL,time_untruncated_hierarchical_contribution
22344,spatial_spd,untruncated_hierarchical_contribution,time,0.0319,Europe,Cold - Warm Summer,13.32283,49.15026,CWS,time_untruncated_hierarchical_contribution
1755,spatial_spd,untruncated_hierarchical_contribution,time,0.2614,North America,Cold - Cold Summer,-155.03333,66.91667,CCS,time_untruncated_hierarchical_contribution
45281,spatial_spd,untruncated_hierarchical_contribution,time,0.137,Europe,Cold - Cold Summer,25.27361,47.1125,CCS,time_untruncated_hierarchical_contribution
2352,spatial_spd,untruncated_hierarchical_contribution,time,0.2249,North America,Cold - Cold Summer,-145.21667,68.26667,CCS,time_untruncated_hierarchical_contribution
32426,spatial_spd,untruncated_hierarchical_contribution,time,0.1125,Oceania,Temperate,145.96036,-41.45226,TMP,time_untruncated_hierarchical_contribution
4393,spatial_spd,untruncated_hierarchical_contribution,time,0.1547,Europe,Cold - Cold Summer,24.17439,60.43763,CCS,time_untruncated_hierarchical_contribution
4421,spatial_spd,untruncated_hierarchical_contribution,time,0.2332,Europe,Temperate,-5.228,58.055,TMP,time_untruncated_hierarchical_contribution
22960,spatial_spd,untruncated_hierarchical_contribution,time,0.2007,Europe,Polar,7.97638,46.6798,POL,time_untruncated_hierarchical_contribution
4377,spatial_spd,untruncated_hierarchical_contribution,time,0.2601,Europe,Cold - Warm Summer,21.27687,49.42344,CWS,time_untruncated_hierarchical_contribution
3048,spatial_spd,untruncated_hierarchical_contribution,time,0.297,North America,Cold - Cold Summer,-119.48333,56.76667,CCS,time_untruncated_hierarchical_contribution
857,spatial_spd,untruncated_hierarchical_contribution,time,0.1719,North America,Cold - Warm Summer,-73.47583,46.27583,CWS,time_untruncated_hierarchical_contribution
699,spatial_spd,untruncated_hierarchical_contribution,time,0.0988,North America,Temperate,-76.45,36.58333,TMP,time_untruncated_hierarchical_contribution
1621,spatial_spd,untruncated_hierarchical_contribution,time,0.1924,Latin America,Tropical,-42.21667,-17.95,TRO,time_untruncated_hierarchical_contribution
20833,spatial_spd,untruncated_hierarchical_contribution,time,0.1553,North America,Cold - Warm Summer,-106.51142,36.04623,CWS,time_untruncated_hierarchical_contribution
15904,spatial_spd,untruncated_hierarchical_contribution,time,0.1013,North America,Cold - Warm Summer,-78.40148,43.0402,CWS,time_untruncated_hierarchical_contribution
2049,spatial_spd,untruncated_hierarchical_contribution,time,0.2026,North America,Cold - Cold Summer,-105.54167,40.08333,CCS,time_untruncated_hierarchical_contribution
324,spatial_spd,untruncated_hierarchical_contribution,time,0.1146,North America,Cold - Warm Summer,-73.5711,42.5862,CWS,time_untruncated_hierarchical_contribution
40111,spatial_spd,untruncated_hierarchical_contribution,time,0.3075,North America,Temperate,-80.77947,34.16459,TMP,time_untruncated_hierarchical_contribution
2381,spatial_spd,untruncated_hierarchical_contribution,time,0.0816,North America,Cold - Cold Summer,-107.01325,44.26894,CCS,time_untruncated_hierarchical_contribution
17385,spatial_spd,untruncated_hierarchical_contribution,time,0.21,North America,Cold - Cold Summer,-148.24906,62.84226,CCS,time_untruncated_hierarchical_contribution
1769,spatial_spd,untruncated_hierarchical_contribution,time,0.3659,North America,Cold - Cold Summer,-58.05,52.26667,CCS,time_untruncated_hierarchical_contribution
1142,spatial_spd,untruncated_hierarchical_contribution,time,0.2793,North America,Cold - Cold Summer,-66.08333,66.135,CCS,time_untruncated_hierarchical_contribution
796,spatial_spd,untruncated_hierarchical_contribution,time,0.047,North America,Cold - Cold Summer,-110.3,44.06667,CCS,time_untruncated_hierarchical_contribution
510,spatial_spd,untruncated_hierarchical_contribution,time,0.2518,North America,Cold - Warm Summer,-73.34194,45.96083,CWS,time_untruncated_hierarchical_contribution
22942,spatial_spd,untruncated_hierarchical_contribution,time,0.3386,Europe,Cold - Warm Summer,20.20581,53.75192,CWS,time_untruncated_hierarchical_contribution
16133,spatial_spd,untruncated_hierarchical_contribution,time,0.0075,North America,Arid,-115.518,41.1294,ARD,time_untruncated_hierarchical_contribution
44896,spatial_spd,untruncated_hierarchical_contribution,time,0.2105,Europe,Temperate,-4.10186,53.19743,TMP,time_untruncated_hierarchical_contribution
16219,spatial_spd,untruncated_hierarchical_contribution,time,0.363,Europe,Temperate,-7.68021,53.40001,TMP,time_untruncated_hierarchical_contribution
24952,spatial_spd,untruncated_hierarchical_contribution,time,0.183,Europe,Temperate,5.32667,46.53944,TMP,time_untruncated_hierarchical_contribution
41909,spatial_spd,untruncated_hierarchical_contribution,time,0.2707,Europe,Temperate - Dry Summer,-7.57639,40.34167,TDS,time_untruncated_hierarchical_contribution
1762,spatial_spd,untruncated_hierarchical_contribution,time,0.1713,North America,Cold - Cold Summer,-107.6975,37.73778,CCS,time_untruncated_hierarchical_contribution
1639,spatial_spd,untruncated_hierarchical_contribution,time,0.3354,North America,Cold - Warm Summer,-93.60713,47.28046,CWS,time_untruncated_hierarchical_contribution
4473,spatial_spd,untruncated_hierarchical_contribution,time,0.322,Europe,Cold - Warm Summer,21.1,49.63333,CWS,time_untruncated_hierarchical_contribution
15955,spatial_spd,untruncated_hierarchical_contribution,time,0.1591,Latin America,Polar,-79.1631,-2.77175,POL,time_untruncated_hierarchical_contribution
1661,spatial_spd,untruncated_hierarchical_contribution,time,0.0782,North America,Cold - Hot Summer,-75.66667,40.48333,CHS,time_untruncated_hierarchical_contribution
48769,spatial_spd,untruncated_hierarchical_contribution,time,0.2122,Europe,Temperate,8.76777,53.65389,TMP,time_untruncated_hierarchical_contribution
22407,spatial_spd,untruncated_hierarchical_contribution,time,0.077,North America,Cold - Dry Summer,-121.78506,44.76171,CDS,time_untruncated_hierarchical_contribution
24032,spatial_spd,untruncated_hierarchical_contribution,time,0.2249,Europe,Cold - Warm Summer,24.33333,41.98333,CWS,time_untruncated_hierarchical_contribution
40642,spatial_spd,untruncated_hierarchical_contribution,time,0.0568,Europe,Cold - Cold Summer,7.47917,46.31167,CCS,time_untruncated_hierarchical_contribution
41589,spatial_spd,untruncated_hierarchical_contribution,time,0.1582,Europe,Polar,7.40589,46.38679,POL,time_untruncated_hierarchical_contribution
40958,spatial_spd,untruncated_hierarchical_contribution,time,0.1324,Europe,Cold - Warm Summer,8.9773,47.77416,CWS,time_untruncated_hierarchical_contribution
2654,spatial_spd,untruncated_hierarchical_contribution,time,0.1548,North America,Cold - Warm Summer,-73.31694,45.54583,CWS,time_untruncated_hierarchical_contribution
1160,spatial_spd,untruncated_hierarchical_contribution,time,0.0814,North America,Temperate,-85.7263,37.43148,TMP,time_untruncated_hierarchical_contribution
823,spatial_spd,untruncated_hierarchical_contribution,time,0.1432,North America,Cold - Warm Summer,-79.39,45.41,CWS,time_untruncated_hierarchical_contribution
342,spatial_spd,untruncated_hierarchical_contribution,time,0.171,Europe,Cold - Cold Summer,7.69444,44.15,CCS,time_untruncated_hierarchical_contribution
21903,spatial_spd,untruncated_hierarchical_contribution,time,0.0607,Latin America,Tropical,-77.1432,2.0024,TRO,time_untruncated_hierarchical_contribution
1443,spatial_spd,untruncated_hierarchical_contribution,time,0.1487,Latin America,Polar,-69.18333,-14.8,POL,time_untruncated_hierarchical_contribution
20029,spatial_spd,untruncated_hierarchical_contribution,time,0.3202,Europe,Polar,27.71667,70.83333,POL,time_untruncated_hierarchical_contribution
17393,spatial_spd,untruncated_hierarchical_contribution,time,0.2557,North America,Cold - Dry Summer,-121.49568,49.98997,CDS,time_untruncated_hierarchical_contribution
22976,spatial_spd,untruncated_hierarchical_contribution,time,-0.0461,Europe,Temperate - Dry Summer,10.89211,42.98735,TDS,time_untruncated_hierarchical_contribution
22709,spatial_spd,untruncated_hierarchical_contribution,time,0.2701,Europe,Temperate,-6.27778,57.6225,TMP,time_untruncated_hierarchical_contribution
15902,spatial_spd,untruncated_hierarchical_contribution,time,0.4874,North America,Temperate,-127.27054,51.00367,TMP,time_untruncated_hierarchical_contribution
20295,spatial_spd,untruncated_hierarchical_contribution,time,0.0835,North America,Cold - Dry Summer,-133.56345,60.44414,CDS,time_untruncated_hierarchical_contribution
4192,spatial_spd,untruncated_hierarchical_contribution,time,0.4451,Europe,Cold - Warm Summer,17.38084,52.54901,CWS,time_untruncated_hierarchical_contribution
44723,spatial_spd,untruncated_hierarchical_contribution,time,0.1718,Europe,Cold - Warm Summer,8.08088,47.09076,CWS,time_untruncated_hierarchical_contribution
316,spatial_spd,untruncated_hierarchical_contribution,time,0.1681,North America,Cold - Hot Summer,-79.61639,38.15472,CHS,time_untruncated_hierarchical_contribution
22049,spatial_spd,untruncated_hierarchical_contribution,time,-0.0042,Latin America,Temperate,-74.15686,4.99445,TMP,time_untruncated_hierarchical_contribution
318,spatial_spd,untruncated_hierarchical_contribution,time,0.0886,North America,Cold - Cold Summer,-110.26056,44.29861,CCS,time_untruncated_hierarchical_contribution
3492,spatial_spd,untruncated_hierarchical_contribution,time,0.0467,North America,Cold - Warm Summer,-95.01084,47.24089,CWS,time_untruncated_hierarchical_contribution
678,spatial_spd,untruncated_hierarchical_contribution,time,0.2938,North America,Cold - Cold Summer,-118.7,62.05,CCS,time_untruncated_hierarchical_contribution
2637,spatial_spd,untruncated_hierarchical_contribution,time,0.1549,North America,Cold - Dry Summer,-145.7,63.06667,CDS,time_untruncated_hierarchical_contribution
1704,spatial_spd,untruncated_hierarchical_contribution,time,0.306,North America,Cold - Cold Summer,-133.46667,68.26667,CCS,time_untruncated_hierarchical_contribution
4286,spatial_spd,untruncated_hierarchical_contribution,time,0.4238,Europe,Cold - Cold Summer,21,68.91667,CCS,time_untruncated_hierarchical_contribution
20131,spatial_spd,untruncated_hierarchical_contribution,time,0.2555,Europe,Temperate,6.62428,52.76867,TMP,time_untruncated_hierarchical_contribution
2286,spatial_spd,untruncated_hierarchical_contribution,time,0.1912,North America,Cold - Warm Summer,-73.33083,45.96389,CWS,time_untruncated_hierarchical_contribution
673,spatial_spd,untruncated_hierarchical_contribution,time,0.1477,North America,Cold - Cold Summer,-71.83333,44.03333,CCS,time_untruncated_hierarchical_contribution
3473,spatial_spd,untruncated_hierarchical_contribution,time,0.1329,North America,Cold - Warm Summer,-89.9,46.25,CWS,time_untruncated_hierarchical_contribution
17396,spatial_spd,untruncated_hierarchical_contribution,time,0.2041,North America,Cold - Warm Summer,-94.6867,46.96784,CWS,time_untruncated_hierarchical_contribution
19323,spatial_spd,untruncated_hierarchical_contribution,time,0.2721,North America,Cold - Dry Summer,-104.94659,66.34697,CDS,time_untruncated_hierarchical_contribution
533,spatial_spd,untruncated_hierarchical_contribution,time,0.0706,North America,Cold - Cold Summer,-110.248,44.5048,CCS,time_untruncated_hierarchical_contribution
4213,spatial_spd,untruncated_hierarchical_contribution,time,0.244,Europe,Cold - Warm Summer,7.29917,47.03194,CWS,time_untruncated_hierarchical_contribution
22687,spatial_spd,untruncated_hierarchical_contribution,time,0.6024,Europe,Cold - Warm Summer,12.91361,52.31361,CWS,time_untruncated_hierarchical_contribution
41527,spatial_spd,untruncated_hierarchical_contribution,time,0.1685,Europe,Temperate,-5.76889,43.52889,TMP,time_untruncated_hierarchical_contribution
4492,spatial_spd,untruncated_hierarchical_contribution,time,0.2751,Europe,Temperate,-3.43333,43.15,TMP,time_untruncated_hierarchical_contribution
45345,spatial_spd,untruncated_hierarchical_contribution,time,0.2866,Europe,Cold - Cold Summer,9.41694,63.05972,CCS,time_untruncated_hierarchical_contribution
21314,spatial_spd,untruncated_hierarchical_contribution,time,0.3361,North America,Cold - Cold Summer,-145.45606,60.52977,CCS,time_untruncated_hierarchical_contribution
516,spatial_spd,untruncated_hierarchical_contribution,time,0.1604,North America,Cold - Warm Summer,-78.1,44.1,CWS,time_untruncated_hierarchical_contribution
2289,spatial_spd,untruncated_hierarchical_contribution,time,0.1802,North America,Cold - Warm Summer,-77.925,41.91667,CWS,time_untruncated_hierarchical_contribution
40450,spatial_spd,untruncated_hierarchical_contribution,time,0.1806,Europe,Cold - Warm Summer,6.99669,47.01867,CWS,time_untruncated_hierarchical_contribution
40791,spatial_spd,untruncated_hierarchical_contribution,time,0.1219,North America,Cold - Warm Summer,-73.0961,42.3768,CWS,time_untruncated_hierarchical_contribution
22757,spatial_spd,untruncated_hierarchical_contribution,time,0.1123,Europe,Cold - Cold Summer,13.86258,48.77426,CCS,time_untruncated_hierarchical_contribution
46672,spatial_spd,untruncated_hierarchical_contribution,time,0.0761,North America,Temperate,-135.01426,56.54997,TMP,time_untruncated_hierarchical_contribution
45701,spatial_spd,untruncated_hierarchical_contribution,time,0.2924,Europe,Cold - Cold Summer,10.35774,61.1078,CCS,time_untruncated_hierarchical_contribution
2377,spatial_spd,untruncated_hierarchical_contribution,time,0.1146,North America,Cold - Warm Summer,-64.18333,45.01667,CWS,time_untruncated_hierarchical_contribution
275,spatial_spd,untruncated_hierarchical_contribution,time,0.1458,North America,Cold - Warm Summer,-94.55363,46.2693,CWS,time_untruncated_hierarchical_contribution
18104,spatial_spd,untruncated_hierarchical_contribution,time,0.1996,Latin America,Temperate - Dry Summer,-71.05064,-36.86011,TDS,time_untruncated_hierarchical_contribution
3042,spatial_spd,untruncated_hierarchical_contribution,time,0.1573,North America,Cold - Warm Summer,-80.4,43.91,CWS,time_untruncated_hierarchical_contribution
17292,spatial_spd,untruncated_hierarchical_contribution,time,0.1485,North America,Cold - Cold Summer,-105.26667,55.26667,CCS,time_untruncated_hierarchical_contribution
22101,spatial_spd,untruncated_hierarchical_contribution,time,0.123,Latin America,Polar,-76.09258,6.47451,POL,time_untruncated_hierarchical_contribution
4479,spatial_spd,untruncated_hierarchical_contribution,time,0.3386,Europe,Cold - Warm Summer,21.56259,49.73807,CWS,time_untruncated_hierarchical_contribution
4017,spatial_spd,untruncated_hierarchical_contribution,time,0.4359,Europe,Cold - Cold Summer,33.85,62.31667,CCS,time_untruncated_hierarchical_contribution
2879,spatial_spd,untruncated_hierarchical_contribution,time,0.1815,North America,Cold - Cold Summer,-116.3678,50.78295,CCS,time_untruncated_hierarchical_contribution
20281,spatial_spd,untruncated_hierarchical_contribution,time,0.2272,North America,Arid,-135.34404,60.81122,ARD,time_untruncated_hierarchical_contribution
19937,spatial_spd,untruncated_hierarchical_contribution,time,0.1647,North America,Cold - Hot Summer,-86.52289,41.75667,CHS,time_untruncated_hierarchical_contribution
3582,spatial_spd,untruncated_hierarchical_contribution,time,0.1875,North America,Temperate,-76.68333,36.16667,TMP,time_untruncated_hierarchical_contribution
48616,spatial_spd,untruncated_hierarchical_contribution,time,0.2355,North America,Cold - Cold Summer,-120.65228,53.60656,CCS,time_untruncated_hierarchical_contribution
40976,spatial_spd,untruncated_hierarchical_contribution,time,0.094,North America,Temperate - Dry Summer,-125.1271,49.7887,TDS,time_untruncated_hierarchical_contribution
19913,spatial_spd,untruncated_hierarchical_contribution,time,0.1912,Europe,Cold - Cold Summer,14.45,63.88333,CCS,time_untruncated_hierarchical_contribution
20678,spatial_spd,untruncated_hierarchical_contribution,time,0.2227,North America,Cold - Dry Summer,-120.223,41.38,CDS,time_untruncated_hierarchical_contribution
15333,spatial_spd,untruncated_hierarchical_contribution,time,0.206,North America,Arid,-135.76982,60.84984,ARD,time_untruncated_hierarchical_contribution
497,spatial_spd,untruncated_hierarchical_contribution,time,0.2579,North America,Cold - Hot Summer,-93.27,42.02,CHS,time_untruncated_hierarchical_contribution
2611,spatial_spd,untruncated_hierarchical_contribution,time,0.2749,North America,Cold - Dry Summer,-137.95778,60.95,CDS,time_untruncated_hierarchical_contribution
1965,spatial_spd,untruncated_hierarchical_contribution,time,0.1514,North America,Cold - Warm Summer,-79.78,44.93,CWS,time_untruncated_hierarchical_contribution
1703,spatial_spd,untruncated_hierarchical_contribution,time,0.2715,North America,Cold - Warm Summer,-71.42278,47.07778,CWS,time_untruncated_hierarchical_contribution
2011,spatial_spd,untruncated_hierarchical_contribution,time,0.1903,North America,Cold - Warm Summer,-88.1,43.4,CWS,time_untruncated_hierarchical_contribution
40988,spatial_spd,untruncated_hierarchical_contribution,time,0.0923,North America,Cold - Warm Summer,-72.1952,42.6749,CWS,time_untruncated_hierarchical_contribution
14110,spatial_spd,untruncated_hierarchical_contribution,time,0.2993,Europe,Temperate,-6.42829,52.95764,TMP,time_untruncated_hierarchical_contribution
2576,spatial_spd,untruncated_hierarchical_contribution,time,0.1124,North America,Cold - Warm Summer,-110.35,44.93333,CWS,time_untruncated_hierarchical_contribution
41485,spatial_spd,untruncated_hierarchical_contribution,time,0.2318,Europe,Temperate,-8.46915,54.77481,TMP,time_untruncated_hierarchical_contribution
15866,spatial_spd,untruncated_hierarchical_contribution,time,0.3181,North America,Cold - Warm Summer,-75.27217,41.03345,CWS,time_untruncated_hierarchical_contribution
41762,spatial_spd,untruncated_hierarchical_contribution,time,0.0766,North America,Cold - Warm Summer,-114.37266,48.15888,CWS,time_untruncated_hierarchical_contribution
22786,spatial_spd,untruncated_hierarchical_contribution,time,0.3202,Europe,Cold - Cold Summer,8.51833,46.445,CCS,time_untruncated_hierarchical_contribution
14498,spatial_spd,untruncated_hierarchical_contribution,time,0.0811,North America,Cold - Cold Summer,-115.93464,50.77669,CCS,time_untruncated_hierarchical_contribution
24089,spatial_spd,untruncated_hierarchical_contribution,time,0.1663,Europe,Cold - Warm Summer,13.48881,50.52085,CWS,time_untruncated_hierarchical_contribution
688,spatial_spd,untruncated_hierarchical_contribution,time,0.288,North America,Polar,-69.95833,60.9875,POL,time_untruncated_hierarchical_contribution
20304,spatial_spd,untruncated_hierarchical_contribution,time,0.1268,North America,Cold - Cold Summer,-106.84506,37.6097,CCS,time_untruncated_hierarchical_contribution
45698,spatial_spd,untruncated_hierarchical_contribution,time,0.35,Europe,Cold - Cold Summer,10.87192,60.83329,CCS,time_untruncated_hierarchical_contribution
1654,spatial_spd,untruncated_hierarchical_contribution,time,0.0529,Latin America,Polar,-76.35,-11.56667,POL,time_untruncated_hierarchical_contribution
21708,spatial_spd,untruncated_hierarchical_contribution,time,0.0931,Latin America,Temperate - Dry Summer,-73.77985,5.42453,TDS,time_untruncated_hierarchical_contribution
1902,spatial_spd,untruncated_hierarchical_contribution,time,0.3791,North America,Cold - Dry Summer,-121.43286,49.49253,CDS,time_untruncated_hierarchical_contribution
24996,spatial_spd,untruncated_hierarchical_contribution,time,0.1767,Europe,Cold - Cold Summer,5.88528,45.05611,CCS,time_untruncated_hierarchical_contribution
821,spatial_spd,untruncated_hierarchical_contribution,time,0.1567,North America,Cold - Warm Summer,-72.98278,45.28278,CWS,time_untruncated_hierarchical_contribution
22047,spatial_spd,untruncated_hierarchical_contribution,time,0.2996,Latin America,Temperate,-74.15686,4.99445,TMP,time_untruncated_hierarchical_contribution
20050,spatial_spd,untruncated_hierarchical_contribution,time,0.1483,Europe,Cold - Cold Summer,6,59.81667,CCS,time_untruncated_hierarchical_contribution
45351,spatial_spd,untruncated_hierarchical_contribution,time,0.3194,Europe,Cold - Cold Summer,10.26778,61.5625,CCS,time_untruncated_hierarchical_contribution
2050,spatial_spd,untruncated_hierarchical_contribution,time,0.1432,North America,Cold - Cold Summer,-152.6,67.25,CCS,time_untruncated_hierarchical_contribution
22805,spatial_spd,untruncated_hierarchical_contribution,time,0.0573,Europe,Temperate,2.43806,42.16222,TMP,time_untruncated_hierarchical_contribution
1890,spatial_spd,untruncated_hierarchical_contribution,time,0.2228,North America,Cold - Cold Summer,-66.26667,50.55,CCS,time_untruncated_hierarchical_contribution
2588,spatial_spd,untruncated_hierarchical_contribution,time,0.0963,North America,Cold - Cold Summer,-107.08325,38.82933,CCS,time_untruncated_hierarchical_contribution
239,spatial_spd,untruncated_hierarchical_contribution,time,0.1415,North America,Temperate - Dry Summer,-122.49167,45.8,TDS,time_untruncated_hierarchical_contribution
14803,spatial_spd,untruncated_hierarchical_contribution,time,0.436,North America,Cold - Cold Summer,-114.98364,45.70637,CCS,time_untruncated_hierarchical_contribution
15413,spatial_spd,untruncated_hierarchical_contribution,time,0.1376,North America,Cold - Dry Summer,-150.76444,60.62067,CDS,time_untruncated_hierarchical_contribution
4555,spatial_spd,untruncated_hierarchical_contribution,time,0.1887,Europe,Cold - Cold Summer,6.74944,45.88472,CCS,time_untruncated_hierarchical_contribution
48982,spatial_spd,untruncated_hierarchical_contribution,time,0.1214,Europe,Cold - Cold Summer,6.74944,45.88472,CCS,time_untruncated_hierarchical_contribution
343,spatial_spd,untruncated_hierarchical_contribution,time,0.1726,North America,Cold - Dry Summer,-120.88056,45.91806,CDS,time_untruncated_hierarchical_contribution
2025,spatial_spd,untruncated_hierarchical_contribution,time,0.2159,North America,Cold - Cold Summer,-153.65,67.14722,CCS,time_untruncated_hierarchical_contribution
24048,spatial_spd,untruncated_hierarchical_contribution,time,0.0402,Europe,Polar,8.25556,46.54722,POL,time_untruncated_hierarchical_contribution
1003,spatial_spd,untruncated_hierarchical_contribution,time,0.1952,North America,Cold - Dry Summer,-138.38333,68.38333,CDS,time_untruncated_hierarchical_contribution
3563,spatial_spd,untruncated_hierarchical_contribution,time,0.148,North America,Cold - Hot Summer,-85.25,41.58306,CHS,time_untruncated_hierarchical_contribution
46292,spatial_spd,untruncated_hierarchical_contribution,time,0.2057,North America,Cold - Warm Summer,-113.91295,47.24042,CWS,time_untruncated_hierarchical_contribution
834,spatial_spd,untruncated_hierarchical_contribution,time,0.26,North America,Cold - Cold Summer,-101.68167,54.74222,CCS,time_untruncated_hierarchical_contribution
20279,spatial_spd,untruncated_hierarchical_contribution,time,0.1358,Europe,Polar,25.36415,71.07382,POL,time_untruncated_hierarchical_contribution
4415,spatial_spd,untruncated_hierarchical_contribution,time,0.1152,Europe,Cold - Cold Summer,32.96292,65.09296,CCS,time_untruncated_hierarchical_contribution
20012,spatial_spd,untruncated_hierarchical_contribution,time,0.2329,Europe,Temperate,13.58333,68.13333,TMP,time_untruncated_hierarchical_contribution
24080,spatial_spd,untruncated_hierarchical_contribution,time,0.1983,Europe,Cold - Cold Summer,10.33554,46.46957,CCS,time_untruncated_hierarchical_contribution
2004,spatial_spd,untruncated_hierarchical_contribution,time,0.2399,North America,Cold - Cold Summer,-110.56667,64.11667,CCS,time_untruncated_hierarchical_contribution
15101,spatial_spd,untruncated_hierarchical_contribution,time,0.1492,Latin America,Temperate - Dry Summer,-71.4207,-42.50389,TDS,time_untruncated_hierarchical_contribution
3774,spatial_spd,untruncated_hierarchical_contribution,time,0.225,North America,Cold - Warm Summer,-98.60348,47.06837,CWS,time_untruncated_hierarchical_contribution
1771,spatial_spd,untruncated_hierarchical_contribution,time,0.2386,Latin America,Polar,-73,-50.46667,POL,time_untruncated_hierarchical_contribution
15967,spatial_spd,untruncated_hierarchical_contribution,time,0.0903,North America,Cold - Dry Summer,-111.52408,34.77379,CDS,time_untruncated_hierarchical_contribution
1607,spatial_spd,untruncated_hierarchical_contribution,time,0.1752,North America,Cold - Warm Summer,-81.31667,48.4,CWS,time_untruncated_hierarchical_contribution
17336,spatial_spd,untruncated_hierarchical_contribution,time,0.2703,Europe,Temperate,-8.15353,52.37189,TMP,time_untruncated_hierarchical_contribution
987,spatial_spd,untruncated_hierarchical_contribution,time,0.1834,North America,Cold - Cold Summer,-55.51667,50.76889,CCS,time_untruncated_hierarchical_contribution
15646,spatial_spd,untruncated_hierarchical_contribution,time,0.0266,North America,Cold - Dry Summer,-122.5609,41.34563,CDS,time_untruncated_hierarchical_contribution
15061,spatial_spd,untruncated_hierarchical_contribution,time,0.2024,Latin America,Temperate - Dry Summer,-71.29522,-42.35994,TDS,time_untruncated_hierarchical_contribution
20609,spatial_spd,untruncated_hierarchical_contribution,time,0.2849,North America,Cold - Warm Summer,-119.30346,52.10981,CWS,time_untruncated_hierarchical_contribution
40448,spatial_spd,untruncated_hierarchical_contribution,time,0.3056,Europe,Polar,10.26429,46.81088,POL,time_untruncated_hierarchical_contribution
3046,spatial_spd,untruncated_hierarchical_contribution,time,0.2867,North America,Cold - Warm Summer,-79.63778,48.50389,CWS,time_untruncated_hierarchical_contribution
1610,spatial_spd,untruncated_hierarchical_contribution,time,0.0321,Latin America,Arid,-67.83333,-53.5,ARD,time_untruncated_hierarchical_contribution
331,spatial_spd,untruncated_hierarchical_contribution,time,0.2247,North America,Temperate,-85.01667,30.26667,TMP,time_untruncated_hierarchical_contribution
1711,spatial_spd,untruncated_hierarchical_contribution,time,0.1252,Latin America,Temperate - Dry Summer,-71.46667,-41.25,TDS,time_untruncated_hierarchical_contribution
48931,spatial_spd,untruncated_hierarchical_contribution,time,0.2455,Europe,Arid,-4.14498,41.31848,ARD,time_untruncated_hierarchical_contribution
3935,spatial_spd,untruncated_hierarchical_contribution,time,0.1747,Europe,Cold - Warm Summer,15.19097,49.04174,CWS,time_untruncated_hierarchical_contribution
15032,spatial_spd,untruncated_hierarchical_contribution,time,0.1658,North America,Cold - Warm Summer,-88.32806,47.12324,CWS,time_untruncated_hierarchical_contribution
4445,spatial_spd,untruncated_hierarchical_contribution,time,0.2465,Europe,Temperate,8.61199,56.12781,TMP,time_untruncated_hierarchical_contribution
15417,spatial_spd,untruncated_hierarchical_contribution,time,-0.0259,North America,Cold - Dry Summer,-130.84004,57.481,CDS,time_untruncated_hierarchical_contribution
4391,spatial_spd,untruncated_hierarchical_contribution,time,0.2525,Europe,Cold - Cold Summer,32.63333,64.08333,CCS,time_untruncated_hierarchical_contribution
24867,spatial_spd,untruncated_hierarchical_contribution,time,0.1701,Europe,Temperate,-1.50278,47.40278,TMP,time_untruncated_hierarchical_contribution
3484,spatial_spd,untruncated_hierarchical_contribution,time,0.0885,North America,Temperate,-83.25833,30.725,TMP,time_untruncated_hierarchical_contribution
317,spatial_spd,untruncated_hierarchical_contribution,time,0.1497,Europe,Cold - Cold Summer,28.39012,70.17739,CCS,time_untruncated_hierarchical_contribution
21926,spatial_spd,untruncated_hierarchical_contribution,time,0.0571,Latin America,Polar,-74.10008,5.07352,POL,time_untruncated_hierarchical_contribution
42563,spatial_spd,untruncated_hierarchical_contribution,time,0.2469,Europe,Temperate,-8.39009,55.01806,TMP,time_untruncated_hierarchical_contribution
777,spatial_spd,untruncated_hierarchical_contribution,time,0.2575,North America,Cold - Cold Summer,-58.55,53.23333,CCS,time_untruncated_hierarchical_contribution
40566,spatial_spd,untruncated_hierarchical_contribution,time,0.2252,Europe,Cold - Warm Summer,8.83094,47.61335,CWS,time_untruncated_hierarchical_contribution
15403,spatial_spd,untruncated_hierarchical_contribution,time,0.0751,North America,Cold - Warm Summer,-95.40482,47.68075,CWS,time_untruncated_hierarchical_contribution
20194,spatial_spd,untruncated_hierarchical_contribution,time,0.0735,North America,Arid,-103.62565,48.60626,ARD,time_untruncated_hierarchical_contribution
4372,spatial_spd,untruncated_hierarchical_contribution,time,0.1852,Europe,Cold - Cold Summer,20.31667,69.35,CCS,time_untruncated_hierarchical_contribution
4382,spatial_spd,untruncated_hierarchical_contribution,time,0.2459,Europe,Cold - Warm Summer,8.32556,47.07556,CWS,time_untruncated_hierarchical_contribution
16193,spatial_spd,untruncated_hierarchical_contribution,time,0.0873,North America,Cold - Warm Summer,-78.32909,44.08857,CWS,time_untruncated_hierarchical_contribution
42720,spatial_spd,untruncated_hierarchical_contribution,time,0.3768,Europe,Cold - Warm Summer,6.75027,50.0978,CWS,time_untruncated_hierarchical_contribution
811,spatial_spd,untruncated_hierarchical_contribution,time,0.2751,North America,Cold - Dry Summer,-156.03333,68.13333,CDS,time_untruncated_hierarchical_contribution
22828,spatial_spd,untruncated_hierarchical_contribution,time,0.097,Europe,Cold - Warm Summer,23.52821,47.80939,CWS,time_untruncated_hierarchical_contribution
1657,spatial_spd,untruncated_hierarchical_contribution,time,0.3685,North America,Cold - Cold Summer,-119.71667,56.71667,CCS,time_untruncated_hierarchical_contribution
1520,spatial_spd,untruncated_hierarchical_contribution,time,0.3337,North America,Cold - Hot Summer,-93.1249,44.7693,CHS,time_untruncated_hierarchical_contribution
1663,spatial_spd,untruncated_hierarchical_contribution,time,0.137,North America,Cold - Warm Summer,-68.2,45.03333,CWS,time_untruncated_hierarchical_contribution
14512,spatial_spd,untruncated_hierarchical_contribution,time,0.3581,Europe,Temperate,-7.41421,53.36487,TMP,time_untruncated_hierarchical_contribution
356,spatial_spd,untruncated_hierarchical_contribution,time,0.1087,Latin America,Polar,-68.15,-16.36667,POL,time_untruncated_hierarchical_contribution
519,spatial_spd,untruncated_hierarchical_contribution,time,0.2175,North America,Cold - Warm Summer,-81.26667,49.18333,CWS,time_untruncated_hierarchical_contribution
15715,spatial_spd,untruncated_hierarchical_contribution,time,0.3169,North America,Cold - Dry Summer,-120.78,42.556,CDS,time_untruncated_hierarchical_contribution
3047,spatial_spd,untruncated_hierarchical_contribution,time,0.0692,North America,Cold - Warm Summer,-87.94333,46.75414,CWS,time_untruncated_hierarchical_contribution
20018,spatial_spd,untruncated_hierarchical_contribution,time,0.1935,Europe,Polar,10.39435,62.33017,POL,time_untruncated_hierarchical_contribution
281,spatial_spd,untruncated_hierarchical_contribution,time,0.3625,North America,Temperate,-88.47444,33.56333,TMP,time_untruncated_hierarchical_contribution
21603,spatial_spd,untruncated_hierarchical_contribution,time,0.2878,Latin America,Arid,-71.70905,-13.09272,ARD,time_untruncated_hierarchical_contribution
48917,spatial_spd,untruncated_hierarchical_contribution,time,0.0443,Europe,Cold - Warm Summer,22.42306,58.52611,CWS,time_untruncated_hierarchical_contribution
304,spatial_spd,untruncated_hierarchical_contribution,time,0.2573,North America,Temperate,-97.12611,30.36,TMP,time_untruncated_hierarchical_contribution
15035,spatial_spd,untruncated_hierarchical_contribution,time,0.1016,North America,Cold - Warm Summer,-89.0935,47.91059,CWS,time_untruncated_hierarchical_contribution
1849,spatial_spd,untruncated_hierarchical_contribution,time,0.3043,North America,Cold - Cold Summer,-57.75,53.05,CCS,time_untruncated_hierarchical_contribution
16212,spatial_spd,untruncated_hierarchical_contribution,time,0.2907,Europe,Cold - Warm Summer,-2.84844,41.99772,CWS,time_untruncated_hierarchical_contribution
1705,spatial_spd,untruncated_hierarchical_contribution,time,0.386,North America,Temperate,-122.54722,49.30833,TMP,time_untruncated_hierarchical_contribution
492,spatial_spd,untruncated_hierarchical_contribution,time,0.1139,North America,Temperate,-78.95401,33.79844,TMP,time_untruncated_hierarchical_contribution
4203,spatial_spd,untruncated_hierarchical_contribution,time,0.0999,Europe,Cold - Warm Summer,27.57509,59.30546,CWS,time_untruncated_hierarchical_contribution
42722,spatial_spd,untruncated_hierarchical_contribution,time,0.2696,North America,Cold - Warm Summer,-55.4959,48.24689,CWS,time_untruncated_hierarchical_contribution
550,spatial_spd,untruncated_hierarchical_contribution,time,0.2211,North America,Temperate - Dry Summer,-122.25,46.59167,TDS,time_untruncated_hierarchical_contribution
3830,spatial_spd,untruncated_hierarchical_contribution,time,0.1393,North America,Cold - Warm Summer,-74.05822,44.14671,CWS,time_untruncated_hierarchical_contribution
17359,spatial_spd,untruncated_hierarchical_contribution,time,0.2833,North America,Cold - Cold Summer,-149.26043,63.88385,CCS,time_untruncated_hierarchical_contribution
40579,spatial_spd,untruncated_hierarchical_contribution,time,0.3146,Europe,Cold - Cold Summer,8.51833,46.445,CCS,time_untruncated_hierarchical_contribution
41183,spatial_spd,untruncated_hierarchical_contribution,time,0.1159,North America,Cold - Dry Summer,-149.91417,60.25387,CDS,time_untruncated_hierarchical_contribution
15189,spatial_spd,untruncated_hierarchical_contribution,time,0.1877,North America,Cold - Cold Summer,-152.49547,67.10883,CCS,time_untruncated_hierarchical_contribution
534,spatial_spd,untruncated_hierarchical_contribution,time,0.1792,North America,Cold - Warm Summer,-111.18333,44.125,CWS,time_untruncated_hierarchical_contribution
4362,spatial_spd,untruncated_hierarchical_contribution,time,0.1162,Europe,Cold - Warm Summer,27.25948,57.68477,CWS,time_untruncated_hierarchical_contribution
41770,spatial_spd,untruncated_hierarchical_contribution,time,0.3747,Europe,Temperate,8.92794,45.99663,TMP,time_untruncated_hierarchical_contribution
45101,spatial_spd,untruncated_hierarchical_contribution,time,0.1145,Europe,Arid,21.91667,40.81667,ARD,time_untruncated_hierarchical_contribution
4288,spatial_spd,untruncated_hierarchical_contribution,time,0.222,Europe,Cold - Cold Summer,33.5,61.80556,CCS,time_untruncated_hierarchical_contribution
22814,spatial_spd,untruncated_hierarchical_contribution,time,0.1509,Europe,Cold - Warm Summer,25.89735,46.12662,CWS,time_untruncated_hierarchical_contribution
2951,spatial_spd,untruncated_hierarchical_contribution,time,0.0586,North America,Cold - Cold Summer,-57.3,51.51667,CCS,time_untruncated_hierarchical_contribution
4403,spatial_spd,untruncated_hierarchical_contribution,time,0.4843,Europe,Cold - Warm Summer,12.41426,57.16313,CWS,time_untruncated_hierarchical_contribution
1006,spatial_spd,untruncated_hierarchical_contribution,time,0.2616,North America,Cold - Cold Summer,-146.9075,64.44444,CCS,time_untruncated_hierarchical_contribution
871,spatial_spd,untruncated_hierarchical_contribution,time,0.1734,North America,Cold - Warm Summer,-74.37083,45.94583,CWS,time_untruncated_hierarchical_contribution
17371,spatial_spd,untruncated_hierarchical_contribution,time,0.2848,Latin America,Polar,-67.83333,-54.71667,POL,time_untruncated_hierarchical_contribution
1448,spatial_spd,untruncated_hierarchical_contribution,time,0.0958,North America,Cold - Warm Summer,-87.84806,44.23806,CWS,time_untruncated_hierarchical_contribution
24155,spatial_spd,untruncated_hierarchical_contribution,time,0.1591,Europe,Cold - Cold Summer,22.05346,68.68811,CCS,time_untruncated_hierarchical_contribution
40454,spatial_spd,untruncated_hierarchical_contribution,time,0.3379,Europe,Temperate,7.12361,46.935,TMP,time_untruncated_hierarchical_contribution
22817,spatial_spd,untruncated_hierarchical_contribution,time,0.5212,Europe,Cold - Warm Summer,13.25694,52.58583,CWS,time_untruncated_hierarchical_contribution
25232,spatial_spd,untruncated_hierarchical_contribution,time,0.0047,Europe,Temperate,2.5175,45.07611,TMP,time_untruncated_hierarchical_contribution
43525,spatial_spd,untruncated_hierarchical_contribution,time,0.2018,Europe,Temperate,-7.27146,57.35101,TMP,time_untruncated_hierarchical_contribution
20046,spatial_spd,untruncated_hierarchical_contribution,time,0.3844,Europe,Polar,8.66667,61.41667,POL,time_untruncated_hierarchical_contribution
4209,spatial_spd,untruncated_hierarchical_contribution,time,0.2459,Europe,Temperate,-4.74263,56.00316,TMP,time_untruncated_hierarchical_contribution
1622,spatial_spd,untruncated_hierarchical_contribution,time,0.0061,North America,Cold - Warm Summer,-55.47306,49.47139,CWS,time_untruncated_hierarchical_contribution
4467,spatial_spd,untruncated_hierarchical_contribution,time,0.049,Europe,Cold - Cold Summer,23.56001,42.06517,CCS,time_untruncated_hierarchical_contribution
15793,spatial_spd,untruncated_hierarchical_contribution,time,0.2484,North America,Cold - Warm Summer,-67.4015,46.89286,CWS,time_untruncated_hierarchical_contribution
15680,spatial_spd,untruncated_hierarchical_contribution,time,0.2273,North America,Cold - Dry Summer,-120.38753,39.05223,CDS,time_untruncated_hierarchical_contribution
3928,spatial_spd,untruncated_hierarchical_contribution,time,0.1907,Europe,Cold - Cold Summer,32.76667,62.03333,CCS,time_untruncated_hierarchical_contribution
4531,spatial_spd,untruncated_hierarchical_contribution,time,0.2169,Europe,Cold - Warm Summer,22.38333,58.46667,CWS,time_untruncated_hierarchical_contribution
2314,spatial_spd,untruncated_hierarchical_contribution,time,0.3296,North America,Cold - Hot Summer,-93.86307,44.86829,CHS,time_untruncated_hierarchical_contribution
339,spatial_spd,untruncated_hierarchical_contribution,time,0.1271,North America,Cold - Warm Summer,-64.94,48.19778,CWS,time_untruncated_hierarchical_contribution
1807,spatial_spd,untruncated_hierarchical_contribution,time,0.0911,North America,Cold - Warm Summer,-81.5,46.6,CWS,time_untruncated_hierarchical_contribution
514,spatial_spd,untruncated_hierarchical_contribution,time,0.0927,North America,Polar,-106.41121,38.82854,POL,time_untruncated_hierarchical_contribution
3125,spatial_spd,untruncated_hierarchical_contribution,time,0.1766,North America,Cold - Cold Summer,-99.6594,50.6907,CCS,time_untruncated_hierarchical_contribution
20922,spatial_spd,untruncated_hierarchical_contribution,time,0.1271,North America,Cold - Cold Summer,-106.25685,41.37674,CCS,time_untruncated_hierarchical_contribution
41606,spatial_spd,untruncated_hierarchical_contribution,time,0.3046,North America,Polar,-124.688,58.485,POL,time_untruncated_hierarchical_contribution
352,spatial_spd,untruncated_hierarchical_contribution,time,0.1902,North America,Cold - Hot Summer,-93.19722,45.41111,CHS,time_untruncated_hierarchical_contribution
17304,spatial_spd,untruncated_hierarchical_contribution,time,0.1989,North America,Cold - Warm Summer,-89.5565,45.51884,CWS,time_untruncated_hierarchical_contribution
22732,spatial_spd,untruncated_hierarchical_contribution,time,0.266,Europe,Cold - Warm Summer,7.69021,45.68554,CWS,time_untruncated_hierarchical_contribution
2609,spatial_spd,untruncated_hierarchical_contribution,time,0.18,North America,Cold - Hot Summer,-84.68944,40.21667,CHS,time_untruncated_hierarchical_contribution
48798,spatial_spd,untruncated_hierarchical_contribution,time,0.2888,Europe,Temperate,8.72184,53.67137,TMP,time_untruncated_hierarchical_contribution
21978,spatial_spd,untruncated_hierarchical_contribution,time,0.1244,Latin America,Temperate,-74.15686,4.99445,TMP,time_untruncated_hierarchical_contribution
22793,spatial_spd,untruncated_hierarchical_contribution,time,0.3515,Europe,Cold - Cold Summer,10.47806,46.86278,CCS,time_untruncated_hierarchical_contribution
15766,spatial_spd,untruncated_hierarchical_contribution,time,0.0493,North America,Temperate - Dry Summer,-118.99583,36.98158,TDS,time_untruncated_hierarchical_contribution
46481,spatial_spd,untruncated_hierarchical_contribution,time,0.1291,Europe,Cold - Warm Summer,32.0275,56.28528,CWS,time_untruncated_hierarchical_contribution
17713,spatial_spd,untruncated_hierarchical_contribution,time,0.1775,North America,Cold - Cold Summer,-104.94231,55.42836,CCS,time_untruncated_hierarchical_contribution
20651,spatial_spd,untruncated_hierarchical_contribution,time,0.0479,North America,Polar,-138.092,61.018,POL,time_untruncated_hierarchical_contribution
47520,spatial_spd,untruncated_hierarchical_contribution,time,0.2153,Europe,Cold - Cold Summer,13.39869,49.07402,CCS,time_untruncated_hierarchical_contribution
4359,spatial_spd,untruncated_hierarchical_contribution,time,0.2608,Europe,Temperate,1.64583,45.84972,TMP,time_untruncated_hierarchical_contribution
1788,spatial_spd,untruncated_hierarchical_contribution,time,0.0853,North America,Polar,-128.8,63.01667,POL,time_untruncated_hierarchical_contribution
4183,spatial_spd,untruncated_hierarchical_contribution,time,0.1329,Europe,Cold - Cold Summer,30.53333,64.56667,CCS,time_untruncated_hierarchical_contribution
816,spatial_spd,untruncated_hierarchical_contribution,time,0.2249,North America,Temperate - Dry Summer,-119.83333,37,TDS,time_untruncated_hierarchical_contribution
3056,spatial_spd,untruncated_hierarchical_contribution,time,0.1708,North America,Polar,-105.51561,37.56888,POL,time_untruncated_hierarchical_contribution
40803,spatial_spd,untruncated_hierarchical_contribution,time,0.0743,North America,Cold - Hot Summer,-70.63644,41.56329,CHS,time_untruncated_hierarchical_contribution
16278,spatial_spd,untruncated_hierarchical_contribution,time,0.0716,North America,Cold - Warm Summer,-78.10417,44.16583,CWS,time_untruncated_hierarchical_contribution
1632,spatial_spd,untruncated_hierarchical_contribution,time,0.2216,North America,Cold - Dry Summer,-135.4,59.2,CDS,time_untruncated_hierarchical_contribution
1904,spatial_spd,untruncated_hierarchical_contribution,time,0.161,North America,Cold - Warm Summer,-75.80833,45.46944,CWS,time_untruncated_hierarchical_contribution
48948,spatial_spd,untruncated_hierarchical_contribution,time,0.0564,Europe,Polar,6.59028,44.99361,POL,time_untruncated_hierarchical_contribution
25837,spatial_spd,untruncated_hierarchical_contribution,time,0.2988,Europe,Cold - Cold Summer,12.13889,47.24306,CCS,time_untruncated_hierarchical_contribution
2961,spatial_spd,untruncated_hierarchical_contribution,time,0.0931,North America,Cold - Hot Summer,-85.38333,42.4,CHS,time_untruncated_hierarchical_contribution
4145,spatial_spd,untruncated_hierarchical_contribution,time,0.2983,Europe,Cold - Cold Summer,32.16667,65.08333,CCS,time_untruncated_hierarchical_contribution
1152,spatial_spd,untruncated_hierarchical_contribution,time,0.117,North America,Cold - Cold Summer,-107.03333,38.865,CCS,time_untruncated_hierarchical_contribution
3468,spatial_spd,untruncated_hierarchical_contribution,time,0.3056,North America,Cold - Hot Summer,-93.69945,45.41613,CHS,time_untruncated_hierarchical_contribution
15586,spatial_spd,untruncated_hierarchical_contribution,time,0.4016,North America,Cold - Dry Summer,-116.0839,44.8993,CDS,time_untruncated_hierarchical_contribution
22908,spatial_spd,untruncated_hierarchical_contribution,time,0.1844,Europe,Temperate,7.38985,45.05242,TMP,time_untruncated_hierarchical_contribution
1104,spatial_spd,untruncated_hierarchical_contribution,time,0.1704,North America,Cold - Dry Summer,-150.32555,60.46562,CDS,time_untruncated_hierarchical_contribution
2623,spatial_spd,untruncated_hierarchical_contribution,time,0.2258,North America,Cold - Hot Summer,-74.48333,40.4,CHS,time_untruncated_hierarchical_contribution
1626,spatial_spd,untruncated_hierarchical_contribution,time,0.067,North America,Cold - Warm Summer,-65.81278,49.20778,CWS,time_untruncated_hierarchical_contribution
24091,spatial_spd,untruncated_hierarchical_contribution,time,0.3276,Europe,Cold - Warm Summer,11.67907,46.75939,CWS,time_untruncated_hierarchical_contribution
45381,spatial_spd,untruncated_hierarchical_contribution,time,0.2266,Europe,Cold - Warm Summer,25,59.43333,CWS,time_untruncated_hierarchical_contribution
24303,spatial_spd,untruncated_hierarchical_contribution,time,0.4158,Europe,Polar,8.02556,46.38972,POL,time_untruncated_hierarchical_contribution
228,spatial_spd,untruncated_hierarchical_contribution,time,0.2274,North America,Temperate - Dry Summer,-119.25586,37.15702,TDS,time_untruncated_hierarchical_contribution
32,spatial_spd,untruncated_hierarchical_contribution,time,0.1534,Latin America,Polar,-68.98333,-15.23333,POL,time_untruncated_hierarchical_contribution
1002,spatial_spd,untruncated_hierarchical_contribution,time,0.1368,North America,Cold - Warm Summer,-80.41333,43.23667,CWS,time_untruncated_hierarchical_contribution
2953,spatial_spd,untruncated_hierarchical_contribution,time,0.2113,North America,Temperate,-124.84444,48.67222,TMP,time_untruncated_hierarchical_contribution
1648,spatial_spd,untruncated_hierarchical_contribution,time,0.2425,North America,Temperate,-81.35466,27.20427,TMP,time_untruncated_hierarchical_contribution
15776,spatial_spd,untruncated_hierarchical_contribution,time,0.1143,North America,Temperate - Dry Summer,-120.65033,39.4591,TDS,time_untruncated_hierarchical_contribution
2593,spatial_spd,untruncated_hierarchical_contribution,time,0.1102,North America,Cold - Hot Summer,-74.18424,41.23597,CHS,time_untruncated_hierarchical_contribution
45716,spatial_spd,untruncated_hierarchical_contribution,time,0.1331,Europe,Polar,6.99194,59.84139,POL,time_untruncated_hierarchical_contribution
15394,spatial_spd,untruncated_hierarchical_contribution,time,0.2085,Latin America,Tropical,-78.69181,22.16,TRO,time_untruncated_hierarchical_contribution
1766,spatial_spd,untruncated_hierarchical_contribution,time,0.1153,North America,Arid,-111.7528,34.6488,ARD,time_untruncated_hierarchical_contribution
22851,spatial_spd,untruncated_hierarchical_contribution,time,0.3086,Europe,Cold - Warm Summer,14.61586,53.85885,CWS,time_untruncated_hierarchical_contribution
48925,spatial_spd,untruncated_hierarchical_contribution,time,0.1038,North America,Cold - Warm Summer,-69.04601,46.40468,CWS,time_untruncated_hierarchical_contribution
17368,spatial_spd,untruncated_hierarchical_contribution,time,0.2864,Latin America,Polar,-67.75,-54.33333,POL,time_untruncated_hierarchical_contribution
4120,spatial_spd,untruncated_hierarchical_contribution,time,0.4337,Europe,Cold - Warm Summer,21.8875,49.3705,CWS,time_untruncated_hierarchical_contribution
18123,spatial_spd,untruncated_hierarchical_contribution,time,0.2246,Latin America,Arid,-71.38341,-49.03244,ARD,time_untruncated_hierarchical_contribution
43295,spatial_spd,untruncated_hierarchical_contribution,time,0.1674,Latin America,Cold - Dry Summer,-71.56444,-44.90858,CDS,time_untruncated_hierarchical_contribution
15259,spatial_spd,untruncated_hierarchical_contribution,time,0.2568,Latin America,Polar,-67.29727,-54.87129,POL,time_untruncated_hierarchical_contribution
15682,spatial_spd,untruncated_hierarchical_contribution,time,0.1642,North America,Cold - Warm Summer,-87.923,46.83146,CWS,time_untruncated_hierarchical_contribution
24461,spatial_spd,untruncated_hierarchical_contribution,time,0.2066,Europe,Cold - Warm Summer,3.6,44.43333,CWS,time_untruncated_hierarchical_contribution
19995,spatial_spd,untruncated_hierarchical_contribution,time,0.1129,North America,Cold - Cold Summer,-121.50872,53.64304,CCS,time_untruncated_hierarchical_contribution
48782,spatial_spd,untruncated_hierarchical_contribution,time,0.2313,Europe,Temperate,8.71572,53.67106,TMP,time_untruncated_hierarchical_contribution
1970,spatial_spd,untruncated_hierarchical_contribution,time,0.124,North America,Arid,-111.69798,37.93564,ARD,time_untruncated_hierarchical_contribution
41835,spatial_spd,untruncated_hierarchical_contribution,time,0.3042,Europe,Cold - Cold Summer,9.84504,46.49394,CCS,time_untruncated_hierarchical_contribution
4436,spatial_spd,untruncated_hierarchical_contribution,time,0.1501,Europe,Temperate,-6.25833,54.77694,TMP,time_untruncated_hierarchical_contribution
16073,spatial_spd,untruncated_hierarchical_contribution,time,0.2524,North America,Temperate - Dry Summer,-123.03632,39.48917,TDS,time_untruncated_hierarchical_contribution
16236,spatial_spd,untruncated_hierarchical_contribution,time,0.1885,North America,Cold - Cold Summer,-149.68333,68.65359,CCS,time_untruncated_hierarchical_contribution
2880,spatial_spd,untruncated_hierarchical_contribution,time,0.1014,North America,Cold - Cold Summer,-108.10256,37.46906,CCS,time_untruncated_hierarchical_contribution
513,spatial_spd,untruncated_hierarchical_contribution,time,0.1856,North America,Cold - Hot Summer,-99.92606,44.82568,CHS,time_untruncated_hierarchical_contribution
1856,spatial_spd,untruncated_hierarchical_contribution,time,0.1138,North America,Cold - Cold Summer,-109.92,43.45917,CCS,time_untruncated_hierarchical_contribution
40844,spatial_spd,untruncated_hierarchical_contribution,time,0.0241,North America,Cold - Hot Summer,-71.0133,41.8815,CHS,time_untruncated_hierarchical_contribution
4308,spatial_spd,untruncated_hierarchical_contribution,time,0.2006,Europe,Cold - Warm Summer,24.68735,58.00009,CWS,time_untruncated_hierarchical_contribution
42668,spatial_spd,untruncated_hierarchical_contribution,time,0.2913,Europe,Cold - Warm Summer,8.26188,48.42584,CWS,time_untruncated_hierarchical_contribution
1001,spatial_spd,untruncated_hierarchical_contribution,time,0.0907,North America,Cold - Dry Summer,-129.01667,60.03333,CDS,time_untruncated_hierarchical_contribution
369,spatial_spd,untruncated_hierarchical_contribution,time,0.1529,North America,Cold - Warm Summer,-83.24111,43.12389,CWS,time_untruncated_hierarchical_contribution
21838,spatial_spd,untruncated_hierarchical_contribution,time,0.1038,Latin America,Polar,-72.34629,6.38712,POL,time_untruncated_hierarchical_contribution
506,spatial_spd,untruncated_hierarchical_contribution,time,0.1022,North America,Cold - Cold Summer,-107.08549,38.87102,CCS,time_untruncated_hierarchical_contribution
1733,spatial_spd,untruncated_hierarchical_contribution,time,0.2024,North America,Cold - Cold Summer,-126.11667,65.21667,CCS,time_untruncated_hierarchical_contribution
19967,spatial_spd,untruncated_hierarchical_contribution,time,0.1466,North America,Cold - Warm Summer,-81.00585,44.73314,CWS,time_untruncated_hierarchical_contribution
PVT_Dabsan_Lake,spatial_spd,untruncated_hierarchical_contribution,time,0.1387,Asia,Arid,95.5,37.1,ARD,time_untruncated_hierarchical_contribution
PVT_Daihai_Lake_2004,spatial_spd,untruncated_hierarchical_contribution,time,0.1328,Asia,Arid,112.67,40.58,ARD,time_untruncated_hierarchical_contribution
PVT_Dalianhai_Lake,spatial_spd,untruncated_hierarchical_contribution,time,0.0351,Asia,Arid,100.41,36.25,ARD,time_untruncated_hierarchical_contribution
PVT_Gonghai_Lake,spatial_spd,untruncated_hierarchical_contribution,time,0.1986,Asia,Cold - Dry Winter,112.23,38.9,CDW,time_untruncated_hierarchical_contribution
PVT_Manas_Lake_LM1,spatial_spd,untruncated_hierarchical_contribution,time,0.1104,Asia,Arid,85.92,45.83,ARD,time_untruncated_hierarchical_contribution
PVT_Qidong,spatial_spd,untruncated_hierarchical_contribution,time,0.1786,Asia,Temperate,121.7,31.9,TMP,time_untruncated_hierarchical_contribution
PVT_Qinghai_Lake_QH2000,spatial_spd,untruncated_hierarchical_contribution,time,0.1914,Asia,Cold - Dry Winter,100.52,36.67,CDW,time_untruncated_hierarchical_contribution
PVT_Sihailongwan_Lake,spatial_spd,untruncated_hierarchical_contribution,time,0.0853,Asia,Cold - Dry Winter,126.6,42.28,CDW,time_untruncated_hierarchical_contribution
PVT_Ximen_Co,spatial_spd,untruncated_hierarchical_contribution,time,0.1256,Asia,Polar,101.47,33.38,POL,time_untruncated_hierarchical_contribution
PVT_Xingyun_Lake,spatial_spd,untruncated_hierarchical_contribution,time,0.4049,Asia,Temperate - Dry Winter,102.78,24.34,TDW,time_untruncated_hierarchical_contribution
PVT_Akkol_Lake,spatial_spd,untruncated_hierarchical_contribution,time,0.2092,Asia,Polar,89.63,50.25,POL,time_untruncated_hierarchical_contribution
PVT_Ayongwama_Co,spatial_spd,untruncated_hierarchical_contribution,time,0.1541,Asia,Polar,98.2,34.83,POL,time_untruncated_hierarchical_contribution
PVT_Chaiwopu_Lake,spatial_spd,untruncated_hierarchical_contribution,time,0.0504,Asia,Arid,87.78,43.55,ARD,time_untruncated_hierarchical_contribution
PVT_Dahaizi_Lake,spatial_spd,untruncated_hierarchical_contribution,time,0.1466,Asia,Temperate - Dry Winter,102.67,27.83,TDW,time_untruncated_hierarchical_contribution
PVT_Dajiuhu_2013,spatial_spd,untruncated_hierarchical_contribution,time,0.1027,Asia,Cold - Dry Winter,110,31.49,CDW,time_untruncated_hierarchical_contribution
PVT_Dali_Nur_Jiangjunpaozi_Lake,spatial_spd,untruncated_hierarchical_contribution,time,0.0362,Asia,Cold - Dry Winter,117.47,42.374,CDW,time_untruncated_hierarchical_contribution
PVT_Dali_Nur_Liuzhouwan_Lake,spatial_spd,untruncated_hierarchical_contribution,time,0.2167,Asia,Cold - Dry Winter,116.683,42.70733,CDW,time_untruncated_hierarchical_contribution
PVT_Dongganchi,spatial_spd,untruncated_hierarchical_contribution,time,0.0354,Asia,Cold - Dry Winter,115.78,39.53,CDW,time_untruncated_hierarchical_contribution
PVT_Erhai_Lake,spatial_spd,untruncated_hierarchical_contribution,time,0.0974,Asia,Temperate - Dry Winter,100.2,25.77,TDW,time_untruncated_hierarchical_contribution
PVT_Erhailongwan_Lake,spatial_spd,untruncated_hierarchical_contribution,time,0.1975,Asia,Cold - Dry Winter,126.37,42.3,CDW,time_untruncated_hierarchical_contribution
PVT_Ganhai_Lake,spatial_spd,untruncated_hierarchical_contribution,time,0.1624,Asia,Cold - Dry Winter,112.19,38.89,CDW,time_untruncated_hierarchical_contribution
PVT_Gantang,spatial_spd,untruncated_hierarchical_contribution,time,0.0645,Asia,Temperate,119.03,26.77,TMP,time_untruncated_hierarchical_contribution
PVT_Guangfulin,spatial_spd,untruncated_hierarchical_contribution,time,0.3291,Asia,Temperate,121.19,31.06,TMP,time_untruncated_hierarchical_contribution
PVT_Huguangyan_Maer_LakeB,spatial_spd,untruncated_hierarchical_contribution,time,0.2194,Asia,Temperate - Dry Winter,110.28,21.15,TDW,time_untruncated_hierarchical_contribution
PVT_Kendegelukol_Lake,spatial_spd,untruncated_hierarchical_contribution,time,0.2178,Asia,Polar,87.64,50.51,POL,time_untruncated_hierarchical_contribution
PVT_Koucha_Lake,spatial_spd,untruncated_hierarchical_contribution,time,0.123,Asia,Polar,97.24,34.01,POL,time_untruncated_hierarchical_contribution
PVT_Kuhai_Lake,spatial_spd,untruncated_hierarchical_contribution,time,0.1817,Asia,Polar,99.31,35.52,POL,time_untruncated_hierarchical_contribution
PVT_Longquan_Lake_LC2,spatial_spd,untruncated_hierarchical_contribution,time,0.3324,Asia,Temperate,112.24,31.08,TMP,time_untruncated_hierarchical_contribution
PVT_Lop_Nur_Luo4,spatial_spd,untruncated_hierarchical_contribution,time,0.1124,Asia,Arid,90.25,40.33,ARD,time_untruncated_hierarchical_contribution
PVT_Mengcun,spatial_spd,untruncated_hierarchical_contribution,time,0.2122,Asia,Cold - Dry Winter,117.12,38.05,CDW,time_untruncated_hierarchical_contribution
PVT_Naleng_Co,spatial_spd,untruncated_hierarchical_contribution,time,0.2318,Asia,Polar,99.76,31.11,POL,time_untruncated_hierarchical_contribution
PVT_Nantun,spatial_spd,untruncated_hierarchical_contribution,time,0.1335,Asia,Temperate - Dry Winter,104.23,26.7,TDW,time_untruncated_hierarchical_contribution
PVT_Qigai_Nuur,spatial_spd,untruncated_hierarchical_contribution,time,0.3094,Asia,Arid,109.5,39.5,ARD,time_untruncated_hierarchical_contribution
PVT_Qongjiamong_Co,spatial_spd,untruncated_hierarchical_contribution,time,0.1271,Asia,Polar,92.37,29.81,POL,time_untruncated_hierarchical_contribution
PVT_Ren_Co_R1,spatial_spd,untruncated_hierarchical_contribution,time,0.0656,Asia,Polar,96.68,30.73,POL,time_untruncated_hierarchical_contribution
PVT_Sanjiaocheng_Section,spatial_spd,untruncated_hierarchical_contribution,time,0.0157,Asia,Arid,103.34,39.01,ARD,time_untruncated_hierarchical_contribution
PVT_Sayram_Lake,spatial_spd,untruncated_hierarchical_contribution,time,0.0782,Asia,Cold - Warm Summer,81.09,44.34,CWS,time_untruncated_hierarchical_contribution
PVT_Shaamar,spatial_spd,untruncated_hierarchical_contribution,time,0.1397,Asia,Cold - Dry Winter,105.2,50.2,CDW,time_untruncated_hierarchical_contribution
PVT_Shayema_Lake,spatial_spd,untruncated_hierarchical_contribution,time,0.1543,Asia,Temperate - Dry Winter,102.22,28.58,TDW,time_untruncated_hierarchical_contribution
PVT_Sujiawan,spatial_spd,untruncated_hierarchical_contribution,time,0.3121,Asia,Cold - Dry Winter,104.52,35.54,CDW,time_untruncated_hierarchical_contribution
PVT_Tiancai_Lake,spatial_spd,untruncated_hierarchical_contribution,time,0.2312,Asia,Cold - Dry Winter,99.72,26.63,CDW,time_untruncated_hierarchical_contribution
PVT_Uzunkol_Lake,spatial_spd,untruncated_hierarchical_contribution,time,0.1816,Asia,Cold - Cold Summer,87.11,50.48,CCS,time_untruncated_hierarchical_contribution
PVT_Xiehu_Lake_SO4,spatial_spd,untruncated_hierarchical_contribution,time,0.2431,Asia,Cold - Dry Winter,122.52,37.38,CDW,time_untruncated_hierarchical_contribution
PVT_Yidun_Lake,spatial_spd,untruncated_hierarchical_contribution,time,0.3427,Asia,Polar,99.55,30.3,POL,time_untruncated_hierarchical_contribution
PVT_Zoige_RH,spatial_spd,untruncated_hierarchical_contribution,time,0.0499,Asia,Cold - Dry Winter,103.35,33.95,CDW,time_untruncated_hierarchical_contribution
cao_8,spatial_spd,untruncated_hierarchical_contribution,time,0.2632,Asia,Cold - Dry Winter,108.9136111,53.95472222,CDW,time_untruncated_hierarchical_contribution
cao_57,spatial_spd,untruncated_hierarchical_contribution,time,0.1492,Asia,Cold - Cold Summer,84.21666667,56.1,CCS,time_untruncated_hierarchical_contribution
cao_80,spatial_spd,untruncated_hierarchical_contribution,time,0.2023,Asia,Cold - Cold Summer,88.166667,58.333333,CCS,time_untruncated_hierarchical_contribution
cao_101,spatial_spd,untruncated_hierarchical_contribution,time,0.1424,Asia,Cold - Warm Summer,51.84166667,53.025,CWS,time_untruncated_hierarchical_contribution
cao_124,spatial_spd,untruncated_hierarchical_contribution,time,0.039,Asia,Cold - Cold Summer,84,56.166667,CCS,time_untruncated_hierarchical_contribution
cao_134,spatial_spd,untruncated_hierarchical_contribution,time,0.2369,Asia,Cold - Cold Summer,84.83333333,56.33333333,CCS,time_untruncated_hierarchical_contribution
cao_158,spatial_spd,untruncated_hierarchical_contribution,time,0.0729,Asia,Cold - Warm Summer,57.883333,56.316667,CWS,time_untruncated_hierarchical_contribution
PANGAEA.884462,spatial_spd,untruncated_hierarchical_contribution,time,0.1188,Asia,Arid,84.38194,43.04583,ARD,time_untruncated_hierarchical_contribution
PANGAEA.896256,spatial_spd,untruncated_hierarchical_contribution,time,0.2262,Asia,Arid,86.804,41.931,ARD,time_untruncated_hierarchical_contribution
PANGAEA.783359,spatial_spd,untruncated_hierarchical_contribution,time,0.1361,Asia,Temperate - Dry Summer,36.4925,42.2255,TDS,time_untruncated_hierarchical_contribution
Lake_Moon,spatial_spd,untruncated_hierarchical_contribution,time,0.1559,Asia,Cold - Dry Winter,120.8665,47.506,CDW,time_untruncated_hierarchical_contribution
47817,spatial_spd,untruncated_hierarchical_contribution,time,0.1088,Asia,Arid,81.03134,44.97373,ARD,time_untruncated_hierarchical_contribution
876,spatial_spd,untruncated_hierarchical_contribution,time,0.129,Asia,Cold - Warm Summer,83.333333,55,CWS,time_untruncated_hierarchical_contribution
46462,spatial_spd,untruncated_hierarchical_contribution,time,0.3383,Asia,Cold - Warm Summer,41.039722,55.118056,CWS,time_untruncated_hierarchical_contribution
46466,spatial_spd,untruncated_hierarchical_contribution,time,0.1115,Asia,Cold - Warm Summer,38.5838,53.66192,CWS,time_untruncated_hierarchical_contribution
46483,spatial_spd,untruncated_hierarchical_contribution,time,0.3754,Asia,Cold - Warm Summer,36.416667,55.166667,CWS,time_untruncated_hierarchical_contribution
3896,spatial_spd,untruncated_hierarchical_contribution,time,0.2311,Asia,Cold - Cold Summer,37.516667,66.375,CCS,time_untruncated_hierarchical_contribution
46479,spatial_spd,untruncated_hierarchical_contribution,time,0.1642,Asia,Cold - Warm Summer,36.2525,53.834722,CWS,time_untruncated_hierarchical_contribution
46485,spatial_spd,untruncated_hierarchical_contribution,time,0.2537,Asia,Cold - Warm Summer,37.333333,56.066667,CWS,time_untruncated_hierarchical_contribution
46447,spatial_spd,untruncated_hierarchical_contribution,time,0.1563,Asia,Cold - Cold Summer,35.32822,68.82667,CCS,time_untruncated_hierarchical_contribution
2643,spatial_spd,untruncated_hierarchical_contribution,time,0.1044,Asia,Cold - Warm Summer,132.783333,42.833333,CWS,time_untruncated_hierarchical_contribution
1844,spatial_spd,untruncated_hierarchical_contribution,time,0.2385,Asia,Cold - Warm Summer,134.566667,43.25,CWS,time_untruncated_hierarchical_contribution
4543,spatial_spd,untruncated_hierarchical_contribution,time,0.3403,Asia,Cold - Cold Summer,36.25,63.9,CCS,time_untruncated_hierarchical_contribution
40990,spatial_spd,untruncated_hierarchical_contribution,time,0.1319,Asia,Cold - Dry Winter,108.133333,52.783333,CDW,time_untruncated_hierarchical_contribution
4081,spatial_spd,untruncated_hierarchical_contribution,time,0.1849,Asia,Cold - Dry Winter,106.6188,50.2618,CDW,time_untruncated_hierarchical_contribution
3861,spatial_spd,untruncated_hierarchical_contribution,time,0.1279,Asia,Arid,90.49975,49.48079,ARD,time_untruncated_hierarchical_contribution
41247,spatial_spd,untruncated_hierarchical_contribution,time,0.0408,Asia,Temperate - Dry Winter,99.27974,25.87085,TDW,time_untruncated_hierarchical_contribution
15624,spatial_spd,untruncated_hierarchical_contribution,time,0.2442,Asia,Temperate,134.133333333333,35.35,TMP,time_untruncated_hierarchical_contribution
41245,spatial_spd,untruncated_hierarchical_contribution,time,0.2557,Asia,Cold - Dry Winter,115.225425,41.632845,CDW,time_untruncated_hierarchical_contribution
14612,spatial_spd,untruncated_hierarchical_contribution,time,0.1143,Asia,Arid,96.90074,37.27446,ARD,time_untruncated_hierarchical_contribution
15649,spatial_spd,untruncated_hierarchical_contribution,time,0.1249,Asia,Temperate,136.13079,35.653925,TMP,time_untruncated_hierarchical_contribution
14134,spatial_spd,untruncated_hierarchical_contribution,time,0.3061,Asia,Temperate,135.88674,35.51763,TMP,time_untruncated_hierarchical_contribution
15656,spatial_spd,untruncated_hierarchical_contribution,time,0.1332,Asia,Temperate,136.11934,35.54912,TMP,time_untruncated_hierarchical_contribution
22330,spatial_spd,untruncated_hierarchical_contribution,time,0.1236,Asia,Cold - Warm Summer,42.4969444444444,41.6838888888889,CWS,time_untruncated_hierarchical_contribution
15709,spatial_spd,untruncated_hierarchical_contribution,time,0.2228,Asia,Cold - Warm Summer,140.9,40.6166666666667,CWS,time_untruncated_hierarchical_contribution
15678,spatial_spd,untruncated_hierarchical_contribution,time,0.1214,Asia,Cold - Hot Summer,134.566666666667,35.4083333333333,CHS,time_untruncated_hierarchical_contribution
4137,spatial_spd,untruncated_hierarchical_contribution,time,0.1052,Asia,Arid,30.8,38.425,ARD,time_untruncated_hierarchical_contribution
4442,spatial_spd,untruncated_hierarchical_contribution,time,0.0172,Asia,Cold - Dry Summer,29.898333,36.9975,CDS,time_untruncated_hierarchical_contribution
4509,spatial_spd,untruncated_hierarchical_contribution,time,0.3776,Asia,Cold - Dry Summer,43,38.5,CDS,time_untruncated_hierarchical_contribution
24161,spatial_spd,untruncated_hierarchical_contribution,time,0.2832,Asia,Cold - Dry Summer,31.283333,40.6,CDS,time_untruncated_hierarchical_contribution
24166,spatial_spd,untruncated_hierarchical_contribution,time,0.2114,Asia,Temperate - Dry Summer,30.05,37.466667,TDS,time_untruncated_hierarchical_contribution
24175,spatial_spd,untruncated_hierarchical_contribution,time,0.2995,Asia,Arid,33.733333,37.5,ARD,time_untruncated_hierarchical_contribution
pg_711911,spatial_spd,untruncated_hierarchical_contribution,time,0.2269,Asia,Arid,36.016667,40.916667,ARD,time_untruncated_hierarchical_contribution
pg_858056,spatial_spd,untruncated_hierarchical_contribution,time,0.3201,Asia,Temperate - Dry Summer,29.53333,40.43333,TDS,time_untruncated_hierarchical_contribution
pg_874340,spatial_spd,untruncated_hierarchical_contribution,time,0.0673,Asia,Arid,35.39417,31.46528,ARD,time_untruncated_hierarchical_contribution
pg_884740,spatial_spd,untruncated_hierarchical_contribution,time,0.1206,Asia,Arid,35.58881,32.82328,ARD,time_untruncated_hierarchical_contribution
pg_711930,spatial_spd,untruncated_hierarchical_contribution,time,0.2093,Asia,Temperate - Dry Summer,47.716667,33.083333,TDS,time_untruncated_hierarchical_contribution
pg_738918,spatial_spd,untruncated_hierarchical_contribution,time,0.1147,Asia,Cold - Dry Summer,46.116667,35.533333,CDS,time_untruncated_hierarchical_contribution
ippd_648,spatial_spd,untruncated_hierarchical_contribution,time,0.3427,Oceania,Cold - Warm Summer,148.5,-36.3667,CWS,time_untruncated_hierarchical_contribution
ippd_975,spatial_spd,untruncated_hierarchical_contribution,time,0.1962,Oceania,Temperate,151.4667,-32.05,TMP,time_untruncated_hierarchical_contribution
ippd_978,spatial_spd,untruncated_hierarchical_contribution,time,0.1425,Oceania,Temperate,150.1,-36.5833,TMP,time_untruncated_hierarchical_contribution
ippd_991,spatial_spd,untruncated_hierarchical_contribution,time,0.2636,Oceania,Temperate,149.52,-34.75,TMP,time_untruncated_hierarchical_contribution
ippd_1070,spatial_spd,untruncated_hierarchical_contribution,time,0.135,Oceania,Tropical,142.95,-5.85,TRO,time_untruncated_hierarchical_contribution
ippd_1443,spatial_spd,untruncated_hierarchical_contribution,time,0.1722,Oceania,Tropical,142.3,-10.2,TRO,time_untruncated_hierarchical_contribution
ippd_1999,spatial_spd,untruncated_hierarchical_contribution,time,0.1457,Oceania,Tropical,145.45,-14.67,TRO,time_untruncated_hierarchical_contribution
ippd_2000,spatial_spd,untruncated_hierarchical_contribution,time,0.1359,Oceania,Temperate - Dry Winter,145.633,-17.1667,TDW,time_untruncated_hierarchical_contribution
ippd_2008,spatial_spd,untruncated_hierarchical_contribution,time,0.305,Oceania,Temperate,142.6,-38.35,TMP,time_untruncated_hierarchical_contribution
ippd_2009,spatial_spd,untruncated_hierarchical_contribution,time,0.124,Oceania,Temperate,153.41,-27.68,TMP,time_untruncated_hierarchical_contribution
ippd_2094,spatial_spd,untruncated_hierarchical_contribution,time,0.1551,Oceania,Temperate,151.3667,-31.9167,TMP,time_untruncated_hierarchical_contribution
ippd_2113,spatial_spd,untruncated_hierarchical_contribution,time,0.1909,Oceania,Temperate,153.45,-27.44,TMP,time_untruncated_hierarchical_contribution
ippd_2122,spatial_spd,untruncated_hierarchical_contribution,time,0.1316,Oceania,Temperate,150.38,-33.76,TMP,time_untruncated_hierarchical_contribution
ippd_2133,spatial_spd,untruncated_hierarchical_contribution,time,0.0732,Oceania,Temperate - Dry Summer,140.581,-37.6094,TDS,time_untruncated_hierarchical_contribution
ippd_2160,spatial_spd,untruncated_hierarchical_contribution,time,0.1431,Oceania,Temperate,148.9567,-35.7522,TMP,time_untruncated_hierarchical_contribution
ippd_2163,spatial_spd,untruncated_hierarchical_contribution,time,0.1226,Oceania,Temperate,149.5,-36.5167,TMP,time_untruncated_hierarchical_contribution
ippd_2179,spatial_spd,untruncated_hierarchical_contribution,time,0.4667,Oceania,Tropical,136.81667,-13.8667,TRO,time_untruncated_hierarchical_contribution
ippd_2216,spatial_spd,untruncated_hierarchical_contribution,time,0.1808,Oceania,Temperate,153.167,-25.23,TMP,time_untruncated_hierarchical_contribution
ippd_2264,spatial_spd,untruncated_hierarchical_contribution,time,7e-4,Oceania,Temperate,145.8854,-42.2713,TMP,time_untruncated_hierarchical_contribution
ippd_2268,spatial_spd,untruncated_hierarchical_contribution,time,0.1456,Oceania,Temperate,153.0613,-25.2171,TMP,time_untruncated_hierarchical_contribution
ippd_2270,spatial_spd,untruncated_hierarchical_contribution,time,0.0677,Oceania,Temperate,150.22,-33.38,TMP,time_untruncated_hierarchical_contribution
ippd_2287,spatial_spd,untruncated_hierarchical_contribution,time,0.1953,Oceania,Arid,141.570299,-34.052551,ARD,time_untruncated_hierarchical_contribution
ippd_2306,spatial_spd,untruncated_hierarchical_contribution,time,0.2877,Oceania,Temperate,145.6667,-41.6667,TMP,time_untruncated_hierarchical_contribution
ippd_2308,spatial_spd,untruncated_hierarchical_contribution,time,0.0996,Oceania,Temperate,146.0833,-43.2667,TMP,time_untruncated_hierarchical_contribution
ippd_2313,spatial_spd,untruncated_hierarchical_contribution,time,0.3543,Oceania,Cold - Warm Summer,148.48333333333332,-36.38333333333333,CWS,time_untruncated_hierarchical_contribution
ippd_2357,spatial_spd,untruncated_hierarchical_contribution,time,0.1129,Oceania,Temperate,149.1333,-37.1,TMP,time_untruncated_hierarchical_contribution
