dataset_id,region,climatezone,status_250_km,status_500_km,total_adjusted_r_squared_250_km,total_adjusted_r_squared_500_km,human_250_km,human_500_km,climate_250_km,climate_500_km,time_250_km,time_500_km,signed_difference_250_km,signed_difference_500_km,signed_balance_250_km,signed_balance_500_km,zero_balance_250_km,zero_balance_500_km,unique_adjusted_r2_pure_human_250_km,unique_adjusted_r2_pure_human_500_km,unique_adjusted_r2_pure_climate_250_km,unique_adjusted_r2_pure_climate_500_km,unique_adjusted_r2_pure_time_250_km,unique_adjusted_r2_pure_time_500_km,signed_ranking_250_km,signed_ranking_500_km,zero_ranking_250_km,zero_ranking_500_km,total_adjusted_r_squared_delta_500_minus_250,human_delta_500_minus_250,climate_delta_500_minus_250,time_delta_500_minus_250,signed_difference_delta_500_minus_250,signed_balance_delta_500_minus_250,zero_balance_delta_500_minus_250,unique_adjusted_r2_pure_human_delta_500_minus_250,unique_adjusted_r2_pure_climate_delta_500_minus_250,unique_adjusted_r2_pure_time_delta_500_minus_250,profile_250_km_present,profile_500_km_present,estimable_250_km,estimable_500_km,matched_estimable,status_changed,signed_ranking_reversal,zero_ranking_reversal,ranking_reversal,robustness_classification,material_change
46516,Europe,Cold_Without_dry_season_Warm_Summer,estimated,estimated,0.456,0.45,-0.0091,0.0439,0.2138,0.197,0.2517,0.2089,-0.2229,-0.15310000000000001,-0.48881578947368415,-0.34022222222222226,-1,-0.6355334163553342,-0.05016358991162595,-0.05661574343783493,0.15629122303836496,0.09173229807293992,0.1833708551565909,0.06668110310641018,climate,climate,climate,climate,-0.006000000000000005,0.053000000000000005,-0.01679999999999998,-0.04279999999999998,0.06979999999999997,0.1485935672514619,0.3644665836446658,-0.006452153526208981,-0.06455892496542504,-0.11668975205018073,TRUE,TRUE,TRUE,TRUE,TRUE,FALSE,FALSE,FALSE,FALSE,same_ranking,FALSE
26606,North America,Cold_Without_dry_season_Warm_Summer,estimated,estimated,0.705,0.627,0.1389,0.1087,0.3514,0.3013,0.2147,0.2165,-0.2125,-0.1926,-0.30141843971631205,-0.30717703349282294,-0.43340811747909447,-0.4697560975609756,0.0549234147175951,-0.02346735717804771,0.21294508538426826,0.09797969310814902,0.033288430140980596,0.02229888868995411,climate,climate,climate,climate,-0.07799999999999996,-0.03019999999999999,-0.05009999999999998,0.001799999999999996,0.0199,-0.00575859377651089,-0.036347980081881115,-0.07839077189564281,-0.11496539227611924,-0.010989541451026485,TRUE,TRUE,TRUE,TRUE,TRUE,FALSE,FALSE,FALSE,FALSE,same_ranking,FALSE
22322,Europe,Cold_Without_dry_season_Warm_Summer,estimated,estimated,-0.007,0.24,-0.071,0.2116,-0.0562,-0.0663,0.1199,0.095,-0.014799999999999994,0.27790000000000004,2.1142857142857134,1.157916666666667,NA,1,-0.09041904408524726,0.1571030305458574,-0.12445237796614905,-0.17574562039187347,0.08405272422819676,0.003151762135812808,climate,human,NA,human,0.247,0.2826,-0.010099999999999998,-0.024900000000000005,0.2927,-0.9563690476190465,NA,0.24752207463110465,-0.05129324242572442,-0.08090096209238395,TRUE,TRUE,TRUE,TRUE,TRUE,FALSE,TRUE,FALSE,TRUE,ranking_reversal,TRUE
48966,Europe,Temperate_Without_dry_season,estimated,estimated,0.621,0.665,-0.0011,0.1532,0.3422,0.2851,0.2797,0.2265,-0.3433,-0.13190000000000002,-0.552818035426731,-0.19834586466165416,-1,-0.30093543235227016,-0.030790012947678247,0.013239434154715735,0.12476934719213639,0.10420618904354106,0.115556840559915,0.10295624997753627,climate,climate,climate,climate,0.04400000000000004,0.1543,-0.057099999999999984,-0.0532,0.21139999999999998,0.35447217076507687,0.6990645676477298,0.04402944710239398,-0.02056315814859533,-0.012600590582378723,TRUE,TRUE,TRUE,TRUE,TRUE,FALSE,FALSE,FALSE,FALSE,same_ranking,FALSE
3565,North America,Cold_Without_dry_season_Warm_Summer,estimated,estimated,0.78,0.756,0.0649,0.0533,0.5246,0.5441,0.1907,0.1583,-0.45969999999999994,-0.4908,-0.5893589743589742,-0.6492063492063492,-0.779813401187447,-0.821560093739538,0.013367684409090641,-0.011218185807950865,0.21876079922485625,0.3335014363889497,-2.4377886849891173e-4,0.01062795878614764,climate,climate,climate,climate,-0.02400000000000002,-0.0116,0.019500000000000073,-0.03240000000000001,-0.031100000000000072,-0.05984737484737501,-0.04174669255209096,-0.024585870217041506,0.11474063716409344,0.010871737654646552,TRUE,TRUE,TRUE,TRUE,TRUE,FALSE,FALSE,FALSE,FALSE,same_ranking,FALSE
3032,North America,Cold_Without_dry_season_Warm_Summer,estimated,estimated,0.557,0.469,0.1549,0.1164,0.0871,0.0848,0.3146,0.2677,0.06780000000000001,0.0316,0.12172351885098745,0.06737739872068231,0.28016528925619844,0.15705765407554675,0.11792141914721666,0.0302166188164662,-7.757668676384721e-4,-0.03421602048883099,0.24085236652401731,0.11818514967672844,human,human,human,human,-0.08800000000000008,-0.038500000000000006,-0.0022999999999999965,-0.0469,-0.03620000000000001,-0.05434612013030514,-0.12310763518065168,-0.08770480033075045,-0.03344025362119252,-0.12266721684728887,TRUE,TRUE,TRUE,TRUE,TRUE,FALSE,FALSE,FALSE,FALSE,same_ranking,FALSE
4383,Europe,Cold_Without_dry_season_Warm_Summer,estimated,estimated,0.732,0.621,0.14,0.1424,0.2162,0.1719,0.3753,0.3063,-0.07619999999999999,-0.0295,-0.10409836065573769,-0.047504025764895326,-0.2139247613700168,-0.09385937002863505,0.1520516513922442,0.041120537927459844,0.4747466479983894,0.32972415839805336,0.6392302154396413,0.4449015982855251,climate,climate,climate,climate,-0.11099999999999999,0.0023999999999999855,-0.044300000000000006,-0.069,0.04669999999999999,0.05659433489084236,0.12006539134138176,-0.11093111346478435,-0.14502248960033604,-0.1943286171541162,TRUE,TRUE,TRUE,TRUE,TRUE,FALSE,FALSE,FALSE,FALSE,same_ranking,FALSE
45377,Europe,Cold_Without_dry_season_Warm_Summer,estimated,estimated,0.273,0.364,0.0282,0.0271,0.1891,0.2422,0.0561,0.0947,-0.1609,-0.2151,-0.5893772893772893,-0.5909340659340659,-0.7404509894155545,-0.7987374675083551,-0.05968062508480032,0.03091403819048799,0.14372818102671547,0.3108189811762213,0.015098929353810187,0.15295937378203583,climate,climate,climate,climate,0.09099999999999997,-0.0011000000000000003,0.05310000000000001,0.03860000000000001,-0.054200000000000026,-0.0015567765567766623,-0.05828647809280052,0.09059466327528831,0.16709080014950584,0.13786044442822565,TRUE,TRUE,TRUE,TRUE,TRUE,FALSE,FALSE,FALSE,FALSE,same_ranking,FALSE
236,North America,Cold_Without_dry_season_Warm_Summer,estimated,estimated,0.539,0.369,0.0431,0.0951,0.3177,0.1737,0.178,0.1005,-0.27459999999999996,-0.07859999999999999,-0.5094619666048237,-0.2130081300813008,-0.7610864745011086,-0.29241071428571425,0.11925950788367579,-0.05018456147061334,0.40952248722320683,-0.011075654300590654,0.2563972194571631,-0.031145398538703906,climate,climate,climate,climate,-0.17000000000000004,0.052000000000000005,-0.144,-0.07749999999999999,0.19599999999999995,0.29645383652352286,0.4686757602153943,-0.16944406935428913,-0.4205981415237975,-0.287542617995867,TRUE,TRUE,TRUE,TRUE,TRUE,FALSE,FALSE,FALSE,FALSE,same_ranking,FALSE
4170,Europe,Cold_Without_dry_season_Warm_Summer,estimated,estimated,0.455,0.526,-0.0207,0.0617,0.2854,0.2973,0.1902,0.1673,-0.3061,-0.2356,-0.6727472527472527,-0.4479087452471483,-1,-0.6562674094707521,-0.001168011857127782,0.0702545286455778,0.06600446249385794,0.148908050684315,-0.03878593607774716,-0.025430592300998867,climate,climate,climate,climate,0.07100000000000001,0.0824,0.011900000000000022,-0.022900000000000004,0.07049999999999998,0.22483850750010437,0.34373259052924787,0.07142254050270558,0.08290358819045707,0.013355343776748296,TRUE,TRUE,TRUE,TRUE,TRUE,FALSE,FALSE,FALSE,FALSE,same_ranking,FALSE
25372,Europe,Temperate_Without_dry_season,estimated,estimated,0.622,0.613,0.0446,0.029,0.2247,0.2339,0.3526,0.3499,-0.1801,-0.2049,-0.28954983922829586,-0.334257748776509,-0.668770887486075,-0.7793837961201977,0.015251199754578892,0.006120124782345804,0.08333889419240359,0.07935343295642827,0.15535442296541857,0.1272887626111977,climate,climate,climate,climate,-0.009000000000000008,-0.0156,0.009199999999999986,-0.0027000000000000357,-0.02479999999999999,-0.04470790954821313,-0.11061290863412265,-0.009131074972233089,-0.003985461235975318,-0.028065660354220867,TRUE,TRUE,TRUE,TRUE,TRUE,FALSE,FALSE,FALSE,FALSE,same_ranking,FALSE
2642,North America,Cold_Dry_Summer,insufficient_residual_df,insufficient_residual_df,NA,NA,NA,NA,NA,NA,NA,NA,NA,NA,NA,NA,NA,NA,NA,NA,NA,NA,NA,NA,NA,NA,NA,NA,NA,NA,NA,NA,NA,NA,NA,NA,NA,NA,TRUE,TRUE,FALSE,FALSE,FALSE,FALSE,FALSE,FALSE,FALSE,not_estimable_at_either_radius,FALSE
46544,Europe,Cold_Without_dry_season_Warm_Summer,estimated,estimated,0.567,0.558,0.0509,0.0793,0.3311,0.311,0.1846,0.1681,-0.2802,-0.23170000000000002,-0.4941798941798942,-0.41523297491039424,-0.7335078534031414,-0.5936459133999489,0.1194757511932133,0.11128794247802265,0.32353642316686915,0.3290420000475778,0.1685929806336508,0.1811665289537976,climate,climate,climate,climate,-0.008999999999999897,0.028399999999999995,-0.020100000000000007,-0.016499999999999987,0.04849999999999999,0.07894691926949998,0.13986194000319252,-0.008187808715190648,0.005505576880708629,0.012573548320146788,TRUE,TRUE,TRUE,TRUE,TRUE,FALSE,FALSE,FALSE,FALSE,same_ranking,FALSE
982,North America,Cold_Without_dry_season_Warm_Summer,estimated,estimated,0.543,0.55,0.0508,0.1159,0.2073,0.1802,0.2852,0.2542,-0.15650000000000003,-0.0643,-0.28821362799263356,-0.1169090909090909,-0.6063541263076329,-0.21715636609253627,0.004267900276288206,0.011320569980338147,0.014889164076770545,-0.016132839586300074,0.10394876818498666,0.06515449816236574,climate,climate,climate,climate,0.007000000000000006,0.0651,-0.027100000000000013,-0.031000000000000028,0.09220000000000003,0.17130453708354265,0.38919776021509656,0.007052669704049941,-0.03102200366307062,-0.038794270022620925,TRUE,TRUE,TRUE,TRUE,TRUE,FALSE,FALSE,FALSE,FALSE,same_ranking,FALSE
13053,Latin America,Temperate_Dry_Winter,missing_predictor_group,missing_predictor_group,NA,NA,NA,NA,NA,NA,NA,NA,NA,NA,NA,NA,NA,NA,NA,NA,NA,NA,NA,NA,NA,NA,NA,NA,NA,NA,NA,NA,NA,NA,NA,NA,NA,NA,TRUE,TRUE,FALSE,FALSE,FALSE,FALSE,FALSE,FALSE,FALSE,not_estimable_at_either_radius,FALSE
26448,Europe,Cold_Without_dry_season_Cold_Summer,estimated,estimated,0.634,0.575,0.1198,0.067,0.1813,0.1645,0.3326,0.3431,-0.061499999999999985,-0.0975,-0.09700315457413247,-0.16956521739130437,-0.20425107937562267,-0.42116630669546434,0.06152643867203633,0.0024562281168541977,0.05396674311394456,-0.008898021418624724,0.2528200888931892,0.24461661815777547,climate,climate,climate,climate,-0.05900000000000005,-0.0528,-0.01679999999999998,0.01050000000000001,-0.03600000000000002,-0.0725620628171719,-0.21691522731984167,-0.059070210555182134,-0.06286476453256928,-0.00820347073541372,TRUE,TRUE,TRUE,TRUE,TRUE,FALSE,FALSE,FALSE,FALSE,same_ranking,FALSE
4042,Europe,Cold_Without_dry_season_Warm_Summer,estimated,estimated,0.742,0.786,0.2085,0.2502,0.1875,0.2105,0.3463,0.3254,0.02099999999999999,0.039699999999999985,0.028301886792452817,0.05050890585241728,0.053030303030303004,0.08617321467332317,0.007479879991812988,0.05137599841358731,0.13249212351244044,0.2246534432064028,0.1134081719593959,0.11768303140182157,human,human,human,human,0.04400000000000004,0.04169999999999999,0.022999999999999993,-0.020899999999999974,0.018699999999999994,0.022207019059964465,0.03314291164302017,0.04389611842177432,0.09216131969396235,0.004274859442425671,TRUE,TRUE,TRUE,TRUE,TRUE,FALSE,FALSE,FALSE,FALSE,same_ranking,FALSE
3487,North America,Cold_Without_dry_season_Hot_Summer,estimated,estimated,0.297,0.361,-0.0386,0.0578,0.1602,0.148,0.175,0.1555,-0.1988,-0.0902,-0.6693602693602694,-0.24986149584487535,-1,-0.4382896015549077,-0.05070836703853476,0.014000227631768003,-0.010755022343760134,0.056040448434095946,0.022083764085011892,0.07425186345858548,climate,climate,climate,climate,0.064,0.0964,-0.012200000000000016,-0.01949999999999999,0.1086,0.419498773515394,0.5617103984450923,0.06470859467030277,0.06679547077785608,0.052168099373573584,TRUE,TRUE,TRUE,TRUE,TRUE,FALSE,FALSE,FALSE,FALSE,same_ranking,FALSE
21675,Latin America,Tropical,missing_predictor_group,estimated,NA,0.66,NA,0.197,NA,0.1649,NA,0.2981,NA,0.03210000000000002,NA,0.04863636363636366,NA,0.08869853550704619,NA,-0.019385110117062787,NA,0.005633095530619858,NA,0.08426132826780375,NA,human,NA,human,NA,NA,NA,NA,NA,NA,NA,NA,NA,NA,TRUE,TRUE,FALSE,TRUE,FALSE,TRUE,FALSE,FALSE,FALSE,gained_estimability,TRUE
26499,Europe,Polar,estimated,estimated,0.143,0.219,0.1401,0.2231,-0.0029,-0.0168,0.0059,0.0128,0.14300000000000002,0.2399,1.0000000000000002,1.0954337899543378,1,1,0.0878850690712153,0.16378956142474443,-0.08641662655427851,-0.11605150915871831,-0.02962649907278536,-0.017708800413968606,human,human,human,human,0.07600000000000001,0.08299999999999999,-0.0139,0.006900000000000001,0.09689999999999999,0.0954337899543376,0,0.07590449235352914,-0.029634882604439805,0.011917698658816755,TRUE,TRUE,TRUE,TRUE,TRUE,FALSE,FALSE,FALSE,FALSE,same_ranking,FALSE
24840,Europe,Temperate_Without_dry_season,estimated,estimated,0.484,0.455,0.2176,0.0516,0.0312,0.0158,0.2349,0.3877,0.18639999999999998,0.0358,0.38512396694214873,0.07868131868131868,0.7491961414790996,0.5311572700296735,0.08875047084244014,0.06018180681049701,-0.029320335192208113,0.024306026076058362,0.06937672594538247,0.4592804474549883,human,human,human,human,-0.02899999999999997,-0.16599999999999998,-0.015399999999999997,0.1528,-0.15059999999999998,-0.30644264826083006,-0.21803887144942613,-0.028568664031943136,0.053626361268266476,0.38990372150960584,TRUE,TRUE,TRUE,TRUE,TRUE,FALSE,FALSE,FALSE,FALSE,same_ranking,FALSE
2395,Latin America,Tropical,estimated,estimated,0.329,0.451,0.069,0.1865,0.0084,0.0268,0.2513,0.2377,0.06060000000000001,0.1597,0.18419452887537996,0.3541019955654102,0.7829457364341085,0.7487107360525083,-0.0921180685299221,0.03019171422649547,-0.10260681511596004,-0.03350305121129438,0.10963257915205671,0.11450437004418157,human,human,human,human,0.122,0.1175,0.0184,-0.013600000000000029,0.0991,0.16990746669003026,-0.03423500038160021,0.12230978275641757,0.06910376390466566,0.004871790892124861,TRUE,TRUE,TRUE,TRUE,TRUE,FALSE,FALSE,FALSE,FALSE,same_ranking,FALSE
45347,Europe,Polar,estimated,estimated,0.526,0.545,0.0355,0.0513,0.2856,0.2882,0.2049,0.2051,-0.25010000000000004,-0.2369,-0.4754752851711027,-0.4346788990825688,-0.7788850825288074,-0.6977908689248895,0.014409685231431046,0.032972066843369396,0.09655650625216905,0.12602914765551199,-0.0021813139622812727,0.022559696867505807,climate,climate,climate,climate,0.019000000000000017,0.0158,0.002599999999999991,2.0000000000000573e-4,0.013200000000000045,0.04079638608853392,0.08109421360391789,0.01856238161193835,0.029472641403342936,0.02474101082978708,TRUE,TRUE,TRUE,TRUE,TRUE,FALSE,FALSE,FALSE,FALSE,same_ranking,FALSE
15922,North America,Cold_Without_dry_season_Warm_Summer,estimated,estimated,0.568,0.591,0.1127,0.1253,0.3114,0.3277,0.1435,0.1375,-0.19870000000000002,-0.2024,-0.3498239436619719,-0.3424703891708968,-0.4685215751002122,-0.4467991169977925,-0.03699569238500222,-0.014027961659304644,0.18844356320897193,0.22063773974801815,0.016641059438009198,0.004192027547587074,climate,climate,climate,climate,0.02300000000000002,0.0126,0.01629999999999998,-0.005999999999999978,-0.003699999999999981,0.007353554491075109,0.021722458102419684,0.022967730725697577,0.032194176539046215,-0.012449031890422124,TRUE,TRUE,TRUE,TRUE,TRUE,FALSE,FALSE,FALSE,FALSE,same_ranking,FALSE
1010,North America,Cold_Without_dry_season_Cold_Summer,missing_predictor_group,estimated,NA,0.372,NA,0.0768,NA,0.0662,NA,0.2293,NA,0.010599999999999998,NA,0.028494623655913973,NA,0.07412587412587412,NA,-0.0677761748273521,NA,-0.12144135369279496,NA,0.02506948916304741,NA,human,NA,human,NA,NA,NA,NA,NA,NA,NA,NA,NA,NA,TRUE,TRUE,FALSE,TRUE,FALSE,TRUE,FALSE,FALSE,FALSE,gained_estimability,TRUE
4542,Europe,Cold_Without_dry_season_Cold_Summer,estimated,estimated,0.624,0.664,0.0115,-0.0037,0.4831,0.5433,0.1293,0.1242,-0.47159999999999996,-0.547,-0.7557692307692307,-0.8237951807228916,-0.9534977759805904,-1,-0.02275481714412364,0.01714909628709471,0.4205421998028519,0.5518132668936953,0.11197279853952213,0.11264770327021323,climate,climate,climate,climate,0.040000000000000036,-0.0152,0.06020000000000003,-0.005099999999999993,-0.07540000000000008,-0.06802594995366085,-0.04650222401940962,0.03990391343121835,0.13127106709084335,6.749047306910949e-4,TRUE,TRUE,TRUE,TRUE,TRUE,FALSE,FALSE,FALSE,FALSE,same_ranking,FALSE
14944,North America,Cold_Dry_Summer,estimated,estimated,0.615,0.652,0.4374,0.4565,0.1117,0.128,0.0656,0.0673,0.3257,0.3285,0.5295934959349593,0.5038343558282209,0.5931524312511381,0.5620188195038495,0.3427930504568255,0.3798761056866078,0.02140708472887709,0.010075698062554705,0.00897943097863374,-0.031570163510313165,human,human,human,human,0.03700000000000003,0.019100000000000006,0.01630000000000001,0.0016999999999999932,0.0028000000000000247,-0.02575914010673841,-0.03113361174728868,0.03708305522978228,-0.011331386666322385,-0.040549594488946905,TRUE,TRUE,TRUE,TRUE,TRUE,FALSE,FALSE,FALSE,FALSE,same_ranking,FALSE
17402,North America,Cold_Without_dry_season_Cold_Summer,estimated,estimated,0.311,0.105,0.0885,-0.0149,0.0819,0.0033,0.1409,0.1162,0.006599999999999995,-0.0182,0.021221864951768473,-0.17333333333333334,0.03873239436619715,-1,0.1318673325008206,-0.07483732363914897,0.04773252055568866,-0.10878944601006624,0.06389505155601838,0.015336725256612227,human,climate,human,climate,-0.20600000000000002,-0.10339999999999999,-0.0786,-0.0247,-0.024799999999999996,-0.19455519828510182,-1.0387323943661972,-0.20670465613996958,-0.1565219665657549,-0.04855832629940615,TRUE,TRUE,TRUE,TRUE,TRUE,FALSE,TRUE,TRUE,TRUE,ranking_reversal,TRUE
234,North America,Cold_Dry_Summer,estimated,estimated,0.56,0.533,0.0474,0.0613,0.2982,0.2889,0.2148,0.183,-0.2508,-0.2276,-0.44785714285714284,-0.4270168855534709,-0.7256944444444444,-0.6499143346659052,0.0244376433177248,-0.002865276337873368,0.2280330626885294,0.20327126475962298,0.13393119859182157,0.06407054313556515,climate,climate,climate,climate,-0.027000000000000024,0.013900000000000003,-0.00930000000000003,-0.031799999999999995,0.023200000000000026,0.02084025730367195,0.07578010977853922,-0.027302919655598168,-0.024761797928906426,-0.06986065545625642,TRUE,TRUE,TRUE,TRUE,TRUE,FALSE,FALSE,FALSE,FALSE,same_ranking,FALSE
16081,North America,Cold_Without_dry_season_Warm_Summer,estimated,estimated,0.274,0.342,-0.0342,0.0426,0.217,0.2029,0.0912,0.0969,-0.2512,-0.1603,-0.9167883211678831,-0.46871345029239764,-1,-0.6529531568228106,-0.08114488757216753,-0.012719776041441588,0.08205415505500313,0.0676341898269538,-0.021309342355818828,0.0036612829440449968,climate,climate,climate,climate,0.068,0.07680000000000001,-0.014100000000000001,0.005699999999999997,0.09089999999999998,0.4480748708754855,0.34704684317718937,0.06842511153072595,-0.014419965228049336,0.024970625299863825,TRUE,TRUE,TRUE,TRUE,TRUE,FALSE,FALSE,FALSE,FALSE,same_ranking,FALSE
41421,Europe,Temperate_Without_dry_season,estimated,estimated,0.489,0.47,0.023,0.023,0.3704,0.3542,0.0954,0.0925,-0.3474,-0.3312,-0.7104294478527607,-0.7046808510638298,-0.8830706659888153,-0.8780487804878048,0.05059926938046655,0.0316848230647504,0.40520738929069255,0.3735093120235191,0.11654174768970926,0.11139702088469716,climate,climate,climate,climate,-0.019000000000000017,0,-0.016199999999999992,-0.0029,0.016199999999999992,0.005748596788930915,0.00502188550101057,-0.01891444631571615,-0.03169807726717344,-0.005144726805012101,TRUE,TRUE,TRUE,TRUE,TRUE,FALSE,FALSE,FALSE,FALSE,same_ranking,FALSE
1451,North America,Cold_Without_dry_season_Warm_Summer,estimated,estimated,0.379,0.387,0.0662,0.125,0.1143,0.0818,0.1984,0.1804,-0.048100000000000004,0.0432,-0.12691292875989446,0.11162790697674418,-0.26648199445983384,0.2088974854932302,0.028054543634677187,0.036361957744342255,-0.04249061222211237,-0.09038540269788276,0.020915243094335234,0.00212590586946082,climate,human,climate,human,0.008000000000000007,0.058800000000000005,-0.0325,-0.017999999999999988,0.0913,0.23854083573663865,0.47537947995306407,0.008307414109665068,-0.04789479047577039,-0.018789337224874414,TRUE,TRUE,TRUE,TRUE,TRUE,FALSE,TRUE,TRUE,TRUE,ranking_reversal,TRUE
785,North America,Cold_Without_dry_season_Warm_Summer,estimated,estimated,0.619,0.637,0.1442,0.1446,0.2743,0.2883,0.2005,0.2036,-0.1301,-0.1437,-0.21017770597738286,-0.22558869701726844,-0.3108721624850657,-0.33194733194733195,-0.024829353437919588,-0.007311730725644838,0.03073617993674449,0.07488047360481198,-0.011932407696230385,0.010533952824630766,climate,climate,climate,climate,0.018000000000000016,4.0000000000001146e-4,0.014000000000000012,0.0030999999999999917,-0.013600000000000001,-0.01541099103988558,-0.02107516946226623,0.01751762271227475,0.04414429366806749,0.02246636052086115,TRUE,TRUE,TRUE,TRUE,TRUE,FALSE,FALSE,FALSE,FALSE,same_ranking,FALSE
2311,North America,Cold_Without_dry_season_Cold_Summer,estimated,estimated,0.737,0.715,0.0472,0.104,0.4588,0.3842,0.2305,0.227,-0.41159999999999997,-0.2802,-0.5584803256445047,-0.3918881118881119,-0.8134387351778656,-0.573945104465383,0.03254509205035139,0.011205701009944669,0.3107829556510455,0.1773883923039431,0.06718399571160072,0.07610588222863446,climate,climate,climate,climate,-0.02200000000000002,0.056799999999999996,-0.0746,-0.003500000000000003,0.13139999999999996,0.16659221375639277,0.23949363071248253,-0.02133939104040672,-0.13339456334710242,0.00892188651703374,TRUE,TRUE,TRUE,TRUE,TRUE,FALSE,FALSE,FALSE,FALSE,same_ranking,FALSE
3900,Europe,Temperate_Without_dry_season,estimated,estimated,0.314,0.278,-0.0423,-0.0387,0.0125,-0.0196,0.3434,0.336,-0.0548,-0.0191,-0.1745222929936306,-0.06870503597122302,-1,NA,-0.052246755087899444,-0.08820205839908402,-0.15748625274473105,-0.1626848414922003,0.18761384883917442,0.23166889830847925,climate,climate,climate,NA,-0.035999999999999976,0.003599999999999999,-0.032100000000000004,-0.007399999999999962,0.0357,0.10581725702240757,NA,-0.03595530331118457,-0.005198588747469257,0.04405504946930483,TRUE,TRUE,TRUE,TRUE,TRUE,FALSE,FALSE,FALSE,FALSE,same_ranking,FALSE
2053,North America,Cold_Without_dry_season_Warm_Summer,estimated,estimated,0.398,0.393,-0.0264,0.0374,0.2765,0.2428,0.1482,0.1133,-0.3029,-0.20539999999999997,-0.7610552763819095,-0.5226463104325699,-1,-0.7330478229835831,-0.03720227298328227,-0.042033170695685795,0.18145139975384617,0.1494913327094155,0.06198791706587581,0.027513207377152127,climate,climate,climate,climate,-0.0050000000000000044,0.0638,-0.033700000000000035,-0.0349,0.09750000000000003,0.23840896594933958,0.26695217701641694,-0.004830897712403526,-0.03196006704443066,-0.03447470968872368,TRUE,TRUE,TRUE,TRUE,TRUE,FALSE,FALSE,FALSE,FALSE,same_ranking,FALSE
1149,North America,Cold_Without_dry_season_Warm_Summer,estimated,estimated,0.576,0.484,0.1445,0.1285,0.2499,0.1994,0.1817,0.1566,-0.10540000000000002,-0.07089999999999999,-0.18298611111111115,-0.1464876033057851,-0.2672413793103449,-0.21622445867642573,0.04555196071421763,-0.046148377745046876,0.17356869034892164,0.07504412163168905,0.04617886203429533,-0.0016835681950129189,climate,climate,climate,climate,-0.09199999999999997,-0.015999999999999986,-0.05050000000000002,-0.02510000000000001,0.03450000000000003,0.03649850780532604,0.05101692063391919,-0.09170033845926451,-0.09852456871723259,-0.04786243022930825,TRUE,TRUE,TRUE,TRUE,TRUE,FALSE,FALSE,FALSE,FALSE,same_ranking,FALSE
46998,Latin America,Temperate_Without_dry_season,estimated,estimated,0.029,0.171,-0.0124,0.0645,0.0488,0.0841,-0.0079,0.0223,-0.061200000000000004,-0.019599999999999992,-2.110344827586207,-0.11461988304093562,-1,-0.13189771197846561,-0.04353116389653744,0.0988658053684226,0.026827029618023412,0.12770578254887688,-0.04951523631865806,0.041165298822842145,climate,climate,climate,climate,0.14200000000000002,0.0769,0.03529999999999999,0.0302,0.04160000000000001,1.9957249445452714,0.8681022880215343,0.14239696926496004,0.10087875293085347,0.09068053514150021,TRUE,TRUE,TRUE,TRUE,TRUE,FALSE,FALSE,FALSE,FALSE,same_ranking,FALSE
46490,Europe,Cold_Without_dry_season_Warm_Summer,missing_predictor_group,estimated,NA,0.358,NA,0.0388,NA,0.3055,NA,0.0141,NA,-0.2667,NA,-0.7449720670391061,NA,-0.7746151611966309,NA,0.030041540158629476,NA,0.25689920548769996,NA,-0.0583051786685258,NA,climate,NA,climate,NA,NA,NA,NA,NA,NA,NA,NA,NA,NA,TRUE,TRUE,FALSE,TRUE,FALSE,TRUE,FALSE,FALSE,FALSE,gained_estimability,TRUE
210,North America,Arid,estimated,estimated,0.593,0.618,0.1152,0.0786,0.2603,0.2871,0.2178,0.252,-0.14509999999999998,-0.20850000000000002,-0.24468802698145023,-0.33737864077669905,-0.38641810918774966,-0.5701394585726005,0.04562952032756773,0.07007806026561203,0.09008366983993943,0.10118901119665691,0.04968255705523972,0.0758571427779684,climate,climate,climate,climate,0.025000000000000022,-0.036599999999999994,0.026800000000000046,0.03420000000000001,-0.06340000000000004,-0.09269061379524882,-0.18372134938485085,0.0244485399380443,0.01110534135671748,0.026174585722728683,TRUE,TRUE,TRUE,TRUE,TRUE,FALSE,FALSE,FALSE,FALSE,same_ranking,FALSE
4136,Europe,Cold_Without_dry_season_Cold_Summer,estimated,estimated,0.502,0.525,0.0438,0.0545,0.1663,0.1811,0.2924,0.2898,-0.1225,-0.12660000000000002,-0.24402390438247012,-0.24114285714285716,-0.5830556877677296,-0.5373514431239389,0.09591552977534656,0.11888658261602603,0.12179990803993446,0.18379824979360304,0.26144237428136574,0.2886494270133759,climate,climate,climate,climate,0.02300000000000002,0.010700000000000001,0.014800000000000008,-0.002599999999999991,-0.00410000000000002,0.002881047239612966,0.04570424464379075,0.022971052840679462,0.061998341753668584,0.027207052732010184,TRUE,TRUE,TRUE,TRUE,TRUE,FALSE,FALSE,FALSE,FALSE,same_ranking,FALSE
45192,Europe,Temperate_Dry_Summer,estimated,estimated,0.755,0.69,0.0095,-0.0305,0.3849,0.3575,0.3608,0.3629,-0.3754,-0.388,-0.49721854304635765,-0.5623188405797102,-0.9518255578093305,-1,0.03656730332137448,-0.028680861014302006,0.19531728341869448,0.12923259918743213,0.16434559711299368,0.15740480903916543,climate,climate,climate,climate,-0.06500000000000006,-0.04,-0.027400000000000035,0.0020999999999999908,-0.0126,-0.0651002975333525,-0.048174442190669464,-0.06524816433567648,-0.06608468423126235,-0.006940788073828252,TRUE,TRUE,TRUE,TRUE,TRUE,FALSE,FALSE,FALSE,FALSE,same_ranking,FALSE
15232,North America,Cold_Without_dry_season_Cold_Summer,estimated,estimated,0.427,0.397,0.049,0.1553,0.1019,0.0612,0.2758,0.1808,-0.0529,0.09409999999999999,-0.12388758782201406,0.2370277078085642,-0.35056328694499667,0.4346420323325635,0.07439873499010474,0.045021995518620295,0.10627237840530712,0.008493999176506062,0.29418519715186275,0.08781839832299743,climate,human,climate,human,-0.02999999999999997,0.10629999999999999,-0.04070000000000001,-0.095,0.147,0.3609152956305782,0.7852053192775601,-0.029376739471484448,-0.09777837922880106,-0.20636679882886533,TRUE,TRUE,TRUE,TRUE,TRUE,FALSE,TRUE,TRUE,TRUE,ranking_reversal,TRUE
41467,Europe,Temperate_Without_dry_season,estimated,estimated,0.621,0.663,0.1146,0.1277,0.2313,0.2657,0.2747,0.2701,-0.11670000000000001,-0.13799999999999998,-0.18792270531400967,-0.20814479638009045,-0.3373807458803123,-0.3507880020335536,0.02373359993241375,0.06661823358112517,0.11018928615914203,0.17233806608986468,0.1389781132131005,0.12316832340900252,climate,climate,climate,climate,0.04200000000000004,0.013100000000000014,0.034399999999999986,-0.004599999999999993,-0.021299999999999972,-0.020222091066080777,-0.013407256153241287,0.04288463364871142,0.06214877993072265,-0.015809789804097973,TRUE,TRUE,TRUE,TRUE,TRUE,FALSE,FALSE,FALSE,FALSE,same_ranking,FALSE
3938,Europe,Cold_Without_dry_season_Warm_Summer,estimated,estimated,0.609,0.604,-0.0088,-0.0088,0.1009,0.1035,0.5168,0.5092,-0.1097,-0.1123,-0.1801313628899836,-0.1859271523178808,-1,-1,-0.01774134139433836,-0.02255108952755025,-0.02725392193401799,-0.026338131740014648,0.4243788093598775,0.4049119080808846,climate,climate,climate,climate,-0.0050000000000000044,0,0.002599999999999991,-0.007600000000000051,-0.002599999999999991,-0.0057957894278971855,0,-0.0048097481332118885,9.157901940033408e-4,-0.019466901278992865,TRUE,TRUE,TRUE,TRUE,TRUE,FALSE,FALSE,FALSE,FALSE,same_ranking,FALSE
2619,North America,Temperate_Dry_Summer,estimated,estimated,0.438,0.395,0.1425,0.1321,0.0645,0.0526,0.2312,0.2101,0.07799999999999999,0.07949999999999999,0.17808219178082188,0.2012658227848101,0.3768115942028985,0.4304277206280454,0.19262125753890202,0.149297990356815,0.08476147227946174,0.05640497992443538,0.24061418718171168,0.1937900639434813,human,human,human,human,-0.04299999999999998,-0.010399999999999993,-0.0119,-0.02109999999999998,0.0015000000000000013,0.02318363100398821,0.053616126425146904,-0.04332326718208701,-0.028356492355026353,-0.046824123238230375,TRUE,TRUE,TRUE,TRUE,TRUE,FALSE,FALSE,FALSE,FALSE,same_ranking,FALSE
22988,Europe,Polar,estimated,estimated,0.572,0.461,0.0513,0.0207,0.2374,0.198,0.2835,0.2421,-0.1861,-0.1773,-0.32534965034965035,-0.3845986984815618,-0.6446137859369587,-0.8106995884773663,0.07120496163931911,-0.040197062567572495,0.13744518095540925,-0.01503607238583804,0.2228874632327048,0.0664145183071817,climate,climate,climate,climate,-0.11099999999999993,-0.0306,-0.03939999999999999,-0.041399999999999965,0.008799999999999975,-0.05924904813191145,-0.1660858025404076,-0.1114020242068916,-0.1524812533412473,-0.1564729449255231,TRUE,TRUE,TRUE,TRUE,TRUE,FALSE,FALSE,FALSE,FALSE,same_ranking,FALSE
46803,North America,Cold_Without_dry_season_Cold_Summer,estimated,estimated_residual_temporal_dependence,0.629,0.625,0.1167,0.1418,0.2271,0.2274,0.285,0.2557,-0.1104,-0.08559999999999998,-0.17551669316375199,-0.13695999999999997,-0.32111692844677137,-0.23185265438786562,-0.027641691947668523,-0.03159980822953212,0.049770164387837434,0.06684924390367053,0.09872800147696048,0.05654161741388042,climate,climate,climate,climate,-0.0040000000000000036,0.02510000000000001,2.999999999999947e-4,-0.029299999999999993,0.024800000000000016,0.038556693163752015,0.08926427405890575,-0.0039581162818635995,0.017079079515833095,-0.04218638406308006,TRUE,TRUE,TRUE,TRUE,TRUE,TRUE,FALSE,FALSE,FALSE,same_ranking,FALSE
24195,Europe,Cold_Without_dry_season_Cold_Summer,estimated,estimated,0.43,0.414,-0.0055,-0.0315,0.1858,0.1914,0.2496,0.2544,-0.1913,-0.2229,-0.44488372093023254,-0.5384057971014493,-1,-1,0.013290670903060575,-0.0023562896614141016,0.03548326839717475,0.0444021133917728,0.10788876242556544,0.11512494328936496,climate,climate,climate,climate,-0.016000000000000014,-0.026000000000000002,0.005599999999999994,0.0048000000000000265,-0.03159999999999999,-0.09352207617121677,0,-0.015646960564474677,0.008918844994598052,0.007236180863799513,TRUE,TRUE,TRUE,TRUE,TRUE,FALSE,FALSE,FALSE,FALSE,same_ranking,FALSE
306,North America,Cold_Without_dry_season_Cold_Summer,estimated,estimated,0.716,0.659,0.0143,0.101,0.3773,0.3053,0.3248,0.2529,-0.36300000000000004,-0.2043,-0.5069832402234637,-0.31001517450682853,-0.9269662921348316,-0.5028304208712774,0.030284923398167463,-0.026917913888200196,0.1333072638935876,0.06441106982646116,0.07830746111437037,0.009721824796477985,climate,climate,climate,climate,-0.05699999999999994,0.0867,-0.07200000000000001,-0.07189999999999996,0.15870000000000004,0.19696806571663522,0.42413587126355423,-0.05720283728636766,-0.06889619406712644,-0.06858563631789238,TRUE,TRUE,TRUE,TRUE,TRUE,FALSE,FALSE,FALSE,FALSE,same_ranking,FALSE
847,North America,Cold_Without_dry_season_Hot_Summer,estimated,estimated,0.076,0.042,0.055,0.0505,-0.0142,-0.0277,0.0354,0.0191,0.0692,0.0782,0.9105263157894736,1.861904761904762,1,1,0.04946112742848108,0.01518752516648425,-0.04693991907680728,-0.09186387544123753,0.014841576878457996,-0.03553746986325723,human,human,human,human,-0.033999999999999996,-0.004499999999999997,-0.013499999999999998,-0.016300000000000002,0.009000000000000008,0.9513784461152883,0,-0.03427360226199683,-0.04492395636443025,-0.05037904674171523,TRUE,TRUE,TRUE,TRUE,TRUE,FALSE,FALSE,FALSE,FALSE,same_ranking,FALSE
45322,Europe,Temperate_Dry_Summer,estimated_residual_temporal_dependence,estimated,0.467,0.354,0.0313,0.0288,0.1885,0.1258,0.2472,0.1997,-0.1572,-0.097,-0.3366167023554604,-0.2740112994350283,-0.7151956323930847,-0.6274256144890039,0.05808941673503143,-0.05456993675777566,0.17306741007057924,-0.039095703606919274,0.24559107044283335,0.06386225410812651,climate,climate,climate,climate,-0.11300000000000004,-0.0025000000000000022,-0.0627,-0.047500000000000014,0.060200000000000004,0.0626054029204321,0.08777001790408079,-0.11265935349280709,-0.21216311367749852,-0.18172881633470683,TRUE,TRUE,TRUE,TRUE,TRUE,TRUE,FALSE,FALSE,FALSE,same_ranking,FALSE
18108,North America,Cold_Without_dry_season_Cold_Summer,estimated,estimated,0.329,0.351,0.0227,0.0598,0.1168,0.1116,0.1895,0.1794,-0.0941,-0.051800000000000006,-0.28601823708206686,-0.1475783475783476,-0.6745519713261648,-0.30221703617269546,-0.019067347715738814,0.0027812114183507486,0.11334906690132218,0.11568936339404756,0.12383721354006094,0.1163788543311377,climate,climate,climate,climate,0.021999999999999964,0.037099999999999994,-0.005199999999999996,-0.010099999999999998,0.0423,0.13843988950371927,0.3723349351534694,0.021848559134089562,0.00234029649272538,-0.0074583592089232376,TRUE,TRUE,TRUE,TRUE,TRUE,FALSE,FALSE,FALSE,FALSE,same_ranking,FALSE
42745,North America,Cold_Without_dry_season_Cold_Summer,estimated,estimated,0.081,0.193,-0.0209,0.0366,0.0803,0.1075,0.0215,0.0489,-0.1012,-0.07089999999999999,-1.2493827160493827,-0.3673575129533678,-1,-0.4920194309507286,-0.04641769761616221,0.06575468152259756,0.03920609570580946,0.0848615168471778,-0.03290987613705998,0.013032371802225717,climate,climate,climate,climate,0.112,0.057499999999999996,0.027200000000000002,0.0274,0.030300000000000007,0.8820252030960148,0.5079805690492714,0.11217237913875977,0.045655421141368335,0.045942247939285696,TRUE,TRUE,TRUE,TRUE,TRUE,FALSE,FALSE,FALSE,FALSE,same_ranking,FALSE
17689,North America,Cold_Without_dry_season_Warm_Summer,estimated,estimated,0.377,0.356,0.0797,0.0678,0.1902,0.1516,0.1075,0.1364,-0.11050000000000001,-0.08380000000000001,-0.2931034482758621,-0.23539325842696635,-0.40941089292330496,-0.38195077484047407,-0.00989082141580544,-0.031497725576138946,0.027019169781795194,-0.11629141553685007,-0.045074490975042014,-0.053358904403933316,climate,climate,climate,climate,-0.02100000000000002,-0.011899999999999994,-0.038599999999999995,0.028899999999999995,0.0267,0.057710189848895754,0.027460118082830887,-0.021606904160333507,-0.14331058531864527,-0.008284413428891302,TRUE,TRUE,TRUE,TRUE,TRUE,FALSE,FALSE,FALSE,FALSE,same_ranking,FALSE
340,North America,Cold_Without_dry_season_Warm_Summer,estimated,estimated,0.393,0.397,0.0464,0.088,0.1752,0.1752,0.1718,0.1337,-0.1288,-0.0872,-0.327735368956743,-0.21964735516372794,-0.5812274368231047,-0.331306990881459,-0.025339013337075222,-0.02168047407791529,0.02351739589697499,0.08141471368066167,0.003852955089013843,-0.014301052088542154,climate,climate,climate,climate,0.0040000000000000036,0.0416,0,-0.038099999999999995,0.0416,0.10808801379301505,0.24992044594164575,0.003658539259159932,0.057897317783686675,-0.018154007177555997,TRUE,TRUE,TRUE,TRUE,TRUE,FALSE,FALSE,FALSE,FALSE,same_ranking,FALSE
40634,Europe,Cold_Without_dry_season_Cold_Summer,estimated,estimated,0.364,0.378,2e-4,-9e-4,0.1677,0.1937,0.196,0.1848,-0.16749999999999998,-0.19460000000000002,-0.46016483516483514,-0.5148148148148148,-0.9976176295413937,-1,-0.059933695040302104,-0.04624072997968576,0.09036422550963097,0.10348684685039389,0.15408375725750378,0.09264501675839631,climate,climate,climate,climate,0.014000000000000012,-0.0011,0.026000000000000023,-0.011200000000000015,-0.02710000000000004,-0.054649979649979696,-0.002382370458606342,0.013692965060616347,0.013122621340762919,-0.06143874049910747,TRUE,TRUE,TRUE,TRUE,TRUE,FALSE,FALSE,FALSE,FALSE,same_ranking,FALSE
15970,North America,Cold_Without_dry_season_Cold_Summer,missing_predictor_group,estimated,NA,0.508,NA,0.0358,NA,0.2981,NA,0.1743,NA,-0.2623,NA,-0.5163385826771653,NA,-0.7855645402815215,NA,0.00453735295128177,NA,0.12326329903312483,NA,0.03808193681480787,NA,climate,NA,climate,NA,NA,NA,NA,NA,NA,NA,NA,NA,NA,TRUE,TRUE,FALSE,TRUE,FALSE,TRUE,FALSE,FALSE,FALSE,gained_estimability,TRUE
17391,North America,Cold_Without_dry_season_Cold_Summer,estimated,estimated,0.349,0.424,-0.0329,0.0747,0.1772,0.1818,0.2047,0.1675,-0.2101,-0.10709999999999999,-0.6020057306590259,-0.2525943396226415,-1,-0.4175438596491228,-0.0631036935644097,0.011833857679353077,0.09761725246252195,0.1426916335486239,0.14689588397631514,0.10832213047354533,climate,climate,climate,climate,0.07500000000000001,0.1076,0.004599999999999993,-0.03719999999999998,0.10300000000000002,0.34941139103638436,0.5824561403508772,0.07493755124376278,0.045074381086101956,-0.038573753502769814,TRUE,TRUE,TRUE,TRUE,TRUE,FALSE,FALSE,FALSE,FALSE,same_ranking,FALSE
4539,Europe,Cold_Without_dry_season_Cold_Summer,estimated,estimated,0.49,0.569,0.0342,0.0867,0.239,0.2556,0.217,0.227,-0.20479999999999998,-0.1689,-0.41795918367346935,-0.2968365553602812,-0.7496339677891654,-0.4934268185801928,0.03083372553160535,0.11001256632128675,0.2650293930925842,0.368204048040215,0.24435019529887814,0.33426792563584784,climate,climate,climate,climate,0.07899999999999996,0.0525,0.016600000000000004,0.010000000000000009,0.03589999999999999,0.12112262831318815,0.25620714920897253,0.0791788407896814,0.10317465494763078,0.0899177303369697,TRUE,TRUE,TRUE,TRUE,TRUE,FALSE,FALSE,FALSE,FALSE,same_ranking,FALSE
25285,Europe,Temperate_Without_dry_season,estimated,estimated,0.44,0.435,0.0313,0.0573,0.2545,0.2301,0.1543,0.1475,-0.2232,-0.1728,-0.5072727272727273,-0.39724137931034487,-0.780965710286914,-0.6012526096033404,-0.046537009200470325,-0.051699773084299516,0.08472498115138416,0.027418340744775338,0.017645723067779007,-0.004523004284910148,climate,climate,climate,climate,-0.0050000000000000044,0.025999999999999995,-0.024400000000000005,-0.0068000000000000005,0.0504,0.11003134796238245,0.1797131006835736,-0.005162763883829191,-0.05730664040660882,-0.022168727352689155,TRUE,TRUE,TRUE,TRUE,TRUE,FALSE,FALSE,FALSE,FALSE,same_ranking,FALSE
20293,Europe,Cold_Without_dry_season_Cold_Summer,estimated,estimated,0.499,0.547,0.0361,0.0665,0.3395,0.3595,0.1231,0.1212,-0.3034,-0.293,-0.6080160320641282,-0.5356489945155393,-0.8077742279020234,-0.6877934272300469,0.027031611677976075,0.07551699779075083,0.25333639291434307,0.29591811232731413,0.011784436348384997,0.010595082708971804,climate,climate,climate,climate,0.04800000000000004,0.030400000000000003,0.019999999999999962,-0.001899999999999999,0.01040000000000002,0.07236703754858897,0.11998080067197647,0.04848538611277475,0.042581719412971064,-0.0011893536394131932,TRUE,TRUE,TRUE,TRUE,TRUE,FALSE,FALSE,FALSE,FALSE,same_ranking,FALSE
4251,Europe,Temperate_Without_dry_season,estimated,estimated,0.612,0.608,0.1618,0.1517,0.1497,0.1502,0.3008,0.3057,0.0121,0.0015000000000000013,0.01977124183006536,0.002467105263157897,0.038844301765650076,0.0049685326266975865,-0.036915483262144,-0.041586765050871666,-0.033464125424671476,-0.031420488405469404,0.05584235758091993,0.06673976927717773,human,human,human,human,-0.0040000000000000036,-0.010099999999999998,5.000000000000004e-4,0.0049000000000000155,-0.010599999999999998,-0.017304136566907463,-0.03387576913895249,-0.004671281788727666,0.0020436370192020714,0.010897411696257797,TRUE,TRUE,TRUE,TRUE,TRUE,FALSE,FALSE,FALSE,FALSE,same_ranking,FALSE
2580,North America,Cold_Without_dry_season_Cold_Summer,estimated,estimated,0.46,0.384,0.032,0.1114,0.0583,0.0325,0.3693,0.2401,-0.026299999999999997,0.0789,-0.05717391304347825,0.20546874999999998,-0.2912513842746401,0.5482974287699791,0.09088495201851676,0.015357345442697956,0.14585028359457408,0.04062642742030664,0.4770939544595387,0.165110554412769,climate,human,climate,human,-0.07600000000000001,0.0794,-0.025799999999999997,-0.1292,0.10519999999999999,0.2626426630434782,0.8395488130446191,-0.0755276065758188,-0.10522385617426744,-0.3119834000467697,TRUE,TRUE,TRUE,TRUE,TRUE,FALSE,TRUE,TRUE,TRUE,ranking_reversal,TRUE
41532,Oceania,Tropical,missing_predictor_group,missing_predictor_group,NA,NA,NA,NA,NA,NA,NA,NA,NA,NA,NA,NA,NA,NA,NA,NA,NA,NA,NA,NA,NA,NA,NA,NA,NA,NA,NA,NA,NA,NA,NA,NA,NA,NA,TRUE,TRUE,FALSE,FALSE,FALSE,FALSE,FALSE,FALSE,FALSE,not_estimable_at_either_radius,FALSE
22773,Europe,Cold_Without_dry_season_Cold_Summer,estimated,estimated,0.637,0.4,0.1946,0.0824,0.1018,0.0499,0.3411,0.2682,0.0928,0.0325,0.1456828885400314,0.08125,0.3130904183535762,0.2456538170823885,0.23869063181917383,0.0015880824753057299,0.08330239726659106,-0.09465740643763876,0.28207211925523945,0.06221440319830873,human,human,human,human,-0.237,-0.1122,-0.0519,-0.07290000000000002,-0.06029999999999999,-0.06443288854003139,-0.0674366012711877,-0.2371025493438681,-0.1779598037042298,-0.21985771605693072,TRUE,TRUE,TRUE,TRUE,TRUE,FALSE,FALSE,FALSE,FALSE,same_ranking,FALSE
784,Europe,Temperate_Without_dry_season,estimated,estimated,0.341,0.444,-0.0231,0.0772,0.1815,0.2039,0.1828,0.1626,-0.2046,-0.12669999999999998,-0.6,-0.28536036036036033,-1,-0.45072927783706856,-0.011388068597033008,0.09118433773585244,0.00510322162690191,0.08581344076980768,-0.0070478476853699235,-0.011640247750822064,climate,climate,climate,climate,0.10299999999999998,0.1003,0.022400000000000003,-0.020199999999999996,0.07790000000000002,0.31463963963963965,0.5492707221629314,0.10257240633288545,0.08071021914290577,-0.00459240006545214,TRUE,TRUE,TRUE,TRUE,TRUE,FALSE,FALSE,FALSE,FALSE,same_ranking,FALSE
4472,Europe,Cold_Without_dry_season_Cold_Summer,estimated,estimated,0.477,0.482,-0.0095,0.0194,0.3561,0.3473,0.1306,0.1149,-0.36560000000000004,-0.32789999999999997,-0.7664570230607968,-0.6802904564315352,-1,-0.8941914371420778,-0.030169049134188053,-0.02567992947177633,0.40288048174622737,0.35755030218368267,0.14610561735935634,0.08709688452736386,climate,climate,climate,climate,0.0050000000000000044,0.028900000000000002,-0.00880000000000003,-0.015699999999999992,0.03770000000000007,0.08616656662926159,0.10580856285792217,0.0044891196624117224,-0.045330179562544703,-0.05900873283199248,TRUE,TRUE,TRUE,TRUE,TRUE,FALSE,FALSE,FALSE,FALSE,same_ranking,FALSE
45383,Europe,Cold_Without_dry_season_Warm_Summer,estimated,estimated,0.756,0.782,0.0491,0.0784,0.54990000000000006,0.5591,0.1572,0.145,-0.5008,-0.4807,-0.6624338624338625,-0.6147058823529412,-0.8360601001669449,-0.7540392156862744,-0.017173899968796036,0.009040760494050337,0.4150032018480112,0.5048995444586224,0.02847477323994352,0.07559733210361097,climate,climate,climate,climate,0.026000000000000023,0.0293,0.009199999999999986,-0.012200000000000016,0.020100000000000007,0.04772798008092127,0.08202088448067046,0.026214660462846373,0.08989634261061119,0.04712255886366745,TRUE,TRUE,TRUE,TRUE,TRUE,FALSE,FALSE,FALSE,FALSE,same_ranking,FALSE
40564,Europe,Cold_Without_dry_season_Warm_Summer,estimated,estimated,0.619,0.623,0.0249,0.0564,0.3025,0.2861,0.2916,0.2804,-0.2776,-0.22970000000000002,-0.4484652665589661,-0.3686998394863564,-0.8478924862553453,-0.6706569343065694,0.005898189833136613,0.009658914794203999,0.19332237973651467,0.14805519564851322,0.21496529603939452,0.1801126383565419,climate,climate,climate,climate,0.0040000000000000036,0.0315,-0.01639999999999997,-0.011200000000000043,0.0479,0.07976542707260975,0.17723555194877594,0.0037607249610673854,-0.045267184088001455,-0.03485265768285262,TRUE,TRUE,TRUE,TRUE,TRUE,FALSE,FALSE,FALSE,FALSE,same_ranking,FALSE
13051,North America,Cold_Without_dry_season_Warm_Summer,estimated,estimated,0.279,0.301,-0.0219,0.0448,0.1866,0.176,0.1145,0.0798,-0.2085,-0.13119999999999998,-0.7473118279569891,-0.4358803986710963,-1,-0.5942028985507246,-0.08014042046275649,-0.058739202667610235,0.06118174341645355,0.07560408803527763,-0.002332676096503783,-0.036037737449461926,climate,climate,climate,climate,0.021999999999999964,0.0667,-0.010599999999999998,-0.03470000000000001,0.07730000000000001,0.31143142928589285,0.4057971014492754,0.021401217795146255,0.014422344618824079,-0.03370506135295814,TRUE,TRUE,TRUE,TRUE,TRUE,FALSE,FALSE,FALSE,FALSE,same_ranking,FALSE
1635,North America,Cold_Without_dry_season_Cold_Summer,estimated,estimated,0.082,0.079,-0.0171,0.0037,-0.0108,-0.0231,0.1098,0.098,-0.0063,0.026799999999999997,-0.07682926829268293,0.3392405063291139,NA,1,0.008094378312496708,0.004903548998981377,-0.06258868948330842,-0.08389027143339411,0.04663916912697652,0.0263029557764487,climate,human,NA,human,-0.0030000000000000027,0.0208,-0.012299999999999998,-0.011799999999999991,0.0331,0.41606977462179684,NA,-0.003190829313515331,-0.02130158195008569,-0.02033621335052782,TRUE,TRUE,TRUE,TRUE,TRUE,FALSE,TRUE,FALSE,TRUE,ranking_reversal,TRUE
4197,Europe,Temperate_Without_dry_season,estimated,estimated,-0.014,-0.033,-0.0084,-0.0311,-0.118,-0.1339,0.1122,0.1322,0.10959999999999999,0.10279999999999999,-7.828571428571427,-3.115151515151515,NA,NA,-0.08270048531682705,-0.10138366337289761,-0.22445789514322478,-0.2478281586823653,-0.05292350183920669,-0.004779395595036373,human,human,NA,NA,-0.019000000000000003,-0.022699999999999998,-0.015899999999999997,0.020000000000000018,-0.0068000000000000005,4.713419913419912,NA,-0.01868317805607056,-0.023370263539140512,0.048144106244170315,TRUE,TRUE,TRUE,TRUE,TRUE,FALSE,FALSE,FALSE,FALSE,same_ranking,FALSE
15783,North America,Polar,estimated,estimated,0.396,0.491,0.0615,0.1168,0.149,0.1839,0.1858,0.1899,-0.0875,-0.0671,-0.22095959595959594,-0.13665987780040734,-0.4156769596199525,-0.22314599268373794,0.06252997246802583,0.15688695470793335,0.17617315651423515,0.26342140576129514,0.1327669475908826,0.15855069027729285,climate,climate,climate,climate,0.09499999999999997,0.0553,0.034900000000000014,0.00410000000000002,0.020399999999999988,0.0842997181591886,0.19253096693621455,0.09435698223990752,0.08724824924705998,0.02578374268641026,TRUE,TRUE,TRUE,TRUE,TRUE,FALSE,FALSE,FALSE,FALSE,same_ranking,FALSE
4373,Europe,Temperate_Without_dry_season,estimated,estimated,0.157,0.178,0.0107,0.0279,0.0102,0.003,0.1361,0.1473,4.999999999999987e-4,0.024900000000000002,0.0031847133757961703,0.13988764044943822,0.023923444976076493,0.8058252427184467,-0.08542394508690276,-0.06419520518523691,-0.08038741866281773,-0.09373630730025961,0.02697650371377036,0.05039383302451872,human,human,human,human,0.02099999999999999,0.0172,-0.007200000000000001,0.011199999999999988,0.024400000000000005,0.13670292707364204,0.7819017977423702,0.02122873990166585,-0.01334888863744188,0.023417329310748358,TRUE,TRUE,TRUE,TRUE,TRUE,FALSE,FALSE,FALSE,FALSE,same_ranking,FALSE
45722,Europe,Cold_Without_dry_season_Warm_Summer,estimated,estimated,0.725,0.714,0.1626,0.1565,0.3847,0.4025,0.178,0.1547,-0.2221,-0.24600000000000002,-0.3063448275862069,-0.3445378151260505,-0.40581034167732505,-0.4400715563506261,0.0653231462135655,0.053752635934878334,0.31847072403841203,0.4004785807091472,0.013991329973956135,0.013796083464002074,climate,climate,climate,climate,-0.01100000000000001,-0.006099999999999994,0.017800000000000038,-0.023299999999999987,-0.023900000000000032,-0.03819298753984357,-0.034261214673301066,-0.011570510278687163,0.08200785667073518,-1.9524650995406123e-4,TRUE,TRUE,TRUE,TRUE,TRUE,FALSE,FALSE,FALSE,FALSE,same_ranking,FALSE
2270,North America,Cold_Without_dry_season_Hot_Summer,estimated,estimated,0.404,0.473,0.0457,0.119,0.2599,0.252,0.0985,0.1016,-0.21420000000000003,-0.133,-0.5301980198019802,-0.28118393234672306,-0.7009162303664922,-0.3584905660377359,-0.052340449428206814,0.016260094946780268,0.10536791013327362,0.09174527517892417,-0.04993826504407528,-0.04155395821900232,climate,climate,climate,climate,0.06899999999999995,0.0733,-0.007900000000000018,0.0030999999999999917,0.08120000000000002,0.24901408745525716,0.3424256643287563,0.06860054437498708,-0.013622634954349455,0.008384306825072962,TRUE,TRUE,TRUE,TRUE,TRUE,FALSE,FALSE,FALSE,FALSE,same_ranking,FALSE
15201,North America,Cold_Without_dry_season_Cold_Summer,estimated,estimated,0.207,0.102,0.077,-0.0043,0.1422,0.1051,-0.0122,8e-4,-0.0652,-0.1094,-0.314975845410628,-1.072549019607843,-0.2974452554744525,-1,0.07304952002386578,-0.03229141847514627,0.10100741094684496,0.022730051324343137,-0.06804937162966829,-0.046232863715686134,climate,climate,climate,climate,-0.105,-0.0813,-0.037099999999999994,0.013000000000000001,-0.0442,-0.7575731741972151,-0.7025547445255476,-0.10534093849901205,-0.07827735962250182,0.021816507913982153,TRUE,TRUE,TRUE,TRUE,TRUE,FALSE,FALSE,FALSE,FALSE,same_ranking,FALSE
260,North America,Cold_Without_dry_season_Warm_Summer,estimated,estimated,0.361,0.365,0.0224,0.0546,0.1977,0.1848,0.1413,0.1254,-0.17529999999999998,-0.13019999999999998,-0.485595567867036,-0.3567123287671232,-0.7964561562925943,-0.5438596491228069,-0.03843925590223807,-0.035132887619589215,0.007412671163104401,-0.0012454905402206062,-0.034983160057013185,-0.04988244956026733,climate,climate,climate,climate,0.0040000000000000036,0.032200000000000006,-0.012899999999999995,-0.015899999999999997,0.0451,0.12888323909991278,0.2525965071697873,0.0033063682826488527,-0.008658161703325007,-0.014899289503254143,TRUE,TRUE,TRUE,TRUE,TRUE,FALSE,FALSE,FALSE,FALSE,same_ranking,FALSE
21539,Latin America,Tropical,estimated,estimated,0.618,0.615,0.1303,0.0925,0.3377,0.3927,0.1499,0.1293,-0.2074,-0.3002,-0.33559870550161813,-0.48813008130081303,-0.4431623931623932,-0.6187139323990108,-0.041286071219619025,-0.04466672628937274,0.20518886436186856,0.32242909396034447,0.08583449406620214,0.05187065178946282,climate,climate,climate,climate,-0.0030000000000000027,-0.0378,0.05499999999999999,-0.020600000000000007,-0.09280000000000002,-0.1525313757991949,-0.17555153923661765,-0.003380655069753713,0.11724022959847591,-0.03396384227673932,TRUE,TRUE,TRUE,TRUE,TRUE,FALSE,FALSE,FALSE,FALSE,same_ranking,FALSE
15829,North America,Polar,estimated,estimated,0.634,0.669,0.0136,0.0909,0.4111,0.381,0.2097,0.1969,-0.3975,-0.2901,-0.6269716088328076,-0.4336322869955157,-0.9359547916176124,-0.6147488874761603,0.006884959835680937,0.04127725374632729,0.30493857637006105,0.2679095192476516,0.10469562312969283,0.10232675805103064,climate,climate,climate,climate,0.03500000000000003,0.0773,-0.030100000000000016,-0.012800000000000006,0.1074,0.19333932183729186,0.3212059041414521,0.034392293910646354,-0.03702905712240945,-0.0023688650786621857,TRUE,TRUE,TRUE,TRUE,TRUE,FALSE,FALSE,FALSE,FALSE,same_ranking,FALSE
14799,North America,Cold_Dry_Summer,estimated,estimated,0.321,0.102,0.0912,0.0123,0.1493,0.0725,0.0809,0.0177,-0.058099999999999985,-0.0602,-0.18099688473520245,-0.5901960784313726,-0.24158004158004154,-0.7099056603773585,0.30282529390513446,0.08400945943451421,0.3189153533249539,0.11147884038885603,0.2123190266834275,0.032156525794708624,climate,climate,climate,climate,-0.21900000000000003,-0.0789,-0.0768,-0.0632,-0.0021000000000000116,-0.4091991936961701,-0.46832561879731693,-0.21881583447062025,-0.20743651293609788,-0.18016250088871888,TRUE,TRUE,TRUE,TRUE,TRUE,FALSE,FALSE,FALSE,FALSE,same_ranking,FALSE
4056,Europe,Temperate_Without_dry_season,estimated,estimated,0.687,0.098,0.4998,-0.0621,0.1356,0.0146,0.0517,0.1458,0.3642,-0.0767,0.5301310043668123,-0.7826530612244899,0.5731822474032107,-1,0.5050953425764477,-0.08356876971428917,0.2401096292585707,0.127584738598982,0.002255060749550064,0.32001246399996863,human,climate,human,climate,-0.5890000000000001,-0.5619000000000001,-0.121,0.09410000000000002,-0.4409,-1.3127840655913021,-1.5731822474032107,-0.5886641122907369,-0.1125248906595887,0.31775740325041857,TRUE,TRUE,TRUE,TRUE,TRUE,FALSE,TRUE,TRUE,TRUE,ranking_reversal,TRUE
2617,North America,Cold_Without_dry_season_Hot_Summer,estimated,estimated,0.334,0.415,0.1192,0.2073,0.1021,0.0987,0.1128,0.1089,0.017100000000000004,0.10860000000000002,0.05119760479041917,0.26168674698795186,0.07727067329417082,0.3549019607843138,0.009408882502146443,0.09015349594140498,-0.08078935973730172,-0.04314181455801025,-0.07091090521516441,-0.034411424537794,human,human,human,human,0.08099999999999996,0.08810000000000001,-0.0034000000000000002,-0.0039000000000000007,0.09150000000000001,0.21048914219753267,0.277631287490143,0.08074461343925854,0.037647545179291475,0.03649948067737041,TRUE,TRUE,TRUE,TRUE,TRUE,FALSE,FALSE,FALSE,FALSE,same_ranking,FALSE
42671,Europe,Cold_Without_dry_season_Warm_Summer,estimated,estimated,0.538,0.54,0.0185,0.0463,0.2307,0.2191,0.289,0.2745,-0.2122,-0.17279999999999998,-0.3944237918215613,-0.31999999999999995,-0.8515248796147673,-0.6510926902788244,-0.02502718645108315,-0.02332951978671316,0.018002598915760615,-0.009915548532342777,0.05256374208153969,0.018868249456832187,climate,climate,climate,climate,0.0020000000000000018,0.027800000000000002,-0.0116,-0.014499999999999957,0.03940000000000002,0.07442379182156134,0.20043218933594287,0.00169766666436999,-0.027918147448103392,-0.0336954926247075,TRUE,TRUE,TRUE,TRUE,TRUE,FALSE,FALSE,FALSE,FALSE,same_ranking,FALSE
4058,Europe,Cold_Without_dry_season_Cold_Summer,estimated,estimated,-0.004,-0.006,-0.0456,-0.0423,0.0561,0.0465,-0.0146,-0.0101,-0.1017,-0.08879999999999999,25.425,14.799999999999997,-1,-1,-0.03636077357514089,-0.0381138620596716,0.011550120979195055,-0.002759714353934184,-0.08723594327133621,-0.0732609786340922,climate,climate,climate,climate,-0.002,0.0033000000000000043,-0.009599999999999997,0.0045000000000000005,0.012900000000000009,-10.625000000000004,0,-0.001753088484530707,-0.01430983533312924,0.013974964637244014,TRUE,TRUE,TRUE,TRUE,TRUE,FALSE,FALSE,FALSE,FALSE,same_ranking,FALSE
20613,North America,Cold_Without_dry_season_Warm_Summer,estimated,estimated,0.425,0.374,0.0625,-0.0128,0.1799,0.188,0.183,0.1992,-0.1174,-0.2008,-0.2762352941176471,-0.5368983957219251,-0.48432343234323433,-1,0.030535006991789237,-0.02049308242519987,-0.04098095623359865,-0.01332087526901482,-0.030149941588769047,0.013651382756384889,climate,climate,climate,climate,-0.05099999999999999,-0.0753,0.008099999999999996,0.016199999999999992,-0.0834,-0.260663101604278,-0.5156765676567656,-0.05102808941698911,0.027660080964583833,0.043801324345153936,TRUE,TRUE,TRUE,TRUE,TRUE,FALSE,FALSE,FALSE,FALSE,same_ranking,FALSE
15738,North America,Cold_Without_dry_season_Cold_Summer,estimated,estimated,0.582,0.642,0.032,0.2594,0.3586,0.2245,0.191,0.1584,-0.3266,0.034900000000000014,-0.5611683848797251,0.054361370716510926,-0.8361495135688686,0.07212233932630711,-0.01556374240596281,0.04508095924510658,0.30730902252576386,0.015439276751632591,0.09035629424883418,0.0014290095194283703,climate,human,climate,human,0.06000000000000005,0.22740000000000002,-0.13409999999999997,-0.03259999999999999,0.36150000000000004,0.615529755596236,0.9082718528951756,0.06064470165106939,-0.2918697457741313,-0.08892728472940581,TRUE,TRUE,TRUE,TRUE,TRUE,FALSE,TRUE,TRUE,TRUE,ranking_reversal,TRUE
2287,North America,Cold_Without_dry_season_Warm_Summer,estimated,estimated,0.569,0.523,0.1835,0.1278,0.299,0.2806,0.0864,0.1144,-0.11549999999999999,-0.15280000000000002,-0.20298769771529,-0.29216061185468456,-0.2393782383419689,-0.3741429970617043,0.13361422498380537,0.08756777724320697,0.17011714363646058,0.14234354335023058,-0.025640042866700075,0.03934148133984838,climate,climate,climate,climate,-0.04599999999999993,-0.0557,-0.018399999999999972,0.027999999999999997,-0.03730000000000003,-0.08917291413939457,-0.1347647587197354,-0.046046447740598406,-0.027773600286229994,0.06498152420654846,TRUE,TRUE,TRUE,TRUE,TRUE,FALSE,FALSE,FALSE,FALSE,same_ranking,FALSE
22842,Europe,Cold_Without_dry_season_Cold_Summer,estimated,estimated,0.353,0.36,-0.0129,-0.0085,0.1295,0.1371,0.2364,0.2311,-0.1424,-0.1456,-0.4033994334277621,-0.4044444444444445,-1,-1,-0.011548842882635357,-0.004810683415805372,0.09370621003988522,0.09611943337931894,0.24125859060219412,0.2180347333735395,climate,climate,climate,climate,0.007000000000000006,0.004399999999999999,0.007599999999999996,-0.005299999999999999,-0.0032000000000000084,-0.0010450110166824178,0,0.006738159466829985,0.0024132233394337232,-0.02322385722865461,TRUE,TRUE,TRUE,TRUE,TRUE,FALSE,FALSE,FALSE,FALSE,same_ranking,FALSE
15288,North America,Temperate_Without_dry_season,estimated,estimated,0.345,0.278,0.119,0.1278,0.1003,0.0386,0.1259,0.1117,0.018699999999999994,0.0892,0.054202898550724625,0.32086330935251794,0.08527131782945734,0.5360576923076923,0.03184303403952615,-0.035191890691468886,0.010533687893406474,-0.11112164843985395,0.012238113623669555,-0.014545308704699833,human,human,human,human,-0.06699999999999995,0.008800000000000002,-0.0617,-0.014200000000000018,0.07050000000000001,0.2666604108017933,0.45078637447823494,-0.06703492473099504,-0.12165533633326042,-0.02678342232836939,TRUE,TRUE,TRUE,TRUE,TRUE,FALSE,FALSE,FALSE,FALSE,same_ranking,FALSE
21762,Latin America,Polar,missing_predictor_group,estimated,NA,0.407,NA,0.026,NA,0.1898,NA,0.1907,NA,-0.1638,NA,-0.4024570024570025,NA,-0.7590361445783133,NA,-0.051431966862927725,NA,0.032729579292148814,NA,0.03410793059865336,NA,climate,NA,climate,NA,NA,NA,NA,NA,NA,NA,NA,NA,NA,TRUE,TRUE,FALSE,TRUE,FALSE,TRUE,FALSE,FALSE,FALSE,gained_estimability,TRUE
1148,North America,Temperate_Dry_Summer,estimated,estimated,0.524,0.525,0.0439,0.0784,0.2985,0.2746,0.182,0.1724,-0.2546,-0.1962,-0.4858778625954198,-0.3737142857142857,-0.7435747663551402,-0.5558073654390936,-0.03126480795735431,-0.030401977920681444,0.24987554846722715,0.17136338767712855,0.06772935552201431,0.017844530417781668,climate,climate,climate,climate,0.0010000000000000009,0.034499999999999996,-0.023899999999999977,-0.009599999999999997,0.05839999999999998,0.1121635768811341,0.1877674009160466,8.628300366728681e-4,-0.0785121607900986,-0.049884825104232644,TRUE,TRUE,TRUE,TRUE,TRUE,FALSE,FALSE,FALSE,FALSE,same_ranking,FALSE
48721,North America,Cold_Dry_Summer,missing_predictor_group,estimated,NA,0.509,NA,0.1412,NA,0.1803,NA,0.1874,NA,-0.039099999999999996,NA,-0.0768172888015717,NA,-0.12161741835147744,NA,0.26534083620555027,NA,0.2623721056526984,NA,0.2762339610416612,NA,climate,NA,climate,NA,NA,NA,NA,NA,NA,NA,NA,NA,NA,TRUE,TRUE,FALSE,TRUE,FALSE,TRUE,FALSE,FALSE,FALSE,gained_estimability,TRUE
24467,Europe,Temperate_Without_dry_season,estimated,estimated,0.536,0.581,0.0862,0.0621,0.1494,0.1609,0.3006,0.3578,-0.0632,-0.09879999999999999,-0.11791044776119404,-0.17005163511187607,-0.268251273344652,-0.44304932735426006,0.01915744389852514,0.06377581918031239,0.17702664551151515,0.21840341255641815,0.3603308800935622,0.49324695175107447,climate,climate,climate,climate,0.04499999999999993,-0.024099999999999996,0.011499999999999982,0.05720000000000003,-0.03559999999999998,-0.05214118735068203,-0.17479805400960807,0.04461837528178725,0.04137676704490301,0.1329160716575123,TRUE,TRUE,TRUE,TRUE,TRUE,FALSE,FALSE,FALSE,FALSE,same_ranking,FALSE
1450,North America,Cold_Without_dry_season_Warm_Summer,missing_predictor_group,estimated,NA,0.422,NA,0.1744,NA,0.031,NA,0.217,NA,0.1434,NA,0.33981042654028437,NA,0.6981499513145083,NA,0.1847735546542889,NA,-0.013693253930950111,NA,0.18771934140865343,NA,human,NA,human,NA,NA,NA,NA,NA,NA,NA,NA,NA,NA,TRUE,TRUE,FALSE,TRUE,FALSE,TRUE,FALSE,FALSE,FALSE,gained_estimability,TRUE
23004,Europe,Cold_Without_dry_season_Warm_Summer,estimated,estimated,0.219,0.172,-0.0208,0.0246,0.0927,-0.0014,0.1469,0.1484,-0.1135,0.026,-0.5182648401826484,0.15116279069767444,-1,1,-5.597610586803858e-4,-0.04771570234686773,0.09600331011102059,-0.08764327103539604,0.12501479444065489,0.1325404981670365,climate,human,climate,human,-0.047000000000000014,0.045399999999999996,-0.0941,0.0015000000000000013,0.1395,0.6694276308803229,2,-0.04715594128818734,-0.18364658114641663,0.007525703726381616,TRUE,TRUE,TRUE,TRUE,TRUE,FALSE,TRUE,TRUE,TRUE,ranking_reversal,TRUE
2292,North America,Cold_Without_dry_season_Warm_Summer,estimated,estimated,0.26,0.282,0.0947,0.1006,0.0993,0.1076,0.0665,0.074,-0.004599999999999993,-0.007000000000000006,-0.017692307692307663,-0.02482269503546102,-0.02371134020618553,-0.03362151777137371,0.10085412400952631,0.12248859913332222,0.08918207483868767,0.09096615071124192,0.021891821612003093,0.021988609089755085,climate,climate,climate,climate,0.021999999999999964,0.005899999999999989,0.008300000000000002,0.007499999999999993,-0.0024000000000000132,-0.007130387343153355,-0.00991017756518818,0.021634475123795904,0.0017840758725542472,9.67874777519917e-5,TRUE,TRUE,TRUE,TRUE,TRUE,FALSE,FALSE,FALSE,FALSE,same_ranking,FALSE
2391,North America,Cold_Without_dry_season_Warm_Summer,estimated,estimated,0.286,0.256,0.0383,0.0182,0.2087,0.2019,0.0392,0.0362,-0.1704,-0.1837,-0.5958041958041959,-0.717578125,-0.6898785425101215,-0.8346206269877329,0.018409775470242695,-0.01142183772438643,0.16794840825315027,0.14588703319719287,-0.005533460293702497,-0.02000831355904109,climate,climate,climate,climate,-0.02999999999999997,-0.0201,-0.0068000000000000005,-0.0029999999999999957,-0.013300000000000006,-0.1217739291958041,-0.1447420844776114,-0.029831613194629125,-0.0220613750559574,-0.014474853265338594,TRUE,TRUE,TRUE,TRUE,TRUE,FALSE,FALSE,FALSE,FALSE,same_ranking,FALSE
1024,North America,Polar,estimated,estimated,0.761,0.762,0.1453,0.1845,0.3667,0.3599,0.2491,0.2178,-0.2214,-0.1754,-0.2909329829172142,-0.23018372703412074,-0.432421875,-0.3221895664952241,0.082453503762558,0.08362014062418488,0.19976949349082096,0.23836051185939677,0.08464973519265662,0.07419836692110748,climate,climate,climate,climate,0.0010000000000000009,0.039199999999999985,-0.006800000000000028,-0.031299999999999994,0.04600000000000001,0.06074925588309346,0.11023230850477589,0.0011666368616268796,0.038591018368575813,-0.010451368271549133,TRUE,TRUE,TRUE,TRUE,TRUE,FALSE,FALSE,FALSE,FALSE,same_ranking,FALSE
1642,North America,Temperate_Dry_Summer,estimated,estimated,0.201,0.338,0.0813,0.152,0.0038,0.0382,0.1155,0.1478,0.0775,0.1138,0.38557213930348255,0.33668639053254434,0.9106933019976499,0.5983175604626709,0.011782212364418121,0.1492071327851371,0.004090095506320335,0.10908769123488404,0.049985733990538184,0.15065088748462796,human,human,human,human,0.137,0.0707,0.0344,0.03229999999999998,0.0363,-0.04888574877093821,-0.31237574153497893,0.13742492042071897,0.10499759572856371,0.10066515349408978,TRUE,TRUE,TRUE,TRUE,TRUE,FALSE,FALSE,FALSE,FALSE,same_ranking,FALSE
15785,North America,Polar,missing_predictor_group,estimated,NA,0.333,NA,-0.0092,NA,0.3092,NA,0.0332,NA,-0.31839999999999996,NA,-0.956156156156156,NA,-1,NA,-0.04987530534614881,NA,0.24761625012495259,NA,5.977262443335185e-5,NA,climate,NA,climate,NA,NA,NA,NA,NA,NA,NA,NA,NA,NA,TRUE,TRUE,FALSE,TRUE,FALSE,TRUE,FALSE,FALSE,FALSE,gained_estimability,TRUE
1735,North America,Cold_Without_dry_season_Hot_Summer,estimated,estimated,0.308,0.339,0.0849,0.0935,0.0437,0.0456,0.1795,0.1996,0.0412,0.0479,0.13376623376623378,0.14129793510324481,0.3203732503888025,0.3443565780014378,-0.07005437410531379,-0.03935055660392173,-0.1276772504127165,-0.1397204884655121,-0.034825239390892215,-0.010353584047663067,human,human,human,human,0.031000000000000028,0.008599999999999997,0.001899999999999999,0.020100000000000007,0.006699999999999998,0.007531701337011032,0.02398332761263533,0.03070381750139206,-0.012043238052795613,0.02447165534322915,TRUE,TRUE,TRUE,TRUE,TRUE,FALSE,FALSE,FALSE,FALSE,same_ranking,FALSE
22711,Europe,Temperate_Without_dry_season,estimated,estimated,0.493,0.472,0.1123,0.0968,0.216,0.21560000000000001,0.165,0.1591,-0.1037,-0.11880000000000002,-0.2103448275862069,-0.2516949152542373,-0.31586963143466346,-0.3802816901408451,-0.0032232111351676584,-0.02498172473606053,0.08446402086434734,0.08627014766376306,0.02212778445342023,0.01294772648836251,climate,climate,climate,climate,-0.02100000000000002,-0.0155,-3.999999999999837e-4,-0.005900000000000016,-0.015100000000000016,-0.041350087668030416,-0.06441205870618166,-0.02175851360089287,0.0018061267994157193,-0.00918005796505772,TRUE,TRUE,TRUE,TRUE,TRUE,FALSE,FALSE,FALSE,FALSE,same_ranking,FALSE
24348,Europe,Cold_Without_dry_season_Cold_Summer,estimated,estimated,0.302,0.381,-0.0068,0.08,0.1489,0.1612,0.1603,0.1402,-0.1557,-0.08120000000000001,-0.5155629139072848,-0.21312335958005252,-1,-0.33665008291873966,-0.018547596949964107,0.06037440283890039,0.06080889910650267,0.0628332789234981,0.11210635214785047,0.049231698389722744,climate,climate,climate,climate,0.07900000000000001,0.0868,0.012300000000000005,-0.020100000000000007,0.0745,0.3024395543272323,0.6633499170812603,0.0789219997888645,0.0020243798169954363,-0.06287465375812773,TRUE,TRUE,TRUE,TRUE,TRUE,FALSE,FALSE,FALSE,FALSE,same_ranking,FALSE
40992,North America,Cold_Without_dry_season_Warm_Summer,estimated,estimated,0.297,0.295,0.028,0.0392,0.176,0.1658,0.0927,0.0899,-0.148,-0.1266,-0.4983164983164983,-0.42915254237288136,-0.7254901960784313,-0.617560975609756,0.011200841213444446,0.009482951588293376,0.09681290310397206,0.06862326299087596,-0.028151503453870186,-0.041719971616221874,climate,climate,climate,climate,-0.0020000000000000018,0.011199999999999998,-0.010199999999999987,-0.002800000000000011,0.021400000000000002,0.06916395594361696,0.10792922046867537,-0.00171788962515107,-0.028189640113096104,-0.013568468162351688,TRUE,TRUE,TRUE,TRUE,TRUE,FALSE,FALSE,FALSE,FALSE,same_ranking,FALSE
1786,North America,Cold_Without_dry_season_Warm_Summer,estimated,estimated,0.348,0.427,0.017,0.0567,0.1214,0.1356,0.2097,0.2347,-0.10439999999999999,-0.0789,-0.3,-0.1847775175644028,-0.7543352601156069,-0.41029641185647425,-0.015699085053208828,0.06317493784337913,-0.011661737931980554,0.05113767504358868,0.10099121053405091,0.18538781556895156,climate,climate,climate,climate,0.07900000000000001,0.0397,0.014200000000000004,0.024999999999999994,0.025499999999999995,0.11522248243559718,0.34403884825913267,0.07887402289658796,0.06279941297556924,0.08439660503490065,TRUE,TRUE,TRUE,TRUE,TRUE,FALSE,FALSE,FALSE,FALSE,same_ranking,FALSE
878,North America,Cold_Without_dry_season_Warm_Summer,estimated,estimated,0.046,-0.151,0.0556,-0.0294,-0.0624,-0.1502,0.0529,0.0288,0.118,0.1208,2.5652173913043477,-0.8,1,NA,0.017500700574261896,-0.17928818470701458,-0.1662296735065516,-0.34290614360706395,-0.08312658006875873,-0.13230888709400368,human,human,human,NA,-0.197,-0.08499999999999999,-0.0878,-0.024100000000000003,0.002800000000000011,-3.3652173913043475,NA,-0.19678888528127647,-0.17667647010051235,-0.049182307025244953,TRUE,TRUE,TRUE,TRUE,TRUE,FALSE,FALSE,FALSE,FALSE,same_ranking,FALSE
44951,Europe,Cold_Without_dry_season_Warm_Summer,estimated,estimated,0.38,0.508,-0.0069,0.076,0.2408,0.2786,0.1465,0.1534,-0.24769999999999998,-0.2026,-0.6518421052631578,-0.39881889763779527,-1,-0.5713479977439367,-0.03937816491150592,0.088185000216214,0.14857259331412043,0.22033744313997872,0.07236229121263527,0.0823271419678141,climate,climate,climate,climate,0.128,0.0829,0.03780000000000003,0.006900000000000017,0.04509999999999997,0.2530232076253625,0.42865200225606326,0.12756316512771992,0.07176484982585829,0.009964850755178833,TRUE,TRUE,TRUE,TRUE,TRUE,FALSE,FALSE,FALSE,FALSE,same_ranking,FALSE
328,North America,Temperate_Without_dry_season,estimated,estimated,0.524,0.478,0.0851,0.1665,0.126,0.108,0.3127,0.2039,-0.040900000000000006,0.05850000000000001,-0.07805343511450383,0.12238493723849375,-0.19374703931785886,0.21311475409836067,0.002470783844678026,-0.04295724283536673,0.058589593432403664,0.05260528827752309,0.21364701244956896,0.026045823804431323,climate,human,climate,human,-0.04600000000000004,0.08140000000000001,-0.018000000000000002,-0.10879999999999998,0.09940000000000002,0.20043837235299758,0.40686179341621953,-0.04542802668004475,-0.005984305154880576,-0.18760118864513764,TRUE,TRUE,TRUE,TRUE,TRUE,FALSE,TRUE,TRUE,TRUE,ranking_reversal,TRUE
40997,Asia,Cold_Dry_Winter,missing_predictor_group,estimated,NA,0.46,NA,-0.0038,NA,0.2269,NA,0.2371,NA,-0.2307,NA,-0.5015217391304347,NA,-1,NA,0.02938114693378857,NA,0.15648471372535933,NA,0.14176221059329475,NA,climate,NA,climate,NA,NA,NA,NA,NA,NA,NA,NA,NA,NA,TRUE,TRUE,FALSE,TRUE,FALSE,TRUE,FALSE,FALSE,FALSE,gained_estimability,TRUE
42692,Europe,Cold_Without_dry_season_Warm_Summer,estimated,estimated,0.439,0.412,-0.0113,-0.0174,0.1043,0.0949,0.3462,0.3349,-0.11560000000000001,-0.1123,-0.2633257403189066,-0.2725728155339806,-1,-1,-0.008321378016697523,-0.03525289484715455,-0.050399471079735414,-0.07279297669248108,0.16655522880636842,0.14028238532105475,climate,climate,climate,climate,-0.027000000000000024,-0.0060999999999999995,-0.009400000000000006,-0.011300000000000032,0.0033000000000000113,-0.009247075215074008,0,-0.026931516830457025,-0.022393505612745668,-0.02627284348531367,TRUE,TRUE,TRUE,TRUE,TRUE,FALSE,FALSE,FALSE,FALSE,same_ranking,FALSE
1968,North America,Cold_Without_dry_season_Warm_Summer,estimated,estimated,0.59,0.492,0.1896,0.0851,0.2206,0.2326,0.1802,0.1739,-0.031,-0.14750000000000002,-0.052542372881355937,-0.29979674796747974,-0.07557289127254997,-0.46427447277305645,0.06033032397360871,-0.038561356704768124,0.007649465338523509,0.06667296909506026,-0.015286322599296964,0.0069904528007491695,climate,climate,climate,climate,-0.09799999999999998,-0.1045,0.01200000000000001,-0.0063,-0.11650000000000002,-0.2472543750861238,-0.3887015815005065,-0.09889168067837684,0.059023503756536755,0.022276775400046134,TRUE,TRUE,TRUE,TRUE,TRUE,FALSE,FALSE,FALSE,FALSE,same_ranking,FALSE
309,North America,Cold_Without_dry_season_Warm_Summer,estimated,estimated,0.397,0.397,0.079,0.0888,0.2033,0.1888,0.1144,0.1198,-0.12430000000000001,-0.09999999999999999,-0.31309823677581866,-0.251889168765743,-0.4403117251151258,-0.3602305475504322,0.002879113603831196,0.003520762747809547,0.09912471861701733,0.07173371068002543,0.01783669132955079,0.030269938422359366,climate,climate,climate,climate,0,0.009800000000000003,-0.014500000000000013,0.005400000000000002,0.024300000000000016,0.06120906801007564,0.08008117756469357,6.416491439783512e-4,-0.027391007936991896,0.012433247092808575,TRUE,TRUE,TRUE,TRUE,TRUE,FALSE,FALSE,FALSE,FALSE,same_ranking,FALSE
34553,Oceania,Temperate_Without_dry_season,estimated,estimated,0.497,0.549,-0.053900000000000003,0.0043,0.3391,0.3364,0.2118,0.2085,-0.393,-0.33209999999999995,-0.7907444668008049,-0.6049180327868852,-1,-0.9747578514822423,-0.05329298061318277,-0.001059280078011926,0.09278967146388806,0.0978253865245734,-0.030826892495034675,-0.027075312926549522,climate,climate,climate,climate,0.052000000000000046,0.0582,-0.0027000000000000357,-0.0032999999999999974,0.060900000000000065,0.18582643401391974,0.025242148517757745,0.052233700535170846,0.005035715060685342,0.0037515795684851527,TRUE,TRUE,TRUE,TRUE,TRUE,FALSE,FALSE,FALSE,FALSE,same_ranking,FALSE
46730,North America,Cold_Without_dry_season_Cold_Summer,estimated,estimated,0.233,0.24,0.0479,0.0452,0.0879,0.0953,0.0975,0.099,-0.04000000000000001,-0.0501,-0.1716738197424893,-0.20875,-0.2945508100147276,-0.35658362989323844,0.021746104734870486,0.028025020172598447,-0.05211337874459454,-0.03496453547324674,-0.02090744055851368,-0.015750200944121717,climate,climate,climate,climate,0.0069999999999999785,-0.002700000000000001,0.00739999999999999,0.0015000000000000013,-0.010099999999999991,-0.037076180257510694,-0.062032819878510836,0.006278915437727961,0.017148843271347802,0.005157239614391962,TRUE,TRUE,TRUE,TRUE,TRUE,FALSE,FALSE,FALSE,FALSE,same_ranking,FALSE
232,North America,Temperate_Without_dry_season,estimated,estimated,0.436,0.427,0.0529,0.038,0.2783,0.2922,0.105,0.0966,-0.2254,-0.25420000000000004,-0.5169724770642201,-0.5953161592505856,-0.6805555555555556,-0.7698364627498487,-0.04121466147549102,-0.05054428435381031,0.1385220528832528,0.15934664457907743,-0.03072468239072712,-0.05439326179263626,climate,climate,climate,climate,-0.009000000000000008,-0.014900000000000004,0.013900000000000023,-0.00839999999999999,-0.028800000000000048,-0.07834368218636545,-0.08928090719429316,-0.009329622878319288,0.020824591695824624,-0.02366857940190914,TRUE,TRUE,TRUE,TRUE,TRUE,FALSE,FALSE,FALSE,FALSE,same_ranking,FALSE
1719,North America,Cold_Without_dry_season_Warm_Summer,estimated,estimated,0.466,0.34,0.1206,-0.0012,0.3004,0.2967,0.0455,0.0443,-0.17980000000000002,-0.2979,-0.38583690987124464,-0.8761764705882352,-0.42707838479809984,-1,0.13269621287341038,0.006020651591789661,0.21330054735881343,0.26557401800354374,-0.015613658517120377,0.04138832653891067,climate,climate,climate,climate,-0.126,-0.1218,-0.003699999999999981,-0.0011999999999999997,-0.11809999999999998,-0.4903395607169906,-0.5729216152019001,-0.12667556128162072,0.05227347064473031,0.057001985056031046,TRUE,TRUE,TRUE,TRUE,TRUE,FALSE,FALSE,FALSE,FALSE,same_ranking,FALSE
41027,North America,Cold_Without_dry_season_Warm_Summer,estimated,estimated,0.646,0.667,0.176,0.1892,0.2906,0.3021,0.1791,0.176,-0.11460000000000004,-0.11289999999999997,-0.1773993808049536,-0.16926536731634179,-0.24560651521645957,-0.22979849379198042,0.07747117609064613,0.09902390710742992,0.04449396347850776,0.09701673043421166,0.0052525581866473825,0.028490629739310047,climate,climate,climate,climate,0.02100000000000002,0.013200000000000017,0.011499999999999955,-0.0031000000000000194,0.0017000000000000626,0.008134013488611813,0.01580802142447915,0.021552731016783788,0.0525227669557039,0.023238071552662665,TRUE,TRUE,TRUE,TRUE,TRUE,FALSE,FALSE,FALSE,FALSE,same_ranking,FALSE
45728,Europe,Cold_Without_dry_season_Warm_Summer,estimated,estimated,0.004,-0.008,0.0021,-0.0103,-0.0277,-0.0152,0.0297,0.0176,0.0298,0.0049,7.45,-0.6124999999999999,1,NA,-0.08830467273024478,-0.10029420314976134,-0.21651905320248976,-0.1567063110721606,-0.11064981825054043,-0.10010914153331552,human,human,human,NA,-0.012,-0.0124,0.012499999999999999,-0.0121,-0.0249,-8.0625,NA,-0.011989530419516559,0.059812742130329166,0.010540676717224917,TRUE,TRUE,TRUE,TRUE,TRUE,FALSE,FALSE,FALSE,FALSE,same_ranking,FALSE
29236,Europe,Cold_Without_dry_season_Warm_Summer,estimated,estimated,0.322,0.324,0.0309,0.052,0.1747,0.1556,0.1164,0.1167,-0.14379999999999998,-0.1036,-0.44658385093167696,-0.3197530864197531,-0.6994163424124513,-0.4990366088631985,-0.043373922464676196,-0.040993238349575134,-0.007860444641342945,-0.07561464848656851,0.009886429119187468,-0.019103422721855057,climate,climate,climate,climate,0.0020000000000000018,0.021099999999999997,-0.019100000000000006,2.999999999999947e-4,0.040199999999999986,0.12683076451192388,0.20037973354925281,0.0023806841151010616,-0.06775420384522557,-0.028989851841042524,TRUE,TRUE,TRUE,TRUE,TRUE,FALSE,FALSE,FALSE,FALSE,same_ranking,FALSE
1841,North America,Cold_Without_dry_season_Warm_Summer,estimated,estimated,0.31,0.344,0.0778,0.0501,0.1499,0.2052,0.0827,0.0891,-0.07210000000000001,-0.1551,-0.23258064516129037,-0.4508720930232558,-0.3166447079490558,-0.6075205640423031,-0.09998333708891216,-0.06611368082604374,-0.005447213092311776,0.13213232533664077,-0.0443500939478898,-0.00469328480344855,climate,climate,climate,climate,0.033999999999999975,-0.027699999999999995,0.05529999999999999,0.006400000000000003,-0.08299999999999998,-0.21829144786196544,-0.29087585609324734,0.03386965626286842,0.13757953842895254,0.03965680914444125,TRUE,TRUE,TRUE,TRUE,TRUE,FALSE,FALSE,FALSE,FALSE,same_ranking,FALSE
24118,Europe,Cold_Without_dry_season_Warm_Summer,insufficient_residual_df,insufficient_residual_df,NA,NA,NA,NA,NA,NA,NA,NA,NA,NA,NA,NA,NA,NA,NA,NA,NA,NA,NA,NA,NA,NA,NA,NA,NA,NA,NA,NA,NA,NA,NA,NA,NA,NA,TRUE,TRUE,FALSE,FALSE,FALSE,FALSE,FALSE,FALSE,FALSE,not_estimable_at_either_radius,FALSE
21807,Latin America,Tropical,estimated,estimated,0.758,0.759,0.1441,0.1473,0.3349,0.3333,0.2786,0.2786,-0.19079999999999997,-0.186,-0.25171503957783636,-0.2450592885375494,-0.39832985386221287,-0.38701622971285893,0.007560532534187869,0.009085164355800313,0.06104788562918961,0.05872912681695952,-0.005401106577236803,-0.004386637757569201,climate,climate,climate,climate,0.0010000000000000009,0.0031999999999999806,-0.0015999999999999903,0,0.004799999999999971,0.006655751040286956,0.01131362414935394,0.0015246318216124433,-0.002318758812230093,0.0010144688196676022,TRUE,TRUE,TRUE,TRUE,TRUE,FALSE,FALSE,FALSE,FALSE,same_ranking,FALSE
41631,Europe,Cold_Without_dry_season_Warm_Summer,estimated,estimated,0.591,0.543,0.0894,0.0923,0.2764,0.2397,0.2247,0.2107,-0.187,-0.1474,-0.3164128595600677,-0.2714548802946593,-0.5112083105522144,-0.4439759036144579,0.055289036820295956,0.007468307195783397,0.020933734621166544,-0.03988525388857578,-0.015089677238955934,-0.030261557099385605,climate,climate,climate,climate,-0.04799999999999993,0.0029,-0.03669999999999998,-0.014000000000000012,0.039599999999999996,0.0449579792654084,0.0672324069377565,-0.04782072962451256,-0.06081898850974232,-0.015171879860429671,TRUE,TRUE,TRUE,TRUE,TRUE,FALSE,FALSE,FALSE,FALSE,same_ranking,FALSE
48940,North America,Polar,missing_predictor_group,missing_predictor_group,NA,NA,NA,NA,NA,NA,NA,NA,NA,NA,NA,NA,NA,NA,NA,NA,NA,NA,NA,NA,NA,NA,NA,NA,NA,NA,NA,NA,NA,NA,NA,NA,NA,NA,TRUE,TRUE,FALSE,FALSE,FALSE,FALSE,FALSE,FALSE,FALSE,not_estimable_at_either_radius,FALSE
24061,Europe,Cold_Without_dry_season_Cold_Summer,estimated,estimated,0.32,0.318,-0.008,-0.033,0.104,0.1126,0.2243,0.2379,-0.11199999999999999,-0.1456,-0.35,-0.4578616352201258,-1,-1,-0.02096226740089313,-0.02381518482757139,-0.007392309715597567,-0.013242947247357528,0.10668998959781928,0.11103516223131771,climate,climate,climate,climate,-0.0020000000000000018,-0.025,0.00860000000000001,0.013600000000000001,-0.03360000000000002,-0.10786163522012582,0,-0.0028529174266782586,-0.005850637531759961,0.004345172633498429,TRUE,TRUE,TRUE,TRUE,TRUE,FALSE,FALSE,FALSE,FALSE,same_ranking,FALSE
4198,Europe,Temperate_Without_dry_season,estimated,estimated,-0.088,-0.027,-0.038,-0.0116,-0.0802,-0.0661,0.0301,0.0506,0.042199999999999994,0.05450000000000001,-0.4795454545454545,-2.0185185185185186,NA,NA,-0.1248525742412201,-0.0637527079984963,-0.19173499364290392,-0.14341307093693567,-0.07385907663329605,-0.012736259169447761,human,human,NA,NA,0.061,0.0264,0.014099999999999988,0.0205,0.012300000000000012,-1.538973063973064,NA,0.06109986624272379,0.048321922705968245,0.06112281746384829,TRUE,TRUE,TRUE,TRUE,TRUE,FALSE,FALSE,FALSE,FALSE,same_ranking,FALSE
15667,North America,Cold_Without_dry_season_Cold_Summer,estimated,estimated,0.446,0.456,0.1753,0.1389,0.0261,0.0053,0.2445,0.3121,0.1492,0.1336,0.3345291479820628,0.29298245614035084,0.740814299900695,0.926490984743412,0.016054711436981006,0.026306096950405866,0.13509423640248353,0.12746976940452048,0.12645510754614409,0.2958326555697125,human,human,human,human,0.010000000000000009,-0.036400000000000016,-0.020800000000000003,0.0676,-0.015600000000000003,-0.04154669184171195,0.18567668484271693,0.01025138551342486,-0.007624466997963042,0.16937754802356841,TRUE,TRUE,TRUE,TRUE,TRUE,FALSE,FALSE,FALSE,FALSE,same_ranking,FALSE
859,North America,Cold_Without_dry_season_Cold_Summer,estimated,estimated,0.539,0.527,0.0294,0.0186,0.3175,0.3299,0.1919,0.1789,-0.2881,-0.3113,-0.5345083487940631,-0.5907020872865275,-0.830498702796195,-0.8932568149210903,0.0236086296416409,0.012199330101574923,0.1972778259131297,0.2383297346402603,0.09018769989691833,0.08046310867119955,climate,climate,climate,climate,-0.01200000000000001,-0.0108,0.012400000000000022,-0.012999999999999984,-0.0232,-0.05619373849246445,-0.06275811212489535,-0.011409299540065976,0.041051908727130604,-0.009724591225718782,TRUE,TRUE,TRUE,TRUE,TRUE,FALSE,FALSE,FALSE,FALSE,same_ranking,FALSE
15462,North America,Cold_Without_dry_season_Cold_Summer,estimated,estimated,0.481,0.456,0.1024,0.0827,0.3597,0.3435,0.0187,0.0294,-0.25730000000000003,-0.26080000000000003,-0.534927234927235,-0.5719298245614035,-0.5568058861718244,-0.6119192867198499,0.06852966041543052,0.0433351910555454,0.23225189809919689,0.1854894757170954,-0.02562205126196715,-0.018527396370735194,climate,climate,climate,climate,-0.024999999999999967,-0.01970000000000001,-0.016199999999999992,0.010699999999999998,-0.003500000000000003,-0.03700258963416847,-0.05511340054802549,-0.02519446935988512,-0.04676242238210149,0.007094654891231955,TRUE,TRUE,TRUE,TRUE,TRUE,FALSE,FALSE,FALSE,FALSE,same_ranking,FALSE
14274,Europe,Temperate_Without_dry_season,estimated,estimated,0.657,0.644,0.0773,0.0872,0.2852,0.2974,0.2945,0.2595,-0.20790000000000003,-0.2102,-0.3164383561643836,-0.3263975155279503,-0.5735172413793105,-0.54654186167446694,-0.01272245984093523,-0.0255832801485546,0.2271509846182238,0.24419066367255127,0.24298840479386674,0.1656397281222357,climate,climate,climate,climate,-0.013000000000000012,0.009900000000000006,0.012199999999999989,-0.034999999999999976,-0.0022999999999999687,-0.009959159363566727,0.02697537970484354,-0.01286082030761937,0.01703967905432746,-0.07734867667163103,TRUE,TRUE,TRUE,TRUE,TRUE,FALSE,FALSE,FALSE,FALSE,same_ranking,FALSE
203,North America,Temperate_Without_dry_season,estimated,estimated,0.433,0.296,0.176,0.0828,0.1293,0.0941,0.1275,0.1186,0.04669999999999999,-0.011300000000000004,0.10785219399538104,-0.038175675675675695,0.15296429741238124,-0.06387789711701529,0.19897874359814827,0.061599575160629305,0.06244732964369604,-0.005005278033464955,0.06774297281005726,0.05267012073893329,human,climate,human,climate,-0.137,-0.09319999999999999,-0.035199999999999995,-0.008900000000000005,-0.057999999999999996,-0.14602786967105674,-0.21684219452939651,-0.13737916843751896,-0.06745260767716099,-0.015072852071123966,TRUE,TRUE,TRUE,TRUE,TRUE,FALSE,TRUE,TRUE,TRUE,ranking_reversal,TRUE
17320,North America,Cold_Without_dry_season_Cold_Summer,estimated,estimated,0.327,0.393,0.0715,0.147,0.1382,0.1158,0.1174,0.1306,-0.0667,0.03119999999999999,-0.2039755351681957,0.07938931297709921,-0.31807343824511203,0.11872146118721459,-0.017860084068440307,0.04847533395675252,0.1480985368083304,0.10844760224241123,0.015889865669241554,0.04747678874599992,climate,human,climate,human,0.066,0.0755,-0.02239999999999999,0.01319999999999999,0.09789999999999999,0.2833648481452949,0.43679489943232663,0.06633541802519283,-0.03965093456591917,0.031586923076758366,TRUE,TRUE,TRUE,TRUE,TRUE,FALSE,TRUE,TRUE,TRUE,ranking_reversal,TRUE
308,North America,Cold_Without_dry_season_Warm_Summer,estimated,estimated,0.623,0.614,0.1082,0.1477,0.2329,0.2255,0.2821,0.2407,-0.12469999999999999,-0.07780000000000001,-0.2001605136436597,-0.1267100977198697,-0.3655819407798299,-0.20846730975348343,-0.02480287287852123,-0.03412926989527665,0.1015590684160268,0.07066674988172172,0.098891528484903235,1.951435028439974e-4,climate,climate,climate,climate,-0.009000000000000008,0.03949999999999999,-0.00739999999999999,-0.04140000000000002,0.04689999999999998,0.07345041592378998,0.15711463102634649,-0.009326397016755417,-0.030892318534305074,-0.09869638498205924,TRUE,TRUE,TRUE,TRUE,TRUE,FALSE,FALSE,FALSE,FALSE,same_ranking,FALSE
2385,North America,Cold_Without_dry_season_Hot_Summer,estimated,estimated,0.085,0.068,0.0789,0.0756,-0.0654,-0.0801,0.0715,0.0729,0.14429999999999998,0.1557,1.697647058823529,2.289705882352941,1,1,0.008365310978503238,-0.008259395888100873,-0.14371126019108682,-0.1679997526986876,-0.04875903164283557,-0.04072531846496774,human,human,human,human,-0.017,-0.0032999999999999974,-0.014700000000000005,0.0014000000000000123,0.011400000000000021,0.592058823529412,0,-0.01662470686660411,-0.02428849250760079,0.00803371317786783,TRUE,TRUE,TRUE,TRUE,TRUE,FALSE,FALSE,FALSE,FALSE,same_ranking,FALSE
26608,Europe,Temperate_Dry_Summer,estimated,estimated,0.6,0.609,-0.0107,-4e-4,0.3766,0.3679,0.2345,0.2412,-0.3873,-0.3683,-0.6455,-0.6047619047619048,-1,-1,0.01614533510207372,0.024515301977005466,0.15594326489116062,0.12553778431519125,-0.013698875215467754,-0.01340228684248479,climate,climate,climate,climate,0.009000000000000008,0.0103,-0.008699999999999986,0.0067000000000000115,0.01899999999999996,0.04073809523809513,0,0.008369966874931745,-0.030405480575969368,2.9658837298296437e-4,TRUE,TRUE,TRUE,TRUE,TRUE,FALSE,FALSE,FALSE,FALSE,same_ranking,FALSE
20188,North America,Polar,missing_predictor_group,estimated,NA,0.313,NA,0.0022,NA,0.2083,NA,0.1025,NA,-0.2061,NA,-0.6584664536741214,NA,-0.9790973871733966,NA,-0.025157284084832532,NA,0.08918966546963303,NA,0.016587527976490102,NA,climate,NA,climate,NA,NA,NA,NA,NA,NA,NA,NA,NA,NA,TRUE,TRUE,FALSE,TRUE,FALSE,TRUE,FALSE,FALSE,FALSE,gained_estimability,TRUE
3879,Europe,Temperate_Without_dry_season,estimated,estimated,0.396,0.412,0.0773,0.0787,0.2271,0.232,0.0921,0.1012,-0.1498,-0.1533,-0.3782828282828282,-0.3720873786407767,-0.4921156373193166,-0.4934019954940456,0.021849152932677196,0.03712998407813728,0.22444824910866257,0.2367443674524119,0.029634564605447666,0.050218066107610926,climate,climate,climate,climate,0.01599999999999996,0.0014000000000000123,0.0049000000000000155,0.009099999999999997,-0.003500000000000003,0.006195449642051543,-0.0012863581747289965,0.015280831145460083,0.01229611834374933,0.02058350150216326,TRUE,TRUE,TRUE,TRUE,TRUE,FALSE,FALSE,FALSE,FALSE,same_ranking,FALSE
15925,North America,Cold_Without_dry_season_Warm_Summer,estimated,estimated,0.294,0.38,0.0222,0.0261,0.193,0.2236,0.0784,0.1308,-0.1708,-0.19749999999999998,-0.580952380952381,-0.519736842105263,-0.7936802973977696,-0.79094913896676,-0.06494222610929501,0.021970769423917846,0.04775708222553199,0.0957501365681862,-0.07086326362726936,0.020693672960971687,climate,climate,climate,climate,0.08600000000000002,0.0039000000000000007,0.03059999999999999,0.0524,-0.026699999999999974,0.061215538847117945,0.0027311584310095727,0.08691299553321286,0.04799305434265422,0.09155693658824104,TRUE,TRUE,TRUE,TRUE,TRUE,FALSE,FALSE,FALSE,FALSE,same_ranking,FALSE
15919,North America,Cold_Without_dry_season_Warm_Summer,estimated,estimated,0.852,0.842,0.1595,0.1203,0.4494,0.4719,0.2427,0.2497,-0.28990000000000005,-0.35159999999999997,-0.3402582159624414,-0.4175771971496437,-0.4761044506487109,-0.5937183383991894,-0.0045432300627044064,-0.014305917770703447,0.2061095268834935,0.2514198237172295,0.009861720744120284,0.02409079702059902,climate,climate,climate,climate,-0.010000000000000009,-0.0392,0.022499999999999964,0.007000000000000006,-0.06169999999999992,-0.07731898118720232,-0.11761388775047854,-0.00976268770799904,0.045310296833736,0.014229076276478736,TRUE,TRUE,TRUE,TRUE,TRUE,FALSE,FALSE,FALSE,FALSE,same_ranking,FALSE
1432,North America,Cold_Dry_Summer,estimated,estimated,0.654,0.659,0.0547,0.1012,0.4056,0.3809,0.1935,0.1772,-0.3509,-0.2797,-0.5365443425076453,-0.42443095599393016,-0.762328915924397,-0.5801700891931134,-0.017717813755475764,-0.012199197191027467,0.19657033507248733,0.17004172903167636,-0.017596223285272772,-0.027258224106534,climate,climate,climate,climate,0.0050000000000000044,0.0465,-0.0247,-0.01630000000000001,0.07119999999999999,0.11211338651371511,0.18215882673128359,0.005518616564448298,-0.026528606040810976,-0.00966200082126123,TRUE,TRUE,TRUE,TRUE,TRUE,FALSE,FALSE,FALSE,FALSE,same_ranking,FALSE
48895,North America,Cold_Without_dry_season_Warm_Summer,estimated,estimated,0.472,0.379,0.1225,0.0306,0.1992,0.209,0.1502,0.1396,-0.07669999999999999,-0.1784,-0.16249999999999998,-0.47071240105540896,-0.2384208890270438,-0.7445742904841403,0.05508816723974441,-0.037541101752677,0.028672219088833772,0.05248262643232571,-0.003886356592978535,-0.020916460954966132,climate,climate,climate,climate,-0.09299999999999997,-0.0919,0.009800000000000003,-0.010599999999999998,-0.10170000000000001,-0.308212401055409,-0.5061534014570964,-0.09262926899242141,0.023810407343491935,-0.017030104361987597,TRUE,TRUE,TRUE,TRUE,TRUE,FALSE,FALSE,FALSE,FALSE,same_ranking,FALSE
2373,North America,Cold_Without_dry_season_Warm_Summer,estimated,estimated,0.616,0.586,0.0415,0.0267,0.2893,0.2709,0.2856,0.2885,-0.2478,-0.24419999999999997,-0.4022727272727273,-0.41672354948805457,-0.749093107617896,-0.8205645161290323,0.0027333144543679744,-0.027647610422432356,0.03962388541607731,0.00625196886516699,0.07227556422980563,0.0814162522157671,climate,climate,climate,climate,-0.030000000000000027,-0.0148,-0.018400000000000027,0.002899999999999958,0.00360000000000002,-0.014450822215327286,-0.0714714085111362,-0.03038092487680033,-0.03337191655091032,0.00914068798596146,TRUE,TRUE,TRUE,TRUE,TRUE,FALSE,FALSE,FALSE,FALSE,same_ranking,FALSE
518,North America,Cold_Without_dry_season_Warm_Summer,estimated,estimated,0.21,0.234,0.1039,0.1288,2e-4,-0.0143,0.106,0.1191,0.1037,0.1431,0.4938095238095238,0.6115384615384615,0.9961575408261286,1,0.013610595513127377,0.03708829459250018,0.025750135003130614,-0.017938127850979146,0.02797464918601167,0.03963600482540852,human,human,human,human,0.02400000000000002,0.02489999999999999,-0.0145,0.0131,0.039400000000000004,0.11772893772893767,0.003842459173871382,0.023477699079372805,-0.04368826285410976,0.011661355639396853,TRUE,TRUE,TRUE,TRUE,TRUE,FALSE,FALSE,FALSE,FALSE,same_ranking,FALSE
1445,North America,Cold_Without_dry_season_Cold_Summer,missing_predictor_group,estimated,NA,0.372,NA,0.0564,NA,0.0054,NA,0.3099,NA,0.051,NA,0.13709677419354838,NA,0.8252427184466019,NA,-0.032725993344203785,NA,-0.05859659937768502,NA,0.2167856231532319,NA,human,NA,human,NA,NA,NA,NA,NA,NA,NA,NA,NA,NA,TRUE,TRUE,FALSE,TRUE,FALSE,TRUE,FALSE,FALSE,FALSE,gained_estimability,TRUE
1835,North America,Polar,estimated,estimated,0.535,0.57,0.0457,0.09,0.4249,0.3686,0.0646,0.1109,-0.3792,-0.27859999999999996,-0.7087850467289719,-0.48877192982456136,-0.8057798555036123,-0.6075010902747492,0.00882987539896507,0.04306329059888081,0.3454051209180099,0.1757228343135918,-0.012658516642424233,0.022826486084821518,climate,climate,climate,climate,0.03499999999999992,0.0443,-0.05630000000000002,0.046299999999999994,0.10060000000000002,0.22001311690441056,0.19827876522886312,0.03423341519991574,-0.1696822866044181,0.03548500272724575,TRUE,TRUE,TRUE,TRUE,TRUE,FALSE,FALSE,FALSE,FALSE,same_ranking,FALSE
15325,North America,Cold_Without_dry_season_Warm_Summer,estimated,estimated,0.148,0.134,-0.0304,-0.0284,0.1094,0.1018,0.0687,0.0609,-0.1398,-0.1302,-0.9445945945945947,-0.9716417910447761,-1,-1,-0.07865880219202537,-0.09206673491135764,0.0875279323482816,0.07572707631266296,0.046640226256702944,0.03463390667511479,climate,climate,climate,climate,-0.013999999999999985,0.0019999999999999983,-0.007599999999999996,-0.0077999999999999944,0.009599999999999997,-0.027047196450181388,0,-0.013407932719332272,-0.011800856035618645,-0.012006319581588154,TRUE,TRUE,TRUE,TRUE,TRUE,FALSE,FALSE,FALSE,FALSE,same_ranking,FALSE
1823,North America,Polar,estimated,estimated,0.489,0.559,-0.0052,0.1268,0.1743,0.1644,0.32,0.2677,-0.17950000000000002,-0.037599999999999995,-0.36707566462167696,-0.06726296958855096,-1,-0.1291208791208791,-0.054443260681501515,0.015455441411847293,0.06783791122686544,0.02178173001549011,0.24258260838867096,0.1117355325221111,climate,climate,climate,climate,0.07000000000000006,0.132,-0.00990000000000002,-0.05230000000000001,0.14190000000000003,0.299812695033126,0.8708791208791209,0.06989870209334881,-0.046056181211375335,-0.13084707586655986,TRUE,TRUE,TRUE,TRUE,TRUE,FALSE,FALSE,FALSE,FALSE,same_ranking,FALSE
966,North America,Cold_Dry_Summer,estimated,estimated,0.504,0.558,0.1005,0.1406,0.0696,0.0835,0.3338,0.3335,0.03090000000000001,0.0571,0.06130952380952383,0.10232974910394264,0.18165784832451506,0.2547969656403391,-0.04951411755567303,0.004194034619183107,-0.023399609353256245,0.03867772791629365,0.11905389187636195,0.1527339410103108,human,human,human,human,0.05400000000000005,0.0401,0.01390000000000001,-2.9999999999996696e-4,0.026199999999999987,0.041020225294418816,0.07313911731582404,0.05370815217485614,0.06207733726954989,0.03368004913394884,TRUE,TRUE,TRUE,TRUE,TRUE,FALSE,FALSE,FALSE,FALSE,same_ranking,FALSE
4378,Europe,Cold_Without_dry_season_Warm_Summer,estimated,estimated,0.401,0.51,-0.0452,0.0324,0.1244,0.1646,0.3219,0.3132,-0.1696,-0.13219999999999998,-0.42294264339152116,-0.25921568627450975,-1,-0.6710659898477156,-0.06483910827977202,0.044196032789686646,-0.13201406361244228,-0.06132599093715885,0.08603567537450907,0.05895175376356987,climate,climate,climate,climate,0.10899999999999999,0.0776,0.0402,-0.008700000000000041,0.03740000000000002,0.1637269571170114,0.3289340101522844,0.10903514106945866,0.07068807267528343,-0.0270839216109392,TRUE,TRUE,TRUE,TRUE,TRUE,FALSE,FALSE,FALSE,FALSE,same_ranking,FALSE
40567,Europe,Cold_Without_dry_season_Warm_Summer,estimated,estimated,0.165,0.15,0.0472,0.0822,0.0313,0.0052,0.0866,0.063,0.015899999999999997,0.077,0.09636363636363635,0.5133333333333333,0.2025477707006369,0.8810068649885584,-0.048118132954900195,-0.06282899829950772,0.00627624913026914,-0.07583181637677772,0.06180182542700807,-0.015460164949074318,human,human,human,human,-0.015000000000000013,0.034999999999999996,-0.0261,-0.023599999999999996,0.0611,0.416969696969697,0.6784590942879215,-0.014710865344607527,-0.08210806550704686,-0.07726199037608239,TRUE,TRUE,TRUE,TRUE,TRUE,FALSE,FALSE,FALSE,FALSE,same_ranking,FALSE
532,North America,Cold_Without_dry_season_Warm_Summer,estimated,estimated,0.713,0.767,0.1699,0.2903,0.2271,0.2006,0.3162,0.2765,-0.0572,0.0897,-0.08022440392706873,0.11694915254237288,-0.14408060453400504,0.1827256060297413,0.013038804453830322,0.06724265115697814,0.02070464296080865,0.016717953253691076,0.03551830255415389,0.0051611651508385314,climate,human,climate,human,0.05400000000000005,0.12040000000000001,-0.026499999999999996,-0.03969999999999996,0.1469,0.19717355646944162,0.32680621056374637,0.05420384670314782,-0.003986689707117574,-0.03035713740331536,TRUE,TRUE,TRUE,TRUE,TRUE,FALSE,TRUE,TRUE,TRUE,ranking_reversal,TRUE
44941,Europe,Cold_Without_dry_season_Cold_Summer,estimated,estimated,0.392,0.299,0.0421,-0.0236,0.0878,0.0758,0.2617,0.2467,-0.045700000000000005,-0.0994,-0.11658163265306123,-0.3324414715719064,-0.35180908391070054,-1,0.0030260027276317603,-0.08969194525701851,-0.10092793109123033,-0.06529478742988137,0.06300996681322746,0.09251420078197836,climate,climate,climate,climate,-0.09300000000000003,-0.0657,-0.011999999999999997,-0.014999999999999986,-0.0537,-0.21585983891884516,-0.6481909160892995,-0.09271794798465027,0.035633143661348954,0.029504233968750904,TRUE,TRUE,TRUE,TRUE,TRUE,FALSE,FALSE,FALSE,FALSE,same_ranking,FALSE
48738,Europe,Cold_Without_dry_season_Warm_Summer,estimated,estimated,0.567,0.633,0.0023,0.1393,0.4724,0.4168,0.0927,0.0765,-0.47009999999999996,-0.27749999999999997,-0.8291005291005291,-0.438388625592417,-0.9903096692647987,-0.4990109692501348,0.004248259679014321,0.06940826169677794,0.38490127989079337,0.3160502723739853,-0.018434267401581383,-0.008534520008712465,climate,climate,climate,climate,0.06600000000000006,0.137,-0.05559999999999998,-0.016200000000000006,0.1926,0.39071190350811213,0.4912987000146639,0.06516000201776362,-0.06885100751680806,0.009899747392868918,TRUE,TRUE,TRUE,TRUE,TRUE,FALSE,FALSE,FALSE,FALSE,same_ranking,FALSE
4168,Europe,Cold_Without_dry_season_Cold_Summer,insufficient_residual_df,insufficient_residual_df,NA,NA,NA,NA,NA,NA,NA,NA,NA,NA,NA,NA,NA,NA,NA,NA,NA,NA,NA,NA,NA,NA,NA,NA,NA,NA,NA,NA,NA,NA,NA,NA,NA,NA,TRUE,TRUE,FALSE,FALSE,FALSE,FALSE,FALSE,FALSE,FALSE,not_estimable_at_either_radius,FALSE
15713,North America,Cold_Without_dry_season_Cold_Summer,estimated,estimated,0.098,0.218,0.1208,0.1739,-0.1355,-0.1139,0.1127,0.158,0.25630000000000003,0.2878,2.6153061224489798,1.3201834862385322,1,1,-0.028900219031443464,0.09116491481794664,-0.115298705393722,-0.04734406320334772,-0.031133117872752858,0.08436904839970916,human,human,human,human,0.12,0.053099999999999994,0.021600000000000008,0.04530000000000001,0.03149999999999997,-1.2951226362104475,0,0.1200651338493901,0.06795464219037428,0.11550216627246201,TRUE,TRUE,TRUE,TRUE,TRUE,FALSE,FALSE,FALSE,FALSE,same_ranking,FALSE
22650,Europe,Cold_Without_dry_season_Cold_Summer,estimated,estimated,0.321,0.281,0.0057,-0.0104,0.068,0.0663,0.2472,0.2255,-0.06230000000000001,-0.07669999999999999,-0.19408099688473524,-0.2729537366548042,-0.8453188602442334,-1,-0.03562810292490903,-0.0750444803394601,-0.10516426574559223,-0.12716158784013398,0.1255214565179278,0.06363494911562428,climate,climate,climate,climate,-0.03999999999999998,-0.0161,-0.001700000000000007,-0.021699999999999997,-0.014399999999999982,-0.07887273977006898,-0.15468113975576658,-0.03941637741455106,-0.02199732209454175,-0.0618865074023035,TRUE,TRUE,TRUE,TRUE,TRUE,FALSE,FALSE,FALSE,FALSE,same_ranking,FALSE
26439,Europe,Cold_Without_dry_season_Warm_Summer,insufficient_residual_df,insufficient_residual_df,NA,NA,NA,NA,NA,NA,NA,NA,NA,NA,NA,NA,NA,NA,NA,NA,NA,NA,NA,NA,NA,NA,NA,NA,NA,NA,NA,NA,NA,NA,NA,NA,NA,NA,TRUE,TRUE,FALSE,FALSE,FALSE,FALSE,FALSE,FALSE,FALSE,not_estimable_at_either_radius,FALSE
4497,Europe,Cold_Without_dry_season_Warm_Summer,estimated,estimated,0.475,0.458,0.0162,0.0268,0.3058,0.3079,0.1525,0.1228,-0.2896,-0.2811,-0.6096842105263158,-0.6137554585152839,-0.8993788819875776,-0.8398565879892441,-0.0340738991502928,-0.05101816985349905,0.09876001698691161,0.19036031340255533,-0.012596282534864,0.01537366224108161,climate,climate,climate,climate,-0.01699999999999996,0.010600000000000002,0.0020999999999999908,-0.02969999999999999,0.008500000000000008,-0.004071247988968074,0.05952229399833353,-0.016944270703206255,0.09160029641564371,0.02796994477594561,TRUE,TRUE,TRUE,TRUE,TRUE,FALSE,FALSE,FALSE,FALSE,same_ranking,FALSE
2634,North America,Arid,estimated,estimated,0.515,0.564,-0.0158,0.0399,0.225,0.1895,0.306,0.3341,-0.24080000000000001,-0.1496,-0.4675728155339806,-0.26524822695035466,-1,-0.6521360069747167,-0.01610714121648027,0.03217134036126257,0.11905266946294457,0.04726835327683965,0.17079864444764248,0.22614672599513697,climate,climate,climate,climate,0.04899999999999993,0.0557,-0.035500000000000004,0.028100000000000014,0.0912,0.20232458858362595,0.34786399302528326,0.04827848157774284,-0.07178431618610492,0.05534808154749449,TRUE,TRUE,TRUE,TRUE,TRUE,FALSE,FALSE,FALSE,FALSE,same_ranking,FALSE
21537,Latin America,Tropical,estimated,estimated,0.135,0.358,0.0828,0.2018,0.0145,0.0662,0.038,0.0902,0.0683,0.1356,0.5059259259259259,0.3787709497206704,0.7019527235354573,0.5059701492537313,0.029315403068316148,0.2520745865384987,-0.11749908268650566,0.0016054030720933365,-0.03546273405660194,0.08469250366445602,human,human,human,human,0.22299999999999998,0.11900000000000001,0.051699999999999996,0.0522,0.0673,-0.1271549762052555,-0.19598257428172605,0.22275918347018253,0.119104485758599,0.12015523772105796,TRUE,TRUE,TRUE,TRUE,TRUE,FALSE,FALSE,FALSE,FALSE,same_ranking,FALSE
2332,North America,Cold_Without_dry_season_Warm_Summer,estimated,estimated,0.29,0.334,0.0569,0.0807,0.1754,0.1961,0.0576,0.0574,-0.1185,-0.1154,-0.4086206896551724,-0.3455089820359281,-0.5101162290142057,-0.4169075144508671,0.01855608538336284,0.06279222799460682,0.1635451974546137,0.19395493050831025,-0.0313858063297745,-0.0428382716076402,climate,climate,climate,climate,0.04400000000000004,0.023799999999999995,0.020699999999999996,-1.999999999999988e-4,0.0030999999999999917,0.06311170761924428,0.09320871456333862,0.04423614261124398,0.03040973305369654,-0.011452465277865698,TRUE,TRUE,TRUE,TRUE,TRUE,FALSE,FALSE,FALSE,FALSE,same_ranking,FALSE
1776,North America,Temperate_Without_dry_season,estimated,estimated,0.369,0.334,0.0224,-1e-4,0.2202,0.2144,0.1265,0.1196,-0.1978,-0.2145,-0.5360433604336043,-0.6422155688622754,-0.8153338829348722,-1,-0.02317107609578717,-0.058518138226597904,0.193476267010666,0.19250343746682097,0.096525771815546,0.09319513574622817,climate,climate,climate,climate,-0.034999999999999976,-0.0225,-0.0058,-0.006900000000000003,-0.016699999999999993,-0.10617220842867103,-0.1846661170651278,-0.035347062130810736,-9.72829543845033e-4,-0.003330636069317827,TRUE,TRUE,TRUE,TRUE,TRUE,FALSE,FALSE,FALSE,FALSE,same_ranking,FALSE
4092,Europe,Cold_Without_dry_season_Cold_Summer,estimated,estimated,0.538,0.506,0.1046,0.0308,0.2092,0.2253,0.2243,0.2502,-0.1046,-0.1945,-0.19442379182156133,-0.38438735177865613,-0.33333333333333337,-0.7594689574385006,0.00837962248706492,-0.0233386282906205,0.11067190400405602,0.1634589844173021,0.11908863251559998,0.19138913981838013,climate,climate,climate,climate,-0.03200000000000003,-0.0738,0.016100000000000003,0.02589999999999998,-0.08990000000000001,-0.1899635599570948,-0.42613562410516725,-0.03171825077768542,0.05278708041324609,0.07230050730278015,TRUE,TRUE,TRUE,TRUE,TRUE,FALSE,FALSE,FALSE,FALSE,same_ranking,FALSE
18110,North America,Cold_Without_dry_season_Warm_Summer,estimated,estimated,0.626,0.566,0.2311,0.1954,0.1905,0.1673,0.204,0.2031,0.0406,0.028099999999999986,0.06485623003194887,0.04964664310954062,0.09629981024667932,0.07747449682933549,0.06889683626370036,0.009101027678427798,0.06280723406982691,-0.00700658546018007,0.0713549674381343,0.04586201517206101,human,human,human,human,-0.06000000000000005,-0.03570000000000001,-0.0232,-8.999999999999841e-4,-0.012500000000000011,-0.015209586922408258,-0.018825313417343822,-0.05979580858527256,-0.06981381953000698,-0.025492952266073288,TRUE,TRUE,TRUE,TRUE,TRUE,FALSE,FALSE,FALSE,FALSE,same_ranking,FALSE
3839,North America,Cold_Without_dry_season_Warm_Summer,estimated,estimated,0.514,0.502,0.1408,0.1083,0.1116,0.0818,0.2611,0.3116,0.029200000000000004,0.026499999999999996,0.056809338521400785,0.05278884462151394,0.115689381933439,0.1394003156233561,0.03977164822360113,0.027965374594620118,0.12037438799704003,0.0633497232168665,0.1812683005511475,0.2848500365042935,human,human,human,human,-0.01200000000000001,-0.032500000000000015,-0.029800000000000007,0.05049999999999999,-0.002700000000000008,-0.004020493899886846,0.023710933689917113,-0.011806273628981012,-0.05702466478017354,0.10358173595314601,TRUE,TRUE,TRUE,TRUE,TRUE,FALSE,FALSE,FALSE,FALSE,same_ranking,FALSE
2048,North America,Cold_Without_dry_season_Warm_Summer,estimated,estimated,0.613,0.583,0.091,0.1434,0.2602,0.2293,0.2621,0.2106,-0.1692,-0.0859,-0.2760195758564437,-0.14734133790737566,-0.48177676537585423,-0.23048027904480814,0.021099627550411837,-0.008836422740231997,0.14505451431450067,0.1452964837533669,0.1063668424388986,0.06549659889232518,climate,climate,climate,climate,-0.030000000000000027,0.0524,-0.030899999999999983,-0.05149999999999999,0.08329999999999999,0.12867823794906805,0.25129648633104607,-0.029936050290643834,2.4196943886622968e-4,-0.040870243546573426,TRUE,TRUE,TRUE,TRUE,TRUE,FALSE,FALSE,FALSE,FALSE,same_ranking,FALSE
302,North America,Cold_Without_dry_season_Cold_Summer,estimated,estimated,0.461,0.426,-0.0039,0.0983,0.0273,-4e-4,0.4376,0.3276,-0.031200000000000002,0.0987,-0.06767895878524946,0.23169014084507042,-1,1,-0.005909375221858082,-0.04131793545184481,0.006625629924843612,-0.024135519591854337,0.4451932558324947,0.24977340311367424,climate,human,climate,human,-0.03500000000000003,0.1022,-0.027700000000000002,-0.10999999999999999,0.1299,0.2993690996303199,2,-0.03540856022998673,-0.03076114951669795,-0.19541985271882045,TRUE,TRUE,TRUE,TRUE,TRUE,FALSE,TRUE,TRUE,TRUE,ranking_reversal,TRUE
15103,Latin America,Temperate_Dry_Summer,estimated,estimated,0.547,0.541,-0.019,0.0012,0.2401,0.2275,0.3255,0.3122,-0.2591,-0.2263,-0.47367458866544787,-0.41829944547134934,-1,-0.989505902929602,-0.024139538801255966,-0.02981403170947572,-0.010888571748737585,0.0026110143549558096,0.08863416191259144,0.10076749476139013,climate,climate,climate,climate,-0.006000000000000005,0.0202,-0.0126,-0.013300000000000034,0.032799999999999996,0.05537514319409853,0.010494097070397945,-0.005674492908219753,0.013499586103693395,0.012133332848798695,TRUE,TRUE,TRUE,TRUE,TRUE,FALSE,FALSE,FALSE,FALSE,same_ranking,FALSE
1391,North America,Cold_Without_dry_season_Warm_Summer,missing_predictor_group,estimated,NA,0.389,NA,0.1479,NA,0.1412,NA,0.0997,NA,0.0067000000000000115,NA,0.017223650385604142,NA,0.023175371843652752,NA,0.12621969883216688,NA,-0.018648335848786224,NA,-0.034382381694729514,NA,human,NA,human,NA,NA,NA,NA,NA,NA,NA,NA,NA,NA,TRUE,TRUE,FALSE,TRUE,FALSE,TRUE,FALSE,FALSE,FALSE,gained_estimability,TRUE
208,North America,Polar,estimated,estimated,0.613,0.603,0.0047,0.0373,0.3596,0.3014,0.2486,0.2646,-0.3549,-0.2641,-0.5789559543230016,-0.4379767827529022,-0.974197090310184,-0.7797460879834662,-0.005242340003078216,-0.014876259355570465,0.2871435696207324,0.1568316309556429,0.1791824810989816,0.19719235801859947,climate,climate,climate,climate,-0.010000000000000009,0.0326,-0.058199999999999974,0.016000000000000014,0.09079999999999999,0.14097917157009943,0.19445100232671775,-0.009633919352492248,-0.1303119386650895,0.018009876919617862,TRUE,TRUE,TRUE,TRUE,TRUE,FALSE,FALSE,FALSE,FALSE,same_ranking,FALSE
24053,Europe,Cold_Without_dry_season_Cold_Summer,estimated,estimated,0.673,0.706,0.0346,0.0296,0.1426,0.1537,0.4963,0.5227,-0.10800000000000001,-0.1241,-0.16047548291233285,-0.17577903682719548,-0.6094808126410836,-0.6770321876704855,0.00395925234694805,0.03647739100049052,0.050912057615375095,0.046438926917190315,0.4239737960127249,0.4501812421697995,climate,climate,climate,climate,0.03299999999999992,-0.0049999999999999975,0.011099999999999999,0.026400000000000035,-0.01609999999999999,-0.015303553914862628,-0.0675513750294019,0.03251813865354247,-0.00447313069818478,0.0262074461570746,TRUE,TRUE,TRUE,TRUE,TRUE,FALSE,FALSE,FALSE,FALSE,same_ranking,FALSE
1862,North America,Cold_Without_dry_season_Warm_Summer,estimated,estimated,0.622,0.628,0.1055,0.065,0.3194,0.334,0.1974,0.2286,-0.21390000000000003,-0.269,-0.34389067524115763,-0.428343949044586,-0.5034125676629796,-0.6741854636591479,-0.011656483945307494,-0.006250681623575338,0.15836404029046602,0.09547595530487019,0.06039490331977637,0.03064297790711501,climate,climate,climate,climate,0.006000000000000005,-0.040499999999999994,0.014600000000000002,0.031200000000000006,-0.05509999999999998,-0.08445327380342837,-0.1707728959961683,0.005405802321732156,-0.06288808498559584,-0.029751925412661362,TRUE,TRUE,TRUE,TRUE,TRUE,FALSE,FALSE,FALSE,FALSE,same_ranking,FALSE
15244,North America,Cold_Without_dry_season_Hot_Summer,estimated,estimated,0.517,0.401,0.1606,0.0902,0.1911,0.1663,0.1651,0.1442,-0.0305,-0.0761,-0.05899419729206963,-0.18977556109725685,-0.08672163775945407,-0.29668615984405455,0.18987358267240573,0.07373719211081509,0.09643511981186426,0.06987726107028103,0.14275797556842185,0.12382460037650822,climate,climate,climate,climate,-0.11599999999999999,-0.07039999999999999,-0.02479999999999999,-0.020900000000000002,-0.0456,-0.13078136380518723,-0.20996452208460048,-0.11613639056159064,-0.02655785874158323,-0.018933375191913626,TRUE,TRUE,TRUE,TRUE,TRUE,FALSE,FALSE,FALSE,FALSE,same_ranking,FALSE
2297,North America,Polar,estimated,estimated,0.564,0.687,0.0235,0.1039,0.2728,0.3088,0.2677,0.274,-0.2493,-0.20490000000000003,-0.4420212765957447,-0.2982532751091703,-0.8413769827877151,-0.49648655197480013,0.023013208825819365,0.14565740128060323,0.07782031921169608,0.15647136976229403,0.07581302128270517,0.09509288205216959,climate,climate,climate,climate,0.12300000000000011,0.0804,0.03600000000000003,0.006300000000000028,0.04439999999999997,0.14376800148657437,0.344890430812915,0.12264419245478386,0.07865105055059796,0.01927986076946442,TRUE,TRUE,TRUE,TRUE,TRUE,FALSE,FALSE,FALSE,FALSE,same_ranking,FALSE
1883,North America,Cold_Without_dry_season_Warm_Summer,estimated,estimated,0.659,0.724,0.0073,0.0999,0.4502,0.4232,0.2011,0.201,-0.4429,-0.32330000000000003,-0.6720789074355084,-0.4465469613259669,-0.9680874316939891,-0.6180462626648825,-0.019397830587597253,0.04604225835357223,0.22688068624422442,0.23174901756922517,-0.018389891925036483,0.040262970752957594,climate,climate,climate,climate,0.06499999999999995,0.0926,-0.02699999999999997,-9.999999999998899e-5,0.11959999999999998,0.22553194610954147,0.35004116902910665,0.06544008894116948,0.004868331325000752,0.05865286267799408,TRUE,TRUE,TRUE,TRUE,TRUE,FALSE,FALSE,FALSE,FALSE,same_ranking,FALSE
3149,North America,Cold_Without_dry_season_Cold_Summer,missing_predictor_group,estimated,NA,0.565,NA,0.0969,NA,0.1773,NA,0.2904,NA,-0.08040000000000001,NA,-0.14230088495575224,NA,-0.2932166301969366,NA,0.03512919035295459,NA,0.05616811364197427,NA,0.11840249406970771,NA,climate,NA,climate,NA,NA,NA,NA,NA,NA,NA,NA,NA,NA,TRUE,TRUE,FALSE,TRUE,FALSE,TRUE,FALSE,FALSE,FALSE,gained_estimability,TRUE
701,North America,Cold_Without_dry_season_Cold_Summer,estimated,estimated,0.463,0.409,0.2066,0.153,0.1391,0.1426,0.1175,0.1132,0.0675,0.010399999999999993,0.14578833693304535,0.02542787286063568,0.19525600231414522,0.03518267929634639,0.2658733616543092,0.2115367355345149,0.06427394014023524,0.05975032247767986,0.02671236703712876,0.006539741822484846,human,human,human,human,-0.05400000000000005,-0.05360000000000001,0.003500000000000003,-0.004299999999999998,-0.05710000000000001,-0.12036046407240968,-0.16007332301779884,-0.054336626119794285,-0.004523617662555379,-0.020172625214643913,TRUE,TRUE,TRUE,TRUE,TRUE,FALSE,FALSE,FALSE,FALSE,same_ranking,FALSE
3840,North America,Temperate_Without_dry_season,estimated,estimated,0.287,0.295,0.02,0.0802,0.011,-0.0035,0.2561,0.2183,0.009000000000000001,0.0837,0.03135888501742161,0.28372881355932206,0.2903225806451613,1,-0.008626817426648836,-6.695611450479033e-4,-0.06752030075062543,-0.04515842293088601,0.17991658151475287,0.15567211456233154,human,human,human,human,0.008000000000000007,0.06019999999999999,-0.014499999999999999,-0.0378,0.07469999999999999,0.25236992854190043,0.7096774193548387,0.007957256281600933,0.022361877819739417,-0.02424446695242133,TRUE,TRUE,TRUE,TRUE,TRUE,FALSE,FALSE,FALSE,FALSE,same_ranking,FALSE
20223,Europe,Cold_Without_dry_season_Warm_Summer,estimated,estimated,0.313,0.425,-0.0333,0.012,0.0859,0.118,0.2602,0.295,-0.1192,-0.106,-0.38083067092651757,-0.24941176470588236,-1,-0.8153846153846154,-0.055965181633570116,0.056234465964824176,-0.020507274181605695,0.10127857684589692,0.1423834288527004,0.26957660560741303,climate,climate,climate,climate,0.11199999999999999,0.04530000000000001,0.03209999999999999,0.0348,0.013200000000000003,0.1314189062206352,0.18461538461538463,0.11219964759839429,0.12178585102750261,0.12719317675471264,TRUE,TRUE,TRUE,TRUE,TRUE,FALSE,FALSE,FALSE,FALSE,same_ranking,FALSE
42649,Europe,Temperate_Without_dry_season,estimated,estimated,0.562,0.526,0.0927,0.1065,0.3395,0.2916,0.1301,0.1283,-0.24680000000000002,-0.18510000000000004,-0.4391459074733096,-0.3519011406844107,-0.5710319296621934,-0.464958553127355,0.12883751073155725,0.09297942455083474,0.2515410915127583,0.16275761626980834,-0.01825556779277937,-0.014904234075451384,climate,climate,climate,climate,-0.03600000000000003,0.013799999999999993,-0.0479,-0.001799999999999996,0.06169999999999998,0.08724476678889892,0.10607337653483839,-0.035858086180722504,-0.08878347524294994,0.0033513337173279867,TRUE,TRUE,TRUE,TRUE,TRUE,FALSE,FALSE,FALSE,FALSE,same_ranking,FALSE
2324,North America,Cold_Without_dry_season_Cold_Summer,estimated,estimated,0.714,0.706,0.1181,0.0385,0.4405,0.4559,0.1556,0.2112,-0.3224,-0.41740000000000005,-0.45154061624649866,-0.5912181303116149,-0.5771571786609381,-0.8442556634304208,-0.018122386697215,-0.026727966812961523,0.27240729191470636,0.1895392206818748,-0.026739110695480628,-0.029212210794741456,climate,climate,climate,climate,-0.008000000000000007,-0.0796,0.015400000000000025,0.05560000000000001,-0.09500000000000003,-0.1396775140651162,-0.2670984847694827,-0.008605580115746525,-0.08286807123283157,-0.0024731000992608276,TRUE,TRUE,TRUE,TRUE,TRUE,FALSE,FALSE,FALSE,FALSE,same_ranking,FALSE
1698,North America,Cold_Without_dry_season_Warm_Summer,estimated,estimated,0.239,0.29,0.0621,0.105,0.0518,0.0651,0.1249,0.1201,0.010300000000000004,0.03989999999999999,0.04309623430962345,0.1375862068965517,0.0904302019315189,0.23456790123456786,-0.06079807143195437,-0.00934679659844817,-0.012099506631712886,0.03892601045349042,0.015086158492173984,0.02980069402933838,human,human,human,human,0.05099999999999999,0.042899999999999994,0.013300000000000006,-0.004799999999999999,0.029599999999999987,0.09448997258692826,0.14413769930304896,0.0514512748335062,0.05102551708520331,0.014714535537164397,TRUE,TRUE,TRUE,TRUE,TRUE,FALSE,FALSE,FALSE,FALSE,same_ranking,FALSE
15081,North America,Temperate_Without_dry_season,estimated,estimated,0.627,0.654,0.2542,0.2918,0.1082,0.101,0.2647,0.2615,0.14599999999999996,0.1908,0.23285486443381173,0.291743119266055,0.40286975717439283,0.4857433808553971,0.08938804054414784,0.11657283578438316,0.02244810268710573,-0.014073403965743636,0.07754940161916224,0.048994604988434776,human,human,human,human,0.027000000000000024,0.03760000000000002,-0.007199999999999998,-0.0031999999999999806,0.044800000000000034,0.058888254832243275,0.08287362368100426,0.027184795240235315,-0.03652150665284937,-0.028554796630727464,TRUE,TRUE,TRUE,TRUE,TRUE,FALSE,FALSE,FALSE,FALSE,same_ranking,FALSE
16217,Europe,Temperate_Without_dry_season,estimated,estimated,0.589,0.575,0.0972,0.1042,0.184,0.1803,0.3079,0.29,-0.0868,-0.07609999999999999,-0.1473684210526316,-0.1323478260869565,-0.30867709815078237,-0.26748681898066784,-0.025225731643106264,-0.03973940637733686,0.1547919183199814,0.14472710587135273,0.20986023706095558,0.17143440204588223,climate,climate,climate,climate,-0.014000000000000012,0.007000000000000006,-0.003700000000000009,-0.017900000000000027,0.010700000000000015,0.015020594965675094,0.04119027917011453,-0.014513674734230597,-0.010064812448628668,-0.03842583501507335,TRUE,TRUE,TRUE,TRUE,TRUE,FALSE,FALSE,FALSE,FALSE,same_ranking,FALSE
41016,North America,Cold_Without_dry_season_Hot_Summer,estimated,estimated,0.714,0.661,0.1462,0.1847,0.3059,0.2666,0.2616,0.2101,-0.1597,-0.0819,-0.22366946778711486,-0.12390317700453857,-0.35324043353240436,-0.18147573676046974,0.13174226211719964,0.07933509779932724,-0.0017964289283435297,7.750660070177107e-4,0.011120574214722123,-0.010645536797487698,climate,climate,climate,climate,-0.052999999999999936,0.038500000000000006,-0.0393,-0.05149999999999999,0.07780000000000001,0.09976629078257629,0.17176469677193462,-0.0524071643178724,0.0025714949353612404,-0.02176611101220982,TRUE,TRUE,TRUE,TRUE,TRUE,FALSE,FALSE,FALSE,FALSE,same_ranking,FALSE
21772,North America,Temperate_Without_dry_season,estimated,estimated,0.324,0.343,0.0742,0.0882,0.0213,-0.0093,0.2284,0.2639,0.0529,0.0975,0.16327160493827161,0.28425655976676384,0.5539267015706807,1,-0.00941374883172652,0.009546483183641152,0.04434602614443084,-0.007344440607160996,0.14892487833295398,0.22949885954019134,human,human,human,human,0.019000000000000017,0.013999999999999999,-0.0306,0.03550000000000003,0.0446,0.12098495482849222,0.4460732984293193,0.018960232015367673,-0.051690466751591835,0.08057398120723736,TRUE,TRUE,TRUE,TRUE,TRUE,FALSE,FALSE,FALSE,FALSE,same_ranking,FALSE
45731,Europe,Cold_Dry_Summer,insufficient_unique_ages,insufficient_unique_ages,NA,NA,NA,NA,NA,NA,NA,NA,NA,NA,NA,NA,NA,NA,NA,NA,NA,NA,NA,NA,NA,NA,NA,NA,NA,NA,NA,NA,NA,NA,NA,NA,NA,NA,TRUE,TRUE,FALSE,FALSE,FALSE,FALSE,FALSE,FALSE,FALSE,not_estimable_at_either_radius,FALSE
41448,Europe,Cold_Without_dry_season_Cold_Summer,estimated,estimated,0.346,0.524,0.0568,0.1556,0.0786,0.1265,0.211,0.2416,-0.0218,0.029099999999999987,-0.06300578034682082,0.055534351145038144,-0.1610044313146233,0.10315490960652246,0.011483134961904784,0.18878365139095432,-0.06240706842646426,0.03733472387103953,0.12766547693942154,0.1927735934190511,climate,human,climate,human,0.17800000000000005,0.09879999999999999,0.0479,0.030600000000000016,0.05089999999999999,0.11854013149185896,0.2641593409211458,0.17730051642904954,0.0997417922975038,0.06510811647962955,TRUE,TRUE,TRUE,TRUE,TRUE,FALSE,TRUE,TRUE,TRUE,ranking_reversal,TRUE
1571,North America,Cold_Without_dry_season_Warm_Summer,estimated,estimated,0.401,0.357,0.0296,0.1029,0.1151,0.0944,0.2559,0.1595,-0.08549999999999999,0.008500000000000008,-0.213216957605985,0.023809523809523832,-0.5908776779543884,0.04308160162189563,-0.02406763055811023,-0.06792157455867143,0.09081923261041502,0.030652684018791287,0.21468409346899675,0.0028525244024676377,climate,human,climate,human,-0.04400000000000004,0.0733,-0.020699999999999996,-0.09640000000000001,0.094,0.23702648141550883,0.6339592795762841,-0.043853944000561196,-0.060166548591623736,-0.2118315690665291,TRUE,TRUE,TRUE,TRUE,TRUE,FALSE,TRUE,TRUE,TRUE,ranking_reversal,TRUE
24861,Europe,Temperate_Without_dry_season,estimated,estimated,0.459,0.496,-0.0041,0.0531,0.3146,0.3071,0.1482,0.1354,-0.3187,-0.254,-0.6943355119825707,-0.5120967741935484,-1,-0.7051637978900611,-0.013960848909550516,0.022943574352488616,0.14980224097200356,0.19121498609554943,-0.007803414134576636,0.02320106082545026,climate,climate,climate,climate,0.03699999999999998,0.0572,-0.007500000000000007,-0.012800000000000006,0.06469999999999998,0.18223873778902233,0.2948362021099389,0.03690442326203913,0.04141274512354587,0.031004474960026895,TRUE,TRUE,TRUE,TRUE,TRUE,FALSE,FALSE,FALSE,FALSE,same_ranking,FALSE
21895,Latin America,Tropical,missing_predictor_group,estimated,NA,0.222,NA,-0.0108,NA,0.149,NA,0.0841,NA,-0.1598,NA,-0.7198198198198198,NA,-1,NA,-0.07620405013214171,NA,0.019900469634046125,NA,-0.010902165824369203,NA,climate,NA,climate,NA,NA,NA,NA,NA,NA,NA,NA,NA,NA,TRUE,TRUE,FALSE,TRUE,FALSE,TRUE,FALSE,FALSE,FALSE,gained_estimability,TRUE
22656,Europe,Cold_Without_dry_season_Warm_Summer,estimated,estimated,0.559,0.575,0.0334,0.0559,0.1955,0.2116,0.3298,0.3079,-0.16210000000000002,-0.1557,-0.2899821109123435,-0.2707826086956522,-0.708169506334644,-0.5820560747663551,-0.014588205411178223,0.002008688848173068,-0.01571552104933982,-0.0215363708459978,0.14736061400142386,0.0654537316588577,climate,climate,climate,climate,0.015999999999999903,0.0225,0.016100000000000003,-0.021899999999999975,0.006400000000000017,0.01919950221669131,0.12611343156828891,0.01659689425935129,-0.005820849796657979,-0.08190688234256616,TRUE,TRUE,TRUE,TRUE,TRUE,FALSE,FALSE,FALSE,FALSE,same_ranking,FALSE
2661,North America,Cold_Without_dry_season_Cold_Summer,estimated,estimated,0.336,0.343,-0.066,0.0118,0.2958,0.2537,0.1058,0.0776,-0.3618,-0.24189999999999998,-1.0767857142857142,-0.7052478134110786,-1,-0.9111111111111112,-0.06892445156364091,-0.061449282435243946,0.254282864269306,0.20325145693319924,0.06513287629858466,0.04215064406607827,climate,climate,climate,climate,0.007000000000000006,0.07780000000000001,-0.042100000000000026,-0.028200000000000003,0.11990000000000003,0.3715379008746357,0.0888888888888888,0.0074751691283969635,-0.05103140733610678,-0.022982232232506394,TRUE,TRUE,TRUE,TRUE,TRUE,FALSE,FALSE,FALSE,FALSE,same_ranking,FALSE
47604,Europe,Polar,estimated,estimated,0.709,0.71,-0.0011,-0.0028,0.2444,0.255,0.4652,0.4573,-0.2455,-0.25780000000000003,-0.346262341325811,-0.36309859154929586,-1,-1,-0.025589489268873278,-0.024553479859791283,0.048236534755485505,0.031392732860200834,0.2881321745991914,0.23426703963778162,climate,climate,climate,climate,0.0010000000000000009,-0.0017,0.010599999999999998,-0.007900000000000018,-0.012300000000000033,-0.01683625022348484,0,0.001036009409081995,-0.01684380189528467,-0.053865134961409766,TRUE,TRUE,TRUE,TRUE,TRUE,FALSE,FALSE,FALSE,FALSE,same_ranking,FALSE
1617,North America,Cold_Without_dry_season_Cold_Summer,missing_predictor_group,estimated,NA,0.433,NA,-3e-4,NA,0.2392,NA,0.1939,NA,-0.2395,NA,-0.5531177829099307,NA,-1,NA,-0.015654690782822223,NA,0.19508132223615882,NA,0.15473613431665134,NA,climate,NA,climate,NA,NA,NA,NA,NA,NA,NA,NA,NA,NA,TRUE,TRUE,FALSE,TRUE,FALSE,TRUE,FALSE,FALSE,FALSE,gained_estimability,TRUE
48960,Europe,Temperate_Without_dry_season,estimated,estimated,0.404,0.378,0.0017,-0.003,0.1564,0.1497,0.246,0.2318,-0.1547,-0.1527,-0.38292079207920793,-0.403968253968254,-0.9784946236559139,-1,-0.014380204877308289,-0.040007796786068806,0.044007161067922906,0.01817628141908445,0.15014645555623818,0.10921053564836991,climate,climate,climate,climate,-0.026000000000000023,-0.0047,-0.0067000000000000115,-0.01419999999999999,0.0020000000000000018,-0.02104746188904605,-0.021505376344086113,-0.025627591908760516,-0.025830879648838456,-0.04093591990786827,TRUE,TRUE,TRUE,TRUE,TRUE,FALSE,FALSE,FALSE,FALSE,same_ranking,FALSE
22944,Europe,Cold_Without_dry_season_Warm_Summer,estimated,estimated,0.295,0.096,0.1016,-0.0419,-0.1151,-0.1701,0.3086,0.308,0.2167,0.1282,0.7345762711864408,1.3354166666666667,1,NA,0.12763807353180823,-0.07138326696706243,-0.12234673343589098,-0.2375974340713416,0.27380006814556146,0.26728807925577636,human,human,human,NA,-0.19899999999999998,-0.1435,-0.05500000000000001,-5.999999999999894e-4,-0.0885,0.6008403954802259,NA,-0.19902134049887066,-0.11525070063545062,-0.006511988889785103,TRUE,TRUE,TRUE,TRUE,TRUE,FALSE,FALSE,FALSE,FALSE,same_ranking,FALSE
346,North America,Cold_Without_dry_season_Warm_Summer,estimated,estimated,0.485,0.379,0.1191,0.0899,0.1402,0.088,0.2257,0.2013,-0.021099999999999994,0.001899999999999999,-0.043505154639175245,0.0050131926121372,-0.0813729271114539,0.010680157391793135,0.13275230586435172,0.027035289677976304,0.006416092364796344,-0.06552549749294279,0.05261230706947895,0.036480784859105664,climate,human,climate,human,-0.10599999999999998,-0.029200000000000004,-0.052199999999999996,-0.024400000000000005,0.022999999999999993,0.048518347251312446,0.09205308450324703,-0.10571701618637541,-0.07194158985773913,-0.016131522210373284,TRUE,TRUE,TRUE,TRUE,TRUE,FALSE,TRUE,TRUE,TRUE,ranking_reversal,TRUE
15762,North America,Cold_Dry_Summer,estimated,estimated,0.038,0.017,-0.0212,-0.0251,0.0336,0.0339,0.026,0.0084,-0.0548,-0.059,-1.4421052631578948,-3.4705882352941173,-1,-1,-0.08582950634121422,-0.1069861907771914,-0.05964577937671989,-0.027829723858691313,-0.06767077380002273,-0.07165981541934563,climate,climate,climate,climate,-0.020999999999999998,-0.0039000000000000007,3.0000000000000165e-4,-0.017599999999999998,-0.004199999999999995,-2.0284829721362225,0,-0.02115668443597718,0.031816055518028574,-0.003989041619322897,TRUE,TRUE,TRUE,TRUE,TRUE,FALSE,FALSE,FALSE,FALSE,same_ranking,FALSE
2629,North America,Cold_Without_dry_season_Warm_Summer,estimated,estimated,0.279,0.303,0.0185,0.0399,0.0798,0.0899,0.1805,0.1732,-0.06129999999999999,-0.049999999999999996,-0.21971326164874547,-0.16501650165016502,-0.6236012207527974,-0.38520801232665636,0.008809762850624736,0.03307459351509834,0.10873108095943462,0.1256821023436545,0.23817664789174142,0.2203068933202078,climate,climate,climate,climate,0.023999999999999966,0.0214,0.010099999999999998,-0.007300000000000001,0.011299999999999998,0.05469675999858045,0.2383932084261411,0.024264830664473602,0.01695102138421989,-0.017869754571533614,TRUE,TRUE,TRUE,TRUE,TRUE,FALSE,FALSE,FALSE,FALSE,same_ranking,FALSE
17419,North America,Cold_Without_dry_season_Cold_Summer,estimated,estimated,0.147,0.175,0.0194,0.0397,0.0294,0.029,0.0983,0.1065,-0.009999999999999998,0.010699999999999998,-0.06802721088435373,0.06114285714285713,-0.20491803278688522,0.15574963609898104,0.002891174597597801,0.03091144037209914,-0.07788518092170071,-0.07481225843272965,-0.041782121054321775,-0.021354563657652648,climate,human,climate,human,0.027999999999999997,0.0203,-3.999999999999976e-4,0.008199999999999999,0.020699999999999996,0.12917006802721087,0.36066766888586627,0.02802026577450134,0.003072922488971064,0.020427557396669127,TRUE,TRUE,TRUE,TRUE,TRUE,FALSE,TRUE,TRUE,TRUE,ranking_reversal,TRUE
3043,Oceania,Temperate_Without_dry_season,estimated,estimated,0.58,0.719,-0.0026,0.1161,0.3343,0.3635,0.2479,0.2389,-0.3369,-0.2474,-0.5808620689655173,-0.3440890125173853,-1,-0.5158465387823187,0.01789801309983674,0.15675706369865539,0.16049005271901728,0.26335450346347644,-0.002829736044120512,0.023486348984403382,climate,climate,climate,climate,0.139,0.1187,0.029200000000000004,-0.009000000000000008,0.08949999999999997,0.236773056448132,0.4841534612176813,0.13885905059881865,0.10286445074445916,0.026316085028523895,TRUE,TRUE,TRUE,TRUE,TRUE,FALSE,FALSE,FALSE,FALSE,same_ranking,FALSE
3884,Europe,Temperate_Without_dry_season,insufficient_residual_df,insufficient_residual_df,NA,NA,NA,NA,NA,NA,NA,NA,NA,NA,NA,NA,NA,NA,NA,NA,NA,NA,NA,NA,NA,NA,NA,NA,NA,NA,NA,NA,NA,NA,NA,NA,NA,NA,TRUE,TRUE,FALSE,FALSE,FALSE,FALSE,FALSE,FALSE,FALSE,not_estimable_at_either_radius,FALSE
45391,Europe,Cold_Without_dry_season_Warm_Summer,missing_predictor_group,estimated,NA,0.47,NA,0.0263,NA,0.2964,NA,0.1476,NA,-0.2701,NA,-0.5746808510638298,NA,-0.8370003098853425,NA,0.004479242458568566,NA,0.323710188844335,NA,0.13147538357029465,NA,climate,NA,climate,NA,NA,NA,NA,NA,NA,NA,NA,NA,NA,TRUE,TRUE,FALSE,TRUE,FALSE,TRUE,FALSE,FALSE,FALSE,gained_estimability,TRUE
40951,Europe,Cold_Without_dry_season_Warm_Summer,estimated,estimated,0.271,0.272,-0.0107,0.0121,0.0763,0.0783,0.2055,0.1812,-0.08700000000000001,-0.0662,-0.3210332103321033,-0.24338235294117644,-1,-0.7323008849557522,-0.055004901572398346,-0.05446675568793358,-0.07418618568861657,-0.09092652948179036,0.0411010553999519,-0.02842460972186367,climate,climate,climate,climate,0.0010000000000000009,0.0228,0.001999999999999988,-0.02429999999999999,0.020800000000000013,0.07765085739092686,0.2676991150442478,5.381458844647691e-4,-0.016740343793173795,-0.06952566512181557,TRUE,TRUE,TRUE,TRUE,TRUE,FALSE,FALSE,FALSE,FALSE,same_ranking,FALSE
22966,Europe,Cold_Without_dry_season_Warm_Summer,estimated,estimated,0.604,0.57,0.0368,0.0465,0.3031,0.2679,0.2639,0.256,-0.2663,-0.22140000000000004,-0.44089403973509933,-0.38842105263157906,-0.783465725213298,-0.7041984732824429,0.03978074362038575,0.006347874800262554,0.16310679487929092,0.05059464382422407,0.146504986808906,0.08849647968666774,climate,climate,climate,climate,-0.03400000000000003,0.0097,-0.035199999999999954,-0.007900000000000018,0.04489999999999994,0.052472987103520274,0.07926725193085515,-0.033432868820123196,-0.11251215105506684,-0.05800850712223826,TRUE,TRUE,TRUE,TRUE,TRUE,FALSE,FALSE,FALSE,FALSE,same_ranking,FALSE
3035,North America,Cold_Without_dry_season_Warm_Summer,estimated,estimated,0.608,0.599,0.2244,0.1869,0.2589,0.2892,0.1248,0.1226,-0.03450000000000003,-0.1023,-0.05674342105263163,-0.17078464106844743,-0.07138423339540664,-0.2148708254568368,0.05422483028446812,0.04473156956522473,0.06484062985874661,0.13483574525251862,0.028832617909765323,0.033709470371831696,climate,climate,climate,climate,-0.009000000000000008,-0.03749999999999998,0.030299999999999994,-0.0021999999999999936,-0.06779999999999997,-0.11404122001581579,-0.14348659206143016,-0.00949326071924339,0.06999511539377201,0.004876852462066372,TRUE,TRUE,TRUE,TRUE,TRUE,FALSE,FALSE,FALSE,FALSE,same_ranking,FALSE
47110,Oceania,Temperate_Without_dry_season,estimated,estimated,0.418,0.447,-0.058,-0.0184,0.1759,0.1658,0.3001,0.2993,-0.2339,-0.1842,-0.5595693779904306,-0.41208053691275165,-1,-1,-0.05973478024473433,-0.03100891373453818,-0.05036558908845823,-0.07118912700038149,0.09574909646196161,0.0936649561532149,climate,climate,climate,climate,0.029000000000000026,0.0396,-0.010099999999999998,-7.999999999999674e-4,0.049699999999999994,0.14748884107767896,0,0.028725866510196152,-0.020823537911923262,-0.002084140308746707,TRUE,TRUE,TRUE,TRUE,TRUE,FALSE,FALSE,FALSE,FALSE,same_ranking,FALSE
1154,Latin America,Temperate_Dry_Winter,missing_predictor_group,estimated,NA,0.708,NA,0.1604,NA,0.2877,NA,0.2601,NA,-0.12730000000000002,NA,-0.17980225988700568,NA,-0.2840883731309976,NA,0.12815770325012255,NA,0.23388664244091817,NA,0.24029656664727994,NA,climate,NA,climate,NA,NA,NA,NA,NA,NA,NA,NA,NA,NA,TRUE,TRUE,FALSE,TRUE,FALSE,TRUE,FALSE,FALSE,FALSE,gained_estimability,TRUE
47555,North America,Temperate_Without_dry_season,estimated,estimated,0.342,0.364,0.1347,0.1688,-0.0496,-0.0474,0.2571,0.2427,0.1843,0.2162,0.5388888888888889,0.593956043956044,1,1,0.04622592863208608,0.06819185323050958,-0.03728195376110177,-0.01497658162247506,0.16858990684282327,0.15779431375986563,human,human,human,human,0.021999999999999964,0.03410000000000002,0.0022000000000000006,-0.014399999999999996,0.03190000000000001,0.055067155067155094,0,0.021965924598423503,0.02230537213862671,-0.010795593082957633,TRUE,TRUE,TRUE,TRUE,TRUE,FALSE,FALSE,FALSE,FALSE,same_ranking,FALSE
527,North America,Cold_Dry_Summer,estimated,estimated,0.424,0.365,0.1286,0.093,0.1284,0.1106,0.1666,0.1612,2.0000000000000573e-4,-0.017600000000000005,4.7169811320756067e-4,-0.048219178082191796,7.782101167315398e-4,-0.0864440078585462,-6.86029720682324e-5,-0.058829402111231444,-0.014339294765667865,-0.06696813231214027,0.0030517731278649762,-0.02474367058945015,human,climate,human,climate,-0.059,-0.03559999999999999,-0.017799999999999983,-0.005399999999999988,-0.01780000000000001,-0.04869087619539936,-0.08722221797527774,-0.05876079913916321,-0.05262883754647241,-0.027795443717315127,TRUE,TRUE,TRUE,TRUE,TRUE,FALSE,TRUE,TRUE,TRUE,ranking_reversal,TRUE
46280,Europe,Cold_Without_dry_season_Warm_Summer,estimated,estimated,0.113,0.154,0.0313,0.0538,-0.0135,-7e-4,0.0957,0.1005,0.0448,0.0545,0.39646017699115044,0.3538961038961039,1,1,-0.03216769495570726,0.007938383582515529,-0.10223500119170026,-0.08966630737403802,0.05749982782342766,0.05408318210685248,human,human,human,human,0.040999999999999995,0.0225,0.0128,0.004800000000000013,0.0097,-0.04256407309504656,0,0.04010607853822279,0.012568693817662235,-0.003416645716575184,TRUE,TRUE,TRUE,TRUE,TRUE,FALSE,FALSE,FALSE,FALSE,same_ranking,FALSE
21913,Latin America,Tropical,missing_predictor_group,estimated,NA,0.776,NA,0.1788,NA,0.2875,NA,0.3095,NA,-0.10869999999999999,NA,-0.14007731958762884,NA,-0.2331117306455072,NA,0.05916299494539734,NA,0.33507164741524087,NA,0.2949670347751855,NA,climate,NA,climate,NA,NA,NA,NA,NA,NA,NA,NA,NA,NA,TRUE,TRUE,FALSE,TRUE,FALSE,TRUE,FALSE,FALSE,FALSE,gained_estimability,TRUE
971,North America,Cold_Without_dry_season_Warm_Summer,estimated,estimated,0.336,0.297,0.0737,0.0891,0.1034,0.0793,0.1586,0.1282,-0.029700000000000004,0.009800000000000003,-0.08839285714285715,0.03299663299663301,-0.16770186335403728,0.05819477434679337,0.01739092728633318,-0.021782963750463402,-0.03175773698252171,-0.06010498761537941,-0.012058346932923292,-0.05302667534567118,climate,human,climate,human,-0.039000000000000035,0.015399999999999997,-0.02410000000000001,-0.030399999999999983,0.03950000000000001,0.12138949013949016,0.22589663770083065,-0.03917389103679658,-0.0283472506328577,-0.04096832841274789,TRUE,TRUE,TRUE,TRUE,TRUE,FALSE,TRUE,TRUE,TRUE,ranking_reversal,TRUE
4184,Europe,Cold_Dry_Summer,insufficient_unique_ages,insufficient_unique_ages,NA,NA,NA,NA,NA,NA,NA,NA,NA,NA,NA,NA,NA,NA,NA,NA,NA,NA,NA,NA,NA,NA,NA,NA,NA,NA,NA,NA,NA,NA,NA,NA,NA,NA,TRUE,TRUE,FALSE,FALSE,FALSE,FALSE,FALSE,FALSE,FALSE,not_estimable_at_either_radius,FALSE
844,North America,Cold_Without_dry_season_Cold_Summer,estimated,estimated,0.096,0.142,-0.0081,0.0095,-0.0454,-0.0606,0.1498,0.1933,0.0373,0.0701,0.3885416666666667,0.4936619718309859,NA,1,-0.06462900111957304,-0.01876749859094795,-0.09849369859638857,-0.12128183416546001,0.05761269605453334,0.15248105275824608,human,human,NA,human,0.045999999999999985,0.017599999999999998,-0.015199999999999998,0.04350000000000001,0.032799999999999996,0.10512030516431925,NA,0.04586150252862509,-0.022788135569071444,0.09486835670371274,TRUE,TRUE,TRUE,TRUE,TRUE,FALSE,FALSE,FALSE,FALSE,same_ranking,FALSE
1440,Europe,Arid,estimated,estimated,0.335,0.254,0.0145,0.0022,0.1602,0.1061,0.1603,0.1456,-0.1457,-0.1039,-0.43492537313432833,-0.40905511811023626,-0.8340011448196908,-0.9593721144967684,0.061134603564337864,-0.020065942462733077,0.028927100428323915,-0.0994131898521422,0.022883508702111532,-0.026733496279940816,climate,climate,climate,climate,-0.08100000000000002,-0.0123,-0.05410000000000001,-0.01469999999999999,0.04179999999999999,0.02587025502409207,-0.12537096967707761,-0.08120054602707094,-0.12834029028046612,-0.04961700498205235,TRUE,TRUE,TRUE,TRUE,TRUE,FALSE,FALSE,FALSE,FALSE,same_ranking,FALSE
45319,Europe,Arid,estimated,estimated,0.359,0.324,-0.0346,-0.0238,0.2138,0.1788,0.18,0.1694,-0.24839999999999998,-0.2026,-0.6919220055710306,-0.6253086419753087,-1,-1,1.8140142184253083e-4,-0.03454990106886202,0.09608650166204413,0.010238428279928602,0.06120554395914424,0.024073050877594926,climate,climate,climate,climate,-0.034999999999999976,0.010799999999999997,-0.035,-0.010599999999999998,0.04579999999999998,0.0666133635957219,0,-0.03473130249070455,-0.08584807338211553,-0.03713249308154931,TRUE,TRUE,TRUE,TRUE,TRUE,FALSE,FALSE,FALSE,FALSE,same_ranking,FALSE
45320,Europe,Arid,estimated,estimated,0.374,0.354,-0.057,-0.0387,0.2301,0.1795,0.201,0.2128,-0.2871,-0.2182,-0.7676470588235295,-0.6163841807909605,-1,-1,-0.058676028277708236,-0.0791875395478211,0.051118458237428,-0.06044789130429806,0.02550204041212467,0.03874384924134133,climate,climate,climate,climate,-0.020000000000000018,0.018300000000000004,-0.050600000000000006,0.011799999999999977,0.06890000000000002,0.151262878032569,0,-0.02051151127011286,-0.11156634954172606,0.013241808829216661,TRUE,TRUE,TRUE,TRUE,TRUE,FALSE,FALSE,FALSE,FALSE,same_ranking,FALSE
48816,North America,Cold_Without_dry_season_Warm_Summer,estimated,estimated,0.496,0.393,0.109,0.0851,0.0805,0.0666,0.306,0.2417,0.028499999999999998,0.01849999999999999,0.057459677419354836,0.04707379134860048,0.15039577836411608,0.12195121951219505,0.17123544985994676,0.069138923157679,0.026192479591745088,-0.01960519320688503,0.307312508948387,0.16082058076732264,human,human,human,human,-0.10299999999999998,-0.023900000000000005,-0.013899999999999996,-0.0643,-0.010000000000000009,-0.010385886070754358,-0.02844455885192103,-0.10209652670226776,-0.04579767279863012,-0.14649192818106438,TRUE,TRUE,TRUE,TRUE,TRUE,FALSE,FALSE,FALSE,FALSE,same_ranking,FALSE
42683,Europe,Cold_Without_dry_season_Warm_Summer,estimated,estimated,0.465,0.491,-0.0255,0.0023,0.227,0.2275,0.2636,0.2614,-0.2525,-0.2252,-0.543010752688172,-0.45865580448065174,-1,-0.9799825935596171,-0.028583156067836568,-0.002462670910769127,-0.0184237378669736,-9.094544339999233e-4,0.015846962658414454,0.02791839807074581,climate,climate,climate,climate,0.025999999999999968,0.0278,5.000000000000004e-4,-0.0021999999999999797,0.02729999999999999,0.08435494820752026,0.020017406440382857,0.02612048515706744,0.017514283432973676,0.012071435412331355,TRUE,TRUE,TRUE,TRUE,TRUE,FALSE,FALSE,FALSE,FALSE,same_ranking,FALSE
21818,Latin America,Polar,estimated,estimated,0.516,0.512,0.1193,0.1012,0.1484,0.135,0.2485,0.2762,-0.0291,-0.03380000000000001,-0.0563953488372093,-0.06601562500000002,-0.10870377288008966,-0.14309906858594415,0.05645667252094877,0.05256468204093223,-0.013210894236588722,0.0168787633189581,0.05818394338088617,0.1703284453295656,climate,climate,climate,climate,-0.0040000000000000036,-0.018100000000000005,-0.013399999999999995,0.027700000000000002,-0.00470000000000001,-0.009620276162790722,-0.03439529570585449,-0.0038919904800165384,0.030089657555546823,0.11214450194867942,TRUE,TRUE,TRUE,TRUE,TRUE,FALSE,FALSE,FALSE,FALSE,same_ranking,FALSE
15276,North America,Temperate_Without_dry_season,estimated,estimated,0.246,0.253,0.0311,0.0495,0.1412,0.075,0.0736,0.1285,-0.11009999999999999,-0.025499999999999995,-0.44756097560975605,-0.10079051383399207,-0.6390017411491584,-0.2048192771084337,0.014358927900082863,0.02147177378650833,0.11273564554166027,-0.038293874684178664,0.021581850183108098,0.11266917273993826,climate,climate,climate,climate,0.007000000000000006,0.018400000000000003,-0.0662,0.054900000000000004,0.0846,0.346770461775764,0.4341824640407247,0.007112845886425467,-0.15102952022583893,0.09108732255683016,TRUE,TRUE,TRUE,TRUE,TRUE,FALSE,FALSE,FALSE,FALSE,same_ranking,FALSE
2626,North America,Cold_Without_dry_season_Warm_Summer,estimated,estimated,0.599,0.601,0.1415,0.158,0.2727,0.2615,0.1843,0.1814,-0.1312,-0.10350000000000001,-0.2190317195325543,-0.17221297836938437,-0.3167551907291164,-0.24672228843861743,0.09446974631684868,0.09689553988525623,0.09256683367537288,0.1061148419493878,0.016327860576428876,0.04639417267986101,climate,climate,climate,climate,0.0020000000000000018,0.016500000000000015,-0.011199999999999988,-0.002899999999999986,0.027700000000000002,0.04681874116316992,0.07003290229049897,0.0024257935684075527,0.013548008274014922,0.030066312103432136,TRUE,TRUE,TRUE,TRUE,TRUE,FALSE,FALSE,FALSE,FALSE,same_ranking,FALSE
2591,North America,Cold_Without_dry_season_Warm_Summer,estimated,estimated,0.463,0.365,0.1368,0.0767,0.1733,0.1421,0.153,0.1458,-0.036500000000000005,-0.0654,-0.07883369330453564,-0.17917808219178083,-0.11770396646243148,-0.29890310786106034,0.09911388538542076,5.539434101253793e-4,0.1366173106481301,0.080123317900605,0.094512681173263835,0.08610114624188181,climate,climate,climate,climate,-0.09800000000000003,-0.0601,-0.031200000000000006,-0.007199999999999984,-0.028899999999999995,-0.10034438888724519,-0.18119914139862886,-0.09855994197529538,-0.05649399274752509,-0.008411534931382025,TRUE,TRUE,TRUE,TRUE,TRUE,FALSE,FALSE,FALSE,FALSE,same_ranking,FALSE
4239,Europe,Cold_Without_dry_season_Cold_Summer,estimated,estimated,0.416,0.367,0.08,0.0375,0.1911,0.1909,0.1454,0.1389,-0.11109999999999999,-0.15339999999999998,-0.2670673076923077,-0.417983651226158,-0.40981187753596454,-0.6716287215411558,0.08964621269728767,0.04048253505831778,0.09279020660328996,0.0961001122442694,0.03502019316613303,0.025778154966844213,climate,climate,climate,climate,-0.04899999999999999,-0.0425,-2.0000000000000573e-4,-0.006500000000000006,-0.04229999999999999,-0.1509163435338503,-0.2618168440051913,-0.049163677638969894,0.003309905640979438,-0.009242038199288816,TRUE,TRUE,TRUE,TRUE,TRUE,FALSE,FALSE,FALSE,FALSE,same_ranking,FALSE
2367,North America,Cold_Without_dry_season_Cold_Summer,estimated,estimated,0.433,0.47,0.0606,0.0672,0.2136,0.1883,0.1589,0.2146,-0.15300000000000002,-0.1211,-0.3533487297921479,-0.25765957446808513,-0.5579868708971555,-0.473972602739726,-0.046677861827654876,-0.009606131269078277,0.21419013940768883,0.08898928910923098,0.09039243449877277,0.12704569003704957,climate,climate,climate,climate,0.03699999999999998,0.006599999999999995,-0.025300000000000017,0.0557,0.031900000000000026,0.09568915532406275,0.08401426815742946,0.0370717305585766,-0.12520085029845784,0.03665325553827681,TRUE,TRUE,TRUE,TRUE,TRUE,FALSE,FALSE,FALSE,FALSE,same_ranking,FALSE
45343,Europe,Cold_Without_dry_season_Cold_Summer,estimated,estimated,0.44,0.399,0.0877,0.048,0.0742,0.0762,0.2782,0.275,0.013499999999999998,-0.028200000000000003,0.030681818181818178,-0.07067669172932331,0.08338480543545398,-0.22705314009661837,0.025436947922088615,-0.015358500284375576,-0.1039541998432627,-0.10005955763221475,0.08894251337609671,0.0823471805357302,human,climate,human,climate,-0.04099999999999998,-0.0397,0.0020000000000000018,-0.0031999999999999806,-0.0417,-0.10135850991114148,-0.3104379455320724,-0.04079544820646419,0.0038946422110479606,-0.006595332840366508,TRUE,TRUE,TRUE,TRUE,TRUE,FALSE,TRUE,TRUE,TRUE,ranking_reversal,TRUE
26319,Europe,Cold_Without_dry_season_Cold_Summer,estimated,estimated,0.433,0.39,0.0546,0.0164,0.244,0.2311,0.1348,0.1425,-0.18939999999999999,-0.2147,-0.4374133949191686,-0.5505128205128205,-0.6342933690555927,-0.8674747474747475,0.00561991293652353,-0.03781887483396296,0.13534514381914442,0.09548132268484533,0.05013380805878087,0.05138525084393997,climate,climate,climate,climate,-0.04299999999999998,-0.0382,-0.012899999999999995,0.007699999999999985,-0.025300000000000017,-0.11309942559365188,-0.23318137841915476,-0.04343878777048649,-0.03986382113429909,0.001251442785159096,TRUE,TRUE,TRUE,TRUE,TRUE,FALSE,FALSE,FALSE,FALSE,same_ranking,FALSE
684,North America,Cold_Without_dry_season_Hot_Summer,estimated,estimated,0.579,0.48,0.2001,0.0674,0.1794,0.1675,0.1999,0.2448,0.020699999999999996,-0.10010000000000001,0.03575129533678756,-0.20854166666666668,0.054545454545454536,-0.4261387824606216,0.06418165014681954,-0.035528821783985864,0.10630501590602148,0.0649131004274901,0.05392477670710183,0.12596049730585757,human,climate,human,climate,-0.09899999999999998,-0.13269999999999998,-0.011899999999999994,0.044899999999999995,-0.1208,-0.24429296200345424,-0.4806842370060761,-0.0997104719308054,-0.04139191547853138,0.07203572059875574,TRUE,TRUE,TRUE,TRUE,TRUE,FALSE,TRUE,TRUE,TRUE,ranking_reversal,TRUE
19909,Europe,Cold_Without_dry_season_Cold_Summer,estimated,estimated,0.135,0.194,-0.0388,0.0715,0.0973,0.0767,0.0761,0.046,-0.1361,-0.00520000000000001,-1.008148148148148,-0.026804123711340257,-1,-0.03508771929824568,-0.05546098859071691,0.004152194394160924,0.134019520237335,0.026943671379237477,0.11206110879789788,-0.014022938032494658,climate,climate,climate,climate,0.059,0.1103,-0.020599999999999993,-0.030100000000000002,0.1309,0.9813440244368078,0.9649122807017543,0.05961318298487783,-0.10707584885809751,-0.12608404683039254,TRUE,TRUE,TRUE,TRUE,TRUE,FALSE,FALSE,FALSE,FALSE,same_ranking,FALSE
45329,Europe,Cold_Without_dry_season_Warm_Summer,estimated,estimated,0.559,0.493,0.1866,0.1169,0.1649,0.1743,0.2079,0.2014,0.021699999999999997,-0.05740000000000001,0.038819320214669044,-0.11643002028397567,0.06173541963015647,-0.19711538461538464,0.036216848802036905,-0.03071329271551937,0.18932057882897424,0.24140554953629922,0.08608470798478562,0.10654094482667187,human,climate,human,climate,-0.06600000000000006,-0.06969999999999998,0.00940000000000002,-0.006500000000000006,-0.0791,-0.15524934049864472,-0.2588508042455411,-0.06693014151755627,0.052084970707324985,0.020456236841886244,TRUE,TRUE,TRUE,TRUE,TRUE,FALSE,TRUE,TRUE,TRUE,ranking_reversal,TRUE
26505,Europe,Cold_Without_dry_season_Warm_Summer,estimated,estimated,0.01,0.125,-0.0294,0.0598,0.0118,0.0155,0.0276,0.05,-0.0412,0.0443,-4.12,0.3544,-1,0.5883134130146082,-0.06587636164529165,0.04948986173258019,-0.01600622288819642,0.003377386707175245,0.0038113930371581617,0.06043636316114831,climate,human,climate,human,0.115,0.0892,0.0037,0.022400000000000003,0.08549999999999999,4.4744,1.5883134130146082,0.11536622337787183,0.019383609595371665,0.05662497012399015,TRUE,TRUE,TRUE,TRUE,TRUE,FALSE,TRUE,TRUE,TRUE,ranking_reversal,TRUE
1523,North America,Temperate_Without_dry_season,estimated,estimated,0.31,0.273,0.1297,0.1089,-0.0095,-0.006,0.1899,0.1705,0.13920000000000002,0.1149,0.4490322580645162,0.4208791208791209,1,1,0.26524421715217905,0.22857277406498855,0.08862682701959124,0.09255878512265636,0.3298740673220597,0.2879741743478862,human,human,human,human,-0.03699999999999998,-0.020800000000000013,0.0034999999999999996,-0.0194,-0.024300000000000016,-0.028153137185395305,0,-0.0366714430871905,0.003931958103065125,-0.041899892974173514,TRUE,TRUE,TRUE,TRUE,TRUE,FALSE,FALSE,FALSE,FALSE,same_ranking,FALSE
1590,North America,Cold_Without_dry_season_Cold_Summer,missing_predictor_group,estimated,NA,0.668,NA,0.039,NA,0.4694,NA,0.1592,NA,-0.4304,NA,-0.6443113772455089,NA,-0.8465774980330449,NA,0.0025546861965564105,NA,0.3038536608682806,NA,0.029576087320263178,NA,climate,NA,climate,NA,NA,NA,NA,NA,NA,NA,NA,NA,NA,TRUE,TRUE,FALSE,TRUE,FALSE,TRUE,FALSE,FALSE,FALSE,gained_estimability,TRUE
24110,Europe,Cold_Without_dry_season_Warm_Summer,estimated,estimated,0.571,0.231,0.3078,0.0626,0.064,0.0618,0.1995,0.1064,0.24380000000000002,8.000000000000021e-4,0.42697022767075316,0.0034632034632034723,0.6557288864981172,0.006430868167202589,0.3425417794163138,0.001992417827684778,0.10478611383865355,0.07525922936496354,0.26328483418903637,0.0518619300751515,human,human,human,human,-0.33999999999999997,-0.24520000000000003,-0.0022000000000000006,-0.09310000000000002,-0.24300000000000002,-0.4235070242075497,-0.6492980183309146,-0.34054936158862903,-0.029526884473690007,-0.21142290411388487,TRUE,TRUE,TRUE,TRUE,TRUE,FALSE,FALSE,FALSE,FALSE,same_ranking,FALSE
43513,Europe,Cold_Without_dry_season_Cold_Summer,estimated,estimated,0.808,0.794,0.0654,0.0241,0.2439,0.266,0.4992,0.504,-0.1785,-0.2419,-0.2209158415841584,-0.30465994962216625,-0.577109602327837,-0.8338503964150292,0.043356679875571014,0.02900891072605527,0.10993156522730374,0.11274320106358049,0.4051812916625094,0.37344872354125436,climate,climate,climate,climate,-0.014000000000000012,-0.0413,0.02210000000000001,0.0048000000000000265,-0.06340000000000001,-0.08374410803800786,-0.2567407940871922,-0.014347769149515743,0.002811635836276749,-0.03173256812125502,TRUE,TRUE,TRUE,TRUE,TRUE,FALSE,FALSE,FALSE,FALSE,same_ranking,FALSE
813,North America,Cold_Without_dry_season_Hot_Summer,estimated,estimated,0.364,0.374,0.0756,0.0875,0.2209,0.2243,0.0673,0.0626,-0.1453,-0.1368,-0.3991758241758242,-0.3657754010695187,-0.49005059021922437,-0.43874278383579224,-0.051512445285509356,-0.04087534401949433,0.08755171421596819,0.09146296124927633,-0.027583381368173177,-0.03965496442886385,climate,climate,climate,climate,0.010000000000000009,0.011899999999999994,0.0033999999999999864,-0.004699999999999996,0.008500000000000008,0.03340042310630548,0.05130780638343213,0.010637101266015025,0.003911247033308141,-0.012071583060690672,TRUE,TRUE,TRUE,TRUE,TRUE,FALSE,FALSE,FALSE,FALSE,same_ranking,FALSE
16016,North America,Arid,estimated,estimated,0.116,0.119,0.0168,0.013,0.0213,0.0413,0.0775,0.065,-0.0045000000000000005,-0.028300000000000006,-0.03879310344827586,-0.23781512605042024,-0.11811023622047247,-0.5211786372007368,0.030242014732457023,0.0338651705039813,-0.12047647250989235,-0.06435607578405167,2.415968939635249e-4,-0.00869255151088022,climate,climate,climate,climate,0.002999999999999989,-0.0037999999999999996,0.020000000000000004,-0.012499999999999997,-0.023800000000000005,-0.19902202260214438,-0.4030684009802643,0.003623155771524278,0.05612039672584068,-0.008934148404843745,TRUE,TRUE,TRUE,TRUE,TRUE,FALSE,FALSE,FALSE,FALSE,same_ranking,FALSE
298,North America,Cold_Without_dry_season_Warm_Summer,estimated,estimated,0.189,0.336,0.0654,0.2018,0.0765,0.087,0.0468,0.0467,-0.011099999999999999,0.11480000000000001,-0.05873015873015872,0.3416666666666667,-0.07822410147991543,0.39750692520775627,-0.028698347094384125,0.11816824728400599,-0.0557619235019694,0.005163604608033667,-0.06773494545624548,-0.0280691113734044,climate,human,climate,human,0.14700000000000002,0.13640000000000002,0.010499999999999995,-1.0000000000000286e-4,0.1259,0.4003968253968254,0.4757310266876717,0.14686659437839011,0.06092552811000307,0.03966583408284108,TRUE,TRUE,TRUE,TRUE,TRUE,FALSE,TRUE,TRUE,TRUE,ranking_reversal,TRUE
782,North America,Cold_Without_dry_season_Warm_Summer,estimated,estimated,0.229,0.106,0.1263,0.0592,0.0156,-0.0058,0.0875,0.0524,0.11069999999999999,0.065,0.4834061135371179,0.6132075471698114,0.7801268498942917,1,0.11998660471063294,-0.0036526158084847493,0.06254758909109015,-0.014207866223692411,0.1380737994472343,0.03394786519249149,human,human,human,human,-0.12300000000000001,-0.06709999999999999,-0.0214,-0.03509999999999999,-0.04569999999999999,0.12980143363269353,0.2198731501057083,-0.12363922051911769,-0.07675545531478256,-0.10412593425474281,TRUE,TRUE,TRUE,TRUE,TRUE,FALSE,FALSE,FALSE,FALSE,same_ranking,FALSE
15831,North America,Temperate_Without_dry_season,estimated,estimated,0.382,0.392,0.0554,0.0726,0.1568,0.1495,0.1702,0.1702,-0.10139999999999999,-0.0769,-0.26544502617801047,-0.1961734693877551,-0.4778510838831291,-0.34624043223773077,-6.076690193241863e-4,0.009324706648177639,0.14645977505441754,0.14221462397963536,0.14496721241896804,0.15513229874355083,climate,climate,climate,climate,0.010000000000000009,0.0172,-0.007300000000000001,0,0.024499999999999994,0.06927155679025537,0.1316106516453983,0.009932375667501825,-0.004245151074782183,0.010165086324582795,TRUE,TRUE,TRUE,TRUE,TRUE,FALSE,FALSE,FALSE,FALSE,same_ranking,FALSE
48624,Latin America,Temperate_Dry_Summer,estimated,estimated,0.338,0.237,0.1036,0.0195,0.0699,0.0788,0.1642,0.1391,0.033699999999999994,-0.05929999999999999,0.09970414201183429,-0.250210970464135,0.19423631123919305,-0.6032553407934892,0.048300146264621646,-0.05198858723039179,-0.06382183642086536,-0.037512968128237345,0.07500330446778647,0.03320037389990982,human,climate,human,climate,-0.10100000000000003,-0.0841,0.008899999999999991,-0.02510000000000001,-0.09299999999999999,-0.3499151124759693,-0.7974916520326822,-0.10028873349501344,0.026308868292628018,-0.04180293056787665,TRUE,TRUE,TRUE,TRUE,TRUE,FALSE,TRUE,TRUE,TRUE,ranking_reversal,TRUE
1770,North America,Cold_Without_dry_season_Cold_Summer,estimated,estimated,0.518,0.529,0.0242,0.0626,0.2781,0.2383,0.2159,0.2286,-0.2539,-0.17570000000000002,-0.49015444015444015,-0.33213610586011344,-0.8398941448891829,-0.5839149219009638,0.016404130453864796,0.02761848489169938,0.14247788838644204,0.11042094776839029,0.05883900056453928,0.1317120576904699,climate,climate,climate,climate,0.01100000000000001,0.038400000000000004,-0.0398,0.012699999999999989,0.07819999999999999,0.1580183342943267,0.25597922298821907,0.011214354437834584,-0.032056940618051755,0.07287305712593062,TRUE,TRUE,TRUE,TRUE,TRUE,FALSE,FALSE,FALSE,FALSE,same_ranking,FALSE
4517,Europe,Cold_Without_dry_season_Warm_Summer,estimated,estimated,0.421,0.484,-0.0219,0.1557,0.3512,0.2559,0.0918,0.0725,-0.3731,-0.10020000000000001,-0.8862232779097388,-0.20702479338842977,-1,-0.24344023323615163,-0.033955283501180156,0.02911268387318222,0.23951047078975174,0.06591794219474767,-0.019327011620152934,-0.04098585895679785,climate,climate,climate,climate,0.063,0.1776,-0.0953,-0.01930000000000001,0.2729,0.679198484521309,0.7565597667638484,0.06306796737436238,-0.17359252859500407,-0.021658847336644915,TRUE,TRUE,TRUE,TRUE,TRUE,FALSE,FALSE,FALSE,FALSE,same_ranking,FALSE
4398,Europe,Cold_Without_dry_season_Warm_Summer,estimated,estimated,0.555,0.512,0.057,-0.0049,0.0476,0.0573,0.4509,0.4597,0.009399999999999999,-0.0622,0.016936936936936934,-0.12148437499999999,0.0898661567877629,-1,0.02472338752977188,-0.018640469901189283,0.029898209816822452,0.05087675909414047,0.46801252007634875,0.48712246060038566,human,climate,human,climate,-0.04300000000000004,-0.061900000000000004,0.009699999999999993,0.008799999999999975,-0.0716,-0.13842131193693694,-1.089866156787763,-0.04336385743096116,0.020978549277318015,0.019109940524036917,TRUE,TRUE,TRUE,TRUE,TRUE,FALSE,TRUE,TRUE,TRUE,ranking_reversal,TRUE
22849,Europe,Cold_Without_dry_season_Warm_Summer,estimated,estimated,0.378,0.417,0.0039,0.0609,0.1103,0.1071,0.264,0.2489,-0.1064,-0.0462,-0.28148148148148144,-0.11079136690647481,-0.9316987740805605,-0.27499999999999997,-0.054831170050849365,-0.016263246143474963,-0.058583134482573906,-0.046348390229325354,0.11508767644082052,0.10351559951943234,climate,climate,climate,climate,0.03899999999999998,0.057,-0.0031999999999999945,-0.015100000000000002,0.0602,0.17069011457500663,0.6566987740805605,0.0385679239073744,0.012234744253248553,-0.011572076921388175,TRUE,TRUE,TRUE,TRUE,TRUE,FALSE,FALSE,FALSE,FALSE,same_ranking,FALSE
24356,Europe,Temperate_Without_dry_season,estimated,estimated,0.536,0.533,-0.0076,0.045,0.4398,0.3981,0.1042,0.0902,-0.4474,-0.3531,-0.8347014925373134,-0.6624765478424015,-1,-0.7968855788761002,0.056122529820009426,0.053104694834768096,0.35580004461424897,0.29586455203312445,-0.03533522636490971,-0.0398322929778987,climate,climate,climate,climate,-0.0030000000000000027,0.0526,-0.041700000000000015,-0.013999999999999999,0.0943,0.1722249446949119,0.20311442112389977,-0.00301783498524133,-0.059935492581124516,-0.004497066612988987,TRUE,TRUE,TRUE,TRUE,TRUE,FALSE,FALSE,FALSE,FALSE,same_ranking,FALSE
1701,North America,Cold_Without_dry_season_Warm_Summer,estimated,estimated,0.21,0.135,0.0411,0.0098,0.068,0.0372,0.1005,0.0881,-0.026900000000000007,-0.027399999999999997,-0.12809523809523812,-0.20296296296296293,-0.24656278643446386,-0.5829787234042553,0.002719327553927897,-0.07174244712891753,-0.08135426414444169,-0.14633128045598542,-0.02135722278238794,-0.049599293330654715,climate,climate,climate,climate,-0.07499999999999998,-0.031299999999999994,-0.030800000000000008,-0.012400000000000008,-4.9999999999999e-4,-0.0748677248677248,-0.33641593696979144,-0.07446177468284543,-0.06497701631154373,-0.028242070548266773,TRUE,TRUE,TRUE,TRUE,TRUE,FALSE,FALSE,FALSE,FALSE,same_ranking,FALSE
1707,North America,Cold_Without_dry_season_Cold_Summer,estimated,estimated,0.457,0.43,0.1854,0.1509,0.1658,0.1791,0.106,0.0996,0.019600000000000006,-0.028200000000000003,0.04288840262582058,-0.06558139534883722,0.05580865603644648,-0.08545454545454546,0.13173076169724218,0.10408555325454838,0.059759588767250515,0.05822040232045178,0.062459200774519164,0.021587722239800988,human,climate,human,climate,-0.027000000000000024,-0.0345,0.013300000000000006,-0.006400000000000003,-0.04780000000000001,-0.1084697979746578,-0.14126320149099195,-0.027645208442693803,-0.0015391864467987348,-0.040871478534718175,TRUE,TRUE,TRUE,TRUE,TRUE,FALSE,TRUE,TRUE,TRUE,ranking_reversal,TRUE
23006,Europe,Cold_Without_dry_season_Warm_Summer,estimated,estimated,0.271,0.252,0.0247,0.0046,0.1132,0.0982,0.1327,0.1491,-0.0885,-0.09359999999999999,-0.3265682656826568,-0.3714285714285714,-0.6417693981145758,-0.9105058365758754,0.07316140942807337,0.0544771185601679,0.20563208186181148,0.194736464097225,0.1821666574894052,0.2339006214551237,climate,climate,climate,climate,-0.019000000000000017,-0.0201,-0.015,0.016399999999999998,-0.005099999999999993,-0.0448603057459146,-0.2687364384612996,-0.018684290867905462,-0.010895617764586474,0.0517339639657185,TRUE,TRUE,TRUE,TRUE,TRUE,FALSE,FALSE,FALSE,FALSE,same_ranking,FALSE
4154,Europe,Cold_Without_dry_season_Warm_Summer,estimated,estimated,0.213,0.181,0.0491,0.0252,0.0439,0.0493,0.1198,0.1068,0.005199999999999996,-0.024099999999999996,0.024413145539906086,-0.1331491712707182,0.055913978494623616,-0.323489932885906,0.014994988415466648,-0.016499472283306615,-0.039848375126311786,-0.046162515145755756,0.05570937824533573,0.012589367787073202,human,climate,human,climate,-0.032,-0.023899999999999998,0.005399999999999995,-0.012999999999999998,-0.029299999999999993,-0.1575623168106243,-0.3794039113805296,-0.03149446069877326,-0.00631414001944397,-0.043120010458262525,TRUE,TRUE,TRUE,TRUE,TRUE,FALSE,TRUE,TRUE,TRUE,ranking_reversal,TRUE
1761,North America,Cold_Without_dry_season_Cold_Summer,estimated,estimated,0.45,0.369,0.1474,0.0898,0.1497,0.1268,0.1533,0.1523,-0.0022999999999999965,-0.03699999999999999,-0.005111111111111104,-0.10027100271002708,-0.007741501178054514,-0.17082179132040623,0.07904862274995761,-0.0025461495165375325,0.07264157435970175,0.019338180755836598,0.0632381603004959,0.05374632725064932,climate,climate,climate,climate,-0.08100000000000002,-0.0576,-0.022900000000000004,-0.0010000000000000009,-0.034699999999999995,-0.09515989159891597,-0.1630802901423517,-0.08159477226649514,-0.05330339360386516,-0.009491833049846576,TRUE,TRUE,TRUE,TRUE,TRUE,FALSE,FALSE,FALSE,FALSE,same_ranking,FALSE
4355,Europe,Polar,estimated,estimated,-0.142,-0.18,-0.0154,-0.0366,-0.1558,-0.1661,0.0294,0.0224,0.1404,0.1295,-0.9887323943661972,-0.7194444444444444,NA,NA,-0.06400748750706375,-0.10248146933918201,-0.35795651756340274,-0.34353727090871744,-0.15017497898236054,-0.12919024204049223,human,human,NA,NA,-0.038000000000000006,-0.0212,-0.010300000000000004,-0.006999999999999999,-0.010899999999999993,0.26928794992175276,NA,-0.038473981832118254,0.014419246654685303,0.02098473694186831,TRUE,TRUE,TRUE,TRUE,TRUE,FALSE,FALSE,FALSE,FALSE,same_ranking,FALSE
40582,Europe,Polar,estimated,estimated,0.574,0.54,0.0698,0.0702,0.1024,0.0857,0.4013,0.3846,-0.032600000000000004,-0.0155,-0.056794425087108025,-0.0287037037037037,-0.18931475029036005,-0.09942270686337397,0.05377690291655135,0.02097673042484649,0.21620445241522002,0.1802841160681069,0.5179890840168946,0.48209724764134354,climate,climate,climate,climate,-0.03399999999999992,3.999999999999976e-4,-0.016700000000000007,-0.016699999999999993,0.017100000000000004,0.028090721383404325,0.08989204342698608,-0.03280017249170486,-0.03592033634711311,-0.035891836375551045,TRUE,TRUE,TRUE,TRUE,TRUE,FALSE,FALSE,FALSE,FALSE,same_ranking,FALSE
15130,Latin America,Temperate_Without_dry_season,estimated,estimated,0.288,0.16,0.023,-0.0587,0.1851,0.1596,0.0803,0.0589,-0.1621,-0.2183,-0.5628472222222223,-1.364375,-0.7789524267179241,-1,0.03529907237826446,-0.09331156879759073,0.13706626153204815,0.1031524092446815,0.027900126075642517,0.001984973347978758,climate,climate,climate,climate,-0.12799999999999997,-0.0817,-0.025499999999999995,-0.021399999999999995,-0.0562,-0.8015277777777776,-0.22104757328207592,-0.1286106411758552,-0.03391385228736665,-0.02591515272766376,TRUE,TRUE,TRUE,TRUE,TRUE,FALSE,FALSE,FALSE,FALSE,same_ranking,FALSE
4041,Europe,Cold_Without_dry_season_Cold_Summer,estimated,estimated,0.51,0.506,0.1581,0.1607,0.1287,0.1274,0.2231,0.2174,0.02939999999999998,0.033299999999999996,0.05764705882352938,0.06581027667984189,0.10251046025104596,0.11558486636584517,-8.769515856039689e-4,-0.005249727535643678,0.003994096245746204,0.022154757805774028,0.035389607024205016,0.044760601490356544,human,human,human,human,-0.0040000000000000036,0.002600000000000019,-0.0012999999999999956,-0.005699999999999983,0.0039000000000000146,0.008163217856312514,0.013074406114799209,-0.004372775950039709,0.018160661560027824,0.009370994466151528,TRUE,TRUE,TRUE,TRUE,TRUE,FALSE,FALSE,FALSE,FALSE,same_ranking,FALSE
22812,Europe,Cold_Without_dry_season_Warm_Summer,estimated,estimated,0.574,0.332,0.1094,0.0096,0.2446,0.1579,0.2201,0.1645,-0.13520000000000001,-0.14830000000000002,-0.2355400696864112,-0.44668674698795185,-0.3819209039548023,-0.8853731343283583,0.3192141598595245,0.07716009382897315,0.35292846527360877,0.14905415275527845,0.27387568263624085,0.13220013342018144,climate,climate,climate,climate,-0.24199999999999994,-0.0998,-0.0867,-0.05559999999999998,-0.0131,-0.21114667730154066,-0.503452230373556,-0.24205406603055135,-0.20387431251833033,-0.1416755492160594,TRUE,TRUE,TRUE,TRUE,TRUE,FALSE,FALSE,FALSE,FALSE,same_ranking,FALSE
363,Europe,Cold_Without_dry_season_Warm_Summer,missing_predictor_group,estimated,NA,0.538,NA,0.088,NA,0.0581,NA,0.3923,NA,0.029899999999999996,NA,0.05557620817843865,NA,0.20465434633812454,NA,0.11644600237873615,NA,0.031152228385482483,NA,0.37077033240243185,NA,human,NA,human,NA,NA,NA,NA,NA,NA,NA,NA,NA,NA,TRUE,TRUE,FALSE,TRUE,FALSE,TRUE,FALSE,FALSE,FALSE,gained_estimability,TRUE
1646,Latin America,Polar,estimated,estimated,0.628,0.61,0.1441,0.1278,0.3496,0.3349,0.1343,0.1471,-0.20550000000000002,-0.20709999999999998,-0.32722929936305734,-0.33950819672131144,-0.41624468300587403,-0.4475902312513507,0.1745162964809036,0.1563682814187155,0.38753089519943074,0.38265749489153755,0.15704172746431022,0.20729778900503348,climate,climate,climate,climate,-0.018000000000000016,-0.01630000000000001,-0.014700000000000046,0.012800000000000006,-0.0015999999999999626,-0.012278897358254104,-0.031345548245476695,-0.018148015062188105,-0.004873400307893183,0.05025606154072326,TRUE,TRUE,TRUE,TRUE,TRUE,FALSE,FALSE,FALSE,FALSE,same_ranking,FALSE
1679,Latin America,Polar,estimated,estimated,0.723,0.704,0.1106,0.1613,0.3797,0.3559,0.2324,0.1872,-0.2691,-0.1946,-0.37219917012448134,-0.27642045454545455,-0.5488476442994086,-0.3762567672080433,0.07219187562793428,0.053894686186740315,0.40900314805363125,0.37168563788462305,0.1740741394109292,0.09387226555770345,climate,climate,climate,climate,-0.019000000000000017,0.050699999999999995,-0.023799999999999988,-0.04519999999999999,0.07450000000000001,0.09577871557902679,0.17259087709136528,-0.018297189441193962,-0.037317510169008195,-0.08020187385322575,TRUE,TRUE,TRUE,TRUE,TRUE,FALSE,FALSE,FALSE,FALSE,same_ranking,FALSE
1829,North America,Cold_Without_dry_season_Warm_Summer,estimated,estimated,0.278,0.372,0.0551,0.0665,0.1746,0.2105,0.0481,0.0947,-0.1195,-0.144,-0.4298561151079136,-0.3870967741935484,-0.520243796255986,-0.51985559566787,0.02066587699491651,0.11457999539863362,0.07094779286011954,0.1374154748936507,-0.060007060683421765,0.02789872089459211,climate,climate,climate,climate,0.09399999999999997,0.0114,0.03589999999999999,0.04660000000000001,-0.024499999999999994,0.04275934091436523,3.8820058811606106e-4,0.0939141184037171,0.06646768203353115,0.08790578157801388,TRUE,TRUE,TRUE,TRUE,TRUE,FALSE,FALSE,FALSE,FALSE,same_ranking,FALSE
3558,North America,Cold_Without_dry_season_Hot_Summer,estimated,estimated,0.708,0.682,0.1072,0.2473,0.2282,0.1617,0.3722,0.2731,-0.12099999999999998,0.08559999999999998,-0.17090395480225987,0.1255131964809384,-0.3607632677400119,0.20929095354523222,0.10368840061951135,0.07814641746549111,0.2022608516133526,0.08643997455638663,0.28067897631818295,0.09966608632136142,climate,human,climate,human,-0.025999999999999912,0.1401,-0.06649999999999998,-0.09909999999999997,0.20659999999999995,0.29641715128319823,0.5700542212852441,-0.02554198315402023,-0.11582087705696598,-0.18101288999682152,TRUE,TRUE,TRUE,TRUE,TRUE,FALSE,TRUE,TRUE,TRUE,ranking_reversal,TRUE
14948,North America,Polar,missing_predictor_group,estimated,NA,0.428,NA,-0.0026,NA,0.2765,NA,0.1542,NA,-0.2791,NA,-0.6521028037383177,NA,-1,NA,-0.05463251803243008,NA,0.1584403398033759,NA,0.029907952468795407,NA,climate,NA,climate,NA,NA,NA,NA,NA,NA,NA,NA,NA,NA,TRUE,TRUE,FALSE,TRUE,FALSE,TRUE,FALSE,FALSE,FALSE,gained_estimability,TRUE
41399,Europe,Cold_Without_dry_season_Warm_Summer,estimated,estimated,0.696,0.708,-0.023,0.0172,0.3602,0.3433,0.3585,0.3472,-0.38320000000000004,-0.3261,-0.5505747126436783,-0.4605932203389831,-1,-0.9045769764216367,-0.028815159019333736,-0.01682423194039051,0.14383029523835367,0.0928918339488507,0.12455873843036414,0.08471730439033665,climate,climate,climate,climate,0.01200000000000001,0.0402,-0.016900000000000026,-0.011299999999999977,0.05710000000000004,0.08998149230469521,0.0954230235783633,0.011990927078943225,-0.05093846128950297,-0.03984143404002749,TRUE,TRUE,TRUE,TRUE,TRUE,FALSE,FALSE,FALSE,FALSE,same_ranking,FALSE
26435,Europe,Cold_Without_dry_season_Warm_Summer,estimated,estimated,0.426,0.374,-0.0103,-0.0451,-0.0693,-0.0896,0.506,0.5084,0.059,0.0445,0.13849765258215962,0.11898395721925133,NA,NA,0.013947024633765404,-0.03889004807042851,0.01918365396194055,-0.04339596810533475,0.6203907273552722,0.6031893098322192,human,human,NA,NA,-0.05199999999999999,-0.0348,-0.0203,0.0023999999999999577,-0.014499999999999999,-0.019513695362908298,NA,-0.05283707270419391,-0.0625796220672753,-0.017201417523053042,TRUE,TRUE,TRUE,TRUE,TRUE,FALSE,FALSE,FALSE,FALSE,same_ranking,FALSE
1670,North America,Temperate_Without_dry_season,estimated,estimated,0.366,0.353,0.0835,0.0955,0.0295,0.032,0.2531,0.2257,0.054000000000000006,0.0635,0.1475409836065574,0.17988668555240794,0.4778761061946903,0.4980392156862745,0.0026248314801384787,-0.010295184931175316,0.02081109659319824,0.008761573541732681,0.18658553018454704,0.1150282291748369,human,human,human,human,-0.013000000000000012,0.011999999999999997,0.0025000000000000022,-0.02739999999999998,0.009499999999999995,0.03234570194585054,0.02016310949158423,-0.012920016411313795,-0.01204952305146556,-0.07155730100971014,TRUE,TRUE,TRUE,TRUE,TRUE,FALSE,FALSE,FALSE,FALSE,same_ranking,FALSE
1697,North America,Tropical,missing_predictor_group,missing_predictor_group,NA,NA,NA,NA,NA,NA,NA,NA,NA,NA,NA,NA,NA,NA,NA,NA,NA,NA,NA,NA,NA,NA,NA,NA,NA,NA,NA,NA,NA,NA,NA,NA,NA,NA,TRUE,TRUE,FALSE,FALSE,FALSE,FALSE,FALSE,FALSE,FALSE,not_estimable_at_either_radius,FALSE
1393,North America,Cold_Without_dry_season_Cold_Summer,estimated,estimated,0.671,0.745,-0.0163,0.1022,0.4091,0.3981,0.2778,0.2442,-0.4254,-0.2959,-0.6339791356184798,-0.3971812080536913,-1,-0.5914451329202479,-0.016238988555538736,0.05772277280236415,0.09008950637240531,0.18867990453067618,-0.0034468274190445625,0.05010498808010899,climate,climate,climate,climate,0.07399999999999995,0.1185,-0.01100000000000001,-0.03359999999999999,0.1295,0.23679792756478857,0.4085548670797521,0.07396176135790289,0.09859039815827086,0.053551815499153554,TRUE,TRUE,TRUE,TRUE,TRUE,FALSE,FALSE,FALSE,FALSE,same_ranking,FALSE
42570,Europe,Cold_Without_dry_season_Warm_Summer,estimated,estimated,0.455,0.504,0.0719,0.1044,0.1989,0.1897,0.1838,0.2102,-0.127,-0.0853,-0.27912087912087913,-0.16924603174603176,-0.46898079763663225,-0.2900374022441346,0.027979830356637092,0.07765662836036247,0.0760876810751887,0.07213812611868609,0.028844513993807275,0.0960545696059204,climate,climate,climate,climate,0.04899999999999999,0.0325,-0.009199999999999986,0.026400000000000007,0.0417,0.10987484737484737,0.17894339539249765,0.049676798003725375,-0.003949554956502621,0.06721005561211313,TRUE,TRUE,TRUE,TRUE,TRUE,FALSE,FALSE,FALSE,FALSE,same_ranking,FALSE
46611,North America,Cold_Without_dry_season_Cold_Summer,estimated,estimated,0.418,0.388,0.1211,0.1228,0.1713,0.1497,0.1252,0.1159,-0.05020000000000001,-0.026899999999999993,-0.12009569377990433,-0.06932989690721647,-0.17168262653898772,-0.0987155963302752,0.09119146170738068,0.061960514305354875,0.11255550629620747,0.09369529993060921,-0.02512906793779668,-0.01923696439228051,climate,climate,climate,climate,-0.02999999999999997,0.001700000000000007,-0.021600000000000008,-0.009300000000000003,0.023300000000000015,0.050765796872687854,0.07296703020871252,-0.02923094740202581,-0.018860206365598264,0.00589210354551617,TRUE,TRUE,TRUE,TRUE,TRUE,FALSE,FALSE,FALSE,FALSE,same_ranking,FALSE
1763,North America,Cold_Without_dry_season_Warm_Summer,estimated,estimated,0.192,0.288,0.1199,0.1696,0.0463,0.0706,0.0259,0.0482,0.0736,0.099,0.3833333333333333,0.34375000000000006,0.44283995186522257,0.41215653621981685,0.12629267045206327,0.22260039797329312,0.024292474383931895,0.06100547295619585,-0.01788699063918231,0.014776707112338916,human,human,human,human,0.09599999999999997,0.049699999999999994,0.024299999999999995,0.0223,0.025400000000000006,-0.03958333333333325,-0.03068341564540572,0.09630772752122985,0.036712998572263955,0.032663697751521226,TRUE,TRUE,TRUE,TRUE,TRUE,FALSE,FALSE,FALSE,FALSE,same_ranking,FALSE
19901,Europe,Cold_Without_dry_season_Warm_Summer,estimated,estimated,0.201,0.209,0.0063,0.0732,0.0496,0.0297,0.1449,0.1063,-0.0433,0.0435,-0.2154228855721393,0.20813397129186603,-0.774597495527728,0.42274052478134105,0.0399776669128713,0.04835877391700183,0.06312773061128929,-0.01287398223423919,0.16589567984387577,0.052496813205273996,climate,human,climate,human,0.00799999999999998,0.0669,-0.019899999999999998,-0.038599999999999995,0.08679999999999999,0.42355685686400535,1.197338020309069,0.008381107004130528,-0.07600171284552848,-0.11339886663860177,TRUE,TRUE,TRUE,TRUE,TRUE,FALSE,TRUE,TRUE,TRUE,ranking_reversal,TRUE
1980,North America,Cold_Without_dry_season_Warm_Summer,estimated,estimated,0.43,0.465,0.0335,0.0689,0.2979,0.278,0.0985,0.1181,-0.26439999999999997,-0.2091,-0.6148837209302325,-0.4496774193548387,-0.7978273989136992,-0.6027673681176131,-0.040810837109292564,-0.005695307581219167,0.21882050504190453,0.16621099790777616,0.044077154621589454,0.0706136896550067,climate,climate,climate,climate,0.03500000000000003,0.0354,-0.019899999999999973,0.019599999999999992,0.05529999999999996,0.1652063015753938,0.19506003079608614,0.0351155295280734,-0.052609507134128375,0.02653653503341724,TRUE,TRUE,TRUE,TRUE,TRUE,FALSE,FALSE,FALSE,FALSE,same_ranking,FALSE
20001,North America,Temperate_Dry_Summer,estimated,estimated,0.523,0.485,0.1155,0.1034,0.1768,0.1693,0.2304,0.2125,-0.06130000000000001,-0.0659,-0.11720841300191205,-0.13587628865979381,-0.20971604515908315,-0.24165749908324166,0.19390687659772943,0.15648899533263427,0.024160339847823953,0.023878340656414032,0.1829848807209954,0.16180828105071088,climate,climate,climate,climate,-0.038000000000000034,-0.0121,-0.007500000000000007,-0.0179,-0.004599999999999993,-0.018667875657881763,-0.03194145392415851,-0.037417881265095154,-2.819991914099207e-4,-0.021176599670284513,TRUE,TRUE,TRUE,TRUE,TRUE,FALSE,FALSE,FALSE,FALSE,same_ranking,FALSE
48837,Latin America,Tropical,missing_predictor_group,missing_predictor_group,NA,NA,NA,NA,NA,NA,NA,NA,NA,NA,NA,NA,NA,NA,NA,NA,NA,NA,NA,NA,NA,NA,NA,NA,NA,NA,NA,NA,NA,NA,NA,NA,NA,NA,TRUE,TRUE,FALSE,FALSE,FALSE,FALSE,FALSE,FALSE,FALSE,not_estimable_at_either_radius,FALSE
973,North America,Cold_Without_dry_season_Warm_Summer,estimated,estimated,0.695,0.725,0.1368,0.2065,0.3251,0.3138,0.2334,0.2042,-0.1883,-0.10730000000000003,-0.27093525179856115,-0.14800000000000005,-0.4076639965360468,-0.20622717662886803,-0.0053170676410900786,0.023861410917271897,0.21372443314087752,0.1650378427863145,0.0650569955182545,-0.019395990550128417,climate,climate,climate,climate,0.030000000000000027,0.06969999999999998,-0.011299999999999977,-0.029200000000000004,0.08099999999999996,0.1229352517985611,0.20143681990717877,0.029178478558361975,-0.04868659035456302,-0.08445298606838292,TRUE,TRUE,TRUE,TRUE,TRUE,FALSE,FALSE,FALSE,FALSE,same_ranking,FALSE
1658,North America,Cold_Without_dry_season_Warm_Summer,estimated,estimated,0.11,0.155,-0.0083,0.0075,0.0857,0.0957,0.0329,0.0518,-0.094,-0.0882,-0.8545454545454545,-0.5690322580645162,-1,-0.8546511627906977,-0.045459872572789495,-6.81043672149495e-4,0.003880763779476104,0.03489131612808816,-0.02401061798895021,0.02476004641629137,climate,climate,climate,climate,0.045,0.0158,0.009999999999999995,0.0189,0.0058,0.2855131964809383,0.14534883720930225,0.04477882890064,0.031010552348612053,0.04877066440524158,TRUE,TRUE,TRUE,TRUE,TRUE,FALSE,FALSE,FALSE,FALSE,same_ranking,FALSE
22367,Europe,Polar,estimated,estimated,0.584,0.587,0.0455,0.0467,0.2735,0.2932,0.265,0.247,-0.22800000000000004,-0.24650000000000002,-0.39041095890410965,-0.419931856899489,-0.7147335423197493,-0.725213298028832,0.015458313852151573,0.018379594423368784,0.023705983371439032,0.05341190469126633,0.06832216241862987,0.02264546716715443,climate,climate,climate,climate,0.0030000000000000027,0.0011999999999999997,0.019699999999999995,-0.018000000000000016,-0.01849999999999999,-0.029520897995379325,-0.010479755709082772,0.0029212805712172107,0.0297059213198273,-0.04567669525147544,TRUE,TRUE,TRUE,TRUE,TRUE,FALSE,FALSE,FALSE,FALSE,same_ranking,FALSE
4545,Europe,Cold_Without_dry_season_Warm_Summer,estimated,estimated,0.325,0.312,-0.0064,0.0291,0.2153,0.1829,0.1157,0.1005,-0.22169999999999998,-0.1538,-0.6821538461538461,-0.4929487179487179,-1,-0.7254716981132074,-0.03728034790845414,-0.0493646461983579,-0.006506450246454021,-0.02817285527711688,-0.07346340015788022,-0.060781300589992315,climate,climate,climate,climate,-0.013000000000000012,0.035500000000000004,-0.032399999999999984,-0.015199999999999991,0.06789999999999999,0.1892051282051282,0.27452830188679256,-0.012084298289903761,-0.02166640503066286,0.012682099567887906,TRUE,TRUE,TRUE,TRUE,TRUE,FALSE,FALSE,FALSE,FALSE,same_ranking,FALSE
15247,Latin America,Temperate_Dry_Winter,estimated,estimated,0.279,0.241,0.0181,0.0369,0.1,0.0799,0.1609,0.1246,-0.0819,-0.043,-0.29354838709677417,-0.17842323651452283,-0.693480101608806,-0.3681506849315068,-0.03877265411262931,-0.07647866042603457,-0.08388315389059398,-0.11001267028548078,5.739226944412312e-5,-0.05840587247458773,climate,climate,climate,climate,-0.038000000000000034,0.0188,-0.020100000000000007,-0.036299999999999985,0.038900000000000004,0.11512515058225134,0.3253294166772992,-0.03770600631340526,-0.02612951639488681,-0.05846326474403185,TRUE,TRUE,TRUE,TRUE,TRUE,FALSE,FALSE,FALSE,FALSE,same_ranking,FALSE
15356,North America,Cold_Without_dry_season_Cold_Summer,estimated,estimated,0.239,0.359,0.0651,0.1193,0.0335,0.071,0.1404,0.1691,0.0316,0.04830000000000001,0.13221757322175734,0.13454038997214487,0.3204868154158215,0.253809774040988,0.0827811446971064,0.20318560442996825,0.0015742896924689775,0.11120573815351864,0.11763616948746602,0.20965398661361678,human,human,human,human,0.12,0.0542,0.03749999999999999,0.028700000000000003,0.016700000000000007,0.002322816750387535,-0.06667704137483355,0.12040445973286185,0.10963144846104966,0.09201781712615076,TRUE,TRUE,TRUE,TRUE,TRUE,FALSE,FALSE,FALSE,FALSE,same_ranking,FALSE
357,Latin America,Temperate_Dry_Winter,missing_predictor_group,missing_predictor_group,NA,NA,NA,NA,NA,NA,NA,NA,NA,NA,NA,NA,NA,NA,NA,NA,NA,NA,NA,NA,NA,NA,NA,NA,NA,NA,NA,NA,NA,NA,NA,NA,NA,NA,TRUE,TRUE,FALSE,FALSE,FALSE,FALSE,FALSE,FALSE,FALSE,not_estimable_at_either_radius,FALSE
14556,Europe,Temperate_Without_dry_season,estimated,estimated,0.484,0.398,0.2225,0.1561,0.0572,0.0442,0.2041,0.1974,0.1653,0.11189999999999999,0.3415289256198347,0.2811557788944723,0.5909903468001431,0.5586620069895157,0.08814542646282086,0.0020925366698874015,0.037319497930117795,0.005701595636399048,0.0625687095341988,0.04354569424066412,human,human,human,human,-0.08599999999999997,-0.06640000000000001,-0.012999999999999998,-0.0067000000000000115,-0.05340000000000002,-0.060373146725362425,-0.03232833981062733,-0.08605288979293346,-0.03161790229371875,-0.019023015293534673,TRUE,TRUE,TRUE,TRUE,TRUE,FALSE,FALSE,FALSE,FALSE,same_ranking,FALSE
48777,Europe,Temperate_Without_dry_season,estimated,estimated,0.426,0.37,0.0446,0.0456,0.1797,0.1492,0.202,0.1747,-0.1351,-0.1036,-0.3171361502347418,-0.27999999999999997,-0.6023183236736513,-0.5318275154004106,0.017996605321052295,-0.03866888448508554,0.09080657618994814,0.022103303917007655,0.10712109436690709,0.044878960384076905,climate,climate,climate,climate,-0.055999999999999994,0.0010000000000000009,-0.0305,-0.02730000000000002,0.0315,0.037136150234741816,0.07049080827324072,-0.056665489806137836,-0.06870327227294049,-0.06224213398283018,TRUE,TRUE,TRUE,TRUE,TRUE,FALSE,FALSE,FALSE,FALSE,same_ranking,FALSE
3054,North America,Arid,estimated,estimated,0.475,0.522,0.1275,0.162,0.1563,0.1606,0.1908,0.1993,-0.028799999999999992,0.0014000000000000123,-0.060631578947368404,0.0026819923371647746,-0.10147991543340378,0.004339739615623101,0.015498046024529866,0.06274041118471463,-0.06376491491787684,-0.03698259971662987,-0.0035554931909153042,0.031439308629031104,climate,human,climate,human,0.04700000000000004,0.0345,0.004299999999999998,0.008500000000000008,0.030200000000000005,0.06331357128453317,0.10581965504902688,0.04724236516018476,0.026782315201246965,0.03499480181994641,TRUE,TRUE,TRUE,TRUE,TRUE,FALSE,TRUE,TRUE,TRUE,ranking_reversal,TRUE
776,North America,Cold_Without_dry_season_Warm_Summer,estimated,estimated,0.426,0.375,0.1924,0.1586,0.0866,0.0619,0.1467,0.1546,0.10579999999999999,0.0967,0.24835680751173708,0.25786666666666663,0.37921146953405016,0.43854875283446715,0.06273151401559585,0.012064725959442968,0.0369533000101111,-0.005487076707736849,-0.0024309879247444988,0.020473939978370326,human,human,human,human,-0.05099999999999999,-0.0338,-0.0247,0.00789999999999999,-0.009099999999999997,0.00950985915492955,0.05933728330041699,-0.05066678805615288,-0.04244037671784795,0.022904927903114825,TRUE,TRUE,TRUE,TRUE,TRUE,FALSE,FALSE,FALSE,FALSE,same_ranking,FALSE
1880,Latin America,Temperate_Without_dry_season,estimated,estimated,0.718,0.774,-0.004,0.0697,0.3866,0.3695,0.3356,0.3352,-0.3906,-0.2998,-0.5440111420612813,-0.38733850129198966,-1,-0.6826047358834245,0.012860317170192537,0.06910335377042909,0.2410160303426444,0.23571746029302754,0.1905900261754201,0.21866986308467273,climate,climate,climate,climate,0.05600000000000005,0.0737,-0.017100000000000004,-4.0000000000001146e-4,0.09079999999999999,0.15667264076929166,0.3173952641165755,0.05624303660023655,-0.005298570049616869,0.028079836909252642,TRUE,TRUE,TRUE,TRUE,TRUE,FALSE,FALSE,FALSE,FALSE,same_ranking,FALSE
4311,Europe,Temperate_Without_dry_season,estimated,estimated,0.515,0.44,0.1187,0.0807,0.2032,0.1922,0.1927,0.1672,-0.08449999999999999,-0.11150000000000002,-0.1640776699029126,-0.2534090909090909,-0.26250388319353835,-0.4085745694393551,0.09622155946484878,0.021773198669444493,0.0065171108020446455,-0.040800880538428785,0.04105942057729206,-0.035213151505932405,climate,climate,climate,climate,-0.07500000000000001,-0.038000000000000006,-0.010999999999999982,-0.025500000000000023,-0.027000000000000024,-0.08933142100617833,-0.14607068624581676,-0.07444836079540429,-0.04731799134047343,-0.07627257208322447,TRUE,TRUE,TRUE,TRUE,TRUE,FALSE,FALSE,FALSE,FALSE,same_ranking,FALSE
48976,Europe,Temperate_Without_dry_season,estimated,estimated,0.597,0.565,0.1443,0.1302,0.2361,0.2289,0.2163,0.2059,-0.09179999999999999,-0.09869999999999998,-0.1537688442211055,-0.17469026548672564,-0.24132492113564666,-0.27485380116959063,0.13763328269460806,0.10594944905737358,0.04470085278099234,0.01923637927339339,0.018190693124573776,-0.013739596235324947,climate,climate,climate,climate,-0.03200000000000003,-0.014100000000000001,-0.007200000000000012,-0.010399999999999993,-0.0068999999999999895,-0.020921421265620133,-0.03352888003394397,-0.03168383363723448,-0.02546447350759895,-0.03193028935989872,TRUE,TRUE,TRUE,TRUE,TRUE,FALSE,FALSE,FALSE,FALSE,same_ranking,FALSE
3482,North America,Cold_Without_dry_season_Warm_Summer,estimated,estimated,0.564,0.664,0.0687,0.1553,0.4034,0.4087,0.0917,0.0999,-0.3347,-0.2534,-0.5934397163120568,-0.38162650602409637,-0.7089599661088752,-0.4492907801418439,0.0029201995266802117,0.10295164788113886,0.3087996398770889,0.31094954582913936,-0.017669200139498464,-0.009599913040705177,climate,climate,climate,climate,0.10000000000000009,0.0866,0.005300000000000027,0.008199999999999999,0.08129999999999998,0.21181321028796046,0.2596691859670313,0.10003144835445865,0.002149905952050446,0.008069287098793287,TRUE,TRUE,TRUE,TRUE,TRUE,FALSE,FALSE,FALSE,FALSE,same_ranking,FALSE
15185,North America,Cold_Without_dry_season_Cold_Summer,estimated,estimated,0.66,0.61,0.0785,0.1066,0.2869,0.2554,0.2947,0.2475,-0.20839999999999997,-0.14880000000000002,-0.3157575757575757,-0.24393442622950823,-0.5703338806787082,-0.4110497237569061,0.015342351329272752,-0.035296232461943244,0.062405432359820434,0.05803190125405233,0.0851964817876616,0.049480237963646534,climate,climate,climate,climate,-0.050000000000000044,0.0281,-0.03149999999999997,-0.04720000000000002,0.05959999999999996,0.07182314952806745,0.15928415692180203,-0.050638583791215996,-0.0043735311057681026,-0.03571624382401506,TRUE,TRUE,TRUE,TRUE,TRUE,FALSE,FALSE,FALSE,FALSE,same_ranking,FALSE
21580,Latin America,Tropical,estimated,estimated,0.387,0.406,0.1055,0.102,0.1324,0.1376,0.1488,0.1663,-0.026899999999999993,-0.03560000000000001,-0.06950904392764856,-0.08768472906403942,-0.11307271963009666,-0.1485809682804675,0.15390544948741336,0.17315021798027963,0.05679853038089544,0.0884164559436067,0.10874816021528755,0.16509269596728116,climate,climate,climate,climate,0.019000000000000017,-0.003500000000000003,0.00520000000000001,0.017500000000000016,-0.008700000000000013,-0.018175685136390854,-0.03550824865037083,0.01924476849286627,0.03161792556271126,0.05634453575199361,TRUE,TRUE,TRUE,TRUE,TRUE,FALSE,FALSE,FALSE,FALSE,same_ranking,FALSE
42681,Europe,Cold_Without_dry_season_Warm_Summer,estimated,estimated,0.642,0.59,0.0175,0.0182,0.2785,0.2553,0.3464,0.3161,-0.261,-0.23710000000000003,-0.40654205607476634,-0.4018644067796611,-0.8817567567567567,-0.86691042047532,0.03260502486709105,-0.02021783984618608,0.0827805288691944,0.013683048175662571,0.1428534465034932,0.059538732641330916,climate,climate,climate,climate,-0.052000000000000046,6.999999999999992e-4,-0.0232,-0.030299999999999994,0.023899999999999977,0.004677649295105224,0.014846336281436723,-0.05282286471327713,-0.06909748069353183,-0.08331471386216227,TRUE,TRUE,TRUE,TRUE,TRUE,FALSE,FALSE,FALSE,FALSE,same_ranking,FALSE
24319,Europe,Cold_Without_dry_season_Cold_Summer,estimated,estimated,0.418,0.402,-0.0201,-0.0406,0.2474,0.248,0.1907,0.1945,-0.2675,-0.28859999999999997,-0.6399521531100479,-0.717910447761194,-1,-1,-0.015026433301857711,-0.031134277236631425,0.1327900982302902,0.12606818328278602,0.062198880148065294,0.06184864706757942,climate,climate,climate,climate,-0.01599999999999996,-0.020499999999999997,5.999999999999894e-4,0.003799999999999998,-0.021099999999999952,-0.07795829465114601,0,-0.016107843934773713,-0.006721914947504182,-3.502330804858733e-4,TRUE,TRUE,TRUE,TRUE,TRUE,FALSE,FALSE,FALSE,FALSE,same_ranking,FALSE
15734,North America,Cold_Dry_Summer,estimated,estimated,0.327,0.46,0.0724,0.1628,0.1072,0.1275,0.1476,0.1694,-0.0348,0.0353,-0.10642201834862385,0.0767391304347826,-0.19376391982182625,0.12159834653806406,-0.035045553746511304,0.09751597213926078,-0.059829676517833885,-0.07087145382514026,-0.026440851246616548,-0.03448719654987087,climate,human,climate,human,0.133,0.0904,0.0203,0.021799999999999986,0.0701,0.18316114878340645,0.3153622663598903,0.13256152588577208,-0.011041777307306377,-0.00804634530325432,TRUE,TRUE,TRUE,TRUE,TRUE,FALSE,TRUE,TRUE,TRUE,ranking_reversal,TRUE
691,North America,Cold_Without_dry_season_Cold_Summer,estimated,estimated,0.693,0.676,0.0788,0.0894,0.3807,0.357,0.2331,0.2301,-0.3019,-0.2676,-0.43564213564213566,-0.39585798816568046,-0.6570184983677911,-0.5994623655913979,0.007122926703181598,-0.008980043784546865,0.17233221518995778,0.11044494283909723,0.05097489821219636,0.03057942110766032,climate,climate,climate,climate,-0.016999999999999904,0.010599999999999998,-0.0237,-0.0030000000000000027,0.0343,0.0397841474764552,0.057556132776393265,-0.016102970487728463,-0.061887272350860556,-0.02039547710453604,TRUE,TRUE,TRUE,TRUE,TRUE,FALSE,FALSE,FALSE,FALSE,same_ranking,FALSE
860,North America,Cold_Without_dry_season_Warm_Summer,estimated,estimated,0.266,0.256,0.0289,0.0554,0.1196,0.0942,0.117,0.1062,-0.0907,-0.03880000000000001,-0.34097744360902255,-0.15156250000000002,-0.6107744107744109,-0.2593582887700535,0.05617249491545517,0.046515426226897305,0.03152640177522392,-0.003556621320509379,0.04910109327897538,0.04321953029824155,climate,climate,climate,climate,-0.010000000000000009,0.0265,-0.025399999999999992,-0.010800000000000004,0.051899999999999995,0.18941494360902253,0.35141612200435735,-0.009657068688557868,-0.0350830230957333,-0.005881562980733834,TRUE,TRUE,TRUE,TRUE,TRUE,FALSE,FALSE,FALSE,FALSE,same_ranking,FALSE
22745,Europe,Cold_Without_dry_season_Cold_Summer,estimated,estimated,0.376,0.378,0.0618,0.0534,0.1137,0.1027,0.2009,0.2216,-0.051899999999999995,-0.0493,-0.13803191489361702,-0.1304232804232804,-0.29572649572649573,-0.3158231902626521,0.0382478305607038,0.03960743439381187,0.13447870032123854,0.11523180867711569,0.19569681018830154,0.23982153894092906,climate,climate,climate,climate,0.0020000000000000018,-0.008399999999999998,-0.010999999999999996,0.020699999999999996,0.002599999999999998,0.007608634470336606,-0.020096694536156368,0.0013596038331080695,-0.019246891644122854,0.04412472875262752,TRUE,TRUE,TRUE,TRUE,TRUE,FALSE,FALSE,FALSE,FALSE,same_ranking,FALSE
24321,Europe,Cold_Without_dry_season_Warm_Summer,estimated,estimated,0.689,0.667,0.1472,0.1508,0.3664,0.3494,0.1753,0.1666,-0.2192,-0.1986,-0.31814223512336726,-0.29775112443778107,-0.42679127725856697,-0.3970411835265894,0.14100704301452627,0.11887932294379377,0.3198809214337117,0.2833711624877564,0.14297002091081468,0.12326782988287444,climate,climate,climate,climate,-0.02199999999999991,0.003599999999999992,-0.017000000000000015,-0.008700000000000013,0.020600000000000007,0.02039111068558619,0.029750093731977567,-0.022127720070732493,-0.03650975894595532,-0.01970219102794024,TRUE,TRUE,TRUE,TRUE,TRUE,FALSE,FALSE,FALSE,FALSE,same_ranking,FALSE
1604,North America,Polar,estimated,estimated,0.415,0.579,-0.005,0.0846,0.2503,0.3019,0.1694,0.1928,-0.2553,-0.2173,-0.6151807228915663,-0.3753022452504318,-1,-0.5622250970245796,0.019121700194441815,0.18371136728735926,0.10069197679680808,0.19414001717672924,0.02749848321159709,0.06462416571696927,climate,climate,climate,climate,0.16399999999999998,0.0896,0.05159999999999998,0.023400000000000004,0.038000000000000034,0.2398784776411345,0.43777490297542043,0.16458966709291745,0.09344804037992116,0.03712568250537218,TRUE,TRUE,TRUE,TRUE,TRUE,FALSE,FALSE,FALSE,FALSE,same_ranking,FALSE
45349,Europe,Cold_Without_dry_season_Cold_Summer,estimated,estimated,0.354,0.359,0.0617,0.0658,0.1905,0.1943,0.1015,0.0988,-0.1288,-0.1285,-0.3638418079096045,-0.3579387186629527,-0.5107057890563046,-0.4940407535563245,0.05767218284009301,0.06284038572910688,0.10696816005659104,0.12514281052288656,0.0057740382005954105,0.010954470858762333,climate,climate,climate,climate,0.0050000000000000044,0.0040999999999999995,0.003799999999999998,-0.002700000000000008,2.999999999999947e-4,0.005903089246651838,0.016665035499980108,0.005168202889013873,0.018174650466295517,0.0051804326581669224,TRUE,TRUE,TRUE,TRUE,TRUE,FALSE,FALSE,FALSE,FALSE,same_ranking,FALSE
294,Latin America,Temperate_Without_dry_season,estimated,estimated,0.599,0.641,0.0032,0.0206,0.3117,0.3132,0.2842,0.3068,-0.3085,-0.29259999999999997,-0.5150250417362271,-0.45647425897035876,-0.9796760876468722,-0.8765727980826842,-0.04071177121646441,8.190368369536127e-4,0.20441596118790162,0.1693948116244135,0.20150977163013706,0.20868369402975562,climate,climate,climate,climate,0.04200000000000004,0.0174,0.0015000000000000013,0.02260000000000001,0.015900000000000025,0.05855078276586834,0.10310328956418802,0.04153080805341802,-0.03502114956348812,0.00717392239961856,TRUE,TRUE,TRUE,TRUE,TRUE,FALSE,FALSE,FALSE,FALSE,same_ranking,FALSE
21917,Latin America,Polar,estimated,estimated,0.197,0.219,-0.045,-0.0274,0.0815,0.096,0.1601,0.1503,-0.1265,-0.12340000000000001,-0.6421319796954315,-0.5634703196347033,-1,-1,-0.09026134248750661,-0.06793181147543226,-0.039296783228009,-0.015623879828482012,0.05622418782151206,0.0310737132184139,climate,climate,climate,climate,0.021999999999999992,0.017599999999999998,0.014499999999999999,-0.009800000000000003,0.0030999999999999917,0.07866166006072817,0,0.022329531012074355,0.02367290339952699,-0.02515047460309816,TRUE,TRUE,TRUE,TRUE,TRUE,FALSE,FALSE,FALSE,FALSE,same_ranking,FALSE
24042,Europe,Cold_Without_dry_season_Warm_Summer,estimated,estimated,0.365,0.297,0.0184,-0.0199,-0.0084,-0.0178,0.3548,0.3351,0.026799999999999997,-0.002100000000000001,0.07342465753424657,-0.007070707070707075,1,NA,0.04001947510561532,-0.02747602235508384,-0.07312256796416361,-0.1360541858069848,0.31721923815254116,0.2337527049959126,human,climate,human,NA,-0.068,-0.0383,-0.0094,-0.019699999999999995,-0.0289,-0.08049536460495364,NA,-0.06749549746069916,-0.0629316178428212,-0.08346653315662855,TRUE,TRUE,TRUE,TRUE,TRUE,FALSE,TRUE,FALSE,TRUE,ranking_reversal,TRUE
48984,Europe,Cold_Without_dry_season_Warm_Summer,estimated,estimated,0.637,0.649,0.0035,0.0379,0.2998,0.2883,0.3338,0.3231,-0.2963,-0.2504,-0.465149136577708,-0.38582434514637903,-0.9769205407187603,-0.767627222562845,5.318013705546409e-4,0.01274248101778852,0.04933348221786571,0.050509997710061594,0.14217881873847482,0.14491348271578885,climate,climate,climate,climate,0.01200000000000001,0.0344,-0.01150000000000001,-0.010699999999999987,0.045899999999999996,0.07932479143132898,0.20929331815591534,0.01221067964723388,0.0011765154921958842,0.0027346639773140335,TRUE,TRUE,TRUE,TRUE,TRUE,FALSE,FALSE,FALSE,FALSE,same_ranking,FALSE
672,North America,Cold_Without_dry_season_Warm_Summer,estimated,estimated,0.751,0.78,0.1692,0.1891,0.2905,0.2879,0.2915,0.3032,-0.12129999999999999,-0.0988,-0.1615179760319574,-0.12666666666666665,-0.26386773983032413,-0.20712788259958073,-0.022891428267102998,0.006228432999718536,0.058499921984071945,0.05141785508417529,0.0685256513027479,0.09004968238617506,climate,climate,climate,climate,0.029000000000000026,0.0199,-0.002599999999999991,0.011700000000000044,0.022499999999999992,0.03485130936529074,0.0567398572307434,0.029119861266821534,-0.007082066899896655,0.021524031083427153,TRUE,TRUE,TRUE,TRUE,TRUE,FALSE,FALSE,FALSE,FALSE,same_ranking,FALSE
15732,North America,Cold_Without_dry_season_Warm_Summer,estimated,estimated,0.17,0.204,0.0093,0.1143,0.1733,0.1125,-0.0124,-0.0224,-0.164,0.001799999999999996,-0.9647058823529412,0.008823529411764687,-0.8981380065717415,0.007936507936507919,0.02619498348232019,0.06032510281467118,0.16502443361221897,0.0071728805037289955,-0.04818511908541778,-0.10454703295528234,climate,human,climate,human,0.033999999999999975,0.105,-0.06080000000000001,-0.01,0.1658,0.9735294117647059,0.9060745145082494,0.034130119332350994,-0.15785155310848997,-0.056361913869864555,TRUE,TRUE,TRUE,TRUE,TRUE,FALSE,TRUE,TRUE,TRUE,ranking_reversal,TRUE
45713,Europe,Cold_Without_dry_season_Cold_Summer,estimated,estimated,0.514,0.527,0.092,0.1303,0.2469,0.2409,0.1754,0.1555,-0.1549,-0.1106,-0.3013618677042802,-0.20986717267552182,-0.4570669814104456,-0.2979525862068966,-0.005926353964153086,0.006343868150781251,0.20870421421781649,0.2166653004532324,0.04687619429088641,0.02714029720243727,climate,climate,climate,climate,0.013000000000000012,0.0383,-0.006000000000000005,-0.0199,0.044300000000000006,0.09149469502875837,0.15911439520354903,0.012270222114934337,0.007961086235415915,-0.01973589708844914,TRUE,TRUE,TRUE,TRUE,TRUE,FALSE,FALSE,FALSE,FALSE,same_ranking,FALSE
22820,Europe,Cold_Without_dry_season_Warm_Summer,estimated,estimated,0.427,0.459,-0.025,0.0271,-0.0205,-0.0188,0.4722,0.4504,-0.0045000000000000005,0.045899999999999996,-0.010538641686182671,0.09999999999999999,NA,1,-0.043786979748574595,-0.01184208836943279,-0.056815650562536124,-0.07289538486900604,0.46506306474872416,0.401880848224773,climate,human,NA,human,0.03200000000000003,0.0521,0.0017000000000000001,-0.021799999999999986,0.0504,0.11053864168618266,NA,0.031944891379141804,-0.016079734306469917,-0.06318221652395117,TRUE,TRUE,TRUE,TRUE,TRUE,FALSE,TRUE,FALSE,TRUE,ranking_reversal,TRUE
1390,North America,Cold_Without_dry_season_Cold_Summer,estimated,estimated,0.416,0.43,-0.0088,0.0351,0.2958,0.2736,0.1292,0.1208,-0.3046,-0.23850000000000002,-0.7322115384615384,-0.5546511627906977,-1,-0.7725947521865889,-0.042234362938993075,-0.029007727390177762,0.1495426796493471,0.12682226283196618,-0.014068390975124467,-0.009389355064755245,climate,climate,climate,climate,0.014000000000000012,0.0439,-0.022199999999999998,-0.008400000000000005,0.06609999999999996,0.1775603756708407,0.2274052478134111,0.013226635548815313,-0.022720416817380906,0.0046790359103692225,TRUE,TRUE,TRUE,TRUE,TRUE,FALSE,FALSE,FALSE,FALSE,same_ranking,FALSE
2671,North America,Cold_Without_dry_season_Cold_Summer,estimated,estimated,0.232,0.247,0.0284,0.0443,0.0977,0.0871,0.1062,0.1155,-0.0693,-0.0428,-0.2987068965517241,-0.17327935222672064,-0.5495638382236321,-0.32572298325722987,-0.04526532243600756,-0.030678043416956013,-0.056202082947644505,-0.10768518949368311,-0.03902967581261896,-0.050920835641281914,climate,climate,climate,climate,0.014999999999999986,0.015899999999999997,-0.010599999999999998,0.009300000000000003,0.026500000000000003,0.12542754432500347,0.22384085496640221,0.014587279019051547,-0.051483106546038604,-0.011891159828662956,TRUE,TRUE,TRUE,TRUE,TRUE,FALSE,FALSE,FALSE,FALSE,same_ranking,FALSE
16075,North America,Cold_Dry_Summer,estimated,estimated,0.318,0.483,-0.0032,0.1449,0.1521,0.1692,0.1689,0.1687,-0.15530000000000002,-0.02429999999999999,-0.4883647798742139,-0.050310559006211154,-1,-0.0773638968481375,-0.005095422482001566,0.15994823516443368,0.05114409065529257,0.16511660970612718,0.07098342093616472,0.15046278638774924,climate,climate,climate,climate,0.16499999999999998,0.1481,0.017099999999999976,-2.0000000000000573e-4,0.13100000000000003,0.4380542208680027,0.9226361031518625,0.16504365764643525,0.11397251905083461,0.07947936545158452,TRUE,TRUE,TRUE,TRUE,TRUE,FALSE,FALSE,FALSE,FALSE,same_ranking,FALSE
4367,Europe,Cold_Without_dry_season_Warm_Summer,estimated,estimated,0.576,0.597,0.0153,0.0864,0.182,0.178,0.3784,0.3321,-0.1667,-0.09159999999999999,-0.2894097222222222,-0.15343383584589612,-0.8449062341611758,-0.3464447806354009,0.018687170717294088,0.039672801582129824,0.15949285583827666,0.08592942161178385,0.38741477515286404,0.22911753387991474,climate,climate,climate,climate,0.02100000000000002,0.07110000000000001,-0.0040000000000000036,-0.04630000000000001,0.0751,0.1359758863763261,0.4984614535257749,0.020985630864835736,-0.07356343422649281,-0.1582972412729493,TRUE,TRUE,TRUE,TRUE,TRUE,FALSE,FALSE,FALSE,FALSE,same_ranking,FALSE
19820,North America,Temperate_Dry_Summer,estimated,estimated,0.453,0.417,0.0757,0.0676,0.1493,0.1454,0.2279,0.2044,-0.07359999999999998,-0.07780000000000001,-0.1624724061810154,-0.1865707434052758,-0.3271111111111111,-0.36525821596244135,0.10932254883182069,0.07371484561924946,0.03246360871870402,0.03868262936241751,0.19203377958814905,0.15899583228660719,climate,climate,climate,climate,-0.03600000000000003,-0.00810000000000001,-0.003899999999999987,-0.023499999999999993,-0.004200000000000023,-0.024098337224260385,-0.03814710485133027,-0.03560770321257123,0.006219020643713491,-0.03303794730154186,TRUE,TRUE,TRUE,TRUE,TRUE,FALSE,FALSE,FALSE,FALSE,same_ranking,FALSE
22894,Europe,Cold_Without_dry_season_Cold_Summer,estimated,estimated,0.322,0.299,-0.0166,0.0129,0.2223,0.1748,0.1162,0.1117,-0.2389,-0.16190000000000002,-0.7419254658385093,-0.5414715719063546,-1,-0.8625466169419287,-0.03254603051544236,-0.05516005693883519,0.23714433042879512,0.13624501796100363,0.10844501526449246,0.09361206148120593,climate,climate,climate,climate,-0.02300000000000002,0.0295,-0.04749999999999999,-0.004500000000000004,0.07699999999999999,0.20045389393215463,0.1374533830580713,-0.02261402642339283,-0.10089931246779149,-0.014832953783286529,TRUE,TRUE,TRUE,TRUE,TRUE,FALSE,FALSE,FALSE,FALSE,same_ranking,FALSE
2645,North America,Cold_Without_dry_season_Hot_Summer,estimated,estimated,0.413,0.356,0.1269,0.0744,0.176,0.1885,0.1104,0.0926,-0.04909999999999998,-0.11410000000000001,-0.11888619854721545,-0.32050561797752813,-0.162099702872235,-0.4340053252187143,0.0345368937072944,-0.023360604813395525,0.06354648207538716,0.09990815941654574,0.02429997150769947,8.023801623757709e-5,climate,climate,climate,climate,-0.056999999999999995,-0.05250000000000002,0.012500000000000011,-0.017799999999999996,-0.06500000000000003,-0.2016194194303127,-0.2719056223464793,-0.05789749852068993,0.03636167734115858,-0.024219733491461892,TRUE,TRUE,TRUE,TRUE,TRUE,FALSE,FALSE,FALSE,FALSE,same_ranking,FALSE
22890,Europe,Cold_Without_dry_season_Warm_Summer,estimated,estimated,0.443,0.465,0.0334,0.0513,0.167,0.1854,0.2423,0.2286,-0.1336,-0.1341,-0.3015801354401806,-0.28838709677419355,-0.6666666666666666,-0.5665399239543726,0.1019375401165078,0.12452702968787022,0.1166924804736098,0.13009046725058848,0.14217439168407464,0.09135071101758829,climate,climate,climate,climate,0.02200000000000002,0.0179,0.0184,-0.01369999999999999,-5.000000000000004e-4,0.013193038665987034,0.10012674271229405,0.02258948957136242,0.013397986776978676,-0.05082368066648635,TRUE,TRUE,TRUE,TRUE,TRUE,FALSE,FALSE,FALSE,FALSE,same_ranking,FALSE
253,North America,Cold_Without_dry_season_Cold_Summer,missing_predictor_group,estimated,NA,0.604,NA,8e-4,NA,0.2665,NA,0.3365,NA,-0.2657,NA,-0.43990066225165564,NA,-0.9940142162364383,NA,3.5345474875758676e-4,NA,0.16537482342736798,NA,0.2763822660413674,NA,climate,NA,climate,NA,NA,NA,NA,NA,NA,NA,NA,NA,NA,TRUE,TRUE,FALSE,TRUE,FALSE,TRUE,FALSE,FALSE,FALSE,gained_estimability,TRUE
2647,North America,Cold_Without_dry_season_Cold_Summer,estimated,estimated,0.436,0.472,-0.0012,0.0644,0.1702,0.1492,0.267,0.2587,-0.1714,-0.0848,-0.3931192660550459,-0.17966101694915254,-1,-0.39700374531835203,-0.07201746179544766,-0.03571691617499595,-0.03323203244800277,-0.0072787797689410905,0.025085386725023473,0.07633130880784356,climate,climate,climate,climate,0.035999999999999976,0.0656,-0.02099999999999999,-0.00830000000000003,0.0866,0.21345824910589334,0.602996254681648,0.03630054562045171,0.025953252679061678,0.05124592208282008,TRUE,TRUE,TRUE,TRUE,TRUE,FALSE,FALSE,FALSE,FALSE,same_ranking,FALSE
13097,North America,Cold_Without_dry_season_Warm_Summer,estimated,estimated,0.232,0.343,0.0718,0.1128,0.0834,0.1253,0.0771,0.1051,-0.0116,-0.012499999999999997,-0.049999999999999996,-0.036443148688046635,-0.07474226804123711,-0.05249895002099957,-0.03979884718435556,0.07106341956134987,-0.039791587924944416,0.07311503416899379,-0.04264504271138014,0.04253186377391416,climate,climate,climate,climate,0.11100000000000002,0.040999999999999995,0.04189999999999999,0.027999999999999997,-8.99999999999998e-4,0.01355685131195336,0.02224331802023754,0.11086226674570543,0.1129066220939382,0.0851769064852943,TRUE,TRUE,TRUE,TRUE,TRUE,FALSE,FALSE,FALSE,FALSE,same_ranking,FALSE
15789,North America,Polar,missing_predictor_group,estimated,NA,0.198,NA,0.0277,NA,0.0804,NA,0.0903,NA,-0.0527,NA,-0.26616161616161615,NA,-0.4875115633672525,NA,-0.05175637489537488,NA,0.05815530356298082,NA,0.07539999929429853,NA,climate,NA,climate,NA,NA,NA,NA,NA,NA,NA,NA,NA,NA,TRUE,TRUE,FALSE,TRUE,FALSE,TRUE,FALSE,FALSE,FALSE,gained_estimability,TRUE
221,North America,Cold_Without_dry_season_Warm_Summer,estimated,estimated,0.322,0.381,0.1056,0.1352,0.0573,0.071,0.1592,0.1744,0.0483,0.0642,0.15,0.168503937007874,0.2965009208103131,0.31134820562560617,-0.05327483930728116,0.005258173409119382,-0.15272781125868118,-0.11603507302691463,-0.046625547706696135,-0.006808541615734076,human,human,human,human,0.059,0.029599999999999987,0.013699999999999997,0.015199999999999991,0.01589999999999999,0.018503937007874005,0.014847284815293071,0.058533012716400545,0.03669273823176655,0.03981700609096206,TRUE,TRUE,TRUE,TRUE,TRUE,FALSE,FALSE,FALSE,FALSE,same_ranking,FALSE
15132,Latin America,Temperate_Without_dry_season,estimated,estimated,0.072,0.221,0.0038,0.1043,-0.0354,0.0346,0.1036,0.0817,0.0392,0.06970000000000001,0.5444444444444445,0.31538461538461543,1,0.5017998560115192,0.03638337732195829,0.18485735911640733,-0.11302200274261642,0.0436429378115587,0.0400996725580266,0.01284442110299222,human,human,human,human,0.14900000000000002,0.1005,0.07,-0.021900000000000003,0.030500000000000013,-0.22905982905982908,-0.4982001439884808,0.14847398179444904,0.15666494055417512,-0.02725525145503438,TRUE,TRUE,TRUE,TRUE,TRUE,FALSE,FALSE,FALSE,FALSE,same_ranking,FALSE
15331,Latin America,Polar,estimated,estimated,-0.286,-0.087,-0.0412,0.082,-0.2142,-0.1682,-0.0305,-0.001,0.173,0.2502,-0.6048951048951049,-2.875862068965517,NA,1,-0.0931015851749486,0.10556856715172058,-0.3213678157534662,-0.22099624670022677,-0.11424302756303484,-0.046963938258994586,human,human,NA,human,0.19899999999999998,0.1232,0.04600000000000001,0.0295,0.07719999999999999,-2.270966964070412,NA,0.19867015232666918,0.1003715690532394,0.06727908930404025,TRUE,TRUE,TRUE,TRUE,TRUE,FALSE,FALSE,FALSE,FALSE,same_ranking,FALSE
1814,North America,Cold_Without_dry_season_Warm_Summer,estimated,estimated,0.516,0.521,0.1297,0.1491,0.2575,0.251,0.1293,0.1214,-0.1278,-0.10189999999999999,-0.24767441860465114,-0.19558541266794624,-0.3300619834710744,-0.2546863284178955,0.06328058641896928,0.06829931936444789,0.21373022438014477,0.20611612484787278,0.034031579370704224,0.023573778226465447,climate,climate,climate,climate,0.0050000000000000044,0.0194,-0.006500000000000006,-0.007900000000000004,0.025900000000000006,0.0520890059367049,0.07537565505317889,0.00501873294547861,-0.0076140995322719895,-0.010457801144238776,TRUE,TRUE,TRUE,TRUE,TRUE,FALSE,FALSE,FALSE,FALSE,same_ranking,FALSE
22936,Europe,Cold_Without_dry_season_Warm_Summer,estimated,estimated,0.606,0.636,0.0157,0.0095,0.1194,0.1278,0.4713,0.4991,-0.10370000000000001,-0.1183,-0.17112211221122114,-0.18600628930817611,-0.7675795706883791,-0.8616168973051711,-0.02360194855559783,0.006353385764727104,-0.029535536437032217,0.015744024993834982,0.31200523076921405,0.39608251022873897,climate,climate,climate,climate,0.030000000000000027,-0.006199999999999999,0.00839999999999999,0.02779999999999999,-0.014599999999999988,-0.01488417709695497,-0.09403732661679198,0.029955334320324933,0.0452795614308672,0.08407727945952492,TRUE,TRUE,TRUE,TRUE,TRUE,FALSE,FALSE,FALSE,FALSE,same_ranking,FALSE
3041,North America,Cold_Without_dry_season_Warm_Summer,estimated,estimated,0.72,0.666,0.1965,0.1651,0.3173,0.2825,0.2064,0.2189,-0.12080000000000002,-0.11739999999999998,-0.1677777777777778,-0.17627627627627623,-0.23511093810821335,-0.26228775692582657,0.05303012382273231,-6.029268136101829e-4,0.12244224521905567,0.04845720015603683,-0.013875077151903392,0.006843319520455804,climate,climate,climate,climate,-0.05399999999999994,-0.03140000000000001,-0.03480000000000005,0.012500000000000011,0.003400000000000042,-0.00849849849849843,-0.02717681881761322,-0.053633050636342494,-0.07398504506301884,0.020718396672359196,TRUE,TRUE,TRUE,TRUE,TRUE,FALSE,FALSE,FALSE,FALSE,same_ranking,FALSE
24057,Europe,Polar,estimated,estimated,0.316,0.235,0.054,-0.0119,0.0204,0.009,0.2416,0.2378,0.0336,-0.020900000000000002,0.10632911392405063,-0.08893617021276597,0.45161290322580644,-1,0.10414814732633582,0.023079631253411392,-0.07749239829203647,-0.11169188880042036,0.11621586627116465,0.09742126130599293,human,climate,human,climate,-0.08100000000000002,-0.0659,-0.011400000000000002,-0.003799999999999998,-0.0545,-0.1952652841368166,-1.4516129032258065,-0.08106851607292442,-0.03419949050838389,-0.018794604965171713,TRUE,TRUE,TRUE,TRUE,TRUE,FALSE,TRUE,TRUE,TRUE,ranking_reversal,TRUE
1630,Oceania,Temperate_Without_dry_season,estimated,estimated,0.479,0.423,0.1127,0.0551,0.0982,0.0133,0.2681,0.3543,0.014499999999999999,0.041800000000000004,0.030271398747390394,0.0988179669030733,0.0687529634898056,0.6111111111111112,0.07559912363870991,0.01926312463333102,0.12497604060939438,-0.01974254295143707,0.2079964791017357,0.40522210761050326,human,human,human,human,-0.055999999999999994,-0.05759999999999999,-0.0849,0.0862,0.027300000000000005,0.06854656815568291,0.5423581476213055,-0.05633599900537889,-0.14471858356083145,0.19722562850876757,TRUE,TRUE,TRUE,TRUE,TRUE,FALSE,FALSE,FALSE,FALSE,same_ranking,FALSE
2622,North America,Cold_Without_dry_season_Cold_Summer,estimated,estimated,0.509,0.548,0.046,0.1109,0.1506,0.1718,0.312,0.2649,-0.10460000000000001,-0.06090000000000001,-0.20550098231827113,-0.11113138686131388,-0.5320447609359106,-0.21542270958613374,0.027426226231160644,0.06638477206884952,0.12366464239496189,0.18841604906486487,0.22083894061681375,0.14909549637311037,climate,climate,climate,climate,0.039000000000000035,0.0649,0.021199999999999997,-0.047099999999999975,0.0437,0.09436959545695725,0.31662205134977683,0.038958545837688874,0.06475140666990298,-0.07174344424370338,TRUE,TRUE,TRUE,TRUE,TRUE,FALSE,FALSE,FALSE,FALSE,same_ranking,FALSE
40875,North America,Cold_Without_dry_season_Warm_Summer,estimated,estimated,0.478,0.438,0.1688,0.1561,0.1769,0.1648,0.1324,0.1173,-0.008099999999999996,-0.008700000000000013,-0.01694560669456066,-0.019863013698630166,-0.023430720277697412,-0.027111249610470595,0.12174864776961625,0.08174271526497523,0.041730395775770535,0.05881550900466992,-0.006844587313122097,0.004331227992686815,climate,climate,climate,climate,-0.03999999999999998,-0.012700000000000017,-0.0121,-0.015099999999999988,-6.000000000000172e-4,-0.0029174070040695055,-0.0036805293327731824,-0.04000593250464102,0.017085113228899385,0.011175815305808912,TRUE,TRUE,TRUE,TRUE,TRUE,FALSE,FALSE,FALSE,FALSE,same_ranking,FALSE
2888,North America,Cold_Without_dry_season_Warm_Summer,estimated,estimated,0.483,0.583,-0.0165,0.094,0.4023,0.3963,0.0974,0.093,-0.4188,-0.3023,-0.867080745341615,-0.5185248713550601,-1,-0.6165612890067307,6.611218315591971e-4,0.10078935491547991,0.3250528929021441,0.32714702143559493,0.007356335963022431,0.012496343165265489,climate,climate,climate,climate,0.09999999999999998,0.1105,-0.006000000000000005,-0.004400000000000001,0.11649999999999999,0.34855587398655485,0.3834387109932693,0.10012823308392071,0.002094128533450812,0.005140007202243058,TRUE,TRUE,TRUE,TRUE,TRUE,FALSE,FALSE,FALSE,FALSE,same_ranking,FALSE
17400,North America,Polar,estimated,estimated,0.268,0.195,0.0474,0.0179,0.1359,0.1178,0.0845,0.0596,-0.0885,-0.0999,-0.3302238805970149,-0.5123076923076924,-0.4828150572831424,-0.7361827560795874,0.007406195708871688,-0.0651395538888041,0.03437052866805046,0.011388082879244643,-0.016812349585803466,-0.05336008953131888,climate,climate,climate,climate,-0.07300000000000001,-0.0295,-0.01809999999999999,-0.024900000000000005,-0.011400000000000007,-0.18208381171067745,-0.253367698796445,-0.07254574959767579,-0.022982445788805816,-0.03654773994551541,TRUE,TRUE,TRUE,TRUE,TRUE,FALSE,FALSE,FALSE,FALSE,same_ranking,FALSE
24190,Europe,Cold_Without_dry_season_Cold_Summer,estimated,estimated,0.477,0.559,0.0038,0.0202,0.1171,0.1538,0.3556,0.3852,-0.1133,-0.1336,-0.23752620545073375,-0.23899821109123431,-0.9371381306865179,-0.767816091954023,6.663496823867687e-4,0.08332780949011187,0.0019792433935421627,0.08796120982917877,0.2620549340841267,0.33382346492964743,climate,climate,climate,climate,0.08200000000000007,0.016399999999999998,0.036699999999999997,0.02959999999999996,-0.0203,-0.0014720056405005677,0.16932203873249485,0.0826614598077251,0.0859819664356366,0.0717685308455207,TRUE,TRUE,TRUE,TRUE,TRUE,FALSE,FALSE,FALSE,FALSE,same_ranking,FALSE
20034,Europe,Cold_Without_dry_season_Cold_Summer,estimated,estimated,0.296,0.395,0.0253,0.1534,0.0718,0.0458,0.199,0.1959,-0.0465,0.1076,-0.1570945945945946,0.2724050632911392,-0.4788877445932028,0.5401606425702811,0.01180928928151237,0.11078086530984277,0.003371008642923168,-0.053334152450375094,0.16742598219993243,0.15641782999688747,climate,human,climate,human,0.09900000000000003,0.12810000000000002,-0.026000000000000002,-0.0031000000000000194,0.15410000000000001,0.42949965788573385,1.019048387163484,0.0989715760283304,-0.05670516109329826,-0.011008152203044963,TRUE,TRUE,TRUE,TRUE,TRUE,FALSE,TRUE,TRUE,TRUE,ranking_reversal,TRUE
1030,North America,Cold_Without_dry_season_Cold_Summer,estimated,estimated,0.38,0.364,0.0217,0.0193,0.1263,0.1327,0.2323,0.2121,-0.1046,-0.11340000000000001,-0.2752631578947368,-0.3115384615384616,-0.7067567567567568,-0.7460526315789473,1.4736538008452982e-4,-0.016055071149160716,-0.010073386802797457,0.008424587218331947,0.14620598081890068,0.11145727576550513,climate,climate,climate,climate,-0.016000000000000014,-0.0023999999999999994,0.006400000000000017,-0.020199999999999996,-0.008800000000000016,-0.03627530364372478,-0.039295874822190546,-0.016202436529245245,0.018497974021129404,-0.03474870505339556,TRUE,TRUE,TRUE,TRUE,TRUE,FALSE,FALSE,FALSE,FALSE,same_ranking,FALSE
1961,North America,Cold_Without_dry_season_Warm_Summer,estimated,estimated,0.342,0.356,0.0768,0.09,0.1795,0.1778,0.086,0.0886,-0.1027,-0.08780000000000002,-0.30029239766081867,-0.24662921348314612,-0.4007023019898557,-0.3278566094100075,0.04551060716616828,0.059622451786327746,0.10118741116648478,0.09171044659537442,-0.02208554609543545,-0.02286430345806678,climate,climate,climate,climate,0.013999999999999957,0.013200000000000003,-0.0016999999999999793,0.002600000000000005,0.014899999999999983,0.053663184177672546,0.07284569257984819,0.014111844620159464,-0.009476964571110358,-7.787573626313327e-4,TRUE,TRUE,TRUE,TRUE,TRUE,FALSE,FALSE,FALSE,FALSE,same_ranking,FALSE
41025,North America,Cold_Without_dry_season_Hot_Summer,estimated_residual_temporal_dependence,estimated_residual_temporal_dependence,0.226,0.264,-0.0225,0.0045,0.1155,0.1334,0.1328,0.1263,-0.138,-0.1289,-0.6106194690265487,-0.48825757575757567,-1,-0.9347353154459753,-0.024328530513708868,0.013958375094763276,0.08308918674949672,0.12563502025220852,0.11974635429965874,0.11345488497064449,climate,climate,climate,climate,0.038000000000000006,0.027,0.017899999999999985,-0.006500000000000006,0.009100000000000025,0.12236189326897307,0.06526468455402468,0.038286905608472144,0.042545833502711794,-0.006291469329014254,TRUE,TRUE,TRUE,TRUE,TRUE,FALSE,FALSE,FALSE,FALSE,same_ranking,FALSE
2644,North America,Cold_Dry_Summer,estimated,estimated,0.521,0.546,0.0701,0.0818,0.1512,0.1566,0.2995,0.3073,-0.0811,-0.07479999999999999,-0.15566218809980806,-0.13699633699633698,-0.3664708540442838,-0.31375838926174493,0.138135469695695,0.16307034374490192,0.08093184335934567,0.10614998357460725,0.2706191846863575,0.3003436160511661,climate,climate,climate,climate,0.025000000000000022,0.011700000000000002,0.005399999999999988,0.007800000000000029,0.006300000000000014,0.018665851103471076,0.05271246478253888,0.024934874049206912,0.025218140215261586,0.029724431364808623,TRUE,TRUE,TRUE,TRUE,TRUE,FALSE,FALSE,FALSE,FALSE,same_ranking,FALSE
1897,North America,Cold_Without_dry_season_Hot_Summer,estimated,estimated,0.554,0.671,-0.0399,0.0835,0.2291,0.2225,0.3644,0.3652,-0.269,-0.139,-0.48555956678700357,-0.20715350223546947,-1,-0.45424836601307195,-0.03697867104486374,0.08059681414060293,0.1068803318932724,0.17749393927586765,0.2643427499593165,0.3497666412323307,climate,climate,climate,climate,0.11699999999999999,0.12340000000000001,-0.006599999999999995,8.000000000000229e-4,0.13,0.2784060645515341,0.545751633986928,0.11757548518546668,0.07061360738259526,0.0854238912730142,TRUE,TRUE,TRUE,TRUE,TRUE,FALSE,FALSE,FALSE,FALSE,same_ranking,FALSE
2378,North America,Cold_Without_dry_season_Warm_Summer,estimated,estimated,0.537,0.559,0.0995,0.1612,0.1927,0.1802,0.2445,0.2181,-0.0932,-0.01899999999999999,-0.17355679702048418,-0.03398926654740606,-0.3189596167008898,-0.05565319273579375,-0.01772474229148846,0.005174368996643031,0.04813088522736397,0.07811979080689813,0.07580973993532569,0.07804891902986,climate,climate,climate,climate,0.02200000000000002,0.061700000000000005,-0.012500000000000011,-0.026400000000000007,0.07420000000000002,0.13956753047307813,0.26330642396509607,0.02289911128813149,0.029988905579534153,0.002239179094534305,TRUE,TRUE,TRUE,TRUE,TRUE,FALSE,FALSE,FALSE,FALSE,same_ranking,FALSE
1650,North America,Cold_Without_dry_season_Cold_Summer,estimated,estimated,0.666,0.645,0.0541,0.0768,0.2374,0.223,0.3745,0.3456,-0.1833,-0.1462,-0.2752252252252252,-0.22666666666666666,-0.6288164665523156,-0.48765843895930616,0.03231804473269073,0.011713838815091027,0.0698953778634458,0.054358621055309975,0.21642266321030734,0.17196033214577244,climate,climate,climate,climate,-0.02100000000000002,0.02269999999999999,-0.014399999999999996,-0.02889999999999998,0.037099999999999994,0.048558558558558534,0.14115802759300944,-0.020604205917599705,-0.015536756808135821,-0.0444623310645349,TRUE,TRUE,TRUE,TRUE,TRUE,FALSE,FALSE,FALSE,FALSE,same_ranking,FALSE
15309,North America,Cold_Without_dry_season_Warm_Summer,estimated,estimated,0.202,0.208,0.009,0.0357,0.0479,0.0388,0.1455,0.1338,-0.0389,-0.0030999999999999986,-0.19257425742574255,-0.014903846153846148,-0.6836555360281195,-0.04161073825503353,-0.040219110472916486,-0.03442307697857361,-0.0728591929000274,-0.07094424756212603,0.04832738906595746,0.04489080983556537,climate,climate,climate,climate,0.005999999999999978,0.0267,-0.009099999999999997,-0.011699999999999988,0.0358,0.1776704112718964,0.6420447977730859,0.005796033494342878,0.0019149453379013748,-0.0034365792303920895,TRUE,TRUE,TRUE,TRUE,TRUE,FALSE,FALSE,FALSE,FALSE,same_ranking,FALSE
355,Latin America,Polar,estimated,estimated,0.212,0.208,0.0515,0.0398,0.0829,0.0917,0.0781,0.0768,-0.031400000000000004,-0.0519,-0.14811320754716983,-0.2495192307692308,-0.23363095238095244,-0.3946768060836502,-0.03490744362568632,-0.039091465610927134,-0.026203595969954807,-0.016988619850019315,-8.298866609487421e-4,-0.011615316727971225,climate,climate,climate,climate,-0.0040000000000000036,-0.011699999999999995,0.008800000000000002,-0.0013000000000000095,-0.020499999999999997,-0.10140602322206096,-0.16104585370269775,-0.004184021985240816,0.009214976119935492,-0.010785430067022483,TRUE,TRUE,TRUE,TRUE,TRUE,FALSE,FALSE,FALSE,FALSE,same_ranking,FALSE
2351,North America,Cold_Without_dry_season_Cold_Summer,estimated,estimated,0.622,0.609,0.0494,0.0381,0.3575,0.3538,0.215,0.2173,-0.3081,-0.3157,-0.4953376205787781,-0.5183908045977011,-0.7571884984025559,-0.8055626435315131,9.861276451632595e-4,-0.011715798996118854,0.2722291782129508,0.24004260307123537,0.1327230444473061,0.11258584731697374,climate,climate,climate,climate,-0.013000000000000012,-0.011299999999999998,-0.003699999999999981,0.0022999999999999965,-0.007599999999999996,-0.023053184018923034,-0.04837414512895721,-0.012701926641282113,-0.03218657514171541,-0.02013719713033235,TRUE,TRUE,TRUE,TRUE,TRUE,FALSE,FALSE,FALSE,FALSE,same_ranking,FALSE
46457,Europe,Cold_Without_dry_season_Cold_Summer,estimated,estimated,0.372,0.388,-0.0159,0.0469,0.1823,0.1683,0.2054,0.1727,-0.1982,-0.12140000000000001,-0.5327956989247311,-0.31288659793814433,-1,-0.5641263940520447,-0.06281612498370959,-0.04671469893186364,0.034532046316245624,-0.010905366355883017,0.033703103071833884,-0.049048405217700264,climate,climate,climate,climate,0.016000000000000014,0.0628,-0.013999999999999985,-0.03270000000000001,0.07679999999999998,0.21990910098658678,0.4358736059479553,0.016101426051845946,-0.04543741267212864,-0.08275150828953415,TRUE,TRUE,TRUE,TRUE,TRUE,FALSE,FALSE,FALSE,FALSE,same_ranking,FALSE
1656,North America,Cold_Without_dry_season_Cold_Summer,estimated,estimated,0.53,0.704,0.1271,0.2644,0.0948,0.1346,0.3083,0.3051,0.032299999999999995,0.12980000000000003,0.060943396226415085,0.18437500000000004,0.14556106354213608,0.3253132832080201,0.041195438295504316,0.21509229116401618,0.08199987836205902,0.21321441279939635,0.16019675524253485,0.20521471100547384,human,human,human,human,0.17399999999999993,0.13730000000000003,0.0398,-0.003200000000000036,0.09750000000000003,0.12343160377358495,0.17975221966588403,0.17389685286851186,0.13121453443733733,0.04501795576293899,TRUE,TRUE,TRUE,TRUE,TRUE,FALSE,FALSE,FALSE,FALSE,same_ranking,FALSE
3031,North America,Cold_Without_dry_season_Hot_Summer,estimated,estimated,0.572,0.566,0.0782,0.2157,0.1629,0.1119,0.3311,0.2386,-0.08469999999999998,0.1038,-0.14807692307692305,0.18339222614840991,-0.3513065118208212,0.31684981684981683,0.01726406957080784,0.011243777188832738,-0.014850531858528249,-0.0735975179907189,0.13654049881973784,-0.0052244522270030735,climate,human,climate,human,-0.006000000000000005,0.1375,-0.05099999999999999,-0.0925,0.1885,0.331469149225333,0.668156328670638,-0.006020292381975101,-0.05874698613219065,-0.14176495104674092,TRUE,TRUE,TRUE,TRUE,TRUE,FALSE,TRUE,TRUE,TRUE,ranking_reversal,TRUE
41222,Europe,Temperate_Without_dry_season,estimated,estimated,0.382,0.346,0.0314,0.0258,0.2268,0.2125,0.124,0.1077,-0.19540000000000002,-0.1867,-0.5115183246073299,-0.5395953757225435,-0.7567776917118514,-0.7834662190516157,0.037386508583867606,0.0011594855882610666,0.21619278942378672,0.19595233487929165,0.09690906718119896,0.07267622479622349,climate,climate,climate,climate,-0.03600000000000003,-0.005599999999999997,-0.014300000000000007,-0.016299999999999995,0.008700000000000013,-0.028077051115213525,-0.026688527339764345,-0.03622702299560654,-0.02024045454449508,-0.024232842384975473,TRUE,TRUE,TRUE,TRUE,TRUE,FALSE,FALSE,FALSE,FALSE,same_ranking,FALSE
23008,Europe,Cold_Without_dry_season_Warm_Summer,estimated,estimated,0.741,0.694,0.005,-0.0329,0.1978,0.1918,0.5384,0.5352,-0.1928,-0.2247,-0.2601889338731444,-0.32377521613832855,-0.9506903353057199,-1,0.034918883464989725,-0.012224897148476965,0.09768516283972961,0.06063280525423398,0.4575404090062637,0.425988188857634,climate,climate,climate,climate,-0.04700000000000004,-0.037899999999999996,-0.006000000000000005,-0.0031999999999999806,-0.03190000000000001,-0.06358628226518415,-0.04930966469428011,-0.04714378061346669,-0.03705235758549563,-0.031552220148629684,TRUE,TRUE,TRUE,TRUE,TRUE,FALSE,FALSE,FALSE,FALSE,same_ranking,FALSE
20306,North America,Arid,estimated,estimated,0.011,0.146,0.0586,0.1741,-0.0732,-0.0829,0.0258,0.0552,0.1318,0.257,11.981818181818182,1.7602739726027399,1,1,0.042943567753315426,0.17799759700463325,-0.16553463303246518,-0.19988048292423533,-0.0745233818907487,-0.030685717719871164,human,human,human,human,0.13499999999999998,0.1155,-0.0097,0.0294,0.1252,-10.221544209215443,0,0.13505402925131782,-0.03434584989177014,0.04383766417087753,TRUE,TRUE,TRUE,TRUE,TRUE,FALSE,FALSE,FALSE,FALSE,same_ranking,FALSE
543,North America,Cold_Without_dry_season_Cold_Summer,estimated,estimated,0.288,0.249,0.1591,0.1317,0.0978,0.0693,0.0306,0.0476,0.06129999999999999,0.06240000000000001,0.21284722222222222,0.25060240963855424,0.23861424678863366,0.3104477611940299,0.19078430398003243,0.1519238111245541,0.08155866868322004,0.00756517403988477,0.01418806611511203,0.030952296483870656,human,human,human,human,-0.03899999999999998,-0.02739999999999998,-0.028499999999999998,0.017000000000000005,0.0011000000000000176,0.03775518741633202,0.07183351440539623,-0.038860492855478324,-0.07399349464333527,0.016764230368758626,TRUE,TRUE,TRUE,TRUE,TRUE,FALSE,FALSE,FALSE,FALSE,same_ranking,FALSE
4147,Europe,Temperate_Without_dry_season,estimated,estimated,0.206,0.255,0.0594,0.0942,0.0895,0.1133,0.0573,0.0474,-0.030099999999999995,-0.019099999999999992,-0.14611650485436892,-0.07490196078431369,-0.2021490933512424,-0.0920481927710843,0.0883897988853023,0.13719194395910428,0.015370999340097447,0.08436793893843919,-0.05562655291459051,-0.05403825889360803,climate,climate,climate,climate,0.049000000000000016,0.034800000000000005,0.0238,-0.009899999999999999,0.011000000000000003,0.07121454407005523,0.1101009005801581,0.048802145073801984,0.06899693959834174,0.0015882940209824836,TRUE,TRUE,TRUE,TRUE,TRUE,FALSE,FALSE,FALSE,FALSE,same_ranking,FALSE
17406,North America,Cold_Without_dry_season_Warm_Summer,estimated,estimated,0.49,0.58,0.1004,0.1123,0.1947,0.2408,0.1952,0.2264,-0.09430000000000001,-0.1285,-0.19244897959183677,-0.22155172413793106,-0.31955269400203323,-0.3639195695270462,-0.0026559712543117175,0.08659241331031609,0.08675310150469318,0.18585629186628028,0.09952830853962169,0.16877187170853514,climate,climate,climate,climate,0.08999999999999997,0.011899999999999994,0.046099999999999974,0.031199999999999978,-0.034199999999999994,-0.029102744546094295,-0.04436687552501295,0.0892483845646278,0.0991031903615871,0.06924356316891345,TRUE,TRUE,TRUE,TRUE,TRUE,FALSE,FALSE,FALSE,FALSE,same_ranking,FALSE
48935,Europe,Arid,estimated,estimated,0.638,0.659,0.0055,0.0373,0.2735,0.2857,0.3594,0.3364,-0.268,-0.2484,-0.4200626959247649,-0.37693474962063733,-0.9605734767025089,-0.7690402476780186,0.02628412550654291,0.04731335389767488,0.11202617719546204,0.08616159696331704,0.2023749799702309,0.10593686096941335,climate,climate,climate,climate,0.02100000000000002,0.0318,0.012199999999999989,-0.02300000000000002,0.019600000000000006,0.043127946304127585,0.19153322902449033,0.02102922839113197,-0.025864580232144996,-0.09643811900081756,TRUE,TRUE,TRUE,TRUE,TRUE,FALSE,FALSE,FALSE,FALSE,same_ranking,FALSE
40861,North America,Cold_Without_dry_season_Hot_Summer,estimated,estimated,0.315,0.373,0.0584,0.1004,0.1721,0.1922,0.0845,0.0806,-0.1137,-0.0918,-0.3609523809523809,-0.24611260053619305,-0.4932754880694143,-0.3137388926862611,0.0453316898245153,0.1035953456857589,0.16507343834341315,0.188722868923624,0.10045866095331024,0.07615466335738819,climate,climate,climate,climate,0.057999999999999996,0.042,0.020100000000000007,-0.0039000000000000007,0.02189999999999999,0.11483978041618786,0.1795365953831532,0.0582636558612436,0.02364943058021085,-0.024303997595922056,TRUE,TRUE,TRUE,TRUE,TRUE,FALSE,FALSE,FALSE,FALSE,same_ranking,FALSE
39474,North America,Cold_Without_dry_season_Warm_Summer,estimated,estimated,0.436,0.261,0.2299,0.0776,0.1217,0.1046,0.0843,0.079,0.10819999999999999,-0.026999999999999996,0.24816513761467887,-0.10344827586206895,0.3077360637087599,-0.14818880351262348,0.13087078688082077,-0.043788883366939424,0.10220316283013631,0.10494123773964215,-0.04614855584829669,-0.019980877500919925,human,climate,human,climate,-0.175,-0.1523,-0.017100000000000004,-0.005299999999999999,-0.1352,-0.3516134134767478,-0.45592486722138337,-0.1746596702477602,0.0027380749095058388,0.026167678347376766,TRUE,TRUE,TRUE,TRUE,TRUE,FALSE,TRUE,TRUE,TRUE,ranking_reversal,TRUE
48361,North America,Cold_Dry_Summer,estimated_residual_temporal_dependence,estimated,0.384,0.409,-0.0158,0.0211,0.3044,0.3116,0.0953,0.0761,-0.3202,-0.2905,-0.8338541666666666,-0.7102689486552567,-1,-0.8731590021039976,-0.017894441131189875,0.007065430496686842,0.13713828665213934,0.19497763172245464,-0.060921175914483094,-0.05603323902252899,climate,climate,climate,climate,0.024999999999999967,0.0369,0.007199999999999984,-0.019199999999999995,0.029700000000000004,0.12358521801140987,0.12684099789600245,0.024959871627876717,0.057839345070315296,0.004887936891954103,TRUE,TRUE,TRUE,TRUE,TRUE,TRUE,FALSE,FALSE,FALSE,same_ranking,FALSE
25,North America,Cold_Without_dry_season_Cold_Summer,estimated,estimated,0.7,0.724,0.0793,0.1144,0.2748,0.2685,0.3462,0.3406,-0.1955,-0.15410000000000001,-0.2792857142857143,-0.21284530386740333,-0.5521039254447897,-0.402454949072865,0.01498329841332291,0.03826817454059228,-0.02378582141646468,-0.011831133669512606,0.07546370483535769,0.08904957889803033,climate,climate,climate,climate,0.02400000000000002,0.035100000000000006,-0.006299999999999972,-0.005599999999999994,0.04139999999999999,0.06644041041831097,0.1496489763719247,0.02328487612726937,0.011954687746952075,0.013585874062672643,TRUE,TRUE,TRUE,TRUE,TRUE,FALSE,FALSE,FALSE,FALSE,same_ranking,FALSE
1107,North America,Polar,estimated,estimated,0.529,0.573,-0.0454,0.1105,0.2713,0.21,0.3036,0.2521,-0.3167,-0.09949999999999999,-0.5986767485822305,-0.1736474694589878,-1,-0.31045241809672386,-0.024381707190486268,0.01876206578174766,0.14957520993862572,0.059451353776620364,0.17593676388115764,0.10520084224587245,climate,climate,climate,climate,0.04399999999999993,0.1559,-0.06129999999999999,-0.05149999999999999,0.2172,0.42502927912324273,0.6895475819032761,0.04314377297223393,-0.09012385616200536,-0.07073592163528519,TRUE,TRUE,TRUE,TRUE,TRUE,FALSE,FALSE,FALSE,FALSE,same_ranking,FALSE
14289,Europe,Temperate_Without_dry_season,estimated,estimated,0.456,0.431,0.1012,0.078,0.1027,0.0929,0.2526,0.2599,-0.0015000000000000013,-0.014899999999999997,-0.003289473684210529,-0.034570765661252896,-0.007356547327121144,-0.08718548858981859,0.06936489302607263,0.04352800144658908,0.16257752042167484,0.13612925792680342,0.2685879632250643,0.2763687906499297,climate,climate,climate,climate,-0.025000000000000022,-0.0232,-0.009800000000000003,0.007300000000000029,-0.013399999999999995,-0.031281291977042366,-0.07982894126269745,-0.025836891579483545,-0.026448262494871422,0.007780827424865411,TRUE,TRUE,TRUE,TRUE,TRUE,FALSE,FALSE,FALSE,FALSE,same_ranking,FALSE
25767,Europe,Polar,estimated,estimated,0.18,0.223,0.0163,0.0592,0.0379,0.0316,0.1258,0.132,-0.021600000000000005,0.0276,-0.12000000000000002,0.12376681614349776,-0.3985239852398525,0.3039647577092511,-0.041863980663440215,9.307867807618608e-4,-0.06403685088674449,-0.08076551367623497,0.05252922686055994,0.06079657462727606,climate,human,climate,human,0.04300000000000001,0.04290000000000001,-0.0063,0.006200000000000011,0.04920000000000001,0.24376681614349777,0.7024887429491036,0.042794767444202075,-0.016728662789490478,0.008267347766716115,TRUE,TRUE,TRUE,TRUE,TRUE,FALSE,TRUE,TRUE,TRUE,ranking_reversal,TRUE
22678,Europe,Cold_Without_dry_season_Warm_Summer,estimated,estimated,0.398,0.432,-0.0526,0.034,0.0107,0.0223,0.4399,0.3755,-0.0633,0.011700000000000002,-0.15904522613065325,0.027083333333333338,-1,0.20781527531083485,-0.06324844156744414,-0.029507542659059527,0.023023107306047508,-0.04099177834961276,0.4774210293540172,0.2614263317291885,climate,human,climate,human,0.033999999999999975,0.08660000000000001,0.011600000000000001,-0.06440000000000001,0.075,0.1861285594639866,1.2078152753108349,0.03374089890838461,-0.06401488565566027,-0.2159946976248287,TRUE,TRUE,TRUE,TRUE,TRUE,FALSE,TRUE,TRUE,TRUE,ranking_reversal,TRUE
48656,Oceania,Tropical,missing_predictor_group,missing_predictor_group,NA,NA,NA,NA,NA,NA,NA,NA,NA,NA,NA,NA,NA,NA,NA,NA,NA,NA,NA,NA,NA,NA,NA,NA,NA,NA,NA,NA,NA,NA,NA,NA,NA,NA,TRUE,TRUE,FALSE,FALSE,FALSE,FALSE,FALSE,FALSE,FALSE,not_estimable_at_either_radius,FALSE
15350,North America,Cold_Without_dry_season_Warm_Summer,insufficient_residual_df,insufficient_residual_df,NA,NA,NA,NA,NA,NA,NA,NA,NA,NA,NA,NA,NA,NA,NA,NA,NA,NA,NA,NA,NA,NA,NA,NA,NA,NA,NA,NA,NA,NA,NA,NA,NA,NA,TRUE,TRUE,FALSE,FALSE,FALSE,FALSE,FALSE,FALSE,FALSE,not_estimable_at_either_radius,FALSE
16231,North America,Cold_Without_dry_season_Warm_Summer,estimated,estimated,0.465,0.52,0.1062,0.2586,0.1836,0.1521,0.1755,0.1094,-0.07740000000000001,0.10649999999999998,-0.16645161290322583,0.20480769230769227,-0.26708074534161497,0.2593133674214755,0.032299358831291425,0.0871215799923879,0.21513687173186757,0.061847283976576906,0.19764124434868469,-0.024874432853026596,climate,human,climate,human,0.05499999999999999,0.15239999999999998,-0.0315,-0.06609999999999999,0.1839,0.3712593052109181,0.5263941127630904,0.054822221161096474,-0.15328958775529067,-0.22251567720171128,TRUE,TRUE,TRUE,TRUE,TRUE,FALSE,TRUE,TRUE,TRUE,ranking_reversal,TRUE
2590,North America,Cold_Without_dry_season_Cold_Summer,estimated,estimated,0.336,0.427,-0.0206,0.1233,0.025,0.0803,0.3313,0.223,-0.0456,0.04300000000000001,-0.1357142857142857,0.1007025761124122,-1,0.21119842829076627,-0.06678148192893663,0.02418450124907434,-0.030185506225918424,0.058384982400072394,0.31719272529247666,0.07841163300186504,climate,human,climate,human,0.09099999999999997,0.1439,0.055299999999999995,-0.10829999999999998,0.08860000000000001,0.2364168618266979,1.2111984282907662,0.09096598317801097,0.08857048862599082,-0.23878109229061162,TRUE,TRUE,TRUE,TRUE,TRUE,FALSE,TRUE,TRUE,TRUE,ranking_reversal,TRUE
17381,North America,Cold_Without_dry_season_Cold_Summer,estimated,estimated,0.567,0.662,-0.0167,0.1128,0.2884,0.283,0.2953,0.2665,-0.3051,-0.17019999999999996,-0.5380952380952381,-0.2570996978851963,-1,-0.43001515917129857,-0.0246225720026112,0.07065962691851635,0.03202530641990353,0.07156399484016895,0.04443977892693318,0.03707516938844713,climate,climate,climate,climate,0.09500000000000008,0.1295,-0.005400000000000016,-0.028799999999999992,0.13490000000000002,0.28099554021004175,0.5699848408287014,0.09528219892112755,0.03953868842026542,-0.0073646095384860555,TRUE,TRUE,TRUE,TRUE,TRUE,FALSE,FALSE,FALSE,FALSE,same_ranking,FALSE
2599,North America,Cold_Dry_Summer,estimated,estimated,0.001,-0.02,0.0403,0.0287,-0.1022,-0.111,0.0632,0.0628,0.14250000000000002,0.1397,142.5,-6.984999999999999,1,1,0.05980946344484528,0.03891796721910179,-0.19255954710245116,-0.20210103273740776,0.004138576197701416,0.011452084934156836,human,human,human,human,-0.021,-0.011600000000000003,-0.008800000000000002,-4.0000000000001146e-4,-0.0028000000000000247,-149.485,0,-0.02089149622574349,-0.009541485634956604,0.007313508736455421,TRUE,TRUE,TRUE,TRUE,TRUE,FALSE,FALSE,FALSE,FALSE,same_ranking,FALSE
4397,Europe,Cold_Without_dry_season_Warm_Summer,estimated,estimated,0.539,0.456,0.0874,0.0416,0.0813,0.0527,0.3707,0.3614,0.006100000000000008,-0.011099999999999999,0.011317254174397046,-0.02434210526315789,0.03615886188500301,-0.11770943796394485,0.13987448472230812,0.05616615638485423,0.07009655654229663,-0.018369229909724782,0.3573843006049259,0.30774159473528595,human,climate,human,climate,-0.08300000000000002,-0.04580000000000001,-0.0286,-0.009299999999999975,-0.017200000000000007,-0.03565935943755494,-0.15386829984894787,-0.0837083283374539,-0.08846578645202141,-0.049642705869639925,TRUE,TRUE,TRUE,TRUE,TRUE,FALSE,TRUE,TRUE,TRUE,ranking_reversal,TRUE
14921,Oceania,Polar,missing_predictor_group,missing_predictor_group,NA,NA,NA,NA,NA,NA,NA,NA,NA,NA,NA,NA,NA,NA,NA,NA,NA,NA,NA,NA,NA,NA,NA,NA,NA,NA,NA,NA,NA,NA,NA,NA,NA,NA,TRUE,TRUE,FALSE,FALSE,FALSE,FALSE,FALSE,FALSE,FALSE,not_estimable_at_either_radius,FALSE
15292,North America,Cold_Without_dry_season_Warm_Summer,estimated,estimated,0.555,0.6,0.1172,0.1855,0.2702,0.2362,0.1678,0.1779,-0.153,-0.050699999999999995,-0.27567567567567564,-0.08449999999999999,-0.3949406298399587,-0.12022764998814323,0.05832586264883988,0.10292828698118206,0.07756759489280218,0.06712874863258889,-0.019982664218298973,0.057885045798661716,climate,climate,climate,climate,0.04499999999999993,0.0683,-0.034,0.010099999999999998,0.1023,0.19117567567567564,0.2747129798518155,0.04460242433234218,-0.010438846260213297,0.07786771001696069,TRUE,TRUE,TRUE,TRUE,TRUE,FALSE,FALSE,FALSE,FALSE,same_ranking,FALSE
15306,Latin America,Polar,estimated,estimated,0.481,0.471,0.017,-0.0414,0.3236,0.3689,0.1408,0.1437,-0.3066,-0.4103,-0.6374220374220374,-0.8711252653927813,-0.9001761597181444,-1,-0.03219150962933881,-0.04238913384416276,0.2674138285393234,0.332970612457297,0.12618503456905017,0.1068107205406531,climate,climate,climate,climate,-0.010000000000000009,-0.0584,0.04530000000000001,0.002899999999999986,-0.10370000000000001,-0.23370322797074394,-0.09982384028185565,-0.010197624214823953,0.0655567839179736,-0.019374314028397066,TRUE,TRUE,TRUE,TRUE,TRUE,FALSE,FALSE,FALSE,FALSE,same_ranking,FALSE
2054,North America,Cold_Without_dry_season_Cold_Summer,insufficient_unique_ages,insufficient_unique_ages,NA,NA,NA,NA,NA,NA,NA,NA,NA,NA,NA,NA,NA,NA,NA,NA,NA,NA,NA,NA,NA,NA,NA,NA,NA,NA,NA,NA,NA,NA,NA,NA,NA,NA,TRUE,TRUE,FALSE,FALSE,FALSE,FALSE,FALSE,FALSE,FALSE,not_estimable_at_either_radius,FALSE
3500,North America,Temperate_Without_dry_season,estimated,estimated,0.395,0.312,0.164,0.1105,0.0617,0.0451,0.1697,0.1566,0.1023,0.0654,0.2589873417721519,0.20961538461538462,0.4532565352237483,0.42030848329048837,0.20006125852095769,0.11696083848407002,-0.0655465256188904,-0.08126644908454672,0.07377424727228654,0.06491357500988948,human,human,human,human,-0.08300000000000002,-0.053500000000000006,-0.016599999999999997,-0.0131,-0.0369,-0.04937195715676726,-0.03294805193325995,-0.08310042003688767,-0.015719923465656316,-0.008860672262397062,TRUE,TRUE,TRUE,TRUE,TRUE,FALSE,FALSE,FALSE,FALSE,same_ranking,FALSE
4330,Europe,Cold_Without_dry_season_Warm_Summer,estimated,estimated,0.348,0.348,-0.0241,-7e-4,0.246,0.2238,0.1263,0.125,-0.2701,-0.2245,-0.7761494252873564,-0.6451149425287357,-1,-1,-0.03601160474852527,-0.036203801939102664,0.06864560761653682,0.03710820552703098,-0.048902755521933905,-0.03861286068331382,climate,climate,climate,climate,0,0.0234,-0.022199999999999998,-0.0012999999999999956,0.0456,0.13103448275862073,0,-1.9219719057739226e-4,-0.03153740208950584,0.010289894838620084,TRUE,TRUE,TRUE,TRUE,TRUE,FALSE,FALSE,FALSE,FALSE,same_ranking,FALSE
2476,North America,Cold_Without_dry_season_Cold_Summer,estimated,estimated,0.233,0.222,-0.0395,-0.0161,0.1086,0.1086,0.1644,0.13,-0.1481,-0.1247,-0.6356223175965665,-0.5617117117117117,-1,-1,-0.05648089677251045,-0.06738794826713368,0.07573941158547604,0.08237161646125513,0.15036201926104298,0.08815195084581473,climate,climate,climate,climate,-0.01100000000000001,0.0234,0,-0.034399999999999986,0.023400000000000004,0.07391060588485476,0,-0.010907051494623232,0.006632204875779091,-0.06221006841522825,TRUE,TRUE,TRUE,TRUE,TRUE,FALSE,FALSE,FALSE,FALSE,same_ranking,FALSE
21700,Latin America,Temperate_Without_dry_season,missing_predictor_group,estimated,NA,0.783,NA,0.1268,NA,0.315,NA,0.3413,NA,-0.1882,NA,-0.24035759897828862,NA,-0.4259846084200996,NA,0.04379248750342901,NA,0.1400892082470261,NA,0.09115752832848889,NA,climate,NA,climate,NA,NA,NA,NA,NA,NA,NA,NA,NA,NA,TRUE,TRUE,FALSE,TRUE,FALSE,TRUE,FALSE,FALSE,FALSE,gained_estimability,TRUE
2382,North America,Cold_Without_dry_season_Warm_Summer,estimated,estimated,0.231,0.254,0.0123,0.0164,0.1385,0.1354,0.0803,0.1026,-0.1262,-0.119,-0.5463203463203463,-0.46850393700787396,-0.8368700265251989,-0.7839262187088274,-0.07215512924085643,-0.04889591952447914,-0.0056888317789256515,-0.04504449456515747,-0.056951728962888915,-0.04542221000659408,climate,climate,climate,climate,0.022999999999999993,0.004100000000000001,-0.0031000000000000194,0.0223,0.007200000000000012,0.07781640931247236,0.052943807816371535,0.023259209716377294,-0.039355662786231815,0.011529518956294837,TRUE,TRUE,TRUE,TRUE,TRUE,FALSE,FALSE,FALSE,FALSE,same_ranking,FALSE
24593,Europe,Temperate_Without_dry_season,estimated,estimated,0.488,0.428,0.203,0.0308,0.2371,0.316,0.0478,0.0816,-0.03409999999999999,-0.2852,-0.06987704918032785,-0.6663551401869159,-0.07748239036582592,-0.8223760092272203,0.06847861459142301,0.009079776522605498,0.09968289142660147,0.34415163677293337,0.0011319561700876557,0.15534106655999091,climate,climate,climate,climate,-0.06,-0.17220000000000002,0.0789,0.033800000000000004,-0.2511,-0.596478091006588,-0.7448936188613944,-0.05939883806881752,0.2444687453463319,0.15420911038990326,TRUE,TRUE,TRUE,TRUE,TRUE,FALSE,FALSE,FALSE,FALSE,same_ranking,FALSE
2343,North America,Cold_Without_dry_season_Warm_Summer,estimated,estimated,0.492,0.475,0.0469,0.0611,0.3111,0.3057,0.1338,0.1083,-0.2642,-0.24460000000000004,-0.5369918699186992,-0.5149473684210527,-0.7379888268156425,-0.6668484187568158,-0.030647327209698316,-0.04734724558935144,0.16776982470698298,0.1951789367784592,-0.011906186139105879,-0.024665323112417092,climate,climate,climate,climate,-0.017000000000000015,0.014200000000000004,-0.00539999999999996,-0.02550000000000001,0.01959999999999995,0.022044501497646474,0.07114040805882671,-0.016699918379653123,0.027409112071476227,-0.012759136973311214,TRUE,TRUE,TRUE,TRUE,TRUE,FALSE,FALSE,FALSE,FALSE,same_ranking,FALSE
4501,Europe,Cold_Without_dry_season_Cold_Summer,estimated,estimated,0.262,0.274,-0.0055,0.0057,0.0956,0.0983,0.1717,0.1704,-0.10110000000000001,-0.0926,-0.38587786259541984,-0.33795620437956203,-1,-0.8903846153846154,-0.025752473029109102,-0.013093441623931557,-0.0551800809510975,-0.04790053786437298,-0.015289191073925457,-0.015894302499640967,climate,climate,climate,climate,0.01200000000000001,0.0112,0.002699999999999994,-0.0012999999999999956,0.008500000000000008,0.04792165821585781,0.10961538461538456,0.012659031405177545,0.007279543086724516,-6.051114257155099e-4,TRUE,TRUE,TRUE,TRUE,TRUE,FALSE,FALSE,FALSE,FALSE,same_ranking,FALSE
41756,Europe,Cold_Without_dry_season_Cold_Summer,estimated,estimated,0.319,0.338,-0.0221,0.0052,0.1621,0.1538,0.1792,0.1788,-0.1842,-0.14859999999999998,-0.5774294670846395,-0.4396449704142011,-1,-0.9345911949685534,-0.04165751926049188,-0.023087061949287224,-0.011560776221715141,-0.019806173528947646,-0.019717887835382086,-0.012289314171547883,climate,climate,climate,climate,0.019000000000000017,0.0273,-0.008300000000000002,-4.0000000000001146e-4,0.03560000000000002,0.1377844966704384,0.06540880503144664,0.018570457311204658,-0.008245397307232505,0.007428573663834204,TRUE,TRUE,TRUE,TRUE,TRUE,FALSE,FALSE,FALSE,FALSE,same_ranking,FALSE
22689,Europe,Cold_Without_dry_season_Warm_Summer,estimated,estimated,0.43,0.431,-0.0092,0.0206,0.0817,0.0749,0.3576,0.3356,-0.0909,-0.054299999999999994,-0.21139534883720928,-0.1259860788863109,-1,-0.5685863874345549,-0.03561947204231397,-0.034561454185061846,0.04419540364092067,0.008457199903117107,0.3146385734472654,0.2485984960841252,climate,climate,climate,climate,0.0010000000000000009,0.0298,-0.0068000000000000005,-0.021999999999999964,0.0366,0.0854092699508984,0.4314136125654451,0.0010580178572521248,-0.035738203737803564,-0.06604007736314021,TRUE,TRUE,TRUE,TRUE,TRUE,FALSE,FALSE,FALSE,FALSE,same_ranking,FALSE
20883,North America,Cold_Dry_Summer,estimated,estimated,0.649,0.695,-0.0526,0.3018,0.0396,0.0239,0.6616,0.3696,-0.0922,0.27790000000000004,-0.14206471494607087,0.39985611510791375,-1,0.853239177156893,-0.04296441426519182,0.003777477357429393,0.14118276506163652,0.03314140225246265,0.7775617735819921,0.11669082541778197,climate,human,climate,human,0.04599999999999993,0.3544,-0.015700000000000002,-0.292,0.37010000000000004,0.5419208300539846,1.853239177156893,0.04674189162262121,-0.10804136280917387,-0.6608709481642101,TRUE,TRUE,TRUE,TRUE,TRUE,FALSE,TRUE,TRUE,TRUE,ranking_reversal,TRUE
15136,North America,Cold_Without_dry_season_Warm_Summer,estimated,estimated,0.257,0.269,0.0302,0.0236,0.1532,0.1667,0.0737,0.0788,-0.123,-0.14309999999999998,-0.47859922178988323,-0.5319702602230482,-0.6706652126499454,-0.7519705727798213,-0.06279285552670588,-0.05078633324141313,0.008814746632328285,0.03483494095456163,-0.04811881814028285,-0.03875565418417115,climate,climate,climate,climate,0.01200000000000001,-0.006600000000000002,0.013499999999999984,0.005099999999999993,-0.02009999999999998,-0.05337103843316493,-0.08130536012987588,0.012006522285292753,0.026020194322233348,0.009363163956111697,TRUE,TRUE,TRUE,TRUE,TRUE,FALSE,FALSE,FALSE,FALSE,same_ranking,FALSE
20616,North America,Cold_Without_dry_season_Cold_Summer,estimated,estimated,0.708,0.732,0.1061,0.0896,0.3816,0.3827,0.2207,0.2596,-0.27549999999999997,-0.29309999999999997,-0.3891242937853107,-0.40040983606557373,-0.5648964527373385,-0.6205801397416896,0.017133709353678417,0.04062005609443553,0.3508792181175713,0.3732775578156847,0.08986405616718951,0.1878425127023986,climate,climate,climate,climate,0.02400000000000002,-0.0165,0.0010999999999999899,0.03889999999999999,-0.017600000000000005,-0.011285542280263017,-0.05568368700435111,0.023486346740757114,0.022398339698113445,0.09797845653520909,TRUE,TRUE,TRUE,TRUE,TRUE,FALSE,FALSE,FALSE,FALSE,same_ranking,FALSE
3926,Europe,Polar,estimated,estimated,0.373,0.164,0.0764,-0.0147,0.1768,0.0853,0.1198,0.0934,-0.10040000000000002,-0.1,-0.26916890080428957,-0.6097560975609756,-0.39652448657188005,-1,0.16158415804246018,-0.04742922029898555,0.07052449267914651,-0.08067155779351398,-0.047564102226795524,-0.06871514558008818,climate,climate,climate,climate,-0.209,-0.0911,-0.09150000000000001,-0.026400000000000007,4.0000000000001146e-4,-0.34058719675668603,-0.60347551342812,-0.20901337834144573,-0.1511960504726605,-0.021151043353292653,TRUE,TRUE,TRUE,TRUE,TRUE,FALSE,FALSE,FALSE,FALSE,same_ranking,FALSE
45379,Europe,Cold_Without_dry_season_Warm_Summer,estimated,estimated,0.489,0.544,0.1307,0.0286,0.2313,0.3256,0.1273,0.1901,-0.1006,-0.297,-0.20572597137014315,-0.5459558823529411,-0.27790055248618784,-0.8385093167701863,-0.01285287224634346,0.04208774812471572,0.07274106553256576,0.38286076989007456,-0.00404433825702577,0.2428918662671089,climate,climate,climate,climate,0.05500000000000005,-0.10210000000000001,0.0943,0.0628,-0.1964,-0.340229910982798,-0.5606087642839984,0.05494062037105918,0.3101197043575088,0.24693620452413467,TRUE,TRUE,TRUE,TRUE,TRUE,FALSE,FALSE,FALSE,FALSE,same_ranking,FALSE
21770,North America,Temperate_Without_dry_season,estimated,estimated,0.502,0.53,0.0789,0.1187,0.2347,0.2282,0.1884,0.1835,-0.1558,-0.10949999999999999,-0.3103585657370518,-0.20660377358490561,-0.4968112244897959,-0.31565292591524935,-0.013117296553756486,0.015214549895648521,0.12239537648540644,0.1094202947622136,0.10476327606401159,0.09496531219758508,climate,climate,climate,climate,0.028000000000000025,0.0398,-0.006500000000000006,-0.0049000000000000155,0.04630000000000001,0.10375479215214617,0.18115829857454657,0.028331846449405007,-0.012975081723192838,-0.009797963866426507,TRUE,TRUE,TRUE,TRUE,TRUE,FALSE,FALSE,FALSE,FALSE,same_ranking,FALSE
25773,Europe,Cold_Without_dry_season_Warm_Summer,estimated,estimated,0.329,0.371,0.1235,0.1786,0.0419,0.0394,0.1638,0.1532,0.0816,0.13920000000000002,0.2480243161094225,0.3752021563342319,0.4933494558645708,0.6385321100917432,0.016957078495249522,0.05887734533063316,-0.06880112399051663,-0.1016014998175514,0.149092651062936,0.0999377883308532,human,human,human,human,0.04199999999999998,0.05510000000000001,-0.0025000000000000022,-0.010599999999999998,0.05760000000000001,0.12717784022480938,0.14518265422717236,0.041920266835383635,-0.03280037582703477,-0.049154862732082805,TRUE,TRUE,TRUE,TRUE,TRUE,FALSE,FALSE,FALSE,FALSE,same_ranking,FALSE
4256,Europe,Temperate_Dry_Summer,estimated,estimated,0.354,0.304,0.0117,-0.0186,0.1766,0.169,0.1653,0.1533,-0.16490000000000002,-0.18760000000000002,-0.4658192090395481,-0.6171052631578948,-0.8757302177376528,-1,-0.012553340771904842,-0.06240712311578345,0.1397327859095736,0.062234143355937355,0.13414485526695763,0.04778677944937537,climate,climate,climate,climate,-0.04999999999999999,-0.0303,-0.007599999999999996,-0.01200000000000001,-0.022699999999999998,-0.15128605411834672,-0.1242697822623472,-0.049853782343878605,-0.07749864255363625,-0.08635807581758226,TRUE,TRUE,TRUE,TRUE,TRUE,FALSE,FALSE,FALSE,FALSE,same_ranking,FALSE
1782,North America,Cold_Without_dry_season_Hot_Summer,estimated,estimated,0.79,0.798,0.2449,0.2606,0.1677,0.1704,0.3773,0.3674,0.07720000000000002,0.0902,0.097721518987341785,0.11303258145363408,0.18710615608337378,0.20928074245939676,0.016470114183305906,0.024898360095399585,0.13368907768260763,0.1494286767328541,0.1602626188790488,0.15071676587384975,human,human,human,human,0.008000000000000007,0.015699999999999992,0.002700000000000008,-0.00990000000000002,0.012999999999999984,0.015311062466292297,0.022174586376022987,0.00842824591209368,0.015739599050246467,-0.009545853005199056,TRUE,TRUE,TRUE,TRUE,TRUE,FALSE,FALSE,FALSE,FALSE,same_ranking,FALSE
2620,North America,Arid,estimated,estimated,0.484,0.596,0.1255,0.1387,0.1921,0.2253,0.1668,0.2321,-0.06659999999999999,-0.08660000000000001,-0.13760330578512395,-0.14530201342281882,-0.2096977329974811,-0.23791208791208796,0.10243386042787916,0.21415198863349172,-0.008495655637574706,0.04138290680333212,-0.02499796031301349,0.08902120691539805,climate,climate,climate,climate,0.11199999999999999,0.01319999999999999,0.03320000000000001,0.0653,-0.020000000000000018,-0.007698707637694868,-0.02821435491460686,0.11171812820561255,0.049878562440906826,0.11401916722841154,TRUE,TRUE,TRUE,TRUE,TRUE,FALSE,FALSE,FALSE,FALSE,same_ranking,FALSE
4024,Europe,Cold_Without_dry_season_Cold_Summer,estimated,estimated,0.056,0.079,-0.0701,-0.0422,0.0553,0.0538,0.0703,0.0678,-0.1254,-0.096,-2.2392857142857143,-1.2151898734177216,-1,-1,-0.08898210622686298,-0.0651736570779724,-0.007915841735003704,-0.02153606851249834,0.013178826949832523,-0.0023755196389138034,climate,climate,climate,climate,0.023,0.027899999999999994,-0.0015000000000000013,-0.0025000000000000022,0.02940000000000001,1.0240958408679928,0,0.023808449148890576,-0.013620226777494637,-0.015554346588746326,TRUE,TRUE,TRUE,TRUE,TRUE,FALSE,FALSE,FALSE,FALSE,same_ranking,FALSE
489,North America,Cold_Without_dry_season_Hot_Summer,estimated,estimated,0.344,0.436,-0.0557,0.0491,0.3132,0.3042,0.0867,0.0826,-0.3689,-0.25510000000000005,-1.0723837209302327,-0.58509174311926615,-1,-0.7220492499292387,-0.06459486536741932,0.027134631388841424,0.34106664917831164,0.2904178642836026,0.12994956652998524,0.08920184174516899,climate,climate,climate,climate,0.09200000000000003,0.1048,-0.008999999999999952,-0.0040999999999999925,0.11379999999999996,0.48729197781096656,0.2779507500707613,0.09172949675626074,-0.05064878489470903,-0.04074772478481625,TRUE,TRUE,TRUE,TRUE,TRUE,FALSE,FALSE,FALSE,FALSE,same_ranking,FALSE
24256,Europe,Cold_Without_dry_season_Warm_Summer,estimated,estimated,0.415,0.384,0.0545,0.0849,0.3268,0.2766,0.0341,0.0228,-0.2723,-0.1917,-0.656144578313253,-0.49921875,-0.7141358510359297,-0.5302904564315353,-0.028567555906228503,-0.05964520078299773,0.14998017630007054,0.07384057944862199,-0.05534568176978172,-0.05375883071563725,climate,climate,climate,climate,-0.030999999999999972,0.030400000000000003,-0.05019999999999997,-0.011299999999999998,0.08059999999999998,0.15692582831325302,0.18384539460439442,-0.031077644876769228,-0.07613959685144855,0.001586851054144467,TRUE,TRUE,TRUE,TRUE,TRUE,FALSE,FALSE,FALSE,FALSE,same_ranking,FALSE
1716,North America,Cold_Without_dry_season_Warm_Summer,estimated,estimated,0.473,0.467,0.0756,0.0682,0.2177,0.21560000000000001,0.1798,0.1834,-0.1421,-0.14740000000000003,-0.30042283298097255,-0.3156316916488223,-0.48448687350835323,-0.5193798449612405,0.047594810209466765,0.04164130660925036,0.1158028587000407,0.12348447841098942,0.08909472614905178,0.10819340118470133,climate,climate,climate,climate,-0.00599999999999995,-0.007400000000000004,-0.0020999999999999908,0.00360000000000002,-0.005300000000000027,-0.015208858667849767,-0.03489297145288722,-0.005953503600216403,0.007681619710948717,0.01909867503564955,TRUE,TRUE,TRUE,TRUE,TRUE,FALSE,FALSE,FALSE,FALSE,same_ranking,FALSE
26431,Europe,Cold_Without_dry_season_Warm_Summer,estimated,estimated,0.528,0.543,0.0242,0.0267,0.1799,0.1795,0.3234,0.3365,-0.1557,-0.1528,-0.2948863636363636,-0.28139963167587473,-0.7628613424791769,-0.7410281280310378,0.012296871512333385,0.027447638555493814,0.13062996597570808,0.13604694411682394,0.30898696109227064,0.34144923038195096,climate,climate,climate,climate,0.015000000000000013,0.0025000000000000022,-4.0000000000001146e-4,0.0131,0.0029000000000000137,0.013486731960488885,0.021833214448139127,0.015150767043160429,0.005416978141115858,0.03246226928968032,TRUE,TRUE,TRUE,TRUE,TRUE,FALSE,FALSE,FALSE,FALSE,same_ranking,FALSE
17296,North America,Cold_Without_dry_season_Cold_Summer,estimated,estimated,0.303,0.315,0.0451,0.116,0.0629,0.0399,0.1948,0.1595,-0.017799999999999996,0.0761,-0.05874587458745874,0.2415873015873016,-0.16481481481481478,0.48813341885824246,0.11384455428732188,0.12650119499757062,0.05198396457467325,-0.009921967237623397,0.20322210678766162,0.11648673556601186,climate,human,climate,human,0.01200000000000001,0.0709,-0.023,-0.0353,0.0939,0.30033317617476035,0.6529482336730572,0.012656640710248745,-0.061905931812296644,-0.08673537122164976,TRUE,TRUE,TRUE,TRUE,TRUE,FALSE,TRUE,TRUE,TRUE,ranking_reversal,TRUE
19266,North America,Polar,estimated,estimated,0.275,0.296,0.0134,0.0821,0.1572,0.1173,0.1044,0.0962,-0.1438,-0.035199999999999995,-0.5229090909090909,-0.11891891891891891,-0.8429073856975382,-0.17652958876629884,0.042490524193544266,0.06320346485072714,0.026925288539454195,-0.01932720805805077,-0.017340904286676007,-9.876321507562569e-5,climate,climate,climate,climate,0.020999999999999963,0.06870000000000001,-0.039900000000000005,-0.008200000000000013,0.10860000000000002,0.40399017199017195,0.6663777969312393,0.020712940657182877,-0.046252496597504966,0.01724214107160038,TRUE,TRUE,TRUE,TRUE,TRUE,FALSE,FALSE,FALSE,FALSE,same_ranking,FALSE
15872,North America,Temperate_Without_dry_season,estimated,estimated,0.313,0.328,0.0277,0.0394,0.2668,0.2256,0.0181,0.0631,-0.23909999999999998,-0.1862,-0.7638977635782747,-0.5676829268292682,-0.8118845500848896,-0.7026415094339622,-0.021493366769238853,-0.005854305274285099,0.24524608432190442,0.11767593647410701,-0.06156011083191737,-0.016631334699372058,climate,climate,climate,climate,0.015000000000000013,0.011699999999999999,-0.04119999999999999,0.045,0.052899999999999975,0.19621483674900642,0.10924304065092738,0.015639061494953754,-0.1275701478477974,0.04492877613254531,TRUE,TRUE,TRUE,TRUE,TRUE,FALSE,FALSE,FALSE,FALSE,same_ranking,FALSE
537,Latin America,Polar,estimated,estimated,0.614,0.535,0.1991,0.0881,0.3169,0.3558,0.0984,0.0907,-0.11780000000000002,-0.2677,-0.19185667752443,-0.5003738317757009,-0.22829457364341088,-0.6030637530975445,0.041945365647329536,-0.037901838920493924,0.09160634860600259,0.18650362336073145,-0.02957833613747507,-0.027827944555308015,climate,climate,climate,climate,-0.07899999999999996,-0.111,0.03889999999999999,-0.0076999999999999985,-0.14989999999999998,-0.3085171542512709,-0.37476917945413357,-0.07984720456782346,0.09489727475472887,0.0017503915821670546,TRUE,TRUE,TRUE,TRUE,TRUE,FALSE,FALSE,FALSE,FALSE,same_ranking,FALSE
47011,Latin America,Temperate_Without_dry_season,estimated,estimated,0.614,0.506,0.1299,0.0834,0.2631,0.2435,0.2206,0.1791,-0.1332,-0.1601,-0.2169381107491857,-0.316403162055336,-0.3389312977099237,-0.48975221780360967,0.07146685877686143,-0.03609689237476266,0.2610195236297699,0.17436006295015793,0.1541573759568584,0.023730067828654278,climate,climate,climate,climate,-0.10799999999999998,-0.046499999999999986,-0.019600000000000006,-0.04149999999999998,-0.02689999999999998,-0.09946505130615027,-0.15082092009368597,-0.10756375115162409,-0.08665946067961194,-0.13042730812820413,TRUE,TRUE,TRUE,TRUE,TRUE,FALSE,FALSE,FALSE,FALSE,same_ranking,FALSE
14951,North America,Cold_Dry_Summer,estimated,estimated,0.473,0.437,1e-4,0.0267,0.3381,0.3001,0.1345,0.1102,-0.338,-0.2734,-0.7145877378435519,-0.6256292906178489,-0.9994086339444117,-0.8365973072215422,-0.00721215436069933,-0.04296221599041372,0.19688193703652268,0.15841054347540962,-0.027841899160757966,-0.03879048239801064,climate,climate,climate,climate,-0.035999999999999976,0.026600000000000002,-0.038000000000000034,-0.024300000000000002,0.06460000000000005,0.08895844722570301,0.16281132672286946,-0.03575006162971439,-0.038471393561113065,-0.010948583237252674,TRUE,TRUE,TRUE,TRUE,TRUE,FALSE,FALSE,FALSE,FALSE,same_ranking,FALSE
17873,Latin America,Temperate_Dry_Summer,estimated,estimated,-0.337,0.406,-0.0835,0.3532,-0.2284,0.0272,-0.0255,0.0255,0.14489999999999997,0.326,-0.42997032640949545,0.8029556650246306,NA,0.8569926393270242,-0.13547882294684865,0.6078592160492522,-0.33916397860740366,0.22310082798400976,-0.13801249782693348,0.015076092290946863,human,human,NA,human,0.7430000000000001,0.43670000000000003,0.2556,0.051,0.18110000000000004,1.232925991434126,NA,0.7433380389961008,0.5622648065914134,0.15308859011788034,TRUE,TRUE,TRUE,TRUE,TRUE,FALSE,FALSE,FALSE,FALSE,same_ranking,FALSE
15420,North America,Polar,missing_predictor_group,estimated,NA,0.452,NA,0.11,NA,0.1744,NA,0.1674,NA,-0.0644,NA,-0.1424778761061947,NA,-0.22644163150492266,NA,-0.04918566973276228,NA,0.09248599553628656,NA,0.017334383569778566,NA,climate,NA,climate,NA,NA,NA,NA,NA,NA,NA,NA,NA,NA,TRUE,TRUE,FALSE,TRUE,FALSE,TRUE,FALSE,FALSE,FALSE,gained_estimability,TRUE
3138,North America,Cold_Without_dry_season_Warm_Summer,estimated,estimated,0.612,0.595,0.0668,0.1206,0.2924,0.2566,0.2532,0.2176,-0.2256,-0.136,-0.3686274509803922,-0.2285714285714286,-0.6280623608017818,-0.36055143160127257,0.033484296230518074,0.015993352472281286,0.07386284189400516,0.07022626248230868,0.024401369235917292,0.021307495080787664,climate,climate,climate,climate,-0.017000000000000015,0.0538,-0.0358,-0.03559999999999999,0.08959999999999999,0.1400560224089636,0.26751092920050923,-0.017490943758236788,-0.0036365794116964834,-0.003093874155129628,TRUE,TRUE,TRUE,TRUE,TRUE,FALSE,FALSE,FALSE,FALSE,same_ranking,FALSE
1691,North America,Cold_Without_dry_season_Cold_Summer,estimated,estimated,0.7,0.683,0.0728,0.1103,0.3028,0.3028,0.3243,0.2702,-0.23,-0.1925,-0.3285714285714286,-0.2818448023426061,-0.612353567625133,-0.4659888646816751,-0.0021676490881491484,-0.018816998387562345,0.05990139612578904,0.12894656663255133,0.13910977746504594,0.09980706682068807,climate,climate,climate,climate,-0.016999999999999904,0.03749999999999999,0,-0.05409999999999998,0.037500000000000006,0.04672662622882251,0.14636470294345794,-0.016649349299413196,0.06904517050676229,-0.03930271064435786,TRUE,TRUE,TRUE,TRUE,TRUE,FALSE,FALSE,FALSE,FALSE,same_ranking,FALSE
22660,Europe,Cold_Without_dry_season_Cold_Summer,estimated,estimated,0.347,0.399,0.086,0.1298,0.1817,0.1863,0.0794,0.0834,-0.09570000000000001,-0.056499999999999995,-0.275792507204611,-0.14160401002506265,-0.3574897273066866,-0.1787409047769693,0.03677677800759027,0.0892668480631561,0.07807460673409417,0.07102402793420881,-0.020006392494358538,-0.028423791035589785,climate,climate,climate,climate,0.052000000000000046,0.043800000000000006,0.004599999999999993,0.0040000000000000036,0.03920000000000001,0.13418849717954837,0.1787488225297173,0.05249007005556583,-0.007050578799885354,-0.008417398541231247,TRUE,TRUE,TRUE,TRUE,TRUE,FALSE,FALSE,FALSE,FALSE,same_ranking,FALSE
4148,Europe,Temperate_Without_dry_season,estimated,estimated,0.452,0.597,0.0013,0.1387,0.2306,0.2538,0.2204,0.2046,-0.2293,-0.11510000000000004,-0.5073008849557522,-0.1927973199329984,-0.9887882708063821,-0.29324840764331217,0.023983337067905897,0.16891359164627073,-0.030666099980963035,0.06251845188556404,-0.062022570521609643,-0.04700838998397616,climate,climate,climate,climate,0.14499999999999996,0.1374,0.023200000000000026,-0.01580000000000001,0.11419999999999997,0.3145035650227538,0.6955398631630699,0.14493025457836484,0.09318455186652708,0.015014180537633481,TRUE,TRUE,TRUE,TRUE,TRUE,FALSE,FALSE,FALSE,FALSE,same_ranking,FALSE
206,North America,Polar,missing_predictor_group,estimated,NA,0.471,NA,0.0437,NA,0.0674,NA,0.3597,NA,-0.0237,NA,-0.05031847133757962,NA,-0.2133213321332133,NA,0.052366786281165534,NA,-0.013294110985146324,NA,0.3131932701638668,NA,climate,NA,climate,NA,NA,NA,NA,NA,NA,NA,NA,NA,NA,TRUE,TRUE,FALSE,TRUE,FALSE,TRUE,FALSE,FALSE,FALSE,gained_estimability,TRUE
1105,North America,Cold_Without_dry_season_Warm_Summer,estimated,estimated,0.633,0.662,0.1343,0.1625,0.3204,0.3228,0.1779,0.1768,-0.18610000000000002,-0.16029999999999997,-0.2939968404423381,-0.24214501510574013,-0.40928084451286567,-0.33031114774366366,-0.017166727512675783,0.0123250174322862,0.1829854234248669,0.20240182471854473,0.010167991599099313,0.02257232080387961,climate,climate,climate,climate,0.029000000000000026,0.028200000000000003,0.0023999999999999577,-0.0010999999999999899,0.025800000000000045,0.05185182533659796,0.07896969676920201,0.029491744944961984,0.019416401293677832,0.012404329204780296,TRUE,TRUE,TRUE,TRUE,TRUE,FALSE,FALSE,FALSE,FALSE,same_ranking,FALSE
1524,North America,Cold_Without_dry_season_Warm_Summer,estimated,estimated,0.725,0.735,0.1587,0.1516,0.2656,0.2678,0.301,0.3152,-0.1069,-0.11619999999999997,-0.14744827586206896,-0.15809523809523807,-0.2519443789771388,-0.27706247019551733,0.01019618288845714,0.019608717303925105,0.052553738843714504,0.05361621911919734,0.07617286227962494,0.1013256561806819,climate,climate,climate,climate,0.010000000000000009,-0.007099999999999995,0.0021999999999999797,0.01419999999999999,-0.009299999999999975,-0.010646962233169105,-0.025118091218378547,0.009412534415467966,0.0010624802754828355,0.025152793901056958,TRUE,TRUE,TRUE,TRUE,TRUE,FALSE,FALSE,FALSE,FALSE,same_ranking,FALSE
2652,North America,Polar,estimated,estimated,0.359,0.368,-0.004,0.0517,0.2381,0.2234,0.1252,0.0934,-0.2421,-0.1717,-0.6743732590529249,-0.46657608695652175,-1,-0.624136677571792,-0.026583547785295925,-0.01743150675632732,0.10717070795717631,0.10641137585913929,0.0123174619372034,-0.022930615758653405,climate,climate,climate,climate,0.009000000000000008,0.0557,-0.014700000000000019,-0.03180000000000001,0.07040000000000002,0.20779717209640314,0.37586332242820797,0.009152041028968605,-7.593320980370244e-4,-0.035248077695856805,TRUE,TRUE,TRUE,TRUE,TRUE,FALSE,FALSE,FALSE,FALSE,same_ranking,FALSE
47590,Europe,Temperate_Dry_Summer,estimated,estimated,0.471,0.404,0.0786,-0.0037,0.2409,0.2547,0.1518,0.1526,-0.1623,-0.25839999999999996,-0.34458598726114653,-0.6396039603960395,-0.507981220657277,-1,0.08151312717804371,0.013784441819502224,0.13095011555000968,0.12466121271934782,0.018163662139254244,-0.014154688470940036,climate,climate,climate,climate,-0.06699999999999995,-0.0823,0.013799999999999979,8.000000000000229e-4,-0.09609999999999996,-0.295017973134893,-0.492018779342723,-0.06772868535854148,-0.006288902830661858,-0.03231835061019428,TRUE,TRUE,TRUE,TRUE,TRUE,FALSE,FALSE,FALSE,FALSE,same_ranking,FALSE
48072,Europe,Cold_Without_dry_season_Warm_Summer,estimated,estimated,0.103,0.042,0.0073,0.0122,0.0282,-0.024,0.0675,0.0537,-0.0209,0.0362,-0.2029126213592233,0.861904761904762,-0.5887323943661972,1,-0.01054215956020177,-0.07170948770526542,-0.10654614009497665,-0.2004067968630624,-0.06082625115184337,-0.07775322890385938,climate,human,climate,human,-0.06099999999999999,0.004900000000000001,-0.052199999999999996,-0.013800000000000007,0.0571,1.0648173832639853,1.5887323943661973,-0.06116732814506365,-0.09386065676808575,-0.016926977752016015,TRUE,TRUE,TRUE,TRUE,TRUE,FALSE,TRUE,TRUE,TRUE,ranking_reversal,TRUE
20872,North America,Cold_Without_dry_season_Cold_Summer,estimated,estimated,0.492,0.411,0.0907,0.027,0.1976,0.2032,0.204,0.1809,-0.1069,-0.1762,-0.21727642276422762,-0.42871046228710463,-0.37079431148109604,-0.7654213727193745,0.03750524286878221,-0.043770893446198667,0.01804816897536965,0.04441527840363224,0.061733011782807656,0.030538062403762556,climate,climate,climate,climate,-0.08100000000000002,-0.0637,0.005599999999999994,-0.02309999999999998,-0.0693,-0.211434039522877,-0.39462706123827845,-0.08127613631498087,0.026367109428262592,-0.0311949493790451,TRUE,TRUE,TRUE,TRUE,TRUE,FALSE,FALSE,FALSE,FALSE,same_ranking,FALSE
209,North America,Cold_Without_dry_season_Cold_Summer,estimated,estimated,0.427,0.445,0.0661,0.0668,0.2238,0.2601,0.1372,0.1178,-0.1577,-0.1933,-0.3693208430913349,-0.4343820224719101,-0.5439806829941359,-0.5913123279290303,-0.03650486755259086,-0.018951586391540376,-0.021664116806931255,0.07145816889851864,-0.02855322085164491,-0.04690002378463498,climate,climate,climate,climate,0.018000000000000016,6.999999999999923e-4,0.0363,-0.019399999999999987,-0.03559999999999999,-0.06506117938057521,-0.04733164493489439,0.017553281161050482,0.09312228570544989,-0.01834680293299007,TRUE,TRUE,TRUE,TRUE,TRUE,FALSE,FALSE,FALSE,FALSE,same_ranking,FALSE
2065,North America,Cold_Without_dry_season_Warm_Summer,estimated,estimated,0.349,0.26,0.1316,0.0707,0.1067,0.0979,0.1107,0.0917,0.02489999999999999,-0.027200000000000002,0.07134670487106015,-0.10461538461538462,0.10449013848090638,-0.16132858837485173,0.12004329130646196,0.03127719209856228,0.02083817393704268,0.04837757372390705,0.0038211141511452773,0.010875405177240949,human,climate,human,climate,-0.08899999999999997,-0.060899999999999996,-0.008800000000000002,-0.019000000000000003,-0.052099999999999994,-0.17596208948644476,-0.26581872685575814,-0.08876609920789968,0.02753939978686437,0.0070542910260956715,TRUE,TRUE,TRUE,TRUE,TRUE,FALSE,TRUE,TRUE,TRUE,ranking_reversal,TRUE
25318,Europe,Temperate_Without_dry_season,estimated,estimated,0.401,0.388,-0.0112,-0.0211,0.2101,0.2107,0.2018,0.1989,-0.2213,-0.2318,-0.5518703241895262,-0.5974226804123711,-1,-1,-0.025767166770160554,-0.037931612445866625,0.08408255561408307,0.07494423625738056,0.08403093616045265,0.06770806855357192,climate,climate,climate,climate,-0.013000000000000012,-0.0099,5.999999999999894e-4,-0.0029000000000000137,-0.01050000000000001,-0.045552356222844925,0,-0.01216444567570607,-0.009138319356702507,-0.01632286760688073,TRUE,TRUE,TRUE,TRUE,TRUE,FALSE,FALSE,FALSE,FALSE,same_ranking,FALSE
4485,Europe,Cold_Without_dry_season_Warm_Summer,estimated,estimated,-0.03,0.062,0.0139,0.0677,-0.0719,-0.0465,0.0284,0.0408,0.0858,0.1142,-2.8600000000000003,1.8419354838709676,1,1,-0.06624437836609787,0.02532863033262356,-0.23970201442724637,-0.19950572800025002,-0.10592195572137131,-0.09173250998552329,human,human,human,human,0.092,0.0538,0.025400000000000006,0.012400000000000001,0.028399999999999995,4.701935483870968,0,0.09157300869872143,0.04019628642699635,0.014189445735848016,TRUE,TRUE,TRUE,TRUE,TRUE,FALSE,FALSE,FALSE,FALSE,same_ranking,FALSE
969,North America,Temperate_Without_dry_season,insufficient_residual_df,insufficient_residual_df,NA,NA,NA,NA,NA,NA,NA,NA,NA,NA,NA,NA,NA,NA,NA,NA,NA,NA,NA,NA,NA,NA,NA,NA,NA,NA,NA,NA,NA,NA,NA,NA,NA,NA,TRUE,TRUE,FALSE,FALSE,FALSE,FALSE,FALSE,FALSE,FALSE,not_estimable_at_either_radius,FALSE
1674,Latin America,Polar,estimated,estimated,0.49,0.462,0.0066,0.0152,0.3636,0.3537,0.1193,0.0936,-0.357,-0.3385,-0.7285714285714285,-0.7326839826839827,-0.9643435980551054,-0.9175928435890486,-0.012018357974828309,-0.038997117948527116,0.32920743562177635,0.32152065354219816,0.08482216880795979,0.04570195815436451,climate,climate,climate,climate,-0.02799999999999997,0.0086,-0.009899999999999964,-0.0257,0.01849999999999996,-0.004112554112554179,0.04675075446605681,-0.026978759973698807,-0.0076867820795781805,-0.03912021065359528,TRUE,TRUE,TRUE,TRUE,TRUE,FALSE,FALSE,FALSE,FALSE,same_ranking,FALSE
20372,North America,Cold_Dry_Summer,estimated,estimated,0.338,0.37,0.0259,0.0498,0.1463,0.158,0.1656,0.1621,-0.12040000000000001,-0.1082,-0.3562130177514793,-0.29243243243243244,-0.6991869918699186,-0.5206929740134746,-0.07718304521518848,-0.045179291547764344,-0.06808159854977824,-0.041406016753075314,-0.03641377776286503,-0.04015864722935503,climate,climate,climate,climate,0.03199999999999997,0.023899999999999998,0.011699999999999988,-0.003500000000000003,0.012200000000000003,0.06378058531904685,0.17849401785644403,0.03200375366742414,0.02667558179670293,-0.0037448694664899973,TRUE,TRUE,TRUE,TRUE,TRUE,FALSE,FALSE,FALSE,FALSE,same_ranking,FALSE
41543,Europe,Temperate_Dry_Summer,estimated,estimated,0.183,0.072,0.0654,-0.0137,0.084,0.0579,0.0339,0.0278,-0.018600000000000005,-0.0716,-0.10163934426229511,-0.9944444444444445,-0.12449799196787152,-1,0.03916487827875581,-0.07218124223455546,0.02859616661019082,-0.01776202555195039,-0.03455980919203128,-0.04091021880383261,climate,climate,climate,climate,-0.111,-0.0791,-0.026100000000000005,-0.006100000000000001,-0.05299999999999999,-0.8928051001821493,-0.8755020080321285,-0.11134612051331128,-0.04635819216214121,-0.006350409611801333,TRUE,TRUE,TRUE,TRUE,TRUE,FALSE,FALSE,FALSE,FALSE,same_ranking,FALSE
41469,Europe,Cold_Without_dry_season_Warm_Summer,estimated,estimated,0.285,0.279,0.0404,0.028,0.0625,0.0605,0.1822,0.1906,-0.0221,-0.0325,-0.07754385964912282,-0.1164874551971326,-0.21477162293488827,-0.36723163841807915,-0.010007737766393632,-0.015981565566179134,-0.11284738440256592,-0.12793560920334235,0.06950232427204117,0.07524624101958788,climate,climate,climate,climate,-0.00599999999999995,-0.012399999999999998,-0.0020000000000000018,0.00839999999999999,-0.0104,-0.03894359554800979,-0.15246001548319088,-0.005973827799785503,-0.015088224800776429,0.005743916747546707,TRUE,TRUE,TRUE,TRUE,TRUE,FALSE,FALSE,FALSE,FALSE,same_ranking,FALSE
1773,North America,Cold_Without_dry_season_Warm_Summer,estimated,estimated,0.306,0.446,0.1007,0.1984,0.0335,0.0738,0.1714,0.1735,0.0672,0.12459999999999999,0.2196078431372549,0.27937219730941704,0.5007451564828614,0.4577516531961792,-0.011915414065011176,0.12830236429647224,-0.12339961465146543,-0.012984299022144485,-0.01946458654422245,0.014593604516055403,human,human,human,human,0.14,0.0977,0.0403,0.0020999999999999908,0.05739999999999999,0.05976435417216214,-0.04299350328668222,0.14021777836148341,0.11041531562932094,0.034058191060277854,TRUE,TRUE,TRUE,TRUE,TRUE,FALSE,FALSE,FALSE,FALSE,same_ranking,FALSE
254,North America,Cold_Without_dry_season_Warm_Summer,estimated,estimated,0.558,0.556,0.28,0.2385,0.1049,0.1197,0.1736,0.1979,0.17510000000000003,0.11879999999999999,0.3137992831541219,0.2136690647482014,0.4549233567160302,0.3316582914572864,0.22701272015062812,0.22458918048925758,-0.023137291669159787,0.07941425413316483,0.03818071620574115,0.15954506652080702,human,human,human,human,-0.0020000000000000018,-0.04150000000000004,0.014800000000000008,0.02429999999999999,-0.056300000000000044,-0.10013021840592051,-0.12326506525874376,-0.002423539661370544,0.10255154580232462,0.12136435031506587,TRUE,TRUE,TRUE,TRUE,TRUE,FALSE,FALSE,FALSE,FALSE,same_ranking,FALSE
1693,North America,Cold_Without_dry_season_Cold_Summer,estimated,estimated,0.342,0.45,-0.0174,0.0837,0.2161,0.1968,0.1433,0.1693,-0.23349999999999999,-0.1131,-0.6827485380116958,-0.25133333333333335,-1,-0.40320855614973267,-0.04167989039212028,0.06619456964884696,0.08999374116412251,0.05107552209671551,0.022367166632712765,0.07387695782864068,climate,climate,climate,climate,0.10799999999999998,0.1011,-0.019299999999999984,0.025999999999999995,0.12039999999999998,0.4314152046783624,0.5967914438502673,0.10787446004096723,-0.038918219067407,0.05150979119592791,TRUE,TRUE,TRUE,TRUE,TRUE,FALSE,FALSE,FALSE,FALSE,same_ranking,FALSE
45188,Europe,Temperate_Dry_Summer,estimated,estimated,0.287,0.382,0.0222,0.1253,0.0228,0.0365,0.2421,0.2204,-5.999999999999998e-4,0.08879999999999999,-0.002090592334494773,0.23246073298429315,-0.01333333333333333,0.5488257107540172,0.013354207066083812,0.10836158396136886,0.0228962915093589,0.024685071889728016,0.27228776666912846,0.203440309077347,climate,human,climate,human,0.09500000000000003,0.1031,0.013699999999999997,-0.021699999999999997,0.0894,0.23455132531878792,0.5621590440873505,0.09500737689528505,0.001788780380369115,-0.06884745759178146,TRUE,TRUE,TRUE,TRUE,TRUE,FALSE,TRUE,TRUE,TRUE,ranking_reversal,TRUE
1981,North America,Cold_Without_dry_season_Warm_Summer,estimated,estimated,0.168,0.238,0.1081,0.0791,0.0106,0.0429,0.0491,0.1156,0.0975,0.0362,0.5803571428571428,0.15210084033613447,0.8213984835720304,0.29672131147540987,-0.06991014833754583,-1.1674804843719855e-4,-0.06865758980366887,0.056259940713787815,-0.02898170232989783,0.16429000302667351,human,human,human,human,0.06999999999999998,-0.028999999999999998,0.0323,0.0665,-0.0613,-0.4282563025210083,-0.5246771720966206,0.06979340028910863,0.12491753051745669,0.19327170535657134,TRUE,TRUE,TRUE,TRUE,TRUE,FALSE,FALSE,FALSE,FALSE,same_ranking,FALSE
4279,Europe,Temperate_Without_dry_season,estimated,estimated,0.502,0.515,0.1388,0.1567,0.2224,0.2165,0.1412,0.1417,-0.08359999999999998,-0.05979999999999999,-0.16653386454183264,-0.11611650485436892,-0.23145071982281282,-0.1602357984994641,0.1491286223224092,0.1616536803100509,0.18827385177166667,0.1763486439871682,0.08736818906164778,0.0883338838091966,climate,climate,climate,climate,0.013000000000000012,0.0179,-0.005899999999999989,5.000000000000004e-4,0.023799999999999988,0.05041735968746372,0.07121492132334872,0.012525057987641697,-0.01192520778449846,9.656947475488176e-4,TRUE,TRUE,TRUE,TRUE,TRUE,FALSE,FALSE,FALSE,FALSE,same_ranking,FALSE
22759,Europe,Cold_Without_dry_season_Warm_Summer,estimated,estimated,0.377,0.41,0.0617,0.0931,0.0838,0.098,0.2314,0.2185,-0.0221,-0.004900000000000002,-0.05862068965517242,-0.011951219512195127,-0.15189003436426118,-0.02564102564102565,-0.03225899055700887,4.6373227725815536e-4,0.03919943082663713,0.056811325262180246,0.28149711730738525,0.24502378598642693,climate,climate,climate,climate,0.032999999999999974,0.031400000000000004,0.014200000000000004,-0.012899999999999995,0.0172,0.046669470142977294,0.12624900872323552,0.032722722834267026,0.01761189443554312,-0.03647333132095831,TRUE,TRUE,TRUE,TRUE,TRUE,FALSE,FALSE,FALSE,FALSE,same_ranking,FALSE
2882,North America,Cold_Without_dry_season_Cold_Summer,estimated,estimated,0.757,0.737,0.0281,-0.0033,0.5633,0.5962,0.1651,0.1442,-0.5352,-0.5994999999999999,-0.7070013210039631,-0.8134328358208954,-0.9049712546499831,-1,1.68786819463973e-4,-0.01926627674092618,0.4215265296313653,0.5082152751701573,0.09185109927874369,0.07108377231313845,climate,climate,climate,climate,-0.020000000000000018,-0.0314,0.03289999999999993,-0.020900000000000002,-0.06429999999999991,-0.10643151481693236,-0.09502874535001693,-0.019435063560390153,0.08668874553879202,-0.020767326965605237,TRUE,TRUE,TRUE,TRUE,TRUE,FALSE,FALSE,FALSE,FALSE,same_ranking,FALSE
1577,Europe,Temperate_Without_dry_season,estimated,estimated,0.678,0.699,0.094,0.0567,0.2292,0.2273,0.3545,0.4154,-0.1352,-0.1706,-0.19941002949852504,-0.24406294706723894,-0.4183168316831683,-0.6007042253521127,0.0018297768450201701,0.023530768677365366,0.12985942566139208,0.08517615773289688,0.20103160631590777,0.28204590812152797,climate,climate,climate,climate,0.020999999999999908,-0.0373,-0.001899999999999985,0.06090000000000001,-0.035400000000000015,-0.044652917568713896,-0.18238739366894435,0.021700991832345196,-0.044683267928495196,0.08101430180562019,TRUE,TRUE,TRUE,TRUE,TRUE,FALSE,FALSE,FALSE,FALSE,same_ranking,FALSE
20515,North America,Cold_Without_dry_season_Hot_Summer,estimated,estimated,0.35,0.358,0.0786,0.054,0.1989,0.2325,0.0729,0.0719,-0.12029999999999999,-0.17850000000000002,-0.3437142857142857,-0.49860335195530736,-0.4335135135135135,-0.6230366492146597,-0.04779858921795266,-0.039755887513645116,0.05696486741047846,0.13640340662290074,-0.0476119596860648,-0.03725715989324496,climate,climate,climate,climate,0.008000000000000007,-0.024600000000000004,0.03360000000000002,-0.0010000000000000009,-0.05820000000000003,-0.15488906624102167,-0.1895231357011462,0.008042701704307542,0.07943853921242228,0.010354799792819835,TRUE,TRUE,TRUE,TRUE,TRUE,FALSE,FALSE,FALSE,FALSE,same_ranking,FALSE
2265,North America,Cold_Without_dry_season_Warm_Summer,estimated,estimated,0.632,0.651,0.0782,0.1027,0.29,0.2764,0.2643,0.2721,-0.2118,-0.17369999999999997,-0.33512658227848097,-0.2668202764976958,-0.5752308527973927,-0.4581904510683196,-0.039343258323810026,-0.020623012279626818,0.018687307747459192,-0.043623454620386415,-0.004782061781899438,-0.02440573985299066,climate,climate,climate,climate,0.019000000000000017,0.024499999999999994,-0.013600000000000001,0.007800000000000029,0.03810000000000002,0.06830630578078517,0.1170404017290731,0.01872024604418321,-0.06231076236784561,-0.019623678071091222,TRUE,TRUE,TRUE,TRUE,TRUE,FALSE,FALSE,FALSE,FALSE,same_ranking,FALSE
2925,North America,Polar,estimated,estimated,0.551,0.56,0.0122,0.0841,0.2684,0.2733,0.2706,0.2026,-0.25620000000000004,-0.18919999999999998,-0.46497277676951,-0.3378571428571428,-0.9130434782608696,-0.5293788472299944,-0.03894557858101444,-0.030063718574095066,0.19907470973609986,0.22732849203929228,0.2037911451133887,0.08609910400367105,climate,climate,climate,climate,0.009000000000000008,0.07189999999999999,0.00489999999999996,-0.068,0.06700000000000006,0.1271156339123672,0.3836646310308752,0.008881860006919373,0.02825378230319242,-0.11769204110971765,TRUE,TRUE,TRUE,TRUE,TRUE,FALSE,FALSE,FALSE,FALSE,same_ranking,FALSE
17334,Europe,Temperate_Without_dry_season,estimated,estimated,0.707,0.707,0.1803,0.1556,0.2192,0.222,0.3077,0.3294,-0.03890000000000002,-0.06640000000000001,-0.05502121640735505,-0.09391796322489394,-0.09737171464330419,-0.17584745762711868,0.04177890219177649,0.04163277055536396,0.20956516266798653,0.21854131544798394,0.16220564139636118,0.20886255133171905,climate,climate,climate,climate,0,-0.0247,0.002799999999999997,0.021700000000000053,-0.027499999999999997,-0.038896746817538894,-0.07847574298381449,-1.4613163641252758e-4,0.008976152779997415,0.04665690993535787,TRUE,TRUE,TRUE,TRUE,TRUE,FALSE,FALSE,FALSE,FALSE,same_ranking,FALSE
47005,Europe,Temperate_Without_dry_season,estimated,estimated,0.689,0.692,0.1775,0.1556,0.2046,0.21,0.3068,0.3265,-0.027100000000000013,-0.054400000000000004,-0.03933236574746011,-0.0786127167630058,-0.07092384192619737,-0.14879649890590813,0.040172983357553704,0.043277989730119204,0.18834323665519626,0.20219238474636125,0.16482846040329568,0.2072893393112495,climate,climate,climate,climate,0.0030000000000000027,-0.021900000000000003,0.005399999999999988,0.019699999999999995,-0.02729999999999999,-0.03928035101554569,-0.07787265697971076,0.0031050063725654997,0.013849148091164998,0.0424608789079538,TRUE,TRUE,TRUE,TRUE,TRUE,FALSE,FALSE,FALSE,FALSE,same_ranking,FALSE
40799,North America,Cold_Without_dry_season_Warm_Summer,estimated,estimated,0.233,0.323,0.0136,0.0756,0.1812,0.1847,0.0384,0.0629,-0.1676,-0.1091,-0.71931330472103,-0.33777089783281733,-0.8603696098562629,-0.41913177103342303,0.045235869909911575,0.13518479818315265,0.2064452311425533,0.19634619855565438,0.10225569544991664,0.13407335976488033,climate,climate,climate,climate,0.09,0.062,0.003500000000000003,0.0245,0.058499999999999996,0.3815424068882126,0.44123783882283985,0.08994892827324108,-0.010099032586898926,0.03181766431496369,TRUE,TRUE,TRUE,TRUE,TRUE,FALSE,FALSE,FALSE,FALSE,same_ranking,FALSE
41585,North America,Polar,missing_predictor_group,estimated,NA,0.4,NA,0.1053,NA,0.0982,NA,0.197,NA,0.007100000000000009,NA,0.017750000000000023,NA,0.03488943488943493,NA,0.026897156330022653,NA,0.014308331424911391,NA,0.11217536401544648,NA,human,NA,human,NA,NA,NA,NA,NA,NA,NA,NA,NA,NA,TRUE,TRUE,FALSE,TRUE,FALSE,TRUE,FALSE,FALSE,FALSE,gained_estimability,TRUE
15302,North America,Cold_Without_dry_season_Hot_Summer,estimated,estimated,0.526,0.421,0.0874,0.0457,0.2644,0.2418,0.1744,0.1338,-0.17700000000000002,-0.1961,-0.33650190114068446,-0.4657957244655582,-0.503126776577601,-0.6820869565217391,0.10242895972711874,-0.0024711700619347576,0.2139503973596284,0.16510459171834801,0.18460125207295197,0.09984821790185494,climate,climate,climate,climate,-0.10500000000000004,-0.04170000000000001,-0.022600000000000037,-0.0406,-0.019099999999999978,-0.12929382332487377,-0.17896017994413815,-0.1049001297890535,-0.04884580564128038,-0.08475303417109703,TRUE,TRUE,TRUE,TRUE,TRUE,FALSE,FALSE,FALSE,FALSE,same_ranking,FALSE
40854,North America,Cold_Without_dry_season_Hot_Summer,estimated,estimated,0.036,0.063,0.0582,0.0733,-0.0369,-0.0224,0.0146,0.0121,0.0951,0.09570000000000001,2.641666666666667,1.5190476190476192,1,1,-0.03947164266144565,-0.012304679632140991,-0.11739229555701858,-0.10921112399358845,-0.074029120284973,-0.09991405024090028,human,human,human,human,0.027000000000000003,0.015100000000000002,0.014500000000000002,-0.0025000000000000005,6.000000000000033e-4,-1.1226190476190478,0,0.027166963029304658,0.008181171563430123,-0.025884929955927283,TRUE,TRUE,TRUE,TRUE,TRUE,FALSE,FALSE,FALSE,FALSE,same_ranking,FALSE
2615,North America,Cold_Without_dry_season_Warm_Summer,estimated,estimated,0.564,0.591,0.1869,0.1899,0.1902,0.2047,0.1869,0.1962,-0.0032999999999999974,-0.01479999999999998,-0.00585106382978723,-0.02504230118443313,-0.008750994431185355,-0.03750633552965023,0.20968893163949043,0.2363560857504664,0.12851354825009487,0.1653071556253638,0.23742914474108023,0.2636825972325486,climate,climate,climate,climate,0.027000000000000024,0.0030000000000000027,0.014499999999999985,0.009300000000000003,-0.011499999999999982,-0.019191237354645903,-0.028755341098464872,0.026667154110975977,0.03679360737526893,0.026253452491468376,TRUE,TRUE,TRUE,TRUE,TRUE,FALSE,FALSE,FALSE,FALSE,same_ranking,FALSE
14884,North America,Cold_Without_dry_season_Cold_Summer,estimated,estimated,0.522,0.51,-0.0131,-0.0234,0.2081,0.2017,0.3266,0.3317,-0.2212,-0.2251,-0.42375478927203064,-0.4413725490196078,-1,-1,1.6545827348468656e-4,-0.011494522857838141,0.08086145175102488,0.06285363395127364,0.2142741394069737,0.2194196718416358,climate,climate,climate,climate,-0.01200000000000001,-0.0103,-0.006400000000000017,0.005099999999999993,-0.003899999999999987,-0.017617759747577177,0,-0.011659981131322827,-0.018007817799751247,0.005145532434662092,TRUE,TRUE,TRUE,TRUE,TRUE,FALSE,FALSE,FALSE,FALSE,same_ranking,FALSE
856,North America,Cold_Without_dry_season_Cold_Summer,estimated,estimated,0.214,0.2,-0.0062,-7e-4,0.0777,0.0573,0.1427,0.1436,-0.0839,-0.057999999999999996,-0.3920560747663552,-0.29,-1,-1,-0.026329012035601895,-0.0402405542633576,-0.023107383148809113,-0.07290117117112382,0.06892947636564895,0.06181707733017883,climate,climate,climate,climate,-0.013999999999999985,0.0055,-0.02040000000000001,9.000000000000119e-4,0.025900000000000006,0.1020560747663552,0,-0.013911542227755702,-0.04979378802231471,-0.007112399035470118,TRUE,TRUE,TRUE,TRUE,TRUE,FALSE,FALSE,FALSE,FALSE,same_ranking,FALSE
12,Europe,Cold_Without_dry_season_Warm_Summer,estimated,estimated,0.612,0.626,0.1196,0.1694,0.2051,0.1263,0.2872,0.3301,-0.0855,0.0431,-0.13970588235294118,0.06884984025559106,-0.2633199876809363,0.14575583361515052,0.1392485773160298,0.1531477381867773,0.14308977084152663,0.1373080833400423,0.12420015083744906,0.36187394565581843,climate,human,climate,human,0.014000000000000012,0.0498,-0.07880000000000001,0.042899999999999994,0.1286,0.20855572260853222,0.4090758212960868,0.013899160870747496,-0.005781687501484334,0.23767379481836937,TRUE,TRUE,TRUE,TRUE,TRUE,FALSE,TRUE,TRUE,TRUE,ranking_reversal,TRUE
1820,North America,Cold_Without_dry_season_Warm_Summer,estimated,estimated,0.555,0.548,0.1273,0.1301,0.2242,0.2241,0.2037,0.194,-0.09690000000000001,-0.094,-0.17459459459459462,-0.17153284671532845,-0.2756756756756757,-0.26538678712591757,-0.039367292491926054,-0.04647885569565047,0.019432348345060135,0.0013866984147706818,-0.0026150785367726748,-0.03984230349798812,climate,climate,climate,climate,-0.007000000000000006,0.002799999999999997,-1.0000000000001674e-4,-0.009699999999999986,0.0029000000000000137,0.0030617478792661634,0.010288888549758124,-0.007111563203724414,-0.018045649930289454,-0.037227224961215444,TRUE,TRUE,TRUE,TRUE,TRUE,FALSE,FALSE,FALSE,FALSE,same_ranking,FALSE
15929,North America,Cold_Without_dry_season_Warm_Summer,estimated,estimated,0.711,0.71,0.1468,0.1654,0.3793,0.3452,0.1845,0.199,-0.2325,-0.17980000000000002,-0.32700421940928276,-0.2532394366197183,-0.4419311917886333,-0.35213474343909135,-0.0088521314162463,-0.009834156791364568,0.18206321756030686,0.08897391617988282,-0.017188080263997985,-0.01328426413949979,climate,climate,climate,climate,-0.0010000000000000009,0.018599999999999978,-0.03410000000000002,0.014500000000000013,0.0527,0.07376478278956444,0.08979644834954198,-9.820253751182673e-4,-0.09308930138042404,0.003903816124498194,TRUE,TRUE,TRUE,TRUE,TRUE,FALSE,FALSE,FALSE,FALSE,same_ranking,FALSE
41842,Europe,Polar,estimated,estimated,0.468,0.456,0.0458,0.0619,0.1774,0.1757,0.2445,0.2189,-0.1316,-0.1138,-0.2811965811965812,-0.24956140350877193,-0.589605734767025,-0.47895622895622897,-0.016029213163095135,-0.02731134467954477,0.09578606931465783,0.061006937564390684,0.18603881281256185,0.10327807312641879,climate,climate,climate,climate,-0.01200000000000001,0.016099999999999996,-0.001700000000000007,-0.025599999999999984,0.017799999999999996,0.03163517768780927,0.11064950581079608,-0.011282131516449634,-0.034779131750267145,-0.08276073968614306,TRUE,TRUE,TRUE,TRUE,TRUE,FALSE,FALSE,FALSE,FALSE,same_ranking,FALSE
45387,Europe,Cold_Without_dry_season_Warm_Summer,estimated_residual_temporal_dependence,estimated_residual_temporal_dependence,0.616,0.533,0.159,0.0796,0.2383,0.2382,0.2184,0.2157,-0.07930000000000001,-0.1586,-0.12873376623376626,-0.2975609756097561,-0.19959728165114526,-0.49905601006922595,0.0865804148353182,0.004367662906461289,0.05591112607687487,0.19512821489055932,-0.018427362247875667,0.1156376009896879,climate,climate,climate,climate,-0.08299999999999996,-0.0794,-1.0000000000001674e-4,-0.002700000000000008,-0.07929999999999998,-0.16882720937598983,-0.2994587284180807,-0.08221275192885691,0.13921708881368444,0.13406496323756356,TRUE,TRUE,TRUE,TRUE,TRUE,FALSE,FALSE,FALSE,FALSE,same_ranking,FALSE
15142,North America,Cold_Without_dry_season_Hot_Summer,estimated,estimated,0.635,0.622,0.0872,0.0861,0.2575,0.2673,0.29,0.2684,-0.1703,-0.18119999999999997,-0.26818897637795275,-0.2913183279742765,-0.49405279953582826,-0.5127334465195246,0.0017530462063243268,-0.011234040145816748,0.19277591725222143,0.21880895216540752,0.24552911523651122,0.20892193403613912,climate,climate,climate,climate,-0.013000000000000012,-0.0011000000000000038,0.009799999999999975,-0.021599999999999953,-0.010899999999999965,-0.023129351596323733,-0.018680646983696314,-0.012987086352141075,0.026033034913186093,-0.036607181200372096,TRUE,TRUE,TRUE,TRUE,TRUE,FALSE,FALSE,FALSE,FALSE,same_ranking,FALSE
852,North America,Temperate_Without_dry_season,estimated,estimated,0.388,0.5,0.059,0.1494,0.0941,0.1221,0.2354,0.2282,-0.035100000000000006,0.027300000000000005,-0.09046391752577321,0.05460000000000001,-0.2292619203135206,0.10055248618784532,0.09079072365324725,0.2019831978655473,0.12307436812195094,0.19767457952576795,0.27918655683606597,0.28331362969073215,climate,human,climate,human,0.11199999999999999,0.09040000000000001,0.027999999999999997,-0.007200000000000012,0.06240000000000001,0.14506391752577322,0.32981440650136595,0.11119247421230005,0.07460021140381701,0.004127072854666181,TRUE,TRUE,TRUE,TRUE,TRUE,FALSE,TRUE,TRUE,TRUE,ranking_reversal,TRUE
4269,Europe,Cold_Without_dry_season_Warm_Summer,estimated,estimated,0.422,0.351,0.0134,0.0047,0.2264,0.1673,0.1826,0.1793,-0.213,-0.1626,-0.504739336492891,-0.46324786324786327,-0.8882402001668057,-0.9453488372093022,0.04897191991444072,-0.022250313386065423,0.0542441449918617,-0.04769302549635979,-0.030000100963154974,-0.020475988681704638,climate,climate,climate,climate,-0.07100000000000001,-0.0087,-0.059099999999999986,-0.003300000000000025,0.0504,0.04149147324502778,-0.05710863704249647,-0.07122223330050614,-0.10193717048822148,0.009524112281450337,TRUE,TRUE,TRUE,TRUE,TRUE,FALSE,FALSE,FALSE,FALSE,same_ranking,FALSE
25370,Europe,Temperate_Without_dry_season,estimated,estimated,0.669,0.676,0.2402,0.2985,0.2874,0.2418,0.1414,0.136,-0.04719999999999999,0.0567,-0.07055306427503735,0.08387573964497042,-0.089461713419257,0.10494169905607996,0.11064550074147617,0.11798812621501586,0.14683990817547143,0.05770816967819259,0.055500842887735824,0.046691995774692074,climate,human,climate,human,0.007000000000000006,0.05829999999999999,-0.0456,-0.005399999999999988,0.10389999999999999,0.15442880392000777,0.19440341247533696,0.007342625473539699,-0.08913173849727885,-0.00880884711304375,TRUE,TRUE,TRUE,TRUE,TRUE,FALSE,TRUE,TRUE,TRUE,ranking_reversal,TRUE
2068,North America,Cold_Without_dry_season_Cold_Summer,missing_predictor_group,missing_predictor_group,NA,NA,NA,NA,NA,NA,NA,NA,NA,NA,NA,NA,NA,NA,NA,NA,NA,NA,NA,NA,NA,NA,NA,NA,NA,NA,NA,NA,NA,NA,NA,NA,NA,NA,TRUE,TRUE,FALSE,FALSE,FALSE,FALSE,FALSE,FALSE,FALSE,not_estimable_at_either_radius,FALSE
25221,Europe,Temperate_Without_dry_season,estimated,estimated,0.244,0.237,0.1486,0.1146,0.0097,0.0181,0.0862,0.1047,0.13890000000000002,0.09649999999999999,0.5692622950819674,0.4071729957805907,0.8774478837650034,0.7272042200452148,0.12140231395912093,0.11423999841465471,-0.049086878762972685,-0.01716279928239728,0.020637726577713567,0.07280637329880046,human,human,human,human,-0.007000000000000006,-0.034000000000000016,0.008400000000000001,0.018500000000000003,-0.042400000000000035,-0.16208929930137667,-0.1502436637197886,-0.0071623155444662245,0.03192407948057541,0.0521686467210869,TRUE,TRUE,TRUE,TRUE,TRUE,FALSE,FALSE,FALSE,FALSE,same_ranking,FALSE
41018,North America,Temperate_Without_dry_season,estimated,estimated,0.447,0.433,0.055,0.0272,0.3212,0.3455,0.0708,0.0607,-0.2662,-0.31829999999999997,-0.5955257270693513,-0.7351039260969976,-0.7076023391812866,-0.854038100348806,0.0181966460576507,0.004534027755788483,0.2672520099131782,0.32588632791413974,0.07010338255343118,0.05983760408742256,climate,climate,climate,climate,-0.014000000000000012,-0.027800000000000002,0.02429999999999999,-0.010100000000000005,-0.05209999999999998,-0.13957819902764634,-0.14643576116751944,-0.013662618301862217,0.05863431800096153,-0.010265778466008624,TRUE,TRUE,TRUE,TRUE,TRUE,FALSE,FALSE,FALSE,FALSE,same_ranking,FALSE
21774,North America,Temperate_Without_dry_season,estimated,estimated,0.43,0.168,0.1351,0.0157,0.2993,0.1428,-0.0049,0.009,-0.1642,-0.12710000000000002,-0.3818604651162791,-0.7565476190476191,-0.3779926335174954,-0.8018927444794953,0.27090720439925753,0.008884633839825185,0.4129981467206305,0.0831024437298481,-0.003287593492236951,0.007448869298231076,climate,climate,climate,climate,-0.262,-0.1194,-0.1565,0.0139,0.037099999999999994,-0.37468715393134006,-0.4239001109619999,-0.26202257055943234,-0.3298957029907824,0.010736462790468027,TRUE,TRUE,TRUE,TRUE,TRUE,FALSE,FALSE,FALSE,FALSE,same_ranking,FALSE
4012,Europe,Temperate_Without_dry_season,estimated,estimated,0.6,0.639,0.0083,0.1069,0.2899,0.2842,0.3016,0.2475,-0.2816,-0.1773,-0.4693333333333334,-0.2774647887323944,-0.9443326626425219,-0.4533367425210944,-0.010590559228076724,0.028183856348185654,0.11364589783843382,0.20051109595377659,0.1631317075166906,0.15317017386211895,climate,climate,climate,climate,0.039000000000000035,0.0986,-0.005699999999999983,-0.05409999999999998,0.1043,0.191868544600939,0.4909959201214275,0.03877441557626238,0.08686519811534277,-0.009961533654571642,TRUE,TRUE,TRUE,TRUE,TRUE,FALSE,FALSE,FALSE,FALSE,same_ranking,FALSE
41241,Europe,Temperate_Without_dry_season,estimated,estimated,0.164,0.203,0.0038,0.0189,0.0831,0.0772,0.077,0.107,-0.0793,-0.058300000000000005,-0.4835365853658536,-0.287192118226601,-0.9125431530494822,-0.6066597294484912,-0.08165481205491942,-0.04231312058436021,0.04697227195427067,0.03326693210961107,0.029403877277758728,0.0874654213636521,climate,climate,climate,climate,0.03900000000000001,0.0151,-0.005899999999999989,0.03,0.02099999999999999,0.19634446713925258,0.30588342360099097,0.039341691470559215,-0.013705339844659603,0.05806154408589337,TRUE,TRUE,TRUE,TRUE,TRUE,FALSE,FALSE,FALSE,FALSE,same_ranking,FALSE
41499,North America,Cold_Dry_Summer,estimated,estimated,0.336,0.278,0.0373,0.0273,0.1885,0.1509,0.1104,0.1,-0.1512,-0.1236,-0.44999999999999996,-0.4446043165467626,-0.6696191319751993,-0.6936026936026937,0.027446162551711506,-0.030565624145278192,-0.011147824598206069,-0.06277806452329693,-0.03899117678635411,-0.03626668377963249,climate,climate,climate,climate,-0.057999999999999996,-0.009999999999999998,-0.037599999999999995,-0.010399999999999993,0.0276,0.0053956834532373765,-0.023983561627494376,-0.0580117866969897,-0.05163023992509086,0.0027244930067216178,TRUE,TRUE,TRUE,TRUE,TRUE,FALSE,FALSE,FALSE,FALSE,same_ranking,FALSE
47564,Latin America,Tropical,estimated,estimated,0.721,0.704,0.0977,0.1038,0.1635,0.1907,0.4601,0.4094,-0.06580000000000001,-0.0869,-0.09126213592233011,-0.12343750000000002,-0.2519142419601838,-0.29507640067911717,0.07942803978156321,0.06204426788232409,0.031050134174417043,0.05747137066358343,0.34884184212856195,0.2194928668377074,climate,climate,climate,climate,-0.017000000000000015,0.006100000000000008,0.027200000000000002,-0.05070000000000002,-0.021099999999999994,-0.03217536407766991,-0.04316215871893336,-0.01738377189923912,0.02642123648916639,-0.12934897529085454,TRUE,TRUE,TRUE,TRUE,TRUE,FALSE,FALSE,FALSE,FALSE,same_ranking,FALSE
778,North America,Cold_Without_dry_season_Cold_Summer,missing_predictor_group,estimated,NA,0.26,NA,0.0286,NA,0.1522,NA,0.0787,NA,-0.1236,NA,-0.47538461538461535,NA,-0.6836283185840707,NA,-0.028994111859663274,NA,0.06065522065745599,NA,-0.007236605453472933,NA,climate,NA,climate,NA,NA,NA,NA,NA,NA,NA,NA,NA,NA,TRUE,TRUE,FALSE,TRUE,FALSE,TRUE,FALSE,FALSE,FALSE,gained_estimability,TRUE
4320,Europe,Cold_Without_dry_season_Warm_Summer,estimated,estimated,0.621,0.539,0.1101,0.062,0.3514,0.3219,0.1596,0.1547,-0.2413,-0.2599,-0.3885668276972625,-0.48218923933209645,-0.5228602383531961,-0.6769992185464965,0.0751262062238015,-0.007376665599155285,0.19437603500441814,0.13661306397270334,0.02235280379119986,0.01395219317394758,climate,climate,climate,climate,-0.08199999999999996,-0.048100000000000004,-0.02949999999999997,-0.004899999999999988,-0.018600000000000033,-0.09362241163483398,-0.1541389801933004,-0.08250287182295679,-0.057762971031714794,-0.00840061061725228,TRUE,TRUE,TRUE,TRUE,TRUE,FALSE,FALSE,FALSE,FALSE,same_ranking,FALSE
1843,Asia,Cold_Without_dry_season_Warm_Summer,missing_predictor_group,insufficient_residual_df,NA,NA,NA,NA,NA,NA,NA,NA,NA,NA,NA,NA,NA,NA,NA,NA,NA,NA,NA,NA,NA,NA,NA,NA,NA,NA,NA,NA,NA,NA,NA,NA,NA,NA,TRUE,TRUE,FALSE,FALSE,FALSE,TRUE,FALSE,FALSE,FALSE,not_estimable_at_either_radius,FALSE
547,Latin America,Tropical,missing_predictor_group,missing_predictor_group,NA,NA,NA,NA,NA,NA,NA,NA,NA,NA,NA,NA,NA,NA,NA,NA,NA,NA,NA,NA,NA,NA,NA,NA,NA,NA,NA,NA,NA,NA,NA,NA,NA,NA,TRUE,TRUE,FALSE,FALSE,FALSE,FALSE,FALSE,FALSE,FALSE,not_estimable_at_either_radius,FALSE
42566,Europe,Cold_Without_dry_season_Warm_Summer,estimated,estimated,0.714,0.724,0.1704,0.1925,0.177,0.1728,0.3666,0.3583,-0.006599999999999995,0.019699999999999995,-0.00924369747899159,0.02720994475138121,-0.018998272884283234,0.05392827812756637,0.09913793048932529,0.10870870166201974,0.08437257044051694,0.02594676000938967,0.13132035907753137,0.06487025641769173,climate,human,climate,human,0.010000000000000009,0.02210000000000001,-0.0041999999999999815,-0.008299999999999974,0.02629999999999999,0.0364536422303728,0.07292655101184961,0.009570771172694448,-0.05842581043112727,-0.06645010265983964,TRUE,TRUE,TRUE,TRUE,TRUE,FALSE,TRUE,TRUE,TRUE,ranking_reversal,TRUE
21938,Latin America,Polar,insufficient_unique_ages,insufficient_unique_ages,NA,NA,NA,NA,NA,NA,NA,NA,NA,NA,NA,NA,NA,NA,NA,NA,NA,NA,NA,NA,NA,NA,NA,NA,NA,NA,NA,NA,NA,NA,NA,NA,NA,NA,TRUE,TRUE,FALSE,FALSE,FALSE,FALSE,FALSE,FALSE,FALSE,not_estimable_at_either_radius,FALSE
2342,North America,Cold_Without_dry_season_Warm_Summer,estimated,estimated,0.521,0.41,0.0751,0.0773,0.22,0.1836,0.2258,0.1491,-0.1449,-0.10630000000000002,-0.27811900191938577,-0.2592682926829269,-0.49101999322263634,-0.4074357991567651,0.07860282701716248,-0.03228927258525949,0.11487336416685345,0.06999307319196679,0.14391812014202143,0.0183200172875434,climate,climate,climate,climate,-0.11100000000000004,0.0021999999999999936,-0.03639999999999999,-0.07669999999999999,0.03859999999999998,0.018850709236458874,0.08358419406587125,-0.11089209960242197,-0.04488029097488666,-0.12559810285447803,TRUE,TRUE,TRUE,TRUE,TRUE,FALSE,FALSE,FALSE,FALSE,same_ranking,FALSE
3871,Europe,Temperate_Without_dry_season,estimated,estimated,-0.018,0.056,-0.0076,0.0625,0.0065,0.0069,-0.0165,-0.013,-0.0141,0.0556,0.7833333333333333,0.9928571428571428,-1,0.8011527377521613,-0.10887970430032412,-0.03482140596615724,-0.0869309478684358,-0.08493783516332265,-0.06716714174397809,-0.059039177310662216,climate,human,climate,human,0.074,0.0701,4.000000000000002e-4,0.0035000000000000014,0.0697,0.20952380952380945,1.8011527377521612,0.07405829833416688,0.0019931127051131536,0.00812796443331587,TRUE,TRUE,TRUE,TRUE,TRUE,FALSE,TRUE,TRUE,TRUE,ranking_reversal,TRUE
41228,Europe,Temperate_Without_dry_season,estimated,estimated,0.382,0.379,-0.0097,0.0183,0.3104,0.2882,0.0815,0.0727,-0.3201,-0.26990000000000003,-0.837958115183246,-0.712137203166227,-1,-0.8805872756933117,-0.04403549010020724,-0.04698222591766943,0.26606769051778423,0.23381596007462535,0.04077185003775596,0.035315106036506116,climate,climate,climate,climate,-0.0030000000000000027,0.028,-0.022199999999999998,-0.008800000000000002,0.05019999999999997,0.12582091201701906,0.11941272430668826,-0.002946735817462187,-0.03225173044315888,-0.005456744001249847,TRUE,TRUE,TRUE,TRUE,TRUE,FALSE,FALSE,FALSE,FALSE,same_ranking,FALSE
46659,North America,Polar,estimated,estimated,0.017,0.007,0.0117,0.0237,-0.0995,-0.1011,0.1049,0.0848,0.11120000000000001,0.1248,6.541176470588235,17.828571428571426,1,1,-0.02112277717242128,-0.03074769635908603,-0.1534204192416242,-0.16283460814903794,0.06984388930576213,0.023307453549061607,human,human,human,human,-0.010000000000000002,0.011999999999999999,-0.0015999999999999903,-0.020099999999999993,0.013599999999999987,11.28739495798319,0,-0.009624919186664749,-0.009414188907413745,-0.04653643575670052,TRUE,TRUE,TRUE,TRUE,TRUE,FALSE,FALSE,FALSE,FALSE,same_ranking,FALSE
24441,Europe,Cold_Without_dry_season_Warm_Summer,estimated,estimated,0.421,0.391,-0.0209,-0.0414,0.2386,0.23,0.2037,0.2021,-0.2595,-0.27140000000000003,-0.6163895486935868,-0.6941176470588236,-1,-1,-0.038209328448540636,-0.06895529067285355,-0.006450598841817645,-0.02902470963621151,-0.015586704972211818,-0.02428132431765373,climate,climate,climate,climate,-0.02999999999999997,-0.0205,-0.008599999999999997,-0.0015999999999999903,-0.011900000000000022,-0.07772809836523686,0,-0.030745962224312917,-0.022574110794393865,-0.008694619345441912,TRUE,TRUE,TRUE,TRUE,TRUE,FALSE,FALSE,FALSE,FALSE,same_ranking,FALSE
40795,North America,Cold_Without_dry_season_Warm_Summer,estimated,estimated,0.523,0.515,0.0941,0.1014,0.2025,0.1977,0.2262,0.2159,-0.10840000000000001,-0.09629999999999998,-0.2072657743785851,-0.18699029126213587,-0.3654753877275792,-0.3219658976930792,0.007203576674904344,-6.415630066181066e-4,0.0855430856881676,0.09434121151048902,0.1131077218546005,0.11084464370117719,climate,climate,climate,climate,-0.008000000000000007,0.007300000000000001,-0.0048000000000000265,-0.010300000000000004,0.012100000000000027,0.020275483116449222,0.0435094900345,-0.00784513968152245,0.008798125822321423,-0.0022630781534233035,TRUE,TRUE,TRUE,TRUE,TRUE,FALSE,FALSE,FALSE,FALSE,same_ranking,FALSE
21915,Latin America,Tropical,missing_predictor_group,estimated,NA,0.866,NA,0.1217,NA,0.5113,NA,0.2326,NA,-0.38959999999999995,NA,-0.4498845265588914,NA,-0.6154818325434438,NA,0.07042413739772013,NA,0.5051998907694959,NA,0.25296930681205576,NA,climate,NA,climate,NA,NA,NA,NA,NA,NA,NA,NA,NA,NA,TRUE,TRUE,FALSE,TRUE,FALSE,TRUE,FALSE,FALSE,FALSE,gained_estimability,TRUE
14523,Europe,Temperate_Without_dry_season,estimated,estimated,0.449,0.442,0.0782,0.0836,0.2389,0.2281,0.1319,0.1304,-0.1607,-0.14450000000000002,-0.3579064587973274,-0.326923076923077,-0.5067801955219174,-0.4635867821623357,-0.04522659459182654,-0.05204714455836601,0.13943091470936975,0.11985681482710564,0.011235832055687456,0.010364765167733547,climate,climate,climate,climate,-0.007000000000000006,0.005399999999999988,-0.010800000000000004,-0.0015000000000000013,0.016199999999999992,0.030983381874250426,0.04319341335958177,-0.006820549966539469,-0.019574099882264107,-8.710668879539085e-4,TRUE,TRUE,TRUE,TRUE,TRUE,FALSE,FALSE,FALSE,FALSE,same_ranking,FALSE
25344,Europe,Temperate_Without_dry_season,estimated,estimated,0.52,0.262,0.1926,0.036,0.1984,0.1435,0.1289,0.0821,-0.0058,-0.10749999999999998,-0.011153846153846153,-0.4103053435114503,-0.014833759590792837,-0.5988857938718662,0.3230106482202666,0.06472480376670953,0.28959823628550696,0.14830914471691492,0.231378725935799,0.10638594110641664,climate,climate,climate,climate,-0.258,-0.1566,-0.054900000000000004,-0.04679999999999998,-0.10169999999999998,-0.39915149735760413,-0.5840520342810734,-0.25828584445355707,-0.14128909156859204,-0.12499278482938236,TRUE,TRUE,TRUE,TRUE,TRUE,FALSE,FALSE,FALSE,FALSE,same_ranking,FALSE
41502,Europe,Temperate_Without_dry_season,estimated,estimated,0.247,0.21,0.0313,0.0128,0.1706,0.1663,0.0447,0.0306,-0.1393,-0.1535,-0.5639676113360325,-0.730952380952381,-0.689945517582962,-0.8570630932439977,8.573493935294385e-4,-0.036015173608987316,0.11238431454910802,0.10944388990637521,-0.01394227079381194,-0.03658812031260106,climate,climate,climate,climate,-0.037000000000000005,-0.018500000000000003,-0.004299999999999998,-0.014099999999999998,-0.01419999999999999,-0.16698476961634856,-0.1671175756610357,-0.036872523002516755,-0.0029404246427328085,-0.02264584951878912,TRUE,TRUE,TRUE,TRUE,TRUE,FALSE,FALSE,FALSE,FALSE,same_ranking,FALSE
772,North America,Cold_Without_dry_season_Warm_Summer,estimated,estimated,0.386,0.37,0.061,0.0537,0.1502,0.1567,0.1749,0.1596,-0.0892,-0.10300000000000001,-0.23108808290155441,-0.2783783783783784,-0.42234848484848486,-0.4895437262357415,0.10881134168608642,0.0926114339362456,0.08850700156796598,0.12696699886598695,0.159834374296419,0.15472947071818444,climate,climate,climate,climate,-0.016000000000000014,-0.007300000000000001,0.006500000000000006,-0.015300000000000008,-0.013800000000000007,-0.04729029547682401,-0.06719524138725663,-0.016199907749840814,0.038459997298020965,-0.005104903578234565,TRUE,TRUE,TRUE,TRUE,TRUE,FALSE,FALSE,FALSE,FALSE,same_ranking,FALSE
46645,North America,Cold_Without_dry_season_Cold_Summer,estimated,estimated,0.083,0.086,0.018,0.0478,-0.0019,-0.0288,0.0667,0.0665,0.019899999999999998,0.0766,0.23975903614457827,0.8906976744186047,1,1,-0.036393837240382476,-0.033512801271754156,-0.12685056863363964,-0.18304319064562957,-0.06985249806165394,-0.07262573435720443,human,human,human,human,0.002999999999999989,0.029800000000000004,-0.0269,-1.9999999999999185e-4,0.0567,0.6509386382740264,0,0.0028810359686283205,-0.056192622011989934,-0.0027732362955504852,TRUE,TRUE,TRUE,TRUE,TRUE,FALSE,FALSE,FALSE,FALSE,same_ranking,FALSE
3452,North America,Cold_Without_dry_season_Warm_Summer,estimated,estimated,0.235,0.169,0.1156,0.0656,0.0351,0.0054,0.0841,0.0977,0.08049999999999999,0.060200000000000004,0.3425531914893617,0.3562130177514793,0.5341738553417384,0.847887323943662,0.029510130521332223,-0.03664180854825083,0.06208856582448696,0.017732236996456985,-0.008549585612111388,0.0336777724170324,human,human,human,human,-0.06599999999999998,-0.04999999999999999,-0.029699999999999997,0.013600000000000001,-0.020299999999999985,0.013659826262117591,0.3137134686019235,-0.06615193906958305,-0.04435632882802998,0.04222735802914379,TRUE,TRUE,TRUE,TRUE,TRUE,FALSE,FALSE,FALSE,FALSE,same_ranking,FALSE
3910,Europe,Temperate_Without_dry_season,estimated,estimated,0.601,0.61,-0.0317,0.0069,0.5227,0.4977,0.11,0.1055,-0.5544,-0.49079999999999996,-0.9224625623960067,-0.8045901639344262,-1,-0.9726516052318669,-0.012232889530429558,-0.003128398369377061,0.41983770438828005,0.3584533172289861,-0.015016750392644829,-0.035204822342693176,climate,climate,climate,climate,0.009000000000000008,0.038599999999999995,-0.025000000000000078,-0.004500000000000004,0.06360000000000005,0.11787239846158049,0.02734839476813311,0.009104491161052497,-0.06138438715929395,-0.020188071950048347,TRUE,TRUE,TRUE,TRUE,TRUE,FALSE,FALSE,FALSE,FALSE,same_ranking,FALSE
48735,Europe,Cold_Without_dry_season_Cold_Summer,estimated,estimated,0.541,0.372,0.0901,0.0034,0.2449,0.1986,0.2064,0.17,-0.1548,-0.1952,-0.28613678373382623,-0.524731182795699,-0.46208955223880593,-0.9663366336633664,0.17423434715105923,0.004967326327099508,0.18003698916652822,0.06690678246679893,0.1200537593304426,0.026696001584224693,climate,climate,climate,climate,-0.16900000000000004,-0.0867,-0.04630000000000001,-0.03639999999999999,-0.04040000000000002,-0.23859439906187274,-0.5042470814245605,-0.16926702082395972,-0.11313020669972929,-0.0933577577462179,TRUE,TRUE,TRUE,TRUE,TRUE,FALSE,FALSE,FALSE,FALSE,same_ranking,FALSE
48614,Latin America,Temperate_Without_dry_season,estimated,estimated,0.389,0.303,0.0106,-0.0086,0.2676,0.2358,0.1109,0.0757,-0.257,-0.2444,-0.6606683804627249,-0.8066006600660066,-0.9237958303378865,-1,0.10480655760878232,0.01863571543356879,0.3937013528294969,0.29768150730452225,0.22118260006279578,0.11807895456603923,climate,climate,climate,climate,-0.08600000000000002,-0.019200000000000002,-0.031799999999999995,-0.035199999999999995,0.0126,-0.1459322796032817,-0.07620416966211352,-0.08617084217521354,-0.09601984552497467,-0.10310364549675655,TRUE,TRUE,TRUE,TRUE,TRUE,FALSE,FALSE,FALSE,FALSE,same_ranking,FALSE
22352,Europe,Cold_Without_dry_season_Warm_Summer,estimated,estimated,0.359,0.38,-0.0671,0.0062,0.292,0.2564,0.1339,0.1173,-0.3591,-0.25020000000000003,-1.0002785515320334,-0.658421052631579,-1,-0.9527798933739529,-0.07967507903533433,-0.05859245385926026,0.2688777696290765,0.17615045090544768,0.12676484724457093,0.07206097050036142,climate,climate,climate,climate,0.02100000000000002,0.0733,-0.035599999999999965,-0.01659999999999999,0.10889999999999994,0.34185749890045436,0.04722010662604714,0.021082625176074066,-0.09272731872362883,-0.05470387674420951,TRUE,TRUE,TRUE,TRUE,TRUE,FALSE,FALSE,FALSE,FALSE,same_ranking,FALSE
15876,North America,Arid,estimated,estimated,0.327,0.32,-0.0319,-0.0293,0.3331,0.3303,0.0262,0.019,-0.365,-0.3596,-1.1162079510703362,-1.1237499999999998,-1,-1,-0.051491699397145374,-0.05894953916388468,0.2614835485503638,0.25614035299877036,-0.04765786955466922,-0.061756667652994035,climate,climate,climate,climate,-0.007000000000000006,0.002599999999999998,-0.0028000000000000247,-0.0072000000000000015,0.005400000000000016,-0.007542048929663592,0,-0.007457839766739305,-0.00534319555159346,-0.014098798098324816,TRUE,TRUE,TRUE,TRUE,TRUE,FALSE,FALSE,FALSE,FALSE,same_ranking,FALSE
45710,Europe,Cold_Without_dry_season_Cold_Summer,estimated,estimated,0.69,0.611,0.1917,0.1849,0.2345,0.2061,0.2642,0.22,-0.04279999999999998,-0.021199999999999997,-0.06202898550724635,-0.034697217675941076,-0.10042233693101824,-0.054219948849104846,0.0887040177209154,0.009237903597414054,0.10907616399151165,0.0708697369303598,0.08589699031811271,0.016059938440767807,climate,climate,climate,climate,-0.07899999999999996,-0.0068000000000000005,-0.02839999999999998,-0.04419999999999999,0.02159999999999998,0.027331767831305274,0.04620238808191339,-0.07946611412350135,-0.03820642706115185,-0.0698370518773449,TRUE,TRUE,TRUE,TRUE,TRUE,FALSE,FALSE,FALSE,FALSE,same_ranking,FALSE
17945,North America,Cold_Without_dry_season_Warm_Summer,estimated,estimated,0.524,0.596,0.0314,0.1492,0.4001,0.3174,0.0921,0.1296,-0.36870000000000003,-0.16820000000000002,-0.7036259541984733,-0.28221476510067117,-0.8544611819235227,-0.3604800685812259,-0.038719803014963805,0.033792754681102544,0.3641469732296875,0.16166529664446705,0.017712232342751433,0.0555820445385895,climate,climate,climate,climate,0.07199999999999995,0.1178,-0.0827,0.03749999999999999,0.2005,0.4214111890978021,0.49398111334229683,0.07251255769606635,-0.20248167658522043,0.03786981219583807,TRUE,TRUE,TRUE,TRUE,TRUE,FALSE,FALSE,FALSE,FALSE,same_ranking,FALSE
3875,Europe,Cold_Without_dry_season_Warm_Summer,insufficient_unique_ages,insufficient_unique_ages,NA,NA,NA,NA,NA,NA,NA,NA,NA,NA,NA,NA,NA,NA,NA,NA,NA,NA,NA,NA,NA,NA,NA,NA,NA,NA,NA,NA,NA,NA,NA,NA,NA,NA,TRUE,TRUE,FALSE,FALSE,FALSE,FALSE,FALSE,FALSE,FALSE,not_estimable_at_either_radius,FALSE
15719,North America,Polar,missing_predictor_group,estimated,NA,0.507,NA,-0.024,NA,0.2353,NA,0.2954,NA,-0.25930000000000003,NA,-0.511439842209073,NA,-1,NA,-0.052784563588671674,NA,0.047747969110105926,NA,0.1262811470943198,NA,climate,NA,climate,NA,NA,NA,NA,NA,NA,NA,NA,NA,NA,TRUE,TRUE,FALSE,TRUE,FALSE,TRUE,FALSE,FALSE,FALSE,gained_estimability,TRUE
2955,North America,Polar,estimated,estimated,0.666,0.648,0.0733,0.1741,0.2431,0.2472,0.3492,0.2263,-0.1698,-0.0731,-0.25495495495495496,-0.11280864197530864,-0.5366624525916561,-0.1735105625445051,0.007449851248671591,-0.010540890283943227,0.11947801198280161,0.14517188842501283,0.22215112667357373,-0.006210968631899516,climate,climate,climate,climate,-0.018000000000000016,0.1008,0.0040999999999999925,-0.12290000000000001,0.09670000000000001,0.1421463129796463,0.36315189004715104,-0.017990741532614818,0.025693876442211216,-0.22836209530547324,TRUE,TRUE,TRUE,TRUE,TRUE,FALSE,FALSE,FALSE,FALSE,same_ranking,FALSE
22910,Europe,Cold_Without_dry_season_Warm_Summer,estimated,estimated,0.634,0.368,0.286,0.1249,-0.0326,-0.0743,0.3803,0.3169,0.3186,0.1992,0.5025236593059936,0.5413043478260869,1,1,0.33188028682646753,0.06556897561954933,0.02948027558474886,-0.10500788077571255,0.3287538647236634,0.15095671690234358,human,human,human,human,-0.266,-0.16109999999999997,-0.04170000000000001,-0.06340000000000001,-0.1194,0.03878068852009331,0,-0.2663113112069182,-0.1344881563604614,-0.17779714782131983,TRUE,TRUE,TRUE,TRUE,TRUE,FALSE,FALSE,FALSE,FALSE,same_ranking,FALSE
16061,North America,Cold_Dry_Summer,estimated,estimated,0.796,0.809,-0.0035,0.1082,0.2846,0.2599,0.515,0.4407,-0.2881,-0.1517,-0.36193467336683416,-0.18751545117428925,-1,-0.41211627275196955,0.0076587874067657324,0.020379706051019353,0.23620377495755096,0.23995080409728198,0.4738378278389942,0.37863448232279395,climate,climate,climate,climate,0.013000000000000012,0.11170000000000001,-0.0247,-0.07430000000000003,0.13640000000000002,0.1744192221925449,0.5878837272480304,0.01272091864425362,0.0037470291397310174,-0.09520334551620024,TRUE,TRUE,TRUE,TRUE,TRUE,FALSE,FALSE,FALSE,FALSE,same_ranking,FALSE
549,North America,Cold_Without_dry_season_Cold_Summer,estimated,estimated,0.358,0.368,-0.0227,-0.0048,0.2799,0.2766,0.1003,0.0963,-0.3026,-0.28140000000000004,-0.8452513966480447,-0.7646739130434784,-1,-1,-0.0627889056561256,-0.05222957240564141,0.23386254040589494,0.23743046862182804,0.05150617875015007,0.05368162675871424,climate,climate,climate,climate,0.010000000000000009,0.017900000000000003,-0.0032999999999999696,-0.0040000000000000036,0.02119999999999994,0.08057748360456629,0,0.010559333250484193,0.0035679282159331027,0.0021754480085641736,TRUE,TRUE,TRUE,TRUE,TRUE,FALSE,FALSE,FALSE,FALSE,same_ranking,FALSE
45719,Europe,Cold_Without_dry_season_Warm_Summer,estimated,estimated,0.657,0.583,0.1278,0.092,0.2959,0.2917,0.2329,0.1989,-0.1681,-0.19970000000000002,-0.2558599695585997,-0.3425385934819898,-0.3967429785225396,-0.5204586916862132,0.06879761218360869,-0.005169547325919455,0.14299038857819257,0.14873947349026817,0.08781629328750995,0.03398821873057345,climate,climate,climate,climate,-0.07400000000000007,-0.0358,-0.0041999999999999815,-0.034,-0.03160000000000002,-0.0866786239233901,-0.12371571316367358,-0.07396715950952815,0.005749084912075597,-0.0538280745569365,TRUE,TRUE,TRUE,TRUE,TRUE,FALSE,FALSE,FALSE,FALSE,same_ranking,FALSE
2610,North America,Cold_Without_dry_season_Warm_Summer,missing_predictor_group,estimated,NA,0.479,NA,0.1206,NA,0.1653,NA,0.1935,NA,-0.044700000000000004,NA,-0.09331941544885179,NA,-0.15634837355718784,NA,-0.01183954744643645,NA,0.09056857732408952,NA,0.052259681138158376,NA,climate,NA,climate,NA,NA,NA,NA,NA,NA,NA,NA,NA,NA,TRUE,TRUE,FALSE,TRUE,FALSE,TRUE,FALSE,FALSE,FALSE,gained_estimability,TRUE
20838,North America,Cold_Without_dry_season_Cold_Summer,estimated,estimated,0.171,0.154,0.0071,0.0139,0.1383,0.113,0.0257,0.027,-0.1312,-0.09910000000000001,-0.7672514619883041,-0.6435064935064936,-0.9023383768913343,-0.780929866036249,-0.0037911170536593097,-0.02098608937667401,0.03862642517944748,-0.020463454733611774,-0.03602380218046353,-0.041866530223957144,climate,climate,climate,climate,-0.017000000000000015,0.006799999999999999,-0.025300000000000003,0.001299999999999999,0.032100000000000004,0.12374496848181049,0.1214085108550853,-0.0171949723230147,-0.05908987991305925,-0.005842728043493617,TRUE,TRUE,TRUE,TRUE,TRUE,FALSE,FALSE,FALSE,FALSE,same_ranking,FALSE
24390,Europe,Temperate_Dry_Summer,estimated,estimated,0.45,0.45,0.0153,0.0086,0.2976,0.3046,0.1367,0.1369,-0.2823,-0.296,-0.6273333333333333,-0.6577777777777777,-0.9022051773729627,-0.9450830140485313,-0.011750909771548468,-0.011189737946258993,0.08096599470230392,0.09675538630028269,-0.045443449230599176,-0.04325843457950418,climate,climate,climate,climate,0,-0.006699999999999999,0.007000000000000006,2.0000000000000573e-4,-0.01369999999999999,-0.030444444444444385,-0.04287783667556866,5.611718252894748e-4,0.015789391597978764,0.0021850146510949964,TRUE,TRUE,TRUE,TRUE,TRUE,FALSE,FALSE,FALSE,FALSE,same_ranking,FALSE
21319,North America,Cold_Without_dry_season_Cold_Summer,estimated,estimated,0.64,0.605,0.0365,0.028,0.3916,0.3571,0.2122,0.22,-0.3551,-0.32909999999999995,-0.5548437500000001,-0.5439669421487603,-0.8294790936697034,-0.8545832251363281,0.0013506234869434808,-0.03385050256196487,0.1852160319499978,0.09638401527298823,-0.009269323163918819,-0.01368431973783335,climate,climate,climate,climate,-0.03500000000000003,-0.008499999999999997,-0.03450000000000003,0.007800000000000001,0.02600000000000008,0.01087680785123979,-0.025104131466624713,-0.03520112604890835,-0.08883201667700957,-0.004414996573914531,TRUE,TRUE,TRUE,TRUE,TRUE,FALSE,FALSE,FALSE,FALSE,same_ranking,FALSE
15740,North America,Cold_Without_dry_season_Warm_Summer,estimated,estimated,0.261,0.322,0.0725,0.1161,0.0924,0.1141,0.0957,0.0919,-0.0199,0.0020000000000000018,-0.07624521072796935,0.006211180124223608,-0.1206791995148575,0.008688097306689842,-0.011103520268359035,0.050266284646847015,0.032102934995617116,0.08324640534942696,0.016701492487156244,0.01687421558093949,climate,human,climate,human,0.061,0.0436,0.021699999999999997,-0.003799999999999998,0.021900000000000003,0.08245639085219296,0.12936729682154735,0.06136980491520605,0.05114347035380984,1.7272309378324469e-4,TRUE,TRUE,TRUE,TRUE,TRUE,FALSE,TRUE,TRUE,TRUE,ranking_reversal,TRUE
16275,North America,Cold_Without_dry_season_Cold_Summer,missing_predictor_group,estimated,NA,0.547,NA,0.0255,NA,0.3868,NA,0.1351,NA,-0.36129999999999995,NA,-0.6605118829981718,NA,-0.8763036623817607,NA,-0.02541700591082796,NA,0.3148805330763691,NA,0.04587008595207265,NA,climate,NA,climate,NA,NA,NA,NA,NA,NA,NA,NA,NA,NA,TRUE,TRUE,FALSE,TRUE,FALSE,TRUE,FALSE,FALSE,FALSE,gained_estimability,TRUE
2303,North America,Polar,estimated,estimated,0.544,0.618,0.016,0.0785,0.1705,0.1762,0.3578,0.3633,-0.15450000000000003,-0.0977,-0.2840073529411765,-0.15809061488673137,-0.8284182305630028,-0.38358853553199845,-0.00597290436675868,0.06775023219770793,0.07978071709728252,0.1036666221716882,0.3154918989149388,0.3391081474985841,climate,climate,climate,climate,0.07399999999999995,0.0625,0.005699999999999983,0.005500000000000005,0.05680000000000003,0.12591673805444514,0.44482969503100434,0.07372313656446661,0.02388590507440569,0.023616248583645305,TRUE,TRUE,TRUE,TRUE,TRUE,FALSE,FALSE,FALSE,FALSE,same_ranking,FALSE
1574,North America,Cold_Without_dry_season_Hot_Summer,estimated,estimated,0.252,0.334,0.0319,0.0811,0.0959,0.1086,0.1244,0.1438,-0.064,-0.027499999999999997,-0.25396825396825395,-0.08233532934131735,-0.5007824726134585,-0.1449657353716394,-0.05314381492193376,0.02819774729095037,3.373517592536457e-4,0.06389892565003419,0.0061954213661400415,0.08308394535215313,climate,climate,climate,climate,0.08200000000000002,0.04920000000000001,0.012700000000000003,0.019400000000000014,0.036500000000000005,0.1716329246269366,0.35581673724181917,0.08134156221288413,0.06356157389078054,0.07688852398601309,TRUE,TRUE,TRUE,TRUE,TRUE,FALSE,FALSE,FALSE,FALSE,same_ranking,FALSE
2962,North America,Cold_Without_dry_season_Cold_Summer,missing_predictor_group,estimated,NA,0.768,NA,0.0382,NA,0.3622,NA,0.3674,NA,-0.324,NA,-0.421875,NA,-0.8091908091908091,NA,-0.0013390694455904795,NA,0.14672054586755323,NA,0.14488826923343656,NA,climate,NA,climate,NA,NA,NA,NA,NA,NA,NA,NA,NA,NA,TRUE,TRUE,FALSE,TRUE,FALSE,TRUE,FALSE,FALSE,FALSE,gained_estimability,TRUE
1780,North America,Cold_Without_dry_season_Cold_Summer,missing_predictor_group,estimated,NA,0.54,NA,0.0945,NA,0.2118,NA,0.234,NA,-0.11729999999999999,NA,-0.21722222222222218,NA,-0.38295788442703227,NA,-0.013621855074702705,NA,0.09414189087715508,NA,0.09962361961888688,NA,climate,NA,climate,NA,NA,NA,NA,NA,NA,NA,NA,NA,NA,TRUE,TRUE,FALSE,TRUE,FALSE,TRUE,FALSE,FALSE,FALSE,gained_estimability,TRUE
22797,Europe,Cold_Without_dry_season_Cold_Summer,estimated,estimated,0.496,0.495,0.0882,0.0705,0.3292,0.341,0.0785,0.0834,-0.241,-0.2705,-0.48588709677419356,-0.5464646464646465,-0.5773838045040728,-0.6573511543134872,0.08047464078364441,0.07942750647507124,0.28787306955398295,0.3059488486078379,0.04547602102990944,0.04979466367369456,climate,climate,climate,climate,-0.0010000000000000009,-0.017700000000000007,0.011800000000000033,0.004900000000000002,-0.029500000000000026,-0.06057754969045298,-0.07996734980941445,-0.0010471343085731721,0.018075779053854935,0.00431864264378512,TRUE,TRUE,TRUE,TRUE,TRUE,FALSE,FALSE,FALSE,FALSE,same_ranking,FALSE
2318,North America,Cold_Without_dry_season_Warm_Summer,estimated,estimated,0.536,0.334,0.0989,0.0568,0.1232,0.0749,0.3136,0.2019,-0.024300000000000002,-0.01809999999999999,-0.04533582089552239,-0.054191616766467034,-0.10941017559657812,-0.1374335611237661,0.14417782166698268,-0.057896315141884314,-0.05529646147415268,-0.12980106091997823,0.19505220829964365,-0.006392295283894178,climate,climate,climate,climate,-0.202,-0.0421,-0.04830000000000001,-0.1117,0.006200000000000011,-0.008855795870944642,-0.02802338552718797,-0.202074136808867,-0.07450459944582555,-0.20144450358353783,TRUE,TRUE,TRUE,TRUE,TRUE,FALSE,FALSE,FALSE,FALSE,same_ranking,FALSE
20,Europe,Cold_Without_dry_season_Cold_Summer,estimated,estimated,0.6,0.452,0.1144,0.0679,0.2425,0.1611,0.2427,0.223,-0.1281,-0.09319999999999999,-0.2135,-0.2061946902654867,-0.3589240683664892,-0.4069868995633188,0.09396284315734982,-0.053457177227168806,0.17290916286280567,0.009821013995745975,0.17513534260362984,0.13546099506587894,climate,climate,climate,climate,-0.14799999999999996,-0.0465,-0.0814,-0.019699999999999995,0.0349,0.007305309734513293,-0.04806283119682958,-0.14742002038451862,-0.1630881488670597,-0.0396743475377509,TRUE,TRUE,TRUE,TRUE,TRUE,FALSE,FALSE,FALSE,FALSE,same_ranking,FALSE
26518,Europe,Cold_Without_dry_season_Warm_Summer,estimated,estimated,0.028,0.102,-0.0161,0.0566,-0.1342,-0.1105,0.1783,0.1562,0.11810000000000001,0.1671,4.217857142857143,1.6382352941176472,NA,1,-0.03542388514725403,0.038879140996740724,-0.16470299798563026,-0.14710423350767732,0.18568647092240798,0.1117168749404237,human,human,NA,human,0.074,0.0727,0.023700000000000013,-0.02209999999999998,0.04899999999999999,-2.579621848739496,NA,0.07430302614399475,0.017598764477952944,-0.07396959598198427,TRUE,TRUE,TRUE,TRUE,TRUE,FALSE,FALSE,FALSE,FALSE,same_ranking,FALSE
2919,North America,Cold_Without_dry_season_Hot_Summer,estimated,estimated,0.171,0.089,0.1146,0.0369,-0.0377,-0.0642,0.094,0.1163,0.1523,0.1011,0.890643274853801,1.1359550561797753,1,1,0.05408963114461407,-0.02768766923754029,-0.022161343965456548,-0.06196745891900668,0.016872772158003202,0.07457405975314024,human,human,human,human,-0.08200000000000002,-0.07769999999999999,-0.026499999999999996,0.0223,-0.051199999999999996,0.2453117813259743,0,-0.08177730038215436,-0.03980611495355013,0.05770128759513704,TRUE,TRUE,TRUE,TRUE,TRUE,FALSE,FALSE,FALSE,FALSE,same_ranking,FALSE
20758,North America,Temperate_Dry_Summer,estimated,estimated,0.315,0.323,0.0319,0.0695,0.0878,0.0641,0.1951,0.1894,-0.055900000000000005,0.005400000000000002,-0.17746031746031748,0.016718266253869976,-0.4670008354218881,0.04041916167664672,0.06802968278363275,0.0761581078057697,-0.009724927356533186,-0.03246863252383403,0.08914674443846626,0.1024555958378024,climate,human,climate,human,0.008000000000000007,0.03760000000000001,-0.0237,-0.005699999999999983,0.06130000000000001,0.19417858371418745,0.5074199970985348,0.008128425022136954,-0.022743705167300843,0.01330885139933613,TRUE,TRUE,TRUE,TRUE,TRUE,FALSE,TRUE,TRUE,TRUE,ranking_reversal,TRUE
24097,Europe,Cold_Without_dry_season_Warm_Summer,estimated,estimated,0.122,0.167,-0.0414,-0.0151,0.0091,0.0228,0.154,0.1594,-0.0505,-0.0379,-0.4139344262295082,-0.22694610778443114,-1,-1,-0.08455500564268903,-0.03924804434346263,-0.13861522394663306,-0.1189110521210276,0.005499455111513951,0.008633232728499918,climate,climate,climate,climate,0.04500000000000001,0.026299999999999997,0.0137,0.005399999999999988,0.0126,0.18698831844507707,0,0.0453069612992264,0.019704171825605465,0.0031337776169859666,TRUE,TRUE,TRUE,TRUE,TRUE,FALSE,FALSE,FALSE,FALSE,same_ranking,FALSE
501,North America,Cold_Without_dry_season_Cold_Summer,estimated,estimated,0.274,0.253,0.0301,0.0206,0.1887,0.1826,0.0556,0.0494,-0.15860000000000002,-0.162,-0.5788321167883211,-0.6403162055335968,-0.7248628884826327,-0.7972440944881889,-2.364432814134787e-4,-0.022154585379653757,0.14356608207838972,0.14026720983623342,0.01666689937143573,0.01328889481054063,climate,climate,climate,climate,-0.02100000000000002,-0.009499999999999998,-0.006099999999999994,-0.006199999999999997,-0.0033999999999999864,-0.06148408874527567,-0.0723812060055562,-0.02191814209824028,-0.0032988722421563033,-0.003378004560895098,TRUE,TRUE,TRUE,TRUE,TRUE,FALSE,FALSE,FALSE,FALSE,same_ranking,FALSE
1848,North America,Cold_Without_dry_season_Warm_Summer,estimated,estimated,0.39,0.407,0.139,0.1437,0.1509,0.1606,0.0999,0.1028,-0.011899999999999994,-0.0169,-0.030512820512820497,-0.04152334152334152,-0.041048637461193485,-0.05553729871837002,-2.2610193890237884e-4,0.017115599831536432,-0.027669826594435176,0.0045247750415026156,-0.06475339916523515,-0.04599313097813551,climate,climate,climate,climate,0.01699999999999996,0.004699999999999982,0.009699999999999986,0.0029,-0.0050000000000000044,-0.011010521010521024,-0.014488661257176537,0.01734170177043881,0.03219460163593779,0.018760268187099638,TRUE,TRUE,TRUE,TRUE,TRUE,FALSE,FALSE,FALSE,FALSE,same_ranking,FALSE
45385,Europe,Cold_Without_dry_season_Warm_Summer,estimated,estimated,0.67,0.683,0.0293,0.0258,0.4813,0.5054,0.1592,0.1523,-0.452,-0.47959999999999997,-0.6746268656716418,-0.7021961932650073,-0.8852330591461025,-0.9028614457831324,0.03169355111361505,0.045507003907428234,0.4357975176713659,0.5104051432428021,0.15447025700003247,0.16715372717010712,climate,climate,climate,climate,0.013000000000000012,-0.0034999999999999996,0.024099999999999955,-0.006900000000000017,-0.027599999999999958,-0.0275693275933655,-0.017628386637029925,0.013813452793813186,0.07460762557143619,0.012683470170074651,TRUE,TRUE,TRUE,TRUE,TRUE,FALSE,FALSE,FALSE,FALSE,same_ranking,FALSE
2908,Latin America,Cold_Dry_Summer,estimated,estimated,0.503,0.362,0.0316,-0.0291,0.2636,0.2078,0.2081,0.1836,-0.23199999999999998,-0.2369,-0.4612326043737574,-0.6544198895027624,-0.7859078590785907,-1,0.06436036602311102,-0.07658889654709788,0.09575069397571667,-0.024265901498462528,0.018703302992232662,-0.03875731899270218,climate,climate,climate,climate,-0.14100000000000001,-0.060700000000000004,-0.05579999999999999,-0.024499999999999994,-0.0049000000000000155,-0.19318728512900502,-0.21409214092140927,-0.1409492625702089,-0.1200165954741792,-0.057460621984934845,TRUE,TRUE,TRUE,TRUE,TRUE,FALSE,FALSE,FALSE,FALSE,same_ranking,FALSE
22683,Europe,Cold_Without_dry_season_Cold_Summer,estimated,estimated,0.169,0.176,0.005,-0.002,0.0624,0.0644,0.1012,0.1131,-0.0574,-0.0664,-0.33964497041420116,-0.3772727272727273,-0.8516320474777448,-1,-0.050373188030360616,-0.043559437574239634,-0.08209368997474642,-0.09044113367023876,-0.004253839361609946,0.007077466535215682,climate,climate,climate,climate,0.0069999999999999785,-0.007,0.0020000000000000018,0.011900000000000008,-0.009000000000000001,-0.03762775685852615,-0.1483679525222552,0.006813750456120982,-0.00834744369549234,0.011331305896825627,TRUE,TRUE,TRUE,TRUE,TRUE,FALSE,FALSE,FALSE,FALSE,same_ranking,FALSE
17711,North America,Cold_Without_dry_season_Cold_Summer,estimated,estimated,0.658,0.671,0.1101,0.1031,0.4128,0.4481,0.1349,0.12,-0.30269999999999997,-0.345,-0.46003039513677807,-0.5141579731743665,-0.5788869764773378,-0.6259071117561683,0.077519657416108,0.0909394416618442,0.31356148829429087,0.4216967085343919,0.05310902385559535,0.060889429413754526,climate,climate,climate,climate,0.013000000000000012,-0.007000000000000006,0.0353,-0.014899999999999997,-0.042300000000000004,-0.05412757803758844,-0.04702013527883053,0.0134197842457362,0.10813522024010103,0.007780405558159176,TRUE,TRUE,TRUE,TRUE,TRUE,FALSE,FALSE,FALSE,FALSE,same_ranking,FALSE
2023,North America,Cold_Without_dry_season_Warm_Summer,estimated,estimated,0.46,0.565,0.1003,0.1834,0.1348,0.1488,0.2252,0.2323,-0.0345,0.03460000000000002,-0.075,0.06123893805309739,-0.14674606550404085,0.10415412402167375,-0.009332633762431541,0.09486842797265593,-0.07183327822976371,-0.01510740186976467,0.02984577101792074,0.07294456262455773,climate,human,climate,human,0.10499999999999993,0.08310000000000001,0.013999999999999985,0.007099999999999995,0.06910000000000002,0.1362389380530974,0.2509001895257146,0.10420106173508747,0.05672587635999904,0.04309879160663699,TRUE,TRUE,TRUE,TRUE,TRUE,FALSE,TRUE,TRUE,TRUE,ranking_reversal,TRUE
336,North America,Cold_Without_dry_season_Cold_Summer,missing_predictor_group,estimated,NA,0.583,NA,0.0795,NA,0.174,NA,0.3291,NA,-0.09449999999999999,NA,-0.1620926243567753,NA,-0.37278106508875736,NA,-0.008459158580624071,NA,0.1312115907296415,NA,0.21644969494060562,NA,climate,NA,climate,NA,NA,NA,NA,NA,NA,NA,NA,NA,NA,TRUE,TRUE,FALSE,TRUE,FALSE,TRUE,FALSE,FALSE,FALSE,gained_estimability,TRUE
14525,Europe,Temperate_Without_dry_season,estimated,estimated,0.711,0.705,0.0804,0.0773,0.4739,0.4744,0.1562,0.1529,-0.39349999999999996,-0.3971,-0.5534458509142053,-0.5632624113475178,-0.7099043839076311,-0.7197752401667573,-0.011615493358262396,-0.017465611116423307,0.33096096204698866,0.33929748559742945,0.002661167281754251,0.00338667324093489,climate,climate,climate,climate,-0.006000000000000005,-0.0031000000000000055,5.000000000000004e-4,-0.0032999999999999974,-0.0036000000000000476,-0.009816560433312471,-0.009870856259126204,-0.005850117758160911,0.008336523550440789,7.25505959180639e-4,TRUE,TRUE,TRUE,TRUE,TRUE,FALSE,FALSE,FALSE,FALSE,same_ranking,FALSE
1667,North America,Cold_Without_dry_season_Warm_Summer,estimated,estimated,0.517,0.517,0.1168,0.1227,0.177,0.1725,0.2236,0.2214,-0.06019999999999999,-0.04979999999999998,-0.1164410058027079,-0.09632495164410054,-0.20490129339686858,-0.16869918699186986,-0.02502320210255582,-0.02585606478339153,0.10615491988762193,0.10730287318146281,0.08503353931252922,0.09085229950478424,climate,climate,climate,climate,0,0.0059000000000000025,-0.004500000000000004,-0.0021999999999999797,0.010400000000000006,0.020116054158607358,0.03620210640499871,-8.328626808357109e-4,0.0011479532938408754,0.005818760192255024,TRUE,TRUE,TRUE,TRUE,TRUE,FALSE,FALSE,FALSE,FALSE,same_ranking,FALSE
41491,Europe,Cold_Without_dry_season_Warm_Summer,estimated,estimated,0.559,0.419,0.1371,0.0866,0.2026,0.1411,0.2194,0.1915,-0.0655,-0.05450000000000001,-0.11717352415026833,-0.13007159904534607,-0.19281719163968208,-0.23935002195871763,0.21925296066342725,0.07940394483924829,0.05766310493646598,-0.032904788322106526,0.06237229902506214,0.039118461236516744,climate,climate,climate,climate,-0.14000000000000007,-0.0505,-0.0615,-0.027900000000000008,0.010999999999999996,-0.012898074895077744,-0.046532830319035545,-0.13984901582417897,-0.09056789325857251,-0.023253837788545395,TRUE,TRUE,TRUE,TRUE,TRUE,FALSE,FALSE,FALSE,FALSE,same_ranking,FALSE
48621,Latin America,Temperate_Without_dry_season,estimated,estimated,0.153,0.218,-0.0475,0.0372,0.1036,0.0766,0.0972,0.1041,-0.1511,-0.039400000000000004,-0.9875816993464053,-0.18073394495412845,-1,-0.34622144112478037,-0.0766006802409892,-0.012038930276982107,0.03406663189686687,0.0030851729876540945,0.05059479591189553,0.08736607695949383,climate,climate,climate,climate,0.065,0.0847,-0.026999999999999996,0.006900000000000003,0.11170000000000001,0.8068477543922769,0.6537785588752196,0.0645617499640071,-0.030981458909212778,0.0367712810475983,TRUE,TRUE,TRUE,TRUE,TRUE,FALSE,FALSE,FALSE,FALSE,same_ranking,FALSE
48889,North America,Cold_Without_dry_season_Warm_Summer,estimated,estimated,0.635,0.458,0.2421,0.2468,0.0545,-0.0065,0.3387,0.2176,0.18760000000000002,0.25329999999999997,0.29543307086614173,0.5530567685589519,0.6325016857720837,1,0.19435419766721873,0.016924224697189794,0.1110862318856769,-0.07450999090489019,0.33370599236775533,0.027738006673981297,human,human,human,human,-0.177,0.004699999999999982,-0.061,-0.12110000000000001,0.06569999999999995,0.2576236976928102,0.36749831422791635,-0.17742997297002894,-0.1855962227905671,-0.30596798569377404,TRUE,TRUE,TRUE,TRUE,TRUE,FALSE,FALSE,FALSE,FALSE,same_ranking,FALSE
45400,Europe,Cold_Without_dry_season_Warm_Summer,estimated,estimated,0.451,0.452,0.0124,0.0678,0.055,0.0555,0.3832,0.3291,-0.0426,0.012299999999999998,-0.09445676274944567,0.027212389380530968,-0.6320474777448071,0.0997566909975669,-0.03065822755923575,-0.028798186803430048,0.11572012777793694,0.09423535230774505,0.43015222194251435,0.2993743937418927,climate,human,climate,human,0.0010000000000000009,0.0554,5.000000000000004e-4,-0.05409999999999998,0.0549,0.12166915212997664,0.731804168742374,0.001860040755805703,-0.021484775470191897,-0.13077782820062167,TRUE,TRUE,TRUE,TRUE,TRUE,FALSE,TRUE,TRUE,TRUE,ranking_reversal,TRUE
805,North America,Cold_Without_dry_season_Hot_Summer,estimated,estimated,0.368,0.502,0.0553,0.1184,0.1699,0.2026,0.1428,0.1805,-0.1146,-0.0842,-0.3114130434782609,-0.16772908366533865,-0.5088809946714031,-0.2623052959501557,-0.06618456634189207,0.06732020657455318,-0.06632783662775843,0.020480335212921585,-0.06801006126502385,0.02885224358712357,climate,climate,climate,climate,0.134,0.0631,0.03270000000000001,0.037699999999999984,0.030399999999999996,0.14368395981292223,0.2465756987212474,0.13350477291644525,0.08680817184068002,0.09686230485214742,TRUE,TRUE,TRUE,TRUE,TRUE,FALSE,FALSE,FALSE,FALSE,same_ranking,FALSE
22992,Europe,Cold_Without_dry_season_Cold_Summer,estimated,estimated_residual_temporal_dependence,0.183,0.128,0.0894,0.0507,0.0424,0.0529,0.0511,0.0248,0.04699999999999999,-0.0022000000000000006,0.2568306010928961,-0.017187500000000005,0.35660091047040965,-0.02123552123552124,0.08282872667508445,0.028281387351624554,0.0051429844818852155,0.0018536643600715053,0.008949960542609325,-0.06798590132505122,human,climate,human,climate,-0.05499999999999999,-0.03869999999999999,0.010500000000000002,-0.0263,-0.049199999999999994,-0.27401810109289615,-0.3778364317059309,-0.0545473393234599,-0.0032893201218137103,-0.07693586186766055,TRUE,TRUE,TRUE,TRUE,TRUE,TRUE,TRUE,TRUE,TRUE,ranking_reversal,TRUE
15768,North America,Temperate_Dry_Summer,estimated,estimated,0.305,0.398,0.0245,0.0907,0.156,0.143,0.1242,0.1642,-0.1315,-0.052299999999999985,-0.4311475409836066,-0.13140703517587934,-0.7285318559556787,-0.2237911852802738,0.048017541532486385,0.14125872965652575,0.07178513301944356,0.08698335452376327,0.04638964679297852,0.16743878236676946,climate,climate,climate,climate,0.09300000000000003,0.06620000000000001,-0.013000000000000012,0.04000000000000001,0.07920000000000002,0.29974050580772726,0.504740670675405,0.09324118812403936,0.015198221504319709,0.12104913557379093,TRUE,TRUE,TRUE,TRUE,TRUE,FALSE,FALSE,FALSE,FALSE,same_ranking,FALSE
41911,Europe,Temperate_Dry_Summer,estimated,estimated,0.249,0.244,0.0061,-0.0029,-0.006,0.0013,0.2489,0.2454,0.0121,-0.0042,0.04859437751004016,-0.017213114754098358,1,-1,-0.02473324177341929,-0.02996932111418671,-0.09601957350421453,-0.08575835480462135,0.19838654155533875,0.18706545881490344,human,climate,human,climate,-0.0050000000000000044,-0.009000000000000001,0.0073,-0.003500000000000003,-0.0163,-0.06580749226413851,-2,-0.005236079340767419,0.010261218699593178,-0.011321082740435306,TRUE,TRUE,TRUE,TRUE,TRUE,FALSE,TRUE,TRUE,TRUE,ranking_reversal,TRUE
22316,Europe,Cold_Without_dry_season_Warm_Summer,estimated,estimated,0.498,0.368,0.1281,0.0631,0.1456,0.1099,0.2245,0.1951,-0.017500000000000016,-0.046799999999999994,-0.03514056224899602,-0.12717391304347825,-0.06393861892583126,-0.2705202312138728,0.10084926608255163,-0.029292236104391578,-0.04393346990557356,-0.11871626906117816,0.08253515812914813,0.02040802206245751,climate,climate,climate,climate,-0.13,-0.06499999999999999,-0.03570000000000001,-0.02940000000000001,-0.02929999999999998,-0.09203335079448223,-0.20658161228804156,-0.1301415021869432,-0.0747827991556046,-0.062127136066690625,TRUE,TRUE,TRUE,TRUE,TRUE,FALSE,FALSE,FALSE,FALSE,same_ranking,FALSE
219,North America,Cold_Without_dry_season_Warm_Summer,estimated,estimated,0.643,0.568,0.0616,0.0648,0.3999,0.3957,0.1812,0.1071,-0.3383,-0.33089999999999997,-0.5261275272161742,-0.5825704225352113,-0.733044420368364,-0.7185667752442996,0.0696022119551144,-0.00555927227727071,0.20428634896091247,0.2638438169695092,0.036534935710877736,-0.04368810969592263,climate,climate,climate,climate,-0.07500000000000007,0.0031999999999999945,-0.0041999999999999815,-0.0741,0.007400000000000018,-0.05644289531903712,0.014477645124064464,-0.07516148423238511,0.05955746800859674,-0.08022304540680036,TRUE,TRUE,TRUE,TRUE,TRUE,FALSE,FALSE,FALSE,FALSE,same_ranking,FALSE
4364,Europe,Cold_Without_dry_season_Warm_Summer,estimated,estimated,0.024,-0.063,0.0251,-0.0226,-0.031,-0.061,0.0299,0.0208,0.0561,0.038400000000000004,2.3375,-0.6095238095238096,1,NA,0.0025881723815188717,-0.08416140811600226,-0.06355413196043802,-0.1290364393701462,0.010160778501788648,-0.013634979309715245,human,human,human,NA,-0.087,-0.0477,-0.03,-0.0091,-0.017699999999999994,-2.9470238095238095,NA,-0.08674958049752113,-0.06548230740970817,-0.023795757811503893,TRUE,TRUE,TRUE,TRUE,TRUE,FALSE,FALSE,FALSE,FALSE,same_ranking,FALSE
21606,Latin America,Arid,missing_predictor_group,estimated,NA,0.831,NA,0.2276,NA,0.3718,NA,0.2311,NA,-0.14420000000000002,NA,-0.17352587244283998,NA,-0.24057390724057393,NA,0.20507708470822683,NA,0.3474346524869042,NA,0.08574753094858789,NA,climate,NA,climate,NA,NA,NA,NA,NA,NA,NA,NA,NA,NA,TRUE,TRUE,FALSE,TRUE,FALSE,TRUE,FALSE,FALSE,FALSE,gained_estimability,TRUE
2586,North America,Cold_Without_dry_season_Warm_Summer,estimated,estimated,0.292,0.102,0.0956,0.0071,0.0012,-0.0289,0.1949,0.1242,0.0944,0.036,0.3232876712328767,0.35294117647058826,0.9752066115702478,1,0.11890259427930205,-0.07031693997402255,-0.15084414407730762,-0.19947443500724815,0.12434469804717019,-0.005420945105847896,human,human,human,human,-0.19,-0.08850000000000001,-0.0301,-0.07069999999999999,-0.0584,0.02965350523771154,0.024793388429752206,-0.1892195342533246,-0.048630290929940534,-0.12976564315301808,TRUE,TRUE,TRUE,TRUE,TRUE,FALSE,FALSE,FALSE,FALSE,same_ranking,FALSE
1438,Europe,Cold_Without_dry_season_Cold_Summer,estimated,estimated,0.647,0.517,0.0353,0.0916,0.0682,0.0495,0.5438,0.3758,-0.0329,0.0421,-0.0508500772797527,0.08143133462282398,-0.3178743961352657,0.29836995038979447,0.09392748637426218,-0.0365193025218743,0.22713613512644193,0.07442704654447008,0.7244673358429847,0.2730399968364563,climate,human,climate,human,-0.13,0.0563,-0.018699999999999994,-0.16799999999999993,0.075,0.1322814119025767,0.6162443465250602,-0.13044678889613648,-0.15270908858197185,-0.4514273390065284,TRUE,TRUE,TRUE,TRUE,TRUE,FALSE,TRUE,TRUE,TRUE,ranking_reversal,TRUE
41614,North America,Cold_Without_dry_season_Cold_Summer,estimated,estimated,0.471,0.484,0.0786,0.0232,0.2244,0.2518,0.1682,0.2085,-0.14579999999999999,-0.22860000000000003,-0.3095541401273885,-0.4723140495867769,-0.48118811881188117,-0.8312727272727273,-0.03571779303590095,-0.023332055022966536,0.06391943753621265,0.08034691926850179,0.0048744993965266215,0.04700891342062441,climate,climate,climate,climate,0.013000000000000012,-0.055400000000000005,0.027400000000000035,0.0403,-0.08280000000000004,-0.1627599094593884,-0.3500846084608461,0.01238573801293441,0.01642748173228914,0.04213441402409779,TRUE,TRUE,TRUE,TRUE,TRUE,FALSE,FALSE,FALSE,FALSE,same_ranking,FALSE
15138,North America,Cold_Without_dry_season_Warm_Summer,estimated,estimated,0.355,0.339,0.0307,0.0843,0.1225,0.1046,0.2015,0.1505,-0.09179999999999999,-0.0203,-0.25859154929577466,-0.05988200589970501,-0.5992167101827676,-0.10746426680783482,-0.025917161629772312,-0.04138694548089328,0.023598844873783942,0.0016024748533848276,0.11242888598997225,0.024231471353286294,climate,climate,climate,climate,-0.01599999999999996,0.053599999999999995,-0.0179,-0.05100000000000002,0.0715,0.19870954339606967,0.49175244337493274,-0.015469783851120966,-0.021996370020399114,-0.08819741463668596,TRUE,TRUE,TRUE,TRUE,TRUE,FALSE,FALSE,FALSE,FALSE,same_ranking,FALSE
24250,Europe,Cold_Without_dry_season_Warm_Summer,estimated,estimated,0.522,0.562,-0.0298,0.1152,0.3475,0.2497,0.2047,0.1972,-0.37729999999999997,-0.1345,-0.7227969348659002,-0.23932384341637009,-1,-0.36859413537955604,-0.021227689882890255,0.018397663636775308,0.13029367086394872,-0.021841395323540347,-0.013832708648335412,0.014453706583027248,climate,climate,climate,climate,0.040000000000000036,0.145,-0.09779999999999997,-0.007500000000000007,0.24279999999999996,0.48347309144953016,0.6314058646204439,0.03962535351966556,-0.15213506618748907,0.02828641523136266,TRUE,TRUE,TRUE,TRUE,TRUE,FALSE,FALSE,FALSE,FALSE,same_ranking,FALSE
24414,Europe,Cold_Without_dry_season_Warm_Summer,estimated,estimated,0.312,0.354,-0.03,0.0131,0.1381,0.1399,0.2036,0.2012,-0.1681,-0.1268,-0.5387820512820513,-0.3581920903954802,-1,-0.8287581699346405,-0.05218340331801763,-0.009659264005668189,-0.12562409978296285,-0.12958144351024592,-0.046698543591363606,-0.05916496708153296,climate,climate,climate,climate,0.04199999999999998,0.0431,0.001799999999999996,-0.0024000000000000132,0.0413,0.18058996088657103,0.17124183006535953,0.04252413931234944,-0.003957343727283069,-0.012466423490169354,TRUE,TRUE,TRUE,TRUE,TRUE,FALSE,FALSE,FALSE,FALSE,same_ranking,FALSE
3493,North America,Cold_Without_dry_season_Warm_Summer,estimated,estimated,0.536,0.576,0.1828,0.1624,0.2485,0.291,0.1049,0.1227,-0.06570000000000001,-0.1286,-0.12257462686567165,-0.2232638888888889,-0.15233016461859497,-0.28363475959417733,0.19104396096229803,0.2309192883279947,0.16458233586472482,0.252458852060783,0.1473051392127267,0.18581008320536396,climate,climate,climate,climate,0.039999999999999925,-0.0204,0.04249999999999998,0.01780000000000001,-0.06289999999999998,-0.10068926202321725,-0.13130459497558236,0.039875327365696656,0.08787651619605819,0.038504943992637264,TRUE,TRUE,TRUE,TRUE,TRUE,FALSE,FALSE,FALSE,FALSE,same_ranking,FALSE
15855,North America,Cold_Without_dry_season_Cold_Summer,estimated,estimated,0.355,0.276,0.0219,0.1179,-0.0048,-0.04,0.3377,0.1984,0.026699999999999998,0.1579,0.0752112676056338,0.5721014492753623,1,1,0.04427066620231457,-0.03415127591856604,-0.02725750870425714,-0.11577638703884874,0.3350870145227455,0.03834428825499592,human,human,human,human,-0.07899999999999996,0.096,-0.0352,-0.1393,0.1312,0.49689018166972854,0,-0.0784219421208806,-0.0885188783345916,-0.29674272626774956,TRUE,TRUE,TRUE,TRUE,TRUE,FALSE,FALSE,FALSE,FALSE,same_ranking,FALSE
974,North America,Cold_Without_dry_season_Warm_Summer,missing_predictor_group,estimated,NA,0.845,NA,0.1431,NA,0.4538,NA,0.2476,NA,-0.3107,NA,-0.36769230769230765,NA,-0.5205227006198693,NA,0.013233585726202701,NA,0.32640425082009583,NA,0.08745183738708895,NA,climate,NA,climate,NA,NA,NA,NA,NA,NA,NA,NA,NA,NA,TRUE,TRUE,FALSE,TRUE,FALSE,TRUE,FALSE,FALSE,FALSE,gained_estimability,TRUE
16054,North America,Cold_Dry_Summer,estimated,estimated,0.526,0.619,0.0411,0.1139,0.3179,0.3323,0.1669,0.1726,-0.27680000000000005,-0.21839999999999998,-0.526235741444867,-0.352827140549273,-0.7710306406685238,-0.4894666069027342,-0.02784119176736133,0.065113731244002,0.1678250886288658,0.23027000553095556,-0.00872528271565809,0.036410285084774285,climate,climate,climate,climate,0.09299999999999997,0.0728,0.014399999999999968,0.005700000000000011,0.05840000000000006,0.17340860089559396,0.2815640337657896,0.09295492301136332,0.06244491690208975,0.045135567800432375,TRUE,TRUE,TRUE,TRUE,TRUE,FALSE,FALSE,FALSE,FALSE,same_ranking,FALSE
45117,Europe,Cold_Without_dry_season_Cold_Summer,estimated,estimated,0.459,0.419,0.0325,0.0093,0.2721,0.2528,0.1544,0.1572,-0.2396,-0.24350000000000002,-0.5220043572984749,-0.5811455847255371,-0.7866053841103087,-0.9290347195726822,0.007071599742627277,-0.032584305681449766,0.1657562623497194,0.11539305383979281,0.03983922525918315,0.033742956530551704,climate,climate,climate,climate,-0.040000000000000036,-0.023200000000000002,-0.019299999999999984,0.002799999999999997,-0.0039000000000000146,-0.05914122742706218,-0.14242933546237357,-0.03965590542407704,-0.050363208509926594,-0.006096268728631449,TRUE,TRUE,TRUE,TRUE,TRUE,FALSE,FALSE,FALSE,FALSE,same_ranking,FALSE
679,North America,Cold_Without_dry_season_Warm_Summer,estimated,estimated,0.218,0.27,0.0386,0.059,0.1347,0.1467,0.0447,0.0644,-0.09609999999999999,-0.0877,-0.44082568807339445,-0.3248148148148148,-0.5545297172533179,-0.42634905201750123,-0.030803835803823065,0.021290647485132208,0.061165522698006236,0.09245701416809093,-0.030624256390269222,0.01641241007387717,climate,climate,climate,climate,0.05200000000000002,0.020399999999999995,0.01200000000000001,0.019700000000000002,0.00839999999999999,0.11601087325857967,0.12818066523581667,0.05209448328895527,0.0312914914700847,0.04703666646414639,TRUE,TRUE,TRUE,TRUE,TRUE,FALSE,FALSE,FALSE,FALSE,same_ranking,FALSE
15778,North America,Cold_Dry_Summer,estimated,estimated,0.586,0.544,0.2003,0.1949,0.2826,0.2504,0.1026,0.0985,-0.08230000000000001,-0.05550000000000002,-0.14044368600682597,-0.10202205882352944,-0.17042866017809072,-0.12463507747585902,0.1850750501698919,0.14329555559601914,0.3698191894910313,0.28599639737578086,0.01808195049815875,-0.009318965153472414,climate,climate,climate,climate,-0.041999999999999926,-0.005400000000000016,-0.032200000000000006,-0.0040999999999999925,0.02679999999999999,0.03842162718329653,0.0457935827022317,-0.041779494573872755,-0.08382279211525046,-0.027400915651631164,TRUE,TRUE,TRUE,TRUE,TRUE,FALSE,FALSE,FALSE,FALSE,same_ranking,FALSE
47537,Europe,Temperate_Dry_Summer,estimated,estimated,0.851,0.839,0.0091,0.0427,0.3834,0.3623,0.4586,0.434,-0.3743,-0.3196,-0.43983548766157465,-0.3809296781883194,-0.9536305732484076,-0.7891358024691357,0.03426737090995635,0.02230263408401023,0.13970653476782402,0.13459252009310452,0.2140886063198264,0.20211851619096788,climate,climate,climate,climate,-0.01200000000000001,0.033600000000000005,-0.021100000000000008,-0.02460000000000001,0.054700000000000026,0.058905809473255244,0.16449477077927188,-0.01196473682594612,-0.0051140146747195026,-0.011970090128858524,TRUE,TRUE,TRUE,TRUE,TRUE,FALSE,FALSE,FALSE,FALSE,same_ranking,FALSE
15214,North America,Cold_Without_dry_season_Cold_Summer,estimated,estimated,0.245,0.268,0.0415,0.0911,-0.0491,-0.0429,0.2524,0.2201,0.0906,0.134,0.36979591836734693,0.5,1,1,-0.017682998059656563,0.005788073813517203,-0.1318172916486927,-0.0942392851139302,0.1873185323483768,0.14799797885181265,human,human,human,human,0.02300000000000002,0.0496,0.006199999999999997,-0.03230000000000002,0.04340000000000001,0.13020408163265307,0,0.023471071873173766,0.03757800653476251,-0.03932055349656416,TRUE,TRUE,TRUE,TRUE,TRUE,FALSE,FALSE,FALSE,FALSE,same_ranking,FALSE
790,North America,Cold_Without_dry_season_Cold_Summer,estimated,estimated,0.498,0.492,0.1202,0.101,0.1458,0.1284,0.2323,0.2628,-0.02560000000000001,-0.02739999999999998,-0.05140562248995986,-0.05569105691056907,-0.09624060150375943,-0.11944202266782904,-0.01671604295762652,-0.02280231642559616,0.008757536966552126,0.011007903498475025,0.06907573852337134,0.16700779463691207,climate,climate,climate,climate,-0.006000000000000005,-0.019199999999999995,-0.017400000000000027,0.03049999999999997,-0.0017999999999999683,-0.004285434420609205,-0.023201421164069605,-0.006086273467969638,0.0022503665319228983,0.09793205611354072,TRUE,TRUE,TRUE,TRUE,TRUE,FALSE,FALSE,FALSE,FALSE,same_ranking,FALSE
2663,North America,Temperate_Without_dry_season,estimated,estimated,0.58,0.554,0.0842,0.084,0.2513,0.2396,0.2447,0.2304,-0.16710000000000003,-0.15560000000000002,-0.28810344827586215,-0.2808664259927798,-0.4980625931445604,-0.480840543881335,-0.00815100347932185,-0.034413811635285785,0.0652621340593057,0.06088819880855012,0.06142030973961332,0.05172799577067955,climate,climate,climate,climate,-0.025999999999999912,-1.9999999999999185e-4,-0.011700000000000016,-0.014300000000000007,0.01150000000000001,0.007237022283082373,0.017222049263225403,-0.026262808155963935,-0.004373935250755578,-0.009692313968933775,TRUE,TRUE,TRUE,TRUE,TRUE,FALSE,FALSE,FALSE,FALSE,same_ranking,FALSE
1013,North America,Cold_Without_dry_season_Warm_Summer,estimated,estimated,0.356,0.285,0.2068,0.1813,0.0582,0.0454,0.0914,0.0586,0.1486,0.1359,0.4174157303370787,0.4768421052631579,0.5607547169811321,0.5994706660785178,0.2486346746414011,0.1775008865919231,-0.07809618296433918,-0.12495158293067654,0.0458573149479532,-0.041189375573888576,human,human,human,human,-0.07100000000000001,-0.025500000000000023,-0.012799999999999999,-0.032799999999999996,-0.012700000000000017,0.05942637492607922,0.03871594909738574,-0.07113378804947801,-0.04685539996633736,-0.08704669052184177,TRUE,TRUE,TRUE,TRUE,TRUE,FALSE,FALSE,FALSE,FALSE,same_ranking,FALSE
16175,North America,Cold_Without_dry_season_Hot_Summer,estimated,estimated,0.675,0.694,0.0946,0.16,0.353,0.3438,0.2271,0.1901,-0.25839999999999996,-0.1838,-0.3828148148148147,-0.2648414985590778,-0.5773011617515638,-0.36482731242556565,-0.020590454216484533,-0.0013078776037832585,0.12123190285863739,0.1552949855728426,0.00340982468669615,-0.01814932773191591,climate,climate,climate,climate,0.018999999999999906,0.0654,-0.009199999999999986,-0.037000000000000005,0.07459999999999997,0.11797331625573693,0.2124738493259981,0.019282576612701274,0.03406308271420522,-0.02155915241861206,TRUE,TRUE,TRUE,TRUE,TRUE,FALSE,FALSE,FALSE,FALSE,same_ranking,FALSE
16238,North America,Cold_Without_dry_season_Cold_Summer,estimated,estimated,0.275,0.277,-0.0645,-0.0269,0.2927,0.2836,0.0467,0.0202,-0.3572,-0.3105,-1.2989090909090908,-1.1209386281588447,-1,-1,-0.07487640146017749,-0.07278744522472258,0.3253031455070695,0.2799035940220188,0.08458561580438395,0.004356117595590292,climate,climate,climate,climate,0.0020000000000000018,0.0376,-0.009099999999999997,-0.0265,0.04670000000000002,0.17797046275024608,0,0.0020889562354549085,-0.045399551485050704,-0.08022949820879366,TRUE,TRUE,TRUE,TRUE,TRUE,FALSE,FALSE,FALSE,FALSE,same_ranking,FALSE
40797,North America,Cold_Without_dry_season_Warm_Summer,estimated,estimated,0.535,0.559,0.1794,0.2248,0.1915,0.1662,0.1639,0.1676,-0.0121,0.05860000000000001,-0.02261682242990654,0.10483005366726299,-0.032623348611485574,0.14987212276214837,0.14047129554732452,0.16440338844538283,0.0838260077235995,0.0346256946030965,0.01805571258988381,0.026931094598090066,climate,human,climate,human,0.02400000000000002,0.045399999999999996,-0.025300000000000017,0.003700000000000009,0.07070000000000001,0.12744687609716954,0.18249547137363395,0.02393209289805831,-0.04920031312050299,0.008875382008206256,TRUE,TRUE,TRUE,TRUE,TRUE,FALSE,TRUE,TRUE,TRUE,ranking_reversal,TRUE
16103,North America,Cold_Without_dry_season_Warm_Summer,estimated,estimated,0.108,0.085,0.0287,0.0592,-0.0436,-0.0878,0.1231,0.114,0.0723,0.14700000000000002,0.6694444444444445,1.7294117647058824,1,1,-0.04916627169994836,-0.0718555608552841,-0.1167587606384155,-0.22226619377948065,0.013521255927385178,-0.021758641211519936,human,human,human,human,-0.022999999999999993,0.030500000000000003,-0.0442,-0.009099999999999997,0.07470000000000002,1.059967320261438,0,-0.022689289155335746,-0.10550743314106514,-0.035279897138905114,TRUE,TRUE,TRUE,TRUE,TRUE,FALSE,FALSE,FALSE,FALSE,same_ranking,FALSE
40452,Europe,Cold_Without_dry_season_Warm_Summer,estimated,estimated,0.184,0.191,0.0291,0.0209,0.0286,0.03,0.1267,0.1401,5.000000000000004e-4,-0.0091,0.0027173913043478286,-0.04764397905759162,0.008665511265164651,-0.1787819253438114,0.06459652109981717,0.07111861909828765,-0.05953633618916676,-0.0549326167153793,0.062564502965197,0.0913324082250836,human,climate,human,climate,0.007000000000000006,-0.008200000000000002,0.0013999999999999985,0.013399999999999995,-0.009600000000000001,-0.05036137036193945,-0.18744743660897606,0.0065220979984704774,0.00460371947378746,0.028767905259886595,TRUE,TRUE,TRUE,TRUE,TRUE,FALSE,TRUE,TRUE,TRUE,ranking_reversal,TRUE
1569,North America,Cold_Without_dry_season_Cold_Summer,estimated,estimated,0.564,0.514,0.044,0.1604,0.2179,0.1473,0.3017,0.206,-0.1739,0.0131,-0.30833333333333335,0.025486381322957198,-0.6639938907980144,0.04257393565160872,0.060123116395911835,0.010192664677613927,0.052536259054259515,-0.03671549647487171,0.11990731712574199,-0.019537459473524033,climate,human,climate,human,-0.04999999999999993,0.11639999999999999,-0.07060000000000002,-0.09570000000000004,0.187,0.33381971465629057,0.7065678264496231,-0.04993045171829791,-0.08925175552913123,-0.13944477659926602,TRUE,TRUE,TRUE,TRUE,TRUE,FALSE,TRUE,TRUE,TRUE,ranking_reversal,TRUE
15,Latin America,Arid,estimated,estimated,0.253,0.24,0.0142,0.0529,0.0426,-5e-4,0.1966,0.1876,-0.028399999999999998,0.0534,-0.11225296442687746,0.22250000000000003,-0.49999999999999994,1,0.05364124523364977,0.04018433268447108,0.016535144735804197,-0.10284991627070805,0.19019397678107208,0.13881925116695304,climate,human,climate,human,-0.013000000000000012,0.0387,-0.0431,-0.009000000000000008,0.0818,0.3347529644268775,1.5,-0.01345691254917869,-0.11938506100651225,-0.05137472561411904,TRUE,TRUE,TRUE,TRUE,TRUE,FALSE,TRUE,TRUE,TRUE,ranking_reversal,TRUE
14549,North America,Cold_Dry_Summer,estimated,estimated,0.186,0.138,0.0919,0.0334,0.0305,0.0405,0.064,0.0639,0.061399999999999996,-0.007100000000000002,0.3301075268817204,-0.05144927536231885,0.5016339869281046,-0.09607577807848447,4.8298114182410146e-4,-0.04805831125721416,-0.0169713357862199,0.01781800093124175,0.024075314140173276,0.03872775498374459,human,climate,human,climate,-0.04799999999999999,-0.058499999999999996,0.010000000000000002,-1.0000000000000286e-4,-0.0685,-0.38155680224403926,-0.597709765006589,-0.04854129239903826,0.03478933671746165,0.014652440843571313,TRUE,TRUE,TRUE,TRUE,TRUE,FALSE,TRUE,TRUE,TRUE,ranking_reversal,TRUE
843,North America,Cold_Without_dry_season_Cold_Summer,estimated,estimated,0.449,0.419,0.1068,0.1243,0.1348,0.1099,0.2071,0.1845,-0.027999999999999997,0.014399999999999996,-0.06236080178173719,0.034367541766109774,-0.11589403973509932,0.0614859094790777,0.11429670885337151,0.08431191702069196,-0.05409783922888223,-0.033002775913048565,0.018317800361768333,0.044076333976543536,climate,human,climate,human,-0.030000000000000027,0.017499999999999988,-0.024900000000000005,-0.02260000000000001,0.04239999999999999,0.09672834354784696,0.17737994921417702,-0.029984791832679547,0.021095063315833662,0.025758533614775203,TRUE,TRUE,TRUE,TRUE,TRUE,FALSE,TRUE,TRUE,TRUE,ranking_reversal,TRUE
41748,Europe,Polar,estimated,estimated,0.642,0.651,-0.021,-0.0026,0.2058,0.2278,0.4575,0.4259,-0.2268,-0.2304,-0.3532710280373832,-0.35391705069124424,-1,-1,-0.015396731254893936,-0.006473102002605646,-0.01069610757355155,-0.0027717578631994977,0.2287385532617664,0.12953339332574798,climate,climate,climate,climate,0.009000000000000008,0.0184,0.021999999999999992,-0.03160000000000002,-0.003599999999999992,-6.460226538610447e-4,0,0.00892362925228829,0.007924349710352052,-0.09920515993601842,TRUE,TRUE,TRUE,TRUE,TRUE,FALSE,FALSE,FALSE,FALSE,same_ranking,FALSE
1434,Europe,Cold_Without_dry_season_Warm_Summer,missing_predictor_group,estimated,NA,0.688,NA,0.0504,NA,0.4559,NA,0.1814,NA,-0.4055,NA,-0.589389534883721,NA,-0.800908552241754,NA,-0.010210686471020414,NA,0.3674250338570215,NA,0.05861469431509736,NA,climate,NA,climate,NA,NA,NA,NA,NA,NA,NA,NA,NA,NA,TRUE,TRUE,FALSE,TRUE,FALSE,TRUE,FALSE,FALSE,FALSE,gained_estimability,TRUE
808,North America,Temperate_Dry_Summer,estimated,estimated,0.565,0.592,0.1033,0.1133,0.2405,0.2445,0.2209,0.2344,-0.1372,-0.13119999999999998,-0.24283185840707966,-0.2216216216216216,-0.39906922629435715,-0.3666852990497484,0.10147186656365415,0.12891359153393078,0.21622807515864295,0.23111917189004527,0.2051387041757946,0.23919789807558123,climate,climate,climate,climate,0.027000000000000024,0.009999999999999995,0.0040000000000000036,0.013499999999999984,0.006000000000000005,0.021210236785458053,0.03238392724460876,0.027441724970276637,0.01489109673140232,0.03405919389978662,TRUE,TRUE,TRUE,TRUE,TRUE,FALSE,FALSE,FALSE,FALSE,same_ranking,FALSE
41252,Asia,Cold_Without_dry_season_Very_Cold_Summer,missing_predictor_group,missing_predictor_group,NA,NA,NA,NA,NA,NA,NA,NA,NA,NA,NA,NA,NA,NA,NA,NA,NA,NA,NA,NA,NA,NA,NA,NA,NA,NA,NA,NA,NA,NA,NA,NA,NA,NA,TRUE,TRUE,FALSE,FALSE,FALSE,FALSE,FALSE,FALSE,FALSE,not_estimable_at_either_radius,FALSE
40666,North America,Temperate_Without_dry_season,estimated,estimated,0.059,0.032,0.0765,0.0519,-0.0908,-0.0918,0.0734,0.0718,0.1673,0.1437,2.8355932203389833,4.490625,1,1,-0.01775710490336635,-0.045042640095704245,-0.21145247151908508,-0.20790548135084352,-0.030750396066054564,-0.028371530103325937,human,human,human,human,-0.026999999999999996,-0.024599999999999997,-0.0010000000000000009,-0.0016000000000000042,-0.02360000000000001,1.6550317796610163,0,-0.027285535192337895,0.0035469901682415594,0.002378865962728627,TRUE,TRUE,TRUE,TRUE,TRUE,FALSE,FALSE,FALSE,FALSE,same_ranking,FALSE
2335,Europe,Temperate_Dry_Summer,estimated,estimated,0.369,0.342,0.1013,-0.0738,-0.0167,-0.0036,0.284,0.4197,0.118,-0.0702,0.3197831978319783,-0.20526315789473681,1,NA,-0.052028638639337155,-0.07836764297252574,-0.01650296558724007,0.14801720510372207,0.21001141912737287,0.6197945338782425,human,climate,human,NA,-0.02699999999999997,-0.1751,0.0131,0.13570000000000004,-0.18819999999999998,-0.5250463557267151,NA,-0.026339004333188587,0.16452017069096214,0.4097831147508696,TRUE,TRUE,TRUE,TRUE,TRUE,FALSE,TRUE,FALSE,TRUE,ranking_reversal,TRUE
4385,Europe,Temperate_Without_dry_season,estimated,estimated,0.312,0.311,0.028,0.0277,0.1853,0.1983,0.0985,0.0849,-0.1573,-0.1706,-0.5041666666666667,-0.5485530546623795,-0.7374589779653071,-0.7548672566371681,-0.06718843069086045,-0.06816494641229875,0.14466439413569,0.1847659709450853,0.04445259607752816,0.03140608096063602,climate,climate,climate,climate,-0.0010000000000000009,-3.0000000000000165e-4,0.013000000000000012,-0.013600000000000001,-0.013300000000000006,-0.04438638799571282,-0.01740827867186101,-9.765157214383091e-4,0.0401015768093953,-0.013046515116892143,TRUE,TRUE,TRUE,TRUE,TRUE,FALSE,FALSE,FALSE,FALSE,same_ranking,FALSE
4133,Europe,Cold_Without_dry_season_Cold_Summer,estimated,estimated,0.579,0.596,0.0824,0.0866,0.2166,0.2255,0.2803,0.2835,-0.13419999999999999,-0.13890000000000002,-0.2317789291882556,-0.23305369127516784,-0.44882943143812704,-0.44504966356936887,-0.03504634263206863,-0.01881852535382811,0.18816032981885078,0.21824721273061165,0.15194761851656235,0.17077279463937733,climate,climate,climate,climate,0.017000000000000015,0.004199999999999995,0.008900000000000019,0.0031999999999999806,-0.0047000000000000375,-0.00127476208691224,0.003779767868758166,0.01622781727824052,0.03008688291176087,0.01882517612281498,TRUE,TRUE,TRUE,TRUE,TRUE,FALSE,FALSE,FALSE,FALSE,same_ranking,FALSE
25763,Europe,Polar,estimated,estimated,0.221,0.174,0.0393,0.01,0.0577,0.0337,0.1236,0.1301,-0.0184,-0.0237,-0.0832579185520362,-0.13620689655172413,-0.18969072164948453,-0.5423340961098397,0.0652927053839929,0.018515850552949797,-0.04233819999697852,-0.09390989406458294,-0.012290932811051647,-0.0028056825791720197,climate,climate,climate,climate,-0.047000000000000014,-0.0293,-0.024,0.006499999999999992,-0.005299999999999999,-0.05294897799968794,-0.3526433744603552,-0.0467768548310431,-0.05157169406760442,0.009485250231879627,TRUE,TRUE,TRUE,TRUE,TRUE,FALSE,FALSE,FALSE,FALSE,same_ranking,FALSE
20285,Europe,Polar,estimated,estimated,0.322,0.336,0.0474,0.0534,0.1319,0.1302,0.1427,0.1524,-0.08449999999999999,-0.07680000000000001,-0.2624223602484472,-0.2285714285714286,-0.4712771890686001,-0.41830065359477125,-0.06388864371399172,-0.049876472384229764,-0.08274040463953602,-0.0798839381240185,-0.024286312200892612,0.0012291939463705548,climate,climate,climate,climate,0.014000000000000012,0.006000000000000005,-0.0016999999999999793,0.009700000000000014,0.007699999999999985,0.03385093167701858,0.052976535473828856,0.014012171329761958,0.0028564665155175195,0.025515506147263167,TRUE,TRUE,TRUE,TRUE,TRUE,FALSE,FALSE,FALSE,FALSE,same_ranking,FALSE
17354,North America,Cold_Without_dry_season_Cold_Summer,estimated,estimated,0.597,0.594,0.0051,0.1261,0.3003,0.2515,0.2919,0.2167,-0.2952,-0.1254,-0.4944723618090453,-0.21111111111111114,-0.9666011787819254,-0.3320974576271187,-0.02965842141060604,-0.032698185960961856,0.09581411280761376,0.06714500987644445,0.10261997626238484,0.021094258183155468,climate,climate,climate,climate,-0.0030000000000000027,0.121,-0.04880000000000001,-0.07519999999999999,0.1698,0.28336125069793416,0.6345037211548068,-0.003039764550355817,-0.02866910293116931,-0.08152571807922937,TRUE,TRUE,TRUE,TRUE,TRUE,FALSE,FALSE,FALSE,FALSE,same_ranking,FALSE
2594,Latin America,Temperate_Without_dry_season,estimated,estimated,0.518,0.543,-0.015,0.05,0.1806,0.1362,0.3529,0.3569,-0.1956,-0.08619999999999998,-0.3776061776061776,-0.15874769797421728,-1,-0.46294307196562834,0.017160596897554448,0.04172433770218875,0.18421953148841796,0.08735726717897963,0.3809960943808165,0.38107021249316375,climate,climate,climate,climate,0.025000000000000022,0.065,-0.04440000000000002,0.0040000000000000036,0.10940000000000001,0.2188584796319603,0.5370569280343717,0.024563740804634304,-0.09686226430943834,7.411811234725452e-5,TRUE,TRUE,TRUE,TRUE,TRUE,FALSE,FALSE,FALSE,FALSE,same_ranking,FALSE
4150,Europe,Temperate_Without_dry_season,estimated,estimated,0.426,0.391,0.0022,-0.0017,0.2122,0.1948,0.2112,0.1975,-0.21,-0.1965,-0.49295774647887325,-0.5025575447570333,-0.9794776119402985,-1,0.0027499295347178654,-0.03216842115753493,0.2141150086956356,0.1844453583239415,0.20911751482044094,0.18686795825894875,climate,climate,climate,climate,-0.034999999999999976,-0.0039,-0.0174,-0.01369999999999999,0.013499999999999984,-0.009599798278160043,-0.020522388059701524,-0.0349183506922528,-0.029669650371694112,-0.02224955656149219,TRUE,TRUE,TRUE,TRUE,TRUE,FALSE,FALSE,FALSE,FALSE,same_ranking,FALSE
4011,Europe,Cold_Without_dry_season_Warm_Summer,estimated,estimated,0.487,0.361,0.0907,0.0467,0.16,0.1433,0.2359,0.1709,-0.0693,-0.09660000000000002,-0.14229979466119097,-0.26759002770083107,-0.27642600717989624,-0.508421052631579,0.09621785638574754,-0.02954544641991108,0.21817543135780837,0.15397917141435657,0.27766366928066255,0.11683343516352718,climate,climate,climate,climate,-0.126,-0.044000000000000004,-0.016699999999999993,-0.065,-0.02730000000000002,-0.1252902330396401,-0.23199504545168276,-0.12576330280565862,-0.0641962599434518,-0.16083023411713537,TRUE,TRUE,TRUE,TRUE,TRUE,FALSE,FALSE,FALSE,FALSE,same_ranking,FALSE
720,Europe,Polar,estimated,estimated,0.44,0.503,0.0224,0.0976,0.1916,0.1888,0.2255,0.2165,-0.1692,-0.09119999999999999,-0.3845454545454545,-0.1813121272365805,-0.7906542056074766,-0.31843575418994413,-0.02320917254321153,0.04021071722993941,-0.020677288216154333,0.025567109844488844,0.025636660835906766,0.05936501493955826,climate,climate,climate,climate,0.063,0.0752,-0.002799999999999997,-0.009000000000000008,0.078,0.20323332730887403,0.47221845141753244,0.06341988977315094,0.04624439806064318,0.03372835410365149,TRUE,TRUE,TRUE,TRUE,TRUE,FALSE,FALSE,FALSE,FALSE,same_ranking,FALSE
2959,North America,Cold_Without_dry_season_Hot_Summer,estimated,estimated,0.207,0.228,0.0674,0.0835,0.0125,0.0099,0.1272,0.1351,0.054900000000000004,0.0736,0.26521739130434785,0.32280701754385965,0.6871088861076347,0.7880085653104923,0.05333017609026569,0.07481446131687897,-0.13375632387693193,-0.1244556516845462,-0.0010645178616722761,0.02937854233538273,human,human,human,human,0.02100000000000002,0.016100000000000003,-0.0026,0.00789999999999999,0.018699999999999994,0.057589626239511804,0.1008996792028577,0.021484285226613276,0.009300672192385728,0.030443060197055005,TRUE,TRUE,TRUE,TRUE,TRUE,FALSE,FALSE,FALSE,FALSE,same_ranking,FALSE
20649,North America,Polar,estimated,estimated,0.437,0.433,0.042,0.0568,0.1975,0.1849,0.1974,0.1915,-0.1555,-0.1281,-0.35583524027459956,-0.29584295612009237,-0.6492693110647181,-0.5299958626396358,-0.04177280980317244,-0.04552227421482713,0.014242510037626555,0.007250323948164827,0.010827885264941717,0.017173327049528453,climate,climate,climate,climate,-0.0040000000000000036,0.0148,-0.0126,-0.005899999999999989,0.027400000000000008,0.05999228415450719,0.11927344842508225,-0.0037494644116546905,-0.006992186089461727,0.006345441784586736,TRUE,TRUE,TRUE,TRUE,TRUE,FALSE,FALSE,FALSE,FALSE,same_ranking,FALSE
41001,North America,Cold_Without_dry_season_Hot_Summer,estimated,estimated,0.254,0.33,0.022,0.0853,0.1153,0.1299,0.1166,0.1148,-0.0933,-0.04459999999999999,-0.3673228346456693,-0.1351515151515151,-0.6795338674435542,-0.2072490706319702,0.014349755217148763,0.09045826850232419,0.10601179818852335,0.15325868213326788,0.09343589129535146,0.10778699344308496,climate,climate,climate,climate,0.07600000000000001,0.0633,0.014599999999999988,-0.001799999999999996,0.04870000000000001,0.23217131949415418,0.472284796811584,0.07610851328517543,0.04724688394474452,0.014351102147733497,TRUE,TRUE,TRUE,TRUE,TRUE,FALSE,FALSE,FALSE,FALSE,same_ranking,FALSE
45704,Europe,Cold_Without_dry_season_Cold_Summer,estimated,estimated,0.419,0.405,0.0826,0.0957,0.1406,0.132,0.1957,0.1775,-0.057999999999999996,-0.03630000000000001,-0.13842482100238662,-0.08962962962962966,-0.2598566308243727,-0.1594202898550725,0.004350879219470083,-0.009319911962298755,-0.04904479546989826,-0.02163321245154548,0.027987250171142453,0.03603742875939275,climate,climate,climate,climate,-0.013999999999999957,0.013099999999999987,-0.008599999999999997,-0.01820000000000002,0.021699999999999983,0.048795191372756966,0.10043634096930021,-0.013670791181768838,0.02741158301835278,0.0080501785882503,TRUE,TRUE,TRUE,TRUE,TRUE,FALSE,FALSE,FALSE,FALSE,same_ranking,FALSE
1854,North America,Cold_Without_dry_season_Cold_Summer,estimated,estimated,0.475,0.452,0.3467,0.3181,0.0965,0.1104,0.0316,0.0238,0.2502,0.2077,0.5267368421052632,0.45951327433628314,0.5645306859205775,0.48471411901983663,0.38823041792071267,0.36576419384694203,0.050498332159878756,0.10950827445694034,-0.03757334094974851,-0.02183468191716509,human,human,human,human,-0.022999999999999965,-0.028600000000000014,0.013899999999999996,-0.007800000000000001,-0.04249999999999998,-0.06722356776898003,-0.0798165669007409,-0.022466224073770635,0.05900994229706158,0.015738659032583424,TRUE,TRUE,TRUE,TRUE,TRUE,FALSE,FALSE,FALSE,FALSE,same_ranking,FALSE
1157,North America,Cold_Without_dry_season_Warm_Summer,estimated,estimated,0.481,0.464,0.0115,0.1049,0.2197,0.189,0.2502,0.1702,-0.2082,-0.08410000000000001,-0.43284823284823287,-0.18125,-0.9005190311418684,-0.2861517522966996,-0.03771541019959834,-0.05504539529539709,0.09944007479654038,0.045942403971197976,0.1905630361991717,0.038693117451393366,climate,climate,climate,climate,-0.01699999999999996,0.0934,-0.030700000000000005,-0.07999999999999999,0.12409999999999999,0.2515982328482329,0.6143672788451688,-0.01732998509579875,-0.0534976708253424,-0.15186991874777833,TRUE,TRUE,TRUE,TRUE,TRUE,FALSE,FALSE,FALSE,FALSE,same_ranking,FALSE
4360,Europe,Cold_Without_dry_season_Cold_Summer,estimated,estimated,0.687,0.705,-0.0016,0.0106,0.2453,0.2538,0.4435,0.4406,-0.24689999999999998,-0.24320000000000003,-0.35938864628820955,-0.34496453900709223,-1,-0.9198184568835098,0.014459970891313456,0.03223489877333385,0.08214022835603163,0.1059661742993594,0.29173074567223933,0.2927363031368352,climate,climate,climate,climate,0.017999999999999905,0.0122,0.008500000000000035,-0.0029000000000000137,0.0036999999999999533,0.014424107281117315,0.08018154311649017,0.017774927882020397,0.023825945943327764,0.001005557464595852,TRUE,TRUE,TRUE,TRUE,TRUE,FALSE,FALSE,FALSE,FALSE,same_ranking,FALSE
45639,Europe,Cold_Without_dry_season_Cold_Summer,estimated,estimated,0.49,0.401,0.0383,0.0186,0.1193,0.0757,0.3327,0.3072,-0.081,-0.057100000000000005,-0.1653061224489796,-0.14239401496259352,-0.5139593908629441,-0.6055143160127254,0.06253226716285132,-0.02629829713406695,-0.06216109880996101,-0.07591834352900828,0.15142526638145248,0.1737312516679087,climate,climate,climate,climate,-0.08899999999999997,-0.019700000000000002,-0.0436,-0.025500000000000023,0.023899999999999998,0.022912107486386085,-0.09155492514978136,-0.08883056429691827,-0.013757244719047268,0.02230598528645622,TRUE,TRUE,TRUE,TRUE,TRUE,FALSE,FALSE,FALSE,FALSE,same_ranking,FALSE
45389,Europe,Cold_Without_dry_season_Warm_Summer,estimated,estimated,0.643,0.701,0.0575,0.1376,0.3153,0.3455,0.2697,0.2183,-0.25780000000000003,-0.20789999999999997,-0.40093312597200625,-0.29657631954350927,-0.6915236051502146,-0.4303456841233699,-0.004608846880426509,0.05422360273009119,0.37160851703117814,0.4093719275373132,0.3551246786619767,0.22967701214521874,climate,climate,climate,climate,0.05799999999999994,0.0801,0.03019999999999995,-0.0514,0.049900000000000055,0.10435680642849698,0.26117792102684473,0.0588324496105177,0.037763410506135076,-0.12544766651675798,TRUE,TRUE,TRUE,TRUE,TRUE,FALSE,FALSE,FALSE,FALSE,same_ranking,FALSE
22950,Europe,Cold_Without_dry_season_Warm_Summer,estimated,estimated,0.342,0.309,0.0855,0.0582,-0.0285,-0.0409,0.2847,0.2914,0.114,0.0991,0.3333333333333333,0.3207119741100323,1,1,0.13008629041164665,0.09711190481446685,0.001586248617485908,-0.013566539582387294,0.29318511062719155,0.3160768867189281,human,human,human,human,-0.03300000000000003,-0.027300000000000005,-0.012399999999999998,0.006699999999999984,-0.01490000000000001,-0.012621359223300987,0,-0.0329743855971798,-0.015152788199873202,0.022891776091736538,TRUE,TRUE,TRUE,TRUE,TRUE,FALSE,FALSE,FALSE,FALSE,same_ranking,FALSE
539,North America,Temperate_Without_dry_season,estimated,estimated,0.499,0.521,0.1243,0.1817,0.0508,0.0458,0.324,0.294,0.0735,0.1359,0.1472945891783567,0.26084452975047984,0.4197601370645346,0.5973626373626373,0.020067742382138265,0.04256809265185246,0.04833018337894468,0.05912229207679087,0.1927232346288622,0.15337575143062265,human,human,human,human,0.02200000000000002,0.05740000000000001,-0.0049999999999999975,-0.030000000000000027,0.0624,0.11354994057212314,0.1776025002981027,0.022500350269714198,0.010792108697846192,-0.03934748319823955,TRUE,TRUE,TRUE,TRUE,TRUE,FALSE,FALSE,FALSE,FALSE,same_ranking,FALSE
26520,Europe,Polar,estimated,estimated,0.444,0.463,0.0106,0.0331,0.1743,0.1928,0.2587,0.237,-0.1637,-0.1597,-0.3686936936936937,-0.3449244060475162,-0.8853434288804759,-0.7069499778663126,-0.04041200110597609,-0.021063902278981472,0.04527429909645131,0.0691208158596972,0.1804423618550678,0.12394474429356017,climate,climate,climate,climate,0.019000000000000017,0.0225,0.01849999999999999,-0.021699999999999997,0.0040000000000000036,0.023769287646177528,0.17839345101416326,0.01934809882699462,0.023846516763245895,-0.05649761756150762,TRUE,TRUE,TRUE,TRUE,TRUE,FALSE,FALSE,FALSE,FALSE,same_ranking,FALSE
773,North America,Cold_Without_dry_season_Warm_Summer,estimated,estimated,0.57,0.619,0.0177,0.1012,0.3565,0.3407,0.1954,0.1767,-0.3388,-0.2395,-0.5943859649122807,-0.38691437802907913,-0.9053981827899519,-0.5419778230368861,-0.023846533245898693,0.025099102726045985,0.13919375243174215,0.20205921917583902,-0.024653103375038343,0.03250534115330661,climate,climate,climate,climate,0.049000000000000044,0.08349999999999999,-0.01579999999999998,-0.018699999999999994,0.0993,0.20747158688320155,0.36342035975306575,0.04894563597194468,0.06286546674409688,0.057158444528344954,TRUE,TRUE,TRUE,TRUE,TRUE,FALSE,FALSE,FALSE,FALSE,same_ranking,FALSE
4524,Europe,Temperate_Without_dry_season,estimated,estimated,0.611,0.545,0.0575,-0.0202,0.3405,0.3453,0.2129,0.2198,-0.28300000000000003,-0.3655,-0.4631751227495909,-0.6706422018348623,-0.7110552763819096,-1,0.022927108264363616,-0.04307820664204409,0.17722065631499484,0.19841123277835526,0.06933102587900608,0.09469869146280019,climate,climate,climate,climate,-0.06599999999999995,-0.0777,0.004799999999999971,0.0068999999999999895,-0.08249999999999996,-0.20746707908527146,-0.2889447236180904,-0.06600531490640771,0.021190576463360422,0.025367665583794108,TRUE,TRUE,TRUE,TRUE,TRUE,FALSE,FALSE,FALSE,FALSE,same_ranking,FALSE
15296,North America,Cold_Without_dry_season_Warm_Summer,insufficient_residual_df,insufficient_residual_df,NA,NA,NA,NA,NA,NA,NA,NA,NA,NA,NA,NA,NA,NA,NA,NA,NA,NA,NA,NA,NA,NA,NA,NA,NA,NA,NA,NA,NA,NA,NA,NA,NA,NA,TRUE,TRUE,FALSE,FALSE,FALSE,FALSE,FALSE,FALSE,FALSE,not_estimable_at_either_radius,FALSE
16129,North America,Cold_Without_dry_season_Hot_Summer,estimated,estimated,0.376,0.433,0.0917,0.0727,0.0566,0.0721,0.2281,0.2879,0.035100000000000006,6.000000000000033e-4,0.09335106382978725,0.001385681293302548,0.23668240053944714,0.004143646408839802,-0.05909646262715562,-0.0026271851326381546,-0.10894347867763388,-0.0767930823080476,0.057756374419030365,0.1784662201336631,human,human,human,human,0.056999999999999995,-0.019000000000000003,0.0155,0.05979999999999999,-0.0345,-0.0919653825364847,-0.23253875413060734,0.05646927749451747,0.032150396369586276,0.12070984571463272,TRUE,TRUE,TRUE,TRUE,TRUE,FALSE,FALSE,FALSE,FALSE,same_ranking,FALSE
17377,North America,Cold_Dry_Summer,estimated,estimated,0.558,0.605,0.0257,0.0685,0.2777,0.2965,0.2551,0.2396,-0.252,-0.22799999999999998,-0.45161290322580644,-0.3768595041322314,-0.8305866842452209,-0.6246575342465753,-0.051319667824470505,-0.005285210425360787,0.139102916766922,0.18251116986509197,0.1346133983909622,0.10925229316346474,climate,climate,climate,climate,0.04699999999999993,0.042800000000000005,0.018799999999999983,-0.015499999999999986,0.02400000000000002,0.07475339909357503,0.20592914999864553,0.04603445739910972,0.04340825309816998,-0.02536110522749746,TRUE,TRUE,TRUE,TRUE,TRUE,FALSE,FALSE,FALSE,FALSE,same_ranking,FALSE
4466,Europe,Cold_Without_dry_season_Warm_Summer,missing_predictor_group,estimated,NA,0.532,NA,-0.0354,NA,0.4078,NA,0.1593,NA,-0.4432,NA,-0.8330827067669172,NA,-1,NA,-0.01953862382896765,NA,0.4466111260687541,NA,0.17369509412166795,NA,climate,NA,climate,NA,NA,NA,NA,NA,NA,NA,NA,NA,NA,TRUE,TRUE,FALSE,TRUE,FALSE,TRUE,FALSE,FALSE,FALSE,gained_estimability,TRUE
22980,Europe,Arid,estimated,estimated,0.252,0.246,-0.0562,-0.0291,0.1516,0.1363,0.1566,0.1389,-0.2078,-0.1654,-0.8246031746031747,-0.6723577235772358,-1,-1,-0.06757116783808692,-0.07353715910169023,0.09618189072314853,0.07889132461712489,0.12078435293561796,0.09870173688097961,climate,climate,climate,climate,-0.006000000000000005,0.0271,-0.015300000000000008,-0.017699999999999994,0.04240000000000002,0.1522454510259389,0,-0.00596599126360331,-0.01729056610602364,-0.02208261605463835,TRUE,TRUE,TRUE,TRUE,TRUE,FALSE,FALSE,FALSE,FALSE,same_ranking,FALSE
26514,Europe,Cold_Without_dry_season_Warm_Summer,estimated,estimated,0.412,0.309,0.0859,0.0262,0.1692,0.1421,0.1574,0.1408,-0.08329999999999999,-0.1159,-0.20218446601941745,-0.37508090614886735,-0.3265386123088984,-0.6886512180629828,0.09094066777316168,-0.01243022251780368,0.1651377146377737,0.08832192466569644,0.16276019233037886,0.10722851910461195,climate,climate,climate,climate,-0.10299999999999998,-0.0597,-0.027099999999999985,-0.016600000000000004,-0.03260000000000002,-0.1728964401294499,-0.3621126057540844,-0.10337089029096536,-0.07681578997207728,-0.05553167322576691,TRUE,TRUE,TRUE,TRUE,TRUE,FALSE,FALSE,FALSE,FALSE,same_ranking,FALSE
4314,Europe,Cold_Without_dry_season_Warm_Summer,missing_predictor_group,estimated,NA,0.438,NA,0.2861,NA,0.0977,NA,0.0538,NA,0.1884,NA,0.4301369863013699,NA,0.4908806670140698,NA,0.25713674040824996,NA,-0.04076358850006856,NA,-0.06144808454859074,NA,human,NA,human,NA,NA,NA,NA,NA,NA,NA,NA,NA,NA,TRUE,TRUE,FALSE,TRUE,FALSE,TRUE,FALSE,FALSE,FALSE,gained_estimability,TRUE
872,Latin America,Temperate_Without_dry_season,estimated,estimated,0.711,0.763,0.0162,0.0572,0.2523,0.2775,0.4427,0.4285,-0.23610000000000003,-0.22030000000000002,-0.3320675105485233,-0.2887287024901704,-0.8793296089385475,-0.6582013743651032,-0.021358311395280105,0.030695917591204824,0.08495386103057201,0.14147686315149588,0.3281020641553669,0.30613120563133656,climate,climate,climate,climate,0.052000000000000046,0.041,0.0252,-0.01419999999999999,0.01580000000000001,0.043338808058352885,0.22112823457344433,0.05205422898648493,0.05652300212092387,-0.021970858524030357,TRUE,TRUE,TRUE,TRUE,TRUE,FALSE,FALSE,FALSE,FALSE,same_ranking,FALSE
723,Europe,Cold_Without_dry_season_Warm_Summer,estimated,estimated,0.42,0.487,0.0285,0.1192,0.1965,0.1697,0.195,0.1979,-0.168,-0.05049999999999999,-0.4,-0.10369609856262832,-0.7466666666666667,-0.17480096919349253,0.029971718783871393,0.09674253133682553,0.05751091896291971,0.015163633766555162,0.025741340938859714,0.04292340663853689,climate,climate,climate,climate,0.067,0.0907,-0.026800000000000018,0.002899999999999986,0.11750000000000002,0.29630390143737173,0.5718656974731742,0.06677081255295414,-0.04234728519636455,0.017182065699677174,TRUE,TRUE,TRUE,TRUE,TRUE,FALSE,FALSE,FALSE,FALSE,same_ranking,FALSE
48950,Europe,Cold_Without_dry_season_Warm_Summer,estimated,estimated,0.157,0.216,-0.0093,0.0267,0.1374,0.144,0.0289,0.0456,-0.1467,-0.11729999999999999,-0.9343949044585987,-0.5430555555555555,-1,-0.6871704745166959,-0.07949133675468312,-0.020075120509698285,0.06404379293821749,0.09244636140139006,-0.01119747464043086,0.03716895446879542,climate,climate,climate,climate,0.059,0.036000000000000004,0.006599999999999995,0.016700000000000003,0.02940000000000001,0.3913393489030432,0.3128295254833041,0.05941621624498483,0.028402568463172573,0.04836642910922628,TRUE,TRUE,TRUE,TRUE,TRUE,FALSE,FALSE,FALSE,FALSE,same_ranking,FALSE
48818,North America,Cold_Without_dry_season_Warm_Summer,estimated,estimated,0.381,0.381,0.1115,0.0778,0.1715,0.18,0.0983,0.1233,-0.06000000000000001,-0.1022,-0.15748031496062995,-0.26824146981627295,-0.21201413427561838,-0.3964313421256789,0.06477831564593706,0.06449028217628461,0.09750073046445662,0.10197940809088002,0.01817508070392604,0.05553689797690364,climate,climate,climate,climate,0,-0.03370000000000001,0.00849999999999998,0.02500000000000001,-0.04219999999999999,-0.110761154855643,-0.1844172078500605,-2.880334696524489e-4,0.0044786776264234,0.037361817272977604,TRUE,TRUE,TRUE,TRUE,TRUE,FALSE,FALSE,FALSE,FALSE,same_ranking,FALSE
45105,Europe,Cold_Dry_Summer,estimated,estimated,0.546,0.555,-0.0118,-0.0041,0.2842,0.292,0.2738,0.2672,-0.296,-0.2961,-0.5421245421245421,-0.5335135135135134,-1,-1,0.01247941684262499,0.021321241091196708,0.041968437109138446,0.06603695281419941,0.025973538709013644,0.021228042635396904,climate,climate,climate,climate,0.009000000000000008,0.007699999999999999,0.007799999999999974,-0.006599999999999995,-9.999999999998899e-5,0.008611028611028693,0,0.008841824248571717,0.024068515705060967,-0.0047454960736167395,TRUE,TRUE,TRUE,TRUE,TRUE,FALSE,FALSE,FALSE,FALSE,same_ranking,FALSE
48363,North America,Cold_Dry_Summer,estimated,estimated,0.466,0.471,0.2197,0.1456,-0.0046,0.0395,0.2506,0.2858,0.2243,0.1061,0.4813304721030043,0.22526539278131635,1,0.5732036736898973,0.01288333549640619,0.017959275020011045,-0.032850620908157935,0.061859067316750505,0.05662911305381557,0.13342859723390454,human,human,human,human,0.004999999999999949,-0.0741,0.0441,0.03520000000000001,-0.1182,-0.2560650793216879,-0.42679632631010267,0.0050759395236048555,0.09470968822490844,0.07679948418008897,TRUE,TRUE,TRUE,TRUE,TRUE,FALSE,FALSE,FALSE,FALSE,same_ranking,FALSE
17363,North America,Temperate_Without_dry_season,estimated,estimated,0.443,0.646,0.1298,0.2233,0.1205,0.2045,0.1923,0.2184,0.009300000000000003,0.01880000000000001,0.02099322799097066,0.029102167182662553,0.03715541350379546,0.04394576905095842,-0.07353923449771016,0.13006461310085426,0.10539506057808501,0.30686573410203055,0.006256403998713411,0.09187940161811281,human,human,human,human,0.203,0.0935,0.08399999999999999,0.026100000000000012,0.009500000000000008,0.008108939191691894,0.006790355547162959,0.20360384759856442,0.20147067352394554,0.0856229976193994,TRUE,TRUE,TRUE,TRUE,TRUE,FALSE,FALSE,FALSE,FALSE,same_ranking,FALSE
3058,North America,Cold_Without_dry_season_Warm_Summer,estimated,estimated,0.135,0.174,0.0385,0.0725,0.0236,0.033,0.0732,0.0684,0.0149,0.03949999999999999,0.11037037037037037,0.22701149425287354,0.2399355877616747,0.37440758293838855,-0.05948297474434072,-0.02085927634949236,-0.09577937947926296,-0.07770500513560441,-0.06705262260309441,-0.07736461998824185,human,human,human,human,0.03899999999999998,0.033999999999999996,0.009400000000000002,-0.004799999999999999,0.024599999999999993,0.11664112388250317,0.13447199517671385,0.03862369839484836,0.01807437434365855,-0.010311997385147431,TRUE,TRUE,TRUE,TRUE,TRUE,FALSE,FALSE,FALSE,FALSE,same_ranking,FALSE
22847,Europe,Cold_Without_dry_season_Warm_Summer,estimated,estimated,0.515,0.548,0.0645,0.1052,0.1229,0.1173,0.3272,0.3259,-0.058399999999999994,-0.0121,-0.11339805825242717,-0.022080291970802916,-0.311632870864461,-0.05438202247191011,0.012870443101434925,0.04661340524194302,-0.030310334911538783,-0.021737892734981723,0.21043185950493204,0.22765599226635613,climate,climate,climate,climate,0.03300000000000003,0.0407,-0.005599999999999994,-0.0012999999999999678,0.046299999999999994,0.09131776628162426,0.2572508483925509,0.03374296214050809,0.00857244217655706,0.017224132761424094,TRUE,TRUE,TRUE,TRUE,TRUE,FALSE,FALSE,FALSE,FALSE,same_ranking,FALSE
991,North America,Arid,estimated,estimated,0.347,0.384,0.0756,0.0768,0.0874,0.0993,0.1843,0.2078,-0.011800000000000005,-0.022500000000000006,-0.03400576368876082,-0.058593750000000014,-0.07239263803680984,-0.1277683134582624,0.007002390227676347,0.04360453413929333,0.1320825210207197,0.15752419845726007,0.1339369181930533,0.1825640997558574,climate,climate,climate,climate,0.03700000000000003,0.0011999999999999927,0.011899999999999994,0.02350000000000002,-0.010700000000000001,-0.024587986311239193,-0.05537567542145255,0.03660214391161698,0.025441677436540355,0.0486271815628041,TRUE,TRUE,TRUE,TRUE,TRUE,FALSE,FALSE,FALSE,FALSE,same_ranking,FALSE
45707,Europe,Cold_Dry_Summer,insufficient_residual_df,insufficient_residual_df,NA,NA,NA,NA,NA,NA,NA,NA,NA,NA,NA,NA,NA,NA,NA,NA,NA,NA,NA,NA,NA,NA,NA,NA,NA,NA,NA,NA,NA,NA,NA,NA,NA,NA,TRUE,TRUE,FALSE,FALSE,FALSE,FALSE,FALSE,FALSE,FALSE,not_estimable_at_either_radius,FALSE
41764,Europe,Cold_Without_dry_season_Cold_Summer,estimated,estimated,0.057,0.07,0.0584,0.0769,-0.0306,-0.0427,0.029,0.0354,0.089,0.1196,1.5614035087719298,1.7085714285714284,1,1,-0.031094503514702776,-0.01817936316438684,-0.19116718992221915,-0.21143600592612088,-0.08895084555850985,-0.07213055731944962,human,human,human,human,0.013000000000000005,0.018499999999999996,-0.012100000000000003,0.0063999999999999994,0.030600000000000002,0.14716791979949861,0,0.012915140350315935,-0.020268816003901735,0.016820288239060233,TRUE,TRUE,TRUE,TRUE,TRUE,FALSE,FALSE,FALSE,FALSE,same_ranking,FALSE
24317,Europe,Cold_Without_dry_season_Cold_Summer,estimated,estimated,0.406,0.394,-0.0241,-0.0442,0.0853,0.0853,0.3452,0.3527,-0.1094,-0.1295,-0.2694581280788177,-0.3286802030456853,-1,-1,-0.05286404214871665,-0.06541380420157561,-0.12336005016257245,-0.11604131306724097,0.08752831943558348,0.10994147564744128,climate,climate,climate,climate,-0.01200000000000001,-0.020100000000000003,0,0.007500000000000007,-0.020100000000000007,-0.0592220749668676,0,-0.01254976205285896,0.0073187370953314845,0.0224131562118578,TRUE,TRUE,TRUE,TRUE,TRUE,FALSE,FALSE,FALSE,FALSE,same_ranking,FALSE
2899,Latin America,Temperate_Dry_Summer,estimated,estimated,0.35,0.336,-0.0443,-0.0553,0.2644,0.2428,0.1303,0.1485,-0.30870000000000003,-0.2981,-0.8820000000000001,-0.8872023809523808,-1,-1,-0.04389917260110898,-0.058426613194126786,0.3079336677584559,0.2843935470372638,0.13967352408838984,0.19587925615736024,climate,climate,climate,climate,-0.013999999999999957,-0.011000000000000003,-0.021600000000000036,0.018199999999999994,0.010600000000000054,-0.005202380952380681,0,-0.014527440593017804,-0.023540120721192048,0.05620573206897039,TRUE,TRUE,TRUE,TRUE,TRUE,FALSE,FALSE,FALSE,FALSE,same_ranking,FALSE
20397,North America,Cold_Without_dry_season_Warm_Summer,estimated,estimated,0.715,0.627,0.2638,0.2428,0.2988,0.2424,0.1525,0.1417,-0.03500000000000003,3.999999999999837e-4,-0.048951048951048994,6.379585326953488e-4,-0.062211162460007165,8.244023083264298e-4,0.11305841968562258,0.02493948093550913,0.1790039395427696,0.053536380466420175,0.041904373405772466,0.0076340831945997945,climate,human,climate,human,-0.08799999999999997,-0.02099999999999999,-0.056400000000000006,-0.010800000000000004,0.035400000000000015,0.04958900748374434,0.0630355647683336,-0.08811893875011345,-0.12546755907634943,-0.03427029021117267,TRUE,TRUE,TRUE,TRUE,TRUE,FALSE,TRUE,TRUE,TRUE,ranking_reversal,TRUE
1824,North America,Cold_Without_dry_season_Hot_Summer,estimated,estimated,0.419,0.393,-0.0367,0.078,0.204,0.1501,0.2516,0.1651,-0.2407,-0.07210000000000001,-0.5744630071599045,-0.1834605597964377,-1,-0.3160894344585708,-0.049016975050110045,-0.07478535548553367,0.04124177913331095,0.03807577397230122,0.08471539087688373,0.01643062686790242,climate,climate,climate,climate,-0.025999999999999968,0.1147,-0.053899999999999976,-0.0865,0.16859999999999997,0.3910024473634668,0.6839105655414293,-0.02576838043542362,-0.003166005161009733,-0.06828476400898131,TRUE,TRUE,TRUE,TRUE,TRUE,FALSE,FALSE,FALSE,FALSE,same_ranking,FALSE
48685,North America,Cold_Without_dry_season_Hot_Summer,insufficient_unique_ages,insufficient_unique_ages,NA,NA,NA,NA,NA,NA,NA,NA,NA,NA,NA,NA,NA,NA,NA,NA,NA,NA,NA,NA,NA,NA,NA,NA,NA,NA,NA,NA,NA,NA,NA,NA,NA,NA,TRUE,TRUE,FALSE,FALSE,FALSE,FALSE,FALSE,FALSE,FALSE,not_estimable_at_either_radius,FALSE
25786,Latin America,Tropical,estimated,estimated,0.523,0.544,0.1451,0.1637,0.2099,0.2114,0.1683,0.1686,-0.0648,-0.04769999999999999,-0.12390057361376672,-0.08768382352941174,-0.18253521126760563,-0.12716608904292187,0.057249449631506466,0.07768368201605413,0.005436084246919659,0.013578049556775773,-0.013168415339813055,-0.007395085449423466,climate,climate,climate,climate,0.02100000000000002,0.018600000000000005,0.0015000000000000013,2.999999999999947e-4,0.017100000000000004,0.03621675008435497,0.055369122224683764,0.020434232384547668,0.008141965309856114,0.005773329890389589,TRUE,TRUE,TRUE,TRUE,TRUE,FALSE,FALSE,FALSE,FALSE,same_ranking,FALSE
525,North America,Polar,estimated,estimated,0.3,0.381,-0.0197,0.079,0.0679,0.0568,0.2515,0.2455,-0.0876,0.022199999999999998,-0.292,0.05826771653543306,-1,0.16347569955817376,-0.060980085572230114,0.02044756791370972,-0.06502102830024892,-0.012117705491282438,0.11296341318862435,0.17593178219686567,climate,human,climate,human,0.08100000000000002,0.0987,-0.011099999999999999,-0.006000000000000005,0.1098,0.35026771653543304,1.1634756995581736,0.08142765348593983,0.05290332280896648,0.06296836900824132,TRUE,TRUE,TRUE,TRUE,TRUE,FALSE,TRUE,TRUE,TRUE,ranking_reversal,TRUE
16269,North America,Cold_Without_dry_season_Cold_Summer,missing_predictor_group,estimated,NA,0.342,NA,0.0369,NA,0.1525,NA,0.1527,NA,-0.1156,NA,-0.3380116959064327,NA,-0.6103484688489967,NA,-0.04833846673889375,NA,0.015235699763760269,NA,-0.02237722413986265,NA,climate,NA,climate,NA,NA,NA,NA,NA,NA,NA,NA,NA,NA,TRUE,TRUE,FALSE,TRUE,FALSE,TRUE,FALSE,FALSE,FALSE,gained_estimability,TRUE
22723,Europe,Temperate_Without_dry_season,estimated,estimated,0.56,0.564,0.1354,0.1417,0.3255,0.3195,0.0995,0.1031,-0.19010000000000002,-0.1778,-0.3394642857142857,-0.31524822695035465,-0.4124538945541333,-0.38551604509973986,0.039844476157465336,0.043994393614568916,0.28482940855939354,0.2840679272602301,0.019323324113789564,0.03774195541528225,climate,climate,climate,climate,0.0039999999999998925,0.0063,-0.006000000000000005,0.003599999999999992,0.012300000000000005,0.02421605876393107,0.026937849454393425,0.00414991745710358,-7.614812991634246e-4,0.018418631301492683,TRUE,TRUE,TRUE,TRUE,TRUE,FALSE,FALSE,FALSE,FALSE,same_ranking,FALSE
4200,Europe,Cold_Without_dry_season_Cold_Summer,estimated,estimated,0.619,0.617,0.1595,0.1652,0.2373,0.2348,0.2219,0.2174,-0.07780000000000001,-0.0696,-0.12568659127625204,-0.11280388978930307,-0.19606854838709678,-0.174,0.027442191213701173,0.02613635050422458,0.19833383971853957,0.21236602454252917,0.05378648532238772,0.06386005805795358,climate,climate,climate,climate,-0.0020000000000000018,0.005700000000000011,-0.0025000000000000022,-0.004499999999999976,0.008200000000000013,0.012882701486948964,0.022068548387096792,-0.0013058407094765911,0.014032184823989602,0.010073572735565861,TRUE,TRUE,TRUE,TRUE,TRUE,FALSE,FALSE,FALSE,FALSE,same_ranking,FALSE
46477,Europe,Cold_Without_dry_season_Warm_Summer,missing_predictor_group,estimated,NA,0.335,NA,-0.0329,NA,0.214,NA,0.1535,NA,-0.2469,NA,-0.7370149253731343,NA,-1,NA,-0.05831565642983161,NA,0.2251807263053055,NA,0.19707517734560154,NA,climate,NA,climate,NA,NA,NA,NA,NA,NA,NA,NA,NA,NA,TRUE,TRUE,FALSE,TRUE,FALSE,TRUE,FALSE,FALSE,FALSE,gained_estimability,TRUE
1758,Latin America,Polar,missing_predictor_group,missing_predictor_group,NA,NA,NA,NA,NA,NA,NA,NA,NA,NA,NA,NA,NA,NA,NA,NA,NA,NA,NA,NA,NA,NA,NA,NA,NA,NA,NA,NA,NA,NA,NA,NA,NA,NA,TRUE,TRUE,FALSE,FALSE,FALSE,FALSE,FALSE,FALSE,FALSE,not_estimable_at_either_radius,FALSE
374,Europe,Temperate_Without_dry_season,insufficient_residual_df,insufficient_residual_df,NA,NA,NA,NA,NA,NA,NA,NA,NA,NA,NA,NA,NA,NA,NA,NA,NA,NA,NA,NA,NA,NA,NA,NA,NA,NA,NA,NA,NA,NA,NA,NA,NA,NA,TRUE,TRUE,FALSE,FALSE,FALSE,FALSE,FALSE,FALSE,FALSE,not_estimable_at_either_radius,FALSE
999,North America,Cold_Without_dry_season_Hot_Summer,estimated,estimated,0.218,0.253,0.0462,0.0975,0.0418,0.0308,0.1301,0.1251,0.004400000000000001,0.06670000000000001,0.020183486238532115,0.26363636363636367,0.05000000000000002,0.5198752922837101,-0.058936275383879244,-0.023666653623269585,-0.12482088460764995,-0.135185671153077,-0.055096137877290285,-0.05363862070038439,human,human,human,human,0.035,0.051300000000000005,-0.010999999999999996,-0.0050000000000000044,0.06230000000000001,0.24345287739783156,0.46987529228371006,0.03526962176060966,-0.010364786545427052,0.001457517176905898,TRUE,TRUE,TRUE,TRUE,TRUE,FALSE,FALSE,FALSE,FALSE,same_ranking,FALSE
1435,Europe,Cold_Without_dry_season_Warm_Summer,estimated,estimated,0.616,0.573,0.0339,0.1251,0.4368,0.3226,0.145,0.1256,-0.40290000000000004,-0.1975,-0.6540584415584416,-0.3446771378708552,-0.8559592096876992,-0.4411436229618048,0.04875304029253713,0.006466821720311322,0.3897215905984892,0.1451347989018762,0.09718042079200095,0.042122273159755363,climate,climate,climate,climate,-0.04300000000000004,0.09119999999999999,-0.11420000000000002,-0.0194,0.20540000000000003,0.30938130368758643,0.4148155867258944,-0.04228621857222581,-0.24458679169661302,-0.05505814763224559,TRUE,TRUE,TRUE,TRUE,TRUE,FALSE,FALSE,FALSE,FALSE,same_ranking,FALSE
853,North America,Cold_Without_dry_season_Cold_Summer,estimated,estimated,0.288,0.048,0.1646,0.033,0.0477,-0.0243,0.0756,0.039,0.1169,0.057300000000000004,0.40590277777777783,1.19375,0.5506358926048046,1,0.19728967958625232,-0.04286569689847142,-0.06011438983523498,-0.11228960475236494,-0.05396169417627694,-0.03550921605544832,human,human,human,human,-0.24,-0.1316,-0.072,-0.0366,-0.0596,0.7878472222222223,0.4493641073951954,-0.24015537648472374,-0.05217521491712995,0.01845247812082862,TRUE,TRUE,TRUE,TRUE,TRUE,FALSE,FALSE,FALSE,FALSE,same_ranking,FALSE
4369,Europe,Cold_Without_dry_season_Warm_Summer,estimated,estimated,0.389,0.415,0.0558,0.0658,0.1403,0.1624,0.1931,0.1868,-0.0845,-0.09659999999999999,-0.21722365038560412,-0.2327710843373494,-0.4309026007139215,-0.4233128834355828,-0.01782697031066649,0.008104435199099536,0.10795302683972507,0.18861406836112504,0.1275565701258714,0.15134077159308434,climate,climate,climate,climate,0.025999999999999968,0.009999999999999995,0.02209999999999998,-0.0063,-0.012099999999999986,-0.015547433951745265,0.007589717278338681,0.025931405509766026,0.08066104152139997,0.02378420146721294,TRUE,TRUE,TRUE,TRUE,TRUE,FALSE,FALSE,FALSE,FALSE,same_ranking,FALSE
332,North America,Cold_Without_dry_season_Warm_Summer,estimated,estimated,0.724,0.679,0.1802,0.1507,0.2451,0.2483,0.2991,0.2798,-0.06490000000000001,-0.09759999999999999,-0.08964088397790057,-0.14374079528718703,-0.15259816600047027,-0.2446115288220551,0.05681743001957262,0.011245180423804069,0.0180446187239911,0.004624414645143515,0.08448004864415437,0.0260582480076732,climate,climate,climate,climate,-0.04499999999999993,-0.0295,0.0031999999999999806,-0.019299999999999984,-0.03269999999999998,-0.05409991130928646,-0.09201336282158484,-0.045572249595768555,-0.013420204078847586,-0.05842180063648117,TRUE,TRUE,TRUE,TRUE,TRUE,FALSE,FALSE,FALSE,FALSE,same_ranking,FALSE
45636,Europe,Cold_Without_dry_season_Cold_Summer,estimated,estimated,0.116,0.173,-0.0474,-0.0316,-0.0641,-0.0429,0.2277,0.2473,0.016700000000000007,0.011299999999999998,0.14396551724137935,0.0653179190751445,NA,NA,-0.04392924665620124,0.012639453732685046,-0.00407662720520352,0.05775332129671207,0.2875397391782657,0.346118623812004,human,human,NA,NA,0.05699999999999998,0.015799999999999995,0.021200000000000004,0.01959999999999998,-0.005400000000000009,-0.07864759816623484,NA,0.056568700388886284,0.06182994850191559,0.05857888463373828,TRUE,TRUE,TRUE,TRUE,TRUE,FALSE,FALSE,FALSE,FALSE,same_ranking,FALSE
22969,North America,Cold_Without_dry_season_Cold_Summer,estimated,estimated,-0.057,-0.096,-0.0396,-0.0494,-0.0673,-0.0812,0.05,0.035,0.027699999999999995,0.031799999999999995,-0.48596491228070166,-0.33124999999999993,NA,NA,-0.014619682075484697,-0.05331202960924464,-0.042385803798597355,-0.08652132401076429,0.07571377672083113,0.029322187277462053,human,human,NA,NA,-0.039,-0.009799999999999996,-0.013899999999999996,-0.015,0.0040999999999999995,0.15471491228070172,NA,-0.03869234753375994,-0.044135520212166934,-0.046391589443369075,TRUE,TRUE,TRUE,TRUE,TRUE,FALSE,FALSE,FALSE,FALSE,same_ranking,FALSE
22971,Europe,Cold_Without_dry_season_Warm_Summer,estimated,estimated,0.471,0.46,0.0143,0.0409,0.2244,0.2348,0.2326,0.184,-0.21009999999999998,-0.19390000000000002,-0.44607218683651806,-0.4215217391304348,-0.880184331797235,-0.7033006891548785,0.019621520880796384,0.007906747704140904,0.18283968867510247,0.15008843672421746,0.20536227228764137,0.05449671161593295,climate,climate,climate,climate,-0.010999999999999954,0.0266,0.01040000000000002,-0.048600000000000004,0.016199999999999964,0.024550447706083278,0.17688364264235645,-0.01171477317665548,-0.03275125195088502,-0.15086556067170842,TRUE,TRUE,TRUE,TRUE,TRUE,FALSE,FALSE,FALSE,FALSE,same_ranking,FALSE
3488,North America,Cold_Without_dry_season_Hot_Summer,estimated,estimated,0.726,0.738,0.0933,0.0796,0.3195,0.3036,0.3132,0.3545,-0.2262,-0.22399999999999998,-0.3115702479338843,-0.3035230352303523,-0.5479651162790697,-0.5845511482254697,0.005022934320409123,0.016853349600984058,0.15715803845789722,0.0829603034471531,0.13668236489569796,0.1768256151204466,climate,climate,climate,climate,0.01200000000000001,-0.01369999999999999,-0.015900000000000025,0.0413,0.0022000000000000353,0.008047212703532036,-0.03658603194639998,0.011830415280574935,-0.07419773501074411,0.04014325022474863,TRUE,TRUE,TRUE,TRUE,TRUE,FALSE,FALSE,FALSE,FALSE,same_ranking,FALSE
1768,North America,Cold_Without_dry_season_Warm_Summer,estimated,estimated,0.211,0.325,-0.032,0.0253,0.1467,0.1725,0.0959,0.1276,-0.1787,-0.1472,-0.8469194312796209,-0.4529230769230769,-1,-0.744186046511628,-0.03301536246420711,0.08180716959331724,0.12058647766928043,0.23130127967398117,0.08851437964889708,0.2110192817731873,climate,climate,climate,climate,0.11400000000000002,0.057300000000000004,0.02579999999999999,0.03169999999999999,0.0315,0.393996354356544,0.255813953488372,0.11482253205752435,0.11071480200470074,0.12250490212429022,TRUE,TRUE,TRUE,TRUE,TRUE,FALSE,FALSE,FALSE,FALSE,same_ranking,FALSE
45324,Europe,Temperate_Dry_Summer,estimated,estimated,0.31,0.076,0.1377,-0.012,0.165,0.1036,0.0075,-0.016,-0.02730000000000002,-0.1156,-0.08806451612903232,-1.5210526315789474,-0.09018830525272555,-1,0.19144348102938824,-0.043103126601061637,0.14366589782992523,0.02945806291841091,-0.0469942395047922,-0.08542168979642606,climate,climate,climate,climate,-0.23399999999999999,-0.1497,-0.06140000000000001,-0.0235,-0.08829999999999998,-1.4329881154499151,-0.9098116947472744,-0.23454660763044988,-0.11420783491151432,-0.03842745029163386,TRUE,TRUE,TRUE,TRUE,TRUE,FALSE,FALSE,FALSE,FALSE,same_ranking,FALSE
46680,North America,Cold_Without_dry_season_Cold_Summer,estimated,estimated,0.425,0.411,0.0567,0.0316,0.2217,0.2381,0.147,0.1416,-0.165,-0.20650000000000002,-0.38823529411764707,-0.502433090024331,-0.5926724137931035,-0.7656655543196145,-0.020844857898563274,-0.034985430362615366,0.14165382876591948,0.2473141549718162,0.04671746704885271,0.10881479232824343,climate,climate,climate,climate,-0.014000000000000012,-0.025099999999999997,0.016399999999999998,-0.005399999999999988,-0.04150000000000001,-0.11419779590668394,-0.17299314052651094,-0.014140572464052092,0.10566032620589672,0.062097325279390714,TRUE,TRUE,TRUE,TRUE,TRUE,FALSE,FALSE,FALSE,FALSE,same_ranking,FALSE
2954,North America,Cold_Without_dry_season_Cold_Summer,estimated,estimated,0.355,0.497,-0.0289,0.1374,0.1363,0.1354,0.2478,0.2245,-0.1652,0.0020000000000000018,-0.4653521126760564,0.0040241448692152956,-1,0.007331378299120241,-0.006076630133741601,0.13601979622528093,0.031655915237485344,0.0893394851314393,0.13742043826568573,0.1502604965044705,climate,human,climate,human,0.14200000000000002,0.1663,-9.000000000000119e-4,-0.023299999999999987,0.16720000000000002,0.46937625754527174,1.0073313782991202,0.14209642635902253,0.057683569893953957,0.012840058238784757,TRUE,TRUE,TRUE,TRUE,TRUE,FALSE,TRUE,TRUE,TRUE,ranking_reversal,TRUE
531,Europe,Cold_Without_dry_season_Warm_Summer,estimated,estimated,0.194,0.192,0.1418,0.0621,0.0171,0.0718,0.0349,0.0581,0.1247,-0.0097,0.6427835051546392,-0.050520833333333334,0.7847702957835117,-0.0724421209858103,0.1323502799011892,0.13062159600652634,-0.057561531193558446,0.08332302843869555,-0.01381105483081757,0.06430787336254196,human,climate,human,climate,-0.0020000000000000018,-0.07970000000000001,0.0547,0.0232,-0.13440000000000002,-0.6933043384879726,-0.8572124167693219,-0.0017286838946628524,0.140884559632254,0.07811892819335953,TRUE,TRUE,TRUE,TRUE,TRUE,FALSE,TRUE,TRUE,TRUE,ranking_reversal,TRUE
19814,North America,Cold_Dry_Summer,estimated,estimated,0.414,0.364,0.0225,-0.0086,0.1855,0.1862,0.2061,0.1862,-0.163,-0.1948,-0.39371980676328505,-0.5351648351648352,-0.7836538461538463,-1,0.01239696904204779,-0.03784111392920353,0.23273606008247327,0.22798142886960315,0.2418123516914099,0.1959375903905758,climate,climate,climate,climate,-0.04999999999999999,-0.0311,7.000000000000062e-4,-0.0199,-0.031799999999999995,-0.1414450284015501,-0.21634615384615374,-0.05023808297125132,-0.00475463121287012,-0.04587476130083412,TRUE,TRUE,TRUE,TRUE,TRUE,FALSE,FALSE,FALSE,FALSE,same_ranking,FALSE
4118,Europe,Cold_Without_dry_season_Warm_Summer,estimated,estimated,0.223,0.245,0.0033,0.0068,0.1532,0.1725,0.0661,0.0655,-0.1499,-0.1657,-0.6721973094170404,-0.6763265306122449,-0.9578274760383387,-0.9241494701617401,-0.03433043424470894,-0.012248864707223972,0.04990260689663617,0.08720583475503052,-0.018030784271896527,-0.02056180579440714,climate,climate,climate,climate,0.021999999999999992,0.0034999999999999996,0.019299999999999984,-6.000000000000033e-4,-0.01579999999999998,-0.0041292211952045355,0.03367800587659864,0.02208156953748497,0.03730322785839435,-0.0025310215225106125,TRUE,TRUE,TRUE,TRUE,TRUE,FALSE,FALSE,FALSE,FALSE,same_ranking,FALSE
1966,North America,Cold_Without_dry_season_Warm_Summer,estimated,estimated,0.496,0.466,0.1508,0.1201,0.1861,0.1644,0.1595,0.1815,-0.0353,-0.04429999999999999,-0.07116935483870968,-0.09506437768240342,-0.10477886613238349,-0.1557117750439367,-0.005193367177312336,-0.035567652219029244,0.07587183765854144,0.08447362790292856,-0.0016776268992286791,0.09445234252760226,climate,climate,climate,climate,-0.02999999999999997,-0.03069999999999999,-0.021699999999999997,0.021999999999999992,-0.008999999999999994,-0.023895022843693742,-0.05093290891155322,-0.03037428504171691,0.00860179024438712,0.09612996942683094,TRUE,TRUE,TRUE,TRUE,TRUE,FALSE,FALSE,FALSE,FALSE,same_ranking,FALSE
15191,North America,Temperate_Without_dry_season,estimated,estimated,0.17,0.49,0.0772,0.3208,-0.0183,0.0509,0.1116,0.1179,0.0955,0.2699,0.5617647058823529,0.5508163265306122,1,0.7261232176486414,-0.04574866591875515,0.27340178824882055,-0.08131179231885943,0.04365123967669782,0.04683394029061405,0.04592893589497982,human,human,human,human,0.31999999999999995,0.24359999999999998,0.0692,0.0063,0.17439999999999997,-0.010948379351740756,-0.2738767823513586,0.3191504541675757,0.12496303199555725,-9.050043956342346e-4,TRUE,TRUE,TRUE,TRUE,TRUE,FALSE,FALSE,FALSE,FALSE,same_ranking,FALSE
45725,Europe,Cold_Without_dry_season_Warm_Summer,estimated,estimated,0.474,0.456,0.0848,0.0736,0.1923,0.1986,0.1969,0.1842,-0.1075,-0.125,-0.22679324894514769,-0.2741228070175438,-0.3879465896788163,-0.4592211609110948,0.031075285785741147,0.013400872328801827,0.07482017565723742,0.13810324840083565,0.058493066602661736,0.08375707947675048,climate,climate,climate,climate,-0.01799999999999996,-0.011200000000000002,0.0063,-0.012699999999999989,-0.0175,-0.04732955807239614,-0.07127457123227848,-0.01767441345693932,0.06328307274359823,0.025264012874088748,TRUE,TRUE,TRUE,TRUE,TRUE,FALSE,FALSE,FALSE,FALSE,same_ranking,FALSE
19834,North America,Cold_Without_dry_season_Hot_Summer,estimated,estimated,0.25,0.259,-0.0492,0.0178,0.123,0.1173,0.1761,0.1236,-0.1722,-0.0995,-0.6888,-0.3841698841698842,-1,-0.7364914877868246,-0.05799947352202306,-0.049311502516662276,0.1568000839921032,0.133424105924967,0.19230279050830512,0.0753131173306597,climate,climate,climate,climate,0.009000000000000008,0.067,-0.005699999999999997,-0.052500000000000005,0.07269999999999999,0.3046301158301158,0.2635085122131754,0.008687971005360784,-0.023375978067136205,-0.11698967317764541,TRUE,TRUE,TRUE,TRUE,TRUE,FALSE,FALSE,FALSE,FALSE,same_ranking,FALSE
40793,North America,Cold_Without_dry_season_Hot_Summer,estimated,estimated,0.376,0.35,0.0698,0.0458,0.2275,0.2367,0.0783,0.0677,-0.1577,-0.1909,-0.4194148936170213,-0.5454285714285714,-0.5304406323578876,-0.6757522123893805,-0.010424600749290636,-0.03586676509695452,0.12145049240029304,0.1420119819084691,0.003948013990136556,-0.015117946196369525,climate,climate,climate,climate,-0.026000000000000023,-0.024,0.009199999999999986,-0.010599999999999998,-0.03319999999999998,-0.1260136778115501,-0.14531158003149292,-0.025442164347663887,0.020561489508176045,-0.01906596018650608,TRUE,TRUE,TRUE,TRUE,TRUE,FALSE,FALSE,FALSE,FALSE,same_ranking,FALSE
4375,Europe,Temperate_Without_dry_season,estimated,estimated,0.47,0.461,0.0598,0.0637,0.3278,0.3177,0.0827,0.0795,-0.26799999999999996,-0.254,-0.5702127659574467,-0.5509761388286334,-0.6914344685242517,-0.6659674882013634,0.010917162341250952,0.0015756535278308448,0.20251062088119642,0.18341162892591456,0.001788266380081116,-0.0036318091370108885,climate,climate,climate,climate,-0.008999999999999952,0.0039000000000000076,-0.010099999999999998,-0.0031999999999999945,0.013999999999999957,0.019236627128813355,0.0254669803228883,-0.009341508813420107,-0.019098991955281863,-0.0054200755170920045,TRUE,TRUE,TRUE,TRUE,TRUE,FALSE,FALSE,FALSE,FALSE,same_ranking,FALSE
15976,North America,Cold_Without_dry_season_Cold_Summer,estimated,estimated,0.701,0.694,0.0251,0.0343,0.2551,0.3094,0.4204,0.3499,-0.22999999999999998,-0.2751,-0.3281027104136947,-0.39639769452449575,-0.8208422555317629,-0.8004073319755601,0.016905221341924404,0.009774484876054035,0.25411450818965053,0.36432868929643336,0.4563965324035374,0.3169379511682159,climate,climate,climate,climate,-0.007000000000000006,0.009199999999999996,0.054300000000000015,-0.07050000000000001,-0.04510000000000003,-0.06829498411080104,0.0204349235562028,-0.007130736465870369,0.11021418110678283,-0.1394585812353215,TRUE,TRUE,TRUE,TRUE,TRUE,FALSE,FALSE,FALSE,FALSE,same_ranking,FALSE
517,North America,Cold_Dry_Summer,estimated,estimated,0.523,0.565,0.0638,0.1179,0.3823,0.3731,0.0768,0.0744,-0.3185,-0.2552,-0.6089866156787763,-0.4516814159292036,-0.713965478592244,-0.5197556008146639,0.07204621144510437,0.11456403839052676,0.3275876966783473,0.3211119173308806,-0.015223173756583663,-0.008110691198076392,climate,climate,climate,climate,0.041999999999999926,0.05410000000000001,-0.009199999999999986,-0.0023999999999999994,0.06330000000000002,0.15730519974957274,0.19420987777758014,0.04251782694542239,-0.006475779347466681,0.0071124825585072715,TRUE,TRUE,TRUE,TRUE,TRUE,FALSE,FALSE,FALSE,FALSE,same_ranking,FALSE
849,North America,Cold_Without_dry_season_Warm_Summer,estimated,estimated,0.485,0.511,0.0819,0.0785,0.2831,0.2797,0.1199,0.1524,-0.20120000000000002,-0.2012,-0.4148453608247423,-0.39373776908023483,-0.5512328767123288,-0.5616973757677275,-0.025900268543319283,-1.364748354315548e-4,0.13697259124884553,0.0864271854298152,-0.03498917962799675,-0.013653214118846457,climate,climate,climate,climate,0.026000000000000023,-0.0034000000000000002,-0.003400000000000014,0.0325,2.7755575615628914e-17,0.021107591744507492,-0.010464499055398702,0.025763793707887728,-0.05054540581903033,0.02133596550915029,TRUE,TRUE,TRUE,TRUE,TRUE,FALSE,FALSE,FALSE,FALSE,same_ranking,FALSE
41310,Europe,Temperate_Without_dry_season,estimated,estimated,0.108,0.136,-0.0281,0.0233,-0.1086,-0.1088,0.2444,0.222,0.0805,0.1321,0.7453703703703703,0.9713235294117646,NA,1,-0.0874523193290937,-0.05859530728948059,-0.1651847176878256,-0.14477700258697745,0.21981778273714037,0.19576562261276487,human,human,NA,human,0.02800000000000001,0.0514,-1.9999999999999185e-4,-0.022400000000000003,0.05159999999999999,0.22595315904139424,NA,0.028857012039613106,0.020407715100848156,-0.0240521601243755,TRUE,TRUE,TRUE,TRUE,TRUE,FALSE,FALSE,FALSE,FALSE,same_ranking,FALSE
41189,Europe,Temperate_Without_dry_season,estimated,estimated,0.249,0.287,0.1012,0.1365,0.0571,0.0617,0.0903,0.0889,0.0441,0.0748,0.17710843373493976,0.2606271777003485,0.27858496525584336,0.3773965691220989,-0.06274655823841102,-0.02438767531341146,-0.046092252824074365,-0.03291007572200888,-0.07831124528048783,-0.07706628280879557,human,human,human,human,0.03799999999999998,0.03530000000000001,0.0046,-0.0013999999999999985,0.030700000000000005,0.08351874396540873,0.09881160386625554,0.03835888292499956,0.013182177102065484,0.001244962471692257,TRUE,TRUE,TRUE,TRUE,TRUE,FALSE,FALSE,FALSE,FALSE,same_ranking,FALSE
1987,North America,Cold_Without_dry_season_Cold_Summer,estimated,estimated,0.623,0.661,0.1013,0.1408,0.2474,0.2577,0.2745,0.2628,-0.1461,-0.11689999999999998,-0.23451043338683789,-0.17685325264750373,-0.4189848006882707,-0.29335006273525716,0.04426247655826632,0.08239032138239455,0.03007768295087676,0.08142342071644015,0.0970261557252019,0.10438360211576647,climate,climate,climate,climate,0.038000000000000034,0.03950000000000001,0.010299999999999976,-0.011700000000000044,0.02920000000000003,0.05765718073933415,0.12563473795301355,0.03812784482412823,0.05134573776556339,0.00735744639056457,TRUE,TRUE,TRUE,TRUE,TRUE,FALSE,FALSE,FALSE,FALSE,same_ranking,FALSE
22662,Europe,Cold_Without_dry_season_Cold_Summer,estimated,estimated,0.342,0.314,0.0021,-0.0497,0.1805,0.1953,0.1589,0.1683,-0.1784,-0.245,-0.5216374269005848,-0.7802547770700636,-0.9769989047097482,-1,-0.04255181554667742,-0.07003991620464978,-0.08291079967995629,-0.07018586941036298,-0.07356225045420539,-0.07158706842784501,climate,climate,climate,climate,-0.028000000000000025,-0.0518,0.014800000000000008,0.009399999999999992,-0.06659999999999999,-0.25861735016947884,-0.02300109529025185,-0.02748810065797236,0.012724930269593315,0.001975182026360378,TRUE,TRUE,TRUE,TRUE,TRUE,FALSE,FALSE,FALSE,FALSE,same_ranking,FALSE
841,North America,Cold_Without_dry_season_Cold_Summer,estimated,estimated,0.418,0.42,0.0013,0.0806,0.1386,0.1194,0.2782,0.2196,-0.1373,-0.0388,-0.32846889952153113,-0.09238095238095238,-0.9814152966404576,-0.194,-0.014828402827567588,-0.013371289969932088,-0.03474526256033006,-0.033257240935373966,0.1243942543965606,0.04694093205298877,climate,climate,climate,climate,0.0020000000000000018,0.07930000000000001,-0.019199999999999995,-0.05860000000000001,0.0985,0.23608794714057874,0.7874152966404575,0.0014571128576355008,0.001488021624956093,-0.07745332234357183,TRUE,TRUE,TRUE,TRUE,TRUE,FALSE,FALSE,FALSE,FALSE,same_ranking,FALSE
17880,North America,Cold_Without_dry_season_Warm_Summer,estimated,estimated,0.346,0.38,0.0135,0.0449,0.3101,0.316,0.0219,0.0196,-0.2966,-0.2711,-0.8572254335260115,-0.713421052631579,-0.9165636588380717,-0.7511776115267388,-0.042482655871118546,-0.007500044491445368,0.26324985051539374,0.2783392199022763,-0.02100398256006175,-0.022532519830349984,climate,climate,climate,climate,0.03400000000000003,0.031400000000000004,0.005900000000000016,-0.0023,0.025499999999999967,0.1438043808944326,0.16538604731133288,0.03498261137967318,0.015089369386882545,-0.0015285372702882327,TRUE,TRUE,TRUE,TRUE,TRUE,FALSE,FALSE,FALSE,FALSE,same_ranking,FALSE
24993,Europe,Cold_Without_dry_season_Cold_Summer,insufficient_unique_ages,insufficient_unique_ages,NA,NA,NA,NA,NA,NA,NA,NA,NA,NA,NA,NA,NA,NA,NA,NA,NA,NA,NA,NA,NA,NA,NA,NA,NA,NA,NA,NA,NA,NA,NA,NA,NA,NA,TRUE,TRUE,FALSE,FALSE,FALSE,FALSE,FALSE,FALSE,FALSE,not_estimable_at_either_radius,FALSE
40627,Europe,Cold_Without_dry_season_Warm_Summer,estimated,estimated,0.172,0.267,0.0279,0.137,0.0206,0.021,0.1232,0.1086,0.007300000000000001,0.116,0.04244186046511629,0.4344569288389513,0.1505154639175258,0.7341772151898734,0.004056073048206543,0.09897253131315864,-0.027998481098542083,-0.05401435821368317,0.08801258681995927,0.032069866397052116,human,human,human,human,0.09500000000000003,0.1091,4.0000000000000105e-4,-0.014600000000000002,0.1087,0.39201506837383504,0.5836617512723477,0.0949164582649521,-0.026015877115141084,-0.055942720422907155,TRUE,TRUE,TRUE,TRUE,TRUE,FALSE,FALSE,FALSE,FALSE,same_ranking,FALSE
15368,North America,Arid,estimated,estimated,0.23,0.253,0.0043,0.0504,0.1493,0.1468,0.0761,0.0561,-0.145,-0.09640000000000001,-0.6304347826086956,-0.3810276679841898,-0.9440104166666666,-0.48884381338742394,0.024298225836813403,0.0479522818257232,0.04701699599832976,0.07971949915252896,-0.029640226888994925,-0.031940212954464364,climate,climate,climate,climate,0.022999999999999993,0.0461,-0.0024999999999999745,-0.020000000000000004,0.04859999999999998,0.24940711462450577,0.4551666032792427,0.023654055988909795,0.0327025031541992,-0.0022999860654694393,TRUE,TRUE,TRUE,TRUE,TRUE,FALSE,FALSE,FALSE,FALSE,same_ranking,FALSE
3972,Europe,Temperate_Without_dry_season,estimated,estimated,0.371,0.337,0.108,0.0133,0.1245,0.1143,0.1388,0.2091,-0.0165,-0.101,-0.04447439353099731,-0.2997032640949555,-0.07096774193548389,-0.7915360501567399,0.031358515942602305,-0.00327088272528131,0.029527987301367076,0.06411947753790881,8.315548027668651e-4,0.19651089197696237,climate,climate,climate,climate,-0.033999999999999975,-0.0947,-0.0102,0.0703,-0.0845,-0.2552288705639582,-0.720568308221256,-0.034629398667883615,0.03459149023654173,0.1956793371741955,TRUE,TRUE,TRUE,TRUE,TRUE,FALSE,FALSE,FALSE,FALSE,same_ranking,FALSE
45393,Europe,Cold_Without_dry_season_Warm_Summer,missing_predictor_group,estimated,NA,0.388,NA,-0.0463,NA,0.4427,NA,-0.0088,NA,-0.489,NA,-1.2603092783505154,NA,-1,NA,-0.08571125305750238,NA,0.3806434273278604,NA,-0.07275478366072763,NA,climate,NA,climate,NA,NA,NA,NA,NA,NA,NA,NA,NA,NA,TRUE,TRUE,FALSE,TRUE,FALSE,TRUE,FALSE,FALSE,FALSE,gained_estimability,TRUE
42542,Europe,Cold_Without_dry_season_Cold_Summer,estimated,estimated,0.44,0.425,-0.0094,0.0253,0.2002,0.1749,0.2489,0.2251,-0.20959999999999998,-0.1496,-0.4763636363636363,-0.35200000000000004,-1,-0.7472527472527474,-0.015398392058231902,-0.029783508417027815,0.08100364444988295,0.01033706890249031,0.15664666147073092,0.08893298014862572,climate,climate,climate,climate,-0.015000000000000013,0.0347,-0.02529999999999999,-0.023800000000000016,0.05999999999999997,0.12436363636363629,0.2527472527472526,-0.014385116358795913,-0.07066657554739264,-0.0677136813221052,TRUE,TRUE,TRUE,TRUE,TRUE,FALSE,FALSE,FALSE,FALSE,same_ranking,FALSE
45312,Europe,Polar,estimated,estimated,0.622,0.55,0.0865,0.0017,0.3272,0.3675,0.2081,0.1812,-0.2407,-0.3658,-0.3869774919614148,-0.6650909090909091,-0.5818225767464347,-0.9907908992416036,0.05345077347100313,-0.018017290796655927,0.06749285601851684,0.2082990556841613,0.00829433783840039,0.014625714909369814,climate,climate,climate,climate,-0.07199999999999995,-0.0848,0.0403,-0.026900000000000007,-0.12510000000000002,-0.2781134171294943,-0.4089683224951689,-0.07146806426765906,0.14080619966564445,0.006331377070969424,TRUE,TRUE,TRUE,TRUE,TRUE,FALSE,FALSE,FALSE,FALSE,same_ranking,FALSE
21790,Europe,Cold_Without_dry_season_Cold_Summer,estimated,estimated,0.584,0.586,0.2294,0.2534,0.0879,0.08,0.2662,0.2523,0.1415,0.1734,0.2422945205479452,0.2959044368600683,0.44595020485345094,0.5200959808038392,0.09898763646507158,0.10113486244388337,-0.025761692857189655,-0.02115237451069707,0.06385084960265541,0.0562076210842084,human,human,human,human,0.0020000000000000018,0.02400000000000002,-0.007900000000000004,-0.013899999999999968,0.03190000000000001,0.053609916312123085,0.07414577595038829,0.0021472259788117842,0.004609318346492586,-0.0076432285184470095,TRUE,TRUE,TRUE,TRUE,TRUE,FALSE,FALSE,FALSE,FALSE,same_ranking,FALSE
45642,Europe,Cold_Without_dry_season_Cold_Summer,estimated,estimated,0.479,0.434,-0.002,-0.0046,0.3293,0.2905,0.1518,0.1476,-0.3313,-0.2951,-0.6916492693110647,-0.6799539170506912,-1,-1,0.00824484258482594,-0.03724482766781778,0.16273918472040527,0.11425334074943905,-0.03788748329318847,-0.017291474552686648,climate,climate,climate,climate,-0.044999999999999984,-0.0026,-0.0388,-0.0041999999999999815,0.03620000000000001,0.011695352260373548,0,-0.04548967025264372,-0.048485843970966225,0.020596008740501826,TRUE,TRUE,TRUE,TRUE,TRUE,FALSE,FALSE,FALSE,FALSE,same_ranking,FALSE
40949,Europe,Cold_Without_dry_season_Warm_Summer,estimated,estimated,-0.006,0.048,-0.0303,0.0108,-0.0754,-0.0764,0.0993,0.1141,0.045099999999999994,0.0872,-7.516666666666666,1.8166666666666667,NA,1,-0.04551778865445222,0.009436557303468929,-0.1951149055685374,-0.1742360098860649,-0.0038347246650121125,0.04866049806453887,human,human,NA,human,0.054,0.0411,-0.0010000000000000009,0.014799999999999994,0.042100000000000005,9.333333333333332,NA,0.05495434595792115,0.020878895682472476,0.05249522272955098,TRUE,TRUE,TRUE,TRUE,TRUE,FALSE,FALSE,FALSE,FALSE,same_ranking,FALSE
41634,Europe,Temperate_Without_dry_season,insufficient_residual_df,insufficient_residual_df,NA,NA,NA,NA,NA,NA,NA,NA,NA,NA,NA,NA,NA,NA,NA,NA,NA,NA,NA,NA,NA,NA,NA,NA,NA,NA,NA,NA,NA,NA,NA,NA,NA,NA,TRUE,TRUE,FALSE,FALSE,FALSE,FALSE,FALSE,FALSE,FALSE,not_estimable_at_either_radius,FALSE
1153,North America,Cold_Without_dry_season_Warm_Summer,estimated,estimated,0.642,0.644,0.0812,0.1203,0.2518,0.2167,0.3091,0.3068,-0.17060000000000003,-0.0964,-0.26573208722741437,-0.1496894409937888,-0.5123123123123123,-0.286053412462908,-0.006389205838170042,-0.004566252849265595,0.042072048356257996,0.025623640896299538,0.08387009720820249,0.13317959005282054,climate,climate,climate,climate,0.0020000000000000018,0.03910000000000001,-0.03510000000000002,-0.0022999999999999687,0.07420000000000003,0.11604264623362556,0.22625889984940434,0.0018229529889044471,-0.01644840745995846,0.04930949284461805,TRUE,TRUE,TRUE,TRUE,TRUE,FALSE,FALSE,FALSE,FALSE,same_ranking,FALSE
22400,North America,Cold_Without_dry_season_Cold_Summer,estimated,estimated,0.054,0.219,0.0299,0.1302,-0.0049,0.0527,0.0287,0.0358,0.0348,0.07750000000000001,0.6444444444444444,0.35388127853881285,1,0.42372881355932207,-0.01197098016629139,0.15306845701002214,-0.07946593087707987,0.046012396762095786,-0.04291447943758209,-0.018466037146501857,human,human,human,human,0.165,0.10030000000000001,0.0576,0.007099999999999999,0.042700000000000016,-0.2905631659056315,-0.576271186440678,0.16503943717631353,0.12547832763917566,0.02444844229108023,TRUE,TRUE,TRUE,TRUE,TRUE,FALSE,FALSE,FALSE,FALSE,same_ranking,FALSE
22346,Europe,Cold_Without_dry_season_Warm_Summer,estimated,estimated,0.155,0.193,-0.0276,-0.0156,0.1088,0.1232,0.0734,0.0857,-0.1364,-0.1388,-0.88,-0.7191709844559586,-1,-1,-0.05763177952639553,-0.01893965479542048,-0.02007240218823969,0.03459914797133745,-0.014503739670688076,0.035945489936891284,climate,climate,climate,climate,0.038000000000000006,0.012,0.01440000000000001,0.012299999999999991,-0.0024000000000000132,0.1608290155440414,0,0.03869212473097505,0.05467155015957714,0.05044922960757936,TRUE,TRUE,TRUE,TRUE,TRUE,FALSE,FALSE,FALSE,FALSE,same_ranking,FALSE
4410,Europe,Temperate_Without_dry_season,estimated,estimated,0.39,0.294,0.1385,-0.0094,0.0912,0.0603,0.1608,0.2431,0.04730000000000001,-0.0697,0.1212820512820513,-0.2370748299319728,0.20592076621680455,-1,0.10151582488475985,0.005025506151388637,0.0757785342712477,0.08557100166296794,0.060503455965526975,0.2964707545665758,human,climate,human,climate,-0.09600000000000003,-0.1479,-0.030900000000000004,0.08230000000000001,-0.117,-0.3583568812140241,-1.2059207662168046,-0.09649031873337122,0.009792467391720239,0.23596729860104881,TRUE,TRUE,TRUE,TRUE,TRUE,FALSE,TRUE,TRUE,TRUE,ranking_reversal,TRUE
48986,Europe,Temperate_Without_dry_season,estimated,estimated,0.388,0.298,0.1562,-0.0108,0.0817,0.0609,0.1506,0.2484,0.07450000000000001,-0.0717,0.19201030927835053,-0.2406040268456376,0.31315678856662466,-1,0.09745883110041542,0.00742813081082494,0.06567087356759038,0.10620726243320333,0.04862460769708188,0.3264740305122277,human,climate,human,climate,-0.09000000000000002,-0.167,-0.020799999999999992,0.0978,-0.1462,-0.43261433612398814,-1.3131567885666247,-0.09003070028959048,0.04053638886561295,0.2778494228151458,TRUE,TRUE,TRUE,TRUE,TRUE,FALSE,TRUE,TRUE,TRUE,ranking_reversal,TRUE
41612,North America,Polar,missing_predictor_group,estimated,NA,0.393,NA,-0.0055,NA,0.0593,NA,0.3393,NA,-0.0648,NA,-0.16488549618320608,NA,-1,NA,-0.022666965657219373,NA,0.01929535516284564,NA,0.3274797915450668,NA,climate,NA,climate,NA,NA,NA,NA,NA,NA,NA,NA,NA,NA,TRUE,TRUE,FALSE,TRUE,FALSE,TRUE,FALSE,FALSE,FALSE,gained_estimability,TRUE
47687,North America,Arid,estimated,estimated,0.414,0.206,0.186,0.051,0.0866,0.0422,0.1411,0.1133,0.0994,0.008799999999999995,0.24009661835748794,0.042718446601941726,0.3646368305209097,0.09442060085836905,0.36458151830570695,0.15736766952888848,0.1938747522628954,0.07489949036491694,0.18491806046193682,0.09915883201626219,human,human,human,human,-0.208,-0.135,-0.044399999999999995,-0.027800000000000005,-0.09060000000000001,-0.19737817175554623,-0.27021622966254066,-0.20721384877681848,-0.11897526189797847,-0.08575922844567463,TRUE,TRUE,TRUE,TRUE,TRUE,FALSE,FALSE,FALSE,FALSE,same_ranking,FALSE
22669,Europe,Temperate_Without_dry_season,estimated,estimated,0.35,0.34,0.0077,-7e-4,0.1954,0.1907,0.1474,0.1501,-0.18769999999999998,-0.19140000000000001,-0.5362857142857143,-0.5629411764705883,-0.9241752831117674,-1,-0.05730150567004566,-0.06772008892570502,0.06337728944283993,0.0657399645705048,0.004665749319549994,0.021928271763627438,climate,climate,climate,climate,-0.009999999999999953,-0.0084,-0.004699999999999982,0.002700000000000008,-0.0037000000000000366,-0.026655462184874024,-0.07582471688823256,-0.010418583255659364,0.0023626751276648594,0.017262522444077444,TRUE,TRUE,TRUE,TRUE,TRUE,FALSE,FALSE,FALSE,FALSE,same_ranking,FALSE
4258,Europe,Cold_Without_dry_season_Cold_Summer,insufficient_residual_df,insufficient_residual_df,NA,NA,NA,NA,NA,NA,NA,NA,NA,NA,NA,NA,NA,NA,NA,NA,NA,NA,NA,NA,NA,NA,NA,NA,NA,NA,NA,NA,NA,NA,NA,NA,NA,NA,TRUE,TRUE,FALSE,FALSE,FALSE,FALSE,FALSE,FALSE,FALSE,not_estimable_at_either_radius,FALSE
16009,North America,Temperate_Without_dry_season,estimated,estimated,0.28,0.299,0.1102,0.1621,-0.0273,-0.0145,0.1974,0.1517,0.1375,0.1766,0.49107142857142855,0.5906354515050167,1,1,-0.004503804943105871,0.014523303468527371,-0.13648825369433737,-0.07144269284360838,0.04024174358746113,-0.011704087799196405,human,human,human,human,0.01899999999999996,0.05189999999999999,0.0128,-0.04569999999999999,0.039099999999999996,0.09956402293358818,0,0.019027108411633242,0.06504556085072899,-0.05194583138665754,TRUE,TRUE,TRUE,TRUE,TRUE,FALSE,FALSE,FALSE,FALSE,same_ranking,FALSE
48358,Europe,Polar,estimated,estimated,0.553,0.479,0.0498,-2e-4,0.2203,0.208,0.2831,0.2713,-0.17049999999999998,-0.2082,-0.3083182640144665,-0.43465553235908144,-0.6312476860422065,-1,0.04547264148267971,-0.028645925535692895,-0.005554796731517042,-0.02808790182024712,0.09038167241830253,0.06889650716388929,climate,climate,climate,climate,-0.07400000000000007,-0.049999999999999996,-0.012300000000000005,-0.011800000000000033,-0.03770000000000001,-0.12633726834461495,-0.3687523139577935,-0.0741185670183726,-0.022533105088730077,-0.02148516525441324,TRUE,TRUE,TRUE,TRUE,TRUE,FALSE,FALSE,FALSE,FALSE,same_ranking,FALSE
1028,North America,Polar,estimated,estimated,0.665,0.655,0.0217,0.0414,0.4083,0.4087,0.2346,0.2045,-0.3866,-0.3673,-0.5813533834586466,-0.5607633587786259,-0.8990697674418605,-0.8160408798044879,-0.020850552079182405,-0.03086834552563089,0.3587454916952183,0.36024975148931404,0.17488738321633313,0.11539098218117183,climate,climate,climate,climate,-0.010000000000000009,0.0197,4.0000000000001146e-4,-0.030100000000000016,0.019299999999999984,0.02059002468002069,0.0830288876373726,-0.010017793446448486,0.0015042597940957414,-0.059496401035161295,TRUE,TRUE,TRUE,TRUE,TRUE,FALSE,FALSE,FALSE,FALSE,same_ranking,FALSE
1715,North America,Cold_Without_dry_season_Warm_Summer,estimated,estimated,0.401,0.42,0.044,0.079,0.2256,0.242,0.1317,0.0993,-0.18159999999999998,-0.16299999999999998,-0.4528678304239401,-0.38809523809523805,-0.6735905044510385,-0.5077881619937694,-0.05076454337420677,-0.03178917980618767,0.04000416997493361,0.1373584624286538,-0.026507885822206534,-0.026750828773807855,climate,climate,climate,climate,0.01899999999999996,0.035,0.016399999999999998,-0.03240000000000001,0.018600000000000005,0.06477259232870203,0.1658023424572691,0.0189753635680191,0.09735429245372018,-2.429429516013215e-4,TRUE,TRUE,TRUE,TRUE,TRUE,FALSE,FALSE,FALSE,FALSE,same_ranking,FALSE
258,North America,Cold_Without_dry_season_Cold_Summer,missing_predictor_group,estimated,NA,0.678,NA,0.0259,NA,0.4207,NA,0.231,NA,-0.39480000000000004,NA,-0.5823008849557523,NA,-0.884012539184953,NA,-0.007390131384692911,NA,0.2530904454914188,NA,0.04985822371579818,NA,climate,NA,climate,NA,NA,NA,NA,NA,NA,NA,NA,NA,NA,TRUE,TRUE,FALSE,TRUE,FALSE,TRUE,FALSE,FALSE,FALSE,gained_estimability,TRUE
43533,Europe,Temperate_Without_dry_season,estimated,estimated,0.595,0.568,0.0414,0.0542,0.273,0.274,0.2805,0.2394,-0.23160000000000003,-0.21980000000000002,-0.3892436974789917,-0.3869718309859156,-0.7366412213740459,-0.6697135892748324,0.024178016098840738,-0.00316900656326502,0.4313701989201537,0.4318342381019925,0.3921376731589026,0.30830956319100433,climate,climate,climate,climate,-0.027000000000000024,0.012799999999999999,0.0010000000000000009,-0.041100000000000025,0.011800000000000005,0.0022718664930760912,0.06692763209921349,-0.027347022662105758,4.6403918183879345e-4,-0.08382810996789825,TRUE,TRUE,TRUE,TRUE,TRUE,FALSE,FALSE,FALSE,FALSE,same_ranking,FALSE
47502,Latin America,Temperate_Without_dry_season,estimated,estimated,0.671,0.67,0.2737,0.3042,0.0072,0.0159,0.3904,0.3496,0.2665,0.2883,0.39716840536512665,0.43029850746268655,0.9487362050551799,0.9006560449859418,0.04911585049041389,0.04758674605388591,-0.026105985202203197,-0.028600043712025736,0.18975092587268827,0.08837982296588809,human,human,human,human,-0.0010000000000000009,0.030500000000000027,0.008700000000000001,-0.0408,0.021799999999999986,0.0331301020975599,-0.0480801600692381,-0.0015291044365279838,-0.0024940585098225387,-0.10137110290680018,TRUE,TRUE,TRUE,TRUE,TRUE,FALSE,FALSE,FALSE,FALSE,same_ranking,FALSE
2266,North America,Cold_Without_dry_season_Warm_Summer,missing_predictor_group,estimated,NA,0.384,NA,0.1552,NA,0.0036,NA,0.2253,NA,0.1516,NA,0.3947916666666667,NA,0.9546599496221664,NA,0.10910469418201008,NA,-0.12108232916134865,NA,0.10390766301186194,NA,human,NA,human,NA,NA,NA,NA,NA,NA,NA,NA,NA,NA,TRUE,TRUE,FALSE,TRUE,FALSE,TRUE,FALSE,FALSE,FALSE,gained_estimability,TRUE
24055,Europe,Cold_Without_dry_season_Cold_Summer,estimated,estimated,0.447,0.392,0.0786,0.0518,0.2405,0.1908,0.1277,0.1497,-0.1619,-0.139,-0.36219239373601786,-0.3545918367346939,-0.5073644625509245,-0.5729596042868921,0.08428496724192258,0.029822118706824163,0.1750212975988058,0.04272840084655982,0.022878561979331358,0.03387894901765587,climate,climate,climate,climate,-0.05499999999999999,-0.026800000000000004,-0.049699999999999994,0.021999999999999992,0.022899999999999976,0.007600557001323949,-0.06559514173596759,-0.05446284853509842,-0.13229289675224598,0.01100038703832451,TRUE,TRUE,TRUE,TRUE,TRUE,FALSE,FALSE,FALSE,FALSE,same_ranking,FALSE
287,North America,Cold_Without_dry_season_Hot_Summer,estimated,estimated,0.595,0.581,0.0553,0.0446,0.3339,0.3378,0.2053,0.1982,-0.27859999999999996,-0.2932,-0.468235294117647,-0.5046471600688469,-0.7158273381294963,-0.7667364016736403,0.028469824890679174,0.014610177879173514,0.19534926045818302,0.19507268927265564,0.0656142781860426,0.043212563486527245,climate,climate,climate,climate,-0.014000000000000012,-0.010700000000000001,0.0039000000000000146,-0.007100000000000023,-0.014600000000000057,-0.036411865951199884,-0.05090906354414404,-0.01385964701150566,-2.765711855273745e-4,-0.02240171469951535,TRUE,TRUE,TRUE,TRUE,TRUE,FALSE,FALSE,FALSE,FALSE,same_ranking,FALSE
329,North America,Cold_Without_dry_season_Warm_Summer,estimated,estimated,0.329,0.599,0.0146,0.2257,0.1711,0.2098,0.143,0.1634,-0.1565,0.015900000000000025,-0.4756838905775076,0.026544240400667822,-0.8427571351642433,0.036509758897818656,-0.07667638789010622,0.1935031809035087,-0.002980572278442839,0.11536485858085366,-0.021144371513987625,0.06062308955459128,climate,human,climate,human,0.26999999999999996,0.2111,0.038699999999999984,0.0204,0.17240000000000003,0.5022281309781754,0.879266894062062,0.27017956879361493,0.1183454308592965,0.0817674610685789,TRUE,TRUE,TRUE,TRUE,TRUE,FALSE,TRUE,TRUE,TRUE,ranking_reversal,TRUE
1548,North America,Cold_Without_dry_season_Warm_Summer,estimated,estimated,0.354,0.369,0.0402,0.1068,0.1999,0.16,0.1142,0.1019,-0.1597,-0.0532,-0.4511299435028249,-0.14417344173441735,-0.6651395251978344,-0.19940029985007493,0.0373036773196187,0.051684798131306664,0.10009240573032885,0.06033605786391305,-0.014242327436083446,0.0012793720985896373,climate,climate,climate,climate,0.015000000000000013,0.0666,-0.03989999999999999,-0.012299999999999991,0.10650000000000001,0.3069565017684076,0.46573922534775947,0.014381120811687964,-0.0397563478664158,0.015521699534673083,TRUE,TRUE,TRUE,TRUE,TRUE,FALSE,FALSE,FALSE,FALSE,same_ranking,FALSE
285,Oceania,Cold_Without_dry_season_Cold_Summer,estimated,estimated,0.138,0.147,0.0041,0.0429,0.03,0.0449,0.1038,0.0591,-0.0259,-0.0020000000000000018,-0.18768115942028984,-0.013605442176870762,-0.7595307917888563,-0.02277904328018225,-0.014035246118535571,-0.005053840918241126,-0.018641559585633072,-0.0017198899458860106,0.1192874934194793,0.016795429945581364,climate,climate,climate,climate,0.00899999999999998,0.0388,0.014900000000000004,-0.044700000000000004,0.023899999999999998,0.17407571724341908,0.7367517485086741,0.008981405200294446,0.01692166963974706,-0.10249206347389794,TRUE,TRUE,TRUE,TRUE,TRUE,FALSE,FALSE,FALSE,FALSE,same_ranking,FALSE
40914,North America,Cold_Without_dry_season_Warm_Summer,estimated,estimated,0.428,0.429,0.1046,0.0908,0.1469,0.1458,0.1767,0.1926,-0.042300000000000004,-0.05500000000000001,-0.09883177570093458,-0.12820512820512822,-0.16819085487077537,-0.23245984784446322,-0.03247434300727525,-0.03144868162532388,0.05847117356594311,0.06744220280178526,0.04844891165686882,0.09141829642455535,climate,climate,climate,climate,0.0010000000000000009,-0.013799999999999993,-0.0010999999999999899,0.015899999999999997,-0.012700000000000003,-0.029373352504193637,-0.06426899297368785,0.0010256613819513705,0.008971029235842143,0.042969384767686525,TRUE,TRUE,TRUE,TRUE,TRUE,FALSE,FALSE,FALSE,FALSE,same_ranking,FALSE
45395,Europe,Cold_Without_dry_season_Warm_Summer,missing_predictor_group,estimated,NA,0.58,NA,0.1062,NA,0.249,NA,0.2248,NA,-0.14279999999999998,NA,-0.24620689655172412,NA,-0.402027027027027,NA,-0.039985487483548576,NA,0.2790606027288822,NA,0.1822269403705783,NA,climate,NA,climate,NA,NA,NA,NA,NA,NA,NA,NA,NA,NA,TRUE,TRUE,FALSE,TRUE,FALSE,TRUE,FALSE,FALSE,FALSE,gained_estimability,TRUE
46630,North America,Temperate_Dry_Summer,estimated,estimated,0.367,0.396,0.1778,0.2016,-0.0436,-0.0477,0.2323,0.242,0.2214,0.2493,0.6032697547683924,0.6295454545454545,1,1,0.35774915108376537,0.38702909158128296,-0.02787632759874148,-0.03853257163553081,0.34677661867073173,0.36366708351467025,human,human,human,human,0.029000000000000026,0.023799999999999988,-0.0040999999999999995,0.009699999999999986,0.02789999999999998,0.026275699777062123,0,0.029279940497517587,-0.01065624403678933,0.016890464843938524,TRUE,TRUE,TRUE,TRUE,TRUE,FALSE,FALSE,FALSE,FALSE,same_ranking,FALSE
1694,Latin America,Temperate_Without_dry_season,estimated,estimated,-0.073,0.022,-0.0463,-0.0015,-0.0903,-0.0503,0.0633,0.0736,0.044000000000000004,0.048799999999999996,-0.6027397260273973,2.2181818181818183,NA,NA,-0.06984011978681615,0.02533091805355403,-0.19579406122212673,-0.07699939187779037,-0.03857905708859888,0.020780304172512865,human,human,NA,NA,0.095,0.0448,0.04000000000000001,0.010300000000000004,0.004799999999999992,2.8209215442092157,NA,0.09517103784037018,0.11879466934433636,0.05935936126111174,TRUE,TRUE,TRUE,TRUE,TRUE,FALSE,FALSE,FALSE,FALSE,same_ranking,FALSE
4549,Europe,Polar,estimated,estimated,0.107,0.104,0.0318,0.0657,0.0761,0.0424,-0.0012,-0.0036,-0.0443,0.023299999999999994,-0.41401869158878507,0.2240384615384615,-0.41056533827618164,0.215541165587419,-0.003377743934992572,-0.005560873779682729,0.04230612450996085,-0.041607313998989315,-0.016741541337790378,-0.038131957785902726,climate,human,climate,human,-0.0030000000000000027,0.03389999999999999,-0.0337,-0.0024000000000000002,0.0676,0.6380571531272465,0.6261065038636007,-0.002183129844690157,-0.08391343850895017,-0.021390416448112348,TRUE,TRUE,TRUE,TRUE,TRUE,FALSE,TRUE,TRUE,TRUE,ranking_reversal,TRUE
18100,Latin America,Tropical,missing_predictor_group,estimated,NA,0.27,NA,0.0825,NA,0.0971,NA,0.0899,NA,-0.014600000000000002,NA,-0.05407407407407408,NA,-0.08129175946547884,NA,0.1049655960508521,NA,0.06352523933066634,NA,0.03247858181284191,NA,climate,NA,climate,NA,NA,NA,NA,NA,NA,NA,NA,NA,NA,TRUE,TRUE,FALSE,TRUE,FALSE,TRUE,FALSE,FALSE,FALSE,gained_estimability,TRUE
15366,Latin America,Polar,estimated,estimated,0.465,0.493,0.0483,0.0644,0.2397,0.2581,0.177,0.1703,-0.1914,-0.19369999999999998,-0.4116129032258064,-0.3929006085192697,-0.6645833333333333,-0.6006201550387597,0.04043798890558081,0.0683431170232599,0.07164346897260265,0.12173138263270222,-0.016779215159208105,-0.016875432098282905,climate,climate,climate,climate,0.02799999999999997,0.016099999999999996,0.0184,-0.006699999999999984,-0.0022999999999999965,0.01871229470653668,0.06396317829457365,0.02790512811767909,0.05008791366009957,-9.621693907480022e-5,TRUE,TRUE,TRUE,TRUE,TRUE,FALSE,FALSE,FALSE,FALSE,same_ranking,FALSE
15203,North America,Cold_Without_dry_season_Warm_Summer,estimated,estimated,0.278,0.304,0.0144,0.0612,0.2398,0.2061,0.0241,0.0368,-0.22540000000000002,-0.1449,-0.8107913669064748,-0.4766447368421053,-0.8867033831628638,-0.5420875420875422,-0.03783177159172979,-0.012002290468457466,0.1521169435875216,0.03552674095739983,-0.017668052358423947,-0.04149898987603706,climate,climate,climate,climate,0.025999999999999968,0.046799999999999994,-0.03370000000000001,0.0127,0.08050000000000002,0.3341466300643695,0.3446158410753216,0.025829481123272324,-0.11659020263012176,-0.023830937517613116,TRUE,TRUE,TRUE,TRUE,TRUE,FALSE,FALSE,FALSE,FALSE,same_ranking,FALSE
15594,North America,Cold_Dry_Summer,estimated,estimated,0.542,0.392,0.3268,0.1779,0.1083,0.1165,0.107,0.0976,0.21849999999999997,0.061399999999999996,0.4031365313653136,0.15663265306122448,0.5021834061135371,0.20855978260869565,0.3041621416551472,0.15415150598709382,0.0507684003539538,0.09225422207877787,0.04922110036907745,0.05537583004918134,human,human,human,human,-0.15000000000000002,-0.14889999999999998,0.008200000000000013,-0.009399999999999992,-0.15709999999999996,-0.2465038783040891,-0.2936236235048414,-0.1500106356680534,0.04148582172482407,0.0061547296801038875,TRUE,TRUE,TRUE,TRUE,TRUE,FALSE,FALSE,FALSE,FALSE,same_ranking,FALSE
15724,North America,Cold_Without_dry_season_Cold_Summer,estimated,estimated,0.625,0.609,0.0128,0.0854,0.3404,0.3101,0.2721,0.2134,-0.3276,-0.22469999999999998,-0.52416,-0.36896551724137927,-0.9275198187995471,-0.568141592920354,0.02158269574985916,0.005188495656953562,0.1730462264875936,0.1861179150346568,0.11703452949948923,0.07311962516960979,climate,climate,climate,climate,-0.016000000000000014,0.0726,-0.030299999999999994,-0.0587,0.10290000000000002,0.1551944827586207,0.3593782258791931,-0.016394200092905598,0.013071688547063198,-0.043914904329879434,TRUE,TRUE,TRUE,TRUE,TRUE,FALSE,FALSE,FALSE,FALSE,same_ranking,FALSE
14923,North America,Arid,estimated,estimated,0.54,0.671,-0.036,0.1757,0.0424,0.0648,0.5338,0.4303,-0.0784,0.1109,-0.14518518518518517,0.1652757078986587,-1,0.46112266112266115,-0.01984538850045625,0.11077083975880087,0.03645555555378488,0.07299740870345295,0.5624050483335385,0.3471993945534956,climate,human,climate,human,0.131,0.2117,0.022399999999999996,-0.10350000000000004,0.1893,0.31046089308384384,1.461122661122661,0.13061622825925712,0.03654185314966807,-0.21520565378004297,TRUE,TRUE,TRUE,TRUE,TRUE,FALSE,TRUE,TRUE,TRUE,ranking_reversal,TRUE
17404,North America,Cold_Without_dry_season_Warm_Summer,estimated,estimated,0.647,0.636,0.2169,0.1756,0.2052,0.2251,0.2246,0.2357,0.011700000000000016,-0.04949999999999999,0.0180834621329212,-0.07783018867924527,0.027718550106609844,-0.12353381582231093,0.02626706775793597,0.01593967723080958,-0.021145191223117088,0.017746329445710973,0.01523430772660972,0.03657364617815384,human,climate,human,climate,-0.01100000000000001,-0.0413,0.0199,0.011099999999999999,-0.061200000000000004,-0.09591365081216646,-0.15125236592892077,-0.01032739052712639,0.03889152066882806,0.02133933845154412,TRUE,TRUE,TRUE,TRUE,TRUE,FALSE,TRUE,TRUE,TRUE,ranking_reversal,TRUE
16131,North America,Cold_Dry_Summer,estimated,estimated,-0.092,-0.05,0.069,-8e-4,-0.1539,-0.0842,-0.0074,0.0349,0.22290000000000001,0.0834,-2.422826086956522,-1.668,1,NA,-0.025874120674031165,0.016337956259059094,-0.311360876501658,-0.24269784296275576,-0.14992121900732114,-0.1359327077041227,human,human,human,NA,0.041999999999999996,-0.0698,0.06970000000000001,0.042300000000000004,-0.1395,0.7548260869565222,NA,0.04221207693309026,0.06866303353890224,0.013988511303198448,TRUE,TRUE,TRUE,TRUE,TRUE,FALSE,FALSE,FALSE,FALSE,same_ranking,FALSE
3471,North America,Polar,missing_predictor_group,estimated,NA,0.481,NA,-0.0069,NA,0.3337,NA,0.1545,NA,-0.3406,NA,-0.7081081081081082,NA,-1,NA,7.410003890087058e-4,NA,0.20005409469412483,NA,0.025137725834253888,NA,climate,NA,climate,NA,NA,NA,NA,NA,NA,NA,NA,NA,NA,TRUE,TRUE,FALSE,TRUE,FALSE,TRUE,FALSE,FALSE,FALSE,gained_estimability,TRUE
1631,Latin America,Polar,estimated,estimated,0.702,0.7,0.0447,0.0618,0.4008,0.3915,0.2564,0.2463,-0.35609999999999997,-0.3297,-0.5072649572649572,-0.47100000000000003,-0.7993265993265992,-0.7273328921244209,-0.0236635268467853,-0.026055990372968463,0.17476010619182858,0.17307716898491599,0.04845515584300408,0.045234617985659864,climate,climate,climate,climate,-0.0020000000000000018,0.017100000000000004,-0.009299999999999975,-0.010100000000000026,0.02639999999999998,0.03626495726495721,0.07199370720217835,-0.002392463526183164,-0.0016829372069125936,-0.003220537857344219,TRUE,TRUE,TRUE,TRUE,TRUE,FALSE,FALSE,FALSE,FALSE,same_ranking,FALSE
3130,North America,Cold_Without_dry_season_Warm_Summer,estimated,estimated,0.408,0.477,0.0844,0.128,0.1977,0.2021,0.1256,0.147,-0.11329999999999998,-0.0741,-0.2776960784313725,-0.15534591194968553,-0.40163062743707895,-0.22447743108149046,0.052315553968730444,0.12161768842900444,0.10410949280745574,0.11045793811012927,0.045776121010573934,0.08621730106640424,climate,climate,climate,climate,0.069,0.0436,0.004400000000000015,0.021400000000000002,0.039199999999999985,0.12235016648168698,0.1771531963555885,0.069302134460274,0.006348445302673533,0.040441180055830306,TRUE,TRUE,TRUE,TRUE,TRUE,FALSE,FALSE,FALSE,FALSE,same_ranking,FALSE
22791,Europe,Cold_Without_dry_season_Warm_Summer,estimated,estimated,0.461,0.192,0.1015,0.0156,0.237,0.1179,0.1226,0.0586,-0.13549999999999998,-0.1023,-0.2939262472885032,-0.5328125,-0.4002954209748891,-0.7662921348314606,0.24525743648111342,-0.023694785578393995,0.3165312905970701,0.013032896468811894,0.2300332749846934,0.03696970488068696,climate,climate,climate,climate,-0.269,-0.0859,-0.11909999999999998,-0.064,0.03319999999999998,-0.23888625271149683,-0.3659967138565715,-0.2689522220595074,-0.3034983941282582,-0.19306357010400643,TRUE,TRUE,TRUE,TRUE,TRUE,FALSE,FALSE,FALSE,FALSE,same_ranking,FALSE
4259,Europe,Cold_Without_dry_season_Cold_Summer,estimated,estimated,0.499,0.521,0.0557,0.0766,0.223,0.2279,0.2205,0.2162,-0.1673,-0.1513,-0.33527054108216436,-0.2904030710172744,-0.6002870470039469,-0.49688013136288994,-3.626298352665813e-4,0.021157115466167054,0.11712116887749702,0.1381360897334477,0.059199748969990584,0.06167270458839036,climate,climate,climate,climate,0.02200000000000002,0.020900000000000002,0.004899999999999988,-0.004299999999999998,0.016000000000000014,0.04486747006488995,0.10340691564105692,0.021519745301433635,0.02101492085595069,0.0024729556183997747,TRUE,TRUE,TRUE,TRUE,TRUE,FALSE,FALSE,FALSE,FALSE,same_ranking,FALSE
24863,Europe,Temperate_Without_dry_season,estimated,estimated,0.511,0.508,0.023,0.0611,0.2918,0.2838,0.1957,0.1636,-0.2688,-0.2227,-0.5260273972602739,-0.43838582677165355,-0.8538754764930113,-0.6456944041751232,0.04908090093718176,0.04707149527411281,0.1993202586606787,0.2098467662247928,0.13497757878890015,0.09733925946086619,climate,climate,climate,climate,-0.0030000000000000027,0.0381,-0.008000000000000007,-0.03210000000000002,0.046099999999999974,0.08764157048862037,0.20818107231788807,-0.0020094056630689527,0.010526507564114107,-0.037638319328033965,TRUE,TRUE,TRUE,TRUE,TRUE,FALSE,FALSE,FALSE,FALSE,same_ranking,FALSE
4425,Europe,Cold_Without_dry_season_Warm_Summer,estimated,estimated,0.318,0.319,0.0818,0.0892,0.2065,0.1991,0.0294,0.0309,-0.12469999999999999,-0.1099,-0.3921383647798742,-0.3445141065830721,-0.43253555324314946,-0.3812001387443635,-0.04935872362228022,-0.04789140761430366,0.01622756417061877,0.0010614196483257343,-0.0485661438859325,-0.045738878778403325,climate,climate,climate,climate,0.0010000000000000009,0.007400000000000004,-0.00739999999999999,0.0015000000000000013,0.014799999999999994,0.047624258196802105,0.05133541449878598,0.0014673160079765601,-0.015166144522293035,0.0028272651075291755,TRUE,TRUE,TRUE,TRUE,TRUE,FALSE,FALSE,FALSE,FALSE,same_ranking,FALSE
1633,North America,Cold_Without_dry_season_Hot_Summer,estimated,estimated,0.515,0.488,0.0266,0.0792,0.2062,0.1735,0.2818,0.2357,-0.17959999999999998,-0.09429999999999998,-0.3487378640776699,-0.19323770491803274,-0.7714776632302405,-0.373169766521567,-0.011625244676440216,-0.03778591672311904,-0.01706230487803717,-0.06094958476542678,0.08588748146853442,0.015180318661450642,climate,climate,climate,climate,-0.027000000000000024,0.05260000000000001,-0.03270000000000001,-0.0461,0.0853,0.15550015915963714,0.39830789670867345,-0.026160672046678823,-0.04388727988738961,-0.07070716280708378,TRUE,TRUE,TRUE,TRUE,TRUE,FALSE,FALSE,FALSE,FALSE,same_ranking,FALSE
15392,North America,Polar,missing_predictor_group,estimated,NA,0.548,NA,-0.0199,NA,0.4446,NA,0.1233,NA,-0.4645,NA,-0.8476277372262774,NA,-1,NA,0.005690114586706985,NA,0.3858217350228029,NA,0.03861234121537027,NA,climate,NA,climate,NA,NA,NA,NA,NA,NA,NA,NA,NA,NA,TRUE,TRUE,FALSE,TRUE,FALSE,TRUE,FALSE,FALSE,FALSE,gained_estimability,TRUE
22344,Europe,Cold_Without_dry_season_Warm_Summer,estimated,estimated,0.105,0.341,-0.0091,0.1871,0.0822,0.1237,0.0319,0.0303,-0.09129999999999999,0.06339999999999998,-0.8695238095238095,0.18592375366568908,-1,0.20398970398970395,-0.08661246064995931,0.1493670954678824,-0.028024940753609506,0.05502516968518001,-0.04525235828461338,-0.048587946699228834,climate,human,climate,human,0.23600000000000004,0.19619999999999999,0.04150000000000001,-0.0015999999999999973,0.15469999999999998,1.0554475631894986,1.2039897039897038,0.23597955611784172,0.08305011043878952,-0.0033355884146154535,TRUE,TRUE,TRUE,TRUE,TRUE,FALSE,TRUE,TRUE,TRUE,ranking_reversal,TRUE
1755,North America,Cold_Without_dry_season_Cold_Summer,estimated,estimated,0.65,0.651,0.0548,0.1041,0.3337,0.3046,0.2614,0.2422,-0.2789,-0.20049999999999998,-0.429076923076923,-0.30798771121351765,-0.7178893178893179,-0.4905798874480059,0.024329850849389323,0.025233157704158238,0.24961875800453137,0.2111618803904174,0.18922027223907478,0.17071685660734826,climate,climate,climate,climate,0.0010000000000000009,0.0493,-0.029100000000000015,-0.019200000000000023,0.0784,0.12108921186340538,0.22730943044131197,9.033068547689149e-4,-0.03845687761411398,-0.018503415631726527,TRUE,TRUE,TRUE,TRUE,TRUE,FALSE,FALSE,FALSE,FALSE,same_ranking,FALSE
45281,Europe,Cold_Without_dry_season_Cold_Summer,estimated,estimated,0.296,0.215,-0.0229,0.0223,0.1822,0.1073,0.137,0.0857,-0.2051,-0.085,-0.6929054054054055,-0.39534883720930236,-1,-0.6558641975308643,0.04821592575231948,-0.03291560792880521,0.14976889601001897,-0.0012923614525289784,0.0878198248838471,-0.016171203984992055,climate,climate,climate,climate,-0.08099999999999999,0.045200000000000004,-0.0749,-0.05130000000000001,0.1201,0.2975565681961031,0.34413580246913567,-0.08113153368112469,-0.15106125746254795,-0.10399102886883915,TRUE,TRUE,TRUE,TRUE,TRUE,FALSE,FALSE,FALSE,FALSE,same_ranking,FALSE
2352,North America,Cold_Without_dry_season_Cold_Summer,estimated,estimated,0.739,0.674,0.1204,0.0469,0.3933,0.3805,0.2249,0.2463,-0.2729,-0.3336,-0.3692828146143437,-0.4949554896142433,-0.5312439166828888,-0.7805334581188582,0.05043242780844248,-0.014489874432537908,0.17366199284791817,0.11680068341858996,0.02855055715797472,0.04007677018654887,climate,climate,climate,climate,-0.06499999999999995,-0.0735,-0.012799999999999978,0.021400000000000002,-0.06070000000000003,-0.1256726749998996,-0.24928954143596938,-0.06492230224098039,-0.05686130942932821,0.01152621302857415,TRUE,TRUE,TRUE,TRUE,TRUE,FALSE,FALSE,FALSE,FALSE,same_ranking,FALSE
32426,Oceania,Temperate_Without_dry_season,estimated,estimated,0.477,0.586,0.0333,0.0829,0.3316,0.3606,0.1125,0.1424,-0.2983,-0.27769999999999995,-0.6253668763102725,-0.4738907849829351,-0.817484242258153,-0.6261555806087935,0.04602436017001721,0.15444697704789767,0.2217334225616585,0.3137050032292592,0.004739478013772169,0.09876768025079963,climate,climate,climate,climate,0.10899999999999999,0.0496,0.02899999999999997,0.029899999999999996,0.020600000000000063,0.15147609132733747,0.19132866164935947,0.10842261687788046,0.0919715806676007,0.09402820223702746,TRUE,TRUE,TRUE,TRUE,TRUE,FALSE,FALSE,FALSE,FALSE,same_ranking,FALSE
4393,Europe,Cold_Without_dry_season_Cold_Summer,estimated,estimated,0.354,0.312,0.1237,0.0044,0.0753,0.1334,0.1547,0.1742,0.0484,-0.129,0.1367231638418079,-0.4134615384615385,0.24321608040201004,-0.9361393323657476,0.022075985328387393,-0.019674759469196168,-0.024140654381262894,0.10945317322463255,0.10769415764292689,0.16410860567068297,human,climate,human,climate,-0.04199999999999998,-0.1193,0.058099999999999985,0.01949999999999999,-0.1774,-0.5501847023033464,-1.1793554127677577,-0.04175074479758356,0.13359382760589544,0.05641444802775608,TRUE,TRUE,TRUE,TRUE,TRUE,FALSE,TRUE,TRUE,TRUE,ranking_reversal,TRUE
22788,Europe,Cold_Without_dry_season_Warm_Summer,estimated,estimated,0.034,0.028,-0.0834,-0.0715,-0.162,-0.1592,0.2796,0.2584,0.0786,0.08770000000000001,2.3117647058823527,3.1321428571428576,NA,NA,-0.10185296304181557,-0.10843932442276583,-0.2097230391126671,-0.23619158130292384,0.2670124069266051,0.19236035121306216,human,human,NA,NA,-0.006000000000000002,0.011900000000000008,0.002799999999999997,-0.021199999999999997,0.00910000000000001,0.8203781512605048,NA,-0.006586361380950256,-0.02646854219025674,-0.07465205571354294,TRUE,TRUE,TRUE,TRUE,TRUE,FALSE,FALSE,FALSE,FALSE,same_ranking,FALSE
4421,Europe,Temperate_Without_dry_season,estimated,estimated,0.429,0.359,0.1157,0.0926,0.0804,0.083,0.2332,0.1834,0.0353,0.009599999999999997,0.08228438228438228,0.026740947075208906,0.1800101988781234,0.05466970387243734,0.02974289601560931,-0.04034941761948618,0.06978890069821364,0.06235550329488582,0.2242931974731046,0.11206254015061945,human,human,human,human,-0.07,-0.023099999999999996,0.002600000000000005,-0.04979999999999998,-0.0257,-0.055543435209173375,-0.12534049500568606,-0.0700923136350955,-0.007433397403327824,-0.11223065732248516,TRUE,TRUE,TRUE,TRUE,TRUE,FALSE,FALSE,FALSE,FALSE,same_ranking,FALSE
22960,Europe,Polar,estimated,estimated,0.532,0.533,0.0195,0.0139,0.3118,0.3249,0.2007,0.1939,-0.2923,-0.311,-0.5494360902255638,-0.5834896810506566,-0.8822819197102323,-0.9179456906729633,0.041466370147393294,0.042105708142570974,0.28372497904272576,0.29835555995646046,0.18246994251081405,0.15728269629168767,climate,climate,climate,climate,0.0010000000000000009,-0.005600000000000001,0.0131,-0.0068000000000000005,-0.018699999999999994,-0.03405359082509274,-0.03566377096273099,6.393379951776801e-4,0.014630580913734703,-0.02518724621912638,TRUE,TRUE,TRUE,TRUE,TRUE,FALSE,FALSE,FALSE,FALSE,same_ranking,FALSE
4377,Europe,Cold_Without_dry_season_Warm_Summer,estimated,estimated,0.39,0.469,0.0324,0.0103,0.0972,0.1654,0.2601,0.2935,-0.0648,-0.1551,-0.16615384615384615,-0.3307036247334755,-0.5,-0.8827546955036994,-0.01082196179571071,0.06868525513938972,-0.07349806868943254,0.09893876567120807,0.15059673901953163,0.25339249645415607,climate,climate,climate,climate,0.07899999999999996,-0.022099999999999998,0.0682,0.033399999999999985,-0.09029999999999999,-0.16454977857962932,-0.38275469550369945,0.07950721693510043,0.1724368343606406,0.10279575743462444,TRUE,TRUE,TRUE,TRUE,TRUE,FALSE,FALSE,FALSE,FALSE,same_ranking,FALSE
3048,North America,Cold_Without_dry_season_Cold_Summer,estimated,estimated,0.382,0.236,0.0076,0.0286,0.0777,0.0045,0.297,0.2031,-0.07010000000000001,0.0241,-0.18350785340314138,0.10211864406779661,-0.8218053927315359,0.7280966767371602,0.06153768501776413,-0.08453410134629058,0.0483916823946996,-0.05529327279977392,0.2632146548735612,0.11814535830054174,climate,human,climate,human,-0.14600000000000002,0.021,-0.0732,-0.09389999999999998,0.0942,0.285626497470938,1.549902069468696,-0.1460717863640547,-0.10368495519447352,-0.14506929657301948,TRUE,TRUE,TRUE,TRUE,TRUE,FALSE,TRUE,TRUE,TRUE,ranking_reversal,TRUE
857,North America,Cold_Without_dry_season_Warm_Summer,estimated,estimated,0.56,0.441,0.0989,0.0751,0.2891,0.2556,0.1719,0.1104,-0.19020000000000004,-0.1805,-0.3396428571428572,-0.409297052154195,-0.4902061855670104,-0.5458119141215603,0.07688312201499758,-0.04196801637291292,0.18222847436030742,0.1265466347294507,0.06957840375767077,-0.04205060099245461,climate,climate,climate,climate,-0.11900000000000005,-0.0238,-0.03350000000000003,-0.0615,0.009700000000000042,-0.0696541950113378,-0.05560572855454987,-0.1188511383879105,-0.05568183963085671,-0.11162900475012538,TRUE,TRUE,TRUE,TRUE,TRUE,FALSE,FALSE,FALSE,FALSE,same_ranking,FALSE
699,North America,Temperate_Without_dry_season,estimated,estimated,0.171,0.438,-0.0604,0.1555,0.1325,0.1193,0.0988,0.1632,-0.19290000000000002,0.036199999999999996,-1.1280701754385964,0.082648401826484,-1,0.13173216885007277,-0.09793086125334882,0.16917230889707702,0.06902156907070178,0.04745362625680227,0.050968775432837954,0.18459557558636253,climate,human,climate,human,0.267,0.2159,-0.013200000000000003,0.06440000000000001,0.22910000000000003,1.2107185772650804,1.1317321688500728,0.26710317015042584,-0.02156794281389951,0.13362680015352457,TRUE,TRUE,TRUE,TRUE,TRUE,FALSE,TRUE,TRUE,TRUE,ranking_reversal,TRUE
1621,Latin America,Tropical,estimated,estimated,0.48,0.57,0.0676,0.0394,0.2197,0.303,0.1924,0.228,-0.1521,-0.2636,-0.316875,-0.46245614035087723,-0.5294117647058824,-0.7698598130841122,-0.013866270108932821,0.07683719401843614,0.07161955876299231,0.21024062884401573,0.07358042577157475,0.11664145150978322,climate,climate,climate,climate,0.08999999999999997,-0.028199999999999996,0.08329999999999999,0.03560000000000002,-0.11149999999999999,-0.14558114035087721,-0.24044804837822986,0.09070346412736896,0.13862107008102342,0.04306102573820847,TRUE,TRUE,TRUE,TRUE,TRUE,FALSE,FALSE,FALSE,FALSE,same_ranking,FALSE
20833,North America,Cold_Without_dry_season_Warm_Summer,estimated,estimated,0.326,0.363,0.0576,0.0773,0.1133,0.1215,0.1553,0.1641,-0.0557,-0.0442,-0.17085889570552146,-0.12176308539944905,-0.3259215915740199,-0.2223340040241449,-0.03859870110444019,-0.0019225386334004169,-0.07212413682482,-0.049180180753712666,-0.010826265373292454,0.013264692658954469,climate,climate,climate,climate,0.03699999999999998,0.019699999999999995,0.008199999999999999,0.008800000000000002,0.011499999999999996,0.04909581030607241,0.10358758754987499,0.036676162471039775,0.02294395607110733,0.024090958032246923,TRUE,TRUE,TRUE,TRUE,TRUE,FALSE,FALSE,FALSE,FALSE,same_ranking,FALSE
15904,North America,Cold_Without_dry_season_Warm_Summer,estimated,estimated,0.091,0.147,-0.0164,0.0734,0.0058,0.0099,0.1013,0.064,-0.0222,0.0635,-0.24395604395604398,0.4319727891156463,-1,0.7623049219687874,-0.09453205194035663,-0.03791620009341923,-0.06306472973865718,-0.08787250634209809,0.04615125389348895,-0.06144872317146044,climate,human,climate,human,0.055999999999999994,0.0898,0.004100000000000001,-0.0373,0.0857,0.6759288330716903,1.7623049219687874,0.056615851846937404,-0.024807776603440912,-0.10759997706494939,TRUE,TRUE,TRUE,TRUE,TRUE,FALSE,TRUE,TRUE,TRUE,ranking_reversal,TRUE
2049,North America,Cold_Without_dry_season_Cold_Summer,estimated,estimated,0.52,0.555,0.0781,0.1228,0.2388,0.2138,0.2026,0.2182,-0.1607,-0.09099999999999998,-0.30903846153846154,-0.16396396396396393,-0.5071000315556958,-0.2703505644682115,0.024746197628727207,0.05998240678903566,0.14051962573300736,0.07102316999146863,0.1077922915277949,0.11935281159948097,climate,climate,climate,climate,0.03500000000000003,0.044700000000000004,-0.025000000000000022,0.015600000000000003,0.06970000000000003,0.1450744975744976,0.23674946708748434,0.03523620916030845,-0.06949645574153873,0.011560520071686065,TRUE,TRUE,TRUE,TRUE,TRUE,FALSE,FALSE,FALSE,FALSE,same_ranking,FALSE
324,North America,Cold_Without_dry_season_Warm_Summer,estimated,estimated,0.487,0.539,0.1722,0.1554,0.1999,0.2488,0.1146,0.135,-0.027700000000000002,-0.09339999999999998,-0.05687885010266941,-0.17328385899814466,-0.07444235420585865,-0.23107372587827804,0.23602936909374173,0.2884774001464656,0.2832737349523464,0.38763832986636393,0.2548335109471008,0.3021576834331501,climate,climate,climate,climate,0.052000000000000046,-0.01679999999999998,0.0489,0.020400000000000015,-0.06569999999999998,-0.11640500889547525,-0.1566313716724194,0.05244803105272389,0.1043645949140175,0.047324172486049254,TRUE,TRUE,TRUE,TRUE,TRUE,FALSE,FALSE,FALSE,FALSE,same_ranking,FALSE
40111,North America,Temperate_Without_dry_season,estimated,estimated,0.573,0.559,0.089,0.1636,0.1767,0.1818,0.3075,0.2141,-0.0877,-0.018199999999999994,-0.1530541012216405,-0.03255813953488371,-0.3300715092209259,-0.05269253039953675,0.08787515935220158,0.07408883730820426,0.22281687799317484,0.193625218032065,0.3619018784347353,0.13593879223618843,climate,climate,climate,climate,-0.013999999999999901,0.0746,0.005099999999999993,-0.09339999999999998,0.0695,0.1204959616867568,0.2773789788213891,-0.013786322043997323,-0.02919165996110984,-0.22596308619854688,TRUE,TRUE,TRUE,TRUE,TRUE,FALSE,FALSE,FALSE,FALSE,same_ranking,FALSE
2381,North America,Cold_Without_dry_season_Cold_Summer,estimated,estimated,0.242,0.338,0.0106,0.0599,0.15,0.1935,0.0816,0.085,-0.1394,-0.1336,-0.5760330578512397,-0.39526627218934907,-0.8679950186799502,-0.5272296764009471,-0.04915245211421193,0.0470575388098482,0.021453983995531112,0.10305309447504474,-0.01982079197217046,-0.01824272436772989,climate,climate,climate,climate,0.09600000000000003,0.049300000000000004,0.04350000000000001,0.0034000000000000002,0.0058,0.18076678566189064,0.3407653422790031,0.09620999092406013,0.08159911047951363,0.0015780676044405695,TRUE,TRUE,TRUE,TRUE,TRUE,FALSE,FALSE,FALSE,FALSE,same_ranking,FALSE
17385,North America,Cold_Without_dry_season_Cold_Summer,estimated,estimated,0.457,0.558,0.0071,0.0851,0.2397,0.2526,0.21,0.2203,-0.2326,-0.16749999999999998,-0.5089715536105033,-0.30017921146953397,-0.9424635332252836,-0.4960023689665383,-0.028874917660396404,0.07240580538929997,0.0031692967094135716,0.04430727423014447,-0.0266743010519781,0.00935679987696214,climate,climate,climate,climate,0.10100000000000003,0.078,0.012899999999999995,0.010300000000000004,0.06510000000000002,0.2087923421409693,0.4464611642587453,0.10128072304969638,0.041137977520730895,0.03603110092894024,TRUE,TRUE,TRUE,TRUE,TRUE,FALSE,FALSE,FALSE,FALSE,same_ranking,FALSE
1769,North America,Cold_Without_dry_season_Cold_Summer,estimated,estimated,0.739,0.719,0.1121,0.1299,0.2613,0.2396,0.3659,0.3491,-0.14919999999999997,-0.10970000000000002,-0.20189445196211092,-0.15257301808066762,-0.399571505088377,-0.29688768606224636,0.07045472240531492,0.04962056638933321,0.12317168436873671,0.092095216882772,0.2198474749313214,0.19851220722770435,climate,climate,climate,climate,-0.020000000000000018,0.017799999999999983,-0.02169999999999997,-0.01679999999999998,0.03949999999999995,0.049321433881443305,0.10268381902613066,-0.02083415601598171,-0.03107646748596471,-0.021335267703617045,TRUE,TRUE,TRUE,TRUE,TRUE,FALSE,FALSE,FALSE,FALSE,same_ranking,FALSE
1142,North America,Cold_Without_dry_season_Cold_Summer,missing_predictor_group,estimated,NA,0.496,NA,0.0761,NA,0.1411,NA,0.2793,NA,-0.065,NA,-0.1310483870967742,NA,-0.2992633517495396,NA,-0.02406455311697253,NA,0.021746040511924525,NA,0.09300853360587369,NA,climate,NA,climate,NA,NA,NA,NA,NA,NA,NA,NA,NA,NA,TRUE,TRUE,FALSE,TRUE,FALSE,TRUE,FALSE,FALSE,FALSE,gained_estimability,TRUE
796,North America,Cold_Without_dry_season_Cold_Summer,estimated,estimated,0.279,0.279,0.2089,0.1939,0.0228,0.0237,0.047,0.0617,0.1861,0.1702,0.6670250896057347,0.6100358422939067,0.8031937850668968,0.7821691176470589,0.2287246342227669,0.2292712990013107,-0.04683876972526768,-0.07375872041776044,-0.01759170396756915,-0.01679175240082409,human,human,human,human,0,-0.015000000000000013,8.99999999999998e-4,0.014699999999999998,-0.015899999999999997,-0.05698924731182797,-0.021024667419837884,5.46664778543815e-4,-0.026919950692492756,7.999515667450607e-4,TRUE,TRUE,TRUE,TRUE,TRUE,FALSE,FALSE,FALSE,FALSE,same_ranking,FALSE
510,North America,Cold_Without_dry_season_Warm_Summer,estimated,estimated,0.555,0.62,0.092,0.2088,0.2116,0.2212,0.2518,0.1902,-0.11960000000000001,-0.012399999999999994,-0.2154954954954955,-0.01999999999999999,-0.393939393939394,-0.028837209302325566,-0.00460453233963265,0.06021829966078174,0.011382414570035304,0.08265939017226964,0.058913619481802515,-0.012142878677191438,climate,climate,climate,climate,0.06499999999999995,0.11680000000000001,0.009599999999999997,-0.061600000000000016,0.10720000000000002,0.1954954954954955,0.3651021846370684,0.06482283200041439,0.07127697560223434,-0.07105649815899395,TRUE,TRUE,TRUE,TRUE,TRUE,FALSE,FALSE,FALSE,FALSE,same_ranking,FALSE
22942,Europe,Cold_Without_dry_season_Warm_Summer,estimated,estimated,0.668,0.589,0.1154,0.0485,0.2136,0.1815,0.3386,0.359,-0.09820000000000001,-0.133,-0.1470059880239521,-0.22580645161290325,-0.2984802431610942,-0.5782608695652175,0.08652653566530111,0.0077947520075345444,0.15378601735474418,0.12868864738398222,0.2446589951764757,0.3245791505149975,climate,climate,climate,climate,-0.07900000000000007,-0.0669,-0.03210000000000002,0.020399999999999974,-0.0348,-0.07880046358895115,-0.27978062640412327,-0.07873178365776656,-0.02509736997076195,0.07992015533852181,TRUE,TRUE,TRUE,TRUE,TRUE,FALSE,FALSE,FALSE,FALSE,same_ranking,FALSE
16133,North America,Arid,estimated,estimated,0.011,-0.03,0.1054,0.0547,-0.1016,-0.1047,0.0075,0.0202,0.207,0.1594,18.818181818181817,-5.3133333333333335,1,1,0.08090469200438899,0.039745636727014366,-0.14607189593245473,-0.1871881544394478,-0.044230667822418024,-0.053988334058386656,human,human,human,human,-0.040999999999999995,-0.050699999999999995,-0.0031000000000000055,0.0127,-0.0476,-24.13151515151515,0,-0.04115905527737462,-0.041116258506993075,-0.009757666235968632,TRUE,TRUE,TRUE,TRUE,TRUE,FALSE,FALSE,FALSE,FALSE,same_ranking,FALSE
44896,Europe,Temperate_Without_dry_season,estimated,estimated,0.493,0.5,0.0074,0.0098,0.2748,0.2707,0.2105,0.219,-0.26739999999999997,-0.2609,-0.5423935091277889,-0.5218,-0.9475549255846916,-0.9301247771836009,-0.047697087783187264,-0.040772715348152966,0.3357873260962174,0.3339706735576683,0.2364266244965848,0.2597549189554972,climate,climate,climate,climate,0.007000000000000006,0.0023999999999999994,-0.0040999999999999925,0.008500000000000008,0.00649999999999995,0.0205935091277889,0.017430148401090695,0.006924372435034298,-0.001816652538549124,0.02332829445891238,TRUE,TRUE,TRUE,TRUE,TRUE,FALSE,FALSE,FALSE,FALSE,same_ranking,FALSE
14941,Oceania,Polar,missing_predictor_group,missing_predictor_group,NA,NA,NA,NA,NA,NA,NA,NA,NA,NA,NA,NA,NA,NA,NA,NA,NA,NA,NA,NA,NA,NA,NA,NA,NA,NA,NA,NA,NA,NA,NA,NA,NA,NA,TRUE,TRUE,FALSE,FALSE,FALSE,FALSE,FALSE,FALSE,FALSE,not_estimable_at_either_radius,FALSE
16219,Europe,Temperate_Without_dry_season,estimated,estimated,0.73,0.703,0.1135,0.1018,0.2532,0.2393,0.363,0.3615,-0.1397,-0.1375,-0.19136986301369863,-0.19559032716927457,-0.3809653667848377,-0.40310759308120786,-0.0017854195824889008,-0.02890717138752963,0.32530080792649196,0.30850569307770515,0.3300498124671808,0.3379606347383358,climate,climate,climate,climate,-0.027000000000000024,-0.011700000000000002,-0.013899999999999968,-0.0015000000000000013,0.0021999999999999797,-0.004220464155575948,-0.022142226296370138,-0.027121751805040728,-0.01679511484878682,0.007910822271155027,TRUE,TRUE,TRUE,TRUE,TRUE,FALSE,FALSE,FALSE,FALSE,same_ranking,FALSE
24952,Europe,Temperate_Without_dry_season,estimated,estimated,0.368,0.354,0.0237,0.0318,0.1613,0.1558,0.183,0.166,-0.1376,-0.124,-0.3739130434782609,-0.3502824858757062,-0.7437837837837838,-0.6609808102345416,-0.035982704428845325,-0.050406486053597654,0.06452023553335029,0.03870401810596602,0.06637051613732659,0.01757197362350782,climate,climate,climate,climate,-0.014000000000000012,0.008100000000000003,-0.005500000000000005,-0.016999999999999987,0.013600000000000001,0.02363055760255467,0.08280297354924226,-0.01442378162475233,-0.02581621742738427,-0.048798542513818766,TRUE,TRUE,TRUE,TRUE,TRUE,FALSE,FALSE,FALSE,FALSE,same_ranking,FALSE
41909,Europe,Temperate_Dry_Summer,estimated,estimated,0.512,0.525,0.0741,0.0929,0.1673,0.1517,0.2707,0.2806,-0.0932,-0.058800000000000005,-0.18203125,-0.112,-0.3860811930405965,-0.24039247751430912,0.055660612170109536,0.06876933188018286,0.09015324302594219,0.06366118089926653,0.15822120111921223,0.1827388429090916,climate,climate,climate,climate,0.013000000000000012,0.018799999999999997,-0.015600000000000003,0.00990000000000002,0.0344,0.07003125,0.1456887155262874,0.013108719710073324,-0.026492062126675653,0.024517641789879363,TRUE,TRUE,TRUE,TRUE,TRUE,FALSE,FALSE,FALSE,FALSE,same_ranking,FALSE
1762,North America,Cold_Without_dry_season_Cold_Summer,estimated,estimated,0.364,0.309,0.0558,0.0252,0.1364,0.1415,0.1713,0.1425,-0.08059999999999999,-0.11629999999999999,-0.22142857142857142,-0.3763754045307443,-0.41935483870967744,-0.6976604679064187,0.04134086440525686,-0.012983833926152988,3.695719057669189e-4,0.027383565379165975,0.13044844805525457,0.08967740711061856,climate,climate,climate,climate,-0.05499999999999999,-0.030600000000000002,0.005099999999999993,-0.02880000000000002,-0.035699999999999996,-0.1549468331021729,-0.27830562919674123,-0.05432469833140985,0.027013993473399056,-0.04077104094463602,TRUE,TRUE,TRUE,TRUE,TRUE,FALSE,FALSE,FALSE,FALSE,same_ranking,FALSE
1639,North America,Cold_Without_dry_season_Warm_Summer,estimated,estimated,0.734,0.673,0.0884,0.1388,0.3102,0.2577,0.3354,0.2769,-0.22179999999999997,-0.11889999999999998,-0.30217983651226155,-0.1766716196136701,-0.5564475664826894,-0.299873896595208,0.027491860336418372,-0.03303389263049694,-6.39523110986584e-4,-0.032442353775945953,0.03818932106932438,-0.005672073398496846,climate,climate,climate,climate,-0.06099999999999994,0.0504,-0.05249999999999999,-0.058499999999999996,0.10289999999999999,0.12550821689859146,0.2565736698874814,-0.060525752966915314,-0.03180283066495937,-0.043861394467821224,TRUE,TRUE,TRUE,TRUE,TRUE,FALSE,FALSE,FALSE,FALSE,same_ranking,FALSE
4473,Europe,Cold_Without_dry_season_Warm_Summer,estimated,estimated,0.422,0.4,0.0163,0.0051,0.084,0.0908,0.322,0.3042,-0.06770000000000001,-0.0857,-0.1604265402843602,-0.21425,-0.6749750747756731,-0.8936392075078206,0.053741661798927254,0.03163559304300734,0.020733228232655554,0.013324882995741527,0.26489590707530386,0.2084008615766032,climate,climate,climate,climate,-0.021999999999999964,-0.011199999999999998,0.0068000000000000005,-0.017799999999999983,-0.017999999999999988,-0.05382345971563979,-0.21866413273214746,-0.022106068755919916,-0.007408345236914027,-0.05649504549870066,TRUE,TRUE,TRUE,TRUE,TRUE,FALSE,FALSE,FALSE,FALSE,same_ranking,FALSE
15955,Latin America,Polar,estimated,estimated,0.28,0.186,0.0818,0.0475,0.0388,0.0412,0.1591,0.0969,0.043,0.0063,0.15357142857142855,0.03387096774193549,0.35655058043117743,0.07102593010146561,0.06277441341369328,-0.03136123393955381,0.026711807730971815,0.03834084504784874,0.13040116704751026,0.01286049848388815,human,human,human,human,-0.09400000000000003,-0.0343,0.0023999999999999994,-0.06219999999999999,-0.036699999999999997,-0.11970046082949307,-0.2855246503297118,-0.09413564735324709,0.011629037316876922,-0.11754066856362211,TRUE,TRUE,TRUE,TRUE,TRUE,FALSE,FALSE,FALSE,FALSE,same_ranking,FALSE
1661,North America,Cold_Without_dry_season_Hot_Summer,estimated,estimated,0.604,0.594,0.0703,0.0733,0.4554,0.4424,0.0782,0.0781,-0.3851,-0.3691,-0.6375827814569537,-0.6213804713804714,-0.7325470800836978,-0.7157261974015899,-0.013947971606243614,-0.024062871811026287,0.37344997063124286,0.3209845414860296,0.005464050404262566,-0.02127089540764826,climate,climate,climate,climate,-0.010000000000000009,0.0030000000000000027,-0.013000000000000012,-1.0000000000000286e-4,0.016000000000000014,0.016202310076482318,0.016820882682107907,-0.010114900204782673,-0.05246542914521324,-0.026734945811910826,TRUE,TRUE,TRUE,TRUE,TRUE,FALSE,FALSE,FALSE,FALSE,same_ranking,FALSE
48769,Europe,Temperate_Without_dry_season,estimated,estimated,0.53,0.497,0.1666,0.1572,0.1508,0.1505,0.2122,0.1894,0.01580000000000001,0.0067000000000000115,0.029811320754716996,0.01348088531187125,0.04977945809703846,0.021774455638609073,0.10605733727512623,0.07342320274644698,0.15798768407501873,0.11228157335434219,0.29468897332093047,0.20392498326873765,human,human,human,human,-0.03300000000000003,-0.009399999999999992,-2.999999999999947e-4,-0.022799999999999987,-0.009099999999999997,-0.016330435442845743,-0.028005002458429386,-0.03263413452867925,-0.04570611072067654,-0.09076399005219282,TRUE,TRUE,TRUE,TRUE,TRUE,FALSE,FALSE,FALSE,FALSE,same_ranking,FALSE
22407,North America,Cold_Dry_Summer,estimated,estimated,0.118,0.107,-0.0019,0.0167,0.0427,0.0142,0.077,0.0765,-0.0446,0.0024999999999999988,-0.3779661016949153,0.0233644859813084,-1,0.08090614886731387,-0.01163461307961211,-0.022113591861164683,-0.008842877713710506,-0.07505033135771666,-0.0031778261913029127,-0.013234098132429928,climate,human,climate,human,-0.010999999999999996,0.0186,-0.0285,-5.000000000000004e-4,0.0471,0.4013305876762237,1.080906148867314,-0.010478978781552573,-0.06620745364400615,-0.010056271941127015,TRUE,TRUE,TRUE,TRUE,TRUE,FALSE,TRUE,TRUE,TRUE,ranking_reversal,TRUE
24032,Europe,Cold_Without_dry_season_Warm_Summer,estimated,estimated,0.38,0.416,-0.0273,0.05,0.1825,0.1611,0.2249,0.2051,-0.2098,-0.11109999999999999,-0.5521052631578947,-0.2670673076923077,-1,-0.526290857413548,-0.030671376496745673,0.005516930215360483,-0.09331851176210593,-0.08797608364463227,-0.041629574447079376,-0.032970975418265214,climate,climate,climate,climate,0.035999999999999976,0.07730000000000001,-0.021400000000000002,-0.019799999999999984,0.0987,0.28503795546558697,0.473709142586452,0.036188306712106155,0.005342428117473652,0.008658599028814162,TRUE,TRUE,TRUE,TRUE,TRUE,FALSE,FALSE,FALSE,FALSE,same_ranking,FALSE
40642,Europe,Cold_Without_dry_season_Cold_Summer,estimated,estimated,0.03,-0.035,0.0037,-0.0425,-0.0301,-0.0441,0.0568,0.052,0.0338,0.0015999999999999973,1.1266666666666667,-0.04571428571428563,1,NA,-0.0064388797363647,-0.07140171169299525,-0.10760426953062852,-0.15400746731587567,-0.009035384037677563,-0.036771829419214974,human,human,human,NA,-0.065,-0.046200000000000005,-0.014000000000000002,-0.004800000000000006,-0.0322,-1.1723809523809523,NA,-0.06496283195663055,-0.04640319778524715,-0.02773644538153741,TRUE,TRUE,TRUE,TRUE,TRUE,FALSE,FALSE,FALSE,FALSE,same_ranking,FALSE
41589,Europe,Polar,estimated,estimated,0.345,0.33,0.0601,0.0411,0.1266,0.1233,0.1582,0.1651,-0.06649999999999999,-0.08220000000000001,-0.19275362318840578,-0.2490909090909091,-0.35618639528655593,-0.5000000000000001,0.15825020782064558,0.14288876944681406,0.08452053250814728,0.07685673607878674,0.0829461858695989,0.09570097766639485,climate,climate,climate,climate,-0.014999999999999958,-0.019000000000000003,-0.0032999999999999835,0.0068999999999999895,-0.01570000000000002,-0.05633728590250334,-0.14381360471344418,-0.015361438373831526,-0.007663796429360548,0.01275479179679595,TRUE,TRUE,TRUE,TRUE,TRUE,FALSE,FALSE,FALSE,FALSE,same_ranking,FALSE
40958,Europe,Cold_Without_dry_season_Warm_Summer,estimated,estimated,0.154,0.156,0.0623,0.0726,-0.0404,-0.0394,0.1324,0.1223,0.1027,0.11199999999999999,0.6668831168831169,0.7179487179487178,1,1,-0.027006312215310024,-0.025789501168826945,-0.1091064172694668,-0.12571183561257293,0.027428100684106838,-0.011348795492712394,human,human,human,human,0.0020000000000000018,0.010299999999999997,0.0010000000000000009,-0.010099999999999984,0.009299999999999989,0.051065601065600985,0,0.0012168110464830795,-0.016605418343106138,-0.03877689617681923,TRUE,TRUE,TRUE,TRUE,TRUE,FALSE,FALSE,FALSE,FALSE,same_ranking,FALSE
2654,North America,Cold_Without_dry_season_Warm_Summer,estimated,estimated,0.347,0.382,0.0074,0.064,0.1846,0.1891,0.1548,0.1293,-0.1772,-0.1251,-0.5106628242074929,-0.32748691099476435,-0.9229166666666667,-0.4942710391149743,-0.038823827653411525,-0.00324100959299245,-0.06201815751494821,0.024809672294353047,-0.05436851964936218,-0.02738857488386992,climate,climate,climate,climate,0.03500000000000003,0.0566,0.004500000000000004,-0.025499999999999995,0.05210000000000001,0.18317591321272853,0.42864562755169244,0.035582818060419075,0.08682782980930126,0.02697994476549226,TRUE,TRUE,TRUE,TRUE,TRUE,FALSE,FALSE,FALSE,FALSE,same_ranking,FALSE
1160,North America,Temperate_Without_dry_season,estimated,estimated,0.24,0.248,0.0388,0.0194,0.1198,0.102,0.0814,0.1265,-0.081,-0.08259999999999999,-0.3375,-0.3330645161290322,-0.510718789407314,-0.6803953871499177,-0.06793181560146233,-0.060059277904518704,-0.051201315883438236,-0.1395864568767653,-0.09971988206509297,-0.06243756954294455,climate,climate,climate,climate,0.008000000000000007,-0.0194,-0.01780000000000001,0.0451,-0.0015999999999999903,0.004435483870967816,-0.16967659774260369,0.007872537696943627,-0.08838514099332706,0.03728231252214842,TRUE,TRUE,TRUE,TRUE,TRUE,FALSE,FALSE,FALSE,FALSE,same_ranking,FALSE
823,North America,Cold_Without_dry_season_Warm_Summer,estimated,estimated,0.575,0.564,0.0938,0.0852,0.3381,0.3296,0.1432,0.1491,-0.24430000000000002,-0.2444,-0.4248695652173914,-0.4333333333333334,-0.5656401944894652,-0.5891996142719383,-0.013027231559843644,-0.024179104261853657,0.2319324619206926,0.20578062488679616,-0.008217808629922385,-0.005572733345054592,climate,climate,climate,climate,-0.01100000000000001,-0.008599999999999997,-0.008500000000000008,0.005900000000000016,-9.999999999998899e-5,-0.008463768115942016,-0.023559419782473112,-0.011151872702010013,-0.026151837033896452,0.0026450752848677928,TRUE,TRUE,TRUE,TRUE,TRUE,FALSE,FALSE,FALSE,FALSE,same_ranking,FALSE
342,Europe,Cold_Without_dry_season_Cold_Summer,estimated,estimated,0.494,0.528,0.0165,0.0531,0.30620000000000003,0.3105,0.171,0.1643,-0.2897,-0.2574,-0.5864372469635628,-0.4875,-0.8977378370003098,-0.707920792079208,-0.012695757029322685,0.021502635057963015,0.06480335077784183,0.08614606763464305,-0.02942352517723512,-0.02997638393443869,climate,climate,climate,climate,0.03400000000000003,0.0366,0.0042999999999999705,-0.0067000000000000115,0.032299999999999995,0.09893724696356282,0.18981704492110185,0.0341983920872857,0.021342716856801225,-5.52858757203567e-4,TRUE,TRUE,TRUE,TRUE,TRUE,FALSE,FALSE,FALSE,FALSE,same_ranking,FALSE
21903,Latin America,Tropical,missing_predictor_group,estimated,NA,0.244,NA,0.0037,NA,0.1792,NA,0.0607,NA,-0.1755,NA,-0.7192622950819672,NA,-0.9595407326407872,NA,-0.04106823555840933,NA,0.062412745155324356,NA,-0.0431791651803366,NA,climate,NA,climate,NA,NA,NA,NA,NA,NA,NA,NA,NA,NA,TRUE,TRUE,FALSE,TRUE,FALSE,TRUE,FALSE,FALSE,FALSE,gained_estimability,TRUE
1443,Latin America,Polar,estimated,estimated,0.614,0.54,0.1427,0.1144,0.3226,0.2961,0.1487,0.1296,-0.1799,-0.18169999999999997,-0.2929967426710098,-0.3364814814814814,-0.3866322802493015,-0.44263093788063335,0.1054588311769874,0.031535767501784995,0.23371761377652467,0.20782134471339275,0.07890772104877275,0.06764194353859221,climate,climate,climate,climate,-0.07399999999999995,-0.028299999999999992,-0.026500000000000024,-0.019100000000000006,-0.0017999999999999683,-0.0434847388104716,-0.05599865763133183,-0.0739230636752024,-0.025896269063131916,-0.011265777510180541,TRUE,TRUE,TRUE,TRUE,TRUE,FALSE,FALSE,FALSE,FALSE,same_ranking,FALSE
20029,Europe,Polar,estimated,estimated,0.593,0.566,0.0656,0.0529,0.2074,0.1882,0.3202,0.3249,-0.14179999999999998,-0.1353,-0.23912310286677907,-0.23904593639575974,-0.5194139194139193,-0.5611779344670261,0.015222782644569333,-0.01201378417884158,0.08037618478275077,0.05362684049951938,0.17333367290324508,0.1941515560451751,climate,climate,climate,climate,-0.027000000000000024,-0.012700000000000003,-0.019199999999999995,0.0047000000000000375,0.006499999999999978,7.716647101932428e-5,-0.041764015053106784,-0.027236566823410913,-0.02674934428323139,0.020817883141930005,TRUE,TRUE,TRUE,TRUE,TRUE,FALSE,FALSE,FALSE,FALSE,same_ranking,FALSE
1866,Latin America,Temperate_Dry_Winter,missing_predictor_group,missing_predictor_group,NA,NA,NA,NA,NA,NA,NA,NA,NA,NA,NA,NA,NA,NA,NA,NA,NA,NA,NA,NA,NA,NA,NA,NA,NA,NA,NA,NA,NA,NA,NA,NA,NA,NA,TRUE,TRUE,FALSE,FALSE,FALSE,FALSE,FALSE,FALSE,FALSE,not_estimable_at_either_radius,FALSE
17393,North America,Cold_Dry_Summer,estimated,estimated,0.448,0.316,0.1351,0.0635,0.0569,0.0401,0.2557,0.2126,0.07819999999999999,0.023400000000000004,0.17455357142857142,0.07405063291139241,0.4072916666666666,0.22586872586872592,0.18226073725762215,0.050880169672712805,-0.024910838585721184,-0.07062893520938873,0.2550015134349404,0.15674846322506764,human,human,human,human,-0.132,-0.0716,-0.016800000000000002,-0.04309999999999997,-0.05479999999999999,-0.10050293851717901,-0.1814229407979407,-0.13138056758490935,-0.04571809662366755,-0.09825305020987274,TRUE,TRUE,TRUE,TRUE,TRUE,FALSE,FALSE,FALSE,FALSE,same_ranking,FALSE
22976,Europe,Temperate_Dry_Summer,estimated,estimated,-0.054,0.053,0.0627,0.1129,-0.071,-0.0412,-0.0461,-0.0191,0.13369999999999999,0.15410000000000001,-2.475925925925926,2.907547169811321,1,1,0.04799358476582305,0.15511943417784346,-0.1088346375864051,-0.03640792999574227,-0.09244705123163655,-0.025677923371220213,human,human,human,human,0.107,0.050199999999999995,0.029799999999999993,0.027000000000000003,0.02040000000000003,5.383473095737247,0,0.10712584941202041,0.07242670759066283,0.06676912786041633,TRUE,TRUE,TRUE,TRUE,TRUE,FALSE,FALSE,FALSE,FALSE,same_ranking,FALSE
22709,Europe,Temperate_Without_dry_season,estimated,estimated,0.559,0.538,0.1968,0.1482,0.0923,0.0881,0.2701,0.3019,0.10450000000000001,0.0601,0.18694096601073346,0.11171003717472118,0.3614666205465237,0.2543377063055438,6.742856257441199e-4,-0.02032676270402123,0.06272177316877381,0.061573644480336864,0.10943058083940549,0.18039491455975232,human,human,human,human,-0.02100000000000002,-0.048600000000000004,-0.004199999999999995,0.031799999999999995,-0.04440000000000001,-0.07523092883601228,-0.10712891424097987,-0.02100104832976535,-0.0011481286884369446,0.07096433372034683,TRUE,TRUE,TRUE,TRUE,TRUE,FALSE,FALSE,FALSE,FALSE,same_ranking,FALSE
15902,North America,Temperate_Without_dry_season,estimated,estimated,0.707,0.727,0.1173,0.1959,0.1023,0.0984,0.4874,0.4328,0.015,0.09749999999999999,0.021216407355021217,0.1341127922971114,0.06830601092896174,0.33129459734964317,-0.019601543630400897,5.785455932219019e-4,0.09961827420367397,0.05621360577649992,0.43228056458734376,0.2875643470177779,human,human,human,human,0.020000000000000018,0.07859999999999999,-0.0039000000000000007,-0.05459999999999998,0.08249999999999999,0.11289638494209019,0.26298858642068146,0.0201800892236228,-0.043404668427174053,-0.14471621756956587,TRUE,TRUE,TRUE,TRUE,TRUE,FALSE,FALSE,FALSE,FALSE,same_ranking,FALSE
20295,North America,Cold_Dry_Summer,estimated,estimated,0.402,0.244,0.1395,-0.0096,0.1789,0.1864,0.0835,0.0672,-0.03939999999999999,-0.196,-0.0980099502487562,-0.8032786885245902,-0.12374371859296479,-1,0.09448262960128051,-0.06335450083629424,0.18296233376894455,0.201030635861439,0.03668623153252348,0.007108224808232588,climate,climate,climate,climate,-0.15800000000000003,-0.1491,0.007500000000000007,-0.01630000000000001,-0.15660000000000002,-0.705268738275834,-0.8762562814070352,-0.15783713043757475,0.018068302092494437,-0.029578006724290895,TRUE,TRUE,TRUE,TRUE,TRUE,FALSE,FALSE,FALSE,FALSE,same_ranking,FALSE
4192,Europe,Cold_Without_dry_season_Warm_Summer,estimated,estimated,0.447,0.469,0.0589,0.0696,-0.057,-0.0566,0.4451,0.4561,0.1159,0.12619999999999998,0.2592841163310962,0.2690831556503198,1,1,0.084183187382467,0.10621446650220834,-0.028064465533979344,-0.016463301041383827,0.5155667580718618,0.5483250120069101,human,human,human,human,0.021999999999999964,0.010699999999999994,4.000000000000045e-4,0.01100000000000001,0.010299999999999976,0.009799039319223601,0,0.022031279119741343,0.011601164492595517,0.032758253935048276,TRUE,TRUE,TRUE,TRUE,TRUE,FALSE,FALSE,FALSE,FALSE,same_ranking,FALSE
44723,Europe,Cold_Without_dry_season_Warm_Summer,estimated,estimated,0.442,0.331,0.1445,0.0484,0.1252,0.1248,0.1718,0.1578,0.019299999999999984,-0.0764,0.04366515837104069,-0.2308157099697885,0.07156099369669998,-0.44110854503464203,0.12982907632455443,0.01942181395935516,0.012129577806204828,-0.03133435136391105,0.13379315214063803,0.06326470181261223,human,climate,human,climate,-0.11099999999999999,-0.09609999999999999,-4.0000000000001146e-4,-0.014000000000000012,-0.09569999999999998,-0.2744808683408292,-0.512669538731342,-0.11040726236519927,-0.04346392917011588,-0.0705284503280258,TRUE,TRUE,TRUE,TRUE,TRUE,FALSE,TRUE,TRUE,TRUE,ranking_reversal,TRUE
316,North America,Cold_Without_dry_season_Hot_Summer,estimated,estimated,0.429,0.18,0.1964,0.0719,0.0649,-0.0038,0.1681,0.1123,0.1315,0.0757,0.30652680652680653,0.42055555555555557,0.5032529659395332,1,0.3036343929208337,0.05460978204149658,0.06807866011023589,-0.07274935058361431,0.18438421842052677,0.06932397447224747,human,human,human,human,-0.249,-0.12449999999999999,-0.0687,-0.0558,-0.0558,0.11402874902874904,0.49674703406046683,-0.24902461087933714,-0.1408280106938502,-0.1150602439482793,TRUE,TRUE,TRUE,TRUE,TRUE,FALSE,FALSE,FALSE,FALSE,same_ranking,FALSE
22049,Latin America,Temperate_Without_dry_season,estimated,estimated,0.065,0.051,-0.0462,-0.0671,0.1151,0.1183,-0.0042,-5e-4,-0.1613,-0.1854,-2.4815384615384612,-3.6352941176470592,-1,-1,-0.07277152243617191,-0.08682103017064768,0.05310381702396172,0.047305056862606554,-0.06754318226655076,-0.07230062104683521,climate,climate,climate,climate,-0.014000000000000005,-0.02090000000000001,0.0032000000000000084,0.0036999999999999997,-0.02410000000000001,-1.153755656108598,0,-0.014049507734475775,-0.005798760161355165,-0.004757438780284451,TRUE,TRUE,TRUE,TRUE,TRUE,FALSE,FALSE,FALSE,FALSE,same_ranking,FALSE
318,North America,Cold_Without_dry_season_Cold_Summer,estimated,estimated,0.571,0.548,0.1583,0.1176,0.3237,0.3287,0.0886,0.1016,-0.1654,-0.2111,-0.28966725043782837,-0.38521897810218975,-0.34315352697095436,-0.47300022406453063,0.2035960143854334,0.1809031844308917,0.2431146576576695,0.22753013443626413,-0.007426734439110572,-0.006962707300425475,climate,climate,climate,climate,-0.02299999999999991,-0.0407,0.0050000000000000044,0.012999999999999998,-0.04570000000000002,-0.09555172766436137,-0.12984669709357627,-0.022692829954541693,-0.015584523221405355,4.6402713868509693e-4,TRUE,TRUE,TRUE,TRUE,TRUE,FALSE,FALSE,FALSE,FALSE,same_ranking,FALSE
3492,North America,Cold_Without_dry_season_Warm_Summer,estimated,estimated,0.37,0.322,0.0754,0.052,0.2475,0.2281,0.0467,0.042,-0.1721,-0.1761,-0.46513513513513516,-0.5468944099378882,-0.5329823474759988,-0.6287040342734738,0.0011513640140672354,-0.046380873026229064,0.1471337863654858,0.13553766231655828,-0.059637521321407094,-0.04171308051852474,climate,climate,climate,climate,-0.04799999999999999,-0.023399999999999997,-0.0194,-0.004699999999999996,-0.0040000000000000036,-0.08175927480275302,-0.09572168679747495,-0.0475322370402963,-0.011596124048927514,0.017924440802882358,TRUE,TRUE,TRUE,TRUE,TRUE,FALSE,FALSE,FALSE,FALSE,same_ranking,FALSE
678,North America,Cold_Without_dry_season_Cold_Summer,missing_predictor_group,estimated,NA,0.591,NA,0.0508,NA,0.2468,NA,0.2938,NA,-0.196,NA,-0.3316412859560068,NA,-0.6586021505376345,NA,-0.028501129714947226,NA,0.06427645473027699,NA,0.09887193523419302,NA,climate,NA,climate,NA,NA,NA,NA,NA,NA,NA,NA,NA,NA,TRUE,TRUE,FALSE,TRUE,FALSE,TRUE,FALSE,FALSE,FALSE,gained_estimability,TRUE
2637,North America,Cold_Dry_Summer,estimated,estimated,0.34,0.332,-0.0271,0.0436,0.2125,0.1632,0.1549,0.1254,-0.23959999999999998,-0.11960000000000001,-0.7047058823529411,-0.3602409638554217,-1,-0.5783365570599613,-0.03323730539903147,-0.04123703565252734,-0.004672940082765642,-0.039962234439087196,-0.05394325566023572,-0.04949697673545905,climate,climate,climate,climate,-0.008000000000000007,0.0707,-0.04929999999999998,-0.0295,0.11999999999999997,0.34446491849751937,0.42166344294003866,-0.007999730253495874,-0.035289294356321554,0.00444627892477667,TRUE,TRUE,TRUE,TRUE,TRUE,FALSE,FALSE,FALSE,FALSE,same_ranking,FALSE
1704,North America,Cold_Without_dry_season_Cold_Summer,estimated,estimated,0.502,0.482,-0.0245,0.0023,0.2206,0.2224,0.306,0.2568,-0.24509999999999998,-0.2201,-0.4882470119521912,-0.4566390041493776,-1,-0.9795282599020917,-0.004277204393318912,-0.025026452899774787,0.31125549549976794,0.31402126792384955,0.40716513458753845,0.30789235194295794,climate,climate,climate,climate,-0.020000000000000018,0.0268,0.001799999999999996,-0.04920000000000002,0.024999999999999994,0.03160800780281364,0.02047174009790831,-0.020749248506455875,0.002765772424081603,-0.0992727826445805,TRUE,TRUE,TRUE,TRUE,TRUE,FALSE,FALSE,FALSE,FALSE,same_ranking,FALSE
4286,Europe,Cold_Without_dry_season_Cold_Summer,estimated,estimated,0.452,0.466,-0.023,0.0181,0.0512,0.0198,0.4238,0.428,-0.0742,-0.0017000000000000001,-0.16415929203539822,-0.003648068669527897,-1,-0.044854881266490766,-0.0466535690496781,-0.03272671266241267,-0.009856861000301254,-0.05977337404682859,0.3829161148821596,0.40447270876623387,climate,climate,climate,climate,0.014000000000000012,0.0411,-0.0314,0.0041999999999999815,0.07250000000000001,0.16051122336587031,0.9551451187335093,0.01392685638726543,-0.04991651304652733,0.02155659388407427,TRUE,TRUE,TRUE,TRUE,TRUE,FALSE,FALSE,FALSE,FALSE,same_ranking,FALSE
20131,Europe,Temperate_Without_dry_season,estimated,estimated,0.589,0.647,0.0941,0.1167,0.2397,0.2549,0.2555,0.2759,-0.1456,-0.13820000000000002,-0.2471986417657046,-0.2136012364760433,-0.4361893349310965,-0.37190527448869753,0.030249760591137043,0.08841896019737694,0.11012988962968184,0.1454650398093762,0.08457637735559487,0.13052800303551315,climate,climate,climate,climate,0.05800000000000005,0.022599999999999995,0.015200000000000019,0.020399999999999974,0.00739999999999999,0.03359740528966132,0.06428406044239898,0.058169199606239896,0.03533515017969435,0.045951625679918284,TRUE,TRUE,TRUE,TRUE,TRUE,FALSE,FALSE,FALSE,FALSE,same_ranking,FALSE
2286,North America,Cold_Without_dry_season_Warm_Summer,estimated,estimated,0.598,0.622,0.1363,0.1414,0.2708,0.2613,0.1912,0.2198,-0.13449999999999998,-0.11989999999999998,-0.2249163879598662,-0.19276527331189708,-0.3303856546303119,-0.2977402532902905,0.023105706716462504,0.04726946667865184,0.06913479514066301,0.06536042404528097,-0.036241711267747334,0.036347613088277386,climate,climate,climate,climate,0.02400000000000002,0.005099999999999993,-0.009500000000000008,0.028599999999999987,0.014600000000000002,0.03215111464796913,0.03264540134002136,0.024163759962189335,-0.003774371095382034,0.07258932435602472,TRUE,TRUE,TRUE,TRUE,TRUE,FALSE,FALSE,FALSE,FALSE,same_ranking,FALSE
673,North America,Cold_Without_dry_season_Cold_Summer,estimated,estimated,0.38,0.292,0.1621,0.1035,0.0703,0.0615,0.1477,0.1265,0.09179999999999999,0.041999999999999996,0.24157894736842103,0.14383561643835616,0.39500860585197933,0.2545454545454546,0.11595936189585165,0.027417389214628773,0.0683696641379441,0.0377314041293193,0.12040005509462315,0.0648520538461026,human,human,human,human,-0.08800000000000002,-0.0586,-0.008800000000000002,-0.021199999999999997,-0.0498,-0.09774333093006488,-0.14046315130652476,-0.08854197268122288,-0.030638260008624796,-0.05554800124852055,TRUE,TRUE,TRUE,TRUE,TRUE,FALSE,FALSE,FALSE,FALSE,same_ranking,FALSE
3473,North America,Cold_Without_dry_season_Warm_Summer,estimated,estimated,0.401,0.371,0.1575,0.0862,0.1104,0.1322,0.1329,0.1524,0.0471,-0.04600000000000001,0.11745635910224439,-0.12398921832884101,0.17581187010078386,-0.21062271062271068,0.07709957124962541,0.04727617735404677,-0.001988485230194792,0.004011081002513683,0.0017935190400232282,0.0030904033595178237,human,climate,human,climate,-0.030000000000000027,-0.0713,0.021800000000000014,0.019500000000000017,-0.09310000000000002,-0.2414455774310854,-0.38643458072349457,-0.029823393895578643,0.005999566232708475,0.0012968843194945956,TRUE,TRUE,TRUE,TRUE,TRUE,FALSE,TRUE,TRUE,TRUE,ranking_reversal,TRUE
17396,North America,Cold_Without_dry_season_Warm_Summer,estimated,estimated,0.597,0.594,0.0166,0.079,0.3761,0.3442,0.2041,0.1706,-0.3595,-0.2652,-0.602177554438861,-0.44646464646464645,-0.9154570919276801,-0.6266540642722117,-0.029448450332809628,-0.032426707764525275,0.1908322593805628,0.18939312124315733,0.016302480091347493,0.011660712142561702,climate,climate,climate,climate,-0.0030000000000000027,0.0624,-0.031899999999999984,-0.0335,0.0943,0.15571290797421455,0.2888030276554684,-0.0029782574317156474,-0.0014391381374054824,-0.004641767948785791,TRUE,TRUE,TRUE,TRUE,TRUE,FALSE,FALSE,FALSE,FALSE,same_ranking,FALSE
19323,North America,Cold_Dry_Summer,missing_predictor_group,estimated,NA,0.557,NA,0.0649,NA,0.2196,NA,0.2721,NA,-0.1547,NA,-0.277737881508079,NA,-0.5437609841827769,NA,-0.022506791970892448,NA,0.07240959787609602,NA,0.12677866610549426,NA,climate,NA,climate,NA,NA,NA,NA,NA,NA,NA,NA,NA,NA,TRUE,TRUE,FALSE,TRUE,FALSE,TRUE,FALSE,FALSE,FALSE,gained_estimability,TRUE
533,North America,Cold_Without_dry_season_Cold_Summer,estimated,estimated,0.275,0.205,0.2594,0.2134,-0.0548,-0.0658,0.0706,0.0577,0.31420000000000003,0.2792,1.1425454545454545,1.3619512195121952,1,1,0.23333089468635249,0.16349879895733277,-0.11222325188323401,-0.12629599949748715,0.0111573637027792,-0.006857580674903829,human,human,human,human,-0.07000000000000003,-0.04600000000000001,-0.010999999999999996,-0.012899999999999995,-0.03500000000000003,0.2194057649667407,0,-0.06983209572901972,-0.014072747614253145,-0.01801494437768303,TRUE,TRUE,TRUE,TRUE,TRUE,FALSE,FALSE,FALSE,FALSE,same_ranking,FALSE
4213,Europe,Cold_Without_dry_season_Warm_Summer,estimated,estimated,0.461,0.391,0.1465,0.1046,0.0707,0.0587,0.244,0.2273,0.07579999999999999,0.045899999999999996,0.16442516268980475,0.11739130434782608,0.3489871086556169,0.2810777709736681,0.02446997606422119,-0.045988197014692256,0.04219731535099558,0.025990467910045334,0.18291343451929487,0.15737476698264663,human,human,human,human,-0.07,-0.04189999999999999,-0.011999999999999997,-0.016699999999999993,-0.029899999999999996,-0.04703385834197868,-0.06790933768194879,-0.07045817307891344,-0.016206847440950245,-0.02553866753664824,TRUE,TRUE,TRUE,TRUE,TRUE,FALSE,FALSE,FALSE,FALSE,same_ranking,FALSE
22687,Europe,Cold_Without_dry_season_Warm_Summer,estimated,estimated,0.645,0.626,0.0464,0.1259,-0.0042,0.0064,0.6024,0.4935,0.0506,0.11950000000000001,0.07844961240310078,0.19089456869009586,1,0.9032501889644747,0.009012353886461821,-0.009930373443128082,0.10884496266412014,0.03107464680075045,0.7778621412602027,0.4610434842471799,human,human,human,human,-0.019000000000000017,0.07950000000000002,0.0106,-0.10890000000000005,0.06890000000000002,0.11244495628699508,-0.09674981103552527,-0.018942727329589903,-0.07777031586336969,-0.3168186570130228,TRUE,TRUE,TRUE,TRUE,TRUE,FALSE,FALSE,FALSE,FALSE,same_ranking,FALSE
41527,Europe,Temperate_Without_dry_season,estimated,estimated,0.345,0.218,0.1031,-0.027,0.0732,0.0824,0.1685,0.1627,0.029899999999999996,-0.1094,0.08666666666666666,-0.501834862385321,0.1695972773681225,-1,0.0389713595338147,-0.08772503188282765,0.050577229166827165,0.024894655526090825,0.17426073147213095,0.11848696892561472,human,climate,human,climate,-0.12699999999999997,-0.1301,0.0092,-0.0058,-0.13929999999999998,-0.5885015290519877,-1.1695972773681225,-0.12669639141664235,-0.02568257364073634,-0.055773762546516226,TRUE,TRUE,TRUE,TRUE,TRUE,FALSE,TRUE,TRUE,TRUE,ranking_reversal,TRUE
215,Europe,Temperate_Without_dry_season,insufficient_residual_df,insufficient_residual_df,NA,NA,NA,NA,NA,NA,NA,NA,NA,NA,NA,NA,NA,NA,NA,NA,NA,NA,NA,NA,NA,NA,NA,NA,NA,NA,NA,NA,NA,NA,NA,NA,NA,NA,TRUE,TRUE,FALSE,FALSE,FALSE,FALSE,FALSE,FALSE,FALSE,not_estimable_at_either_radius,FALSE
4492,Europe,Temperate_Without_dry_season,estimated,estimated,0.374,0.368,-0.0202,-4e-4,0.1193,0.1104,0.2751,0.2583,-0.1395,-0.1108,-0.37299465240641716,-0.3010869565217391,-1,-1,-0.015620680565914369,-0.021521265136927314,-0.03320853901763854,-0.051159858407468395,0.14448329266871307,0.11065201087799093,climate,climate,climate,climate,-0.006000000000000005,0.019799999999999998,-0.008900000000000005,-0.016800000000000037,0.028700000000000017,0.07190769588467805,0,-0.005900584571012946,-0.017951319389829856,-0.033831281790722145,TRUE,TRUE,TRUE,TRUE,TRUE,FALSE,FALSE,FALSE,FALSE,same_ranking,FALSE
45345,Europe,Cold_Without_dry_season_Cold_Summer,estimated,estimated,0.612,0.644,0.1177,0.0987,0.2075,0.2137,0.2866,0.3315,-0.08979999999999999,-0.115,-0.14673202614379083,-0.17857142857142858,-0.27613776137761376,-0.3681177976952625,0.04821334658896137,0.08024951532015856,0.08449344811397375,0.10630266751970507,0.1062956256604346,0.20525092468439288,climate,climate,climate,climate,0.03200000000000003,-0.019000000000000003,0.006200000000000011,0.044899999999999995,-0.025200000000000014,-0.03183940242763775,-0.09198003631764873,0.03203616873119719,0.021809219405731328,0.09895529902395828,TRUE,TRUE,TRUE,TRUE,TRUE,FALSE,FALSE,FALSE,FALSE,same_ranking,FALSE
16214,Europe,Cold_Without_dry_season_Warm_Summer,estimated,estimated,-0.09,0.022,-0.0466,0.0596,-0.05,-0.048,0.0063,0.0105,0.0034000000000000002,0.1076,-0.037777777777777785,4.8909090909090915,NA,1,-0.06547428820126511,0.046972432380665174,-0.16662218026789322,-0.15043550442840226,-0.10713159995439825,-0.08653310618383536,human,human,NA,human,0.11199999999999999,0.1062,0.0020000000000000018,0.004200000000000001,0.1042,4.928686868686869,NA,0.11244672058193028,0.01618667583949096,0.020598493770562887,TRUE,TRUE,TRUE,TRUE,TRUE,FALSE,FALSE,FALSE,FALSE,same_ranking,FALSE
21314,North America,Cold_Without_dry_season_Cold_Summer,estimated,estimated,0.606,0.542,0.0389,0.0574,0.2311,0.1798,0.3361,0.3046,-0.1922,-0.12239999999999998,-0.3171617161716172,-0.22583025830258296,-0.7118518518518518,-0.5160202360876897,0.021398070078049614,-0.042901373153031,0.032100467972167035,8.989750464523105e-4,0.12731168735344012,0.1355428210355577,climate,climate,climate,climate,-0.06399999999999995,0.018500000000000003,-0.05130000000000001,-0.03150000000000003,0.06980000000000003,0.09133145786903424,0.1958316157641622,-0.06429944323108061,-0.031201492925714724,0.008231133682117586,TRUE,TRUE,TRUE,TRUE,TRUE,FALSE,FALSE,FALSE,FALSE,same_ranking,FALSE
516,North America,Cold_Without_dry_season_Warm_Summer,estimated,estimated,0.565,0.423,0.1192,0.0907,0.2849,0.2252,0.1604,0.1072,-0.1657,-0.1345,-0.29327433628318583,-0.31796690307328607,-0.4100470180648354,-0.4257676479898702,0.12179358928312267,-0.019551772149653757,0.25345300042034935,0.09103504103890336,0.08999644174596377,-0.05935489876620592,climate,climate,climate,climate,-0.14199999999999996,-0.028499999999999998,-0.059699999999999975,-0.05319999999999998,0.031199999999999978,-0.024692566790100234,-0.015720629925034812,-0.14134536143277643,-0.162417959381446,-0.1493513405121697,TRUE,TRUE,TRUE,TRUE,TRUE,FALSE,FALSE,FALSE,FALSE,same_ranking,FALSE
14264,Latin America,Tropical,insufficient_unique_ages,insufficient_unique_ages,NA,NA,NA,NA,NA,NA,NA,NA,NA,NA,NA,NA,NA,NA,NA,NA,NA,NA,NA,NA,NA,NA,NA,NA,NA,NA,NA,NA,NA,NA,NA,NA,NA,NA,TRUE,TRUE,FALSE,FALSE,FALSE,FALSE,FALSE,FALSE,FALSE,not_estimable_at_either_radius,FALSE
2289,North America,Cold_Without_dry_season_Warm_Summer,estimated,estimated,0.383,0.639,0.102,0.2473,0.1005,0.1771,0.1802,0.2147,0.0014999999999999875,0.07019999999999998,0.003916449086161847,0.10985915492957744,0.007407407407407345,0.16540999057492928,0.0801055903258151,0.33647066821221006,0.0710112618556974,0.29638243472918924,0.1885285550447232,0.32950807861060605,human,human,human,human,0.256,0.14529999999999998,0.0766,0.0345,0.0687,0.1059427058434156,0.15800258316752194,0.25636507788639495,0.22537117287349184,0.14097952356588284,TRUE,TRUE,TRUE,TRUE,TRUE,FALSE,FALSE,FALSE,FALSE,same_ranking,FALSE
40450,Europe,Cold_Without_dry_season_Warm_Summer,estimated,estimated,0.313,0.332,0.0187,0.0089,0.1136,0.1132,0.1806,0.2098,-0.09490000000000001,-0.10429999999999999,-0.30319488817891377,-0.31415662650602405,-0.7173091458805745,-0.8542178542178541,-0.05959189964933298,-0.04063139351046563,-0.06751399479925835,-0.05528112671286378,0.02267820707098711,0.09411837779021703,climate,climate,climate,climate,0.019000000000000017,-0.009800000000000001,-4.0000000000001146e-4,0.029199999999999976,-0.009399999999999978,-0.010961738327110282,-0.13690870833727964,0.01896050613886735,0.012232868086394566,0.07144017071922992,TRUE,TRUE,TRUE,TRUE,TRUE,FALSE,FALSE,FALSE,FALSE,same_ranking,FALSE
40791,North America,Cold_Without_dry_season_Warm_Summer,estimated,estimated,0.627,0.627,0.2798,0.2784,0.2256,0.2312,0.1219,0.117,0.0542,0.04719999999999999,0.08644338118022328,0.07527910685805421,0.1072417886822319,0.09262166405023547,0.22169405137504716,0.2209870742373763,0.15643004706496833,0.17389608946344604,0.05199898694997929,0.048399348515017815,human,human,human,human,0,-0.0014000000000000123,0.005599999999999994,-0.004899999999999988,-0.007000000000000006,-0.011164274322169071,-0.014620124631996426,-7.069771376708722e-4,0.01746604239847771,-0.003599638434961472,TRUE,TRUE,TRUE,TRUE,TRUE,FALSE,FALSE,FALSE,FALSE,same_ranking,FALSE
22757,Europe,Cold_Without_dry_season_Cold_Summer,estimated,estimated,0.253,0.266,0.028,0.087,0.1126,0.0712,0.1123,0.1077,-0.08460000000000001,0.015799999999999995,-0.33438735177865614,0.05939849624060148,-0.6017069701280228,0.0998735777496839,0.015788389193077568,0.028748222156108394,-0.03567147661875736,-0.1149941726883098,-0.039090531689143115,-0.04475252932152585,climate,human,climate,human,0.013000000000000012,0.059,-0.041400000000000006,-0.004599999999999993,0.1004,0.39378584801925764,0.7015805478777066,0.012959832963030826,-0.07932269606955245,-0.0056619976323827315,TRUE,TRUE,TRUE,TRUE,TRUE,FALSE,TRUE,TRUE,TRUE,ranking_reversal,TRUE
1817,North America,Cold_Without_dry_season_Warm_Summer,insufficient_residual_df,insufficient_residual_df,NA,NA,NA,NA,NA,NA,NA,NA,NA,NA,NA,NA,NA,NA,NA,NA,NA,NA,NA,NA,NA,NA,NA,NA,NA,NA,NA,NA,NA,NA,NA,NA,NA,NA,TRUE,TRUE,FALSE,FALSE,FALSE,FALSE,FALSE,FALSE,FALSE,not_estimable_at_either_radius,FALSE
46672,North America,Temperate_Without_dry_season,estimated,estimated,0.112,0.136,-0.016,0.0202,0.0521,0.0225,0.0761,0.0937,-0.0681,-0.0023,-0.6080357142857142,-0.016911764705882352,-1,-0.053864168618266976,-0.07331694516212262,-0.04916040492747753,-0.02238124575081013,-0.07637644375730546,-0.027894182588793615,0.012552265593833267,climate,climate,climate,climate,0.024000000000000007,0.036199999999999996,-0.0296,0.017600000000000005,0.0658,0.5911239495798318,0.9461358313817331,0.024156540234645085,-0.053995198006495326,0.04044644818262688,TRUE,TRUE,TRUE,TRUE,TRUE,FALSE,FALSE,FALSE,FALSE,same_ranking,FALSE
45701,Europe,Cold_Without_dry_season_Cold_Summer,estimated,estimated,0.631,0.628,0.1091,0.1294,0.23,0.2375,0.2924,0.2612,-0.12090000000000001,-0.1081,-0.19160063391442156,-0.17213375796178343,-0.3565319964612209,-0.2946306895611883,0.06373308289907931,0.06030584048592169,0.029518313413202213,0.06946731427775432,0.10820144467966963,0.07102683476935323,climate,climate,climate,climate,-0.0030000000000000027,0.020299999999999985,0.007499999999999979,-0.031200000000000006,0.012800000000000006,0.01946687595263813,0.06190130690003259,-0.0034272424131576162,0.03994900086455211,-0.0371746099103164,TRUE,TRUE,TRUE,TRUE,TRUE,FALSE,FALSE,FALSE,FALSE,same_ranking,FALSE
2377,North America,Cold_Without_dry_season_Warm_Summer,estimated,estimated,0.372,0.367,0.116,0.0607,0.1417,0.1885,0.1146,0.1176,-0.025699999999999987,-0.1278,-0.06908602150537631,-0.34822888283378745,-0.09972836631742331,-0.5128410914927769,-4.0112500348954416e-4,-0.005882963778862216,-0.00706960227119402,0.11399997981533994,-0.014578726250272012,0.01894659938558929,climate,climate,climate,climate,-0.0050000000000000044,-0.05530000000000001,0.04680000000000001,0.0030000000000000027,-0.10210000000000001,-0.27914286132841115,-0.4131127251753536,-0.005481838775372672,0.12106958208653396,0.0335253256358613,TRUE,TRUE,TRUE,TRUE,TRUE,FALSE,FALSE,FALSE,FALSE,same_ranking,FALSE
2028,North America,Cold_Without_dry_season_Warm_Summer,insufficient_residual_df,insufficient_residual_df,NA,NA,NA,NA,NA,NA,NA,NA,NA,NA,NA,NA,NA,NA,NA,NA,NA,NA,NA,NA,NA,NA,NA,NA,NA,NA,NA,NA,NA,NA,NA,NA,NA,NA,TRUE,TRUE,FALSE,FALSE,FALSE,FALSE,FALSE,FALSE,FALSE,not_estimable_at_either_radius,FALSE
275,North America,Cold_Without_dry_season_Warm_Summer,estimated,estimated,0.324,0.326,-0.0363,0.0299,0.2143,0.1896,0.1458,0.1062,-0.2506,-0.15969999999999998,-0.7734567901234567,-0.4898773006134969,-1,-0.7275626423690205,-0.04485408733930296,-0.042972843154105544,0.11107650974431682,0.11948812187536217,0.06944465715182879,0.0480059858473737,climate,climate,climate,climate,0.0020000000000000018,0.0662,-0.0247,-0.03960000000000001,0.09090000000000001,0.2835794895099598,0.27243735763097954,0.001881244185197417,0.008411612131045354,-0.021438671304455093,TRUE,TRUE,TRUE,TRUE,TRUE,FALSE,FALSE,FALSE,FALSE,same_ranking,FALSE
18104,Latin America,Temperate_Dry_Summer,estimated,estimated,0.512,0.548,-0.0339,-0.0043,0.3463,0.3419,0.1996,0.2105,-0.3802,-0.3462,-0.742578125,-0.6317518248175182,-1,-1,0.005287396216821061,0.04130791540252565,0.4059713931236778,0.4091819811062102,0.2465998870859808,0.28043886987716005,climate,climate,climate,climate,0.03600000000000003,0.0296,-0.004400000000000015,0.010899999999999993,0.033999999999999975,0.11082630018248174,0,0.03602051918570459,0.0032105879825323758,0.03383898279117925,TRUE,TRUE,TRUE,TRUE,TRUE,FALSE,FALSE,FALSE,FALSE,same_ranking,FALSE
3042,North America,Cold_Without_dry_season_Warm_Summer,estimated,estimated,0.551,0.563,0.1414,0.149,0.2521,0.2455,0.1573,0.1682,-0.11069999999999999,-0.0965,-0.2009074410163339,-0.17140319715808172,-0.28132147395171536,-0.2446134347275032,-0.03489645437775657,-0.02302502213667834,0.03924162765982819,0.023190453938043087,-0.03958030019447245,-0.020468545358621415,climate,climate,climate,climate,0.0119999999999999,0.007599999999999996,-0.006599999999999995,0.010899999999999993,0.01419999999999999,0.029504243858252177,0.036708039224212174,0.011871432241078228,-0.016051173721785106,0.019111754835851036,TRUE,TRUE,TRUE,TRUE,TRUE,FALSE,FALSE,FALSE,FALSE,same_ranking,FALSE
17292,North America,Cold_Without_dry_season_Cold_Summer,estimated,estimated,0.356,0.352,0.0607,0.097,0.1467,0.127,0.1485,0.1276,-0.086,-0.03,-0.24157303370786515,-0.08522727272727273,-0.4146576663452266,-0.13392857142857142,-0.019864091399539263,-0.02412700752854724,-0.028171800109143774,-0.03723214630095795,-0.02864843091005853,-0.04002518712675218,climate,climate,climate,climate,-0.0040000000000000036,0.036300000000000006,-0.019699999999999995,-0.020900000000000002,0.055999999999999994,0.1563457609805924,0.2807290949166552,-0.0042629161290079765,-0.009060346191814173,-0.011376756216693651,TRUE,TRUE,TRUE,TRUE,TRUE,FALSE,FALSE,FALSE,FALSE,same_ranking,FALSE
22101,Latin America,Polar,estimated,estimated,0.357,0.379,0.0287,-0.0216,0.2049,0.1806,0.123,0.22,-0.1762,-0.20220000000000002,-0.4935574229691877,-0.5335092348284961,-0.7542808219178082,-1,-0.04206704637139658,-0.019522167764177922,0.09137616699172246,-0.03389647659102846,-0.054881737220115245,0.0623925637435615,climate,climate,climate,climate,0.02200000000000002,-0.0503,-0.02429999999999999,0.097,-0.026000000000000023,-0.039951811859308406,-0.2457191780821918,0.022544878607218655,-0.12527264358275092,0.11727430096367675,TRUE,TRUE,TRUE,TRUE,TRUE,FALSE,FALSE,FALSE,FALSE,same_ranking,FALSE
4479,Europe,Cold_Without_dry_season_Warm_Summer,estimated,estimated,0.579,0.502,0.0725,0.034,0.168,0.1624,0.3386,0.3059,-0.09550000000000002,-0.1284,-0.1649395509499137,-0.25577689243027885,-0.39708939708939717,-0.6537678207739307,0.05505390170221125,-0.021722241525998998,0.018029164124196417,-0.01741627439296789,0.23704517110944223,0.1474859491329089,climate,climate,climate,climate,-0.07699999999999996,-0.03849999999999999,-0.005600000000000022,-0.03270000000000001,-0.03289999999999997,-0.09083734148036515,-0.25667842368453353,-0.07677614322821025,-0.03544543851716431,-0.08955922197653332,TRUE,TRUE,TRUE,TRUE,TRUE,FALSE,FALSE,FALSE,FALSE,same_ranking,FALSE
4017,Europe,Cold_Without_dry_season_Cold_Summer,missing_predictor_group,estimated,NA,0.693,NA,-0.0172,NA,0.2747,NA,0.4359,NA,-0.2919,NA,-0.42121212121212126,NA,-1,NA,-7.005112647809897e-4,NA,0.1974160238419519,NA,0.37191970103003813,NA,climate,NA,climate,NA,NA,NA,NA,NA,NA,NA,NA,NA,NA,TRUE,TRUE,FALSE,TRUE,FALSE,TRUE,FALSE,FALSE,FALSE,gained_estimability,TRUE
2879,North America,Cold_Without_dry_season_Cold_Summer,estimated,estimated,0.37,0.497,0.0194,0.1297,0.1693,0.1945,0.1815,0.1729,-0.1499,-0.0648,-0.40513513513513516,-0.13038229376257546,-0.7943826179120297,-0.19987661937075876,-0.04842361288138275,0.07844123876973208,0.061362961791990966,0.17217760110907643,0.05779733308707369,0.10120687797028372,climate,climate,climate,climate,0.127,0.11030000000000001,0.0252,-0.008599999999999997,0.08510000000000001,0.27475284137255973,0.594505998541271,0.12686485165111483,0.11081463931708546,0.04340954488321003,TRUE,TRUE,TRUE,TRUE,TRUE,FALSE,FALSE,FALSE,FALSE,same_ranking,FALSE
20281,North America,Arid,estimated,estimated,0.402,0.432,0.0398,0.0921,0.1354,0.1289,0.2272,0.2115,-0.09559999999999999,-0.036799999999999986,-0.2378109452736318,-0.08518518518518516,-0.545662100456621,-0.16651583710407236,-0.040530508254996045,-0.010393610538657727,0.19391132723587046,0.20241119224196114,0.1420799459959362,0.13218473259270958,climate,climate,climate,climate,0.02999999999999997,0.0523,-0.006500000000000006,-0.01570000000000002,0.058800000000000005,0.15262576008844664,0.37914626335254864,0.030136897716338318,0.008499865006090679,-0.009895213403226633,TRUE,TRUE,TRUE,TRUE,TRUE,FALSE,FALSE,FALSE,FALSE,same_ranking,FALSE
19937,North America,Cold_Without_dry_season_Hot_Summer,estimated,estimated,0.208,0.194,0.0135,0.0304,0.03,0.0239,0.1647,0.14,-0.0165,0.006499999999999999,-0.07932692307692309,0.03350515463917525,-0.37931034482758624,0.11970534069981581,-0.026469064894075855,-0.04022726587930714,-0.06582846436836565,-0.06682715069068845,0.07076743805318297,0.03265802057910372,climate,human,climate,human,-0.013999999999999985,0.0169,-0.006099999999999998,-0.0247,0.023,0.11283207771609834,0.49901568552740205,-0.013758200985231284,-9.98686322322806e-4,-0.038109417474079255,TRUE,TRUE,TRUE,TRUE,TRUE,FALSE,TRUE,TRUE,TRUE,ranking_reversal,TRUE
3582,North America,Temperate_Without_dry_season,estimated,estimated,0.63,0.695,-0.0135,0.1077,0.4563,0.4216,0.1875,0.1652,-0.4698,-0.31389999999999996,-0.7457142857142857,-0.45165467625899275,-1,-0.5930474211222369,-0.04296876701314212,0.021333324837847667,0.3301230645083617,0.330650209644227,0.05819098687094959,0.08340826175981375,climate,climate,climate,climate,0.06499999999999995,0.1212,-0.03470000000000001,-0.022299999999999986,0.15590000000000004,0.2940596094552929,0.40695257887776315,0.06430209185098978,5.271451358652701e-4,0.02521727488886416,TRUE,TRUE,TRUE,TRUE,TRUE,FALSE,FALSE,FALSE,FALSE,same_ranking,FALSE
48616,North America,Cold_Without_dry_season_Cold_Summer,estimated,estimated_residual_temporal_dependence,0.641,0.667,0.1084,0.1641,0.2975,0.2747,0.2355,0.2282,-0.1891,-0.1106,-0.29500780031201246,-0.16581709145427287,-0.46587829514658785,-0.25205104831358255,0.17198354683981232,0.1975090787912227,0.3362727601899351,0.2941991078392828,0.22648652066679853,0.21545745705779795,climate,climate,climate,climate,0.026000000000000023,0.0557,-0.022799999999999987,-0.007300000000000001,0.07849999999999999,0.1291907088577396,0.2138272468330053,0.025525531951410385,-0.0420736523506523,-0.011029063609000578,TRUE,TRUE,TRUE,TRUE,TRUE,TRUE,FALSE,FALSE,FALSE,same_ranking,FALSE
41305,Europe,Temperate_Without_dry_season,estimated,estimated,0.202,0.195,-0.0144,0.0106,-0.0535,-0.0556,0.2702,0.2399,0.039099999999999996,0.0662,0.19356435643564354,0.33948717948717944,NA,1,0.006411436842939211,-9.050860971634433e-4,0.0788371484559206,0.05580361199486161,0.41158327032535147,0.33216084787214795,human,human,NA,human,-0.007000000000000006,0.025,-0.0020999999999999977,-0.030299999999999994,0.0271,0.1459228230515359,NA,-0.007316522940102654,-0.02303353646105899,-0.07942242245320352,TRUE,TRUE,TRUE,TRUE,TRUE,FALSE,FALSE,FALSE,FALSE,same_ranking,FALSE
40976,North America,Temperate_Dry_Summer,estimated,estimated,0.16,0.193,0.0942,0.1082,-0.0277,-0.0169,0.094,0.1015,0.12190000000000001,0.1251,0.7618750000000001,0.6481865284974092,1,1,0.08650130719049698,0.11872602237437502,-0.07514938078453359,-0.05201278155485678,0.12885301229045087,0.1453530470071498,human,human,human,human,0.033,0.013999999999999999,0.0108,0.007500000000000007,0.0031999999999999806,-0.11368847150259087,0,0.03222471518387804,0.023136599229676813,0.01650003471669892,TRUE,TRUE,TRUE,TRUE,TRUE,FALSE,FALSE,FALSE,FALSE,same_ranking,FALSE
19913,Europe,Cold_Without_dry_season_Cold_Summer,missing_predictor_group,estimated,NA,0.731,NA,0.203,NA,0.3372,NA,0.1912,NA,-0.13419999999999999,NA,-0.18358413132694937,NA,-0.24842650870048127,NA,0.17709169056224305,NA,0.17037365978752372,NA,0.12792559710242268,NA,climate,NA,climate,NA,NA,NA,NA,NA,NA,NA,NA,NA,NA,TRUE,TRUE,FALSE,TRUE,FALSE,TRUE,FALSE,FALSE,FALSE,gained_estimability,TRUE
20678,North America,Cold_Dry_Summer,estimated,estimated,0.456,0.544,0.0423,0.1397,0.1905,0.186,0.2227,0.218,-0.1482,-0.04630000000000001,-0.325,-0.08511029411764706,-0.6365979381443299,-0.14215535769112683,0.037920899476240666,0.1261136968191089,-0.027050167802988634,0.012315444782151408,0.006222342795556779,0.04510725363084567,climate,climate,climate,climate,0.08800000000000002,0.09739999999999999,-0.004500000000000004,-0.00470000000000001,0.10189999999999999,0.23988970588235295,0.494442580453203,0.08819279734286822,0.03936561258514004,0.03888491083528889,TRUE,TRUE,TRUE,TRUE,TRUE,FALSE,FALSE,FALSE,FALSE,same_ranking,FALSE
15333,North America,Arid,estimated,estimated,0.315,0.363,0.1006,0.1007,0.0081,0.034,0.206,0.2279,0.0925,0.0667,0.29365079365079366,0.1837465564738292,0.8509659613615456,0.4951744617668894,0.06424341163120073,0.11220683942098997,0.07529067520779609,0.1356325548094428,0.1782862933925241,0.23085656662320586,human,human,human,human,0.04799999999999999,1.0000000000000286e-4,0.025900000000000003,0.021900000000000003,-0.025800000000000003,-0.10990423717696446,-0.35579149959465617,0.04796342778978924,0.06034187960164672,0.05257027323068175,TRUE,TRUE,TRUE,TRUE,TRUE,FALSE,FALSE,FALSE,FALSE,same_ranking,FALSE
497,North America,Cold_Without_dry_season_Hot_Summer,estimated,estimated,0.66,0.628,0.024,0.0489,0.3786,0.3432,0.2579,0.2357,-0.35459999999999997,-0.2943,-0.5372727272727272,-0.4686305732484077,-0.8807749627421757,-0.7505738332058148,0.0013573552484074103,-0.031219584173236115,0.38136713580592707,0.3462298487116817,0.19560888655681308,0.186987870912793,climate,climate,climate,climate,-0.03200000000000003,0.0249,-0.03539999999999999,-0.022200000000000025,0.060299999999999965,0.06864215402431956,0.13020112953636087,-0.032576939421643525,-0.03513728709424535,-0.00862101564402007,TRUE,TRUE,TRUE,TRUE,TRUE,FALSE,FALSE,FALSE,FALSE,same_ranking,FALSE
2611,North America,Cold_Dry_Summer,estimated,estimated,0.413,0.437,0.031,0.0754,0.1072,0.1571,0.2749,0.2049,-0.0762,-0.0817,-0.1845036319612591,-0.1869565217391304,-0.5513748191027497,-0.3513978494623656,-0.02311206394073173,0.0010582939763575938,0.2127333480450424,0.27249848795100573,0.3221505398927885,0.14225491443733007,climate,climate,climate,climate,0.02400000000000002,0.044399999999999995,0.049899999999999986,-0.06999999999999998,-0.005499999999999991,-0.002452889777871309,0.19997696964038408,0.024170357917089325,0.05976513990596333,-0.17989562545545845,TRUE,TRUE,TRUE,TRUE,TRUE,FALSE,FALSE,FALSE,FALSE,same_ranking,FALSE
1965,North America,Cold_Without_dry_season_Warm_Summer,estimated,estimated,0.536,0.411,0.1356,0.1139,0.2486,0.1716,0.1514,0.1253,-0.11299999999999999,-0.0577,-0.21082089552238803,-0.14038929440389294,-0.29411764705882354,-0.20210157618213662,0.09391674265949379,-0.030875060013330846,0.18336220517376556,0.03812747658959781,0.023811617370142146,-0.01950773789897564,climate,climate,climate,climate,-0.12500000000000006,-0.021699999999999997,-0.07699999999999999,-0.026100000000000012,0.05529999999999999,0.07043160111849509,0.09201607087668692,-0.12479180267282464,-0.14523472858416775,-0.04331935526911779,TRUE,TRUE,TRUE,TRUE,TRUE,FALSE,FALSE,FALSE,FALSE,same_ranking,FALSE
1703,North America,Cold_Without_dry_season_Warm_Summer,estimated,estimated,0.758,0.601,0.067,0.1002,0.4199,0.3179,0.2715,0.1831,-0.3529,-0.2177,-0.4655672823218997,-0.36222961730449255,-0.7247894844937358,-0.5206888304233437,0.15859642456498113,0.001306281862544667,0.3185733213577754,0.17798454375980766,0.11980600701432631,0.006403071125129944,climate,climate,climate,climate,-0.15700000000000003,0.03319999999999999,-0.10199999999999998,-0.0884,0.1352,0.10333766501740715,0.20410065407039213,-0.15729014270243646,-0.14058877759796773,-0.11340293588919637,TRUE,TRUE,TRUE,TRUE,TRUE,FALSE,FALSE,FALSE,FALSE,same_ranking,FALSE
2011,North America,Cold_Without_dry_season_Warm_Summer,estimated,estimated,0.408,0.423,0.0558,0.063,0.1622,0.1614,0.1903,0.1982,-0.10640000000000001,-0.09839999999999999,-0.2607843137254902,-0.23262411347517728,-0.4880733944954128,-0.4385026737967914,0.025410635928062475,0.03980989856461159,-0.03676812242872474,-0.031865159080161964,0.015026223569077124,0.03730744169163269,climate,climate,climate,climate,0.015000000000000013,0.007199999999999998,-8.000000000000229e-4,0.00789999999999999,0.008000000000000021,0.028160200250312933,0.049570720698621396,0.014399262636549115,0.004902963348562772,0.02228121812255557,TRUE,TRUE,TRUE,TRUE,TRUE,FALSE,FALSE,FALSE,FALSE,same_ranking,FALSE
40988,North America,Cold_Without_dry_season_Warm_Summer,estimated,estimated,0.478,0.508,0.1028,0.1303,0.2827,0.2927,0.0923,0.0852,-0.1799,-0.16240000000000002,-0.37635983263598327,-0.31968503937007875,-0.4666666666666667,-0.3839243498817967,0.040762003491442655,0.07109491528885536,0.15963913109498584,0.1919000414494716,-0.034783789077309724,-0.03656115527577586,climate,climate,climate,climate,0.030000000000000027,0.027499999999999997,0.010000000000000009,-0.007099999999999995,0.017499999999999988,0.05667479326590452,0.08274231678486998,0.03033291179741271,0.03226091035448575,-0.0017773661984661349,TRUE,TRUE,TRUE,TRUE,TRUE,FALSE,FALSE,FALSE,FALSE,same_ranking,FALSE
14110,Europe,Temperate_Without_dry_season,estimated,estimated,0.574,0.562,0.1206,0.0867,0.1541,0.1444,0.2993,0.3311,-0.03349999999999999,-0.0577,-0.05836236933797908,-0.10266903914590747,-0.12195121951219508,-0.24967546516659456,-0.05141728852006022,-0.06317834481196904,0.023924299622095968,0.014105521541448729,0.11565407777136705,0.18873694158659005,climate,climate,climate,climate,-0.0119999999999999,-0.0339,-0.009699999999999986,0.031799999999999995,-0.024200000000000013,-0.04430666980792839,-0.1277242456543995,-0.011761056291908822,-0.009818778080647239,0.073082863815223,TRUE,TRUE,TRUE,TRUE,TRUE,FALSE,FALSE,FALSE,FALSE,same_ranking,FALSE
2576,North America,Cold_Without_dry_season_Warm_Summer,estimated,estimated,0.205,0.278,0.1149,0.1559,-0.0224,0.0204,0.1124,0.1012,0.1373,0.1355,0.6697560975609756,0.487410071942446,1,0.7685762904140669,0.05284835011716771,0.1254828892705,-0.0011140453762283897,0.06547379921968588,0.11325589865296026,0.0718493256991648,human,human,human,human,0.07300000000000004,0.04100000000000001,0.042800000000000005,-0.011200000000000002,-0.001799999999999996,-0.18234602561852964,-0.23142370958593306,0.07263453915333229,0.06658784459591427,-0.04140657295379546,TRUE,TRUE,TRUE,TRUE,TRUE,FALSE,FALSE,FALSE,FALSE,same_ranking,FALSE
41485,Europe,Temperate_Without_dry_season,estimated,estimated,0.657,0.623,0.1006,0.0941,0.3251,0.3212,0.2318,0.208,-0.2245,-0.22709999999999997,-0.3417047184170472,-0.3645264847512038,-0.5273666901573879,-0.5468336142547555,-0.007323708976724852,-0.0415336679355679,0.186256853964338,0.18250868310810753,0.05930341338792533,0.01575199192813337,climate,climate,climate,climate,-0.03400000000000003,-0.006499999999999992,-0.0039000000000000146,-0.023800000000000016,-0.0025999999999999635,-0.022821766334156612,-0.01946692409736761,-0.034209958958843045,-0.0037481708562304705,-0.04355142145979196,TRUE,TRUE,TRUE,TRUE,TRUE,FALSE,FALSE,FALSE,FALSE,same_ranking,FALSE
15866,North America,Cold_Without_dry_season_Warm_Summer,estimated,estimated,0.609,0.523,0.0826,0.058,0.2082,0.2014,0.3181,0.2635,-0.1256,-0.1434,-0.20623973727422001,-0.2741873804971319,-0.4319119669876203,-0.5528141865844256,0.1116560002243907,0.025708207068793953,0.15864613071053368,0.23702701093579204,0.32760435789477493,0.3102959153349705,climate,climate,climate,climate,-0.08599999999999997,-0.024600000000000004,-0.0068000000000000005,-0.05459999999999998,-0.01780000000000001,-0.06794764322291191,-0.1209022195968053,-0.08594779315559675,0.07838088022525835,-0.01730844255980446,TRUE,TRUE,TRUE,TRUE,TRUE,FALSE,FALSE,FALSE,FALSE,same_ranking,FALSE
48633,Latin America,Temperate_Without_dry_season,insufficient_residual_df,insufficient_residual_df,NA,NA,NA,NA,NA,NA,NA,NA,NA,NA,NA,NA,NA,NA,NA,NA,NA,NA,NA,NA,NA,NA,NA,NA,NA,NA,NA,NA,NA,NA,NA,NA,NA,NA,TRUE,TRUE,FALSE,FALSE,FALSE,FALSE,FALSE,FALSE,FALSE,not_estimable_at_either_radius,FALSE
41762,North America,Cold_Without_dry_season_Warm_Summer,estimated,estimated,0.442,0.536,0.0468,0.0988,0.3186,0.3212,0.0766,0.1163,-0.2718,-0.2224,-0.6149321266968325,-0.4149253731343283,-0.7438423645320197,-0.5295238095238095,-0.02584430011220229,0.06847783990839085,0.2862253001539591,0.2867949021716787,-0.002608380727391224,0.0722573880482672,climate,climate,climate,climate,0.09400000000000003,0.052,0.002599999999999991,0.0397,0.0494,0.2000067535625042,0.21431855500821018,0.09432214002059314,5.69602017719606e-4,0.07486576877565843,TRUE,TRUE,TRUE,TRUE,TRUE,FALSE,FALSE,FALSE,FALSE,same_ranking,FALSE
22786,Europe,Cold_Without_dry_season_Cold_Summer,estimated,estimated,0.758,0.751,0.0098,-0.0106,0.4283,0.4458,0.3202,0.3155,-0.41850000000000004,-0.4564,-0.5521108179419526,-0.6077230359520639,-0.9552613558548277,-1,-0.012482612012379546,-0.020002174279830975,0.31128715245189753,0.3455447855579331,0.1754936700038211,0.1653876215405693,climate,climate,climate,climate,-0.007000000000000006,-0.0204,0.01749999999999996,-0.004699999999999982,-0.037899999999999934,-0.05561221801011129,-0.04473864414517226,-0.0075195622674514295,0.03425763310603558,-0.010106048463251804,TRUE,TRUE,TRUE,TRUE,TRUE,FALSE,FALSE,FALSE,FALSE,same_ranking,FALSE
48649,Oceania,Tropical,missing_predictor_group,missing_predictor_group,NA,NA,NA,NA,NA,NA,NA,NA,NA,NA,NA,NA,NA,NA,NA,NA,NA,NA,NA,NA,NA,NA,NA,NA,NA,NA,NA,NA,NA,NA,NA,NA,NA,NA,TRUE,TRUE,FALSE,FALSE,FALSE,FALSE,FALSE,FALSE,FALSE,not_estimable_at_either_radius,FALSE
14498,North America,Cold_Without_dry_season_Cold_Summer,estimated,estimated,0.257,0.324,-0.0063,0.0529,0.1822,0.188,0.0811,0.0832,-0.1885,-0.1351,-0.7334630350194552,-0.4169753086419753,-1,-0.5608136156081361,-0.07899860976334794,-0.011815467003164382,0.10109674030544935,0.12677131883980364,-0.01292161123529223,0.0054358942827165135,climate,climate,climate,climate,0.067,0.0592,0.0058,0.0020999999999999908,0.0534,0.3164877263774799,0.43918638439186386,0.06718314276018356,0.025674578534354286,0.018357505518008743,TRUE,TRUE,TRUE,TRUE,TRUE,FALSE,FALSE,FALSE,FALSE,same_ranking,FALSE
24089,Europe,Cold_Without_dry_season_Warm_Summer,estimated,estimated,0.638,0.643,0.0159,0.108,0.4554,0.3769,0.1663,0.1582,-0.4395,-0.26890000000000003,-0.6888714733542319,-0.41819595645412133,-0.9325270528325906,-0.5545473293462571,-0.0038985715475601257,0.0014821424864034372,0.28497190279196194,0.13581344086353608,-0.004646304288674519,-0.013034407182464403,climate,climate,climate,climate,0.0050000000000000044,0.0921,-0.07850000000000001,-0.008099999999999996,0.17059999999999997,0.2706755169001106,0.3779797234863336,0.005380714033963563,-0.14915846192842586,-0.008388102893789884,TRUE,TRUE,TRUE,TRUE,TRUE,FALSE,FALSE,FALSE,FALSE,same_ranking,FALSE
1906,North America,Temperate_Without_dry_season,insufficient_unique_ages,insufficient_unique_ages,NA,NA,NA,NA,NA,NA,NA,NA,NA,NA,NA,NA,NA,NA,NA,NA,NA,NA,NA,NA,NA,NA,NA,NA,NA,NA,NA,NA,NA,NA,NA,NA,NA,NA,TRUE,TRUE,FALSE,FALSE,FALSE,FALSE,FALSE,FALSE,FALSE,not_estimable_at_either_radius,FALSE
688,North America,Polar,estimated,estimated,0.469,0.33,0.0422,-0.0124,0.1388,0.0683,0.288,0.2739,-0.0966,-0.0807,-0.20597014925373136,-0.2445454545454545,-0.5337016574585636,-1,0.06754744797198609,-0.07168151058171746,0.15333187519650815,0.004968609778618127,0.2729435378200412,0.2373491603476916,climate,climate,climate,climate,-0.13899999999999996,-0.0546,-0.07050000000000001,-0.014100000000000001,0.01590000000000001,-0.03857530529172315,-0.46629834254143643,-0.13922895855370354,-0.14836326541789002,-0.035594377472349614,TRUE,TRUE,TRUE,TRUE,TRUE,FALSE,FALSE,FALSE,FALSE,same_ranking,FALSE
20304,North America,Cold_Without_dry_season_Cold_Summer,estimated,estimated,0.353,0.245,0.0388,-0.0196,0.1876,0.1645,0.1268,0.1004,-0.1488,-0.1841,-0.4215297450424929,-0.7514285714285714,-0.657243816254417,-1,0.06466866236273683,-0.04326577662956255,-0.011798124468229365,-0.054321032395070135,0.031552646478413604,-0.017588868442684924,climate,climate,climate,climate,-0.10799999999999998,-0.0584,-0.02309999999999998,-0.026399999999999993,-0.035300000000000026,-0.32989882638607854,-0.34275618374558303,-0.10793443899229938,-0.04252290792684077,-0.04914151492109853,TRUE,TRUE,TRUE,TRUE,TRUE,FALSE,FALSE,FALSE,FALSE,same_ranking,FALSE
45698,Europe,Cold_Without_dry_season_Cold_Summer,estimated,estimated,0.535,0.516,0.2229,0.2384,-0.0382,-0.0438,0.35,0.3217,0.2611,0.2822,0.48803738317757006,0.5468992248062016,1,1,0.06466740707771257,0.046261256904670645,-0.09585707681635469,-0.09504982885387392,0.1450121830416672,0.10047906491184544,human,human,human,human,-0.019000000000000017,0.015500000000000014,-0.005600000000000001,-0.028299999999999992,0.021100000000000008,0.058861841628631506,0,-0.018406150173041924,8.072479624807727e-4,-0.04453311812982175,TRUE,TRUE,TRUE,TRUE,TRUE,FALSE,FALSE,FALSE,FALSE,same_ranking,FALSE
1654,Latin America,Polar,estimated,estimated,0.303,0.307,0.0115,0.0299,0.2386,0.2307,0.0529,0.0466,-0.2271,-0.20079999999999998,-0.7495049504950495,-0.6540716612377849,-0.9080367852858857,-0.770529547198772,0.018226268268030643,0.02246615799050944,0.16550305749094507,0.1696035819229843,-0.04127175320914267,-0.033995697902774125,climate,climate,climate,climate,0.0040000000000000036,0.0184,-0.007900000000000018,-0.0063,0.026300000000000018,0.09543328925726458,0.13750723808711374,0.004239889722478796,0.004100524432039232,0.007276055306368545,TRUE,TRUE,TRUE,TRUE,TRUE,FALSE,FALSE,FALSE,FALSE,same_ranking,FALSE
21708,Latin America,Temperate_Dry_Summer,estimated,estimated,0.333,0.352,0.0678,0.0534,0.1722,0.179,0.0931,0.1199,-0.10439999999999999,-0.1256,-0.3135135135135135,-0.3568181818181818,-0.435,-0.540447504302926,0.01972690440423308,0.038905507093001,0.12411244048865,0.12418240553966453,0.0023212996892407745,0.04250910120177953,climate,climate,climate,climate,0.01899999999999996,-0.014399999999999996,0.0068000000000000005,0.026800000000000004,-0.021199999999999997,-0.04330466830466834,-0.10544750430292599,0.01917860268876792,6.99650510145311e-5,0.04018780151253876,TRUE,TRUE,TRUE,TRUE,TRUE,FALSE,FALSE,FALSE,FALSE,same_ranking,FALSE
1902,North America,Cold_Dry_Summer,estimated,estimated,0.735,0.746,0.2186,0.2061,0.1377,0.1386,0.3791,0.4009,0.0809,0.0675,0.11006802721088435,0.09048257372654156,0.22705585181027227,0.195822454308094,0.023220569693478965,0.0333662195955281,0.07284729908802134,0.0769537479666278,0.2137953525228713,0.25979971778379984,human,human,human,human,0.01100000000000001,-0.012499999999999983,9.000000000000119e-4,0.021799999999999986,-0.013399999999999995,-0.01958545348434279,-0.031233397502178267,0.010145649902049136,0.00410644887860645,0.04600436526092855,TRUE,TRUE,TRUE,TRUE,TRUE,FALSE,FALSE,FALSE,FALSE,same_ranking,FALSE
24996,Europe,Cold_Without_dry_season_Cold_Summer,estimated,estimated,0.67,0.669,0.0893,0.1062,0.4037,0.3782,0.1767,0.185,-0.3144,-0.27199999999999996,-0.4692537313432836,-0.4065769805680119,-0.6377281947261664,-0.5615194054500412,-0.005018971223541002,-0.005216850464796696,0.18351954418074012,0.141664002336365,0.017272659629939513,0.04302376118881379,climate,climate,climate,climate,-0.0010000000000000009,0.0169,-0.025500000000000023,0.008300000000000002,0.04240000000000005,0.06267675077527168,0.07620878927612518,-1.97879241255694e-4,-0.04185554184437512,0.02575110155887428,TRUE,TRUE,TRUE,TRUE,TRUE,FALSE,FALSE,FALSE,FALSE,same_ranking,FALSE
821,North America,Cold_Without_dry_season_Warm_Summer,estimated,estimated,0.476,0.431,0.0316,0.0504,0.2873,0.277,0.1567,0.1038,-0.2557,-0.22660000000000002,-0.5371848739495798,-0.5257540603248261,-0.801818751959862,-0.6921197312156384,-0.00671713311121136,-0.05115866473814312,0.0937732784692249,0.14887985336452736,-0.008465792465864874,-0.03848864296298926,climate,climate,climate,climate,-0.044999999999999984,0.018799999999999997,-0.010299999999999976,-0.0529,0.02909999999999996,0.011430813624753733,0.10969902074422355,-0.04444153162693176,0.05510657489530246,-0.030022850497124387,TRUE,TRUE,TRUE,TRUE,TRUE,FALSE,FALSE,FALSE,FALSE,same_ranking,FALSE
22047,Latin America,Temperate_Without_dry_season,estimated,estimated,0.497,0.513,0.0829,0.0251,0.1146,0.1542,0.2996,0.334,-0.03169999999999999,-0.1291,-0.06378269617706236,-0.2516569200779727,-0.160506329113924,-0.7200223089793641,-0.029187202970848425,-0.013074416885164974,0.002723601068991166,0.029804524536934385,0.19494622235999248,0.21174927627488171,climate,climate,climate,climate,0.016000000000000014,-0.057800000000000004,0.03960000000000001,0.03440000000000004,-0.0974,-0.18787422390091033,-0.5595159798654401,0.01611278608568345,0.02708092346794322,0.016803053914889232,TRUE,TRUE,TRUE,TRUE,TRUE,FALSE,FALSE,FALSE,FALSE,same_ranking,FALSE
20050,Europe,Cold_Without_dry_season_Cold_Summer,estimated,estimated,0.314,0.243,0.0606,0.0323,0.105,0.0876,0.1483,0.123,-0.044399999999999995,-0.055299999999999995,-0.14140127388535031,-0.22757201646090533,-0.2681159420289855,-0.4612176814011676,0.07944491770285889,0.008465572526823006,-0.02311562121222699,-0.055783504073984136,0.07512242711908812,0.026681867795876113,climate,climate,climate,climate,-0.07100000000000001,-0.0283,-0.0174,-0.02529999999999999,-0.0109,-0.08617074257555501,-0.1931017393721821,-0.07097934517603588,-0.03266788286175715,-0.04844055932321201,TRUE,TRUE,TRUE,TRUE,TRUE,FALSE,FALSE,FALSE,FALSE,same_ranking,FALSE
45351,Europe,Cold_Without_dry_season_Cold_Summer,estimated,estimated,0.641,0.647,0.075,0.0884,0.2461,0.248,0.3194,0.311,-0.17110000000000003,-0.1596,-0.26692667706708273,-0.24667697063369395,-0.532855808159452,-0.47443519619500585,0.12451839387966579,0.13148207454594163,0.10190580527112914,0.12310514691466345,0.22580043287259488,0.22638418235002988,climate,climate,climate,climate,0.006000000000000005,0.013400000000000009,0.001899999999999985,-0.008400000000000019,0.011500000000000038,0.020249706433388776,0.058420611964446145,0.00696368066627584,0.02119934164353432,5.837494774350027e-4,TRUE,TRUE,TRUE,TRUE,TRUE,FALSE,FALSE,FALSE,FALSE,same_ranking,FALSE
2050,North America,Cold_Without_dry_season_Cold_Summer,estimated,estimated,0.388,0.415,0.016,0.0173,0.2288,0.2355,0.1432,0.1625,-0.2128,-0.21819999999999998,-0.5484536082474226,-0.5257831325301204,-0.8692810457516339,-0.8631329113924051,-0.0323947845115059,-0.005067695508960468,0.07379963601716144,0.05438514697460417,-0.004093657974002296,0.0017794224458975716,climate,climate,climate,climate,0.02699999999999997,0.001299999999999999,0.006699999999999984,0.01930000000000001,-0.005399999999999988,0.022670475717302185,0.006148134359228785,0.027327089002545435,-0.01941448904255727,0.005873080419899868,TRUE,TRUE,TRUE,TRUE,TRUE,FALSE,FALSE,FALSE,FALSE,same_ranking,FALSE
22805,Europe,Temperate_Without_dry_season,estimated,estimated,0.37,0.399,0.1156,0.1296,0.1969,0.2058,0.0573,0.0636,-0.0813,-0.07620000000000002,-0.21972972972972973,-0.19097744360902258,-0.26016,-0.2271914132379249,0.1292550164529992,0.15844708470554025,0.11323401872995564,0.14107633739393877,-0.0570093793709614,-0.03448644911654963,climate,climate,climate,climate,0.029000000000000026,0.013999999999999999,0.008900000000000019,0.006300000000000007,0.0050999999999999795,0.028752286120707155,0.03296858676207509,0.02919206825254106,0.027842318663983123,0.022522930254411766,TRUE,TRUE,TRUE,TRUE,TRUE,FALSE,FALSE,FALSE,FALSE,same_ranking,FALSE
1890,North America,Cold_Without_dry_season_Cold_Summer,missing_predictor_group,estimated,NA,0.61,NA,0.0615,NA,0.3257,NA,0.2228,NA,-0.2642,NA,-0.43311475409836064,NA,-0.6823347107438017,NA,0.05799866564600353,NA,0.22079296195310694,NA,0.15362336562598677,NA,climate,NA,climate,NA,NA,NA,NA,NA,NA,NA,NA,NA,NA,TRUE,TRUE,FALSE,TRUE,FALSE,TRUE,FALSE,FALSE,FALSE,gained_estimability,TRUE
2588,North America,Cold_Without_dry_season_Cold_Summer,estimated,estimated,0.295,0.364,0.0564,0.0915,0.1422,0.1673,0.0963,0.1054,-0.08579999999999999,-0.0758,-0.2908474576271186,-0.20824175824175825,-0.43202416918429,-0.2928902627511592,0.006970759021660999,0.07637081544310864,0.019889282323008795,0.050806618990849484,0.0013603262954340334,2.2242331857891262e-4,climate,climate,climate,climate,0.069,0.0351,0.02510000000000001,0.009099999999999997,0.009999999999999981,0.08260569938536036,0.13913390643313078,0.06940005642144764,0.03091733666784069,-0.0011379029768551208,TRUE,TRUE,TRUE,TRUE,TRUE,FALSE,FALSE,FALSE,FALSE,same_ranking,FALSE
239,North America,Temperate_Dry_Summer,estimated,estimated,0.237,0.168,0.2569,0.2044,-0.1619,-0.1714,0.1415,0.1349,0.4188,0.3758,1.7670886075949368,2.236904761904762,1,1,0.38927571501305913,0.3207452804141584,-0.09529016587484695,-0.11302007271946557,0.2398218997605297,0.2280909402113953,human,human,human,human,-0.06899999999999998,-0.05250000000000002,-0.009500000000000008,-0.006599999999999995,-0.04299999999999998,0.46981615430982515,0,-0.06853043459890074,-0.017729906844618615,-0.01173095954913439,TRUE,TRUE,TRUE,TRUE,TRUE,FALSE,FALSE,FALSE,FALSE,same_ranking,FALSE
14803,North America,Cold_Without_dry_season_Cold_Summer,estimated,estimated,0.622,0.595,0.0366,0.0935,0.149,0.1337,0.436,0.3674,-0.1124,-0.040200000000000014,-0.1807073954983923,-0.06756302521008406,-0.6056034482758621,-0.1769366197183099,-0.0076768439127478105,-0.034661817697358543,-0.03523159277803489,-0.06843144814344682,0.25653905195342075,0.11666883070557066,climate,climate,climate,climate,-0.027000000000000024,0.0569,-0.01529999999999998,-0.0686,0.07219999999999999,0.11314437028830823,0.4286668285575522,-0.026984973784610733,-0.03319985536541192,-0.1398702212478501,TRUE,TRUE,TRUE,TRUE,TRUE,FALSE,FALSE,FALSE,FALSE,same_ranking,FALSE
15413,North America,Cold_Dry_Summer,estimated,estimated,0.368,0.426,-0.0118,0.0248,0.2421,0.2459,0.1376,0.1553,-0.2539,-0.22110000000000002,-0.6899456521739131,-0.5190140845070423,-1,-0.8167713335796085,-0.05676793899571131,0.001414639211531954,0.041104589245210654,0.05090030349975172,-0.03777215697069358,-3.5447697582102755e-4,climate,climate,climate,climate,0.057999999999999996,0.0366,0.003799999999999998,0.017699999999999994,0.032799999999999996,0.1709315676668708,0.18322866642039148,0.05818257820724326,0.009795714254541066,0.037417679994872555,TRUE,TRUE,TRUE,TRUE,TRUE,FALSE,FALSE,FALSE,FALSE,same_ranking,FALSE
4555,Europe,Cold_Without_dry_season_Cold_Summer,estimated,estimated,0.439,0.458,0.0605,0.0884,0.1894,0.1826,0.1887,0.1872,-0.12890000000000001,-0.0942,-0.293621867881549,-0.20567685589519652,-0.5158063225290116,-0.34760147601476016,0.07667290659697212,0.09631003483485312,0.14466902603839427,0.12532149740780407,0.1293558162157834,0.12070759823527377,climate,climate,climate,climate,0.019000000000000017,0.027900000000000008,-0.0068000000000000005,-0.0015000000000000013,0.03470000000000001,0.08794501198635246,0.16820484651425144,0.019637128237880996,-0.019347528630590194,-0.008648217980509632,TRUE,TRUE,TRUE,TRUE,TRUE,FALSE,FALSE,FALSE,FALSE,same_ranking,FALSE
48982,Europe,Cold_Without_dry_season_Cold_Summer,estimated,estimated,0.349,0.37,0.0678,0.0828,0.1597,0.1622,0.1214,0.125,-0.09190000000000001,-0.07940000000000001,-0.26332378223495706,-0.21459459459459462,-0.403956043956044,-0.3240816326530613,0.08031551854850838,0.10153394965900375,0.08666842492709825,0.09048957979221295,0.0402931120893818,0.04641775513712776,climate,climate,climate,climate,0.02100000000000002,0.015,0.0025000000000000022,0.003600000000000006,0.012499999999999997,0.04872918764036244,0.07987441130298273,0.021218431110495373,0.0038211548651146954,0.006124643047745959,TRUE,TRUE,TRUE,TRUE,TRUE,FALSE,FALSE,FALSE,FALSE,same_ranking,FALSE
343,North America,Cold_Dry_Summer,estimated,estimated,0.253,0.327,-0.0252,0.0355,0.1059,0.0856,0.1726,0.2062,-0.1311,-0.0501,-0.5181818181818182,-0.1532110091743119,-1,-0.4137076796036334,-0.024978467970247942,0.049045126225813584,0.080393729481539,0.03547212602740324,0.16816191027070226,0.2312140406694848,climate,climate,climate,climate,0.07400000000000001,0.0607,-0.0203,0.03359999999999999,0.08099999999999999,0.3649708090075063,0.5862923203963666,0.07402359419606153,-0.04492160345413576,0.06305213039878255,TRUE,TRUE,TRUE,TRUE,TRUE,FALSE,FALSE,FALSE,FALSE,same_ranking,FALSE
2025,North America,Cold_Without_dry_season_Cold_Summer,estimated,estimated,0.7,0.712,0.0292,0.0723,0.4544,0.4047,0.2159,0.2346,-0.4252,-0.33240000000000003,-0.6074285714285715,-0.4668539325842697,-0.8792390405293631,-0.6968553459119498,0.023591689303927854,0.035714937968073124,0.40514027357156934,0.31349008881239615,0.1686128126682822,0.21367538698191524,climate,climate,climate,climate,0.01200000000000001,0.0431,-0.04970000000000002,0.018699999999999994,0.0928,0.14057463884430182,0.18238369461741333,0.01212324866414527,-0.09165018475917319,0.04506257431363303,TRUE,TRUE,TRUE,TRUE,TRUE,FALSE,FALSE,FALSE,FALSE,same_ranking,FALSE
24048,Europe,Polar,estimated,estimated,0.157,0.169,0.0852,0.0818,0.0316,0.0504,0.0402,0.0373,0.053599999999999995,0.0314,0.3414012738853503,0.1857988165680473,0.45890410958904104,0.23751891074130108,0.06818060092300071,0.08057482857309639,-0.059363957943768364,-0.024376007788310616,-0.012604123394217126,-0.0212331997819849,human,human,human,human,0.01200000000000001,-0.0034000000000000002,0.018799999999999997,-0.0029,-0.022199999999999998,-0.155602457317303,-0.22138519884773997,0.01239422765009568,0.03498795015545775,-0.008629076387767776,TRUE,TRUE,TRUE,TRUE,TRUE,FALSE,FALSE,FALSE,FALSE,same_ranking,FALSE
1003,North America,Cold_Dry_Summer,estimated,estimated,0.393,0.372,-0.0022,-0.0236,0.1996,0.1933,0.1952,0.2024,-0.2018,-0.2169,-0.5134860050890585,-0.5830645161290323,-1,-1,-0.05392910265096218,-0.0744034674834847,0.10244500447488047,0.09898923546144223,0.098066443708416,0.12166414851222174,climate,climate,climate,climate,-0.02100000000000002,-0.0214,-0.0063,0.007199999999999984,-0.015100000000000002,-0.06957851103997381,0,-0.020474364832522518,-0.003455769013438248,0.02359770480380574,TRUE,TRUE,TRUE,TRUE,TRUE,FALSE,FALSE,FALSE,FALSE,same_ranking,FALSE
3563,North America,Cold_Without_dry_season_Hot_Summer,estimated,estimated,0.347,0.293,0.0151,0.0319,0.1839,0.1693,0.148,0.092,-0.1688,-0.13740000000000002,-0.4864553314121038,-0.4689419795221844,-0.8482412060301507,-0.6829025844930419,-0.01238034968416113,-0.06623811223409637,0.1515511193926803,0.10034822310072389,0.11556954339534786,-0.0183916942528769,climate,climate,climate,climate,-0.05399999999999999,0.016799999999999995,-0.014600000000000002,-0.055999999999999994,0.031399999999999983,0.01751335188991937,0.16533862153710888,-0.05385776254993524,-0.0512028962919564,-0.13396123764822476,TRUE,TRUE,TRUE,TRUE,TRUE,FALSE,FALSE,FALSE,FALSE,same_ranking,FALSE
46292,North America,Cold_Without_dry_season_Warm_Summer,estimated,estimated,0.529,0.733,-0.0414,0.1611,0.3651,0.3462,0.2057,0.2253,-0.4065,-0.18510000000000001,-0.7684310018903591,-0.25252387448840385,-1,-0.36487285629804855,-0.03512225500618915,0.16810852192587544,0.20008787904506864,0.2353788015137701,0.028111125535938752,0.14051505255161345,climate,climate,climate,climate,0.20399999999999996,0.20249999999999999,-0.018899999999999972,0.019600000000000006,0.22139999999999996,0.5159071274019552,0.6351271437019514,0.2032307769320646,0.03529092246870147,0.1124039270156747,TRUE,TRUE,TRUE,TRUE,TRUE,FALSE,FALSE,FALSE,FALSE,same_ranking,FALSE
834,North America,Cold_Without_dry_season_Cold_Summer,estimated,estimated,0.636,0.664,0.099,0.1217,0.2766,0.2878,0.26,0.2546,-0.1776,-0.1661,-0.2792452830188679,-0.25015060240963854,-0.4728434504792332,-0.4056166056166056,-0.04231392500370401,-0.013921389179421095,-0.013979489329188799,0.0087763840966264,-0.001075026479832264,-0.011560446428436455,climate,climate,climate,climate,0.028000000000000025,0.022699999999999998,0.011199999999999988,-0.005400000000000016,0.01150000000000001,0.029094680609229373,0.06722684486262759,0.028392535824282916,0.0227558734258152,-0.010485419948604191,TRUE,TRUE,TRUE,TRUE,TRUE,FALSE,FALSE,FALSE,FALSE,same_ranking,FALSE
835,North America,Cold_Without_dry_season_Cold_Summer,estimated,estimated,-0.017,0.368,-0.0284,0.2303,-0.1022,-0.0124,0.1134,0.1501,0.0738,0.2427,-4.341176470588235,0.6595108695652174,NA,1,-0.06747302978188918,0.31787557329199523,-0.15948133688450328,0.0018757037818658562,0.10150194595467199,0.1567847724379705,human,human,NA,human,0.385,0.2587,0.0898,0.03670000000000001,0.1689,5.000687340153452,NA,0.3853486030738844,0.16135704066636913,0.05528282648329852,TRUE,TRUE,TRUE,TRUE,TRUE,FALSE,FALSE,FALSE,FALSE,same_ranking,FALSE
20279,Europe,Polar,estimated,estimated,0.557,0.484,0.1132,0.0625,0.3076,0.2812,0.1358,0.1402,-0.1944,-0.2187,-0.34901256732495506,-0.4518595041322314,-0.4619771863117871,-0.6363107361070701,0.10608914595871144,0.03345779763666945,0.2547076674340516,0.20946743835095283,0.0412164866345599,0.05779046931000831,climate,climate,climate,climate,-0.07300000000000006,-0.050699999999999995,-0.02639999999999998,0.004399999999999987,-0.024300000000000016,-0.10284693680727636,-0.17433354979528304,-0.07263134832204199,-0.04524022908309877,0.016573982675448407,TRUE,TRUE,TRUE,TRUE,TRUE,FALSE,FALSE,FALSE,FALSE,same_ranking,FALSE
4415,Europe,Cold_Without_dry_season_Cold_Summer,estimated,estimated,0.237,0.209,0.0207,-0.0167,0.1014,0.117,0.1152,0.109,-0.08070000000000001,-0.1337,-0.3405063291139241,-0.6397129186602871,-0.660933660933661,-1,2.797976861194096e-4,-0.027768215828202547,-0.05357594760100326,-0.015609655970053149,-0.016535034155333972,-0.022229203431562428,climate,climate,climate,climate,-0.027999999999999997,-0.0374,0.015600000000000003,-0.006199999999999997,-0.053000000000000005,-0.29920658954636303,-0.339066339066339,-0.028048013514321957,0.03796629163095011,-0.005694169276228456,TRUE,TRUE,TRUE,TRUE,TRUE,FALSE,FALSE,FALSE,FALSE,same_ranking,FALSE
20012,Europe,Temperate_Without_dry_season,estimated,estimated,0.37,0.354,0.1355,0.0505,0.0016,0.011,0.2329,0.2921,0.13390000000000002,0.03950000000000001,0.36189189189189197,0.11158192090395483,0.976659372720642,0.6422764227642278,0.06068214334418409,0.04429454762857743,0.014907578844013836,0.04389292928658317,0.17075904999860192,0.2994463047435807,human,human,human,human,-0.016000000000000014,-0.085,0.009399999999999999,0.05920000000000003,-0.09440000000000001,-0.25030997098793717,-0.33438294995641415,-0.016387595715606662,0.028985350442569335,0.12868725474497877,TRUE,TRUE,TRUE,TRUE,TRUE,FALSE,FALSE,FALSE,FALSE,same_ranking,FALSE
24080,Europe,Cold_Without_dry_season_Cold_Summer,estimated,estimated,0.476,0.57,0.0105,0.1045,0.2669,0.2701,0.1983,0.1956,-0.2564,-0.16560000000000002,-0.538655462184874,-0.29052631578947374,-0.9242970439798125,-0.4420715429791779,-0.01017877330784378,0.08433370853074618,0.11759167407161453,0.09008728993700876,0.07256519052382171,0.03330289417613108,climate,climate,climate,climate,0.09399999999999997,0.094,0.0031999999999999806,-0.002700000000000008,0.09079999999999999,0.2481291463954003,0.4822255010006346,0.09451248183858996,-0.027504384134605764,-0.03926229634769063,TRUE,TRUE,TRUE,TRUE,TRUE,FALSE,FALSE,FALSE,FALSE,same_ranking,FALSE
279,North America,Cold_Without_dry_season_Warm_Summer,estimated,estimated,0.052,0.087,-0.0198,0.0725,-0.0685,-0.0795,0.1399,0.0936,0.04870000000000001,0.152,0.9365384615384618,1.7471264367816093,NA,1,-0.04790304288602498,-0.012866974516657748,-0.1765847898308538,-0.17724980345132513,0.04719634971351194,-0.024279553198994663,human,human,NA,human,0.034999999999999996,0.0923,-0.010999999999999996,-0.046299999999999994,0.10329999999999999,0.8105879752431475,NA,0.035036068369367235,-6.650136204713331e-4,-0.0714759029125066,TRUE,TRUE,TRUE,TRUE,TRUE,FALSE,FALSE,FALSE,FALSE,same_ranking,FALSE
2004,North America,Cold_Without_dry_season_Cold_Summer,missing_predictor_group,estimated,NA,0.666,NA,0.053,NA,0.3727,NA,0.2399,NA,-0.3197,NA,-0.48003003003003,NA,-0.7509983556495184,NA,0.04446706598122485,NA,0.20109668425634364,NA,0.09312119129770502,NA,climate,NA,climate,NA,NA,NA,NA,NA,NA,NA,NA,NA,NA,TRUE,TRUE,FALSE,TRUE,FALSE,TRUE,FALSE,FALSE,FALSE,gained_estimability,TRUE
15101,Latin America,Temperate_Dry_Summer,estimated,estimated,0.29,0.44,-0.0449,0.0148,0.1861,0.2519,0.1492,0.1737,-0.23099999999999998,-0.2371,-0.7965517241379311,-0.5388636363636363,-1,-0.8890138732658418,-0.0387335259910212,0.11140526483414936,0.10882488787488809,0.28439564578727794,0.07811971551332686,0.17116896979539697,climate,climate,climate,climate,0.15000000000000002,0.0597,0.06580000000000003,0.024499999999999994,-0.006100000000000022,0.25768808777429475,0.1109861267341582,0.15013879082517056,0.17557075791238985,0.09304925428207012,TRUE,TRUE,TRUE,TRUE,TRUE,FALSE,FALSE,FALSE,FALSE,same_ranking,FALSE
3774,North America,Cold_Without_dry_season_Warm_Summer,estimated,estimated,0.442,0.424,0.0226,0.0853,0.1946,0.1546,0.225,0.1846,-0.172,-0.06929999999999999,-0.3891402714932126,-0.16344339622641507,-0.7918968692449355,-0.28887036265110455,-0.004937211937247166,-0.022627284969838124,0.051937484375980114,0.051429094547678744,0.08169920123224172,0.08035816136308194,climate,climate,climate,climate,-0.018000000000000016,0.0627,-0.04000000000000001,-0.04040000000000002,0.1027,0.22569687526679755,0.503026506593831,-0.01769007303259096,-5.083898283013699e-4,-0.001341039869159788,TRUE,TRUE,TRUE,TRUE,TRUE,FALSE,FALSE,FALSE,FALSE,same_ranking,FALSE
1771,Latin America,Polar,estimated,estimated,0.303,0.4,-0.0287,0.076,0.0929,0.0603,0.2386,0.2638,-0.1216,0.0157,-0.4013201320132013,0.03924999999999999,-1,0.1151870873074101,-0.014030341243068456,0.08323662521956798,0.13761899345512363,0.07949346397142887,0.3049882083119285,0.36252936726298335,climate,human,climate,human,0.09700000000000003,0.1047,-0.0326,0.025199999999999972,0.1373,0.44057013201320133,1.1151870873074101,0.09726696646263644,-0.05812552948369476,0.05754115895105483,TRUE,TRUE,TRUE,TRUE,TRUE,FALSE,TRUE,TRUE,TRUE,ranking_reversal,TRUE
15967,North America,Cold_Dry_Summer,estimated,estimated,0.364,0.403,0.2012,0.29,0.0722,0.0309,0.0903,0.0822,0.129,0.2591,0.3543956043956044,0.6429280397022332,0.47183613752743236,0.8074166406980369,0.10315522489432549,0.1424668596136811,0.020955252104464694,-0.0870702042459991,-0.0096314112535818,-0.051324734562371854,human,human,human,human,0.039000000000000035,0.08879999999999999,-0.0413,-0.00810000000000001,0.1301,0.2885324353066288,0.3355805031706045,0.039311634719355615,-0.10802545635046379,-0.04169332330879005,TRUE,TRUE,TRUE,TRUE,TRUE,FALSE,FALSE,FALSE,FALSE,same_ranking,FALSE
1607,North America,Cold_Without_dry_season_Warm_Summer,missing_predictor_group,estimated,NA,0.482,NA,0.03,NA,0.2769,NA,0.1752,NA,-0.24689999999999998,NA,-0.5122406639004149,NA,-0.8044965786901271,NA,-0.03119688856745151,NA,0.15736772654178854,NA,0.05603309557924363,NA,climate,NA,climate,NA,NA,NA,NA,NA,NA,NA,NA,NA,NA,TRUE,TRUE,FALSE,TRUE,FALSE,TRUE,FALSE,FALSE,FALSE,gained_estimability,TRUE
17336,Europe,Temperate_Without_dry_season,estimated,estimated,0.607,0.598,0.1468,0.123,0.1895,0.1911,0.2703,0.2842,-0.04269999999999999,-0.0681,-0.07034596375617791,-0.11387959866220736,-0.12696996729110907,-0.21680993314231134,-0.016067269534963513,-0.024358348328902713,0.03977782041072042,0.03797192661742643,0.08479592363394084,0.107599411750406,climate,climate,climate,climate,-0.009000000000000008,-0.023800000000000016,0.0015999999999999903,0.013900000000000023,-0.025400000000000006,-0.04353363490602945,-0.08983996585120227,-0.0082910787939392,-0.001805893793293989,0.022803488116465154,TRUE,TRUE,TRUE,TRUE,TRUE,FALSE,FALSE,FALSE,FALSE,same_ranking,FALSE
987,North America,Cold_Without_dry_season_Cold_Summer,estimated,estimated,0.487,0.465,-0.0259,-0.0079,0.3299,0.3168,0.1834,0.1562,-0.3558,-0.32470000000000004,-0.7305954825462012,-0.6982795698924732,-1,-1,-0.033058446979915,-0.05530320673698963,0.20530023769244954,0.16691208080194353,0.08369625236457667,0.017138809064958904,climate,climate,climate,climate,-0.021999999999999964,0.018,-0.0131,-0.027200000000000002,0.03109999999999996,0.03231591265372802,0,-0.022244759757074628,-0.03838815689050601,-0.06655744329961777,TRUE,TRUE,TRUE,TRUE,TRUE,FALSE,FALSE,FALSE,FALSE,same_ranking,FALSE
15646,North America,Cold_Dry_Summer,estimated,estimated,0.075,0.204,0.1468,0.2292,-0.0988,-0.0853,0.0266,0.06,0.2456,0.3145,3.274666666666667,1.5416666666666667,1,1,0.15926999117318352,0.2885302345554137,-0.13930308044875506,-0.07629988702163581,-0.0189971763051765,0.08374891821478925,human,human,human,human,0.129,0.08239999999999997,0.013499999999999998,0.0334,0.06889999999999999,-1.7330000000000003,0,0.1292602433822302,0.06300319342711924,0.10274609451996575,TRUE,TRUE,TRUE,TRUE,TRUE,FALSE,FALSE,FALSE,FALSE,same_ranking,FALSE
15061,Latin America,Temperate_Dry_Summer,estimated,estimated,0.484,0.445,-0.0089,0.0104,0.2906,0.2617,0.2024,0.173,-0.29950000000000004,-0.25129999999999997,-0.6188016528925621,-0.5647191011235955,-1,-0.9235575156192575,0.04750885122277182,0.008560014428822926,0.2595172145809014,0.2067173903535957,0.1669477738964622,0.11300856898007217,climate,climate,climate,climate,-0.03899999999999998,0.019299999999999998,-0.028900000000000037,-0.02940000000000001,0.048200000000000076,0.05408255176896659,0.07644248438074253,-0.03894883679394889,-0.05279982422730567,-0.05393920491639004,TRUE,TRUE,TRUE,TRUE,TRUE,FALSE,FALSE,FALSE,FALSE,same_ranking,FALSE
20609,North America,Cold_Without_dry_season_Warm_Summer,estimated,estimated,0.459,0.444,0.0764,0.1009,0.0979,0.1031,0.2849,0.2403,-0.021500000000000005,-0.0021999999999999936,-0.0468409586056645,-0.004954954954954941,-0.12335054503729205,-0.010784313725490165,0.09117936985988395,0.07630322987829519,0.050857153395788,0.033896622347642014,0.28855192166199073,0.17215193037786425,climate,climate,climate,climate,-0.015000000000000013,0.024500000000000008,0.005199999999999996,-0.04459999999999997,0.01930000000000001,0.04188600365070956,0.11256623131180188,-0.014876139981588765,-0.016960531048145988,-0.11639999128412648,TRUE,TRUE,TRUE,TRUE,TRUE,FALSE,FALSE,FALSE,FALSE,same_ranking,FALSE
40448,Europe,Polar,estimated,estimated,0.531,0.49,0.0347,-0.0069,0.1906,0.1913,0.3056,0.3056,-0.15589999999999998,-0.1982,-0.29359698681732577,-0.4044897959183673,-0.6919662671992898,-1,0.03084633170703799,-0.010127730624294506,0.1391234323848446,0.14451769038191775,0.2744786634413052,0.278436737109923,climate,climate,climate,climate,-0.041000000000000036,-0.0416,7.000000000000062e-4,0,-0.042300000000000004,-0.11089280910104155,-0.3080337328007102,-0.040974062331332495,0.00539425799707316,0.003958073668617779,TRUE,TRUE,TRUE,TRUE,TRUE,FALSE,FALSE,FALSE,FALSE,same_ranking,FALSE
3046,North America,Cold_Without_dry_season_Warm_Summer,missing_predictor_group,estimated,NA,0.459,NA,0.1535,NA,0.0184,NA,0.2867,NA,0.1351,NA,0.2943355119825708,NA,0.7859220477021525,NA,0.09012744507813186,NA,0.032834851787647445,NA,0.21250523792897447,NA,human,NA,human,NA,NA,NA,NA,NA,NA,NA,NA,NA,NA,TRUE,TRUE,FALSE,TRUE,FALSE,TRUE,FALSE,FALSE,FALSE,gained_estimability,TRUE
1610,Latin America,Arid,estimated,estimated,0.096,0.296,0.0359,0.1766,0.0284,0.0756,0.0321,0.0439,0.0075,0.101,0.078125,0.34121621621621623,0.1166407465007776,0.40047581284694694,-0.006024524569340661,0.19367512256636144,-0.06373607107171142,0.036248079119478804,-0.01760079834078143,0.011581075612274061,human,human,human,human,0.19999999999999998,0.1407,0.0472,0.011800000000000005,0.0935,0.26309121621621623,0.28383506634616934,0.1996996471357021,0.09998415019119022,0.029181873953055493,TRUE,TRUE,TRUE,TRUE,TRUE,FALSE,FALSE,FALSE,FALSE,same_ranking,FALSE
331,North America,Temperate_Without_dry_season,estimated,estimated,0.698,0.663,0.1167,0.1056,0.3561,0.3418,0.2247,0.2153,-0.23940000000000003,-0.2362,-0.3429799426934098,-0.3562594268476621,-0.5063451776649747,-0.5279392042914618,0.006908828851459159,-0.027913772226915823,0.13885215678123997,0.12416053640579472,0.0012543701073285396,-0.003757154795070994,climate,climate,climate,climate,-0.03499999999999992,-0.011099999999999999,-0.014300000000000035,-0.00940000000000002,0.003200000000000036,-0.013279484154252286,-0.02159402662648713,-0.03482260107837498,-0.014691620375445247,-0.005011524902399533,TRUE,TRUE,TRUE,TRUE,TRUE,FALSE,FALSE,FALSE,FALSE,same_ranking,FALSE
3074,Latin America,Tropical,missing_predictor_group,missing_predictor_group,NA,NA,NA,NA,NA,NA,NA,NA,NA,NA,NA,NA,NA,NA,NA,NA,NA,NA,NA,NA,NA,NA,NA,NA,NA,NA,NA,NA,NA,NA,NA,NA,NA,NA,TRUE,TRUE,FALSE,FALSE,FALSE,FALSE,FALSE,FALSE,FALSE,not_estimable_at_either_radius,FALSE
1711,Latin America,Temperate_Dry_Summer,estimated,estimated,0.306,0.357,0.0024,0.0617,0.1788,0.1813,0.1252,0.1143,-0.17639999999999997,-0.11959999999999998,-0.5764705882352941,-0.33501400560224087,-0.9735099337748343,-0.4921810699588477,-0.031162324794185126,0.01960626723862724,-0.02567258933658434,-0.011740349955537632,-0.023208239135743436,-0.03602830802019463,climate,climate,climate,climate,0.05099999999999999,0.0593,0.0025000000000000022,-0.010900000000000007,0.05679999999999999,0.2414565826330532,0.4813288638159866,0.050768592032812365,0.013932239381046707,-0.012820068884451197,TRUE,TRUE,TRUE,TRUE,TRUE,FALSE,FALSE,FALSE,FALSE,same_ranking,FALSE
48931,Europe,Arid,estimated,estimated,0.358,0.376,-0.001,0.0356,0.1139,0.1057,0.2455,0.2348,-0.1149,-0.0701,-0.32094972067039107,-0.18643617021276596,-1,-0.4961075725406935,-0.02890930314854956,-0.011219062115175205,0.1304997236387978,0.08913904570970133,0.3242074290509209,0.27784899832138665,climate,climate,climate,climate,0.018000000000000016,0.0366,-0.008199999999999999,-0.010699999999999987,0.044800000000000006,0.13451355045762511,0.5038924274593065,0.017690241033374354,-0.04136067792909648,-0.04635843072953427,TRUE,TRUE,TRUE,TRUE,TRUE,FALSE,FALSE,FALSE,FALSE,same_ranking,FALSE
3935,Europe,Cold_Without_dry_season_Warm_Summer,estimated,estimated,0.402,0.408,-0.0427,0.0331,0.2698,0.2062,0.1747,0.1686,-0.3125,-0.1731,-0.7773631840796019,-0.424264705882353,-1,-0.7233597994149603,-0.053494375776580005,-0.047388405289433555,0.14279824863821244,0.008631802744417771,0.05973884194684387,0.04057807691716753,climate,climate,climate,climate,0.00599999999999995,0.0758,-0.06359999999999999,-0.006099999999999994,0.1394,0.35309847819724893,0.2766402005850397,0.00610597048714645,-0.13416644589379467,-0.01916076502967634,TRUE,TRUE,TRUE,TRUE,TRUE,FALSE,FALSE,FALSE,FALSE,same_ranking,FALSE
15032,North America,Cold_Without_dry_season_Warm_Summer,estimated,estimated,0.41,0.527,0.0991,0.0623,0.1456,0.2119,0.1658,0.2532,-0.046500000000000014,-0.1496,-0.11341463414634151,-0.2838709677419355,-0.19002860645688605,-0.5455871626549964,-0.027638992870372414,0.08932693932362801,0.08629980176291674,0.29168606809727493,0.09136258053915847,0.3389144766149479,climate,climate,climate,climate,0.11700000000000005,-0.03679999999999999,0.0663,0.08739999999999998,-0.1031,-0.17045633359559398,-0.3555585561981104,0.11696593219400042,0.2053862663343582,0.24755189607578942,TRUE,TRUE,TRUE,TRUE,TRUE,FALSE,FALSE,FALSE,FALSE,same_ranking,FALSE
4445,Europe,Temperate_Without_dry_season,estimated_residual_temporal_dependence,estimated_residual_temporal_dependence,0.524,0.545,-0.0099,0.0322,0.2874,0.2859,0.2465,0.2272,-0.2973,-0.2537,-0.5673664122137404,-0.4655045871559632,-1,-0.7975479408990883,-0.019850323412697324,0.0015322312928248705,0.20951854679814563,0.2595554244350484,0.1700616833671863,0.1845702303650898,climate,climate,climate,climate,0.02100000000000002,0.0421,-0.0015000000000000013,-0.019299999999999984,0.04360000000000003,0.10186182505777719,0.20245205910091169,0.021382554705522194,0.05003687763690279,0.014508546997903493,TRUE,TRUE,TRUE,TRUE,TRUE,FALSE,FALSE,FALSE,FALSE,same_ranking,FALSE
15417,North America,Cold_Dry_Summer,estimated,estimated,-0.095,0.015,-0.0813,-0.0015,0.0124,-0.0042,-0.0259,0.0208,-0.09369999999999999,0.0026999999999999997,0.9863157894736841,0.18,-1,NA,-0.15691217741075325,-0.04697779646321498,-0.049564334605984195,-0.06531758965700118,-0.07744617966754896,0.03349488616253804,climate,human,climate,NA,0.11,0.0798,-0.0166,0.0467,0.09639999999999999,-0.8063157894736841,NA,0.10993438094753827,-0.01575325505101699,0.110941065830087,TRUE,TRUE,TRUE,TRUE,TRUE,FALSE,TRUE,FALSE,TRUE,ranking_reversal,TRUE
4391,Europe,Cold_Without_dry_season_Cold_Summer,estimated,estimated,0.453,0.592,-0.034,0.0578,0.2343,0.2626,0.2525,0.2717,-0.2683,-0.2048,-0.5922737306843266,-0.34594594594594597,-1,-0.6392009987515606,-0.023678605297380195,0.11562731446165542,0.11449582808691428,0.1901139365734298,0.13326197735500223,0.1906312447562829,climate,climate,climate,climate,0.13899999999999996,0.09179999999999999,0.028299999999999992,0.019199999999999995,0.06349999999999997,0.24632778473838068,0.36079900124843944,0.1393059197590356,0.07561810848651551,0.05736926740128068,TRUE,TRUE,TRUE,TRUE,TRUE,FALSE,FALSE,FALSE,FALSE,same_ranking,FALSE
24867,Europe,Temperate_Without_dry_season,estimated,estimated,0.457,0.47,0.0181,0.0332,0.2689,0.2391,0.1701,0.1976,-0.25079999999999997,-0.2059,-0.548796498905908,-0.43808510638297876,-0.8738675958188152,-0.7561513037091444,-0.016662526549849233,-0.003908129549854866,0.27863242338025707,0.2645734077035351,0.17134651142351476,0.27176606224385536,climate,climate,climate,climate,0.012999999999999956,0.015099999999999999,-0.029799999999999965,0.027499999999999997,0.04489999999999997,0.11071139252292922,0.11771629210967083,0.012754396999994366,-0.014059015676721964,0.1004195508203406,TRUE,TRUE,TRUE,TRUE,TRUE,FALSE,FALSE,FALSE,FALSE,same_ranking,FALSE
3484,North America,Temperate_Without_dry_season,estimated,estimated,0.462,0.397,0.0701,0.0324,0.3032,0.2841,0.0885,0.0801,-0.23310000000000003,-0.25170000000000003,-0.5045454545454546,-0.6340050377833754,-0.624430752745781,-0.7952606635071091,0.06372511021803662,-0.0015702718247715408,0.2715718085261729,0.23803516861543117,0.02206022652412587,0.01006931958916768,climate,climate,climate,climate,-0.065,-0.0377,-0.019100000000000006,-0.00839999999999999,-0.018600000000000005,-0.12945958323792073,-0.17082991076132814,-0.06529538204280816,-0.03353663991074174,-0.01199090693495819,TRUE,TRUE,TRUE,TRUE,TRUE,FALSE,FALSE,FALSE,FALSE,same_ranking,FALSE
317,Europe,Cold_Without_dry_season_Cold_Summer,estimated,estimated,0.4,0.416,0.0801,0.0518,0.1702,0.1959,0.1497,0.1688,-0.09009999999999999,-0.1441,-0.22524999999999995,-0.3463942307692308,-0.35996803835397523,-0.5817521194993945,-0.04039721912065419,-0.023942847822679525,-0.03495789071428246,0.004929516620268082,-0.016620634118200583,0.010253324865300395,climate,climate,climate,climate,0.01599999999999996,-0.028300000000000006,0.0257,0.019100000000000006,-0.05400000000000002,-0.12114423076923087,-0.2217840811454193,0.016454371297974668,0.03988740733455054,0.02687395898350098,TRUE,TRUE,TRUE,TRUE,TRUE,FALSE,FALSE,FALSE,FALSE,same_ranking,FALSE
21926,Latin America,Polar,estimated,estimated,0.266,0.259,-0.0309,-0.04,0.2401,0.2491,0.0571,0.0501,-0.271,-0.28909999999999997,-1.018796992481203,-1.1162162162162161,-1,-1,-0.04743971800455382,-0.0546304014545016,0.235488520970508,0.23115522525921484,0.04092414668744848,0.004579238020110177,climate,climate,climate,climate,-0.007000000000000006,-0.0091,0.00899999999999998,-0.006999999999999999,-0.01809999999999995,-0.0974192237350131,0,-0.007190683449947777,-0.00433329571129315,-0.036344908667338305,TRUE,TRUE,TRUE,TRUE,TRUE,FALSE,FALSE,FALSE,FALSE,same_ranking,FALSE
42563,Europe,Temperate_Without_dry_season,estimated,estimated,0.563,0.531,0.17,0.1404,0.146,0.1226,0.2469,0.2682,0.02400000000000002,0.017799999999999996,0.04262877442273539,0.0335216572504708,0.07594936708860767,0.06768060836501899,0.1296007740814087,0.09781251410507819,0.05653615480344165,0.009255129628677694,0.10915942638731813,0.1515573200899878,human,human,human,human,-0.03199999999999992,-0.029600000000000015,-0.02339999999999999,0.021299999999999986,-0.006200000000000025,-0.00910711717226459,-0.008268758723588676,-0.0317882599763305,-0.04728102517476396,0.042397893702669665,TRUE,TRUE,TRUE,TRUE,TRUE,FALSE,FALSE,FALSE,FALSE,same_ranking,FALSE
777,North America,Cold_Without_dry_season_Cold_Summer,estimated,estimated,0.56,0.548,0.0488,0.0805,0.2535,0.2328,0.2575,0.2345,-0.2047,-0.1523,-0.36553571428571424,-0.277919708029197,-0.677141912007939,-0.48611554420683045,-0.030531513017782896,-0.042655590381133646,0.04330767258453738,0.03408197722059725,0.028686582990036347,0.014924852955247592,climate,climate,climate,climate,-0.01200000000000001,0.0317,-0.020699999999999996,-0.02300000000000002,0.0524,0.08761600625651722,0.1910263678011086,-0.01212407736335075,-0.009225695363940134,-0.013761730034788755,TRUE,TRUE,TRUE,TRUE,TRUE,FALSE,FALSE,FALSE,FALSE,same_ranking,FALSE
40566,Europe,Cold_Without_dry_season_Warm_Summer,estimated,estimated,0.482,0.565,0.0882,0.1423,0.1686,0.2085,0.2252,0.2138,-0.0804,-0.06619999999999998,-0.16680497925311202,-0.11716814159292033,-0.3130841121495327,-0.18871151653363735,0.09664637943478172,0.17933247179955003,0.16362707175131197,0.23403217267312004,0.08518928550142102,0.05295377463748807,climate,climate,climate,climate,0.08299999999999996,0.05410000000000001,0.03989999999999999,-0.011400000000000021,0.014200000000000018,0.049636837660191696,0.12437259561589534,0.08268609236476832,0.07040510092180807,-0.03223551086393295,TRUE,TRUE,TRUE,TRUE,TRUE,FALSE,FALSE,FALSE,FALSE,same_ranking,FALSE
15403,North America,Cold_Without_dry_season_Warm_Summer,estimated,estimated,0.315,0.425,0.0456,0.1355,0.1944,0.2054,0.0751,0.0839,-0.1488,-0.06989999999999999,-0.47238095238095235,-0.1644705882352941,-0.62,-0.20504546787914343,0.031890973754921226,0.14173383643474968,0.10242810821822879,0.16712694380767157,-0.03485263022773122,0.025413771117073325,climate,climate,climate,climate,0.10999999999999999,0.08990000000000001,0.01100000000000001,0.008800000000000002,0.0789,0.30791036414565826,0.41495453212085653,0.10984286267982846,0.06469883558944278,0.06026640134480454,TRUE,TRUE,TRUE,TRUE,TRUE,FALSE,FALSE,FALSE,FALSE,same_ranking,FALSE
20194,North America,Arid,estimated,estimated,0.101,0.18,0.0129,0.0057,0.0151,0.0375,0.0735,0.1366,-0.0022000000000000006,-0.031799999999999995,-0.021782178217821788,-0.17666666666666664,-0.07857142857142858,-0.7361111111111109,-0.09018005862354961,-0.011883646981069806,-0.08470652157908987,-0.06479089953402939,-0.03070510379639746,0.07034481394341696,climate,climate,climate,climate,0.07899999999999999,-0.0072,0.022399999999999996,0.0631,-0.029599999999999994,-0.15488448844884484,-0.6575396825396823,0.0782964116424798,0.019915622045060477,0.10104991773981442,TRUE,TRUE,TRUE,TRUE,TRUE,FALSE,FALSE,FALSE,FALSE,same_ranking,FALSE
4372,Europe,Cold_Without_dry_season_Cold_Summer,estimated,estimated,0.344,0.45,0.0186,0.1006,0.1406,0.1518,0.1852,0.198,-0.122,-0.051199999999999996,-0.3546511627906977,-0.11377777777777777,-0.7663316582914572,-0.20285261489698891,-0.06887155972983683,0.03710015537435751,0.010557597422719334,0.04753479611176792,0.07064492792807697,0.11086163507712332,climate,climate,climate,climate,0.10600000000000004,0.08199999999999999,0.011199999999999988,0.012800000000000006,0.0708,0.24087338501291994,0.5634790433944683,0.10597171510419434,0.036977198689048585,0.04021670714904635,TRUE,TRUE,TRUE,TRUE,TRUE,FALSE,FALSE,FALSE,FALSE,same_ranking,FALSE
4382,Europe,Cold_Without_dry_season_Warm_Summer,estimated,estimated,0.671,0.567,0.1612,0.1138,0.2634,0.2292,0.2459,0.2238,-0.10220000000000001,-0.11539999999999999,-0.15230998509687035,-0.2035273368606702,-0.2406971267074894,-0.33644314868804664,0.2046357031423085,0.10084415993882434,0.35420215071728045,0.2668902385322315,0.317544543217148,0.25438594311520024,climate,climate,climate,climate,-0.10400000000000009,-0.04740000000000001,-0.034200000000000036,-0.02210000000000001,-0.013199999999999976,-0.05121735176379985,-0.09574602198055723,-0.10379154320348416,-0.08731191218504897,-0.06315860010194774,TRUE,TRUE,TRUE,TRUE,TRUE,FALSE,FALSE,FALSE,FALSE,same_ranking,FALSE
16193,North America,Cold_Without_dry_season_Warm_Summer,estimated,estimated,0.48,0.456,0.0215,0.0285,0.3714,0.357,0.0873,0.0706,-0.3499,-0.32849999999999996,-0.7289583333333334,-0.7203947368421052,-0.8905573937388648,-0.8521400778210115,-0.027575288918227026,-0.05173851631234139,0.23850404047149765,0.23210141881645696,-0.03544177473796206,-0.04621328855367279,climate,climate,climate,climate,-0.023999999999999966,0.007000000000000003,-0.014400000000000024,-0.016700000000000007,0.02140000000000003,0.008563596491228176,0.038417315917853245,-0.02416322739411436,-0.006402621655040686,-0.010771513815710732,TRUE,TRUE,TRUE,TRUE,TRUE,FALSE,FALSE,FALSE,FALSE,same_ranking,FALSE
42720,Europe,Cold_Without_dry_season_Warm_Summer,estimated,estimated,0.497,0.578,-0.0333,0.116,0.1538,0.1544,0.3768,0.3074,-0.1871,-0.038400000000000004,-0.37645875251509053,-0.06643598615916955,-1,-0.14201183431952663,0.012270138492703864,0.09271567816002191,0.06610468766150124,-0.028851414633676464,0.30951791476523427,0.07452177599213605,climate,climate,climate,climate,0.08099999999999996,0.14930000000000002,6.000000000000172e-4,-0.06940000000000002,0.1487,0.31002276635592096,0.8579881656804733,0.08044553966731804,-0.0949561022951777,-0.23499613877309822,TRUE,TRUE,TRUE,TRUE,TRUE,FALSE,FALSE,FALSE,FALSE,same_ranking,FALSE
811,North America,Cold_Dry_Summer,estimated,estimated,0.609,0.626,0.0567,0.1446,0.2771,0.2383,0.2751,0.2433,-0.2204,-0.0937,-0.36190476190476195,-0.14968051118210862,-0.6602756141402037,-0.2447114129015409,0.055434873632166815,0.07280265524166785,0.019545123769735606,0.031226906336943694,0.020184535538320003,0.04595766401256962,climate,climate,climate,climate,0.017000000000000015,0.0879,-0.0388,-0.03180000000000002,0.1267,0.21222425072265333,0.4155642012386629,0.017367781609501032,0.011681782567208088,0.025773128474249618,TRUE,TRUE,TRUE,TRUE,TRUE,FALSE,FALSE,FALSE,FALSE,same_ranking,FALSE
22828,Europe,Cold_Without_dry_season_Warm_Summer,estimated,estimated,0.253,0.107,0.059,0.0011,0.097,0.0335,0.097,0.0724,-0.038000000000000006,-0.032400000000000005,-0.15019762845849804,-0.3028037383177571,-0.24358974358974364,-0.9364161849710985,0.11229857000559151,-0.03370939684935126,0.14693972460516846,-0.0029478306232596507,0.08319766395648187,0.011024167378909655,climate,climate,climate,climate,-0.14600000000000002,-0.0579,-0.0635,-0.024599999999999997,0.005600000000000001,-0.15260610985925904,-0.6928264413813549,-0.14600796685494277,-0.14988755522842812,-0.07217349657757222,TRUE,TRUE,TRUE,TRUE,TRUE,FALSE,FALSE,FALSE,FALSE,same_ranking,FALSE
1657,North America,Cold_Without_dry_season_Cold_Summer,estimated,estimated,0.426,0.169,0.0743,0.0073,-0.0168,-0.0762,0.3685,0.2383,0.0911,0.0835,0.21384976525821597,0.49408284023668636,1,1,0.18050809502110743,-0.0761117063967306,0.12661897225154628,-0.028478213633843064,0.5404153378990003,0.24384908267236616,human,human,human,human,-0.257,-0.067,-0.05940000000000001,-0.13019999999999998,-0.007599999999999996,0.2802330749784704,0,-0.256619801417838,-0.15509718588538934,-0.29656625522663416,TRUE,TRUE,TRUE,TRUE,TRUE,FALSE,FALSE,FALSE,FALSE,same_ranking,FALSE
48697,Latin America,Temperate_Without_dry_season,insufficient_unique_ages,insufficient_unique_ages,NA,NA,NA,NA,NA,NA,NA,NA,NA,NA,NA,NA,NA,NA,NA,NA,NA,NA,NA,NA,NA,NA,NA,NA,NA,NA,NA,NA,NA,NA,NA,NA,NA,NA,TRUE,TRUE,FALSE,FALSE,FALSE,FALSE,FALSE,FALSE,FALSE,not_estimable_at_either_radius,FALSE
1520,North America,Cold_Without_dry_season_Hot_Summer,estimated,estimated,0.483,0.538,-0.0094,0.1314,0.1583,0.1487,0.3337,0.2577,-0.1677,-0.01730000000000001,-0.34720496894409936,-0.0321561338289963,-1,-0.06176365583720103,-0.051487060507446225,0.003711332895020014,0.028159927721598366,0.01910869647278368,0.25043629382557886,0.10868430772706716,climate,climate,climate,climate,0.05500000000000005,0.14079999999999998,-0.009599999999999997,-0.07600000000000001,0.15039999999999998,0.31504883511510307,0.938236344162799,0.05519839340246624,-0.009051231248814684,-0.1417519860985117,TRUE,TRUE,TRUE,TRUE,TRUE,FALSE,FALSE,FALSE,FALSE,same_ranking,FALSE
1663,North America,Cold_Without_dry_season_Warm_Summer,estimated,estimated,0.472,0.522,0.0532,0.1013,0.2814,0.2719,0.137,0.1493,-0.2282,-0.17059999999999997,-0.48347457627118645,-0.32681992337164745,-0.6820083682008368,-0.4571275455519828,0.00971703762692333,0.060661928216145355,0.2063849580156225,0.19340231264270002,0.01900194504350594,0.04984850068774638,climate,climate,climate,climate,0.050000000000000044,0.048100000000000004,-0.009500000000000008,0.012299999999999978,0.05760000000000001,0.156654652899539,0.22488082264885395,0.050944890589222025,-0.012982645372922486,0.030846555644240437,TRUE,TRUE,TRUE,TRUE,TRUE,FALSE,FALSE,FALSE,FALSE,same_ranking,FALSE
14512,Europe,Temperate_Without_dry_season,estimated,estimated,0.635,0.574,0.1124,0.0927,0.165,0.1479,0.3581,0.3334,-0.05260000000000001,-0.0552,-0.08283464566929134,-0.0961672473867596,-0.18961788031723148,-0.22942643391521195,0.10496282166379534,0.04345350664750958,0.19213966631394197,0.16015799834734512,0.3813480434638491,0.33420627962655103,climate,climate,climate,climate,-0.061000000000000054,-0.019699999999999995,-0.017100000000000004,-0.0247,-0.002599999999999991,-0.013332601717468251,-0.03980855359798047,-0.06150931501628576,-0.03198166796659685,-0.04714176383729807,TRUE,TRUE,TRUE,TRUE,TRUE,FALSE,FALSE,FALSE,FALSE,same_ranking,FALSE
356,Latin America,Polar,estimated,estimated,0.448,0.426,0.0535,0.0381,0.2859,0.2804,0.1087,0.1071,-0.2324,-0.2423,-0.5187499999999999,-0.5687793427230047,-0.6847377725397761,-0.7607535321821035,0.10806504201946943,0.08552784757870391,0.17895100150294585,0.17241258583260533,-0.004882500386646504,-0.003319078863585845,climate,climate,climate,climate,-0.02200000000000002,-0.015399999999999997,-0.005500000000000005,-0.0016000000000000042,-0.009899999999999992,-0.050029342723004744,-0.07601575964232743,-0.022537194440765518,-0.006538415670340525,0.0015634215230606596,TRUE,TRUE,TRUE,TRUE,TRUE,FALSE,FALSE,FALSE,FALSE,same_ranking,FALSE
519,North America,Cold_Without_dry_season_Warm_Summer,missing_predictor_group,estimated,NA,0.212,NA,0.0108,NA,-0.0164,NA,0.2175,NA,0.027200000000000002,NA,0.12830188679245283,NA,1,NA,-0.055517316338917766,NA,-6.193015754163422e-5,NA,0.22159487185624127,NA,human,NA,human,NA,NA,NA,NA,NA,NA,NA,NA,NA,NA,TRUE,TRUE,FALSE,TRUE,FALSE,TRUE,FALSE,FALSE,FALSE,gained_estimability,TRUE
15715,North America,Cold_Dry_Summer,estimated,estimated,0.399,0.484,0.0286,0.1108,0.0531,0.0222,0.3169,0.3509,-0.0245,0.0886,-0.06140350877192982,0.18305785123966942,-0.2998776009791922,0.6661654135338345,-0.03287390346701491,0.052425266340318855,-0.09759232154018527,-0.04830677223436142,0.06091419703278944,0.2401109440316166,climate,human,climate,human,0.08499999999999996,0.0822,-0.0309,0.033999999999999975,0.1131,0.24446136001159924,0.9660430145130268,0.08529916980733376,0.04928554930582385,0.17919674699882715,TRUE,TRUE,TRUE,TRUE,TRUE,FALSE,TRUE,TRUE,TRUE,ranking_reversal,TRUE
3047,North America,Cold_Without_dry_season_Warm_Summer,estimated,estimated,0.538,0.47,0.1635,0.1242,0.3056,0.271,0.0692,0.0744,-0.14209999999999998,-0.1468,-0.2641263940520445,-0.31234042553191493,-0.30292048603709226,-0.37145748987854255,0.05723075576650327,-0.011448978907317775,0.25614046934542156,0.21826031498275034,-0.04091081070770897,8.278147242195555e-4,climate,climate,climate,climate,-0.06800000000000006,-0.0393,-0.034599999999999964,0.005199999999999996,-0.0047000000000000375,-0.04821403147987041,-0.06853700384145028,-0.06867973467382105,-0.037880154362671226,0.04173862543192852,TRUE,TRUE,TRUE,TRUE,TRUE,FALSE,FALSE,FALSE,FALSE,same_ranking,FALSE
20018,Europe,Polar,estimated,estimated,0.503,0.495,0.0069,0.0078,0.3025,0.3079,0.1935,0.1797,-0.2956,-0.30010000000000003,-0.5876739562624254,-0.6062626262626263,-0.9553975436328377,-0.9505859993664874,-0.031010113181089927,-0.03863133858536105,0.16480283761743175,0.18113715441873945,0.0887403284735081,0.06664410001369014,climate,climate,climate,climate,-0.008000000000000007,8.999999999999998e-4,0.005400000000000016,-0.013800000000000007,-0.0045000000000000595,-0.018588670000200924,0.004811544266350332,-0.007621225404271126,0.016334316801307702,-0.022096228459817957,TRUE,TRUE,TRUE,TRUE,TRUE,FALSE,FALSE,FALSE,FALSE,same_ranking,FALSE
281,North America,Temperate_Without_dry_season,estimated,estimated,0.394,0.444,0.0178,0.2738,0.0142,-0.0362,0.3625,0.2066,0.003599999999999999,0.31,0.009137055837563449,0.6981981981981982,0.11249999999999996,1,-0.04354504419083283,0.006088589006731482,0.12766093435649395,-0.018537414493920656,0.36476824247888395,0.0075167201681043405,human,human,human,human,0.04999999999999999,0.256,-0.0504,-0.15589999999999998,0.3064,0.6890611423606348,0.8875000000000001,0.04963363319756431,-0.1461983488504146,-0.3572515223107796,TRUE,TRUE,TRUE,TRUE,TRUE,FALSE,FALSE,FALSE,FALSE,same_ranking,FALSE
21603,Latin America,Arid,missing_predictor_group,estimated,NA,0.51,NA,0.1169,NA,0.1049,NA,0.2878,NA,0.01200000000000001,NA,0.023529411764705903,NA,0.05410279531109112,NA,0.10813169048046545,NA,0.014197452767833907,NA,0.2636921205035033,NA,human,NA,human,NA,NA,NA,NA,NA,NA,NA,NA,NA,NA,TRUE,TRUE,FALSE,TRUE,FALSE,TRUE,FALSE,FALSE,FALSE,gained_estimability,TRUE
48917,Europe,Cold_Without_dry_season_Warm_Summer,estimated,estimated,0.206,0.141,0.0676,-0.0347,0.0944,0.076,0.0443,0.0996,-0.026800000000000004,-0.11069999999999999,-0.1300970873786408,-0.7851063829787235,-0.16543209876543216,-1,0.008630214633104094,-0.056746106957211606,0.10310170109893768,0.13772420717414835,-0.03661350872915348,0.14542877323250203,climate,climate,climate,climate,-0.065,-0.1023,-0.0184,0.055299999999999995,-0.08389999999999999,-0.6550092956000827,-0.8345679012345678,-0.0653763215903157,0.03462250607521067,0.1820422819616555,TRUE,TRUE,TRUE,TRUE,TRUE,FALSE,FALSE,FALSE,FALSE,same_ranking,FALSE
304,North America,Temperate_Without_dry_season,estimated,estimated,0.611,0.595,0.1005,0.1011,0.2537,0.2487,0.2573,0.2452,-0.15319999999999998,-0.1476,-0.25073649754500815,-0.24806722689075633,-0.432523997741389,-0.4219554030874786,-0.008124139043973022,-0.02455232917376471,0.02114971570899371,0.01640445498572085,0.031248276915035955,0.012317165112066042,climate,climate,climate,climate,-0.016000000000000014,5.999999999999894e-4,-0.004999999999999977,-0.012099999999999972,0.005599999999999966,0.0026692706542518208,0.010568594653910413,-0.016428190129791687,-0.004745260723272859,-0.018931111802969913,TRUE,TRUE,TRUE,TRUE,TRUE,FALSE,FALSE,FALSE,FALSE,same_ranking,FALSE
15035,North America,Cold_Without_dry_season_Warm_Summer,estimated,estimated,0.624,0.572,0.1466,0.0419,0.3758,0.4001,0.1016,0.1301,-0.22920000000000001,-0.3582,-0.36730769230769234,-0.6262237762237763,-0.4387442572741195,-0.8104072398190045,0.06465568376610453,0.01264231326748888,0.2758378656133287,0.3278451439709352,0.0021224825462461405,0.06238305238943276,climate,climate,climate,climate,-0.052000000000000046,-0.10470000000000002,0.02429999999999999,0.028499999999999998,-0.129,-0.258916083916084,-0.37166298254488506,-0.05201337049861565,0.052007278357606546,0.06026056984318662,TRUE,TRUE,TRUE,TRUE,TRUE,FALSE,FALSE,FALSE,FALSE,same_ranking,FALSE
1849,North America,Cold_Without_dry_season_Cold_Summer,estimated,estimated,0.754,0.745,0.0922,0.137,0.3571,0.3412,0.3043,0.2669,-0.26489999999999997,-0.2042,-0.35132625994694955,-0.2740939597315436,-0.5895837970175829,-0.42701798410706815,-0.0033123816699152098,-0.011781660365369984,0.1644706952084175,0.15467571884991838,0.16299359102908273,0.11026857998543993,climate,climate,climate,climate,-0.009000000000000008,0.044800000000000006,-0.01589999999999997,-0.03739999999999999,0.060699999999999976,0.07723230021540595,0.16256581291051475,-0.008469278695454774,-0.00979497635849913,-0.0527250110436428,TRUE,TRUE,TRUE,TRUE,TRUE,FALSE,FALSE,FALSE,FALSE,same_ranking,FALSE
16212,Europe,Cold_Without_dry_season_Warm_Summer,estimated,estimated,0.509,0.448,0.078,0.0514,0.1399,0.1242,0.2907,0.2723,-0.0619,-0.0728,-0.12161100196463653,-0.1625,-0.2840752638825149,-0.41457858769931666,0.1423240107332997,0.08175796596091878,0.08235823140931164,0.015502242183530912,0.2122955318771198,0.13999764294428396,climate,climate,climate,climate,-0.061,-0.0266,-0.015699999999999992,-0.018400000000000027,-0.010900000000000007,-0.04088899803536347,-0.13050332381680174,-0.06056604477238092,-0.06685598922578073,-0.07229788893283584,TRUE,TRUE,TRUE,TRUE,TRUE,FALSE,FALSE,FALSE,FALSE,same_ranking,FALSE
1705,North America,Temperate_Without_dry_season,estimated,estimated,0.705,0.712,0.1833,0.183,0.136,0.1345,0.386,0.3947,0.04729999999999998,0.04849999999999999,0.06709219858156026,0.06811797752808987,0.14813654870028178,0.15275590551181098,0.06414350496043375,0.07101958606199488,0.1777224916750677,0.17857722251017294,0.3211628461086218,0.34235707114378544,human,human,human,human,0.007000000000000006,-2.999999999999947e-4,-0.0015000000000000013,0.008699999999999986,0.0012000000000000066,0.0010257789465296097,0.004619356811529196,0.006876081101561127,8.54730835105233e-4,0.02119422503516366,TRUE,TRUE,TRUE,TRUE,TRUE,FALSE,FALSE,FALSE,FALSE,same_ranking,FALSE
492,North America,Temperate_Without_dry_season,estimated,estimated,0.196,0.204,-0.0563,-0.0494,0.1382,0.1437,0.1139,0.11,-0.1945,-0.1931,-0.9923469387755102,-0.9465686274509805,-1,-1,-0.07475170424796251,-0.06623725694605576,0.13787579138449324,0.15839724127280996,0.12560539981917018,0.12723544741253112,climate,climate,climate,climate,0.00799999999999998,0.006900000000000003,0.005500000000000005,-0.0039000000000000007,0.0014000000000000123,0.0457783113245297,0,0.008514447301906758,0.020521449888316723,0.0016300475933609393,TRUE,TRUE,TRUE,TRUE,TRUE,FALSE,FALSE,FALSE,FALSE,same_ranking,FALSE
4203,Europe,Cold_Without_dry_season_Warm_Summer,estimated,estimated,0.475,0.5,-0.0217,-0.0086,0.3964,0.4149,0.0999,0.0941,-0.41809999999999997,-0.4235,-0.8802105263157894,-0.847,-1,-1,-0.045241543400230344,-0.019403032265854936,0.30399072269957916,0.3625708800860956,0.029486528362553388,0.03961096300782896,climate,climate,climate,climate,0.025000000000000022,0.0131,0.018500000000000016,-0.0058,-0.005400000000000016,0.03321052631578947,0,0.025838511134375408,0.05858015738651645,0.01012443464527557,TRUE,TRUE,TRUE,TRUE,TRUE,FALSE,FALSE,FALSE,FALSE,same_ranking,FALSE
42722,North America,Cold_Without_dry_season_Warm_Summer,estimated,estimated,0.5,0.648,0.0895,0.1754,0.141,0.1852,0.2696,0.2872,-0.05149999999999999,-0.009800000000000003,-0.10299999999999998,-0.015123456790123462,-0.2234273318872017,-0.0271769273433167,-0.06746393890753732,0.0802048451691113,-0.061539012512592306,-0.02477391237142912,0.06160682580157817,0.045115871451281486,climate,climate,climate,climate,0.14800000000000002,0.0859,0.04420000000000002,0.017600000000000005,0.04169999999999999,0.08787654320987652,0.196250404543885,0.14766878407664863,0.03676510014116319,-0.016490954350296683,TRUE,TRUE,TRUE,TRUE,TRUE,FALSE,FALSE,FALSE,FALSE,same_ranking,FALSE
550,North America,Temperate_Dry_Summer,estimated,estimated,0.557,0.619,0.2272,0.2549,0.1089,0.1208,0.2211,0.2428,0.11830000000000002,0.1341,0.21238779174147218,0.21663974151857834,0.351978577804225,0.3569337237157306,0.23322156348374512,0.29448180108213895,0.09861152456767186,0.1387320602201817,0.19244100555184884,0.2521695208486687,human,human,human,human,0.061999999999999944,0.027700000000000002,0.011900000000000008,0.021699999999999997,0.01579999999999998,0.004251949777106162,0.004955145911505643,0.06126023759839383,0.04012053565250984,0.059728515296819884,TRUE,TRUE,TRUE,TRUE,TRUE,FALSE,FALSE,FALSE,FALSE,same_ranking,FALSE
3830,North America,Cold_Without_dry_season_Warm_Summer,estimated,estimated,0.275,0.286,0.0392,0.0318,0.0963,0.0859,0.1393,0.1682,-0.0571,-0.0541,-0.20763636363636362,-0.18916083916083917,-0.4214022140221402,-0.45964316057774,-0.05159028640168295,-0.04056733484433184,-0.0035093684902440803,-0.008319097722790492,0.03397394928951358,0.10783568751640515,climate,climate,climate,climate,0.010999999999999954,-0.007399999999999997,-0.010399999999999993,0.02889999999999998,0.0029999999999999957,0.018475524475524446,-0.03824094655559984,0.011022951557351113,-0.004809729232546411,0.07386173822689157,TRUE,TRUE,TRUE,TRUE,TRUE,FALSE,FALSE,FALSE,FALSE,same_ranking,FALSE
17359,North America,Cold_Without_dry_season_Cold_Summer,estimated,estimated,0.609,0.612,-0.0277,0.0563,0.3536,0.3207,0.2833,0.235,-0.38130000000000003,-0.26439999999999997,-0.6261083743842365,-0.43202614379084964,-1,-0.7013262599469495,-0.04661540293516664,-0.043870578956704875,0.04726471079760575,0.062002285065656304,-0.004019432067669526,-0.019922902485581484,climate,climate,climate,climate,0.0030000000000000027,0.084,-0.03290000000000004,-0.04830000000000001,0.11690000000000006,0.19408223059338686,0.2986737400530505,0.0027448239784617634,0.014737574268050557,-0.015903470417911958,TRUE,TRUE,TRUE,TRUE,TRUE,FALSE,FALSE,FALSE,FALSE,same_ranking,FALSE
40579,Europe,Cold_Without_dry_season_Cold_Summer,estimated,estimated,0.738,0.744,0.0564,0.0422,0.3675,0.3903,0.3146,0.3111,-0.3111,-0.34809999999999997,-0.42154471544715444,-0.46787634408602147,-0.7338995046001415,-0.8048554913294796,-0.008462233054167712,-0.0035110671553298944,0.17638347345832506,0.18723990956982317,0.17010580534271402,0.12824715939609643,climate,climate,climate,climate,0.006000000000000005,-0.014199999999999997,0.022799999999999987,-0.003500000000000003,-0.03699999999999998,-0.04633162863886703,-0.07095598672933812,0.004951165898837817,0.010856436111498113,-0.04185864594661759,TRUE,TRUE,TRUE,TRUE,TRUE,FALSE,FALSE,FALSE,FALSE,same_ranking,FALSE
41183,North America,Cold_Dry_Summer,estimated,estimated,0.32,0.249,0.0367,-0.0206,0.1672,0.1527,0.1159,0.1168,-0.13049999999999998,-0.1733,-0.4078124999999999,-0.6959839357429719,-0.6400196174595388,-1,0.046327802163506626,-0.0245898408066475,0.07740064387564194,0.043558040209422555,0.06375420310607338,0.060874367300145615,climate,climate,climate,climate,-0.07100000000000001,-0.057300000000000004,-0.014499999999999985,8.99999999999998e-4,-0.04280000000000003,-0.288171435742972,-0.35998038254046116,-0.07091764297015413,-0.033842603666219384,-0.0028798358059277662,TRUE,TRUE,TRUE,TRUE,TRUE,FALSE,FALSE,FALSE,FALSE,same_ranking,FALSE
15189,North America,Cold_Without_dry_season_Cold_Summer,estimated,estimated,0.528,0.526,0.0943,0.0916,0.246,0.2427,0.1877,0.1916,-0.1517,-0.1511,-0.28731060606060604,-0.28726235741444867,-0.4457831325301205,-0.4519892312294347,0.004498495023776972,0.002360616339976973,0.0597996765461436,0.04253984568642222,-0.003590928913425051,-0.006362114601143443,climate,climate,climate,climate,-0.0020000000000000018,-0.002699999999999994,-0.0032999999999999974,0.003899999999999987,5.999999999999894e-4,4.824864615737834e-5,-0.006206098699314211,-0.0021378786837999986,-0.01725983085972138,-0.0027711856877183916,TRUE,TRUE,TRUE,TRUE,TRUE,FALSE,FALSE,FALSE,FALSE,same_ranking,FALSE
534,North America,Cold_Without_dry_season_Warm_Summer,estimated,estimated,0.738,0.597,0.3926,0.3327,0.1659,0.1524,0.1792,0.112,0.2267,0.1803,0.3071815718157182,0.30201005025125627,0.4059086839749329,0.3716759431045145,0.3862698217879368,0.24580505777134498,-0.022801023368494322,-0.01470451979565135,0.08394625465177641,-0.015304905860226148,human,human,human,human,-0.14100000000000001,-0.05990000000000001,-0.013499999999999984,-0.0672,-0.046400000000000025,-0.005171521564461934,-0.03423274087041839,-0.1404647640165918,0.008096503572842972,-0.09925116051200256,TRUE,TRUE,TRUE,TRUE,TRUE,FALSE,FALSE,FALSE,FALSE,same_ranking,FALSE
4362,Europe,Cold_Without_dry_season_Warm_Summer,missing_predictor_group,estimated,NA,0.536,NA,-0.0233,NA,0.4434,NA,0.1162,NA,-0.4667,NA,-0.8707089552238806,NA,-1,NA,-0.05214148200641722,NA,0.24727414800089087,NA,-0.03788669088274266,NA,climate,NA,climate,NA,NA,NA,NA,NA,NA,NA,NA,NA,NA,TRUE,TRUE,FALSE,TRUE,FALSE,TRUE,FALSE,FALSE,FALSE,gained_estimability,TRUE
41580,North America,Polar,estimated,estimated,-0.069,-0.062,-0.0094,-0.0181,-0.0684,-0.0624,0.0089,0.018,0.059000000000000004,0.04429999999999999,-0.855072463768116,-0.7145161290322579,NA,NA,-0.01272863776571076,-0.006413305908327116,-0.15252204679835246,-0.11937203651137462,-0.05095706233391506,-0.011522627479836345,human,human,NA,NA,0.007000000000000006,-0.008700000000000001,0.006000000000000005,0.009099999999999999,-0.014700000000000012,0.14055633473585805,NA,0.006315331857383644,0.03315001028697784,0.039434434854078715,TRUE,TRUE,TRUE,TRUE,TRUE,FALSE,FALSE,FALSE,FALSE,same_ranking,FALSE
41770,Europe,Temperate_Without_dry_season,estimated,estimated,0.64,0.601,0.1377,0.1118,0.1277,0.1246,0.3747,0.3641,0.009999999999999981,-0.012800000000000006,0.01562499999999997,-0.02129783693843595,0.03767897513187635,-0.05414551607445011,0.07025838802537288,0.030530848133284105,-1.5973027276239282e-4,-0.002664931690404271,0.21827345111870555,0.20083562477586403,human,climate,human,climate,-0.039000000000000035,-0.025899999999999992,-0.0031000000000000055,-0.010599999999999998,-0.022799999999999987,-0.03692283693843592,-0.09182449120632646,-0.03972753989208877,-0.002505201417641878,-0.017437826342841523,TRUE,TRUE,TRUE,TRUE,TRUE,FALSE,TRUE,TRUE,TRUE,ranking_reversal,TRUE
45101,Europe,Arid,estimated,estimated,0.366,0.326,0.0369,0.0173,0.2141,0.2223,0.1145,0.086,-0.17720000000000002,-0.205,-0.4841530054644809,-0.6288343558282208,-0.7059760956175299,-0.85559265442404,0.06943280383405459,0.02943982792891786,0.08195614021458963,0.1324308956417808,-0.01637557578812232,-0.03941271083662168,climate,climate,climate,climate,-0.03999999999999998,-0.019600000000000003,0.008199999999999985,-0.02850000000000001,-0.027799999999999964,-0.14468135036373986,-0.14961655880651004,-0.03999297590513673,0.050474755427191154,-0.023037135048499358,TRUE,TRUE,TRUE,TRUE,TRUE,FALSE,FALSE,FALSE,FALSE,same_ranking,FALSE
4288,Europe,Cold_Without_dry_season_Cold_Summer,missing_predictor_group,estimated,NA,0.573,NA,-0.013,NA,0.3636,NA,0.222,NA,-0.3766,NA,-0.6572425828970332,NA,-1,NA,-0.01013471650387232,NA,0.18576941947760006,NA,0.06214738480583526,NA,climate,NA,climate,NA,NA,NA,NA,NA,NA,NA,NA,NA,NA,TRUE,TRUE,FALSE,TRUE,FALSE,TRUE,FALSE,FALSE,FALSE,gained_estimability,TRUE
22814,Europe,Cold_Without_dry_season_Warm_Summer,estimated,estimated,0.162,0.24,-0.0061,0.0147,0.0169,0.0334,0.1509,0.1916,-0.023,-0.0187,-0.1419753086419753,-0.07791666666666668,-1,-0.38877338877338885,-0.07990789873127346,-0.0018069748670210828,-0.13423013456299815,-0.040092204091265016,-0.015571748255885809,0.12687265804166958,climate,climate,climate,climate,0.07799999999999999,0.0208,0.0165,0.040699999999999986,0.004299999999999998,0.06405864197530863,0.6112266112266111,0.07810092386425238,0.09413793047173313,0.1424444062975554,TRUE,TRUE,TRUE,TRUE,TRUE,FALSE,FALSE,FALSE,FALSE,same_ranking,FALSE
2951,North America,Cold_Without_dry_season_Cold_Summer,estimated,estimated,0.128,0.113,0.0014,0.0095,0.0684,0.0554,0.0586,0.0479,-0.067,-0.045899999999999996,-0.5234375,-0.40619469026548666,-0.9598853868194843,-0.7072419106317411,-0.05885020158823828,-0.07456225271859351,-0.011210428436951414,-0.033119580392770964,-0.03516716360034389,-0.05238156658314064,climate,climate,climate,climate,-0.015,0.0081,-0.013000000000000005,-0.010700000000000001,0.021100000000000008,0.11724280973451334,0.2526434761877432,-0.01571205113035523,-0.02190915195581955,-0.01721440298279675,TRUE,TRUE,TRUE,TRUE,TRUE,FALSE,FALSE,FALSE,FALSE,same_ranking,FALSE
4403,Europe,Cold_Without_dry_season_Warm_Summer,estimated,estimated,0.779,0.725,0.0529,0.1697,0.2421,0.2709,0.4843,0.2842,-0.1892,-0.10119999999999998,-0.2428754813863928,-0.1395862068965517,-0.6413559322033898,-0.22968679073990012,0.07237044198711085,0.01780013151923432,0.320296792851974,0.30061513088193015,0.5598654078886923,0.0823642989572202,climate,climate,climate,climate,-0.05400000000000005,0.11679999999999999,0.028799999999999965,-0.2001,0.08800000000000002,0.1032892744898411,0.4116691414634897,-0.054570310467876526,-0.01968166197004384,-0.47750110893147213,TRUE,TRUE,TRUE,TRUE,TRUE,FALSE,FALSE,FALSE,FALSE,same_ranking,FALSE
1006,North America,Cold_Without_dry_season_Cold_Summer,estimated,estimated,0.568,0.569,-0.0383,0.0744,0.3446,0.2938,0.2616,0.2006,-0.3829,-0.2194,-0.6741197183098593,-0.38558875219683664,-1,-0.5958718087995656,-0.05045570904371954,-0.04949167900535634,0.10611913142141849,0.09696648408514374,0.041638143876330025,0.01198778681221424,climate,climate,climate,climate,0.0010000000000000009,0.1127,-0.05080000000000001,-0.061,0.1635,0.28853096611302265,0.4041281912004344,9.640300383632061e-4,-0.009152647336274744,-0.029650357064115784,TRUE,TRUE,TRUE,TRUE,TRUE,FALSE,FALSE,FALSE,FALSE,same_ranking,FALSE
871,North America,Cold_Without_dry_season_Warm_Summer,estimated,estimated,0.471,0.61,0.0468,0.145,0.2503,0.2631,0.1734,0.2015,-0.20350000000000001,-0.11810000000000001,-0.43205944798301493,-0.1936065573770492,-0.6849545607539549,-0.28938985542759127,-0.02857841362666025,0.11044711598810242,0.07467400838769511,0.09803856439690195,0.0013691910996294077,0.05550722263508645,climate,climate,climate,climate,0.139,0.09819999999999998,0.012799999999999978,0.028100000000000014,0.0854,0.23845289060596572,0.3955647053263636,0.13902552961476267,0.02336455600920684,0.05413803153545704,TRUE,TRUE,TRUE,TRUE,TRUE,FALSE,FALSE,FALSE,FALSE,same_ranking,FALSE
17371,Latin America,Polar,estimated,estimated,0.6,0.618,-0.0183,-0.0145,0.3331,0.3498,0.2848,0.2828,-0.3514,-0.3643,-0.5856666666666667,-0.5894822006472492,-1,-1,-0.04051281222054559,-0.022009010886623548,0.02432217259327063,0.06708555183364051,0.03177074393648627,0.037055882205468293,climate,climate,climate,climate,0.018000000000000016,0.0037999999999999996,0.016699999999999993,-0.0020000000000000018,-0.012900000000000023,-0.0038155339805825417,0,0.018503801333922043,0.04276337924036988,0.005285138268982026,TRUE,TRUE,TRUE,TRUE,TRUE,FALSE,FALSE,FALSE,FALSE,same_ranking,FALSE
21768,Latin America,Tropical,insufficient_unique_ages,insufficient_unique_ages,NA,NA,NA,NA,NA,NA,NA,NA,NA,NA,NA,NA,NA,NA,NA,NA,NA,NA,NA,NA,NA,NA,NA,NA,NA,NA,NA,NA,NA,NA,NA,NA,NA,NA,TRUE,TRUE,FALSE,FALSE,FALSE,FALSE,FALSE,FALSE,FALSE,not_estimable_at_either_radius,FALSE
1448,North America,Cold_Without_dry_season_Warm_Summer,estimated,estimated,0.202,0.226,-0.0013,0.0256,0.1072,0.0911,0.0958,0.1092,-0.1085,-0.0655,-0.537128712871287,-0.28982300884955753,-1,-0.5612682090831191,-0.06806436167722085,-0.04376780394295976,-0.03802523760293375,-0.07000201644338455,-0.04720408009735755,-0.02026477300454721,climate,climate,climate,climate,0.023999999999999994,0.0269,-0.016100000000000003,0.013400000000000009,0.043,0.24730570402172952,0.43873179091688086,0.024296557734261093,-0.031976778840450804,0.02693930709281034,TRUE,TRUE,TRUE,TRUE,TRUE,FALSE,FALSE,FALSE,FALSE,same_ranking,FALSE
24155,Europe,Cold_Without_dry_season_Cold_Summer,estimated,estimated,0.554,0.501,0.0209,0.0252,0.3742,0.3645,0.1591,0.1116,-0.3533,-0.3393,-0.637725631768953,-0.677245508982036,-0.8942039989875982,-0.8706697459584296,0.04515382665660961,-0.007735931688440667,0.2907936427892418,0.26283850258949704,0.10685720430331735,0.0032072656111779008,climate,climate,climate,climate,-0.05300000000000005,0.004300000000000002,-0.009699999999999986,-0.04749999999999999,0.014000000000000012,-0.03951987721308292,0.02353425302916856,-0.052889758345050275,-0.027955140199744766,-0.10364993869213945,TRUE,TRUE,TRUE,TRUE,TRUE,FALSE,FALSE,FALSE,FALSE,same_ranking,FALSE
40454,Europe,Temperate_Without_dry_season,estimated,estimated,0.461,0.425,0.011,-0.0037,0.1125,0.0912,0.3379,0.3379,-0.1015,-0.0949,-0.22017353579175705,-0.22329411764705884,-0.8218623481781377,-1,0.026713998130553085,-0.009333266022088504,-0.03460935879561633,-0.10829623507463138,0.1932687198609655,0.16205116171928335,climate,climate,climate,climate,-0.03600000000000003,-0.0147,-0.0213,0,0.006600000000000009,-0.003120581855301785,-0.17813765182186225,-0.03604726415264159,-0.07368687627901505,-0.031217558141682145,TRUE,TRUE,TRUE,TRUE,TRUE,FALSE,FALSE,FALSE,FALSE,same_ranking,FALSE
22817,Europe,Cold_Without_dry_season_Warm_Summer,estimated,estimated,0.57,0.571,-0.011,0.0046,0.06,0.0732,0.5212,0.4931,-0.071,-0.0686,-0.12456140350877193,-0.12014010507880911,-1,-0.8817480719794343,-0.023090446286207822,-0.022356107011383575,-0.08357926823760997,-0.08608828088531784,0.39181963668987163,0.3066506116582667,climate,climate,climate,climate,0.0010000000000000009,0.0156,0.013200000000000003,-0.028100000000000014,0.0023999999999999994,0.004421298429962819,0.11825192802056572,7.343392748242472e-4,-0.0025090126477078645,-0.08516902503160495,TRUE,TRUE,TRUE,TRUE,TRUE,FALSE,FALSE,FALSE,FALSE,same_ranking,FALSE
25232,Europe,Temperate_Without_dry_season,estimated,estimated,0.235,0.276,0.0776,0.0963,0.1528,0.1751,0.0047,0.0046,-0.07519999999999999,-0.07880000000000001,-0.31999999999999995,-0.28550724637681163,-0.32638888888888884,-0.2903463522476051,-0.012993635748327126,0.027826954556096406,0.0036571544581452953,0.04520563414211598,-0.07796073007301318,-0.08127409199512547,climate,climate,climate,climate,0.041000000000000036,0.018699999999999994,0.022300000000000014,-1.0000000000000026e-4,-0.00360000000000002,0.03449275362318832,0.03604253664128376,0.04082059030442353,0.041548479683970685,-0.00331336192211229,TRUE,TRUE,TRUE,TRUE,TRUE,FALSE,FALSE,FALSE,FALSE,same_ranking,FALSE
43525,Europe,Temperate_Without_dry_season,estimated,estimated,0.473,0.53,0.1303,0.0687,0.1412,0.1583,0.2018,0.3032,-0.010899999999999993,-0.0896,-0.0230443974630021,-0.1690566037735849,-0.04014732965009206,-0.39471365638766526,-0.007329328575398253,0.049544585553714104,0.169706037641998,0.27407049914513515,0.12564036275209023,0.39879651771848135,climate,climate,climate,climate,0.05700000000000005,-0.0616,0.017100000000000004,0.10140000000000002,-0.0787,-0.1460122063105828,-0.3545663267375732,0.05687391412911236,0.10436446150313716,0.2731561549663911,TRUE,TRUE,TRUE,TRUE,TRUE,FALSE,FALSE,FALSE,FALSE,same_ranking,FALSE
20046,Europe,Polar,estimated,estimated,0.561,0.546,0.0584,0.0964,0.1181,0.1058,0.3844,0.3441,-0.059699999999999996,-0.009400000000000006,-0.10641711229946522,-0.017216117216117224,-0.33824362606232294,-0.04648862512363999,0.012917038306380912,-0.0017131537242699446,-0.031538662084007685,-0.03292434211000905,0.20610171261275922,0.14859759807021633,climate,climate,climate,climate,-0.015000000000000013,0.038,-0.012299999999999991,-0.0403,0.05029999999999999,0.089200995083348,0.29175500093868295,-0.014630192030650857,-0.001385680026001368,-0.057504114542542895,TRUE,TRUE,TRUE,TRUE,TRUE,FALSE,FALSE,FALSE,FALSE,same_ranking,FALSE
4209,Europe,Temperate_Without_dry_season,estimated,estimated,0.377,0.405,0.1191,0.108,0.0119,0.0187,0.2459,0.2787,0.10719999999999999,0.08929999999999999,0.2843501326259947,0.2204938271604938,0.8183206106870228,0.7048145224940804,-0.027541924323717493,9.253363552209626e-4,-0.0852563288811945,-0.05870374368126818,0.08422775626112622,0.1627165211720395,human,human,human,human,0.028000000000000025,-0.011099999999999999,0.0068000000000000005,0.032799999999999996,-0.0179,-0.06385630546550089,-0.11350608819294239,0.028467260678938455,0.026552585199926315,0.07848876491091328,TRUE,TRUE,TRUE,TRUE,TRUE,FALSE,FALSE,FALSE,FALSE,same_ranking,FALSE
1622,North America,Cold_Without_dry_season_Warm_Summer,estimated,estimated,0.021,0.003,0.0236,0.018,-0.0089,-0.0191,0.0061,0.0045,0.0325,0.037099999999999994,1.5476190476190477,12.366666666666664,1,1,-0.0014961422563968263,-0.018856135502905658,-0.14669975426295156,-0.1679780339477549,-0.0487297103107478,-0.05272631486377344,human,human,human,human,-0.018000000000000002,-0.005600000000000001,-0.010199999999999999,-0.0016000000000000007,0.004599999999999993,10.819047619047616,0,-0.01735999324650883,-0.021278279684803336,-0.00399660455302564,TRUE,TRUE,TRUE,TRUE,TRUE,FALSE,FALSE,FALSE,FALSE,same_ranking,FALSE
4467,Europe,Cold_Without_dry_season_Cold_Summer,estimated,estimated,0.157,0.178,-0.0678,-0.041,0.1756,0.1722,0.049,0.0466,-0.2434,-0.2132,-1.5503184713375797,-1.1977528089887641,-1,-1,-0.08596577117950377,-0.06492909372040334,0.05723332705170614,0.06469022055266804,-0.06779114788094187,-0.05848563012809027,climate,climate,climate,climate,0.02099999999999999,0.026799999999999997,-0.003400000000000014,-0.0023999999999999994,0.030200000000000005,0.3525656623488156,0,0.021036677459100428,0.007456893500961903,0.0093055177528516,TRUE,TRUE,TRUE,TRUE,TRUE,FALSE,FALSE,FALSE,FALSE,same_ranking,FALSE
15793,North America,Cold_Without_dry_season_Warm_Summer,estimated,estimated,0.541,0.631,0.0219,0.1102,0.2704,0.3004,0.2484,0.2199,-0.24849999999999997,-0.19019999999999998,-0.4593345656192236,-0.3014263074484944,-0.8501539514197742,-0.46322454943984404,-0.052226677821307965,0.03773391895622069,0.055352238139243726,0.14292929306101654,0.07087215964628257,0.041423809468971506,climate,climate,climate,climate,0.08999999999999997,0.0883,0.030000000000000027,-0.028499999999999998,0.05829999999999999,0.15790825817072918,0.3869294019799302,0.08996059677752866,0.08757705492177281,-0.029448350177311067,TRUE,TRUE,TRUE,TRUE,TRUE,FALSE,FALSE,FALSE,FALSE,same_ranking,FALSE
15680,North America,Cold_Dry_Summer,estimated,estimated,0.542,0.614,0.1799,0.2213,0.1344,0.1491,0.2273,0.2436,0.04550000000000001,0.07219999999999999,0.08394833948339485,0.11758957654723125,0.14476614699331852,0.19492440604751615,0.2194907845506322,0.29197034989516557,-0.07673548289189602,-0.04643991298483996,0.05081588058338826,0.08425090533660495,human,human,human,human,0.07199999999999995,0.04139999999999999,0.014700000000000019,0.01630000000000001,0.026699999999999974,0.0336412370638364,0.05015825905419763,0.07247956534453337,0.030295569907056064,0.03343502475321669,TRUE,TRUE,TRUE,TRUE,TRUE,FALSE,FALSE,FALSE,FALSE,same_ranking,FALSE
3928,Europe,Cold_Without_dry_season_Cold_Summer,estimated,estimated,0.381,0.482,-0.0427,0.0054,0.2329,0.2505,0.1907,0.2256,-0.2756,-0.2451,-0.7233595800524935,-0.5085062240663901,-1,-0.9577960140679953,-0.039754584259871106,0.06086114130181819,0.18445108924578268,0.24696839858235875,0.1325339403761363,0.22955347471817256,climate,climate,climate,climate,0.10099999999999998,0.048100000000000004,0.017600000000000005,0.03489999999999999,0.0305,0.21485335598610333,0.042203985932004695,0.1006157255616893,0.06251730933657607,0.09701953434203625,TRUE,TRUE,TRUE,TRUE,TRUE,FALSE,FALSE,FALSE,FALSE,same_ranking,FALSE
4531,Europe,Cold_Without_dry_season_Warm_Summer,estimated,estimated,0.492,0.511,0.0211,0.0461,0.2537,0.25,0.2169,0.2145,-0.23259999999999997,-0.2039,-0.4727642276422764,-0.3990215264187867,-0.846433770014556,-0.6886187098953056,0.0010559723516178066,0.019852794983740485,0.10250917792652581,0.10567222809584631,0.07953480805468383,0.08518316423676264,climate,climate,climate,climate,0.019000000000000017,0.025,-0.003699999999999981,-0.0024000000000000132,0.028699999999999976,0.07374270122348969,0.1578150601192504,0.01879682263212268,0.0031630501693205026,0.0056483561820788175,TRUE,TRUE,TRUE,TRUE,TRUE,FALSE,FALSE,FALSE,FALSE,same_ranking,FALSE
2314,North America,Cold_Without_dry_season_Hot_Summer,estimated,estimated,0.546,0.577,0.102,0.2431,0.1141,0.1144,0.3296,0.219,-0.0121,0.1287,-0.02216117216117216,0.22305025996533798,-0.05599259602036095,0.36,0.0015573369179663343,0.032374489445878174,0.02956497926865953,0.024236521181484116,0.25484600841194416,0.02800963631360509,climate,human,climate,human,0.030999999999999917,0.1411,3.000000000000086e-4,-0.1106,0.1408,0.24521143212651014,0.4159925960203609,0.03081715252791184,-0.005328458087175414,-0.22683637209833907,TRUE,TRUE,TRUE,TRUE,TRUE,FALSE,TRUE,TRUE,TRUE,ranking_reversal,TRUE
339,North America,Cold_Without_dry_season_Warm_Summer,estimated,estimated,0.448,0.455,0.0655,0.0505,0.2559,0.253,0.1271,0.1519,-0.1904,-0.2025,-0.42500000000000004,-0.4450549450549451,-0.5924082140634723,-0.6672158154859967,-0.03438635516303079,-0.027476650004927272,0.14815883331447166,0.1319981879192852,0.0033892814623587286,0.042616064921710994,climate,climate,climate,climate,0.007000000000000006,-0.015,-0.0029000000000000137,0.024800000000000016,-0.0121,-0.02005494505494504,-0.0748076014225244,0.0069097051581035185,-0.016160645395186468,0.039226783459352266,TRUE,TRUE,TRUE,TRUE,TRUE,FALSE,FALSE,FALSE,FALSE,same_ranking,FALSE
1807,North America,Cold_Without_dry_season_Warm_Summer,estimated,estimated,0.333,0.398,-0.0379,0.0017,0.2801,0.2955,0.0911,0.1006,-0.318,-0.2938,-0.954954954954955,-0.7381909547738693,-1,-0.9885598923283985,-0.02348288504682816,0.04087052540460023,0.2732249707414568,0.33280062118086806,0.10946273860018818,0.15723943156217768,climate,climate,climate,climate,0.065,0.0396,0.01539999999999997,0.009499999999999995,0.0242,0.21676400018108566,0.01144010767160153,0.0643534104514284,0.059575650439411265,0.0477766929619895,TRUE,TRUE,TRUE,TRUE,TRUE,FALSE,FALSE,FALSE,FALSE,same_ranking,FALSE
514,North America,Polar,estimated,estimated,0.39,0.363,0.0881,0.0359,0.2091,0.2277,0.0927,0.0998,-0.12100000000000001,-0.19180000000000003,-0.31025641025641026,-0.5283746556473831,-0.40713324360699865,-0.7276176024279212,-0.0340439059489035,-0.060621303703119134,0.03954107247470673,0.06320637344663882,-0.06753416590946137,-0.06686362581141658,climate,climate,climate,climate,-0.027000000000000024,-0.052199999999999996,0.018600000000000005,0.007099999999999995,-0.07080000000000002,-0.2181182453909728,-0.3204843588209225,-0.026577397754215637,0.02366530097193209,6.705400980447918e-4,TRUE,TRUE,TRUE,TRUE,TRUE,FALSE,FALSE,FALSE,FALSE,same_ranking,FALSE
3125,North America,Cold_Without_dry_season_Cold_Summer,estimated,estimated,0.64,0.639,0.1224,0.1072,0.3409,0.3431,0.1766,0.1884,-0.21849999999999997,-0.2359,-0.34140624999999997,-0.36917057902973394,-0.4716166630692855,-0.5238729735731734,0.056084241078036,0.054971844833341166,0.2552166222462544,0.26728640167256346,0.07065839310893263,0.10189626396306539,climate,climate,climate,climate,-0.0010000000000000009,-0.015199999999999991,0.0022000000000000353,0.011800000000000005,-0.017400000000000027,-0.02776432902973397,-0.052256310503887904,-0.0011123962446948354,0.012069779426309046,0.031237870854132765,TRUE,TRUE,TRUE,TRUE,TRUE,FALSE,FALSE,FALSE,FALSE,same_ranking,FALSE
20922,North America,Cold_Without_dry_season_Cold_Summer,estimated,estimated,0.298,0.274,0.1475,0.0934,0.0231,0.0431,0.1271,0.137,0.1244,0.0503,0.4174496644295302,0.1835766423357664,0.7291910902696366,0.36849816849816847,0.0806614601242368,0.056460180984588715,-0.123972447879938,-0.06340526636364219,-0.008716796490414125,0.03168929547461419,human,human,human,human,-0.023999999999999966,-0.054099999999999995,0.02,0.00990000000000002,-0.0741,-0.2338730220937638,-0.3606929217714681,-0.02420127913964809,0.06056718151629581,0.04040609196502831,TRUE,TRUE,TRUE,TRUE,TRUE,FALSE,FALSE,FALSE,FALSE,same_ranking,FALSE
41606,North America,Polar,missing_predictor_group,estimated,NA,0.728,NA,0.0917,NA,0.332,NA,0.3046,NA,-0.2403,NA,-0.33008241758241763,NA,-0.5671465659664857,NA,-0.016200136254147735,NA,0.2591363684590595,NA,0.20304970609835715,NA,climate,NA,climate,NA,NA,NA,NA,NA,NA,NA,NA,NA,NA,TRUE,TRUE,FALSE,TRUE,FALSE,TRUE,FALSE,FALSE,FALSE,gained_estimability,TRUE
352,North America,Cold_Without_dry_season_Hot_Summer,estimated,estimated,0.464,0.355,0.1153,0.062,0.158,0.1451,0.1902,0.1475,-0.0427,-0.08310000000000001,-0.09202586206896551,-0.23408450704225356,-0.15623856567874134,-0.4012554321583776,0.0849303988292982,-0.024044735849998222,0.04297484286885822,0.017004309621366342,0.09763999544180113,0.012038139557154492,climate,climate,climate,climate,-0.10900000000000004,-0.0533,-0.012899999999999995,-0.042700000000000016,-0.040400000000000005,-0.14205864497328805,-0.24501686647963627,-0.10897513467929643,-0.025970533247491878,-0.08560185588464664,TRUE,TRUE,TRUE,TRUE,TRUE,FALSE,FALSE,FALSE,FALSE,same_ranking,FALSE
17304,North America,Cold_Without_dry_season_Warm_Summer,estimated,estimated,0.535,0.665,0.1366,0.1942,0.2,0.232,0.1989,0.2384,-0.06340000000000001,-0.0378,-0.11850467289719628,-0.056842105263157895,-0.18835412953060016,-0.08869075551384326,-0.02692496538324507,0.10224957550002178,0.042579087905518564,0.06128936254028727,0.037023730148644574,0.07077857721755465,climate,climate,climate,climate,0.13,0.05760000000000001,0.032,0.03950000000000001,0.02560000000000001,0.061662567634038386,0.0996633740167569,0.12917454088326685,0.01871027463476871,0.03375484706891008,TRUE,TRUE,TRUE,TRUE,TRUE,FALSE,FALSE,FALSE,FALSE,same_ranking,FALSE
22732,Europe,Cold_Without_dry_season_Warm_Summer,estimated,estimated,0.583,0.564,0.0915,0.0799,0.2252,0.2177,0.266,0.2661,-0.1337,-0.1378,-0.22933104631217843,-0.24432624113475182,-0.42216608778023373,-0.4630376344086022,0.03532665588507822,0.016349959483124565,0.031835106702129634,0.014206050535713333,0.06966916242416521,0.06741371214086733,climate,climate,climate,climate,-0.019000000000000017,-0.0116,-0.007500000000000007,9.999999999998899e-5,-0.0040999999999999925,-0.014995194822573388,-0.04087154662836845,-0.018976696401953652,-0.0176290561664163,-0.0022554502832978773,TRUE,TRUE,TRUE,TRUE,TRUE,FALSE,FALSE,FALSE,FALSE,same_ranking,FALSE
2609,North America,Cold_Without_dry_season_Hot_Summer,estimated,estimated,0.447,0.481,0.0572,0.0832,0.21,0.2115,0.18,0.1862,-0.1528,-0.1283,-0.34183445190156597,-0.2667359667359667,-0.5718562874251497,-0.43535799117746865,-0.02560261124764951,0.008062616417978452,0.07209694507249564,0.09686372249779729,0.015626019102928712,0.04968297195602844,climate,climate,climate,climate,0.033999999999999975,0.025999999999999995,0.0015000000000000013,0.006200000000000011,0.024499999999999994,0.07509848516559925,0.13649829624768106,0.03366522766562796,0.024766777425301645,0.03405695285309973,TRUE,TRUE,TRUE,TRUE,TRUE,FALSE,FALSE,FALSE,FALSE,same_ranking,FALSE
48798,Europe,Temperate_Without_dry_season,estimated,estimated,0.498,0.451,0.0257,0.0594,0.1833,0.1511,0.2888,0.2406,-0.1576,-0.0917,-0.3164658634538152,-0.2033259423503326,-0.754066985645933,-0.4356294536817102,-5.670089695223313e-4,-0.04722931298934274,0.04714627708405261,-0.05053598671216586,0.1744130154290663,0.044806010886805026,climate,climate,climate,climate,-0.046999999999999986,0.0337,-0.03219999999999998,-0.04819999999999999,0.06589999999999999,0.11313992110348262,0.3184375319642228,-0.04666230401982041,-0.09768226379621847,-0.12960700454226126,TRUE,TRUE,TRUE,TRUE,TRUE,FALSE,FALSE,FALSE,FALSE,same_ranking,FALSE
21978,Latin America,Temperate_Without_dry_season,estimated,estimated,0.437,0.438,0.0168,-0.0071,0.296,0.302,0.1244,0.1435,-0.2792,-0.3091,-0.6389016018306636,-0.7057077625570776,-0.8925831202046037,-1,-0.05762786855933544,-0.05642888720662098,0.2337009897253962,0.2094317513733993,0.06121817263724749,0.0631811806135455,climate,climate,climate,climate,0.0010000000000000009,-0.023899999999999998,0.006000000000000005,0.019099999999999992,-0.029899999999999982,-0.06680616072641399,-0.10741687979539627,0.0011989813527144566,-0.024269238351996902,0.0019630079762980035,TRUE,TRUE,TRUE,TRUE,TRUE,FALSE,FALSE,FALSE,FALSE,same_ranking,FALSE
22793,Europe,Cold_Without_dry_season_Cold_Summer,estimated,estimated,0.632,0.677,-0.0036,0.0105,0.2845,0.3024,0.3515,0.3646,-0.28809999999999997,-0.2919,-0.45585443037974677,-0.4311669128508124,-1,-0.9328859060402684,-0.009663180062119192,0.035461592668324715,0.10802760462616123,0.1257301232961231,0.17825762476120655,0.18632700819359915,climate,climate,climate,climate,0.04500000000000004,0.014100000000000001,0.017900000000000027,0.0131,-0.0038000000000000256,0.02468751752893439,0.06711409395973156,0.04512477273044391,0.017702518669961864,0.008069383432392607,TRUE,TRUE,TRUE,TRUE,TRUE,FALSE,FALSE,FALSE,FALSE,same_ranking,FALSE
15766,North America,Temperate_Dry_Summer,estimated,estimated,0.053,0.131,0.0198,0.0676,-0.016,-0.0046,0.0493,0.0677,0.0358,0.07219999999999999,0.6754716981132075,0.5511450381679388,1,1,0.021326618213757587,0.09898554890012179,-0.10172611097031414,-0.08905322936985238,-0.0014637138542252792,0.02520090218115867,human,human,human,human,0.07800000000000001,0.047799999999999995,0.0114,0.0184,0.03639999999999999,-0.1243266599452687,0,0.0776589306863642,0.01267288160046176,0.026664616035383948,TRUE,TRUE,TRUE,TRUE,TRUE,FALSE,FALSE,FALSE,FALSE,same_ranking,FALSE
46481,Europe,Cold_Without_dry_season_Warm_Summer,missing_predictor_group,estimated,NA,0.371,NA,-0.0101,NA,0.2519,NA,0.1291,NA,-0.262,NA,-0.706199460916442,NA,-1,NA,0.06429861400188208,NA,0.29222134280847345,NA,0.14456699694798714,NA,climate,NA,climate,NA,NA,NA,NA,NA,NA,NA,NA,NA,NA,TRUE,TRUE,FALSE,TRUE,FALSE,TRUE,FALSE,FALSE,FALSE,gained_estimability,TRUE
17713,North America,Cold_Without_dry_season_Cold_Summer,estimated,estimated,0.595,0.595,0.0612,0.0955,0.3567,0.3388,0.1775,0.1603,-0.29550000000000004,-0.2433,-0.49663865546218494,-0.4089075630252101,-0.7071069633883705,-0.560211835137002,-0.04159091030737161,-0.04244855905022216,0.15021725834810906,0.17259416544724548,-0.025819419768952967,-0.0018026317270951608,climate,climate,climate,climate,0,0.034300000000000004,-0.017900000000000027,-0.017199999999999993,0.05220000000000005,0.08773109243697486,0.14689512825136852,-8.576487428505475e-4,0.022376907099136423,0.024016788041857806,TRUE,TRUE,TRUE,TRUE,TRUE,FALSE,FALSE,FALSE,FALSE,same_ranking,FALSE
20651,North America,Polar,estimated,estimated,0.021,0.014,-0.0515,-0.0346,0.0243,0.0231,0.0479,0.0257,-0.07579999999999999,-0.0577,-3.609523809523809,-4.121428571428571,-1,-1,-0.09666205241491799,-0.10312708761482692,-0.0490182950763689,-0.03493541825851021,-0.018344347984724174,-0.04616379273565541,climate,climate,climate,climate,-0.007000000000000001,0.0169,-0.0011999999999999997,-0.022199999999999998,0.01809999999999999,-0.5119047619047619,0,-0.006465035199908931,0.014082876817858692,-0.027819444750931233,TRUE,TRUE,TRUE,TRUE,TRUE,FALSE,FALSE,FALSE,FALSE,same_ranking,FALSE
47520,Europe,Cold_Without_dry_season_Cold_Summer,estimated,estimated,0.542,0.446,0.042,0.038,0.2851,0.2209,0.2153,0.1866,-0.2431,-0.1829,-0.4485239852398524,-0.4100896860986547,-0.7431977988382757,-0.7064503669370413,0.11325146141619535,0.016429824287527484,0.13784302826528394,0.03952812436252606,0.05977638545322783,0.032470239170747095,climate,climate,climate,climate,-0.09600000000000003,-0.0040000000000000036,-0.06420000000000001,-0.028700000000000003,0.060200000000000004,0.03843429914119767,0.03674743190123442,-0.09682163712866787,-0.09831490390275788,-0.027306146282480737,TRUE,TRUE,TRUE,TRUE,TRUE,FALSE,FALSE,FALSE,FALSE,same_ranking,FALSE
4359,Europe,Temperate_Without_dry_season,estimated,estimated,0.656,0.419,0.2597,0.0827,0.1353,0.0838,0.2608,0.2528,0.12439999999999998,-0.0011000000000000038,0.1896341463414634,-0.0026252983293556177,0.3149367088607594,-0.00660660660660663,0.21814263353248342,-0.018306096902319546,0.11995350712811825,0.041625924844002404,0.09019663019525337,0.0988058278953391,human,climate,human,climate,-0.23700000000000004,-0.177,-0.051500000000000004,-0.007999999999999952,-0.1255,-0.192259444670819,-0.32154331546736603,-0.23644873043480297,-0.07832758228411585,0.008609197700085724,TRUE,TRUE,TRUE,TRUE,TRUE,FALSE,TRUE,TRUE,TRUE,ranking_reversal,TRUE
1788,North America,Polar,missing_predictor_group,estimated,NA,0.312,NA,0.0602,NA,0.1664,NA,0.0853,NA,-0.10619999999999999,NA,-0.34038461538461534,NA,-0.46866725507502205,NA,0.09427312016568401,NA,0.12969026205726397,NA,0.0608568861969222,NA,climate,NA,climate,NA,NA,NA,NA,NA,NA,NA,NA,NA,NA,TRUE,TRUE,FALSE,TRUE,FALSE,TRUE,FALSE,FALSE,FALSE,gained_estimability,TRUE
45648,Oceania,Temperate_Without_dry_season,insufficient_residual_df,insufficient_residual_df,NA,NA,NA,NA,NA,NA,NA,NA,NA,NA,NA,NA,NA,NA,NA,NA,NA,NA,NA,NA,NA,NA,NA,NA,NA,NA,NA,NA,NA,NA,NA,NA,NA,NA,TRUE,TRUE,FALSE,FALSE,FALSE,FALSE,FALSE,FALSE,FALSE,not_estimable_at_either_radius,FALSE
4183,Europe,Cold_Without_dry_season_Cold_Summer,estimated,estimated,0.505,0.601,0.1394,0.1851,0.2327,0.2764,0.1329,0.1395,-0.0933,-0.09129999999999999,-0.18475247524752475,-0.15191347753743759,-0.2507390486428379,-0.19783315276273022,0.1394736461527034,0.23539569767056123,0.10231904551586712,0.2304208092390868,-0.013300879947617972,0.04059099015312273,climate,climate,climate,climate,0.09599999999999997,0.04569999999999999,0.04369999999999999,0.0066000000000000225,0.0020000000000000018,0.032838997710087164,0.05290589588010769,0.09592205151785782,0.12810176372321969,0.0538918701007407,TRUE,TRUE,TRUE,TRUE,TRUE,FALSE,FALSE,FALSE,FALSE,same_ranking,FALSE
13055,Latin America,Temperate_Dry_Winter,missing_predictor_group,missing_predictor_group,NA,NA,NA,NA,NA,NA,NA,NA,NA,NA,NA,NA,NA,NA,NA,NA,NA,NA,NA,NA,NA,NA,NA,NA,NA,NA,NA,NA,NA,NA,NA,NA,NA,NA,TRUE,TRUE,FALSE,FALSE,FALSE,FALSE,FALSE,FALSE,FALSE,not_estimable_at_either_radius,FALSE
816,North America,Temperate_Dry_Summer,estimated,estimated,0.657,0.64,0.1843,0.1761,0.2481,0.248,0.2249,0.2163,-0.0638,-0.07189999999999999,-0.09710806697108065,-0.11234374999999998,-0.14754856614246067,-0.16953548691346376,0.26922855159603154,0.2523393039929426,0.07153532230224868,0.06907321167963076,0.07886142304690469,0.05935902123742598,climate,climate,climate,climate,-0.017000000000000015,-0.008199999999999985,-9.999999999998899e-5,-0.008599999999999997,-0.008099999999999996,-0.015235683028919325,-0.021986920771003088,-0.016889247603088964,-0.002462110622617919,-0.01950240180947871,TRUE,TRUE,TRUE,TRUE,TRUE,FALSE,FALSE,FALSE,FALSE,same_ranking,FALSE
3056,North America,Polar,estimated,estimated,0.265,0.368,0.0603,0.1471,0.034,0.0702,0.1708,0.1506,0.026299999999999997,0.07690000000000001,0.09924528301886791,0.20896739130434785,0.2788971367974549,0.353888633225955,0.021725701326896774,0.12464079219941471,-0.027035583820443576,0.05740880511216939,0.08865851363295307,0.06034702283293536,human,human,human,human,0.10299999999999998,0.08680000000000002,0.036199999999999996,-0.020199999999999996,0.05060000000000001,0.10972210828547994,0.07499149642850006,0.10291509087251793,0.08444438893261297,-0.028311490800017713,TRUE,TRUE,TRUE,TRUE,TRUE,FALSE,FALSE,FALSE,FALSE,same_ranking,FALSE
40803,North America,Cold_Without_dry_season_Hot_Summer,estimated,estimated,0.444,0.467,0.1338,0.1408,0.2361,0.2525,0.0743,0.0738,-0.1023,-0.1117,-0.2304054054054054,-0.23918629550321197,-0.27656123276561234,-0.28400711924739386,0.11400731662817998,0.13686166225153262,0.1927949754839069,0.240247928536637,0.07109207348998281,0.08483531712501835,climate,climate,climate,climate,0.02300000000000002,0.007000000000000006,0.016399999999999998,-5.000000000000004e-4,-0.009399999999999992,-0.008780890097806554,-0.007445886481781516,0.022854345623352645,0.04745295305273012,0.01374324363503554,TRUE,TRUE,TRUE,TRUE,TRUE,FALSE,FALSE,FALSE,FALSE,same_ranking,FALSE
22652,Europe,Cold_Without_dry_season_Cold_Summer,estimated,estimated,0.062,0.028,-0.0043,0.0014,-0.0047,-0.031,0.0707,0.0577,4.000000000000002e-4,0.0324,0.006451612903225809,1.157142857142857,NA,1,-0.04479429249149558,-0.07846012584639495,-0.13427274889062546,-0.17063586355708094,-0.03871152621956431,-0.04862757780454918,human,human,NA,human,-0.034,0.0057,-0.0263,-0.012999999999999998,0.032,1.1506912442396313,NA,-0.033665833354899366,-0.036363114666455476,-0.009916051584984875,TRUE,TRUE,TRUE,TRUE,TRUE,FALSE,FALSE,FALSE,FALSE,same_ranking,FALSE
24956,Europe,Cold_Without_dry_season_Warm_Summer,insufficient_residual_df,insufficient_residual_df,NA,NA,NA,NA,NA,NA,NA,NA,NA,NA,NA,NA,NA,NA,NA,NA,NA,NA,NA,NA,NA,NA,NA,NA,NA,NA,NA,NA,NA,NA,NA,NA,NA,NA,TRUE,TRUE,FALSE,FALSE,FALSE,FALSE,FALSE,FALSE,FALSE,not_estimable_at_either_radius,FALSE
16278,North America,Cold_Without_dry_season_Warm_Summer,estimated,estimated,0.337,0.437,0.018,0.0797,0.247,0.2554,0.0716,0.1015,-0.229,-0.17570000000000002,-0.6795252225519288,-0.4020594965675058,-0.8641509433962264,-0.5243210981796479,0.0011555822604680799,0.10109157210186437,0.18815677237444017,0.24335036820052525,0.04055115491592953,0.13865609973586834,climate,climate,climate,climate,0.09999999999999998,0.06169999999999999,0.008400000000000019,0.02990000000000001,0.053299999999999986,0.27746572598442304,0.33982984521657855,0.09993598984139629,0.05519359582608507,0.09810494481993881,TRUE,TRUE,TRUE,TRUE,TRUE,FALSE,FALSE,FALSE,FALSE,same_ranking,FALSE
1632,North America,Cold_Dry_Summer,estimated,estimated,0.491,0.42,0.1011,0.0468,0.1683,0.1473,0.2216,0.226,-0.06720000000000001,-0.10049999999999998,-0.1368635437881874,-0.23928571428571424,-0.24944320712694884,-0.5177743431221019,0.032778751686121654,-0.038122328358492275,0.23545957970493747,0.17806225982896184,0.16532860967606933,0.1585226570637036,climate,climate,climate,climate,-0.07100000000000001,-0.054299999999999994,-0.02100000000000002,0.004400000000000015,-0.03329999999999997,-0.10242217049752683,-0.26833113599515307,-0.07090108004461393,-0.05739731987597563,-0.006805952612365718,TRUE,TRUE,TRUE,TRUE,TRUE,FALSE,FALSE,FALSE,FALSE,same_ranking,FALSE
1904,North America,Cold_Without_dry_season_Warm_Summer,estimated,estimated,0.631,0.678,0.0322,0.0968,0.438,0.4338,0.161,0.1477,-0.4058,-0.337,-0.6431061806656101,-0.4970501474926254,-0.8630370055295619,-0.6351300414624954,-0.0161661832953488,0.030930754647184866,0.30115056397175843,0.35791694701384125,0.030394093749585682,0.06925983586202111,climate,climate,climate,climate,0.04700000000000004,0.06459999999999999,-0.0041999999999999815,-0.013300000000000006,0.06879999999999997,0.1460560331729847,0.22790696406706645,0.04709693794253367,0.05676638304208281,0.03886574211243543,TRUE,TRUE,TRUE,TRUE,TRUE,FALSE,FALSE,FALSE,FALSE,same_ranking,FALSE
48948,Europe,Polar,estimated,estimated,0.138,0.174,-0.0274,0.0163,0.1086,0.0979,0.0564,0.0594,-0.136,-0.0816,-0.9855072463768115,-0.46896551724137936,-1,-0.7145359019264449,-0.05908996223535956,-0.02306273400480796,-0.0010522209394792092,-0.021333889821675833,-0.047650116767620765,-0.04057165196834556,climate,climate,climate,climate,0.035999999999999976,0.0437,-0.010700000000000001,0.0030000000000000027,0.054400000000000004,0.5165417291354322,0.2854640980735551,0.0360272282305516,-0.020281668882196624,0.007078464799275208,TRUE,TRUE,TRUE,TRUE,TRUE,FALSE,FALSE,FALSE,FALSE,same_ranking,FALSE
3977,Europe,Cold_Without_dry_season_Warm_Summer,estimated,estimated,0.052,0.057,-0.0034,0.0147,-0.0427,-0.048,0.0983,0.0906,0.0393,0.0627,0.7557692307692309,1.1,NA,1,-0.04890852133063528,-0.04380115619351055,-0.1893328251712455,-0.20701348985784285,-0.02861932610787543,-0.05116784757467652,human,human,NA,human,0.0050000000000000044,0.018099999999999998,-0.005299999999999999,-0.0076999999999999985,0.023400000000000004,0.34423076923076923,NA,0.005107365137124731,-0.017680664686597347,-0.022548521466801086,TRUE,TRUE,TRUE,TRUE,TRUE,FALSE,FALSE,FALSE,FALSE,same_ranking,FALSE
25837,Europe,Cold_Without_dry_season_Cold_Summer,estimated,estimated,0.656,0.622,0.091,0.0813,0.2664,0.262,0.2988,0.2785,-0.17540000000000003,-0.18070000000000003,-0.2673780487804878,-0.2905144694533763,-0.49076664801343034,-0.5263617826973493,-0.0055641342539412,-0.039986259698848725,0.1557131374177323,0.13675977341234136,0.34975933500752143,0.2989823972460848,climate,climate,climate,climate,-0.03400000000000003,-0.0097,-0.004400000000000015,-0.020299999999999985,-0.005299999999999999,-0.023136420672888458,-0.035595134683919005,-0.034422125444907525,-0.018953364005390938,-0.05077693776143666,TRUE,TRUE,TRUE,TRUE,TRUE,FALSE,FALSE,FALSE,FALSE,same_ranking,FALSE
2961,North America,Cold_Without_dry_season_Hot_Summer,estimated,estimated,0.482,0.498,0.1484,0.1089,0.2405,0.2792,0.0931,0.1096,-0.09209999999999999,-0.1703,-0.19107883817427385,-0.34196787148594376,-0.23682180509128306,-0.438804431847462,0.018666005271891772,0.034352003906127915,-0.0447647450529326,0.05736694995669911,-0.015052244711742602,0.04283804557644488,climate,climate,climate,climate,0.016000000000000014,-0.03950000000000001,0.03870000000000001,0.0165,-0.07820000000000002,-0.15088903331166992,-0.20198262675617892,0.015685998634236142,0.1021316950096317,0.057890290288187485,TRUE,TRUE,TRUE,TRUE,TRUE,FALSE,FALSE,FALSE,FALSE,same_ranking,FALSE
4145,Europe,Cold_Without_dry_season_Cold_Summer,estimated,estimated,0.523,0.634,-0.0095,0.0409,0.2346,0.2817,0.2983,0.3117,-0.2441,-0.24080000000000001,-0.46673040152963674,-0.3798107255520505,-1,-0.7464352138871668,-0.01469495461374648,0.09608369907961545,0.011958469015455386,0.11371625207295188,0.09835450496351517,0.13264391118768026,climate,climate,climate,climate,0.11099999999999999,0.0504,0.0471,0.013399999999999967,0.0032999999999999974,0.08691967597758626,0.2535647861128332,0.11077865369336193,0.1017577830574965,0.0342894062241651,TRUE,TRUE,TRUE,TRUE,TRUE,FALSE,FALSE,FALSE,FALSE,same_ranking,FALSE
1152,North America,Cold_Without_dry_season_Cold_Summer,estimated,estimated,0.426,0.451,0.107,0.1104,0.202,0.2444,0.117,0.0959,-0.09500000000000001,-0.134,-0.22300469483568078,-0.29711751662971175,-0.30744336569579295,-0.37767756482525366,0.1593918088599917,0.1840085609883051,0.10779348470832883,0.18592553171505877,0.09335730049757851,0.04452985028235701,climate,climate,climate,climate,0.025000000000000022,0.0034000000000000002,0.04239999999999999,-0.021100000000000008,-0.03899999999999999,-0.07411282179403098,-0.07023419912946072,0.02461675212831338,0.07813204700672993,-0.0488274502152215,TRUE,TRUE,TRUE,TRUE,TRUE,FALSE,FALSE,FALSE,FALSE,same_ranking,FALSE
3468,North America,Cold_Without_dry_season_Hot_Summer,estimated,estimated,0.607,0.609,0.0613,0.1238,0.2398,0.2311,0.3056,0.2543,-0.17850000000000002,-0.1073,-0.2940691927512356,-0.1761904761904762,-0.5928263035536366,-0.30233868695407157,-0.038724334589689824,-0.03626160564108605,0.15539503729012305,0.11159552962361763,0.24442142279324797,0.11537488055215572,climate,climate,climate,climate,0.0020000000000000018,0.06249999999999999,-0.008700000000000013,-0.05129999999999996,0.07120000000000001,0.1178787165607594,0.29048761659956507,0.0024627289486037762,-0.04379950766650542,-0.12904654224109224,TRUE,TRUE,TRUE,TRUE,TRUE,FALSE,FALSE,FALSE,FALSE,same_ranking,FALSE
15586,North America,Cold_Dry_Summer,estimated,estimated,0.502,0.58,0.0341,0.2798,0.0664,0.0533,0.4016,0.2465,-0.0323,0.22649999999999998,-0.06434262948207171,0.3905172413793103,-0.32139303482587067,0.6799759831882317,0.058605714296136924,0.1360813418796165,0.07427002832475771,0.04711437243589556,0.43356364768487443,0.12248643562470951,climate,human,climate,human,0.07799999999999996,0.2457,-0.0131,-0.15510000000000002,0.2588,0.454859870861382,1.0013690180141024,0.07747562758347959,-0.02715565588886215,-0.3110772120601649,TRUE,TRUE,TRUE,TRUE,TRUE,FALSE,TRUE,TRUE,TRUE,ranking_reversal,TRUE
22908,Europe,Temperate_Without_dry_season,estimated,estimated,0.497,0.554,0.1827,0.2184,0.1302,0.1228,0.1844,0.2133,0.05249999999999999,0.0956,0.10563380281690139,0.17256317689530684,0.1677852348993288,0.2801875732708089,0.06763724943965177,0.12484755186015173,-0.002183067246644077,-0.010807223840027191,0.03796988500811649,0.10196657771664641,human,human,human,human,0.05700000000000005,0.03570000000000001,-0.007400000000000004,0.02889999999999998,0.04310000000000001,0.06692937407840545,0.11240233837148009,0.05721030242049996,-0.008624156593383114,0.06399669270852992,TRUE,TRUE,TRUE,TRUE,TRUE,FALSE,FALSE,FALSE,FALSE,same_ranking,FALSE
1104,North America,Cold_Dry_Summer,estimated,estimated,0.307,0.364,0.0052,0.0649,0.1318,0.1371,0.1704,0.1619,-0.1266,-0.0722,-0.41237785016286643,-0.19835164835164837,-0.9240875912408758,-0.3574257425742574,-0.026541010675606658,0.029865948306184276,-0.08956214591380995,-0.05789602628736845,-0.036919141659531474,-0.032878006168160945,climate,climate,climate,climate,0.056999999999999995,0.0597,0.005299999999999999,-0.008500000000000008,0.05439999999999999,0.21402620181121806,0.5666618486666184,0.05640695898179093,0.0316661196264415,0.004041135491370529,TRUE,TRUE,TRUE,TRUE,TRUE,FALSE,FALSE,FALSE,FALSE,same_ranking,FALSE
2623,North America,Cold_Without_dry_season_Hot_Summer,estimated,estimated,0.505,0.504,0.0564,0.0559,0.2228,0.2295,0.2258,0.2185,-0.1664,-0.1736,-0.32950495049504946,-0.34444444444444444,-0.5959885386819483,-0.6082690960056062,0.013047706656128422,0.011918363170695057,0.13122623217465224,0.15894817101272307,0.17281098612485468,0.17249909234056426,climate,climate,climate,climate,-0.0010000000000000009,-5.000000000000004e-4,0.0067000000000000115,-0.007300000000000001,-0.007200000000000012,-0.014939493949394977,-0.012280557323657848,-0.001129343485433365,0.027721938838070836,-3.118937842904179e-4,TRUE,TRUE,TRUE,TRUE,TRUE,FALSE,FALSE,FALSE,FALSE,same_ranking,FALSE
1626,North America,Cold_Without_dry_season_Warm_Summer,estimated,estimated,0.446,0.429,0.1254,0.0495,0.2531,0.2795,0.067,0.1001,-0.12769999999999998,-0.23000000000000004,-0.2863228699551569,-0.5361305361305362,-0.3373844121532364,-0.6990881458966566,0.03282991711251748,0.016407939733436683,0.09159122146144494,0.11113961827445185,-0.047006083804780774,-0.014107261328065501,climate,climate,climate,climate,-0.017000000000000015,-0.07590000000000001,0.026400000000000035,0.03309999999999999,-0.10230000000000006,-0.2498076661753793,-0.3617037337434202,-0.0164219773790808,0.019548396813006907,0.03289882247671527,TRUE,TRUE,TRUE,TRUE,TRUE,FALSE,FALSE,FALSE,FALSE,same_ranking,FALSE
24091,Europe,Cold_Without_dry_season_Warm_Summer,estimated,estimated_residual_temporal_dependence,0.452,0.477,-0.0081,0.0174,0.1323,0.1184,0.3276,0.3416,-0.1404,-0.101,-0.31061946902654863,-0.2117400419287212,-1,-0.7437407952871871,-0.04905869279095887,-0.023575474505492577,-0.017261425047125134,-0.06332159729574804,0.20444343503347928,0.2141791763919757,climate,climate,climate,climate,0.024999999999999967,0.0255,-0.013899999999999996,0.014000000000000012,0.03939999999999999,0.09887942709782743,0.25625920471281294,0.02548321828546629,-0.04606017224862291,0.00973574135849642,TRUE,TRUE,TRUE,TRUE,TRUE,TRUE,FALSE,FALSE,FALSE,same_ranking,FALSE
45381,Europe,Cold_Without_dry_season_Warm_Summer,estimated,estimated,0.544,0.457,0.1878,0.0655,0.1296,0.1197,0.2266,0.2719,0.0582,-0.0542,0.10698529411764705,-0.1185995623632385,0.1833648393194707,-0.29265658747300216,0.07657026120816757,-0.010302500686181548,0.10119765722029828,0.09705443867055119,0.13070128894220057,0.23719406498809403,human,climate,human,climate,-0.08700000000000002,-0.12229999999999999,-0.009899999999999992,0.04529999999999998,-0.1124,-0.22558485648088555,-0.47602142679247283,-0.08687276189434912,-0.004143218549747085,0.10649277604589347,TRUE,TRUE,TRUE,TRUE,TRUE,FALSE,TRUE,TRUE,TRUE,ranking_reversal,TRUE
24303,Europe,Polar,estimated,estimated,0.615,0.59,0.0859,0.0799,0.1134,0.1024,0.4158,0.408,-0.027499999999999997,-0.022500000000000006,-0.04471544715447154,-0.03813559322033899,-0.13798294029101854,-0.12342292923752059,0.031010020519712356,0.006299464085307349,0.17130970514248456,0.1712445441000604,0.43291572444968185,0.4394379109469928,climate,climate,climate,climate,-0.025000000000000022,-0.006000000000000005,-0.010999999999999996,-0.007800000000000029,0.0049999999999999906,0.006579853934132546,0.014560011053497954,-0.024710556434405007,-6.516104242415555e-5,0.0065221864973109556,TRUE,TRUE,TRUE,TRUE,TRUE,FALSE,FALSE,FALSE,FALSE,same_ranking,FALSE
228,North America,Temperate_Dry_Summer,estimated,estimated,0.783,0.657,0.2244,0.1669,0.3316,0.2974,0.2274,0.1926,-0.10720000000000002,-0.1305,-0.13690932311621967,-0.19863013698630136,-0.19280575539568348,-0.28106827482231317,0.416830579587979,0.2902706662167739,0.3331095774919136,0.2567110332718615,0.2541561073553934,0.17657080979468132,climate,climate,climate,climate,-0.126,-0.057499999999999996,-0.03420000000000001,-0.0348,-0.023299999999999987,-0.06172081387008169,-0.08826251942662969,-0.1265599133712051,-0.0763985442200521,-0.07758529756071209,TRUE,TRUE,TRUE,TRUE,TRUE,FALSE,FALSE,FALSE,FALSE,same_ranking,FALSE
32,Latin America,Polar,estimated,estimated,0.559,0.488,0.0903,0.0133,0.3152,0.3394,0.1534,0.1351,-0.2249,-0.3261,-0.4023255813953488,-0.6682377049180328,-0.5546239210850802,-0.9245817975616673,0.041771629229885865,-0.029418475854861792,0.045274707488228594,0.12542885219557942,0.028869793524150866,0.02397625349473742,climate,climate,climate,climate,-0.07100000000000006,-0.07700000000000001,0.0242,-0.01830000000000001,-0.10120000000000001,-0.265912123522684,-0.36995787647658707,-0.07119010508474766,0.08015414470735083,-0.004893540029413446,TRUE,TRUE,TRUE,TRUE,TRUE,FALSE,FALSE,FALSE,FALSE,same_ranking,FALSE
1002,North America,Cold_Without_dry_season_Warm_Summer,estimated,estimated,0.416,0.502,0.0221,0.0597,0.2575,0.2539,0.1368,0.1887,-0.2354,-0.1942,-0.5658653846153846,-0.38685258964143426,-0.8419170243204578,-0.6192602040816327,-0.031443150003799825,0.05433876493238654,0.21498497772091973,0.20442866747324695,0.08140719356113191,0.18181350229898163,climate,climate,climate,climate,0.08600000000000002,0.0376,-0.003599999999999992,0.0519,0.04119999999999999,0.17901279497395034,0.22265682023882505,0.08578191493618637,-0.010556310247672784,0.10040630873784973,TRUE,TRUE,TRUE,TRUE,TRUE,FALSE,FALSE,FALSE,FALSE,same_ranking,FALSE
2953,North America,Temperate_Without_dry_season,estimated,estimated,0.647,0.673,0.0837,0.0885,0.3518,0.3518,0.2113,0.2332,-0.2681,-0.2633,-0.4143740340030912,-0.39123328380386324,-0.6156142365097589,-0.598001362707245,0.02685632101533575,0.05357252262420309,0.21367364185600646,0.20758629420545127,0.11098494315357743,0.14865867909857744,climate,climate,climate,climate,0.026000000000000023,0.004799999999999999,0,0.021900000000000003,0.0048000000000000265,0.023140750199227955,0.017612873802513862,0.02671620160886734,-0.006087347650555186,0.03767373594500001,TRUE,TRUE,TRUE,TRUE,TRUE,FALSE,FALSE,FALSE,FALSE,same_ranking,FALSE
1648,North America,Temperate_Without_dry_season,estimated,estimated,0.648,0.667,0.1116,0.1386,0.2943,0.2996,0.2425,0.2286,-0.1827,-0.16099999999999998,-0.28194444444444444,-0.24137931034482754,-0.45011086474501105,-0.3674121405750798,0.037995581510865795,0.05637266302555688,0.0540211700835419,0.0938339902334675,0.025091405814023693,0.026477508981066378,climate,climate,climate,climate,0.019000000000000017,0.026999999999999996,0.005299999999999971,-0.013899999999999996,0.021700000000000025,0.0405651340996169,0.08269872416993124,0.018377081514691085,0.0398128201499256,0.0013861031670426849,TRUE,TRUE,TRUE,TRUE,TRUE,FALSE,FALSE,FALSE,FALSE,same_ranking,FALSE
15776,North America,Temperate_Dry_Summer,estimated,estimated,0.236,0.388,0.1356,0.223,-0.0135,0.0202,0.1143,0.1453,0.1491,0.2028,0.6317796610169493,0.522680412371134,1,0.8338815789473685,0.21909124330743557,0.3711891906159781,0.009961046049487776,0.08164861959755843,0.12297174154203627,0.18920795670263202,human,human,human,human,0.15200000000000002,0.0874,0.0337,0.031000000000000014,0.0537,-0.10909924864581522,-0.16611842105263153,0.15209794730854254,0.07168757354807065,0.06623621516059575,TRUE,TRUE,TRUE,TRUE,TRUE,FALSE,FALSE,FALSE,FALSE,same_ranking,FALSE
2593,North America,Cold_Without_dry_season_Hot_Summer,estimated,estimated,0.379,0.443,0.0923,0.1416,0.1762,0.1974,0.1102,0.104,-0.0839,-0.05579999999999999,-0.22137203166226913,-0.1259593679458239,-0.3124767225325885,-0.1646017699115044,0.00855252689343855,0.07281812558055556,0.022797963473107363,0.09462341793554685,-0.047415832830887905,-0.030381592604948993,climate,climate,climate,climate,0.064,0.04930000000000001,0.021199999999999997,-0.006200000000000011,0.028100000000000014,0.09541266371644522,0.1478749526210841,0.06426559868711701,0.07182545446243949,0.017034240225938913,TRUE,TRUE,TRUE,TRUE,TRUE,FALSE,FALSE,FALSE,FALSE,same_ranking,FALSE
45716,Europe,Polar,estimated,estimated,0.446,0.469,0.0883,0.1133,0.2247,0.2339,0.1331,0.1219,-0.13640000000000002,-0.1206,-0.3058295964125561,-0.2571428571428572,-0.43578274760383395,-0.34735023041474655,0.06320481371846587,0.08618925459829829,0.17532260436198321,0.22204786667979082,0.029461030934037846,0.03556521833392856,climate,climate,climate,climate,0.022999999999999965,0.024999999999999994,0.009199999999999986,-0.011200000000000002,0.015800000000000022,0.04868673926969891,0.0884325171890874,0.022984440879832424,0.0467252623178076,0.006104187399890715,TRUE,TRUE,TRUE,TRUE,TRUE,FALSE,FALSE,FALSE,FALSE,same_ranking,FALSE
15394,Latin America,Tropical,missing_predictor_group,estimated,NA,0.531,NA,0.096,NA,0.2268,NA,0.2085,NA,-0.1308,NA,-0.2463276836158192,NA,-0.4052044609665428,NA,-0.01218741182994254,NA,-0.03199125339679176,NA,-0.03461877818871284,NA,climate,NA,climate,NA,NA,NA,NA,NA,NA,NA,NA,NA,NA,TRUE,TRUE,FALSE,TRUE,FALSE,TRUE,FALSE,FALSE,FALSE,gained_estimability,TRUE
1766,North America,Arid,estimated,estimated,0.301,0.268,0.136,0.1057,0.05,0.0364,0.1153,0.1255,0.08600000000000001,0.0693,0.28571428571428575,0.25858208955223877,0.4623655913978495,0.4876847290640394,0.0676874495442853,0.03403673133346252,-0.07172513706094008,-0.10685338937805033,-0.04747191828720465,-0.034936008814269504,human,human,human,human,-0.032999999999999974,-0.030300000000000007,-0.013600000000000001,0.0102,-0.016700000000000007,-0.027132196162046984,0.025319137666189928,-0.03365071821082277,-0.03512825231711025,0.012535909472935147,TRUE,TRUE,TRUE,TRUE,TRUE,FALSE,FALSE,FALSE,FALSE,same_ranking,FALSE
22851,Europe,Cold_Without_dry_season_Warm_Summer,estimated_residual_temporal_dependence,estimated_residual_temporal_dependence,0.59,0.659,0.0801,0.122,0.2016,0.2047,0.3086,0.3322,-0.1215,-0.0827,-0.2059322033898305,-0.12549317147192715,-0.43130990415335463,-0.25313743495561675,0.0032214428432542075,0.07173032537574953,0.04185190317047449,0.11868533890352229,0.20912835573196475,0.3270469227743993,climate,climate,climate,climate,0.06900000000000006,0.04189999999999999,0.0030999999999999917,0.02360000000000001,0.0388,0.08043903191790336,0.17817246919773788,0.06850888253249532,0.0768334357330478,0.11791856704243453,TRUE,TRUE,TRUE,TRUE,TRUE,FALSE,FALSE,FALSE,FALSE,same_ranking,FALSE
48925,North America,Cold_Without_dry_season_Warm_Summer,estimated,estimated,0.353,0.396,-0.0156,0.041,0.2647,0.255,0.1038,0.1003,-0.2803,-0.214,-0.7940509915014164,-0.5404040404040403,-1,-0.722972972972973,-0.07326766645482652,-0.029855052318906616,0.07010471963167753,0.09799918707777944,-0.08595113279198507,-0.045759423037682434,climate,climate,climate,climate,0.04300000000000004,0.0566,-0.009699999999999986,-0.003500000000000003,0.0663,0.2536469510973761,0.277027027027027,0.0434126141359199,0.02789446744610191,0.04019170975430264,TRUE,TRUE,TRUE,TRUE,TRUE,FALSE,FALSE,FALSE,FALSE,same_ranking,FALSE
17368,Latin America,Polar,estimated,estimated,0.414,0.347,0.0716,0.0438,0.0564,0.0263,0.2864,0.277,0.015199999999999998,0.017499999999999998,0.03671497584541063,0.050432276657060515,0.11874999999999998,0.24964336661911554,0.0394235150346367,-0.027847939991962334,-0.08492209461756439,-0.14462885621803134,0.12137535777996034,0.10279625629740352,human,human,human,human,-0.067,-0.0278,-0.0301,-0.009399999999999964,0.0023,0.013717300811649888,0.13089336661911555,-0.06727145502659904,-0.05970676160046695,-0.018579101482556815,TRUE,TRUE,TRUE,TRUE,TRUE,FALSE,FALSE,FALSE,FALSE,same_ranking,FALSE
4120,Europe,Cold_Without_dry_season_Warm_Summer,estimated,estimated,0.684,0.683,0.0127,0.0174,0.238,0.2685,0.4337,0.3976,-0.2253,-0.2511,-0.32938596491228067,-0.36764275256222545,-0.8986836856800958,-0.8782791185729274,0.0025275668278945673,0.0016569816737316279,0.04882371408620356,0.06897335615207378,0.29145060152180224,0.1783350288611757,climate,climate,climate,climate,-0.0010000000000000009,0.004699999999999999,0.030500000000000027,-0.036099999999999965,-0.02579999999999999,-0.03825678764994478,0.020404567107168425,-8.705851541629395e-4,0.02014964206587022,-0.11311557266062655,TRUE,TRUE,TRUE,TRUE,TRUE,FALSE,FALSE,FALSE,FALSE,same_ranking,FALSE
18123,Latin America,Arid,estimated,estimated,0.447,0.463,-0.0286,0.0179,0.2511,0.2472,0.2246,0.1978,-0.2797,-0.2293,-0.6257270693512305,-0.4952483801295896,-1,-0.8649566201433422,-0.04943595482579932,-0.033608025590839086,0.18322042991803034,0.22668719326204245,0.17369986573499774,0.171504787101586,climate,climate,climate,climate,0.016000000000000014,0.0465,-0.003899999999999987,-0.02679999999999999,0.0504,0.13047868922164085,0.13504337985665782,0.015827929234960236,0.043466763344012116,-0.002195078633411729,TRUE,TRUE,TRUE,TRUE,TRUE,FALSE,FALSE,FALSE,FALSE,same_ranking,FALSE
43295,Latin America,Cold_Dry_Summer,estimated,estimated,0.214,0.329,0.0248,0.1008,0.0216,0.0479,0.1674,0.18,0.003199999999999998,0.0529,0.014953271028037373,0.16079027355623102,0.06896551724137927,0.35574983187626097,0.06035405657908455,0.17508092902081718,-0.11977836610065107,-0.045882984593972664,0.024199103655065057,0.07070750389729807,human,human,human,human,0.11500000000000002,0.076,0.026299999999999997,0.0126,0.04970000000000001,0.14583700252819365,0.2867843146348817,0.11472687244173263,0.0738953815066784,0.04650840024223302,TRUE,TRUE,TRUE,TRUE,TRUE,FALSE,FALSE,FALSE,FALSE,same_ranking,FALSE
15259,Latin America,Polar,estimated,estimated,0.572,0.507,0.0654,9e-4,0.2502,0.2413,0.2568,0.2651,-0.18479999999999996,-0.24039999999999997,-0.32307692307692304,-0.4741617357001972,-0.585551330798479,-0.9925681255161023,0.054105180931510066,-0.010956127169015506,0.12318359139631596,0.10006670252636196,0.07559352855176893,0.08696661414120344,climate,climate,climate,climate,-0.06499999999999995,-0.0645,-0.008899999999999991,0.00830000000000003,-0.05560000000000001,-0.15108481262327417,-0.4070167947176233,-0.06506130810052557,-0.023116888869954,0.011373085589434506,TRUE,TRUE,TRUE,TRUE,TRUE,FALSE,FALSE,FALSE,FALSE,same_ranking,FALSE
15682,North America,Cold_Without_dry_season_Warm_Summer,estimated,estimated,0.493,0.379,0.1538,0.0716,0.175,0.1538,0.1642,0.154,-0.021199999999999997,-0.0822,-0.043002028397565915,-0.21688654353562004,-0.06447688564476885,-0.3646850044365572,0.08094405328742693,-0.032733815085261075,0.030299085872592335,-0.02331390225345009,-0.006031762091189274,-0.03747328240158243,climate,climate,climate,climate,-0.11399999999999999,-0.0822,-0.021199999999999997,-0.010200000000000015,-0.061,-0.1738845151380541,-0.3002081187917884,-0.113677868372688,-0.05361298812604243,-0.031441520310393156,TRUE,TRUE,TRUE,TRUE,TRUE,FALSE,FALSE,FALSE,FALSE,same_ranking,FALSE
24461,Europe,Cold_Without_dry_season_Warm_Summer,estimated,estimated,0.673,0.642,0.0279,0.0133,0.4382,0.4226,0.2066,0.2058,-0.4103,-0.4093,-0.6096582466567607,-0.6375389408099689,-0.880283201029822,-0.9389768295480616,0.01750994779739612,-0.013562216648613679,0.28151764228465803,0.24021747961001005,0.08119263587037429,0.06946637375236586,climate,climate,climate,climate,-0.031000000000000028,-0.014600000000000002,-0.015600000000000003,-7.999999999999952e-4,0.0010000000000000009,-0.027880694153208152,-0.05869362851823956,-0.031072164446009798,-0.04130016267464798,-0.011726262118008424,TRUE,TRUE,TRUE,TRUE,TRUE,FALSE,FALSE,FALSE,FALSE,same_ranking,FALSE
19995,North America,Cold_Without_dry_season_Cold_Summer,estimated,estimated,0.382,0.367,0.0495,0.0835,0.2193,0.1988,0.1129,0.085,-0.1698,-0.1153,-0.4445026178010471,-0.3141689373297003,-0.6316964285714286,-0.4084307474318101,0.056717369783885085,0.042271845007826436,0.17596616796363695,0.1896480318033289,0.03817634914098278,0.03718296375685093,climate,climate,climate,climate,-0.015000000000000013,0.034,-0.02049999999999999,-0.027899999999999994,0.05450000000000001,0.1303336804713468,0.22326568113961848,-0.01444552477605865,0.013681863839691943,-9.933853841318507e-4,TRUE,TRUE,TRUE,TRUE,TRUE,FALSE,FALSE,FALSE,FALSE,same_ranking,FALSE
48782,Europe,Temperate_Without_dry_season,estimated,estimated,0.366,0.349,0.0188,-0.0147,0.1159,0.1284,0.2313,0.2351,-0.0971,-0.14309999999999998,-0.2653005464480874,-0.4100286532951289,-0.7208611729769858,-1,-0.02378150100368559,-0.04103562293222052,0.09621311978558467,0.10849055903515414,0.18754496140110055,0.18255318373542995,climate,climate,climate,climate,-0.017000000000000015,-0.0335,0.012499999999999983,0.003799999999999998,-0.04599999999999997,-0.14472810684704146,-0.2791388270230142,-0.017254121928534927,0.012277439249569477,-0.004991777665670605,TRUE,TRUE,TRUE,TRUE,TRUE,FALSE,FALSE,FALSE,FALSE,same_ranking,FALSE
1970,North America,Arid,estimated,estimated,0.235,0.186,0.0764,0.0338,0.0345,0.0273,0.124,0.1249,0.04189999999999999,0.006499999999999995,0.17829787234042552,0.03494623655913976,0.3778178539224526,0.10638297872340417,-0.004097799631171406,-0.052983327976803385,-0.11405009249534215,-0.10733513839580444,-0.02281379130037453,1.2055875364880286e-4,human,human,human,human,-0.04899999999999999,-0.0426,-0.0072000000000000015,8.99999999999998e-4,-0.0354,-0.14335163578128576,-0.2714348751990484,-0.04888552834563198,0.006714954099537707,0.022934350054023334,TRUE,TRUE,TRUE,TRUE,TRUE,FALSE,FALSE,FALSE,FALSE,same_ranking,FALSE
41835,Europe,Cold_Without_dry_season_Cold_Summer,estimated,estimated,0.572,0.573,0.0417,0.0171,0.2258,0.2185,0.3042,0.3372,-0.18409999999999999,-0.2014,-0.32185314685314687,-0.35148342059336823,-0.6882242990654205,-0.8548387096774194,0.006305880502416872,0.007408725887056544,0.052616113680541754,0.011835340014617612,0.11401519887989375,0.1536234541972712,climate,climate,climate,climate,0.0010000000000000009,-0.0246,-0.007300000000000001,0.032999999999999974,-0.01730000000000001,-0.02963027374022137,-0.1666144106119989,0.0011028453846396724,-0.04078077366592414,0.03960825531737744,TRUE,TRUE,TRUE,TRUE,TRUE,FALSE,FALSE,FALSE,FALSE,same_ranking,FALSE
2328,Latin America,Arid,insufficient_residual_df,insufficient_residual_df,NA,NA,NA,NA,NA,NA,NA,NA,NA,NA,NA,NA,NA,NA,NA,NA,NA,NA,NA,NA,NA,NA,NA,NA,NA,NA,NA,NA,NA,NA,NA,NA,NA,NA,TRUE,TRUE,FALSE,FALSE,FALSE,FALSE,FALSE,FALSE,FALSE,not_estimable_at_either_radius,FALSE
4436,Europe,Temperate_Without_dry_season,estimated,estimated,0.56,0.478,0.1077,0.0667,0.302,0.2747,0.1501,0.1363,-0.19429999999999997,-0.20800000000000002,-0.3469642857142856,-0.43514644351464443,-0.4742494508176714,-0.6092560046865847,0.17525224600628864,0.09319048636559679,0.39906635164749515,0.33184129036313004,0.25002882100427437,0.20980558226217083,climate,climate,climate,climate,-0.08200000000000007,-0.04100000000000001,-0.02729999999999999,-0.013800000000000007,-0.013700000000000045,-0.08818215780035882,-0.1350065538689133,-0.08206175964069184,-0.06722506128436512,-0.04022323874210354,TRUE,TRUE,TRUE,TRUE,TRUE,FALSE,FALSE,FALSE,FALSE,same_ranking,FALSE
16073,North America,Temperate_Dry_Summer,estimated,estimated,0.592,0.594,0.0488,0.0503,0.2903,0.296,0.2524,0.2476,-0.2415,-0.24569999999999997,-0.4079391891891892,-0.41363636363636364,-0.7121792981421409,-0.7095004331504475,0.08775344322961531,0.09007965152035247,0.2210448581548976,0.23794643175991836,0.2252584153731596,0.22130593817977373,climate,climate,climate,climate,0.0020000000000000018,0.0014999999999999944,0.005699999999999983,-0.0048000000000000265,-0.0041999999999999815,-0.005697174447174436,0.0026788649916933416,0.002326208290737153,0.01690157360502076,-0.003952477193385873,TRUE,TRUE,TRUE,TRUE,TRUE,FALSE,FALSE,FALSE,FALSE,same_ranking,FALSE
16236,North America,Cold_Without_dry_season_Cold_Summer,estimated,estimated,0.58,0.557,0.015,0.0323,0.376,0.3546,0.1885,0.1701,-0.361,-0.32230000000000003,-0.6224137931034482,-0.5786355475763016,-0.9232736572890025,-0.8330317911605066,-0.012861026185439606,-0.03528946679335754,0.16693694704094508,0.1474968489363475,-0.02677322510275082,-0.039991751725307556,climate,climate,climate,climate,-0.02299999999999991,0.017300000000000003,-0.021399999999999975,-0.0184,0.03869999999999996,0.0437782455271466,0.09024186612849583,-0.022428440607917932,-0.01944009810459757,-0.013218526622556737,TRUE,TRUE,TRUE,TRUE,TRUE,FALSE,FALSE,FALSE,FALSE,same_ranking,FALSE
2880,North America,Cold_Without_dry_season_Cold_Summer,estimated,estimated,0.215,0.144,0.0392,-0.0153,0.0748,0.0538,0.1014,0.1055,-0.03560000000000001,-0.0691,-0.16558139534883723,-0.4798611111111111,-0.312280701754386,-1,-0.011801394594287529,-0.08328938787032947,-0.061330974372094116,-0.09783848024743291,-0.041890530240379475,-0.02793948084814246,climate,climate,climate,climate,-0.07100000000000001,-0.0545,-0.021000000000000005,0.0040999999999999925,-0.03349999999999999,-0.31427971576227387,-0.687719298245614,-0.07148799327604194,-0.0365075058753388,0.013951049392237014,TRUE,TRUE,TRUE,TRUE,TRUE,FALSE,FALSE,FALSE,FALSE,same_ranking,FALSE
513,North America,Cold_Without_dry_season_Hot_Summer,estimated,estimated,0.596,0.602,0.1316,0.0706,0.2788,0.2697,0.1856,0.2618,-0.1472,-0.1991,-0.24697986577181208,-0.3307308970099668,-0.3586744639376218,-0.5850719952982663,0.05195145206057039,0.05791975307696906,0.16548809057805935,0.024461130489981664,0.05563000224094938,0.0852014880241766,climate,climate,climate,climate,0.006000000000000005,-0.061,-0.009099999999999997,0.07619999999999999,-0.0519,-0.0837510312381547,-0.22639753136064444,0.005968301016398669,-0.1410269600880777,0.029571485783227214,TRUE,TRUE,TRUE,TRUE,TRUE,FALSE,FALSE,FALSE,FALSE,same_ranking,FALSE
48973,Europe,Cold_Without_dry_season_Warm_Summer,insufficient_unique_ages,insufficient_unique_ages,NA,NA,NA,NA,NA,NA,NA,NA,NA,NA,NA,NA,NA,NA,NA,NA,NA,NA,NA,NA,NA,NA,NA,NA,NA,NA,NA,NA,NA,NA,NA,NA,NA,NA,TRUE,TRUE,FALSE,FALSE,FALSE,FALSE,FALSE,FALSE,FALSE,not_estimable_at_either_radius,FALSE
1856,North America,Cold_Without_dry_season_Cold_Summer,estimated,estimated,0.175,0.17,0.0372,0.0344,0.0241,0.0162,0.1138,0.119,0.013099999999999997,0.0182,0.07485714285714284,0.10705882352941176,0.21370309951060357,0.3596837944664032,0.038346704418693256,0.03280181813886496,-0.10957535905329596,-0.10479582090804285,-0.006637688213836923,0.024159720748799685,human,human,human,human,-0.004999999999999977,-0.002799999999999997,-0.0079,0.005199999999999996,0.005100000000000004,0.03220168067226892,0.14598069495579963,-0.005544886279828298,0.004779538145253115,0.030797408962636608,TRUE,TRUE,TRUE,TRUE,TRUE,FALSE,FALSE,FALSE,FALSE,same_ranking,FALSE
40844,North America,Cold_Without_dry_season_Hot_Summer,estimated,estimated,0.304,0.29,-0.0191,-0.0417,0.2987,0.3242,0.0241,0.0078,-0.3178,-0.3659,-1.0453947368421055,-1.2617241379310347,-1,-1,-0.060237523234563994,-0.07362408144545596,0.2954189060543846,0.3459696058508257,0.03847515822372849,0.0055183948894815815,climate,climate,climate,climate,-0.014000000000000012,-0.022600000000000002,0.025499999999999967,-0.016300000000000002,-0.048099999999999976,-0.21632940108892917,0,-0.013386558210891963,0.05055069979644111,-0.03295676333424691,TRUE,TRUE,TRUE,TRUE,TRUE,FALSE,FALSE,FALSE,FALSE,same_ranking,FALSE
4308,Europe,Cold_Without_dry_season_Warm_Summer,estimated,estimated,0.505,0.5,0.0348,0.0485,0.2698,0.2692,0.2006,0.1823,-0.235,-0.2207,-0.4653465346534653,-0.4414,-0.7715036112934996,-0.6946805162102613,-0.004717125669437161,-0.009957720343061416,0.25734625583675463,0.2720433440067589,0.15531645074865563,0.13464942187143758,climate,climate,climate,climate,-0.0050000000000000044,0.013700000000000004,-5.999999999999894e-4,-0.01830000000000001,0.01429999999999998,0.0239465346534653,0.07682309508323837,-0.005240594673624255,0.014697088170004258,-0.020667028877218052,TRUE,TRUE,TRUE,TRUE,TRUE,FALSE,FALSE,FALSE,FALSE,same_ranking,FALSE
42668,Europe,Cold_Without_dry_season_Warm_Summer,estimated,estimated,0.447,0.419,-0.0097,-0.0069,0.1654,0.1548,0.2913,0.2707,-0.17509999999999998,-0.16169999999999998,-0.3917225950782997,-0.38591885441527446,-1,-1,-0.02839585452214055,-0.05678917719076759,0.05808934944657829,0.010702364343211479,0.15997647705091167,0.09249832153496906,climate,climate,climate,climate,-0.028000000000000025,0.0028000000000000004,-0.010599999999999998,-0.020600000000000007,0.013399999999999995,0.0058037406630252475,0,-0.02839332266862704,-0.04738698510336681,-0.0674781555159426,TRUE,TRUE,TRUE,TRUE,TRUE,FALSE,FALSE,FALSE,FALSE,same_ranking,FALSE
1001,North America,Cold_Dry_Summer,missing_predictor_group,estimated,NA,0.218,NA,0.0269,NA,0.1006,NA,0.0907,NA,-0.07369999999999999,NA,-0.3380733944954128,NA,-0.5780392156862744,NA,-0.07609178567299701,NA,0.05742469745522005,NA,-0.011928807552722853,NA,climate,NA,climate,NA,NA,NA,NA,NA,NA,NA,NA,NA,NA,TRUE,TRUE,FALSE,TRUE,FALSE,TRUE,FALSE,FALSE,FALSE,gained_estimability,TRUE
369,North America,Cold_Without_dry_season_Warm_Summer,estimated,estimated,0.388,0.445,0.0423,0.0611,0.1927,0.2141,0.1529,0.1697,-0.1504,-0.15300000000000002,-0.38762886597938145,-0.3438202247191012,-0.64,-0.5559593023255814,0.023892929279752395,0.08081821737408812,0.0789817809696588,0.16408536267954044,0.05841045222924901,0.13416465746647643,climate,climate,climate,climate,0.056999999999999995,0.018800000000000004,0.021400000000000002,0.01679999999999998,-0.002600000000000019,0.04380864126028028,0.08404069767441857,0.056925288094335724,0.08510358170988164,0.07575420523722742,TRUE,TRUE,TRUE,TRUE,TRUE,FALSE,FALSE,FALSE,FALSE,same_ranking,FALSE
21838,Latin America,Polar,missing_predictor_group,estimated,NA,0.389,NA,0.0354,NA,0.2494,NA,0.1038,NA,-0.21400000000000002,NA,-0.5501285347043702,NA,-0.7514044943820226,NA,-0.017306459512479888,NA,0.21580427980064887,NA,0.0375033925634104,NA,climate,NA,climate,NA,NA,NA,NA,NA,NA,NA,NA,NA,NA,TRUE,TRUE,FALSE,TRUE,FALSE,TRUE,FALSE,FALSE,FALSE,gained_estimability,TRUE
506,North America,Cold_Without_dry_season_Cold_Summer,estimated,estimated,0.263,0.193,0.0679,0.0028,0.093,0.1002,0.1022,0.09,-0.025099999999999997,-0.0974,-0.09543726235741444,-0.5046632124352332,-0.1559975139838409,-0.9456310679611651,-0.0020426629196922397,-0.072085215612254,-0.01966215078614586,0.012381256675746077,0.019725233684329435,0.013155924916536277,climate,climate,climate,climate,-0.07,-0.0651,0.007199999999999998,-0.012200000000000003,-0.0723,-0.4092259500778187,-0.7896335539773243,-0.07004255269256177,0.03204340746189194,-0.006569308767793158,TRUE,TRUE,TRUE,TRUE,TRUE,FALSE,FALSE,FALSE,FALSE,same_ranking,FALSE
1733,North America,Cold_Without_dry_season_Cold_Summer,missing_predictor_group,estimated,NA,0.404,NA,0.1449,NA,0.0566,NA,0.2024,NA,0.0883,NA,0.21856435643564356,NA,0.43821339950372207,NA,0.07732100802028641,NA,0.024466309594012414,NA,0.14502461012389145,NA,human,NA,human,NA,NA,NA,NA,NA,NA,NA,NA,NA,NA,TRUE,TRUE,FALSE,TRUE,FALSE,TRUE,FALSE,FALSE,FALSE,gained_estimability,TRUE
19967,North America,Cold_Without_dry_season_Warm_Summer,estimated,estimated,0.387,0.412,0.0441,0.0674,0.1961,0.1992,0.1466,0.145,-0.152,-0.13179999999999997,-0.3927648578811369,-0.31990291262135917,-0.6328059950041632,-0.49437359339834946,-0.0703409269509403,-0.04544398322286569,-0.04017683259650129,-0.022030553454817747,-0.061780905290457544,-0.05308426677698752,climate,climate,climate,climate,0.024999999999999967,0.0233,0.0030999999999999917,-0.001600000000000018,0.020200000000000023,0.07286194525977774,0.13843240160581377,0.024896943728074605,0.01814627914168354,0.008696638513470023,TRUE,TRUE,TRUE,TRUE,TRUE,FALSE,FALSE,FALSE,FALSE,same_ranking,FALSE
PVT_Dabsan_Lake,Asia,Arid,missing_predictor_group,estimated,NA,0.226,NA,-0.0226,NA,0.1102,NA,0.1387,NA,-0.1328,NA,-0.5876106194690265,NA,-1,NA,-0.07058718571659428,NA,-0.02669374023120341,NA,0.03387961622286728,NA,climate,NA,climate,NA,NA,NA,NA,NA,NA,NA,NA,NA,NA,TRUE,TRUE,FALSE,TRUE,FALSE,TRUE,FALSE,FALSE,FALSE,gained_estimability,TRUE
PVT_Daihai_Lake_2004,Asia,Arid,estimated,estimated,0.431,0.392,0.0576,-0.0127,0.241,0.2422,0.1328,0.163,-0.1834,-0.2549,-0.4255220417633411,-0.6502551020408164,-0.6141995981245815,-1,0.004478939564907525,-0.03449150974395199,0.17151172234972312,0.16297615990540504,0.029527121194429906,0.07915388446199734,climate,climate,climate,climate,-0.03899999999999998,-0.0703,0.0012000000000000066,0.030200000000000005,-0.07150000000000001,-0.2247330602774753,-0.38580040187541853,-0.03897044930885951,-0.008535562444318079,0.04962676326756743,TRUE,TRUE,TRUE,TRUE,TRUE,FALSE,FALSE,FALSE,FALSE,same_ranking,FALSE
PVT_Dalianhai_Lake,Asia,Arid,estimated,estimated,0.035,0.01,-0.0109,-0.0356,0.0113,0.0095,0.0351,0.0358,-0.022199999999999998,-0.0451,-0.6342857142857141,-4.51,-1,-1,-0.02378811837881134,-0.049594644953574796,-0.07447586425883268,-0.08209855603672256,-0.05801011004802792,-0.06067076737813315,climate,climate,climate,climate,-0.025,-0.0247,-0.0017999999999999995,6.999999999999992e-4,-0.022900000000000004,-3.8757142857142854,0,-0.025806526574763455,-0.007622691777889878,-0.0026606573301052316,TRUE,TRUE,TRUE,TRUE,TRUE,FALSE,FALSE,FALSE,FALSE,same_ranking,FALSE
PVT_Gonghai_Lake,Asia,Cold_Dry_Winter,estimated,estimated,0.503,0.414,0.1339,0.0548,0.1706,0.1721,0.1986,0.1872,-0.03670000000000001,-0.1173,-0.07296222664015907,-0.2833333333333333,-0.12052545155993435,-0.5169678272366681,0.1604148290484022,0.07134668505078323,0.02000935889980615,0.032621800383542676,0.10555499290073,0.09236858656759406,climate,climate,climate,climate,-0.08900000000000002,-0.07909999999999999,0.0015000000000000013,-0.011399999999999993,-0.08059999999999999,-0.21037110669317427,-0.3964423756767338,-0.08906814399761898,0.012612441483736525,-0.013186406333135947,TRUE,TRUE,TRUE,TRUE,TRUE,FALSE,FALSE,FALSE,FALSE,same_ranking,FALSE
PVT_Hoton_Nur_2,Asia,Arid,missing_predictor_group,missing_predictor_group,NA,NA,NA,NA,NA,NA,NA,NA,NA,NA,NA,NA,NA,NA,NA,NA,NA,NA,NA,NA,NA,NA,NA,NA,NA,NA,NA,NA,NA,NA,NA,NA,NA,NA,TRUE,TRUE,FALSE,FALSE,FALSE,FALSE,FALSE,FALSE,FALSE,not_estimable_at_either_radius,FALSE
PVT_Manas_Lake_LM1,Asia,Arid,missing_predictor_group,estimated,NA,0.232,NA,8e-4,NA,0.1207,NA,0.1104,NA,-0.1199,NA,-0.5168103448275863,NA,-0.9868312757201647,NA,-0.03514205994146857,NA,0.12532618241216387,NA,0.13087655956527144,NA,climate,NA,climate,NA,NA,NA,NA,NA,NA,NA,NA,NA,NA,TRUE,TRUE,FALSE,TRUE,FALSE,TRUE,FALSE,FALSE,FALSE,gained_estimability,TRUE
PVT_Qidong,Asia,Temperate_Without_dry_season,estimated,estimated,0.632,0.614,0.1717,0.1563,0.2815,0.2763,0.1786,0.1814,-0.10979999999999998,-0.12,-0.17373417721518983,-0.19543973941368079,-0.24227714033539274,-0.27739251040221913,0.2976978250033664,0.27975878762200557,0.28285674506413705,0.277429036351473,0.14517264321607004,0.1558946363313658,climate,climate,climate,climate,-0.018000000000000016,-0.015399999999999997,-0.005199999999999982,0.002799999999999997,-0.010200000000000015,-0.021705562198490957,-0.035115370066826385,-0.017939037381360823,-0.00542770871266407,0.010721993115295758,TRUE,TRUE,TRUE,TRUE,TRUE,FALSE,FALSE,FALSE,FALSE,same_ranking,FALSE
PVT_Qinghai_Lake_QH2000,Asia,Cold_Dry_Winter,estimated,estimated,0.549,0.566,0.1358,0.1172,0.2218,0.2453,0.1914,0.2034,-0.086,-0.1281,-0.15664845173041891,-0.22632508833922263,-0.24049217002237133,-0.35337931034482756,0.1486449559103925,0.16568513671903784,0.0936392426967173,0.12246683598112262,-0.006696048422191181,-7.630002794891677e-4,climate,climate,climate,climate,0.016999999999999904,-0.018600000000000005,0.023499999999999993,0.01200000000000001,-0.0421,-0.06967663660880372,-0.11288714032245623,0.017040180808645333,0.028827593284405317,0.005933048142702013,TRUE,TRUE,TRUE,TRUE,TRUE,FALSE,FALSE,FALSE,FALSE,same_ranking,FALSE
PVT_Selin_Co_CK8803,Asia,Polar,missing_predictor_group,missing_predictor_group,NA,NA,NA,NA,NA,NA,NA,NA,NA,NA,NA,NA,NA,NA,NA,NA,NA,NA,NA,NA,NA,NA,NA,NA,NA,NA,NA,NA,NA,NA,NA,NA,NA,NA,TRUE,TRUE,FALSE,FALSE,FALSE,FALSE,FALSE,FALSE,FALSE,not_estimable_at_either_radius,FALSE
PVT_Sihailongwan_Lake,Asia,Cold_Dry_Winter,estimated,estimated,0.298,0.37,0.0751,0.0943,0.1377,0.1778,0.0853,0.0977,-0.06259999999999999,-0.08350000000000002,-0.2100671140939597,-0.22567567567567573,-0.29417293233082703,-0.3068724733553841,0.021880763987393248,0.09349115387813745,0.007974294903453583,0.10272684141341237,0.013067040104299377,0.05252263761557441,climate,climate,climate,climate,0.07200000000000001,0.019199999999999995,0.040100000000000025,0.012399999999999994,-0.02090000000000003,-0.01560856158171603,-0.01269954102455706,0.0716103898907442,0.09475254650995879,0.03945559751127503,TRUE,TRUE,TRUE,TRUE,TRUE,FALSE,FALSE,FALSE,FALSE,same_ranking,FALSE
PVT_Sumxi_Lake,Asia,Arid,missing_predictor_group,missing_predictor_group,NA,NA,NA,NA,NA,NA,NA,NA,NA,NA,NA,NA,NA,NA,NA,NA,NA,NA,NA,NA,NA,NA,NA,NA,NA,NA,NA,NA,NA,NA,NA,NA,NA,NA,TRUE,TRUE,FALSE,FALSE,FALSE,FALSE,FALSE,FALSE,FALSE,not_estimable_at_either_radius,FALSE
PVT_Ulan_Ul_Lake,Asia,Polar,missing_predictor_group,missing_predictor_group,NA,NA,NA,NA,NA,NA,NA,NA,NA,NA,NA,NA,NA,NA,NA,NA,NA,NA,NA,NA,NA,NA,NA,NA,NA,NA,NA,NA,NA,NA,NA,NA,NA,NA,TRUE,TRUE,FALSE,FALSE,FALSE,FALSE,FALSE,FALSE,FALSE,not_estimable_at_either_radius,FALSE
PVT_Ximen_Co,Asia,Polar,missing_predictor_group,estimated,NA,0.306,NA,0.0681,NA,0.1127,NA,0.1256,NA,-0.0446,NA,-0.14575163398692811,NA,-0.24668141592920356,NA,-0.0011156203962400246,NA,-0.0633161446781415,NA,-0.03571763867911204,NA,climate,NA,climate,NA,NA,NA,NA,NA,NA,NA,NA,NA,NA,TRUE,TRUE,FALSE,TRUE,FALSE,TRUE,FALSE,FALSE,FALSE,gained_estimability,TRUE
PVT_Xingyun_Lake,Asia,Temperate_Dry_Winter,missing_predictor_group,estimated,NA,0.803,NA,0.2315,NA,0.1671,NA,0.4049,NA,0.06440000000000001,NA,0.08019925280199254,NA,0.16156547917711994,NA,0.0532965294317328,NA,0.07310836827175149,NA,0.22363745190863704,NA,human,NA,human,NA,NA,NA,NA,NA,NA,NA,NA,NA,NA,TRUE,TRUE,FALSE,TRUE,FALSE,TRUE,FALSE,FALSE,FALSE,gained_estimability,TRUE
PVT_Yanghu_Lake,Asia,Arid,missing_predictor_group,missing_predictor_group,NA,NA,NA,NA,NA,NA,NA,NA,NA,NA,NA,NA,NA,NA,NA,NA,NA,NA,NA,NA,NA,NA,NA,NA,NA,NA,NA,NA,NA,NA,NA,NA,NA,NA,TRUE,TRUE,FALSE,FALSE,FALSE,FALSE,FALSE,FALSE,FALSE,not_estimable_at_either_radius,FALSE
Western_Ghats1,Asia,Tropical,missing_predictor_group,missing_predictor_group,NA,NA,NA,NA,NA,NA,NA,NA,NA,NA,NA,NA,NA,NA,NA,NA,NA,NA,NA,NA,NA,NA,NA,NA,NA,NA,NA,NA,NA,NA,NA,NA,NA,NA,TRUE,TRUE,FALSE,FALSE,FALSE,FALSE,FALSE,FALSE,FALSE,not_estimable_at_either_radius,FALSE
PANGAEA.834960,Asia,Cold_Without_dry_season_Cold_Summer,insufficient_unique_ages,insufficient_unique_ages,NA,NA,NA,NA,NA,NA,NA,NA,NA,NA,NA,NA,NA,NA,NA,NA,NA,NA,NA,NA,NA,NA,NA,NA,NA,NA,NA,NA,NA,NA,NA,NA,NA,NA,TRUE,TRUE,FALSE,FALSE,FALSE,FALSE,FALSE,FALSE,FALSE,not_estimable_at_either_radius,FALSE
PVT_Akkol_Lake,Asia,Polar,missing_predictor_group,estimated,NA,0.299,NA,-0.0073,NA,0.0975,NA,0.2092,NA,-0.1048,NA,-0.3505016722408027,NA,-1,NA,-0.03379398458463079,NA,-0.11396536357102494,NA,0.030792524520227182,NA,climate,NA,climate,NA,NA,NA,NA,NA,NA,NA,NA,NA,NA,TRUE,TRUE,FALSE,TRUE,FALSE,TRUE,FALSE,FALSE,FALSE,gained_estimability,TRUE
PVT_Ayongwama_Co,Asia,Polar,missing_predictor_group,estimated,NA,0.51,NA,0.1752,NA,0.1805,NA,0.1541,NA,-0.005299999999999999,NA,-0.010392156862745095,NA,-0.014900196795052008,NA,0.1888923347964534,NA,-0.018303264873021252,NA,-0.0394275509165557,NA,climate,NA,climate,NA,NA,NA,NA,NA,NA,NA,NA,NA,NA,TRUE,TRUE,FALSE,TRUE,FALSE,TRUE,FALSE,FALSE,FALSE,gained_estimability,TRUE
PVT_Baikal_lake,Asia,Cold_Dry_Winter,missing_predictor_group,estimated,NA,0.686,NA,0.0412,NA,0.3708,NA,0.2745,NA,-0.3296,NA,-0.480466472303207,NA,-0.7999999999999999,NA,0.04435139748965744,NA,0.09554011601451173,NA,0.029724857087404133,NA,climate,NA,climate,NA,NA,NA,NA,NA,NA,NA,NA,NA,NA,TRUE,TRUE,FALSE,TRUE,FALSE,TRUE,FALSE,FALSE,FALSE,gained_estimability,TRUE
PVT_Barkol_Lake,Asia,Arid,estimated,estimated,-0.111,-0.115,-0.0365,-0.0206,-0.1045,-0.1169,0.0301,0.0228,0.068,0.0963,-0.6126126126126127,-0.837391304347826,NA,NA,-0.08317293567094342,-0.08690962510837785,-0.22242953392653686,-0.2330836101559347,-0.06692057620580383,-0.06722861817588943,human,human,NA,NA,-0.0040000000000000036,0.015899999999999997,-0.012400000000000008,-0.0072999999999999975,0.028299999999999992,-0.22477869173521337,NA,-0.0037366894374344373,-0.010654076229397846,-3.080419700856041e-4,TRUE,TRUE,TRUE,TRUE,TRUE,FALSE,FALSE,FALSE,FALSE,same_ranking,FALSE
PVT_Chaiwopu_Lake,Asia,Arid,estimated,estimated,0.243,0.34,0.1683,0.2092,0.0246,0.0506,0.0504,0.0801,0.1437,0.1586,0.591358024691358,0.4664705882352941,0.7449455676516329,0.6104695919938414,0.12613667849750454,0.222700583057447,-0.14686452262432947,-0.09661160040909522,-0.059027775944316074,-0.0016667866441718582,human,human,human,human,0.09700000000000003,0.04089999999999999,0.026,0.029700000000000004,0.014899999999999997,-0.12488743645606393,-0.13447597565779146,0.09656390455994246,0.05025292221523425,0.057360989300144216,TRUE,TRUE,TRUE,TRUE,TRUE,FALSE,FALSE,FALSE,FALSE,same_ranking,FALSE
PVT_Dahaizi_Lake,Asia,Temperate_Dry_Winter,missing_predictor_group,estimated,NA,0.404,NA,0.1464,NA,0.1114,NA,0.1466,NA,0.035,NA,0.08663366336633664,NA,0.13576415826221877,NA,0.14227990359677978,NA,0.040299812879240116,NA,0.0762352247880913,NA,human,NA,human,NA,NA,NA,NA,NA,NA,NA,NA,NA,NA,TRUE,TRUE,FALSE,TRUE,FALSE,TRUE,FALSE,FALSE,FALSE,gained_estimability,TRUE
PVT_Dajiuhu_2013,Asia,Cold_Dry_Winter,estimated,estimated,-0.033,-0.103,0.0144,-0.0213,-0.1499,-0.1844,0.1027,0.1024,0.1643,0.16310000000000002,-4.9787878787878785,-1.5834951456310682,1,NA,-0.002740907646724189,-0.07316061918948935,-0.1574974751959114,-0.2430140052494575,0.0826041451855768,0.0656220041125346,human,human,human,NA,-0.06999999999999999,-0.035699999999999996,-0.0345,-2.999999999999947e-4,-0.0011999999999999789,3.3952927331568103,NA,-0.07041971154276516,-0.08551653005354609,-0.01698214107304219,TRUE,TRUE,TRUE,TRUE,TRUE,FALSE,FALSE,FALSE,FALSE,same_ranking,FALSE
PVT_Dali_Nur_Jiangjunpaozi_Lake,Asia,Cold_Dry_Winter,estimated,estimated,0.242,0.414,-0.021,0.0576,0.2267,0.2737,0.0362,0.0826,-0.2477,-0.21610000000000001,-1.0235537190082644,-0.5219806763285024,-1,-0.6522789012979173,-0.0768421865683766,0.09519712130179381,0.14664563656548124,0.19192015845448807,-0.048792883822089905,-0.004500083186505077,climate,climate,climate,climate,0.172,0.0786,0.046999999999999986,0.046400000000000004,0.03159999999999999,0.501573042679762,0.3477210987020827,0.1720393078701704,0.045274521889006825,0.04429280063558483,TRUE,TRUE,TRUE,TRUE,TRUE,FALSE,FALSE,FALSE,FALSE,same_ranking,FALSE
PVT_Dali_Nur_Liuzhouwan_Lake,Asia,Cold_Dry_Winter,missing_predictor_group,estimated,NA,0.385,NA,0.0367,NA,0.1314,NA,0.2167,NA,-0.09469999999999998,NA,-0.2459740259740259,NA,-0.5633551457465793,NA,-0.04133777352234824,NA,-0.048624910489815654,NA,0.039577074973266124,NA,climate,NA,climate,NA,NA,NA,NA,NA,NA,NA,NA,NA,NA,TRUE,TRUE,FALSE,TRUE,FALSE,TRUE,FALSE,FALSE,FALSE,gained_estimability,TRUE
PVT_Daluoba_basin,Asia,Arid,missing_predictor_group,estimated,NA,-0.185,NA,-0.0529,NA,-0.16,NA,0.0283,NA,0.1071,NA,-0.5789189189189189,NA,NA,NA,-0.08480458752006537,NA,-0.26371655741247724,NA,-0.0746299343189274,NA,human,NA,NA,NA,NA,NA,NA,NA,NA,NA,NA,NA,NA,TRUE,TRUE,FALSE,TRUE,FALSE,TRUE,FALSE,FALSE,FALSE,gained_estimability,TRUE
PVT_Dongganchi,Asia,Cold_Dry_Winter,estimated,estimated,0.129,0.094,0.0304,-0.0127,0.063,0.0676,0.0354,0.0394,-0.032600000000000004,-0.0803,-0.2527131782945737,-0.8542553191489362,-0.34903640256959323,-1,-0.04302517852640564,-0.07752704162465862,-0.0286968289973204,-0.028977832684322857,-0.03944986223890656,-0.0410351522911796,climate,climate,climate,climate,-0.035,-0.0431,0.004599999999999993,0.003999999999999997,-0.04769999999999999,-0.6015421408543624,-0.6509635974304068,-0.03450186309825298,-2.810036870024568e-4,-0.0015852900522730362,TRUE,TRUE,TRUE,TRUE,TRUE,FALSE,FALSE,FALSE,FALSE,same_ranking,FALSE
PVT_Erhai_Lake,Asia,Temperate_Dry_Winter,missing_predictor_group,estimated,NA,0.398,NA,0.2187,NA,0.0823,NA,0.0974,NA,0.13640000000000002,NA,0.34271356783919604,NA,0.4531561461794021,NA,0.2540743180052375,NA,0.17310893441247877,NA,0.11220953880549245,NA,human,NA,human,NA,NA,NA,NA,NA,NA,NA,NA,NA,NA,TRUE,TRUE,FALSE,TRUE,FALSE,TRUE,FALSE,FALSE,FALSE,gained_estimability,TRUE
PVT_Erhailongwan_Lake,Asia,Cold_Dry_Winter,estimated,estimated,0.416,0.536,0.0436,0.1283,0.1753,0.1901,0.1975,0.2172,-0.1317,-0.061799999999999994,-0.3165865384615385,-0.11529850746268655,-0.6016445865692097,-0.19409547738693464,-0.024401279417102906,0.09476633298416048,-0.028917456056590907,0.02104870824984062,0.009792815231915553,0.06957915996888908,climate,climate,climate,climate,0.12000000000000005,0.0847,0.01479999999999998,0.019699999999999995,0.06990000000000002,0.20128803099885195,0.40754910918227505,0.11916761240126339,0.049966164306431526,0.05978634473697353,TRUE,TRUE,TRUE,TRUE,TRUE,FALSE,FALSE,FALSE,FALSE,same_ranking,FALSE
PVT_Ganhai_Lake,Asia,Cold_Dry_Winter,estimated,estimated,0.423,0.35,0.1114,0.0365,0.149,0.1609,0.1624,0.1525,-0.037599999999999995,-0.12439999999999998,-0.08888888888888888,-0.3554285714285714,-0.1443932411674347,-0.630192502532928,0.11350823309441072,0.04050465132952907,0.02580940031574419,0.04989873298469849,0.08014424872689163,0.06059160158965271,climate,climate,climate,climate,-0.07300000000000001,-0.0749,0.011899999999999994,-0.009899999999999992,-0.08679999999999999,-0.2665396825396825,-0.48579926136549334,-0.07300358176488164,0.0240893326689543,-0.01955264713723892,TRUE,TRUE,TRUE,TRUE,TRUE,FALSE,FALSE,FALSE,FALSE,same_ranking,FALSE
PVT_Gantang,Asia,Temperate_Without_dry_season,missing_predictor_group,estimated,NA,0.066,NA,0.0064,NA,-0.0051,NA,0.0645,NA,0.0115,NA,0.17424242424242423,NA,1,NA,-0.04509424870609946,NA,-0.1035876652696468,NA,-0.003412718151833194,NA,human,NA,human,NA,NA,NA,NA,NA,NA,NA,NA,NA,NA,TRUE,TRUE,FALSE,TRUE,FALSE,TRUE,FALSE,FALSE,FALSE,gained_estimability,TRUE
PVT_Guangfulin,Asia,Temperate_Without_dry_season,estimated,estimated,0.722,0.725,0.0264,0.0333,0.3663,0.3619,0.3291,0.3299,-0.33990000000000004,-0.3286,-0.47077562326869815,-0.45324137931034486,-0.8655462184873951,-0.8314777327935223,-0.016252790352046853,-0.012846806372802,0.049660509570772504,0.05011143794600792,0.022105526868306913,0.03294808183164677,climate,climate,climate,climate,0.0030000000000000027,0.006900000000000003,-0.004400000000000015,8.000000000000229e-4,0.011300000000000032,0.01753424395835329,0.034068485693872774,0.003405983979244853,4.509283752354154e-4,0.010842554963339857,TRUE,TRUE,TRUE,TRUE,TRUE,FALSE,FALSE,FALSE,FALSE,same_ranking,FALSE
PVT_Huguangyan_Maer_LakeB,Asia,Temperate_Dry_Winter,missing_predictor_group,estimated,NA,0.508,NA,0.0551,NA,0.2337,NA,0.2194,NA,-0.17859999999999998,NA,-0.35157480314960626,NA,-0.6184210526315789,NA,-0.03634239963175023,NA,0.08506669525081945,NA,0.036618725119209494,NA,climate,NA,climate,NA,NA,NA,NA,NA,NA,NA,NA,NA,NA,TRUE,TRUE,FALSE,TRUE,FALSE,TRUE,FALSE,FALSE,FALSE,gained_estimability,TRUE
PVT_Hulun_Lake_HL06,Asia,Cold_Dry_Winter,missing_predictor_group,missing_predictor_group,NA,NA,NA,NA,NA,NA,NA,NA,NA,NA,NA,NA,NA,NA,NA,NA,NA,NA,NA,NA,NA,NA,NA,NA,NA,NA,NA,NA,NA,NA,NA,NA,NA,NA,TRUE,TRUE,FALSE,FALSE,FALSE,FALSE,FALSE,FALSE,FALSE,not_estimable_at_either_radius,FALSE
PVT_Kendegelukol_Lake,Asia,Polar,missing_predictor_group,estimated,NA,0.571,NA,0.0416,NA,0.312,NA,0.2178,NA,-0.2704,NA,-0.47355516637478107,NA,-0.764705882352941,NA,0.07043545019000796,NA,0.15418825749408693,NA,0.03522770275980591,NA,climate,NA,climate,NA,NA,NA,NA,NA,NA,NA,NA,NA,NA,TRUE,TRUE,FALSE,TRUE,FALSE,TRUE,FALSE,FALSE,FALSE,gained_estimability,TRUE
PVT_Kotokel,Asia,Cold_Dry_Winter,insufficient_unique_ages,insufficient_unique_ages,NA,NA,NA,NA,NA,NA,NA,NA,NA,NA,NA,NA,NA,NA,NA,NA,NA,NA,NA,NA,NA,NA,NA,NA,NA,NA,NA,NA,NA,NA,NA,NA,NA,NA,TRUE,TRUE,FALSE,FALSE,FALSE,FALSE,FALSE,FALSE,FALSE,not_estimable_at_either_radius,FALSE
PVT_Koucha_Lake,Asia,Polar,missing_predictor_group,estimated,NA,0.26,NA,0.0402,NA,0.0963,NA,0.123,NA,-0.0561,NA,-0.21576923076923074,NA,-0.4109890109890109,NA,0.011692241700303807,NA,-0.017111627648352612,NA,0.0020915017070747277,NA,climate,NA,climate,NA,NA,NA,NA,NA,NA,NA,NA,NA,NA,TRUE,TRUE,FALSE,TRUE,FALSE,TRUE,FALSE,FALSE,FALSE,gained_estimability,TRUE
PVT_Kuhai_Lake,Asia,Polar,estimated,estimated,0.425,0.429,0.0107,0.0464,0.2329,0.2234,0.1817,0.1591,-0.2222,-0.177,-0.5228235294117647,-0.41258741258741255,-0.9121510673234812,-0.6560415122312825,-0.003125388589262701,5.473927706827197e-4,0.2012173183946815,0.1606411025096678,0.14187929572453428,0.07488138629299779,climate,climate,climate,climate,0.0040000000000000036,0.035699999999999996,-0.009500000000000008,-0.02260000000000001,0.04520000000000002,0.11023611682435214,0.2561095550921987,0.0036727813599454207,-0.0405762158850137,-0.0669979094315365,TRUE,TRUE,TRUE,TRUE,TRUE,FALSE,FALSE,FALSE,FALSE,same_ranking,FALSE
PVT_Longquan_Lake_LC2,Asia,Temperate_Without_dry_season,estimated,estimated,0.556,0.601,-0.0405,0.0117,0.2643,0.256,0.3324,0.3337,-0.30479999999999996,-0.24430000000000002,-0.5482014388489207,-0.40648918469217976,-1,-0.9125887187149795,-0.048774085951930224,-0.003647232196952843,0.006556380134178363,0.008451215020773617,0.09231593551257866,0.11350390157657841,climate,climate,climate,climate,0.04499999999999993,0.0522,-0.008299999999999974,0.0013000000000000234,0.06049999999999994,0.14171225415674094,0.08741128128502051,0.04512685375497738,0.0018948348865952536,0.021187966063999752,TRUE,TRUE,TRUE,TRUE,TRUE,FALSE,FALSE,FALSE,FALSE,same_ranking,FALSE
PVT_Lop_Nur_Luo4,Asia,Arid,missing_predictor_group,estimated,NA,0.203,NA,0.0645,NA,0.0258,NA,0.1124,NA,0.0387,NA,0.19064039408866992,NA,0.42857142857142855,NA,-0.04145938557606099,NA,-0.15191330784096158,NA,-0.06022412575269542,NA,human,NA,human,NA,NA,NA,NA,NA,NA,NA,NA,NA,NA,TRUE,TRUE,FALSE,TRUE,FALSE,TRUE,FALSE,FALSE,FALSE,gained_estimability,TRUE
PVT_Luanhaizi_LH2,Asia,Cold_Dry_Winter,insufficient_residual_df,insufficient_residual_df,NA,NA,NA,NA,NA,NA,NA,NA,NA,NA,NA,NA,NA,NA,NA,NA,NA,NA,NA,NA,NA,NA,NA,NA,NA,NA,NA,NA,NA,NA,NA,NA,NA,NA,TRUE,TRUE,FALSE,FALSE,FALSE,FALSE,FALSE,FALSE,FALSE,not_estimable_at_either_radius,FALSE
PVT_Mengcun,Asia,Cold_Dry_Winter,estimated,estimated,0.492,0.271,0.0588,-0.0293,0.2211,0.1399,0.2122,0.1603,-0.1623,-0.1692,-0.3298780487804878,-0.6243542435424353,-0.579849946409432,-1,0.1641173083337092,-0.057029664063813046,0.2032758794630638,0.008135672202590039,0.15642997214876242,0.019780847634900844,climate,climate,climate,climate,-0.22099999999999997,-0.0881,-0.0812,-0.0519,-0.0068999999999999895,-0.2944761947619475,-0.420150053590568,-0.22114697239752223,-0.19514020726047376,-0.13664912451386158,TRUE,TRUE,TRUE,TRUE,TRUE,FALSE,FALSE,FALSE,FALSE,same_ranking,FALSE
PVT_Naleng_Co,Asia,Polar,estimated,estimated,0.38,0.366,0.0413,0.0459,0.1074,0.1072,0.2318,0.2128,-0.06609999999999999,-0.0613,-0.1739473684210526,-0.16748633879781422,-0.44451916610625414,-0.40039190071848463,-0.01741222807757259,-0.03206979408105859,-0.0756511208339552,-0.06778924578892065,0.0631387623046965,0.03344736314528984,climate,climate,climate,climate,-0.014000000000000012,0.0046,-1.9999999999999185e-4,-0.019000000000000017,0.004799999999999992,0.006461029623238385,0.04412726538776951,-0.014657566003486,0.00786187504503455,-0.029691399159406662,TRUE,TRUE,TRUE,TRUE,TRUE,FALSE,FALSE,FALSE,FALSE,same_ranking,FALSE
PVT_Nantun,Asia,Temperate_Dry_Winter,missing_predictor_group,estimated,NA,0.334,NA,0.0148,NA,0.1855,NA,0.1335,NA,-0.1707,NA,-0.5110778443113771,NA,-0.8522216674987518,NA,-0.0664775929700715,NA,0.036313594168874475,NA,-0.026600201130979273,NA,climate,NA,climate,NA,NA,NA,NA,NA,NA,NA,NA,NA,NA,TRUE,TRUE,FALSE,TRUE,FALSE,TRUE,FALSE,FALSE,FALSE,gained_estimability,TRUE
PVT_Qigai_Nuur,Asia,Arid,missing_predictor_group,estimated,NA,0.747,NA,0.0469,NA,0.3909,NA,0.3094,NA,-0.34400000000000003,NA,-0.46050870147255696,NA,-0.7857469164001828,NA,0.005219174490980971,NA,0.1676619836122144,NA,0.09001862092609547,NA,climate,NA,climate,NA,NA,NA,NA,NA,NA,NA,NA,NA,NA,TRUE,TRUE,FALSE,TRUE,FALSE,TRUE,FALSE,FALSE,FALSE,gained_estimability,TRUE
PVT_Qongjiamong_Co,Asia,Polar,missing_predictor_group,estimated,NA,0.36,NA,0.0749,NA,0.1577,NA,0.1271,NA,-0.08280000000000001,NA,-0.23000000000000004,NA,-0.35597592433362,NA,0.038781835831838696,NA,0.15984222083530775,NA,0.1614029086227864,NA,climate,NA,climate,NA,NA,NA,NA,NA,NA,NA,NA,NA,NA,TRUE,TRUE,FALSE,TRUE,FALSE,TRUE,FALSE,FALSE,FALSE,gained_estimability,TRUE
PVT_Ren_Co_R1,Asia,Polar,estimated,estimated,0.224,0.23,-0.0424,-0.0385,0.2008,0.2038,0.0656,0.0643,-0.2432,-0.24230000000000002,-1.0857142857142856,-1.0534782608695652,-1,-1,-0.021409034560068374,-0.015887230193540214,0.14210370530821492,0.1462169292913159,-0.002454798951073034,-0.007028270546508786,climate,climate,climate,climate,0.006000000000000005,0.0039000000000000007,0.0030000000000000027,-0.0013000000000000095,8.999999999999841e-4,0.032236024844720435,0,0.00552180436652816,0.004113223983100989,-0.004573471595435752,TRUE,TRUE,TRUE,TRUE,TRUE,FALSE,FALSE,FALSE,FALSE,same_ranking,FALSE
PVT_Sanjiaocheng_Section,Asia,Arid,missing_predictor_group,estimated,NA,0.312,NA,0.0754,NA,0.2213,NA,0.0157,NA,-0.1459,NA,-0.46762820512820513,NA,-0.491742500842602,NA,0.16328773972320454,NA,0.2732787411015649,NA,0.019062396807301374,NA,climate,NA,climate,NA,NA,NA,NA,NA,NA,NA,NA,NA,NA,TRUE,TRUE,FALSE,TRUE,FALSE,TRUE,FALSE,FALSE,FALSE,gained_estimability,TRUE
PVT_Sayram_Lake,Asia,Cold_Without_dry_season_Warm_Summer,missing_predictor_group,estimated,NA,0.46,NA,0.0949,NA,0.2873,NA,0.0782,NA,-0.19240000000000002,NA,-0.4182608695652174,NA,-0.5034013605442178,NA,0.05681668321092381,NA,0.1698274097824175,NA,0.0619434343760068,NA,climate,NA,climate,NA,NA,NA,NA,NA,NA,NA,NA,NA,NA,TRUE,TRUE,FALSE,TRUE,FALSE,TRUE,FALSE,FALSE,FALSE,gained_estimability,TRUE
PVT_Shaamar,Asia,Cold_Dry_Winter,estimated,estimated,0.286,0.286,0.0244,0.0244,0.1223,0.1223,0.1397,0.1397,-0.0979,-0.0979,-0.3423076923076923,-0.3423076923076923,-0.667348329925017,-0.667348329925017,0.048467817508338285,0.048467817508338285,0.057357047366473624,0.057357047366473624,0.09627114847884566,0.09627114847884566,climate,climate,climate,climate,0,0,0,0,0,0,0,0,0,0,TRUE,TRUE,TRUE,TRUE,TRUE,FALSE,FALSE,FALSE,FALSE,same_ranking,FALSE
PVT_Shayema_Lake,Asia,Temperate_Dry_Winter,missing_predictor_group,estimated,NA,0.479,NA,0.0575,NA,0.2674,NA,0.1543,NA,-0.20990000000000003,NA,-0.438204592901879,NA,-0.6460449369036627,NA,0.008971928567740983,NA,0.2652808612593949,NA,0.10269495158834241,NA,climate,NA,climate,NA,NA,NA,NA,NA,NA,NA,NA,NA,NA,TRUE,TRUE,FALSE,TRUE,FALSE,TRUE,FALSE,FALSE,FALSE,gained_estimability,TRUE
PVT_Sujiawan,Asia,Cold_Dry_Winter,estimated,estimated,0.641,0.588,0.0129,0.0944,0.3164,0.2251,0.3121,0.2689,-0.3035,-0.13069999999999998,-0.4734789391575663,-0.22227891156462584,-0.9216519890677193,-0.4090766823161189,0.05023012018268924,-0.0028368116244466,0.07665658870170666,-0.04451051527167593,0.0586063801380694,0.0337822106628175,climate,climate,climate,climate,-0.05300000000000005,0.0815,-0.09130000000000002,-0.043200000000000016,0.1728,0.25120002759294047,0.5125753067516003,-0.05306693180713584,-0.1211671039733826,-0.0248241694752519,TRUE,TRUE,TRUE,TRUE,TRUE,FALSE,FALSE,FALSE,FALSE,same_ranking,FALSE
PVT_Tiancai_Lake,Asia,Cold_Dry_Winter,missing_predictor_group,estimated,NA,0.443,NA,0.0384,NA,0.1732,NA,0.2312,NA,-0.1348,NA,-0.3042889390519187,NA,-0.6370510396975426,NA,0.01827261147667736,NA,-0.057406474242779004,NA,0.00983650674850245,NA,climate,NA,climate,NA,NA,NA,NA,NA,NA,NA,NA,NA,NA,TRUE,TRUE,FALSE,TRUE,FALSE,TRUE,FALSE,FALSE,FALSE,gained_estimability,TRUE
PVT_Uzunkol_Lake,Asia,Cold_Without_dry_season_Cold_Summer,missing_predictor_group,estimated,NA,0.509,NA,0.1037,NA,0.224,NA,0.1816,NA,-0.1203,NA,-0.2363457760314342,NA,-0.367104058590174,NA,0.14837958457417755,NA,0.12353043452155443,NA,0.0534296024274411,NA,climate,NA,climate,NA,NA,NA,NA,NA,NA,NA,NA,NA,NA,TRUE,TRUE,FALSE,TRUE,FALSE,TRUE,FALSE,FALSE,FALSE,gained_estimability,TRUE
PVT_Wulungu_Lake,Asia,Arid,missing_predictor_group,insufficient_residual_df,NA,NA,NA,NA,NA,NA,NA,NA,NA,NA,NA,NA,NA,NA,NA,NA,NA,NA,NA,NA,NA,NA,NA,NA,NA,NA,NA,NA,NA,NA,NA,NA,NA,NA,TRUE,TRUE,FALSE,FALSE,FALSE,TRUE,FALSE,FALSE,FALSE,not_estimable_at_either_radius,FALSE
PVT_Xiehu_Lake_SO4,Asia,Cold_Dry_Winter,estimated,estimated,0.605,0.604,0.0015,0.0215,0.3605,0.3748,0.2431,0.2081,-0.359,-0.3533,-0.5933884297520661,-0.5849337748344371,-0.9917127071823204,-0.8914963411556901,-0.03332801397723306,-0.033935166139943074,0.2904459924067361,0.27752972802242704,0.24192190648176493,0.13041126553168014,climate,climate,climate,climate,-0.0010000000000000009,0.019999999999999997,0.014300000000000035,-0.035,0.005699999999999983,0.008454654917628979,0.10021636602663031,-6.071521627100118e-4,-0.01291626438430904,-0.11151064095008478,TRUE,TRUE,TRUE,TRUE,TRUE,FALSE,FALSE,FALSE,FALSE,same_ranking,FALSE
PVT_Yamant_Nur_Lake,Asia,Arid,missing_predictor_group,rank_deficient,NA,NA,NA,NA,NA,NA,NA,NA,NA,NA,NA,NA,NA,NA,NA,NA,NA,NA,NA,NA,NA,NA,NA,NA,NA,NA,NA,NA,NA,NA,NA,NA,NA,NA,TRUE,TRUE,FALSE,FALSE,FALSE,TRUE,FALSE,FALSE,FALSE,not_estimable_at_either_radius,FALSE
PVT_Yidun_Lake,Asia,Polar,estimated,estimated,0.611,0.592,0.0583,0.0476,0.2099,0.2127,0.3427,0.332,-0.1516,-0.1651,-0.24811783960720132,-0.27888513513513513,-0.5652498135719612,-0.6342681521321553,0.05710332015172115,0.03852402290021806,0.12821927091807517,0.12778012949030226,0.2633163578215709,0.23614842764141364,climate,climate,climate,climate,-0.019000000000000017,-0.010699999999999994,0.002799999999999997,-0.010699999999999987,-0.013499999999999984,-0.030767295527933808,-0.06901833856019401,-0.01857929725150309,-4.3914142777290444e-4,-0.027167930180157285,TRUE,TRUE,TRUE,TRUE,TRUE,FALSE,FALSE,FALSE,FALSE,same_ranking,FALSE
PVT_Zigetang_Co,Asia,Polar,missing_predictor_group,missing_predictor_group,NA,NA,NA,NA,NA,NA,NA,NA,NA,NA,NA,NA,NA,NA,NA,NA,NA,NA,NA,NA,NA,NA,NA,NA,NA,NA,NA,NA,NA,NA,NA,NA,NA,NA,TRUE,TRUE,FALSE,FALSE,FALSE,FALSE,FALSE,FALSE,FALSE,not_estimable_at_either_radius,FALSE
PVT_Zoige_RH,Asia,Cold_Dry_Winter,estimated,estimated,0.132,0.129,0.007,0.041,0.0755,0.0514,0.0499,0.0364,-0.06849999999999999,-0.0104,-0.5189393939393938,-0.08062015503875969,-0.8303030303030302,-0.11255411255411253,-0.062092832890825345,-0.06566150314877028,-0.039374310851592154,-0.0927019948794624,-0.05706323101587274,-0.08926864299157311,climate,climate,climate,climate,-0.0030000000000000027,0.034,-0.024099999999999996,-0.013499999999999998,0.05809999999999999,0.4383192389006341,0.7177489177489177,-0.003568670257944939,-0.05332768402787025,-0.03220541197570037,TRUE,TRUE,TRUE,TRUE,TRUE,FALSE,FALSE,FALSE,FALSE,same_ranking,FALSE
PANGAEA.896390,Asia,Cold_Without_dry_season_Cold_Summer,missing_predictor_group,missing_predictor_group,NA,NA,NA,NA,NA,NA,NA,NA,NA,NA,NA,NA,NA,NA,NA,NA,NA,NA,NA,NA,NA,NA,NA,NA,NA,NA,NA,NA,NA,NA,NA,NA,NA,NA,TRUE,TRUE,FALSE,FALSE,FALSE,FALSE,FALSE,FALSE,FALSE,not_estimable_at_either_radius,FALSE
cao_2,Asia,Cold_Without_dry_season_Cold_Summer,missing_predictor_group,missing_predictor_group,NA,NA,NA,NA,NA,NA,NA,NA,NA,NA,NA,NA,NA,NA,NA,NA,NA,NA,NA,NA,NA,NA,NA,NA,NA,NA,NA,NA,NA,NA,NA,NA,NA,NA,TRUE,TRUE,FALSE,FALSE,FALSE,FALSE,FALSE,FALSE,FALSE,not_estimable_at_either_radius,FALSE
cao_8,Asia,Cold_Dry_Winter,missing_predictor_group,estimated,NA,0.453,NA,0.0101,NA,0.1795,NA,0.2632,NA,-0.1694,NA,-0.3739514348785872,NA,-0.8934599156118144,NA,0.05081086098098819,NA,0.08947359378348152,NA,0.1479712277551567,NA,climate,NA,climate,NA,NA,NA,NA,NA,NA,NA,NA,NA,NA,TRUE,TRUE,FALSE,TRUE,FALSE,TRUE,FALSE,FALSE,FALSE,gained_estimability,TRUE
cao_14,Asia,Cold_Without_dry_season_Cold_Summer,missing_predictor_group,missing_predictor_group,NA,NA,NA,NA,NA,NA,NA,NA,NA,NA,NA,NA,NA,NA,NA,NA,NA,NA,NA,NA,NA,NA,NA,NA,NA,NA,NA,NA,NA,NA,NA,NA,NA,NA,TRUE,TRUE,FALSE,FALSE,FALSE,FALSE,FALSE,FALSE,FALSE,not_estimable_at_either_radius,FALSE
cao_23,Asia,Cold_Without_dry_season_Cold_Summer,missing_predictor_group,missing_predictor_group,NA,NA,NA,NA,NA,NA,NA,NA,NA,NA,NA,NA,NA,NA,NA,NA,NA,NA,NA,NA,NA,NA,NA,NA,NA,NA,NA,NA,NA,NA,NA,NA,NA,NA,TRUE,TRUE,FALSE,FALSE,FALSE,FALSE,FALSE,FALSE,FALSE,not_estimable_at_either_radius,FALSE
cao_24,Asia,Cold_Dry_Summer,missing_predictor_group,missing_predictor_group,NA,NA,NA,NA,NA,NA,NA,NA,NA,NA,NA,NA,NA,NA,NA,NA,NA,NA,NA,NA,NA,NA,NA,NA,NA,NA,NA,NA,NA,NA,NA,NA,NA,NA,TRUE,TRUE,FALSE,FALSE,FALSE,FALSE,FALSE,FALSE,FALSE,not_estimable_at_either_radius,FALSE
cao_26,Asia,Cold_Without_dry_season_Cold_Summer,missing_predictor_group,missing_predictor_group,NA,NA,NA,NA,NA,NA,NA,NA,NA,NA,NA,NA,NA,NA,NA,NA,NA,NA,NA,NA,NA,NA,NA,NA,NA,NA,NA,NA,NA,NA,NA,NA,NA,NA,TRUE,TRUE,FALSE,FALSE,FALSE,FALSE,FALSE,FALSE,FALSE,not_estimable_at_either_radius,FALSE
cao_30,Asia,Cold_Without_dry_season_Cold_Summer,missing_predictor_group,missing_predictor_group,NA,NA,NA,NA,NA,NA,NA,NA,NA,NA,NA,NA,NA,NA,NA,NA,NA,NA,NA,NA,NA,NA,NA,NA,NA,NA,NA,NA,NA,NA,NA,NA,NA,NA,TRUE,TRUE,FALSE,FALSE,FALSE,FALSE,FALSE,FALSE,FALSE,not_estimable_at_either_radius,FALSE
cao_33,Asia,Cold_Dry_Winter,missing_predictor_group,missing_predictor_group,NA,NA,NA,NA,NA,NA,NA,NA,NA,NA,NA,NA,NA,NA,NA,NA,NA,NA,NA,NA,NA,NA,NA,NA,NA,NA,NA,NA,NA,NA,NA,NA,NA,NA,TRUE,TRUE,FALSE,FALSE,FALSE,FALSE,FALSE,FALSE,FALSE,not_estimable_at_either_radius,FALSE
cao_35,Asia,Cold_Without_dry_season_Cold_Summer,missing_predictor_group,missing_predictor_group,NA,NA,NA,NA,NA,NA,NA,NA,NA,NA,NA,NA,NA,NA,NA,NA,NA,NA,NA,NA,NA,NA,NA,NA,NA,NA,NA,NA,NA,NA,NA,NA,NA,NA,TRUE,TRUE,FALSE,FALSE,FALSE,FALSE,FALSE,FALSE,FALSE,not_estimable_at_either_radius,FALSE
cao_39,Asia,Cold_Without_dry_season_Cold_Summer,missing_predictor_group,missing_predictor_group,NA,NA,NA,NA,NA,NA,NA,NA,NA,NA,NA,NA,NA,NA,NA,NA,NA,NA,NA,NA,NA,NA,NA,NA,NA,NA,NA,NA,NA,NA,NA,NA,NA,NA,TRUE,TRUE,FALSE,FALSE,FALSE,FALSE,FALSE,FALSE,FALSE,not_estimable_at_either_radius,FALSE
cao_41,Asia,Polar,missing_predictor_group,missing_predictor_group,NA,NA,NA,NA,NA,NA,NA,NA,NA,NA,NA,NA,NA,NA,NA,NA,NA,NA,NA,NA,NA,NA,NA,NA,NA,NA,NA,NA,NA,NA,NA,NA,NA,NA,TRUE,TRUE,FALSE,FALSE,FALSE,FALSE,FALSE,FALSE,FALSE,not_estimable_at_either_radius,FALSE
cao_43,Asia,Cold_Without_dry_season_Cold_Summer,missing_predictor_group,missing_predictor_group,NA,NA,NA,NA,NA,NA,NA,NA,NA,NA,NA,NA,NA,NA,NA,NA,NA,NA,NA,NA,NA,NA,NA,NA,NA,NA,NA,NA,NA,NA,NA,NA,NA,NA,TRUE,TRUE,FALSE,FALSE,FALSE,FALSE,FALSE,FALSE,FALSE,not_estimable_at_either_radius,FALSE
cao_44,Asia,Cold_Dry_Winter,missing_predictor_group,missing_predictor_group,NA,NA,NA,NA,NA,NA,NA,NA,NA,NA,NA,NA,NA,NA,NA,NA,NA,NA,NA,NA,NA,NA,NA,NA,NA,NA,NA,NA,NA,NA,NA,NA,NA,NA,TRUE,TRUE,FALSE,FALSE,FALSE,FALSE,FALSE,FALSE,FALSE,not_estimable_at_either_radius,FALSE
cao_50,Asia,Cold_Without_dry_season_Cold_Summer,missing_predictor_group,missing_predictor_group,NA,NA,NA,NA,NA,NA,NA,NA,NA,NA,NA,NA,NA,NA,NA,NA,NA,NA,NA,NA,NA,NA,NA,NA,NA,NA,NA,NA,NA,NA,NA,NA,NA,NA,TRUE,TRUE,FALSE,FALSE,FALSE,FALSE,FALSE,FALSE,FALSE,not_estimable_at_either_radius,FALSE
cao_51,Asia,Cold_Without_dry_season_Warm_Summer,missing_predictor_group,insufficient_residual_df,NA,NA,NA,NA,NA,NA,NA,NA,NA,NA,NA,NA,NA,NA,NA,NA,NA,NA,NA,NA,NA,NA,NA,NA,NA,NA,NA,NA,NA,NA,NA,NA,NA,NA,TRUE,TRUE,FALSE,FALSE,FALSE,TRUE,FALSE,FALSE,FALSE,not_estimable_at_either_radius,FALSE
cao_54,Asia,Cold_Dry_Winter,insufficient_unique_ages,insufficient_unique_ages,NA,NA,NA,NA,NA,NA,NA,NA,NA,NA,NA,NA,NA,NA,NA,NA,NA,NA,NA,NA,NA,NA,NA,NA,NA,NA,NA,NA,NA,NA,NA,NA,NA,NA,TRUE,TRUE,FALSE,FALSE,FALSE,FALSE,FALSE,FALSE,FALSE,not_estimable_at_either_radius,FALSE
cao_56,Asia,Cold_Without_dry_season_Cold_Summer,missing_predictor_group,missing_predictor_group,NA,NA,NA,NA,NA,NA,NA,NA,NA,NA,NA,NA,NA,NA,NA,NA,NA,NA,NA,NA,NA,NA,NA,NA,NA,NA,NA,NA,NA,NA,NA,NA,NA,NA,TRUE,TRUE,FALSE,FALSE,FALSE,FALSE,FALSE,FALSE,FALSE,not_estimable_at_either_radius,FALSE
cao_57,Asia,Cold_Without_dry_season_Cold_Summer,missing_predictor_group,estimated,NA,0.284,NA,-0.0353,NA,0.1703,NA,0.1492,NA,-0.2056,NA,-0.723943661971831,NA,-1,NA,-0.07467238398676146,NA,-0.026179955580397207,NA,-0.04340890301351352,NA,climate,NA,climate,NA,NA,NA,NA,NA,NA,NA,NA,NA,NA,TRUE,TRUE,FALSE,TRUE,FALSE,TRUE,FALSE,FALSE,FALSE,gained_estimability,TRUE
cao_59,Asia,Cold_Without_dry_season_Cold_Summer,missing_predictor_group,missing_predictor_group,NA,NA,NA,NA,NA,NA,NA,NA,NA,NA,NA,NA,NA,NA,NA,NA,NA,NA,NA,NA,NA,NA,NA,NA,NA,NA,NA,NA,NA,NA,NA,NA,NA,NA,TRUE,TRUE,FALSE,FALSE,FALSE,FALSE,FALSE,FALSE,FALSE,not_estimable_at_either_radius,FALSE
cao_65,Asia,Polar,insufficient_unique_ages,insufficient_unique_ages,NA,NA,NA,NA,NA,NA,NA,NA,NA,NA,NA,NA,NA,NA,NA,NA,NA,NA,NA,NA,NA,NA,NA,NA,NA,NA,NA,NA,NA,NA,NA,NA,NA,NA,TRUE,TRUE,FALSE,FALSE,FALSE,FALSE,FALSE,FALSE,FALSE,not_estimable_at_either_radius,FALSE
cao_74,Asia,Cold_Dry_Summer,missing_predictor_group,missing_predictor_group,NA,NA,NA,NA,NA,NA,NA,NA,NA,NA,NA,NA,NA,NA,NA,NA,NA,NA,NA,NA,NA,NA,NA,NA,NA,NA,NA,NA,NA,NA,NA,NA,NA,NA,TRUE,TRUE,FALSE,FALSE,FALSE,FALSE,FALSE,FALSE,FALSE,not_estimable_at_either_radius,FALSE
cao_78,Asia,Cold_Without_dry_season_Cold_Summer,missing_predictor_group,missing_predictor_group,NA,NA,NA,NA,NA,NA,NA,NA,NA,NA,NA,NA,NA,NA,NA,NA,NA,NA,NA,NA,NA,NA,NA,NA,NA,NA,NA,NA,NA,NA,NA,NA,NA,NA,TRUE,TRUE,FALSE,FALSE,FALSE,FALSE,FALSE,FALSE,FALSE,not_estimable_at_either_radius,FALSE
cao_79,Asia,Cold_Without_dry_season_Cold_Summer,missing_predictor_group,missing_predictor_group,NA,NA,NA,NA,NA,NA,NA,NA,NA,NA,NA,NA,NA,NA,NA,NA,NA,NA,NA,NA,NA,NA,NA,NA,NA,NA,NA,NA,NA,NA,NA,NA,NA,NA,TRUE,TRUE,FALSE,FALSE,FALSE,FALSE,FALSE,FALSE,FALSE,not_estimable_at_either_radius,FALSE
cao_80,Asia,Cold_Without_dry_season_Cold_Summer,missing_predictor_group,estimated,NA,0.55,NA,-0.0069,NA,0.3542,NA,0.2023,NA,-0.36110000000000003,NA,-0.6565454545454545,NA,-1,NA,-0.023201176487770536,NA,0.22394127312869117,NA,0.04186026082431449,NA,climate,NA,climate,NA,NA,NA,NA,NA,NA,NA,NA,NA,NA,TRUE,TRUE,FALSE,TRUE,FALSE,TRUE,FALSE,FALSE,FALSE,gained_estimability,TRUE
cao_84,Asia,Polar,missing_predictor_group,missing_predictor_group,NA,NA,NA,NA,NA,NA,NA,NA,NA,NA,NA,NA,NA,NA,NA,NA,NA,NA,NA,NA,NA,NA,NA,NA,NA,NA,NA,NA,NA,NA,NA,NA,NA,NA,TRUE,TRUE,FALSE,FALSE,FALSE,FALSE,FALSE,FALSE,FALSE,not_estimable_at_either_radius,FALSE
cao_86,Asia,Cold_Without_dry_season_Cold_Summer,missing_predictor_group,missing_predictor_group,NA,NA,NA,NA,NA,NA,NA,NA,NA,NA,NA,NA,NA,NA,NA,NA,NA,NA,NA,NA,NA,NA,NA,NA,NA,NA,NA,NA,NA,NA,NA,NA,NA,NA,TRUE,TRUE,FALSE,FALSE,FALSE,FALSE,FALSE,FALSE,FALSE,not_estimable_at_either_radius,FALSE
cao_101,Asia,Cold_Without_dry_season_Warm_Summer,missing_predictor_group,estimated,NA,0.519,NA,0.0199,NA,0.3566,NA,0.1424,NA,-0.3367,NA,-0.648747591522158,NA,-0.8942895086321382,NA,0.0796318470643973,NA,0.30243094409822757,NA,0.05662161341956018,NA,climate,NA,climate,NA,NA,NA,NA,NA,NA,NA,NA,NA,NA,TRUE,TRUE,FALSE,TRUE,FALSE,TRUE,FALSE,FALSE,FALSE,gained_estimability,TRUE
cao_102,Asia,Cold_Without_dry_season_Cold_Summer,insufficient_unique_ages,insufficient_unique_ages,NA,NA,NA,NA,NA,NA,NA,NA,NA,NA,NA,NA,NA,NA,NA,NA,NA,NA,NA,NA,NA,NA,NA,NA,NA,NA,NA,NA,NA,NA,NA,NA,NA,NA,TRUE,TRUE,FALSE,FALSE,FALSE,FALSE,FALSE,FALSE,FALSE,not_estimable_at_either_radius,FALSE
cao_104,Asia,Cold_Without_dry_season_Cold_Summer,insufficient_unique_ages,insufficient_unique_ages,NA,NA,NA,NA,NA,NA,NA,NA,NA,NA,NA,NA,NA,NA,NA,NA,NA,NA,NA,NA,NA,NA,NA,NA,NA,NA,NA,NA,NA,NA,NA,NA,NA,NA,TRUE,TRUE,FALSE,FALSE,FALSE,FALSE,FALSE,FALSE,FALSE,not_estimable_at_either_radius,FALSE
cao_105,Asia,Cold_Without_dry_season_Cold_Summer,missing_predictor_group,missing_predictor_group,NA,NA,NA,NA,NA,NA,NA,NA,NA,NA,NA,NA,NA,NA,NA,NA,NA,NA,NA,NA,NA,NA,NA,NA,NA,NA,NA,NA,NA,NA,NA,NA,NA,NA,TRUE,TRUE,FALSE,FALSE,FALSE,FALSE,FALSE,FALSE,FALSE,not_estimable_at_either_radius,FALSE
cao_106,Asia,Polar,missing_predictor_group,missing_predictor_group,NA,NA,NA,NA,NA,NA,NA,NA,NA,NA,NA,NA,NA,NA,NA,NA,NA,NA,NA,NA,NA,NA,NA,NA,NA,NA,NA,NA,NA,NA,NA,NA,NA,NA,TRUE,TRUE,FALSE,FALSE,FALSE,FALSE,FALSE,FALSE,FALSE,not_estimable_at_either_radius,FALSE
cao_108,Asia,Cold_Dry_Winter,missing_predictor_group,missing_predictor_group,NA,NA,NA,NA,NA,NA,NA,NA,NA,NA,NA,NA,NA,NA,NA,NA,NA,NA,NA,NA,NA,NA,NA,NA,NA,NA,NA,NA,NA,NA,NA,NA,NA,NA,TRUE,TRUE,FALSE,FALSE,FALSE,FALSE,FALSE,FALSE,FALSE,not_estimable_at_either_radius,FALSE
cao_116,Asia,Cold_Without_dry_season_Very_Cold_Summer,missing_predictor_group,missing_predictor_group,NA,NA,NA,NA,NA,NA,NA,NA,NA,NA,NA,NA,NA,NA,NA,NA,NA,NA,NA,NA,NA,NA,NA,NA,NA,NA,NA,NA,NA,NA,NA,NA,NA,NA,TRUE,TRUE,FALSE,FALSE,FALSE,FALSE,FALSE,FALSE,FALSE,not_estimable_at_either_radius,FALSE
cao_117,Asia,Cold_Without_dry_season_Cold_Summer,missing_predictor_group,missing_predictor_group,NA,NA,NA,NA,NA,NA,NA,NA,NA,NA,NA,NA,NA,NA,NA,NA,NA,NA,NA,NA,NA,NA,NA,NA,NA,NA,NA,NA,NA,NA,NA,NA,NA,NA,TRUE,TRUE,FALSE,FALSE,FALSE,FALSE,FALSE,FALSE,FALSE,not_estimable_at_either_radius,FALSE
cao_122,Asia,Polar,missing_predictor_group,missing_predictor_group,NA,NA,NA,NA,NA,NA,NA,NA,NA,NA,NA,NA,NA,NA,NA,NA,NA,NA,NA,NA,NA,NA,NA,NA,NA,NA,NA,NA,NA,NA,NA,NA,NA,NA,TRUE,TRUE,FALSE,FALSE,FALSE,FALSE,FALSE,FALSE,FALSE,not_estimable_at_either_radius,FALSE
cao_124,Asia,Cold_Without_dry_season_Cold_Summer,missing_predictor_group,estimated,NA,0.38,NA,0.0806,NA,0.2607,NA,0.039,NA,-0.18009999999999998,NA,-0.47394736842105256,NA,-0.5276882508057427,NA,0.12213289519701498,NA,0.2610056401722578,NA,-0.024654504797639865,NA,climate,NA,climate,NA,NA,NA,NA,NA,NA,NA,NA,NA,NA,TRUE,TRUE,FALSE,TRUE,FALSE,TRUE,FALSE,FALSE,FALSE,gained_estimability,TRUE
cao_127,Asia,Cold_Dry_Winter,insufficient_unique_ages,insufficient_unique_ages,NA,NA,NA,NA,NA,NA,NA,NA,NA,NA,NA,NA,NA,NA,NA,NA,NA,NA,NA,NA,NA,NA,NA,NA,NA,NA,NA,NA,NA,NA,NA,NA,NA,NA,TRUE,TRUE,FALSE,FALSE,FALSE,FALSE,FALSE,FALSE,FALSE,not_estimable_at_either_radius,FALSE
cao_134,Asia,Cold_Without_dry_season_Cold_Summer,missing_predictor_group,estimated,NA,0.408,NA,-0.027,NA,0.1985,NA,0.2369,NA,-0.2255,NA,-0.5526960784313726,NA,-1,NA,-0.07045830987916202,NA,0.03539945393485033,NA,0.08502514250421833,NA,climate,NA,climate,NA,NA,NA,NA,NA,NA,NA,NA,NA,NA,TRUE,TRUE,FALSE,TRUE,FALSE,TRUE,FALSE,FALSE,FALSE,gained_estimability,TRUE
cao_137,Asia,Cold_Without_dry_season_Cold_Summer,missing_predictor_group,missing_predictor_group,NA,NA,NA,NA,NA,NA,NA,NA,NA,NA,NA,NA,NA,NA,NA,NA,NA,NA,NA,NA,NA,NA,NA,NA,NA,NA,NA,NA,NA,NA,NA,NA,NA,NA,TRUE,TRUE,FALSE,FALSE,FALSE,FALSE,FALSE,FALSE,FALSE,not_estimable_at_either_radius,FALSE
cao_158,Asia,Cold_Without_dry_season_Warm_Summer,missing_predictor_group,estimated,NA,0.296,NA,0.007,NA,0.2159,NA,0.0729,NA,-0.2089,NA,-0.7057432432432433,NA,-0.9371915657245401,NA,-0.038255228649025974,NA,0.06958730615479125,NA,-0.037429057272564514,NA,climate,NA,climate,NA,NA,NA,NA,NA,NA,NA,NA,NA,NA,TRUE,TRUE,FALSE,TRUE,FALSE,TRUE,FALSE,FALSE,FALSE,gained_estimability,TRUE
cao_164,Asia,Cold_Dry_Winter,missing_predictor_group,missing_predictor_group,NA,NA,NA,NA,NA,NA,NA,NA,NA,NA,NA,NA,NA,NA,NA,NA,NA,NA,NA,NA,NA,NA,NA,NA,NA,NA,NA,NA,NA,NA,NA,NA,NA,NA,TRUE,TRUE,FALSE,FALSE,FALSE,FALSE,FALSE,FALSE,FALSE,not_estimable_at_either_radius,FALSE
cao_166,Asia,Cold_Dry_Summer,missing_predictor_group,missing_predictor_group,NA,NA,NA,NA,NA,NA,NA,NA,NA,NA,NA,NA,NA,NA,NA,NA,NA,NA,NA,NA,NA,NA,NA,NA,NA,NA,NA,NA,NA,NA,NA,NA,NA,NA,TRUE,TRUE,FALSE,FALSE,FALSE,FALSE,FALSE,FALSE,FALSE,not_estimable_at_either_radius,FALSE
cao_151,Asia,Cold_Dry_Summer,missing_predictor_group,missing_predictor_group,NA,NA,NA,NA,NA,NA,NA,NA,NA,NA,NA,NA,NA,NA,NA,NA,NA,NA,NA,NA,NA,NA,NA,NA,NA,NA,NA,NA,NA,NA,NA,NA,NA,NA,TRUE,TRUE,FALSE,FALSE,FALSE,FALSE,FALSE,FALSE,FALSE,not_estimable_at_either_radius,FALSE
cao_152,Asia,Cold_Without_dry_season_Cold_Summer,missing_predictor_group,missing_predictor_group,NA,NA,NA,NA,NA,NA,NA,NA,NA,NA,NA,NA,NA,NA,NA,NA,NA,NA,NA,NA,NA,NA,NA,NA,NA,NA,NA,NA,NA,NA,NA,NA,NA,NA,TRUE,TRUE,FALSE,FALSE,FALSE,FALSE,FALSE,FALSE,FALSE,not_estimable_at_either_radius,FALSE
cao_85,Asia,Cold_Without_dry_season_Cold_Summer,missing_predictor_group,missing_predictor_group,NA,NA,NA,NA,NA,NA,NA,NA,NA,NA,NA,NA,NA,NA,NA,NA,NA,NA,NA,NA,NA,NA,NA,NA,NA,NA,NA,NA,NA,NA,NA,NA,NA,NA,TRUE,TRUE,FALSE,FALSE,FALSE,FALSE,FALSE,FALSE,FALSE,not_estimable_at_either_radius,FALSE
cao_71,Asia,Polar,missing_predictor_group,missing_predictor_group,NA,NA,NA,NA,NA,NA,NA,NA,NA,NA,NA,NA,NA,NA,NA,NA,NA,NA,NA,NA,NA,NA,NA,NA,NA,NA,NA,NA,NA,NA,NA,NA,NA,NA,TRUE,TRUE,FALSE,FALSE,FALSE,FALSE,FALSE,FALSE,FALSE,not_estimable_at_either_radius,FALSE
PANGAEA.884462,Asia,Arid,estimated,estimated,0.422,0.498,0.023,0.0403,0.2801,0.3036,0.1188,0.154,-0.2571,-0.2633,-0.6092417061611375,-0.528714859437751,-0.8482349059716264,-0.7656295434719395,-0.03672675932444691,0.03924265201417887,0.19109752262504953,0.2819315720631559,0.03717666596628677,0.15138854468212937,climate,climate,climate,climate,0.07600000000000001,0.017300000000000003,0.023499999999999965,0.035199999999999995,-0.006199999999999983,0.0805268467233865,0.08260536249968697,0.07596941133862578,0.09083404943810636,0.1142118787158426,TRUE,TRUE,TRUE,TRUE,TRUE,FALSE,FALSE,FALSE,FALSE,same_ranking,FALSE
PANGAEA.896256,Asia,Arid,estimated,estimated,0.397,0.384,0.024,0.0311,0.1466,0.1208,0.2262,0.2325,-0.12260000000000001,-0.0897,-0.30881612090680105,-0.23359375,-0.7186400937866355,-0.5905200789993417,-0.007503259258737405,-0.019967398679938464,0.03117453774924228,-0.007263774293295611,0.09930412141672329,0.1250530910519786,climate,climate,climate,climate,-0.013000000000000012,0.007099999999999999,-0.025800000000000003,0.0063,0.03290000000000001,0.07522237090680106,0.12812001478729385,-0.01246413942120106,-0.03843831204253789,0.025748969635255303,TRUE,TRUE,TRUE,TRUE,TRUE,FALSE,FALSE,FALSE,FALSE,same_ranking,FALSE
PANGAEA.717128,Asia,Polar,missing_predictor_group,missing_predictor_group,NA,NA,NA,NA,NA,NA,NA,NA,NA,NA,NA,NA,NA,NA,NA,NA,NA,NA,NA,NA,NA,NA,NA,NA,NA,NA,NA,NA,NA,NA,NA,NA,NA,NA,TRUE,TRUE,FALSE,FALSE,FALSE,FALSE,FALSE,FALSE,FALSE,not_estimable_at_either_radius,FALSE
PANGAEA.808952,Asia,Arid,missing_predictor_group,missing_predictor_group,NA,NA,NA,NA,NA,NA,NA,NA,NA,NA,NA,NA,NA,NA,NA,NA,NA,NA,NA,NA,NA,NA,NA,NA,NA,NA,NA,NA,NA,NA,NA,NA,NA,NA,TRUE,TRUE,FALSE,FALSE,FALSE,FALSE,FALSE,FALSE,FALSE,not_estimable_at_either_radius,FALSE
PANGAEA.893308,Asia,Temperate_Dry_Winter,missing_predictor_group,missing_predictor_group,NA,NA,NA,NA,NA,NA,NA,NA,NA,NA,NA,NA,NA,NA,NA,NA,NA,NA,NA,NA,NA,NA,NA,NA,NA,NA,NA,NA,NA,NA,NA,NA,NA,NA,TRUE,TRUE,FALSE,FALSE,FALSE,FALSE,FALSE,FALSE,FALSE,not_estimable_at_either_radius,FALSE
PANGAEA.783359,Asia,Temperate_Dry_Summer,missing_predictor_group,estimated,NA,0.264,NA,-0.0066,NA,0.1346,NA,0.1361,NA,-0.1412,NA,-0.5348484848484848,NA,-1,NA,-0.022219363769690914,NA,0.029325168655010225,NA,0.05482175736444239,NA,climate,NA,climate,NA,NA,NA,NA,NA,NA,NA,NA,NA,NA,TRUE,TRUE,FALSE,TRUE,FALSE,TRUE,FALSE,FALSE,FALSE,gained_estimability,TRUE
cao_6,Asia,Arid,missing_predictor_group,missing_predictor_group,NA,NA,NA,NA,NA,NA,NA,NA,NA,NA,NA,NA,NA,NA,NA,NA,NA,NA,NA,NA,NA,NA,NA,NA,NA,NA,NA,NA,NA,NA,NA,NA,NA,NA,TRUE,TRUE,FALSE,FALSE,FALSE,FALSE,FALSE,FALSE,FALSE,not_estimable_at_either_radius,FALSE
Lake_Moon,Asia,Cold_Dry_Winter,missing_predictor_group,estimated,NA,0.314,NA,0.0579,NA,0.1007,NA,0.1559,NA,-0.0428,NA,-0.13630573248407643,NA,-0.2698612862547289,NA,-0.007731215277309356,NA,0.03423508681213139,NA,0.0415708969006805,NA,climate,NA,climate,NA,NA,NA,NA,NA,NA,NA,NA,NA,NA,TRUE,TRUE,FALSE,TRUE,FALSE,TRUE,FALSE,FALSE,FALSE,gained_estimability,TRUE
47817,Asia,Arid,missing_predictor_group,estimated,NA,0.353,NA,0.0694,NA,0.1751,NA,0.1088,NA,-0.1057,NA,-0.2994334277620397,NA,-0.4323108384458078,NA,0.04102445761658624,NA,0.12515618007793194,NA,0.007711059234729034,NA,climate,NA,climate,NA,NA,NA,NA,NA,NA,NA,NA,NA,NA,TRUE,TRUE,FALSE,TRUE,FALSE,TRUE,FALSE,FALSE,FALSE,gained_estimability,TRUE
Sandynallah_SBBS,Asia,Temperate_Dry_Winter,missing_predictor_group,missing_predictor_group,NA,NA,NA,NA,NA,NA,NA,NA,NA,NA,NA,NA,NA,NA,NA,NA,NA,NA,NA,NA,NA,NA,NA,NA,NA,NA,NA,NA,NA,NA,NA,NA,NA,NA,TRUE,TRUE,FALSE,FALSE,FALSE,FALSE,FALSE,FALSE,FALSE,not_estimable_at_either_radius,FALSE
876,Asia,Cold_Without_dry_season_Warm_Summer,missing_predictor_group,estimated,NA,0.237,NA,0.0207,NA,0.0872,NA,0.129,NA,-0.0665,NA,-0.2805907172995781,NA,-0.6163113994439297,NA,0.023753069065221344,NA,-0.056796096846975286,NA,-0.033570269467347535,NA,climate,NA,climate,NA,NA,NA,NA,NA,NA,NA,NA,NA,NA,TRUE,TRUE,FALSE,TRUE,FALSE,TRUE,FALSE,FALSE,FALSE,gained_estimability,TRUE
46462,Asia,Cold_Without_dry_season_Warm_Summer,missing_predictor_group,estimated,NA,0.571,NA,0.0654,NA,0.1673,NA,0.3383,NA,-0.1019,NA,-0.17845884413309984,NA,-0.43790287924366134,NA,-0.016005983145012115,NA,-0.0021129861984560128,NA,0.19243100436229987,NA,climate,NA,climate,NA,NA,NA,NA,NA,NA,NA,NA,NA,NA,TRUE,TRUE,FALSE,TRUE,FALSE,TRUE,FALSE,FALSE,FALSE,gained_estimability,TRUE
46466,Asia,Cold_Without_dry_season_Warm_Summer,missing_predictor_group,estimated,NA,0.192,NA,0.0258,NA,0.0544,NA,0.1115,NA,-0.028599999999999997,NA,-0.1489583333333333,NA,-0.3566084788029925,NA,0.09913345697044262,NA,0.08786270820151743,NA,0.08342355061955975,NA,climate,NA,climate,NA,NA,NA,NA,NA,NA,NA,NA,NA,NA,TRUE,TRUE,FALSE,TRUE,FALSE,TRUE,FALSE,FALSE,FALSE,gained_estimability,TRUE
46483,Asia,Cold_Without_dry_season_Warm_Summer,missing_predictor_group,estimated,NA,0.497,NA,-0.021,NA,0.1428,NA,0.3754,NA,-0.1638,NA,-0.3295774647887324,NA,-1,NA,-0.05272589483362444,NA,0.04375189892861764,NA,0.2780096892300097,NA,climate,NA,climate,NA,NA,NA,NA,NA,NA,NA,NA,NA,NA,TRUE,TRUE,FALSE,TRUE,FALSE,TRUE,FALSE,FALSE,FALSE,gained_estimability,TRUE
3896,Asia,Cold_Without_dry_season_Cold_Summer,missing_predictor_group,estimated,NA,0.484,NA,0.0056,NA,0.2474,NA,0.2311,NA,-0.24180000000000001,NA,-0.4995867768595042,NA,-0.9557312252964427,NA,0.02280639276925356,NA,0.049671133423027314,NA,0.0764938388453682,NA,climate,NA,climate,NA,NA,NA,NA,NA,NA,NA,NA,NA,NA,TRUE,TRUE,FALSE,TRUE,FALSE,TRUE,FALSE,FALSE,FALSE,gained_estimability,TRUE
46479,Asia,Cold_Without_dry_season_Warm_Summer,estimated,estimated,0.381,0.361,-0.0028,-0.0608,0.2192,0.2546,0.1642,0.1675,-0.222,-0.3154,-0.5826771653543307,-0.8736842105263158,-1,-1,-0.04342547695035681,-0.06278733581923446,0.04029857499606604,0.17145313388021288,0.02386079172611766,0.09067273194154402,climate,climate,climate,climate,-0.020000000000000018,-0.058,0.03539999999999999,0.0032999999999999974,-0.09340000000000001,-0.29100704517198517,0,-0.019361858868877646,0.13115455888414684,0.06681194021542636,TRUE,TRUE,TRUE,TRUE,TRUE,FALSE,FALSE,FALSE,FALSE,same_ranking,FALSE
46485,Asia,Cold_Without_dry_season_Warm_Summer,missing_predictor_group,estimated,NA,0.609,NA,0.0033,NA,0.3525,NA,0.2537,NA,-0.34919999999999995,NA,-0.5733990147783251,NA,-0.981450252951096,NA,-0.03924744742696695,NA,0.20813297318356716,NA,0.12359096358199761,NA,climate,NA,climate,NA,NA,NA,NA,NA,NA,NA,NA,NA,NA,TRUE,TRUE,FALSE,TRUE,FALSE,TRUE,FALSE,FALSE,FALSE,gained_estimability,TRUE
46447,Asia,Cold_Without_dry_season_Cold_Summer,missing_predictor_group,estimated,NA,0.55,NA,0.0093,NA,0.3849,NA,0.1563,NA,-0.37560000000000004,NA,-0.6829090909090909,NA,-0.9528158295281585,NA,-0.020251506847135725,NA,0.28088323389674896,NA,0.05218341883723787,NA,climate,NA,climate,NA,NA,NA,NA,NA,NA,NA,NA,NA,NA,TRUE,TRUE,FALSE,TRUE,FALSE,TRUE,FALSE,FALSE,FALSE,gained_estimability,TRUE
3975,Asia,Cold_Without_dry_season_Very_Cold_Summer,missing_predictor_group,missing_predictor_group,NA,NA,NA,NA,NA,NA,NA,NA,NA,NA,NA,NA,NA,NA,NA,NA,NA,NA,NA,NA,NA,NA,NA,NA,NA,NA,NA,NA,NA,NA,NA,NA,NA,NA,TRUE,TRUE,FALSE,FALSE,FALSE,FALSE,FALSE,FALSE,FALSE,not_estimable_at_either_radius,FALSE
1444,Asia,Cold_Without_dry_season_Warm_Summer,missing_predictor_group,insufficient_residual_df,NA,NA,NA,NA,NA,NA,NA,NA,NA,NA,NA,NA,NA,NA,NA,NA,NA,NA,NA,NA,NA,NA,NA,NA,NA,NA,NA,NA,NA,NA,NA,NA,NA,NA,TRUE,TRUE,FALSE,FALSE,FALSE,TRUE,FALSE,FALSE,FALSE,not_estimable_at_either_radius,FALSE
46488,Asia,Cold_Without_dry_season_Cold_Summer,missing_predictor_group,missing_predictor_group,NA,NA,NA,NA,NA,NA,NA,NA,NA,NA,NA,NA,NA,NA,NA,NA,NA,NA,NA,NA,NA,NA,NA,NA,NA,NA,NA,NA,NA,NA,NA,NA,NA,NA,TRUE,TRUE,FALSE,FALSE,FALSE,FALSE,FALSE,FALSE,FALSE,not_estimable_at_either_radius,FALSE
2643,Asia,Cold_Without_dry_season_Warm_Summer,missing_predictor_group,estimated,NA,0.179,NA,0.0136,NA,0.0614,NA,0.1044,NA,-0.0478,NA,-0.2670391061452514,NA,-0.6373333333333334,NA,-0.014113127905296508,NA,-0.11139528625402939,NA,-0.011975961602361473,NA,climate,NA,climate,NA,NA,NA,NA,NA,NA,NA,NA,NA,NA,TRUE,TRUE,FALSE,TRUE,FALSE,TRUE,FALSE,FALSE,FALSE,gained_estimability,TRUE
1844,Asia,Cold_Without_dry_season_Warm_Summer,missing_predictor_group,estimated,NA,0.506,NA,0.0926,NA,0.1746,NA,0.2385,NA,-0.082,NA,-0.16205533596837945,NA,-0.3068862275449102,NA,0.073252443012371,NA,-0.010016694485451616,NA,0.07059142283882036,NA,climate,NA,climate,NA,NA,NA,NA,NA,NA,NA,NA,NA,NA,TRUE,TRUE,FALSE,TRUE,FALSE,TRUE,FALSE,FALSE,FALSE,gained_estimability,TRUE
4543,Asia,Cold_Without_dry_season_Cold_Summer,missing_predictor_group,estimated,NA,0.557,NA,0.0193,NA,0.1976,NA,0.3403,NA,-0.1783,NA,-0.32010771992818665,NA,-0.8220378054402949,NA,0.09419320352883687,NA,0.18743971322119712,NA,0.2896204852277048,NA,climate,NA,climate,NA,NA,NA,NA,NA,NA,NA,NA,NA,NA,TRUE,TRUE,FALSE,TRUE,FALSE,TRUE,FALSE,FALSE,FALSE,gained_estimability,TRUE
46473,Asia,Cold_Without_dry_season_Warm_Summer,missing_predictor_group,insufficient_residual_df,NA,NA,NA,NA,NA,NA,NA,NA,NA,NA,NA,NA,NA,NA,NA,NA,NA,NA,NA,NA,NA,NA,NA,NA,NA,NA,NA,NA,NA,NA,NA,NA,NA,NA,TRUE,TRUE,FALSE,FALSE,FALSE,TRUE,FALSE,FALSE,FALSE,not_estimable_at_either_radius,FALSE
40990,Asia,Cold_Dry_Winter,missing_predictor_group,estimated,NA,0.188,NA,-0.0252,NA,0.0811,NA,0.1319,NA,-0.1063,NA,-0.5654255319148936,NA,-1,NA,-0.011573912107118334,NA,-0.08173174625645241,NA,-0.011484886474511957,NA,climate,NA,climate,NA,NA,NA,NA,NA,NA,NA,NA,NA,NA,TRUE,TRUE,FALSE,TRUE,FALSE,TRUE,FALSE,FALSE,FALSE,gained_estimability,TRUE
1979,Asia,Cold_Without_dry_season_Cold_Summer,missing_predictor_group,missing_predictor_group,NA,NA,NA,NA,NA,NA,NA,NA,NA,NA,NA,NA,NA,NA,NA,NA,NA,NA,NA,NA,NA,NA,NA,NA,NA,NA,NA,NA,NA,NA,NA,NA,NA,NA,TRUE,TRUE,FALSE,FALSE,FALSE,FALSE,FALSE,FALSE,FALSE,not_estimable_at_either_radius,FALSE
4102,Asia,Cold_Dry_Winter,missing_predictor_group,missing_predictor_group,NA,NA,NA,NA,NA,NA,NA,NA,NA,NA,NA,NA,NA,NA,NA,NA,NA,NA,NA,NA,NA,NA,NA,NA,NA,NA,NA,NA,NA,NA,NA,NA,NA,NA,TRUE,TRUE,FALSE,FALSE,FALSE,FALSE,FALSE,FALSE,FALSE,not_estimable_at_either_radius,FALSE
4010,Asia,Cold_Dry_Winter,missing_predictor_group,missing_predictor_group,NA,NA,NA,NA,NA,NA,NA,NA,NA,NA,NA,NA,NA,NA,NA,NA,NA,NA,NA,NA,NA,NA,NA,NA,NA,NA,NA,NA,NA,NA,NA,NA,NA,NA,TRUE,TRUE,FALSE,FALSE,FALSE,FALSE,FALSE,FALSE,FALSE,not_estimable_at_either_radius,FALSE
14619,Asia,Cold_Dry_Winter,missing_predictor_group,estimated,NA,0.159,NA,-0.017,NA,-0.0158,NA,0.1915,NA,-0.0011999999999999997,NA,-0.007547169811320752,NA,NA,NA,-0.08171656222393009,NA,-0.03250432021007621,NA,0.20384403858766553,NA,climate,NA,NA,NA,NA,NA,NA,NA,NA,NA,NA,NA,NA,TRUE,TRUE,FALSE,TRUE,FALSE,TRUE,FALSE,FALSE,FALSE,gained_estimability,TRUE
15720,Asia,Cold_Without_dry_season_Warm_Summer,insufficient_unique_ages,insufficient_unique_ages,NA,NA,NA,NA,NA,NA,NA,NA,NA,NA,NA,NA,NA,NA,NA,NA,NA,NA,NA,NA,NA,NA,NA,NA,NA,NA,NA,NA,NA,NA,NA,NA,NA,NA,TRUE,TRUE,FALSE,FALSE,FALSE,FALSE,FALSE,FALSE,FALSE,not_estimable_at_either_radius,FALSE
1439,Asia,Cold_Without_dry_season_Warm_Summer,insufficient_unique_ages,insufficient_unique_ages,NA,NA,NA,NA,NA,NA,NA,NA,NA,NA,NA,NA,NA,NA,NA,NA,NA,NA,NA,NA,NA,NA,NA,NA,NA,NA,NA,NA,NA,NA,NA,NA,NA,NA,TRUE,TRUE,FALSE,FALSE,FALSE,FALSE,FALSE,FALSE,FALSE,not_estimable_at_either_radius,FALSE
4081,Asia,Cold_Dry_Winter,estimated,estimated,0.451,0.451,-0.0314,-0.0314,0.2971,0.2971,0.1849,0.1849,-0.32849999999999996,-0.32849999999999996,-0.728381374722838,-0.728381374722838,-1,-1,-0.007446470347636236,-0.007446470347636236,0.21161639128334142,0.21161639128334142,0.10946543492307415,0.10946543492307415,climate,climate,climate,climate,0,0,0,0,0,0,0,0,0,0,TRUE,TRUE,TRUE,TRUE,TRUE,FALSE,FALSE,FALSE,FALSE,same_ranking,FALSE
4097,Asia,Arid,missing_predictor_group,missing_predictor_group,NA,NA,NA,NA,NA,NA,NA,NA,NA,NA,NA,NA,NA,NA,NA,NA,NA,NA,NA,NA,NA,NA,NA,NA,NA,NA,NA,NA,NA,NA,NA,NA,NA,NA,TRUE,TRUE,FALSE,FALSE,FALSE,FALSE,FALSE,FALSE,FALSE,not_estimable_at_either_radius,FALSE
3861,Asia,Arid,missing_predictor_group,estimated,NA,0.249,NA,-0.066,NA,0.187,NA,0.1279,NA,-0.253,NA,-1.0160642570281124,NA,-1,NA,-0.07148823553284933,NA,0.02496437632879356,NA,-0.030810979015991946,NA,climate,NA,climate,NA,NA,NA,NA,NA,NA,NA,NA,NA,NA,TRUE,TRUE,FALSE,TRUE,FALSE,TRUE,FALSE,FALSE,FALSE,gained_estimability,TRUE
1845,Asia,Arid,missing_predictor_group,missing_predictor_group,NA,NA,NA,NA,NA,NA,NA,NA,NA,NA,NA,NA,NA,NA,NA,NA,NA,NA,NA,NA,NA,NA,NA,NA,NA,NA,NA,NA,NA,NA,NA,NA,NA,NA,TRUE,TRUE,FALSE,FALSE,FALSE,FALSE,FALSE,FALSE,FALSE,not_estimable_at_either_radius,FALSE
41247,Asia,Temperate_Dry_Winter,missing_predictor_group,estimated,NA,0.224,NA,0.1837,NA,-2e-4,NA,0.0408,NA,0.1839,NA,0.8209821428571429,NA,1,NA,0.20555802593662142,NA,-0.05157395130205211,NA,-0.057362594951676726,NA,human,NA,human,NA,NA,NA,NA,NA,NA,NA,NA,NA,NA,TRUE,TRUE,FALSE,TRUE,FALSE,TRUE,FALSE,FALSE,FALSE,gained_estimability,TRUE
15624,Asia,Temperate_Without_dry_season,missing_predictor_group,estimated,NA,0.659,NA,0.0904,NA,0.324,NA,0.2442,NA,-0.23360000000000003,NA,-0.3544764795144158,NA,-0.5637065637065638,NA,0.07661446848837117,NA,0.08080394244532485,NA,0.012492829168696984,NA,climate,NA,climate,NA,NA,NA,NA,NA,NA,NA,NA,NA,NA,TRUE,TRUE,FALSE,TRUE,FALSE,TRUE,FALSE,FALSE,FALSE,gained_estimability,TRUE
41245,Asia,Cold_Dry_Winter,estimated,estimated,0.635,0.637,0.0791,0.1237,0.2998,0.2867,0.2557,0.2265,-0.2207,-0.163,-0.34755905511811025,-0.25588697017268447,-0.5824755872261811,-0.39717348927875246,0.04359975931616322,0.04594792338173659,0.13741420561949047,0.14063828908343956,0.07463515941817822,0.04577878441292649,climate,climate,climate,climate,0.0020000000000000018,0.0446,-0.0131,-0.029199999999999976,0.0577,0.09167208494542578,0.18530209794742863,0.002348164065573366,0.00322408346394909,-0.028856375005251733,TRUE,TRUE,TRUE,TRUE,TRUE,FALSE,FALSE,FALSE,FALSE,same_ranking,FALSE
1860,Asia,Arid,missing_predictor_group,missing_predictor_group,NA,NA,NA,NA,NA,NA,NA,NA,NA,NA,NA,NA,NA,NA,NA,NA,NA,NA,NA,NA,NA,NA,NA,NA,NA,NA,NA,NA,NA,NA,NA,NA,NA,NA,TRUE,TRUE,FALSE,FALSE,FALSE,FALSE,FALSE,FALSE,FALSE,not_estimable_at_either_radius,FALSE
30184,Asia,Cold_Without_dry_season_Cold_Summer,missing_predictor_group,missing_predictor_group,NA,NA,NA,NA,NA,NA,NA,NA,NA,NA,NA,NA,NA,NA,NA,NA,NA,NA,NA,NA,NA,NA,NA,NA,NA,NA,NA,NA,NA,NA,NA,NA,NA,NA,TRUE,TRUE,FALSE,FALSE,FALSE,FALSE,FALSE,FALSE,FALSE,not_estimable_at_either_radius,FALSE
14612,Asia,Arid,missing_predictor_group,estimated,NA,0.389,NA,0.0408,NA,0.2341,NA,0.1143,NA,-0.1933,NA,-0.4969151670951157,NA,-0.7031647871953437,NA,-6.082892476244606e-5,NA,0.14234487706925614,NA,0.07123476336219381,NA,climate,NA,climate,NA,NA,NA,NA,NA,NA,NA,NA,NA,NA,TRUE,TRUE,FALSE,TRUE,FALSE,TRUE,FALSE,FALSE,FALSE,gained_estimability,TRUE
15649,Asia,Temperate_Without_dry_season,missing_predictor_group,estimated,NA,0.453,NA,0.1391,NA,0.1891,NA,0.1249,NA,-0.04999999999999999,NA,-0.11037527593818981,NA,-0.1523461304082876,NA,0.1905316501249128,NA,0.06822085642180797,NA,-0.010609825766998648,NA,climate,NA,climate,NA,NA,NA,NA,NA,NA,NA,NA,NA,NA,TRUE,TRUE,FALSE,TRUE,FALSE,TRUE,FALSE,FALSE,FALSE,gained_estimability,TRUE
14134,Asia,Temperate_Without_dry_season,missing_predictor_group,estimated,NA,0.587,NA,-8e-4,NA,0.2812,NA,0.3061,NA,-0.28200000000000003,NA,-0.48040885860306654,NA,-1,NA,0.0010286270443131684,NA,0.01835099215777658,NA,0.045244609679985115,NA,climate,NA,climate,NA,NA,NA,NA,NA,NA,NA,NA,NA,NA,TRUE,TRUE,FALSE,TRUE,FALSE,TRUE,FALSE,FALSE,FALSE,gained_estimability,TRUE
15656,Asia,Temperate_Without_dry_season,missing_predictor_group,estimated,NA,0.331,NA,0.0139,NA,0.184,NA,0.1332,NA,-0.1701,NA,-0.5138972809667673,NA,-0.8595250126326428,NA,-0.042672392378025004,NA,0.04149483920233621,NA,0.02191827523414336,NA,climate,NA,climate,NA,NA,NA,NA,NA,NA,NA,NA,NA,NA,TRUE,TRUE,FALSE,TRUE,FALSE,TRUE,FALSE,FALSE,FALSE,gained_estimability,TRUE
4020,Asia,Cold_Dry_Winter,missing_predictor_group,missing_predictor_group,NA,NA,NA,NA,NA,NA,NA,NA,NA,NA,NA,NA,NA,NA,NA,NA,NA,NA,NA,NA,NA,NA,NA,NA,NA,NA,NA,NA,NA,NA,NA,NA,NA,NA,TRUE,TRUE,FALSE,FALSE,FALSE,FALSE,FALSE,FALSE,FALSE,not_estimable_at_either_radius,FALSE
22330,Asia,Cold_Without_dry_season_Warm_Summer,estimated,estimated,0.202,0.202,0.0113,0.0081,0.0673,0.0681,0.1236,0.1263,-0.056,-0.06,-0.2772277227722772,-0.297029702970297,-0.712468193384224,-0.7874015748031497,-0.003642669217205463,-0.0033673260549353934,-0.02348132869476882,-0.018544686388628828,0.042060722011185936,0.050648573488872195,climate,climate,climate,climate,0,-0.0031999999999999997,7.999999999999952e-4,0.002699999999999994,-0.003999999999999997,-0.01980198019801982,-0.07493338141892569,2.753431622700697e-4,0.004936642306139993,0.008587851477686259,TRUE,TRUE,TRUE,TRUE,TRUE,FALSE,FALSE,FALSE,FALSE,same_ranking,FALSE
15704,Asia,Temperate_Without_dry_season,missing_predictor_group,missing_predictor_group,NA,NA,NA,NA,NA,NA,NA,NA,NA,NA,NA,NA,NA,NA,NA,NA,NA,NA,NA,NA,NA,NA,NA,NA,NA,NA,NA,NA,NA,NA,NA,NA,NA,NA,TRUE,TRUE,FALSE,FALSE,FALSE,FALSE,FALSE,FALSE,FALSE,not_estimable_at_either_radius,FALSE
15709,Asia,Cold_Without_dry_season_Warm_Summer,estimated,estimated,0.507,0.508,0.0066,0.0355,0.2779,0.2604,0.2228,0.2119,-0.2713,-0.22490000000000002,-0.5351084812623274,-0.4427165354330709,-0.9536028119507909,-0.7600540723217304,0.01369624001718095,0.014184431821576249,0.07291470759953822,0.06377491281369385,0.012012896533989847,0.016150489509408006,climate,climate,climate,climate,0.0010000000000000009,0.028899999999999995,-0.01749999999999996,-0.010899999999999993,0.04639999999999997,0.09239194582925647,0.1935487396290605,4.881918043952993e-4,-0.009139794785844368,0.004137592975418158,TRUE,TRUE,TRUE,TRUE,TRUE,FALSE,FALSE,FALSE,FALSE,same_ranking,FALSE
15665,Asia,Cold_Without_dry_season_Hot_Summer,missing_predictor_group,missing_predictor_group,NA,NA,NA,NA,NA,NA,NA,NA,NA,NA,NA,NA,NA,NA,NA,NA,NA,NA,NA,NA,NA,NA,NA,NA,NA,NA,NA,NA,NA,NA,NA,NA,NA,NA,TRUE,TRUE,FALSE,FALSE,FALSE,FALSE,FALSE,FALSE,FALSE,not_estimable_at_either_radius,FALSE
15678,Asia,Cold_Without_dry_season_Hot_Summer,missing_predictor_group,estimated,NA,0.263,NA,0.0921,NA,0.0499,NA,0.1214,NA,0.0422,NA,0.16045627376425856,NA,0.2971830985915493,NA,0.03764896054239253,NA,-0.044885891389306876,NA,0.04777322363962533,NA,human,NA,human,NA,NA,NA,NA,NA,NA,NA,NA,NA,NA,TRUE,TRUE,FALSE,TRUE,FALSE,TRUE,FALSE,FALSE,FALSE,gained_estimability,TRUE
46523,Asia,Arid,insufficient_unique_ages,insufficient_unique_ages,NA,NA,NA,NA,NA,NA,NA,NA,NA,NA,NA,NA,NA,NA,NA,NA,NA,NA,NA,NA,NA,NA,NA,NA,NA,NA,NA,NA,NA,NA,NA,NA,NA,NA,TRUE,TRUE,FALSE,FALSE,FALSE,FALSE,FALSE,FALSE,FALSE,not_estimable_at_either_radius,FALSE
3927,Asia,Temperate_Dry_Summer,insufficient_residual_df,insufficient_residual_df,NA,NA,NA,NA,NA,NA,NA,NA,NA,NA,NA,NA,NA,NA,NA,NA,NA,NA,NA,NA,NA,NA,NA,NA,NA,NA,NA,NA,NA,NA,NA,NA,NA,NA,TRUE,TRUE,FALSE,FALSE,FALSE,FALSE,FALSE,FALSE,FALSE,not_estimable_at_either_radius,FALSE
4137,Asia,Arid,estimated,estimated,0.184,0.123,0.0505,0.0434,0.0285,-0.0217,0.1052,0.101,0.022000000000000002,0.0651,0.11956521739130437,0.5292682926829269,0.2784810126582279,1,0.08885701547534886,0.027426387948826902,-0.10252950250935144,-0.19091246625773395,-0.03979433842045377,-0.03623289083575787,human,human,human,human,-0.061,-0.007100000000000002,-0.0502,-0.004199999999999995,0.0431,0.4097030752916225,0.7215189873417721,-0.06143062752652195,-0.0883829637483825,0.003561447584695898,TRUE,TRUE,TRUE,TRUE,TRUE,FALSE,FALSE,FALSE,FALSE,same_ranking,FALSE
4442,Asia,Cold_Dry_Summer,estimated,estimated,0.439,0.444,-0.0141,-0.0103,0.4357,0.4376,0.0172,0.0169,-0.4498,-0.44789999999999996,-1.0246013667425968,-1.0087837837837836,-1,-1,-0.006638502169212912,-0.0013285857174959448,0.3703181472461615,0.3736766888954367,-0.06767493294904137,-0.06867117627478314,climate,climate,climate,climate,0.0050000000000000044,0.0037999999999999996,0.0019000000000000128,-3.0000000000000165e-4,0.0019000000000000128,0.015817582958813192,0,0.005309916451716967,0.003358541649275182,-9.962433257417747e-4,TRUE,TRUE,TRUE,TRUE,TRUE,FALSE,FALSE,FALSE,FALSE,same_ranking,FALSE
4509,Asia,Cold_Dry_Summer,estimated,estimated,0.652,0.704,-0.0215,0.0773,0.2955,0.2869,0.3776,0.3397,-0.317,-0.2096,-0.4861963190184049,-0.29772727272727273,-1,-0.5755079626578804,0.017304528805494712,0.06955179225129404,-0.009633937859302222,0.03300578575412305,0.09668904049293381,0.08062412948899644,climate,climate,climate,climate,0.051999999999999935,0.0988,-0.008599999999999997,-0.03789999999999999,0.1074,0.18846904629113215,0.4244920373421196,0.05224726344579933,0.04263972361342527,-0.016064911003937365,TRUE,TRUE,TRUE,TRUE,TRUE,FALSE,FALSE,FALSE,FALSE,same_ranking,FALSE
24161,Asia,Cold_Dry_Summer,estimated,estimated,0.365,0.316,-0.0043,0.0259,0.0857,0.044,0.2832,0.2457,-0.09,-0.018099999999999998,-0.2465753424657534,-0.05727848101265822,-1,-0.25894134477825465,-0.0025298077096471694,-0.05149055215760101,0.0035537448939374494,-0.044965893926744105,0.19238629880869473,0.15215688890530188,climate,climate,climate,climate,-0.04899999999999999,0.030199999999999998,-0.0417,-0.037500000000000006,0.07189999999999999,0.18929686145309518,0.7410586552217453,-0.04896074444795384,-0.048519638820681554,-0.040229409903392854,TRUE,TRUE,TRUE,TRUE,TRUE,FALSE,FALSE,FALSE,FALSE,same_ranking,FALSE
24166,Asia,Temperate_Dry_Summer,estimated,estimated,0.337,0.428,-0.0141,0.0634,0.1393,0.1469,0.2114,0.2172,-0.1534,-0.0835,-0.45519287833827893,-0.19509345794392524,-1,-0.3970518307180219,-0.027369233196342102,0.06360220945317141,-0.159005500614106,-0.13533873022611465,-0.058394550389490485,-0.03846279212387549,climate,climate,climate,climate,0.09099999999999997,0.0775,0.007599999999999996,0.0058,0.0699,0.2600994203943537,0.602948169281978,0.09097144264951351,0.023666770387991365,0.019931758265614996,TRUE,TRUE,TRUE,TRUE,TRUE,FALSE,FALSE,FALSE,FALSE,same_ranking,FALSE
24175,Asia,Arid,estimated,estimated,0.573,0.588,0.0389,0.0334,0.2347,0.2562,0.2995,0.2987,-0.1958,-0.2228,-0.34171029668411873,-0.37891156462585035,-0.7156432748538012,-0.7693370165745858,0.014570874012710622,0.029639008017611213,-0.03717202708030787,0.009186853165332853,0.07378686811821644,0.07555595581820129,climate,climate,climate,climate,0.015000000000000013,-0.005499999999999998,0.02149999999999999,-7.999999999999674e-4,-0.026999999999999996,-0.03720126794173162,-0.05369374172078456,0.01506813400490059,0.04635888024564072,0.0017690876999848504,TRUE,TRUE,TRUE,TRUE,TRUE,FALSE,FALSE,FALSE,FALSE,same_ranking,FALSE
pg_711911,Asia,Arid,missing_predictor_group,estimated,NA,0.622,NA,0.0844,NA,0.3108,NA,0.2269,NA,-0.22640000000000002,NA,-0.36398713826366563,NA,-0.5728744939271255,NA,0.09347138563833501,NA,0.4140018771350432,NA,0.30270483316015406,NA,climate,NA,climate,NA,NA,NA,NA,NA,NA,NA,NA,NA,NA,TRUE,TRUE,FALSE,TRUE,FALSE,TRUE,FALSE,FALSE,FALSE,gained_estimability,TRUE
pg_858056,Asia,Temperate_Dry_Summer,estimated,estimated,0.609,0.537,0.0571,0.0907,0.2322,0.1871,0.3201,0.2597,-0.17509999999999998,-0.09639999999999999,-0.2875205254515599,-0.1795158286778398,-0.6052540615278257,-0.3470122390208783,0.03202109442023737,-0.03983985069196816,-0.02416214652837745,-0.03944754785418225,0.09153506640238551,0.0456411477501345,climate,climate,climate,climate,-0.07199999999999995,0.033600000000000005,-0.0451,-0.06040000000000001,0.07869999999999999,0.10800469677372013,0.2582418225069474,-0.07186094511220553,-0.015285401325804804,-0.04589391865225101,TRUE,TRUE,TRUE,TRUE,TRUE,FALSE,FALSE,FALSE,FALSE,same_ranking,FALSE
pg_874340,Asia,Arid,estimated,estimated,0.083,0.026,0.0358,0.0532,-0.0199,-0.0545,0.0673,0.0269,0.0557,0.10769999999999999,0.6710843373493975,4.142307692307692,1,1,0.14572999810479004,0.08807669907826876,-0.020151488102357562,-0.10977936828116963,0.07536320389167517,-0.025843305601421673,human,human,human,human,-0.05700000000000001,0.0174,-0.0346,-0.0404,0.05199999999999999,3.471223354958294,0,-0.057653299026521276,-0.08962788017881207,-0.10120650949309684,TRUE,TRUE,TRUE,TRUE,TRUE,FALSE,FALSE,FALSE,FALSE,same_ranking,FALSE
pg_884740,Asia,Arid,estimated,estimated,0.471,0.376,0.0701,0.0056,0.2807,0.259,0.1206,0.1119,-0.2106,-0.2534,-0.4471337579617835,-0.673936170212766,-0.6003420752565565,-0.9576719576719577,0.09098780785996619,-0.003812717271130528,0.2777125319000159,0.1687496917276936,0.11246705511128285,0.029685682160602522,climate,climate,climate,climate,-0.09499999999999997,-0.0645,-0.021699999999999997,-0.0087,-0.042800000000000005,-0.22680241225098247,-0.3573298824154012,-0.09480052513109671,-0.10896284017232227,-0.08278137295068033,TRUE,TRUE,TRUE,TRUE,TRUE,FALSE,FALSE,FALSE,FALSE,same_ranking,FALSE
pg_907390,Asia,Arid,insufficient_unique_ages,insufficient_unique_ages,NA,NA,NA,NA,NA,NA,NA,NA,NA,NA,NA,NA,NA,NA,NA,NA,NA,NA,NA,NA,NA,NA,NA,NA,NA,NA,NA,NA,NA,NA,NA,NA,NA,NA,TRUE,TRUE,FALSE,FALSE,FALSE,FALSE,FALSE,FALSE,FALSE,not_estimable_at_either_radius,FALSE
pg_711930,Asia,Temperate_Dry_Summer,estimated,estimated,0.386,0.294,0.0473,-0.0495,0.1295,0.1618,0.2093,0.1813,-0.0822,-0.2113,-0.21295336787564764,-0.7187074829931973,-0.46493212669683254,-1,0.0452628819223303,-0.047224016447413475,0.0920287668720593,0.12109785871990919,0.22653320104389352,0.13506050723466279,climate,climate,climate,climate,-0.09200000000000003,-0.0968,0.032299999999999995,-0.028000000000000025,-0.1291,-0.5057541151175496,-0.5350678733031675,-0.09248689836974378,0.029069091847849893,-0.09147269380923073,TRUE,TRUE,TRUE,TRUE,TRUE,FALSE,FALSE,FALSE,FALSE,same_ranking,FALSE
pg_738918,Asia,Cold_Dry_Summer,estimated,estimated,0.183,0.229,-0.0234,0.0641,0.092,0.0831,0.1147,0.0814,-0.1154,-0.01899999999999999,-0.6306010928961749,-0.08296943231441042,-1,-0.12907608695652167,-0.014625245523757324,0.030721151443739103,0.031227215741851833,0.014429849276524132,0.04760958868512799,-0.01781726015160623,climate,climate,climate,climate,0.04600000000000001,0.08750000000000001,-0.008900000000000005,-0.033299999999999996,0.09640000000000001,0.5476316605817645,0.8709239130434783,0.04534639696749643,-0.0167973664653277,-0.06542684883673422,TRUE,TRUE,TRUE,TRUE,TRUE,FALSE,FALSE,FALSE,FALSE,same_ranking,FALSE
ippd_12,Oceania,Temperate_Without_dry_season,insufficient_unique_ages,insufficient_unique_ages,NA,NA,NA,NA,NA,NA,NA,NA,NA,NA,NA,NA,NA,NA,NA,NA,NA,NA,NA,NA,NA,NA,NA,NA,NA,NA,NA,NA,NA,NA,NA,NA,NA,NA,TRUE,TRUE,FALSE,FALSE,FALSE,FALSE,FALSE,FALSE,FALSE,not_estimable_at_either_radius,FALSE
ippd_14,Oceania,Temperate_Without_dry_season,missing_predictor_group,missing_predictor_group,NA,NA,NA,NA,NA,NA,NA,NA,NA,NA,NA,NA,NA,NA,NA,NA,NA,NA,NA,NA,NA,NA,NA,NA,NA,NA,NA,NA,NA,NA,NA,NA,NA,NA,TRUE,TRUE,FALSE,FALSE,FALSE,FALSE,FALSE,FALSE,FALSE,not_estimable_at_either_radius,FALSE
ippd_23,Oceania,Temperate_Without_dry_season,missing_predictor_group,missing_predictor_group,NA,NA,NA,NA,NA,NA,NA,NA,NA,NA,NA,NA,NA,NA,NA,NA,NA,NA,NA,NA,NA,NA,NA,NA,NA,NA,NA,NA,NA,NA,NA,NA,NA,NA,TRUE,TRUE,FALSE,FALSE,FALSE,FALSE,FALSE,FALSE,FALSE,not_estimable_at_either_radius,FALSE
ippd_31,Oceania,Temperate_Without_dry_season,missing_predictor_group,missing_predictor_group,NA,NA,NA,NA,NA,NA,NA,NA,NA,NA,NA,NA,NA,NA,NA,NA,NA,NA,NA,NA,NA,NA,NA,NA,NA,NA,NA,NA,NA,NA,NA,NA,NA,NA,TRUE,TRUE,FALSE,FALSE,FALSE,FALSE,FALSE,FALSE,FALSE,not_estimable_at_either_radius,FALSE
ippd_69,Oceania,Temperate_Without_dry_season,missing_predictor_group,missing_predictor_group,NA,NA,NA,NA,NA,NA,NA,NA,NA,NA,NA,NA,NA,NA,NA,NA,NA,NA,NA,NA,NA,NA,NA,NA,NA,NA,NA,NA,NA,NA,NA,NA,NA,NA,TRUE,TRUE,FALSE,FALSE,FALSE,FALSE,FALSE,FALSE,FALSE,not_estimable_at_either_radius,FALSE
ippd_648,Oceania,Cold_Without_dry_season_Warm_Summer,estimated,estimated,0.639,0.592,0.0927,0.0721,0.204,0.2142,0.3427,0.3054,-0.11129999999999998,-0.1421,-0.17417840375586852,-0.24003378378378382,-0.3751263902932255,-0.4963325183374083,0.12553925928329512,0.07792556235640047,0.188224269105983,0.15996849528404355,0.47100849394433353,0.34788725742174287,climate,climate,climate,climate,-0.04700000000000004,-0.020600000000000007,0.010200000000000015,-0.0373,-0.030800000000000022,-0.0658553800279153,-0.12120612804418285,-0.047613696926894655,-0.028255773821939445,-0.12312123652259066,TRUE,TRUE,TRUE,TRUE,TRUE,FALSE,FALSE,FALSE,FALSE,same_ranking,FALSE
ippd_975,Oceania,Temperate_Without_dry_season,estimated,estimated,0.785,0.865,0.1306,0.1698,0.4581,0.4805,0.1962,0.2142,-0.3275,-0.3107,-0.4171974522292994,-0.35919075144508666,-0.5563105146933922,-0.47777948639089646,0.010968866366434682,0.0906218319280464,0.27088138162533393,0.3322764981452332,0.041461553142218555,0.09417391956051657,climate,climate,climate,climate,0.07999999999999996,0.03920000000000001,0.022399999999999975,0.017999999999999988,0.016800000000000037,0.05800670078421272,0.07853102830249575,0.07965296556161172,0.06139511651989926,0.05271236641829802,TRUE,TRUE,TRUE,TRUE,TRUE,FALSE,FALSE,FALSE,FALSE,same_ranking,FALSE
ippd_978,Oceania,Temperate_Without_dry_season,estimated,estimated,0.605,0.577,0.1711,0.1734,0.2912,0.2392,0.1425,0.1643,-0.12010000000000001,-0.0658,-0.19851239669421492,-0.11403812824956673,-0.2597880164395414,-0.159476490547746,0.0053038605411138695,-0.022484874985357117,0.2036509807645529,0.09026708408186157,2.7403427291572413e-5,0.03441619197302548,climate,climate,climate,climate,-0.028000000000000025,0.0022999999999999965,-0.05200000000000002,0.021800000000000014,0.054300000000000015,0.08447426844464818,0.1003115258917954,-0.027788735526470987,-0.11338389668269133,0.034388788545733906,TRUE,TRUE,TRUE,TRUE,TRUE,FALSE,FALSE,FALSE,FALSE,same_ranking,FALSE
ippd_991,Oceania,Temperate_Without_dry_season,estimated,estimated,0.471,0.335,0.1326,0.1025,0.0743,0.0395,0.2636,0.1927,0.05829999999999999,0.063,0.12377919320594478,0.1880597014925373,0.2817786370227162,0.44366197183098594,0.15034007664152305,0.014573480494930013,0.07852515126415127,-2.2367956365387798e-4,0.28667168666481435,0.13564569025429496,human,human,human,human,-0.13599999999999995,-0.030100000000000002,-0.034800000000000005,-0.07089999999999999,0.00470000000000001,0.06428050828659253,0.16188333480826972,-0.13576659614659303,-0.07874883082780515,-0.1510259964105194,TRUE,TRUE,TRUE,TRUE,TRUE,FALSE,FALSE,FALSE,FALSE,same_ranking,FALSE
ippd_1016,Oceania,Temperate_Without_dry_season,insufficient_residual_df,insufficient_residual_df,NA,NA,NA,NA,NA,NA,NA,NA,NA,NA,NA,NA,NA,NA,NA,NA,NA,NA,NA,NA,NA,NA,NA,NA,NA,NA,NA,NA,NA,NA,NA,NA,NA,NA,TRUE,TRUE,FALSE,FALSE,FALSE,FALSE,FALSE,FALSE,FALSE,not_estimable_at_either_radius,FALSE
ippd_1070,Oceania,Tropical,missing_predictor_group,estimated,NA,0.333,NA,0.1672,NA,0.0306,NA,0.135,NA,0.1366,NA,0.4102102102102102,NA,0.6905965621840243,NA,-0.03048313803521674,NA,-0.12376512493856084,NA,-0.05719647265293437,NA,human,NA,human,NA,NA,NA,NA,NA,NA,NA,NA,NA,NA,TRUE,TRUE,FALSE,TRUE,FALSE,TRUE,FALSE,FALSE,FALSE,gained_estimability,TRUE
ippd_1443,Oceania,Tropical,estimated,estimated,0.465,0.501,0.0311,0.0444,0.2617,0.2747,0.1722,0.1821,-0.2306,-0.2303,-0.49591397849462365,-0.4596806387225549,-0.787568306010929,-0.7217173299905986,0.0038781975240606004,0.04003406567356549,0.01210308650161529,0.02180747373950631,-0.02290346298243251,-0.01959114704000897,climate,climate,climate,climate,0.035999999999999976,0.013300000000000003,0.013000000000000012,0.00990000000000002,2.999999999999947e-4,0.03623333977206877,0.06585097602033041,0.03615586814950489,0.009704387237891021,0.0033123159424235382,TRUE,TRUE,TRUE,TRUE,TRUE,FALSE,FALSE,FALSE,FALSE,same_ranking,FALSE
ippd_1444,Oceania,Tropical,insufficient_residual_df,insufficient_residual_df,NA,NA,NA,NA,NA,NA,NA,NA,NA,NA,NA,NA,NA,NA,NA,NA,NA,NA,NA,NA,NA,NA,NA,NA,NA,NA,NA,NA,NA,NA,NA,NA,NA,NA,TRUE,TRUE,FALSE,FALSE,FALSE,FALSE,FALSE,FALSE,FALSE,not_estimable_at_either_radius,FALSE
ippd_1999,Oceania,Tropical,estimated,estimated,0.533,0.534,-0.025,-0.0061,0.4124,0.4002,0.1457,0.1404,-0.4374,-0.4063,-0.8206378986866791,-0.7608614232209737,-1,-1,-0.0201414979341501,-0.018847243635469413,0.3151787921868734,0.30470427080368945,0.05996184470111321,0.06349188907076175,climate,climate,climate,climate,0.0010000000000000009,0.0189,-0.012199999999999989,-0.005299999999999999,0.031100000000000017,0.059776475465705414,0,0.001294254298680686,-0.010474521383183943,0.003530044369648544,TRUE,TRUE,TRUE,TRUE,TRUE,FALSE,FALSE,FALSE,FALSE,same_ranking,FALSE
ippd_2000,Oceania,Temperate_Dry_Winter,estimated,estimated,0.312,0.306,0.0858,0.0794,0.0898,0.0918,0.1359,0.1346,-0.0040000000000000036,-0.012400000000000008,-0.012820512820512832,-0.040522875816993494,-0.02277904328018225,-0.07242990654205611,0.05560767357435137,0.04992126863280555,-0.018203288730696987,-0.026732806260683195,0.04723056849868479,0.03239576456800963,climate,climate,climate,climate,-0.006000000000000005,-0.006400000000000003,0.0020000000000000018,-0.0012999999999999956,-0.008400000000000005,-0.027702362996480663,-0.04965086326187386,-0.0056864049415458195,-0.008529517529986208,-0.014834803930675156,TRUE,TRUE,TRUE,TRUE,TRUE,FALSE,FALSE,FALSE,FALSE,same_ranking,FALSE
ippd_2008,Oceania,Temperate_Without_dry_season,estimated,estimated,0.756,0.73,0.2211,0.1839,0.2296,0.2373,0.305,0.3089,-0.008500000000000008,-0.0534,-0.011243386243386253,-0.07315068493150685,-0.01885955180829822,-0.1267806267806268,0.08713211633089013,0.06148811596258441,-0.008458062515448672,0.004949743131670403,0.019077363389736535,0.025073693775414907,climate,climate,climate,climate,-0.026000000000000023,-0.03719999999999998,0.007700000000000012,0.0039000000000000146,-0.044899999999999995,-0.0619072986881206,-0.10792107497232857,-0.02564400036830572,0.013407805647119075,0.005996330385678372,TRUE,TRUE,TRUE,TRUE,TRUE,FALSE,FALSE,FALSE,FALSE,same_ranking,FALSE
ippd_2009,Oceania,Temperate_Without_dry_season,estimated,estimated,0.322,0.418,0.1122,0.1568,0.0853,0.1084,0.124,0.1525,0.026899999999999993,0.0484,0.08354037267080743,0.11578947368421053,0.13620253164556959,0.18250377073906485,0.0560706123148661,0.15235175213788388,-0.007615879833044126,0.060709459090186324,0.06396134624778693,0.14298182029018447,human,human,human,human,0.09599999999999997,0.0446,0.023099999999999996,0.028499999999999998,0.021500000000000005,0.0322491010134031,0.04630123909349526,0.09628113982301778,0.06832533892323045,0.07902047404239754,TRUE,TRUE,TRUE,TRUE,TRUE,FALSE,FALSE,FALSE,FALSE,same_ranking,FALSE
ippd_2094,Oceania,Temperate_Without_dry_season,estimated,estimated,0.658,0.681,0.0711,0.0899,0.4322,0.4361,0.1551,0.1549,-0.3611,-0.3462,-0.5487841945288753,-0.5083700440528635,-0.7174647327637592,-0.6581749049429657,-0.0027746316405061755,0.01984268701012948,0.24981028153531115,0.2790352366702429,0.009886277784986852,0.03106530616692238,climate,climate,climate,climate,0.02300000000000002,0.018799999999999997,0.0039000000000000146,-1.9999999999997797e-4,0.014899999999999969,0.04041415047601182,0.059289827820793506,0.022617318650635654,0.02922495513493173,0.021179028381935527,TRUE,TRUE,TRUE,TRUE,TRUE,FALSE,FALSE,FALSE,FALSE,same_ranking,FALSE
ippd_2113,Oceania,Temperate_Without_dry_season,estimated,estimated,0.441,0.551,0.0996,0.2128,0.1509,0.1805,0.1909,0.158,-0.05130000000000001,0.032299999999999995,-0.11632653061224492,0.0586206896551724,-0.2047904191616767,0.08212560386473429,-0.032781215992896184,0.07724259632105535,0.10261200197847564,0.15122092200291315,0.08826788352381187,0.012004056896554482,climate,human,climate,human,0.11000000000000004,0.1132,0.029599999999999987,-0.032899999999999985,0.08360000000000001,0.17494722026741732,0.286916023026411,0.11002381231395153,0.04860892002443751,-0.07626382662725739,TRUE,TRUE,TRUE,TRUE,TRUE,FALSE,TRUE,TRUE,TRUE,ranking_reversal,TRUE
ippd_2122,Oceania,Temperate_Without_dry_season,estimated,estimated,0.203,0.192,0.1044,0.1046,-0.0326,-0.0247,0.1316,0.1124,0.137,0.1293,0.6748768472906403,0.6734375,1,1,-0.0819104307316515,-0.09291681622448389,-0.14958869856872425,-0.1407986412832578,0.02112077222117048,-0.024209209126591413,human,human,human,human,-0.01100000000000001,1.9999999999999185e-4,0.007899999999999997,-0.019199999999999995,-0.007700000000000012,-0.0014393472906403249,0,-0.011006385492832393,0.008790057285466446,-0.045329981347761894,TRUE,TRUE,TRUE,TRUE,TRUE,FALSE,FALSE,FALSE,FALSE,same_ranking,FALSE
ippd_2133,Oceania,Temperate_Dry_Summer,estimated,estimated,0.219,0.17,0.015,-0.0112,0.1304,0.1015,0.0732,0.0801,-0.11539999999999999,-0.11270000000000001,-0.5269406392694064,-0.6629411764705883,-0.7936726272352133,-1,0.009217038938841182,-0.03887444078456037,0.14515537816414925,0.03921058150092116,0.07993881969900718,0.04554570151553017,climate,climate,climate,climate,-0.04899999999999999,-0.0262,-0.02889999999999998,0.006900000000000003,0.00269999999999998,-0.13600053720118188,-0.20632737276478674,-0.04809147972340155,-0.10594479666322809,-0.03439311818347701,TRUE,TRUE,TRUE,TRUE,TRUE,FALSE,FALSE,FALSE,FALSE,same_ranking,FALSE
ippd_2160,Oceania,Temperate_Without_dry_season,estimated,estimated,0.584,0.583,0.1293,0.1309,0.3115,0.3033,0.1431,0.1488,-0.1822,-0.17240000000000003,-0.31198630136986305,-0.2957118353344769,-0.4133393829401089,-0.39705204974666053,-0.008713850987025262,-0.00962472169080364,0.15258525612283969,0.11994413377811997,0.06261215586246871,0.05787213179749828,climate,climate,climate,climate,-0.0010000000000000009,0.0015999999999999903,-0.008199999999999985,0.005699999999999983,0.009799999999999975,0.016274466035386126,0.016287333193448383,-9.10870703778377e-4,-0.03264112234471972,-0.004740024064970427,TRUE,TRUE,TRUE,TRUE,TRUE,FALSE,FALSE,FALSE,FALSE,same_ranking,FALSE
ippd_2163,Oceania,Temperate_Without_dry_season,estimated,estimated,0.484,0.404,0.102,0.0447,0.2591,0.2366,0.1226,0.1223,-0.15710000000000002,-0.19190000000000002,-0.32458677685950416,-0.47500000000000003,-0.4350595402935476,-0.6821898329185924,0.033447482928020134,-0.046658519905225404,0.11254168789098662,0.07810728613337492,0.014039186977231721,0.024083598906805337,climate,climate,climate,climate,-0.07999999999999996,-0.0573,-0.022499999999999992,-2.999999999999947e-4,-0.0348,-0.15041322314049588,-0.24713029262504477,-0.08010600283324554,-0.0344344017576117,0.010044411929573616,TRUE,TRUE,TRUE,TRUE,TRUE,FALSE,FALSE,FALSE,FALSE,same_ranking,FALSE
ippd_2179,Oceania,Tropical,estimated,estimated,0.474,0.542,0.0354,0.0526,-0.0278,-6e-4,0.4667,0.4903,0.0632,0.053200000000000004,0.13333333333333336,0.0981549815498155,1,1,0.037163964677995986,0.10510920740248253,-0.032442362884371856,0.010313058478330639,0.4950341354333151,0.5305925090356479,human,human,human,human,0.06800000000000006,0.0172,0.0272,0.02360000000000001,-0.010000000000000002,-0.03517835178351786,0,0.06794524272448654,0.042755421362702495,0.03555837360233283,TRUE,TRUE,TRUE,TRUE,TRUE,FALSE,FALSE,FALSE,FALSE,same_ranking,FALSE
ippd_2216,Oceania,Temperate_Without_dry_season,estimated,estimated,0.368,0.249,0.0415,0.0146,0.1455,0.0958,0.1808,0.1388,-0.10399999999999998,-0.0812,-0.2826086956521739,-0.3261044176706827,-0.5561497326203207,-0.7355072463768115,0.044430525427833434,-0.07423310561751073,0.17421951383132273,0.04917812217218587,0.22977392455348977,0.12026945668021805,climate,climate,climate,climate,-0.119,-0.0269,-0.049699999999999994,-0.04199999999999998,0.022799999999999987,-0.04349572201850882,-0.17935751375649078,-0.11866363104534416,-0.12504139165913686,-0.10950446787327173,TRUE,TRUE,TRUE,TRUE,TRUE,FALSE,FALSE,FALSE,FALSE,same_ranking,FALSE
ippd_2264,Oceania,Temperate_Without_dry_season,estimated,estimated,0.06,0.212,0.0045,0.1314,0.0544,0.0557,7e-4,0.025,-0.0499,0.07569999999999999,-0.8316666666666667,0.35707547169811316,-0.8471986417657047,0.4045964724746125,-0.011238283231226442,0.14129656446967975,-0.027031423763161255,-0.044324685235707983,-0.05236424330910938,-0.023770821826645694,climate,human,climate,human,0.152,0.12689999999999999,0.0013000000000000025,0.024300000000000002,0.1256,1.1887421383647798,1.2517951142403172,0.1525348477009062,-0.017293261472546728,0.028593421482463688,TRUE,TRUE,TRUE,TRUE,TRUE,FALSE,TRUE,TRUE,TRUE,ranking_reversal,TRUE
ippd_2268,Oceania,Temperate_Without_dry_season,estimated,estimated,0.588,0.609,0.0346,0.0691,0.4079,0.4219,0.1456,0.1176,-0.37329999999999997,-0.3528,-0.6348639455782312,-0.5793103448275863,-0.8436158192090395,-0.7185336048879837,0.06928858202199006,0.08970879358124095,0.3606926259633756,0.41520637174036135,0.139302790106398,0.10959407201949456,climate,climate,climate,climate,0.02100000000000002,0.034499999999999996,0.014000000000000012,-0.02800000000000001,0.020499999999999963,0.05555360075064497,0.12508221432105582,0.02042021155925089,0.054513745776985756,-0.029708718086903452,TRUE,TRUE,TRUE,TRUE,TRUE,FALSE,FALSE,FALSE,FALSE,same_ranking,FALSE
ippd_2270,Oceania,Temperate_Without_dry_season,estimated,estimated,0.447,0.448,0.0835,0.0835,0.2962,0.296,0.0677,0.0684,-0.2127,-0.21249999999999997,-0.47583892617449663,-0.47433035714285704,-0.5601790887542797,-0.5599472990777338,-0.020261862488630933,-0.019947315270925747,0.16331841810251846,0.16144842990887232,-0.027517265583353878,-0.02761667493980169,climate,climate,climate,climate,0.0010000000000000009,0,-2.0000000000003348e-4,7.000000000000062e-4,2.0000000000003348e-4,0.001508569031639595,2.3178967654591265e-4,3.1454721770518557e-4,-0.0018699881936461438,-9.940935644781046e-5,TRUE,TRUE,TRUE,TRUE,TRUE,FALSE,FALSE,FALSE,FALSE,same_ranking,FALSE
ippd_2271,Oceania,Temperate_Without_dry_season,insufficient_unique_ages,insufficient_unique_ages,NA,NA,NA,NA,NA,NA,NA,NA,NA,NA,NA,NA,NA,NA,NA,NA,NA,NA,NA,NA,NA,NA,NA,NA,NA,NA,NA,NA,NA,NA,NA,NA,NA,NA,TRUE,TRUE,FALSE,FALSE,FALSE,FALSE,FALSE,FALSE,FALSE,not_estimable_at_either_radius,FALSE
ippd_2283,Oceania,Temperate_Without_dry_season,insufficient_unique_ages,insufficient_unique_ages,NA,NA,NA,NA,NA,NA,NA,NA,NA,NA,NA,NA,NA,NA,NA,NA,NA,NA,NA,NA,NA,NA,NA,NA,NA,NA,NA,NA,NA,NA,NA,NA,NA,NA,TRUE,TRUE,FALSE,FALSE,FALSE,FALSE,FALSE,FALSE,FALSE,not_estimable_at_either_radius,FALSE
ippd_2284,Oceania,Temperate_Without_dry_season,insufficient_unique_ages,insufficient_unique_ages,NA,NA,NA,NA,NA,NA,NA,NA,NA,NA,NA,NA,NA,NA,NA,NA,NA,NA,NA,NA,NA,NA,NA,NA,NA,NA,NA,NA,NA,NA,NA,NA,NA,NA,TRUE,TRUE,FALSE,FALSE,FALSE,FALSE,FALSE,FALSE,FALSE,not_estimable_at_either_radius,FALSE
ippd_2287,Oceania,Arid,estimated,estimated,0.441,0.384,0.0721,0.0712,0.174,0.153,0.1953,0.16,-0.10189999999999999,-0.0818,-0.23106575963718817,-0.21302083333333333,-0.41405932547744817,-0.3648528099910794,0.06014819946487293,0.0030068019297588844,0.08607367578444147,0.07257448501147323,0.09609481004580767,0.053871155212474764,climate,climate,climate,climate,-0.056999999999999995,-8.99999999999998e-4,-0.02099999999999999,-0.0353,0.020099999999999993,0.018044926303854847,0.049206515486368785,-0.05714139753511405,-0.01349919077296824,-0.0422236548333329,TRUE,TRUE,TRUE,TRUE,TRUE,FALSE,FALSE,FALSE,FALSE,same_ranking,FALSE
ippd_2306,Oceania,Temperate_Without_dry_season,estimated,estimated,0.35,0.276,0.0054,-0.0484,0.0569,0.0351,0.2877,0.2896,-0.0515,-0.08349999999999999,-0.14714285714285713,-0.3025362318840579,-0.826645264847512,-1,-0.004294243909430784,-0.07802241254163023,0.08935669644550925,0.04200712371629467,0.339160790703843,0.339369196093942,climate,climate,climate,climate,-0.07399999999999995,-0.0538,-0.0218,0.0019000000000000128,-0.031999999999999994,-0.1553933747412008,-0.173354735152488,-0.07372816863219944,-0.047349572729214584,2.0840539009903125e-4,TRUE,TRUE,TRUE,TRUE,TRUE,FALSE,FALSE,FALSE,FALSE,same_ranking,FALSE
ippd_2308,Oceania,Temperate_Without_dry_season,estimated,estimated,0.435,0.358,0.062,-0.0119,0.2732,0.2776,0.0996,0.0922,-0.2112,-0.28950000000000004,-0.48551724137931035,-0.808659217877095,-0.630071599045346,-1,0.040852053208161765,-0.03597357419039293,0.1623355953149649,0.15587008166809546,-0.0012210916783104153,-0.03145490396911066,climate,climate,climate,climate,-0.07700000000000001,-0.0739,0.004400000000000015,-0.00739999999999999,-0.07830000000000004,-0.3231419764977847,-0.36992840095465396,-0.0768256273985547,-0.006465513646869425,-0.030233812290800244,TRUE,TRUE,TRUE,TRUE,TRUE,FALSE,FALSE,FALSE,FALSE,same_ranking,FALSE
ippd_2313,Oceania,Cold_Without_dry_season_Warm_Summer,estimated,estimated,0.544,0.561,0.1324,0.112,0.0574,0.0739,0.3543,0.3752,0.07499999999999998,0.03810000000000001,0.13786764705882348,0.06791443850267381,0.3951527924130663,0.2049488972565896,0.06206834063634936,0.07897081014187746,-0.018641817408622252,-0.05935547808675934,0.3824701494215712,0.3506411644023356,human,human,human,human,0.017000000000000015,-0.020399999999999988,0.016499999999999994,0.020899999999999974,-0.036899999999999974,-0.06995320855614967,-0.19020389515647668,0.016902469505528095,-0.04071366067813709,-0.03182898501923559,TRUE,TRUE,TRUE,TRUE,TRUE,FALSE,FALSE,FALSE,FALSE,same_ranking,FALSE
ippd_2357,Oceania,Temperate_Without_dry_season,estimated,estimated,0.373,0.248,0.2324,0.1323,0.028,0.0186,0.1129,0.0976,0.2044,0.1137,0.5479892761394102,0.45846774193548384,0.7849462365591398,0.7534791252485089,0.11190544032431426,-0.01290461421186817,-0.10547218149945403,-0.10056244592459584,-0.005678403947437016,-0.012552634604454993,human,human,human,human,-0.125,-0.1001,-0.009400000000000002,-0.015299999999999994,-0.0907,-0.08952153420392633,-0.031467111310630846,-0.12481005453618244,0.004909735574858187,-0.006874230657017977,TRUE,TRUE,TRUE,TRUE,TRUE,FALSE,FALSE,FALSE,FALSE,same_ranking,FALSE
