dataset_id,analysis,status,n_samples,n_unique_ages,design_rank,design_full_rank,residual_df
46516,spatial_spd,estimated,14,14,7,TRUE,7
26606,spatial_spd,estimated,14,14,7,TRUE,7
22322,spatial_spd,estimated,13,13,7,TRUE,6
48966,spatial_spd,estimated,14,14,7,TRUE,7
3565,spatial_spd,estimated,14,14,7,TRUE,7
3032,spatial_spd,estimated,14,14,7,TRUE,7
4383,spatial_spd,estimated,14,14,7,TRUE,7
45377,spatial_spd,estimated,13,13,7,TRUE,6
236,spatial_spd,estimated,14,14,7,TRUE,7
4170,spatial_spd,estimated,14,14,7,TRUE,7
25372,spatial_spd,estimated,13,13,7,TRUE,6
2642,spatial_spd,insufficient_residual_df,10,10,7,TRUE,3
46544,spatial_spd,estimated,14,14,7,TRUE,7
982,spatial_spd,estimated,14,14,7,TRUE,7
13053,spatial_spd,missing_predictor_group,13,13,6,TRUE,7
26448,spatial_spd,estimated,14,14,7,TRUE,7
4042,spatial_spd,estimated,13,13,7,TRUE,6
3487,spatial_spd,estimated,13,13,7,TRUE,6
21675,spatial_spd,estimated,13,13,7,TRUE,6
26499,spatial_spd,estimated,14,14,7,TRUE,7
24840,spatial_spd,estimated,13,13,7,TRUE,6
2395,spatial_spd,estimated,12,12,7,TRUE,5
45347,spatial_spd,estimated,14,14,7,TRUE,7
15922,spatial_spd,estimated,14,14,7,TRUE,7
1010,spatial_spd,estimated,13,13,7,TRUE,6
4542,spatial_spd,estimated,14,14,7,TRUE,7
14944,spatial_spd,estimated,13,13,7,TRUE,6
17402,spatial_spd,estimated,13,13,7,TRUE,6
234,spatial_spd,estimated,14,14,7,TRUE,7
16081,spatial_spd,estimated,14,14,7,TRUE,7
41421,spatial_spd,estimated,14,14,7,TRUE,7
1451,spatial_spd,estimated,13,13,7,TRUE,6
785,spatial_spd,estimated,14,14,7,TRUE,7
2311,spatial_spd,estimated,14,14,7,TRUE,7
3900,spatial_spd,estimated,13,13,7,TRUE,6
2053,spatial_spd,estimated,14,14,7,TRUE,7
1149,spatial_spd,estimated,14,14,7,TRUE,7
46998,spatial_spd,estimated,14,14,7,TRUE,7
46490,spatial_spd,estimated,14,14,7,TRUE,7
210,spatial_spd,estimated,14,14,7,TRUE,7
4136,spatial_spd,estimated,14,14,7,TRUE,7
45192,spatial_spd,estimated,14,14,7,TRUE,7
15232,spatial_spd,estimated,14,14,7,TRUE,7
41467,spatial_spd,estimated,13,13,7,TRUE,6
3938,spatial_spd,estimated,13,13,7,TRUE,6
2619,spatial_spd,estimated,14,14,7,TRUE,7
22988,spatial_spd,estimated,13,13,7,TRUE,6
46803,spatial_spd,estimated,13,13,7,TRUE,6
24195,spatial_spd,estimated,13,13,7,TRUE,6
306,spatial_spd,estimated,14,14,7,TRUE,7
847,spatial_spd,estimated,14,14,7,TRUE,7
45322,spatial_spd,estimated_residual_temporal_dependence,13,13,7,TRUE,6
18108,spatial_spd,estimated,14,14,7,TRUE,7
42745,spatial_spd,estimated,14,14,7,TRUE,7
17689,spatial_spd,estimated,14,14,7,TRUE,7
340,spatial_spd,estimated,14,14,7,TRUE,7
40634,spatial_spd,estimated,14,14,7,TRUE,7
15970,spatial_spd,estimated,14,14,7,TRUE,7
17391,spatial_spd,estimated,14,14,7,TRUE,7
4539,spatial_spd,estimated,14,14,7,TRUE,7
25285,spatial_spd,estimated,14,14,7,TRUE,7
20293,spatial_spd,estimated,14,14,7,TRUE,7
4251,spatial_spd,estimated,14,14,7,TRUE,7
2580,spatial_spd,estimated,13,13,7,TRUE,6
41532,spatial_spd,missing_predictor_group,11,11,6,TRUE,5
22773,spatial_spd,estimated,13,13,7,TRUE,6
784,spatial_spd,estimated,14,14,7,TRUE,7
4472,spatial_spd,estimated,14,14,7,TRUE,7
45383,spatial_spd,estimated,13,13,7,TRUE,6
40564,spatial_spd,estimated,14,14,7,TRUE,7
13051,spatial_spd,estimated,13,13,7,TRUE,6
1635,spatial_spd,estimated,12,12,7,TRUE,5
4197,spatial_spd,estimated,14,14,7,TRUE,7
15783,spatial_spd,estimated,13,13,7,TRUE,6
4373,spatial_spd,estimated,14,14,7,TRUE,7
45722,spatial_spd,estimated,14,14,7,TRUE,7
2270,spatial_spd,estimated,13,13,7,TRUE,6
15201,spatial_spd,estimated,14,14,7,TRUE,7
260,spatial_spd,estimated,14,14,7,TRUE,7
21539,spatial_spd,estimated,13,13,7,TRUE,6
15829,spatial_spd,estimated,14,14,7,TRUE,7
14799,spatial_spd,estimated,13,13,7,TRUE,6
4056,spatial_spd,estimated,13,13,7,TRUE,6
2617,spatial_spd,estimated,14,14,7,TRUE,7
42671,spatial_spd,estimated,14,14,7,TRUE,7
4058,spatial_spd,estimated,14,14,7,TRUE,7
20613,spatial_spd,estimated,14,14,7,TRUE,7
15738,spatial_spd,estimated,14,14,7,TRUE,7
2287,spatial_spd,estimated,14,14,7,TRUE,7
22842,spatial_spd,estimated,14,14,7,TRUE,7
15288,spatial_spd,estimated,14,14,7,TRUE,7
21762,spatial_spd,estimated,14,14,7,TRUE,7
1148,spatial_spd,estimated,14,14,7,TRUE,7
48721,spatial_spd,estimated,14,14,7,TRUE,7
24467,spatial_spd,estimated,14,14,7,TRUE,7
1450,spatial_spd,estimated,14,14,7,TRUE,7
23004,spatial_spd,estimated,14,14,7,TRUE,7
2292,spatial_spd,estimated,14,14,7,TRUE,7
2391,spatial_spd,estimated,14,14,7,TRUE,7
1024,spatial_spd,estimated,14,14,7,TRUE,7
1642,spatial_spd,estimated,14,14,7,TRUE,7
15785,spatial_spd,estimated,14,14,7,TRUE,7
1735,spatial_spd,estimated,13,13,7,TRUE,6
22711,spatial_spd,estimated,14,14,7,TRUE,7
24348,spatial_spd,estimated,14,14,7,TRUE,7
40992,spatial_spd,estimated,12,12,7,TRUE,5
1786,spatial_spd,estimated,14,14,7,TRUE,7
878,spatial_spd,estimated,12,12,7,TRUE,5
44951,spatial_spd,estimated,14,14,7,TRUE,7
328,spatial_spd,estimated,14,14,7,TRUE,7
40997,spatial_spd,estimated,14,14,7,TRUE,7
42692,spatial_spd,estimated,14,14,7,TRUE,7
1968,spatial_spd,estimated,14,14,7,TRUE,7
309,spatial_spd,estimated,14,14,7,TRUE,7
34553,spatial_spd,estimated,14,14,7,TRUE,7
46730,spatial_spd,estimated,14,14,7,TRUE,7
232,spatial_spd,estimated,13,13,7,TRUE,6
1719,spatial_spd,estimated,14,14,7,TRUE,7
41027,spatial_spd,estimated,14,14,7,TRUE,7
45728,spatial_spd,estimated,12,12,7,TRUE,5
29236,spatial_spd,estimated,13,13,7,TRUE,6
1841,spatial_spd,estimated,12,12,7,TRUE,5
24118,spatial_spd,insufficient_residual_df,11,11,7,TRUE,4
21807,spatial_spd,estimated,14,14,7,TRUE,7
41631,spatial_spd,estimated,14,14,7,TRUE,7
48940,spatial_spd,missing_predictor_group,14,14,6,TRUE,8
24061,spatial_spd,estimated,14,14,7,TRUE,7
4198,spatial_spd,estimated,14,14,7,TRUE,7
15667,spatial_spd,estimated,14,14,7,TRUE,7
859,spatial_spd,estimated,14,14,7,TRUE,7
15462,spatial_spd,estimated,13,13,7,TRUE,6
14274,spatial_spd,estimated,14,14,7,TRUE,7
203,spatial_spd,estimated,14,14,7,TRUE,7
17320,spatial_spd,estimated,14,14,7,TRUE,7
308,spatial_spd,estimated,12,12,7,TRUE,5
2385,spatial_spd,estimated,13,13,7,TRUE,6
26608,spatial_spd,estimated,13,13,7,TRUE,6
20188,spatial_spd,estimated,14,14,7,TRUE,7
3879,spatial_spd,estimated,14,14,7,TRUE,7
15925,spatial_spd,estimated,14,14,7,TRUE,7
15919,spatial_spd,estimated,13,13,7,TRUE,6
1432,spatial_spd,estimated,14,14,7,TRUE,7
48895,spatial_spd,estimated,14,14,7,TRUE,7
2373,spatial_spd,estimated,14,14,7,TRUE,7
518,spatial_spd,estimated,14,14,7,TRUE,7
1445,spatial_spd,estimated,14,14,7,TRUE,7
1835,spatial_spd,estimated,14,14,7,TRUE,7
15325,spatial_spd,estimated,14,14,7,TRUE,7
1823,spatial_spd,estimated,14,14,7,TRUE,7
966,spatial_spd,estimated,14,14,7,TRUE,7
4378,spatial_spd,estimated,14,14,7,TRUE,7
40567,spatial_spd,estimated,14,14,7,TRUE,7
532,spatial_spd,estimated,14,14,7,TRUE,7
44941,spatial_spd,estimated,13,13,7,TRUE,6
48738,spatial_spd,estimated,14,14,7,TRUE,7
4168,spatial_spd,insufficient_residual_df,11,11,7,TRUE,4
15713,spatial_spd,estimated,14,14,7,TRUE,7
22650,spatial_spd,estimated,14,14,7,TRUE,7
26439,spatial_spd,insufficient_residual_df,10,10,7,TRUE,3
4497,spatial_spd,estimated,14,14,7,TRUE,7
2634,spatial_spd,estimated,14,14,7,TRUE,7
21537,spatial_spd,estimated,14,14,7,TRUE,7
2332,spatial_spd,estimated,14,14,7,TRUE,7
1776,spatial_spd,estimated,14,14,7,TRUE,7
4092,spatial_spd,estimated,14,14,7,TRUE,7
18110,spatial_spd,estimated,13,13,7,TRUE,6
3839,spatial_spd,estimated,13,13,7,TRUE,6
2048,spatial_spd,estimated,13,13,7,TRUE,6
302,spatial_spd,estimated,14,14,7,TRUE,7
15103,spatial_spd,estimated,14,14,7,TRUE,7
1391,spatial_spd,estimated,13,13,7,TRUE,6
208,spatial_spd,estimated,14,14,7,TRUE,7
24053,spatial_spd,estimated,14,14,7,TRUE,7
1862,spatial_spd,estimated,12,12,7,TRUE,5
15244,spatial_spd,estimated,13,13,7,TRUE,6
2297,spatial_spd,estimated,14,14,7,TRUE,7
1883,spatial_spd,estimated,13,13,7,TRUE,6
3149,spatial_spd,estimated,13,13,7,TRUE,6
701,spatial_spd,estimated,14,14,7,TRUE,7
3840,spatial_spd,estimated,14,14,7,TRUE,7
20223,spatial_spd,estimated,14,14,7,TRUE,7
42649,spatial_spd,estimated,13,13,7,TRUE,6
2324,spatial_spd,estimated,14,14,7,TRUE,7
1698,spatial_spd,estimated,13,13,7,TRUE,6
15081,spatial_spd,estimated,14,14,7,TRUE,7
16217,spatial_spd,estimated,14,14,7,TRUE,7
41016,spatial_spd,estimated,14,14,7,TRUE,7
21772,spatial_spd,estimated,14,14,7,TRUE,7
45731,spatial_spd,insufficient_unique_ages,9,9,NA,NA,NA
41448,spatial_spd,estimated,14,14,7,TRUE,7
1571,spatial_spd,estimated,14,14,7,TRUE,7
24861,spatial_spd,estimated,14,14,7,TRUE,7
21895,spatial_spd,estimated,14,14,7,TRUE,7
22656,spatial_spd,estimated,14,14,7,TRUE,7
2661,spatial_spd,estimated,14,14,7,TRUE,7
47604,spatial_spd,estimated,14,14,7,TRUE,7
1617,spatial_spd,estimated,13,13,7,TRUE,6
48960,spatial_spd,estimated,14,14,7,TRUE,7
22944,spatial_spd,estimated,12,12,7,TRUE,5
346,spatial_spd,estimated,12,12,7,TRUE,5
15762,spatial_spd,estimated,14,14,7,TRUE,7
2629,spatial_spd,estimated,14,14,7,TRUE,7
17419,spatial_spd,estimated,14,14,7,TRUE,7
3043,spatial_spd,estimated,14,14,7,TRUE,7
3884,spatial_spd,insufficient_residual_df,10,10,7,TRUE,3
45391,spatial_spd,estimated,14,14,7,TRUE,7
40951,spatial_spd,estimated,14,14,7,TRUE,7
22966,spatial_spd,estimated,14,14,7,TRUE,7
3035,spatial_spd,estimated,14,14,7,TRUE,7
47110,spatial_spd,estimated,13,13,7,TRUE,6
1154,spatial_spd,estimated,14,14,7,TRUE,7
47555,spatial_spd,estimated,14,14,7,TRUE,7
527,spatial_spd,estimated,14,14,7,TRUE,7
46280,spatial_spd,estimated,14,14,7,TRUE,7
21913,spatial_spd,estimated,14,14,7,TRUE,7
971,spatial_spd,estimated,14,14,7,TRUE,7
4184,spatial_spd,insufficient_unique_ages,9,9,NA,NA,NA
844,spatial_spd,estimated,14,14,7,TRUE,7
1440,spatial_spd,estimated,14,14,7,TRUE,7
45319,spatial_spd,estimated,14,14,7,TRUE,7
45320,spatial_spd,estimated,13,13,7,TRUE,6
48816,spatial_spd,estimated,14,14,7,TRUE,7
42683,spatial_spd,estimated,14,14,7,TRUE,7
21818,spatial_spd,estimated,14,14,7,TRUE,7
15276,spatial_spd,estimated,14,14,7,TRUE,7
2626,spatial_spd,estimated,14,14,7,TRUE,7
2591,spatial_spd,estimated,14,14,7,TRUE,7
4239,spatial_spd,estimated,14,14,7,TRUE,7
2367,spatial_spd,estimated,13,13,7,TRUE,6
45343,spatial_spd,estimated,14,14,7,TRUE,7
26319,spatial_spd,estimated,14,14,7,TRUE,7
684,spatial_spd,estimated,14,14,7,TRUE,7
19909,spatial_spd,estimated,14,14,7,TRUE,7
45329,spatial_spd,estimated,14,14,7,TRUE,7
26505,spatial_spd,estimated,14,14,7,TRUE,7
1523,spatial_spd,estimated,14,14,7,TRUE,7
1590,spatial_spd,estimated,14,14,7,TRUE,7
24110,spatial_spd,estimated,14,14,7,TRUE,7
43513,spatial_spd,estimated,14,14,7,TRUE,7
813,spatial_spd,estimated,14,14,7,TRUE,7
16016,spatial_spd,estimated,13,13,7,TRUE,6
298,spatial_spd,estimated,14,14,7,TRUE,7
782,spatial_spd,estimated,14,14,7,TRUE,7
15831,spatial_spd,estimated,14,14,7,TRUE,7
48624,spatial_spd,estimated,14,14,7,TRUE,7
1770,spatial_spd,estimated,14,14,7,TRUE,7
4517,spatial_spd,estimated,14,14,7,TRUE,7
4398,spatial_spd,estimated,14,14,7,TRUE,7
22849,spatial_spd,estimated,13,13,7,TRUE,6
24356,spatial_spd,estimated,14,14,7,TRUE,7
1701,spatial_spd,estimated,14,14,7,TRUE,7
1707,spatial_spd,estimated,12,12,7,TRUE,5
23006,spatial_spd,estimated,14,14,7,TRUE,7
4154,spatial_spd,estimated,13,13,7,TRUE,6
1761,spatial_spd,estimated,14,14,7,TRUE,7
4355,spatial_spd,estimated,12,12,7,TRUE,5
40582,spatial_spd,estimated,13,13,7,TRUE,6
15130,spatial_spd,estimated,13,13,7,TRUE,6
4041,spatial_spd,estimated,14,14,7,TRUE,7
22812,spatial_spd,estimated,13,13,7,TRUE,6
363,spatial_spd,estimated,14,14,7,TRUE,7
1646,spatial_spd,estimated,12,12,7,TRUE,5
1679,spatial_spd,estimated,14,14,7,TRUE,7
1829,spatial_spd,estimated,14,14,7,TRUE,7
3558,spatial_spd,estimated,13,13,7,TRUE,6
14948,spatial_spd,estimated,14,14,7,TRUE,7
41399,spatial_spd,estimated,14,14,7,TRUE,7
26435,spatial_spd,estimated,14,14,7,TRUE,7
1670,spatial_spd,estimated,14,14,7,TRUE,7
1697,spatial_spd,missing_predictor_group,14,14,6,TRUE,8
1393,spatial_spd,estimated,14,14,7,TRUE,7
42570,spatial_spd,estimated,13,13,7,TRUE,6
46611,spatial_spd,estimated,14,14,7,TRUE,7
1763,spatial_spd,estimated,14,14,7,TRUE,7
19901,spatial_spd,estimated,14,14,7,TRUE,7
1980,spatial_spd,estimated,13,13,7,TRUE,6
20001,spatial_spd,estimated,14,14,7,TRUE,7
48837,spatial_spd,missing_predictor_group,12,12,6,TRUE,6
973,spatial_spd,estimated,13,13,7,TRUE,6
1658,spatial_spd,estimated,14,14,7,TRUE,7
22367,spatial_spd,estimated,14,14,7,TRUE,7
4545,spatial_spd,estimated,14,14,7,TRUE,7
15247,spatial_spd,estimated,14,14,7,TRUE,7
15356,spatial_spd,estimated,14,14,7,TRUE,7
357,spatial_spd,missing_predictor_group,14,14,6,TRUE,8
14556,spatial_spd,estimated,14,14,7,TRUE,7
48777,spatial_spd,estimated,14,14,7,TRUE,7
3054,spatial_spd,estimated,13,13,7,TRUE,6
776,spatial_spd,estimated,14,14,7,TRUE,7
1880,spatial_spd,estimated,14,14,7,TRUE,7
4311,spatial_spd,estimated,14,14,7,TRUE,7
48976,spatial_spd,estimated,14,14,7,TRUE,7
3482,spatial_spd,estimated,14,14,7,TRUE,7
15185,spatial_spd,estimated,14,14,7,TRUE,7
21580,spatial_spd,estimated,14,14,7,TRUE,7
42681,spatial_spd,estimated,13,13,7,TRUE,6
24319,spatial_spd,estimated,14,14,7,TRUE,7
15734,spatial_spd,estimated,14,14,7,TRUE,7
691,spatial_spd,estimated,13,13,7,TRUE,6
860,spatial_spd,estimated,14,14,7,TRUE,7
22745,spatial_spd,estimated,13,13,7,TRUE,6
24321,spatial_spd,estimated,14,14,7,TRUE,7
1604,spatial_spd,estimated,13,13,7,TRUE,6
45349,spatial_spd,estimated,14,14,7,TRUE,7
294,spatial_spd,estimated,14,14,7,TRUE,7
21917,spatial_spd,estimated,13,13,7,TRUE,6
24042,spatial_spd,estimated,13,13,7,TRUE,6
48984,spatial_spd,estimated,14,14,7,TRUE,7
672,spatial_spd,estimated,13,13,7,TRUE,6
15732,spatial_spd,estimated,12,12,7,TRUE,5
45713,spatial_spd,estimated,14,14,7,TRUE,7
22820,spatial_spd,estimated,13,13,7,TRUE,6
1390,spatial_spd,estimated,13,13,7,TRUE,6
2671,spatial_spd,estimated,14,14,7,TRUE,7
16075,spatial_spd,estimated,14,14,7,TRUE,7
4367,spatial_spd,estimated,14,14,7,TRUE,7
19820,spatial_spd,estimated,13,13,7,TRUE,6
22894,spatial_spd,estimated,14,14,7,TRUE,7
2645,spatial_spd,estimated,13,13,7,TRUE,6
22890,spatial_spd,estimated,14,14,7,TRUE,7
253,spatial_spd,estimated,14,14,7,TRUE,7
2647,spatial_spd,estimated,13,13,7,TRUE,6
13097,spatial_spd,estimated,14,14,7,TRUE,7
15789,spatial_spd,estimated,14,14,7,TRUE,7
221,spatial_spd,estimated,14,14,7,TRUE,7
15132,spatial_spd,estimated,14,14,7,TRUE,7
15331,spatial_spd,estimated,14,14,7,TRUE,7
1814,spatial_spd,estimated,14,14,7,TRUE,7
22936,spatial_spd,estimated,13,13,7,TRUE,6
3041,spatial_spd,estimated,14,14,7,TRUE,7
24057,spatial_spd,estimated,14,14,7,TRUE,7
1630,spatial_spd,estimated,14,14,7,TRUE,7
2622,spatial_spd,estimated,13,13,7,TRUE,6
40875,spatial_spd,estimated,14,14,7,TRUE,7
2888,spatial_spd,estimated,14,14,7,TRUE,7
17400,spatial_spd,estimated,14,14,7,TRUE,7
24190,spatial_spd,estimated,14,14,7,TRUE,7
20034,spatial_spd,estimated,14,14,7,TRUE,7
1030,spatial_spd,estimated,14,14,7,TRUE,7
1961,spatial_spd,estimated,14,14,7,TRUE,7
41025,spatial_spd,estimated_residual_temporal_dependence,13,13,7,TRUE,6
2644,spatial_spd,estimated,14,14,7,TRUE,7
1897,spatial_spd,estimated,14,14,7,TRUE,7
2378,spatial_spd,estimated,14,14,7,TRUE,7
1650,spatial_spd,estimated,14,14,7,TRUE,7
15309,spatial_spd,estimated,14,14,7,TRUE,7
355,spatial_spd,estimated,14,14,7,TRUE,7
2351,spatial_spd,estimated,14,14,7,TRUE,7
46457,spatial_spd,estimated,14,14,7,TRUE,7
1656,spatial_spd,estimated,13,13,7,TRUE,6
3031,spatial_spd,estimated,14,14,7,TRUE,7
41222,spatial_spd,estimated,14,14,7,TRUE,7
23008,spatial_spd,estimated,13,13,7,TRUE,6
20306,spatial_spd,estimated,14,14,7,TRUE,7
543,spatial_spd,estimated,14,14,7,TRUE,7
4147,spatial_spd,estimated,14,14,7,TRUE,7
17406,spatial_spd,estimated,14,14,7,TRUE,7
48935,spatial_spd,estimated,13,13,7,TRUE,6
40861,spatial_spd,estimated,14,14,7,TRUE,7
39474,spatial_spd,estimated,13,13,7,TRUE,6
48361,spatial_spd,estimated_residual_temporal_dependence,13,13,7,TRUE,6
25,spatial_spd,estimated,14,14,7,TRUE,7
1107,spatial_spd,estimated,14,14,7,TRUE,7
14289,spatial_spd,estimated,13,13,7,TRUE,6
25767,spatial_spd,estimated,14,14,7,TRUE,7
22678,spatial_spd,estimated,14,14,7,TRUE,7
48656,spatial_spd,missing_predictor_group,13,13,6,TRUE,7
15350,spatial_spd,insufficient_residual_df,10,10,7,TRUE,3
16231,spatial_spd,estimated,14,14,7,TRUE,7
2590,spatial_spd,estimated,13,13,7,TRUE,6
17381,spatial_spd,estimated,14,14,7,TRUE,7
2599,spatial_spd,estimated,14,14,7,TRUE,7
4397,spatial_spd,estimated,14,14,7,TRUE,7
14921,spatial_spd,missing_predictor_group,14,14,6,TRUE,8
15292,spatial_spd,estimated,14,14,7,TRUE,7
15306,spatial_spd,estimated,14,14,7,TRUE,7
2054,spatial_spd,insufficient_unique_ages,2,2,NA,NA,NA
3500,spatial_spd,estimated,14,14,7,TRUE,7
4330,spatial_spd,estimated,14,14,7,TRUE,7
2476,spatial_spd,estimated,14,14,7,TRUE,7
21700,spatial_spd,estimated,14,14,7,TRUE,7
2382,spatial_spd,estimated,14,14,7,TRUE,7
24593,spatial_spd,estimated,13,13,7,TRUE,6
2343,spatial_spd,estimated,14,14,7,TRUE,7
4501,spatial_spd,estimated,14,14,7,TRUE,7
41756,spatial_spd,estimated,13,13,7,TRUE,6
22689,spatial_spd,estimated,14,14,7,TRUE,7
20883,spatial_spd,estimated,12,12,7,TRUE,5
15136,spatial_spd,estimated,13,13,7,TRUE,6
20616,spatial_spd,estimated,14,14,7,TRUE,7
3926,spatial_spd,estimated,14,14,7,TRUE,7
45379,spatial_spd,estimated,13,13,7,TRUE,6
21770,spatial_spd,estimated,14,14,7,TRUE,7
25773,spatial_spd,estimated,14,14,7,TRUE,7
4256,spatial_spd,estimated,14,14,7,TRUE,7
1782,spatial_spd,estimated,14,14,7,TRUE,7
2620,spatial_spd,estimated,14,14,7,TRUE,7
4024,spatial_spd,estimated,14,14,7,TRUE,7
489,spatial_spd,estimated,14,14,7,TRUE,7
24256,spatial_spd,estimated,14,14,7,TRUE,7
1716,spatial_spd,estimated,14,14,7,TRUE,7
26431,spatial_spd,estimated,14,14,7,TRUE,7
17296,spatial_spd,estimated,13,13,7,TRUE,6
19266,spatial_spd,estimated,13,13,7,TRUE,6
15872,spatial_spd,estimated,13,13,7,TRUE,6
537,spatial_spd,estimated,14,14,7,TRUE,7
47011,spatial_spd,estimated,14,14,7,TRUE,7
14951,spatial_spd,estimated,14,14,7,TRUE,7
17873,spatial_spd,estimated,13,13,7,TRUE,6
15420,spatial_spd,estimated,14,14,7,TRUE,7
3138,spatial_spd,estimated,14,14,7,TRUE,7
1691,spatial_spd,estimated,14,14,7,TRUE,7
22660,spatial_spd,estimated,14,14,7,TRUE,7
4148,spatial_spd,estimated,14,14,7,TRUE,7
206,spatial_spd,estimated,14,14,7,TRUE,7
1105,spatial_spd,estimated,14,14,7,TRUE,7
1524,spatial_spd,estimated,14,14,7,TRUE,7
2652,spatial_spd,estimated,14,14,7,TRUE,7
47590,spatial_spd,estimated,13,13,7,TRUE,6
48072,spatial_spd,estimated,13,13,7,TRUE,6
20872,spatial_spd,estimated,14,14,7,TRUE,7
209,spatial_spd,estimated,14,14,7,TRUE,7
2065,spatial_spd,estimated,13,13,7,TRUE,6
25318,spatial_spd,estimated,14,14,7,TRUE,7
4485,spatial_spd,estimated,13,13,7,TRUE,6
969,spatial_spd,insufficient_residual_df,11,11,7,TRUE,4
1674,spatial_spd,estimated,13,13,7,TRUE,6
20372,spatial_spd,estimated,14,14,7,TRUE,7
41543,spatial_spd,estimated,14,14,7,TRUE,7
41469,spatial_spd,estimated,14,14,7,TRUE,7
1773,spatial_spd,estimated,14,14,7,TRUE,7
254,spatial_spd,estimated,14,14,7,TRUE,7
1693,spatial_spd,estimated,14,14,7,TRUE,7
45188,spatial_spd,estimated,13,13,7,TRUE,6
1981,spatial_spd,estimated,14,14,7,TRUE,7
4279,spatial_spd,estimated,12,12,7,TRUE,5
22759,spatial_spd,estimated,14,14,7,TRUE,7
2882,spatial_spd,estimated,14,14,7,TRUE,7
1577,spatial_spd,estimated,14,14,7,TRUE,7
20515,spatial_spd,estimated,14,14,7,TRUE,7
2265,spatial_spd,estimated,14,14,7,TRUE,7
2925,spatial_spd,estimated,13,13,7,TRUE,6
17334,spatial_spd,estimated,14,14,7,TRUE,7
47005,spatial_spd,estimated,14,14,7,TRUE,7
40799,spatial_spd,estimated,13,13,7,TRUE,6
41585,spatial_spd,estimated,13,13,7,TRUE,6
15302,spatial_spd,estimated,14,14,7,TRUE,7
40854,spatial_spd,estimated,14,14,7,TRUE,7
2615,spatial_spd,estimated,13,13,7,TRUE,6
14884,spatial_spd,estimated,14,14,7,TRUE,7
856,spatial_spd,estimated,14,14,7,TRUE,7
12,spatial_spd,estimated,14,14,7,TRUE,7
1820,spatial_spd,estimated,14,14,7,TRUE,7
15929,spatial_spd,estimated,14,14,7,TRUE,7
41842,spatial_spd,estimated,14,14,7,TRUE,7
45387,spatial_spd,estimated_residual_temporal_dependence,12,12,7,TRUE,5
15142,spatial_spd,estimated,14,14,7,TRUE,7
852,spatial_spd,estimated,14,14,7,TRUE,7
4269,spatial_spd,estimated,14,14,7,TRUE,7
25370,spatial_spd,estimated,14,14,7,TRUE,7
2068,spatial_spd,missing_predictor_group,14,14,6,TRUE,8
25221,spatial_spd,estimated,14,14,7,TRUE,7
41018,spatial_spd,estimated,13,13,7,TRUE,6
21774,spatial_spd,estimated,12,12,7,TRUE,5
4012,spatial_spd,estimated,14,14,7,TRUE,7
41241,spatial_spd,estimated,14,14,7,TRUE,7
41499,spatial_spd,estimated,14,14,7,TRUE,7
47564,spatial_spd,estimated,12,12,7,TRUE,5
778,spatial_spd,estimated,14,14,7,TRUE,7
4320,spatial_spd,estimated,14,14,7,TRUE,7
1843,spatial_spd,insufficient_residual_df,11,11,7,TRUE,4
547,spatial_spd,missing_predictor_group,14,14,6,TRUE,8
42566,spatial_spd,estimated,14,14,7,TRUE,7
21938,spatial_spd,insufficient_unique_ages,9,9,NA,NA,NA
2342,spatial_spd,estimated,14,14,7,TRUE,7
3871,spatial_spd,estimated,13,13,7,TRUE,6
41228,spatial_spd,estimated,13,13,7,TRUE,6
46659,spatial_spd,estimated,14,14,7,TRUE,7
24441,spatial_spd,estimated,14,14,7,TRUE,7
40795,spatial_spd,estimated,14,14,7,TRUE,7
21915,spatial_spd,estimated,13,13,7,TRUE,6
14523,spatial_spd,estimated,13,13,7,TRUE,6
25344,spatial_spd,estimated,13,13,7,TRUE,6
41502,spatial_spd,estimated,13,13,7,TRUE,6
772,spatial_spd,estimated,14,14,7,TRUE,7
46645,spatial_spd,estimated,13,13,7,TRUE,6
3452,spatial_spd,estimated,13,13,7,TRUE,6
3910,spatial_spd,estimated,13,13,7,TRUE,6
48735,spatial_spd,estimated,14,14,7,TRUE,7
48614,spatial_spd,estimated,14,14,7,TRUE,7
22352,spatial_spd,estimated,13,13,7,TRUE,6
15876,spatial_spd,estimated,12,12,7,TRUE,5
45710,spatial_spd,estimated,12,12,7,TRUE,5
17945,spatial_spd,estimated,14,14,7,TRUE,7
3875,spatial_spd,insufficient_unique_ages,4,4,NA,NA,NA
15719,spatial_spd,estimated,14,14,7,TRUE,7
2955,spatial_spd,estimated,14,14,7,TRUE,7
22910,spatial_spd,estimated,12,12,7,TRUE,5
16061,spatial_spd,estimated,14,14,7,TRUE,7
549,spatial_spd,estimated,12,12,7,TRUE,5
45719,spatial_spd,estimated,13,13,7,TRUE,6
2610,spatial_spd,estimated,14,14,7,TRUE,7
20838,spatial_spd,estimated,12,12,7,TRUE,5
24390,spatial_spd,estimated,14,14,7,TRUE,7
21319,spatial_spd,estimated,14,14,7,TRUE,7
15740,spatial_spd,estimated,14,14,7,TRUE,7
16275,spatial_spd,estimated,14,14,7,TRUE,7
2303,spatial_spd,estimated,14,14,7,TRUE,7
1574,spatial_spd,estimated,14,14,7,TRUE,7
2962,spatial_spd,estimated,13,13,7,TRUE,6
1780,spatial_spd,estimated,14,14,7,TRUE,7
22797,spatial_spd,estimated,14,14,7,TRUE,7
2318,spatial_spd,estimated,14,14,7,TRUE,7
20,spatial_spd,estimated,13,13,7,TRUE,6
26518,spatial_spd,estimated,14,14,7,TRUE,7
2919,spatial_spd,estimated,13,13,7,TRUE,6
20758,spatial_spd,estimated,14,14,7,TRUE,7
24097,spatial_spd,estimated,14,14,7,TRUE,7
501,spatial_spd,estimated,14,14,7,TRUE,7
1848,spatial_spd,estimated,14,14,7,TRUE,7
45385,spatial_spd,estimated,13,13,7,TRUE,6
2908,spatial_spd,estimated,13,13,7,TRUE,6
22683,spatial_spd,estimated,14,14,7,TRUE,7
17711,spatial_spd,estimated,13,13,7,TRUE,6
2023,spatial_spd,estimated,14,14,7,TRUE,7
336,spatial_spd,estimated,14,14,7,TRUE,7
14525,spatial_spd,estimated,14,14,7,TRUE,7
1667,spatial_spd,estimated,14,14,7,TRUE,7
41491,spatial_spd,estimated,14,14,7,TRUE,7
48621,spatial_spd,estimated,13,13,7,TRUE,6
48889,spatial_spd,estimated,14,14,7,TRUE,7
45400,spatial_spd,estimated,14,14,7,TRUE,7
805,spatial_spd,estimated,14,14,7,TRUE,7
22992,spatial_spd,estimated,13,13,7,TRUE,6
15768,spatial_spd,estimated,13,13,7,TRUE,6
41911,spatial_spd,estimated,14,14,7,TRUE,7
22316,spatial_spd,estimated,13,13,7,TRUE,6
219,spatial_spd,estimated,14,14,7,TRUE,7
4364,spatial_spd,estimated,14,14,7,TRUE,7
21606,spatial_spd,estimated,13,13,7,TRUE,6
2586,spatial_spd,estimated,14,14,7,TRUE,7
1438,spatial_spd,estimated,14,14,7,TRUE,7
41614,spatial_spd,estimated,13,13,7,TRUE,6
15138,spatial_spd,estimated,14,14,7,TRUE,7
24250,spatial_spd,estimated,14,14,7,TRUE,7
24414,spatial_spd,estimated,14,14,7,TRUE,7
3493,spatial_spd,estimated,14,14,7,TRUE,7
15855,spatial_spd,estimated,14,14,7,TRUE,7
974,spatial_spd,estimated,13,13,7,TRUE,6
16054,spatial_spd,estimated,14,14,7,TRUE,7
45117,spatial_spd,estimated,14,14,7,TRUE,7
679,spatial_spd,estimated,13,13,7,TRUE,6
15778,spatial_spd,estimated,13,13,7,TRUE,6
47537,spatial_spd,estimated,13,13,7,TRUE,6
15214,spatial_spd,estimated,14,14,7,TRUE,7
790,spatial_spd,estimated,14,14,7,TRUE,7
2663,spatial_spd,estimated,13,13,7,TRUE,6
1013,spatial_spd,estimated,14,14,7,TRUE,7
16175,spatial_spd,estimated,14,14,7,TRUE,7
16238,spatial_spd,estimated,13,13,7,TRUE,6
40797,spatial_spd,estimated,14,14,7,TRUE,7
16103,spatial_spd,estimated,14,14,7,TRUE,7
40452,spatial_spd,estimated,14,14,7,TRUE,7
1569,spatial_spd,estimated,14,14,7,TRUE,7
15,spatial_spd,estimated,14,14,7,TRUE,7
14549,spatial_spd,estimated,14,14,7,TRUE,7
843,spatial_spd,estimated,14,14,7,TRUE,7
41748,spatial_spd,estimated,13,13,7,TRUE,6
1434,spatial_spd,estimated,13,13,7,TRUE,6
808,spatial_spd,estimated,14,14,7,TRUE,7
41252,spatial_spd,missing_predictor_group,13,13,6,TRUE,7
40666,spatial_spd,estimated,14,14,7,TRUE,7
2335,spatial_spd,estimated,13,13,7,TRUE,6
4385,spatial_spd,estimated,13,13,7,TRUE,6
4133,spatial_spd,estimated,14,14,7,TRUE,7
25763,spatial_spd,estimated,14,14,7,TRUE,7
20285,spatial_spd,estimated,14,14,7,TRUE,7
17354,spatial_spd,estimated,14,14,7,TRUE,7
2594,spatial_spd,estimated,14,14,7,TRUE,7
4150,spatial_spd,estimated,14,14,7,TRUE,7
4011,spatial_spd,estimated,12,12,7,TRUE,5
720,spatial_spd,estimated,14,14,7,TRUE,7
2959,spatial_spd,estimated,14,14,7,TRUE,7
20649,spatial_spd,estimated,14,14,7,TRUE,7
41001,spatial_spd,estimated,14,14,7,TRUE,7
45704,spatial_spd,estimated,13,13,7,TRUE,6
1854,spatial_spd,estimated,14,14,7,TRUE,7
1157,spatial_spd,estimated,14,14,7,TRUE,7
4360,spatial_spd,estimated,14,14,7,TRUE,7
45639,spatial_spd,estimated,13,13,7,TRUE,6
45389,spatial_spd,estimated,14,14,7,TRUE,7
22950,spatial_spd,estimated,14,14,7,TRUE,7
539,spatial_spd,estimated,14,14,7,TRUE,7
26520,spatial_spd,estimated,14,14,7,TRUE,7
773,spatial_spd,estimated,13,13,7,TRUE,6
4524,spatial_spd,estimated,14,14,7,TRUE,7
15296,spatial_spd,insufficient_residual_df,11,11,7,TRUE,4
16129,spatial_spd,estimated,13,13,7,TRUE,6
17377,spatial_spd,estimated,14,14,7,TRUE,7
4466,spatial_spd,estimated,14,14,7,TRUE,7
22980,spatial_spd,estimated,14,14,7,TRUE,7
26514,spatial_spd,estimated,14,14,7,TRUE,7
4314,spatial_spd,estimated,12,12,7,TRUE,5
872,spatial_spd,estimated,14,14,7,TRUE,7
723,spatial_spd,estimated,14,14,7,TRUE,7
48950,spatial_spd,estimated,14,14,7,TRUE,7
48818,spatial_spd,estimated,14,14,7,TRUE,7
45105,spatial_spd,estimated,14,14,7,TRUE,7
48363,spatial_spd,estimated,13,13,7,TRUE,6
17363,spatial_spd,estimated,13,13,7,TRUE,6
3058,spatial_spd,estimated,14,14,7,TRUE,7
22847,spatial_spd,estimated,14,14,7,TRUE,7
991,spatial_spd,estimated,14,14,7,TRUE,7
45707,spatial_spd,insufficient_residual_df,11,11,7,TRUE,4
41764,spatial_spd,estimated,14,14,7,TRUE,7
24317,spatial_spd,estimated,13,13,7,TRUE,6
2899,spatial_spd,estimated,13,13,7,TRUE,6
20397,spatial_spd,estimated,14,14,7,TRUE,7
1824,spatial_spd,estimated,13,13,7,TRUE,6
48685,spatial_spd,insufficient_unique_ages,3,3,NA,NA,NA
25786,spatial_spd,estimated,14,14,7,TRUE,7
525,spatial_spd,estimated,14,14,7,TRUE,7
16269,spatial_spd,estimated,13,13,7,TRUE,6
22723,spatial_spd,estimated,14,14,7,TRUE,7
4200,spatial_spd,estimated,14,14,7,TRUE,7
46477,spatial_spd,estimated,14,14,7,TRUE,7
1758,spatial_spd,missing_predictor_group,14,14,6,TRUE,8
374,spatial_spd,insufficient_residual_df,11,11,7,TRUE,4
999,spatial_spd,estimated,14,14,7,TRUE,7
1435,spatial_spd,estimated,14,14,7,TRUE,7
853,spatial_spd,estimated,14,14,7,TRUE,7
4369,spatial_spd,estimated,14,14,7,TRUE,7
332,spatial_spd,estimated,14,14,7,TRUE,7
45636,spatial_spd,estimated,13,13,7,TRUE,6
22969,spatial_spd,estimated,14,14,7,TRUE,7
22971,spatial_spd,estimated,14,14,7,TRUE,7
3488,spatial_spd,estimated,14,14,7,TRUE,7
1768,spatial_spd,estimated,13,13,7,TRUE,6
45324,spatial_spd,estimated,14,14,7,TRUE,7
46680,spatial_spd,estimated,14,14,7,TRUE,7
2954,spatial_spd,estimated,13,13,7,TRUE,6
531,spatial_spd,estimated,14,14,7,TRUE,7
19814,spatial_spd,estimated,14,14,7,TRUE,7
4118,spatial_spd,estimated,14,14,7,TRUE,7
1966,spatial_spd,estimated,14,14,7,TRUE,7
15191,spatial_spd,estimated,14,14,7,TRUE,7
45725,spatial_spd,estimated,13,13,7,TRUE,6
19834,spatial_spd,estimated,14,14,7,TRUE,7
40793,spatial_spd,estimated,13,13,7,TRUE,6
4375,spatial_spd,estimated,14,14,7,TRUE,7
15976,spatial_spd,estimated,14,14,7,TRUE,7
517,spatial_spd,estimated,14,14,7,TRUE,7
849,spatial_spd,estimated,14,14,7,TRUE,7
41310,spatial_spd,estimated,14,14,7,TRUE,7
41189,spatial_spd,estimated,14,14,7,TRUE,7
1987,spatial_spd,estimated,13,13,7,TRUE,6
22662,spatial_spd,estimated,14,14,7,TRUE,7
841,spatial_spd,estimated,14,14,7,TRUE,7
17880,spatial_spd,estimated,13,13,7,TRUE,6
24993,spatial_spd,insufficient_unique_ages,8,8,NA,NA,NA
40627,spatial_spd,estimated,14,14,7,TRUE,7
15368,spatial_spd,estimated,14,14,7,TRUE,7
3972,spatial_spd,estimated,13,13,7,TRUE,6
45393,spatial_spd,estimated,12,12,7,TRUE,5
42542,spatial_spd,estimated,14,14,7,TRUE,7
45312,spatial_spd,estimated,14,14,7,TRUE,7
21790,spatial_spd,estimated,14,14,7,TRUE,7
45642,spatial_spd,estimated,14,14,7,TRUE,7
40949,spatial_spd,estimated,14,14,7,TRUE,7
41634,spatial_spd,insufficient_residual_df,11,11,7,TRUE,4
1153,spatial_spd,estimated,14,14,7,TRUE,7
22400,spatial_spd,estimated,13,13,7,TRUE,6
22346,spatial_spd,estimated,13,13,7,TRUE,6
4410,spatial_spd,estimated,14,14,7,TRUE,7
48986,spatial_spd,estimated,14,14,7,TRUE,7
41612,spatial_spd,estimated,14,14,7,TRUE,7
47687,spatial_spd,estimated,13,13,7,TRUE,6
22669,spatial_spd,estimated,14,14,7,TRUE,7
4258,spatial_spd,insufficient_residual_df,11,11,7,TRUE,4
16009,spatial_spd,estimated,14,14,7,TRUE,7
48358,spatial_spd,estimated,14,14,7,TRUE,7
1028,spatial_spd,estimated,14,14,7,TRUE,7
1715,spatial_spd,estimated,14,14,7,TRUE,7
258,spatial_spd,estimated,13,13,7,TRUE,6
43533,spatial_spd,estimated,14,14,7,TRUE,7
47502,spatial_spd,estimated,14,14,7,TRUE,7
2266,spatial_spd,estimated,14,14,7,TRUE,7
24055,spatial_spd,estimated,14,14,7,TRUE,7
287,spatial_spd,estimated,14,14,7,TRUE,7
329,spatial_spd,estimated,14,14,7,TRUE,7
1548,spatial_spd,estimated,14,14,7,TRUE,7
285,spatial_spd,estimated,13,13,7,TRUE,6
40914,spatial_spd,estimated,14,14,7,TRUE,7
45395,spatial_spd,estimated,14,14,7,TRUE,7
46630,spatial_spd,estimated,14,14,7,TRUE,7
1694,spatial_spd,estimated,14,14,7,TRUE,7
4549,spatial_spd,estimated,14,14,7,TRUE,7
18100,spatial_spd,estimated,14,14,7,TRUE,7
15366,spatial_spd,estimated,14,14,7,TRUE,7
15203,spatial_spd,estimated,14,14,7,TRUE,7
15594,spatial_spd,estimated,14,14,7,TRUE,7
15724,spatial_spd,estimated,13,13,7,TRUE,6
14923,spatial_spd,estimated,13,13,7,TRUE,6
17404,spatial_spd,estimated,13,13,7,TRUE,6
16131,spatial_spd,estimated,12,12,7,TRUE,5
3471,spatial_spd,estimated,12,12,7,TRUE,5
1631,spatial_spd,estimated,13,13,7,TRUE,6
3130,spatial_spd,estimated,14,14,7,TRUE,7
22791,spatial_spd,estimated,12,12,7,TRUE,5
4259,spatial_spd,estimated,14,14,7,TRUE,7
24863,spatial_spd,estimated,14,14,7,TRUE,7
4425,spatial_spd,estimated,14,14,7,TRUE,7
1633,spatial_spd,estimated,14,14,7,TRUE,7
15392,spatial_spd,estimated,14,14,7,TRUE,7
22344,spatial_spd,estimated,14,14,7,TRUE,7
1755,spatial_spd,estimated,14,14,7,TRUE,7
45281,spatial_spd,estimated,14,14,7,TRUE,7
2352,spatial_spd,estimated,14,14,7,TRUE,7
32426,spatial_spd,estimated,14,14,7,TRUE,7
4393,spatial_spd,estimated,14,14,7,TRUE,7
22788,spatial_spd,estimated,14,14,7,TRUE,7
4421,spatial_spd,estimated,14,14,7,TRUE,7
22960,spatial_spd,estimated,14,14,7,TRUE,7
4377,spatial_spd,estimated,14,14,7,TRUE,7
3048,spatial_spd,estimated,14,14,7,TRUE,7
857,spatial_spd,estimated,14,14,7,TRUE,7
699,spatial_spd,estimated,14,14,7,TRUE,7
1621,spatial_spd,estimated,13,13,7,TRUE,6
20833,spatial_spd,estimated,14,14,7,TRUE,7
15904,spatial_spd,estimated,13,13,7,TRUE,6
2049,spatial_spd,estimated,14,14,7,TRUE,7
324,spatial_spd,estimated,14,14,7,TRUE,7
40111,spatial_spd,estimated,13,13,7,TRUE,6
2381,spatial_spd,estimated,14,14,7,TRUE,7
17385,spatial_spd,estimated,14,14,7,TRUE,7
1769,spatial_spd,estimated,12,12,7,TRUE,5
1142,spatial_spd,estimated,13,13,7,TRUE,6
796,spatial_spd,estimated,14,14,7,TRUE,7
510,spatial_spd,estimated,14,14,7,TRUE,7
22942,spatial_spd,estimated,14,14,7,TRUE,7
16133,spatial_spd,estimated,14,14,7,TRUE,7
44896,spatial_spd,estimated,14,14,7,TRUE,7
14941,spatial_spd,missing_predictor_group,14,14,6,TRUE,8
16219,spatial_spd,estimated,14,14,7,TRUE,7
24952,spatial_spd,estimated,14,14,7,TRUE,7
41909,spatial_spd,estimated,12,12,7,TRUE,5
1762,spatial_spd,estimated,14,14,7,TRUE,7
1639,spatial_spd,estimated,14,14,7,TRUE,7
4473,spatial_spd,estimated,14,14,7,TRUE,7
15955,spatial_spd,estimated,14,14,7,TRUE,7
1661,spatial_spd,estimated,12,12,7,TRUE,5
48769,spatial_spd,estimated,14,14,7,TRUE,7
22407,spatial_spd,estimated,14,14,7,TRUE,7
24032,spatial_spd,estimated,14,14,7,TRUE,7
40642,spatial_spd,estimated,14,14,7,TRUE,7
41589,spatial_spd,estimated,14,14,7,TRUE,7
40958,spatial_spd,estimated,14,14,7,TRUE,7
2654,spatial_spd,estimated,14,14,7,TRUE,7
1160,spatial_spd,estimated,12,12,7,TRUE,5
823,spatial_spd,estimated,14,14,7,TRUE,7
342,spatial_spd,estimated,14,14,7,TRUE,7
21903,spatial_spd,estimated,14,14,7,TRUE,7
1443,spatial_spd,estimated,13,13,7,TRUE,6
20029,spatial_spd,estimated,13,13,7,TRUE,6
1866,spatial_spd,missing_predictor_group,14,14,6,TRUE,8
17393,spatial_spd,estimated,14,14,7,TRUE,7
22976,spatial_spd,estimated,14,14,7,TRUE,7
22709,spatial_spd,estimated,14,14,7,TRUE,7
15902,spatial_spd,estimated,14,14,7,TRUE,7
20295,spatial_spd,estimated,14,14,7,TRUE,7
4192,spatial_spd,estimated,14,14,7,TRUE,7
44723,spatial_spd,estimated,14,14,7,TRUE,7
316,spatial_spd,estimated,14,14,7,TRUE,7
22049,spatial_spd,estimated,13,13,7,TRUE,6
318,spatial_spd,estimated,14,14,7,TRUE,7
3492,spatial_spd,estimated,14,14,7,TRUE,7
678,spatial_spd,estimated,14,14,7,TRUE,7
2637,spatial_spd,estimated,14,14,7,TRUE,7
1704,spatial_spd,estimated,14,14,7,TRUE,7
4286,spatial_spd,estimated,14,14,7,TRUE,7
20131,spatial_spd,estimated,14,14,7,TRUE,7
2286,spatial_spd,estimated,13,13,7,TRUE,6
673,spatial_spd,estimated,14,14,7,TRUE,7
3473,spatial_spd,estimated,14,14,7,TRUE,7
17396,spatial_spd,estimated,13,13,7,TRUE,6
19323,spatial_spd,estimated,13,13,7,TRUE,6
533,spatial_spd,estimated,13,13,7,TRUE,6
4213,spatial_spd,estimated,14,14,7,TRUE,7
22687,spatial_spd,estimated,13,13,7,TRUE,6
41527,spatial_spd,estimated,13,13,7,TRUE,6
215,spatial_spd,insufficient_residual_df,11,11,7,TRUE,4
4492,spatial_spd,estimated,13,13,7,TRUE,6
45345,spatial_spd,estimated,14,14,7,TRUE,7
16214,spatial_spd,estimated,14,14,7,TRUE,7
21314,spatial_spd,estimated,14,14,7,TRUE,7
516,spatial_spd,estimated,13,13,7,TRUE,6
14264,spatial_spd,insufficient_unique_ages,9,9,NA,NA,NA
2289,spatial_spd,estimated,12,12,7,TRUE,5
40450,spatial_spd,estimated,13,13,7,TRUE,6
40791,spatial_spd,estimated,14,14,7,TRUE,7
22757,spatial_spd,estimated,14,14,7,TRUE,7
1817,spatial_spd,insufficient_residual_df,11,11,7,TRUE,4
46672,spatial_spd,estimated,13,13,7,TRUE,6
45701,spatial_spd,estimated,14,14,7,TRUE,7
2377,spatial_spd,estimated,14,14,7,TRUE,7
2028,spatial_spd,insufficient_residual_df,11,11,7,TRUE,4
275,spatial_spd,estimated,13,13,7,TRUE,6
18104,spatial_spd,estimated,14,14,7,TRUE,7
3042,spatial_spd,estimated,14,14,7,TRUE,7
17292,spatial_spd,estimated,13,13,7,TRUE,6
22101,spatial_spd,estimated,13,13,7,TRUE,6
4479,spatial_spd,estimated,14,14,7,TRUE,7
4017,spatial_spd,estimated,14,14,7,TRUE,7
2879,spatial_spd,estimated,14,14,7,TRUE,7
20281,spatial_spd,estimated,13,13,7,TRUE,6
19937,spatial_spd,estimated,14,14,7,TRUE,7
3582,spatial_spd,estimated,14,14,7,TRUE,7
48616,spatial_spd,estimated,12,12,7,TRUE,5
41305,spatial_spd,estimated,13,13,7,TRUE,6
40976,spatial_spd,estimated,14,14,7,TRUE,7
19913,spatial_spd,estimated,13,13,7,TRUE,6
20678,spatial_spd,estimated,14,14,7,TRUE,7
15333,spatial_spd,estimated,14,14,7,TRUE,7
497,spatial_spd,estimated,13,13,7,TRUE,6
2611,spatial_spd,estimated,14,14,7,TRUE,7
1965,spatial_spd,estimated,14,14,7,TRUE,7
1703,spatial_spd,estimated,13,13,7,TRUE,6
2011,spatial_spd,estimated,14,14,7,TRUE,7
40988,spatial_spd,estimated,14,14,7,TRUE,7
14110,spatial_spd,estimated,12,12,7,TRUE,5
2576,spatial_spd,estimated,12,12,7,TRUE,5
41485,spatial_spd,estimated,14,14,7,TRUE,7
15866,spatial_spd,estimated,14,14,7,TRUE,7
48633,spatial_spd,insufficient_residual_df,11,11,7,TRUE,4
41762,spatial_spd,estimated,13,13,7,TRUE,6
22786,spatial_spd,estimated,14,14,7,TRUE,7
48649,spatial_spd,missing_predictor_group,14,14,4,TRUE,10
14498,spatial_spd,estimated,14,14,7,TRUE,7
24089,spatial_spd,estimated,14,14,7,TRUE,7
1906,spatial_spd,insufficient_unique_ages,3,3,NA,NA,NA
688,spatial_spd,estimated,12,12,7,TRUE,5
20304,spatial_spd,estimated,14,14,7,TRUE,7
45698,spatial_spd,estimated,14,14,7,TRUE,7
1654,spatial_spd,estimated,14,14,7,TRUE,7
21708,spatial_spd,estimated,14,14,7,TRUE,7
1902,spatial_spd,estimated,14,14,7,TRUE,7
24996,spatial_spd,estimated,14,14,7,TRUE,7
821,spatial_spd,estimated,14,14,7,TRUE,7
22047,spatial_spd,estimated,14,14,7,TRUE,7
20050,spatial_spd,estimated,14,14,7,TRUE,7
45351,spatial_spd,estimated,14,14,7,TRUE,7
2050,spatial_spd,estimated,14,14,7,TRUE,7
22805,spatial_spd,estimated,13,13,7,TRUE,6
1890,spatial_spd,estimated,14,14,7,TRUE,7
2588,spatial_spd,estimated,14,14,7,TRUE,7
239,spatial_spd,estimated,13,13,7,TRUE,6
14803,spatial_spd,estimated,14,14,7,TRUE,7
15413,spatial_spd,estimated,14,14,7,TRUE,7
4555,spatial_spd,estimated,14,14,7,TRUE,7
48982,spatial_spd,estimated,14,14,7,TRUE,7
343,spatial_spd,estimated,14,14,7,TRUE,7
2025,spatial_spd,estimated,14,14,7,TRUE,7
24048,spatial_spd,estimated,14,14,7,TRUE,7
1003,spatial_spd,estimated,14,14,7,TRUE,7
3563,spatial_spd,estimated,14,14,7,TRUE,7
46292,spatial_spd,estimated,14,14,7,TRUE,7
834,spatial_spd,estimated,13,13,7,TRUE,6
835,spatial_spd,estimated,13,13,7,TRUE,6
20279,spatial_spd,estimated,14,14,7,TRUE,7
4415,spatial_spd,estimated,14,14,7,TRUE,7
20012,spatial_spd,estimated,14,14,7,TRUE,7
24080,spatial_spd,estimated,14,14,7,TRUE,7
279,spatial_spd,estimated,14,14,7,TRUE,7
2004,spatial_spd,estimated,14,14,7,TRUE,7
15101,spatial_spd,estimated,14,14,7,TRUE,7
3774,spatial_spd,estimated,14,14,7,TRUE,7
1771,spatial_spd,estimated,14,14,7,TRUE,7
15967,spatial_spd,estimated,14,14,7,TRUE,7
1607,spatial_spd,estimated,14,14,7,TRUE,7
17336,spatial_spd,estimated,14,14,7,TRUE,7
987,spatial_spd,estimated,14,14,7,TRUE,7
15646,spatial_spd,estimated,14,14,7,TRUE,7
15061,spatial_spd,estimated,14,14,7,TRUE,7
20609,spatial_spd,estimated,14,14,7,TRUE,7
40448,spatial_spd,estimated,14,14,7,TRUE,7
3046,spatial_spd,estimated,14,14,7,TRUE,7
1610,spatial_spd,estimated,13,13,7,TRUE,6
331,spatial_spd,estimated,14,14,7,TRUE,7
3074,spatial_spd,missing_predictor_group,14,14,6,TRUE,8
1711,spatial_spd,estimated,14,14,7,TRUE,7
48931,spatial_spd,estimated,14,14,7,TRUE,7
3935,spatial_spd,estimated,14,14,7,TRUE,7
15032,spatial_spd,estimated,14,14,7,TRUE,7
4445,spatial_spd,estimated_residual_temporal_dependence,12,12,7,TRUE,5
15417,spatial_spd,estimated,12,12,7,TRUE,5
4391,spatial_spd,estimated,14,14,7,TRUE,7
24867,spatial_spd,estimated,14,14,7,TRUE,7
3484,spatial_spd,estimated,14,14,7,TRUE,7
317,spatial_spd,estimated,14,14,7,TRUE,7
21926,spatial_spd,estimated,14,14,7,TRUE,7
42563,spatial_spd,estimated,14,14,7,TRUE,7
777,spatial_spd,estimated,14,14,7,TRUE,7
40566,spatial_spd,estimated,13,13,7,TRUE,6
15403,spatial_spd,estimated,14,14,7,TRUE,7
20194,spatial_spd,estimated,14,14,7,TRUE,7
4372,spatial_spd,estimated,14,14,7,TRUE,7
4382,spatial_spd,estimated,14,14,7,TRUE,7
16193,spatial_spd,estimated,14,14,7,TRUE,7
42720,spatial_spd,estimated,14,14,7,TRUE,7
811,spatial_spd,estimated,14,14,7,TRUE,7
22828,spatial_spd,estimated,14,14,7,TRUE,7
1657,spatial_spd,estimated,14,14,7,TRUE,7
48697,spatial_spd,insufficient_unique_ages,9,9,NA,NA,NA
1520,spatial_spd,estimated,13,13,7,TRUE,6
1663,spatial_spd,estimated,13,13,7,TRUE,6
14512,spatial_spd,estimated,14,14,7,TRUE,7
356,spatial_spd,estimated,13,13,7,TRUE,6
519,spatial_spd,estimated,14,14,7,TRUE,7
15715,spatial_spd,estimated,13,13,7,TRUE,6
3047,spatial_spd,estimated,14,14,7,TRUE,7
20018,spatial_spd,estimated,14,14,7,TRUE,7
281,spatial_spd,estimated,14,14,7,TRUE,7
21603,spatial_spd,estimated,14,14,7,TRUE,7
48917,spatial_spd,estimated,14,14,7,TRUE,7
304,spatial_spd,estimated,14,14,7,TRUE,7
15035,spatial_spd,estimated,14,14,7,TRUE,7
1849,spatial_spd,estimated,14,14,7,TRUE,7
16212,spatial_spd,estimated,14,14,7,TRUE,7
1705,spatial_spd,estimated,13,13,7,TRUE,6
492,spatial_spd,estimated,14,14,7,TRUE,7
4203,spatial_spd,estimated,14,14,7,TRUE,7
42722,spatial_spd,estimated,12,12,7,TRUE,5
550,spatial_spd,estimated,14,14,7,TRUE,7
3830,spatial_spd,estimated,14,14,7,TRUE,7
17359,spatial_spd,estimated,14,14,7,TRUE,7
40579,spatial_spd,estimated,14,14,7,TRUE,7
41183,spatial_spd,estimated,14,14,7,TRUE,7
15189,spatial_spd,estimated,14,14,7,TRUE,7
534,spatial_spd,estimated,14,14,7,TRUE,7
4362,spatial_spd,estimated,13,13,7,TRUE,6
41580,spatial_spd,estimated,14,14,7,TRUE,7
41770,spatial_spd,estimated,14,14,7,TRUE,7
45101,spatial_spd,estimated,14,14,7,TRUE,7
4288,spatial_spd,estimated,14,14,7,TRUE,7
22814,spatial_spd,estimated,14,14,7,TRUE,7
2951,spatial_spd,estimated,14,14,7,TRUE,7
4403,spatial_spd,estimated,14,14,7,TRUE,7
1006,spatial_spd,estimated,14,14,7,TRUE,7
871,spatial_spd,estimated,14,14,7,TRUE,7
17371,spatial_spd,estimated,13,13,7,TRUE,6
21768,spatial_spd,insufficient_unique_ages,6,6,NA,NA,NA
1448,spatial_spd,estimated,14,14,7,TRUE,7
24155,spatial_spd,estimated,12,12,7,TRUE,5
40454,spatial_spd,estimated,14,14,7,TRUE,7
22817,spatial_spd,estimated,14,14,7,TRUE,7
25232,spatial_spd,estimated,14,14,7,TRUE,7
43525,spatial_spd,estimated,14,14,7,TRUE,7
20046,spatial_spd,estimated,14,14,7,TRUE,7
4209,spatial_spd,estimated,13,13,7,TRUE,6
1622,spatial_spd,estimated,14,14,7,TRUE,7
4467,spatial_spd,estimated,14,14,7,TRUE,7
15793,spatial_spd,estimated,14,14,7,TRUE,7
15680,spatial_spd,estimated,14,14,7,TRUE,7
3928,spatial_spd,estimated,14,14,7,TRUE,7
4531,spatial_spd,estimated,14,14,7,TRUE,7
2314,spatial_spd,estimated,14,14,7,TRUE,7
339,spatial_spd,estimated,14,14,7,TRUE,7
1807,spatial_spd,estimated,14,14,7,TRUE,7
514,spatial_spd,estimated,13,13,7,TRUE,6
3125,spatial_spd,estimated,13,13,7,TRUE,6
20922,spatial_spd,estimated,14,14,7,TRUE,7
41606,spatial_spd,estimated,12,12,7,TRUE,5
352,spatial_spd,estimated,14,14,7,TRUE,7
17304,spatial_spd,estimated,14,14,7,TRUE,7
22732,spatial_spd,estimated,14,14,7,TRUE,7
2609,spatial_spd,estimated,14,14,7,TRUE,7
48798,spatial_spd,estimated,13,13,7,TRUE,6
21978,spatial_spd,estimated,14,14,7,TRUE,7
22793,spatial_spd,estimated,14,14,7,TRUE,7
15766,spatial_spd,estimated,14,14,7,TRUE,7
46481,spatial_spd,estimated,14,14,7,TRUE,7
17713,spatial_spd,estimated,14,14,7,TRUE,7
20651,spatial_spd,estimated,14,14,7,TRUE,7
47520,spatial_spd,estimated,14,14,7,TRUE,7
4359,spatial_spd,estimated,12,12,7,TRUE,5
1788,spatial_spd,estimated,14,14,7,TRUE,7
45648,spatial_spd,insufficient_residual_df,11,11,7,TRUE,4
4183,spatial_spd,estimated,14,14,7,TRUE,7
13055,spatial_spd,missing_predictor_group,14,14,6,TRUE,8
816,spatial_spd,estimated,14,14,7,TRUE,7
3056,spatial_spd,estimated,14,14,7,TRUE,7
40803,spatial_spd,estimated,14,14,7,TRUE,7
22652,spatial_spd,estimated,13,13,7,TRUE,6
24956,spatial_spd,insufficient_residual_df,11,11,7,TRUE,4
16278,spatial_spd,estimated,13,13,7,TRUE,6
1632,spatial_spd,estimated,13,13,7,TRUE,6
1904,spatial_spd,estimated,13,13,7,TRUE,6
48948,spatial_spd,estimated,14,14,7,TRUE,7
3977,spatial_spd,estimated,14,14,7,TRUE,7
25837,spatial_spd,estimated,14,14,7,TRUE,7
2961,spatial_spd,estimated,14,14,7,TRUE,7
4145,spatial_spd,estimated,14,14,7,TRUE,7
1152,spatial_spd,estimated,13,13,7,TRUE,6
3468,spatial_spd,estimated,14,14,7,TRUE,7
15586,spatial_spd,estimated,14,14,7,TRUE,7
22908,spatial_spd,estimated,14,14,7,TRUE,7
1104,spatial_spd,estimated,13,13,7,TRUE,6
2623,spatial_spd,estimated,13,13,7,TRUE,6
1626,spatial_spd,estimated,14,14,7,TRUE,7
24091,spatial_spd,estimated,13,13,7,TRUE,6
45381,spatial_spd,estimated,14,14,7,TRUE,7
24303,spatial_spd,estimated,13,13,7,TRUE,6
228,spatial_spd,estimated,14,14,7,TRUE,7
32,spatial_spd,estimated,14,14,7,TRUE,7
1002,spatial_spd,estimated,14,14,7,TRUE,7
2953,spatial_spd,estimated,14,14,7,TRUE,7
1648,spatial_spd,estimated,14,14,7,TRUE,7
15776,spatial_spd,estimated,13,13,7,TRUE,6
2593,spatial_spd,estimated,13,13,7,TRUE,6
45716,spatial_spd,estimated,14,14,7,TRUE,7
15394,spatial_spd,estimated,12,12,7,TRUE,5
1766,spatial_spd,estimated,14,14,7,TRUE,7
22851,spatial_spd,estimated_residual_temporal_dependence,12,12,7,TRUE,5
48925,spatial_spd,estimated,13,13,7,TRUE,6
17368,spatial_spd,estimated,14,14,7,TRUE,7
4120,spatial_spd,estimated,14,14,7,TRUE,7
18123,spatial_spd,estimated,12,12,7,TRUE,5
43295,spatial_spd,estimated,14,14,7,TRUE,7
15259,spatial_spd,estimated,14,14,7,TRUE,7
15682,spatial_spd,estimated,13,13,7,TRUE,6
24461,spatial_spd,estimated,12,12,7,TRUE,5
19995,spatial_spd,estimated,14,14,7,TRUE,7
48782,spatial_spd,estimated,14,14,7,TRUE,7
1970,spatial_spd,estimated,13,13,7,TRUE,6
41835,spatial_spd,estimated,14,14,7,TRUE,7
2328,spatial_spd,insufficient_residual_df,11,11,7,TRUE,4
4436,spatial_spd,estimated,13,13,7,TRUE,6
16073,spatial_spd,estimated,14,14,7,TRUE,7
16236,spatial_spd,estimated,12,12,7,TRUE,5
2880,spatial_spd,estimated,14,14,7,TRUE,7
513,spatial_spd,estimated,13,13,7,TRUE,6
48973,spatial_spd,insufficient_unique_ages,9,9,NA,NA,NA
1856,spatial_spd,estimated,14,14,7,TRUE,7
40844,spatial_spd,estimated,14,14,7,TRUE,7
4308,spatial_spd,estimated,13,13,7,TRUE,6
42668,spatial_spd,estimated,14,14,7,TRUE,7
1001,spatial_spd,estimated,14,14,7,TRUE,7
369,spatial_spd,estimated,14,14,7,TRUE,7
21838,spatial_spd,estimated,14,14,7,TRUE,7
506,spatial_spd,estimated,14,14,7,TRUE,7
1733,spatial_spd,estimated,14,14,7,TRUE,7
19967,spatial_spd,estimated,13,13,7,TRUE,6
PVT_Dabsan_Lake,spatial_spd,estimated,14,14,6,TRUE,8
PVT_Daihai_Lake_2004,spatial_spd,estimated,14,14,7,TRUE,7
PVT_Dalianhai_Lake,spatial_spd,estimated,14,14,6,TRUE,8
PVT_Gonghai_Lake,spatial_spd,estimated,14,14,7,TRUE,7
PVT_Hoton_Nur_2,spatial_spd,missing_predictor_group,14,14,6,TRUE,8
PVT_Manas_Lake_LM1,spatial_spd,estimated,14,14,7,TRUE,7
PVT_Qidong,spatial_spd,estimated,14,14,7,TRUE,7
PVT_Qinghai_Lake_QH2000,spatial_spd,estimated,12,12,6,TRUE,6
PVT_Selin_Co_CK8803,spatial_spd,missing_predictor_group,14,14,6,TRUE,8
PVT_Sihailongwan_Lake,spatial_spd,estimated,14,14,7,TRUE,7
PVT_Sumxi_Lake,spatial_spd,missing_predictor_group,14,14,6,TRUE,8
PVT_Ulan_Ul_Lake,spatial_spd,missing_predictor_group,13,13,6,TRUE,7
PVT_Ximen_Co,spatial_spd,estimated,13,13,7,TRUE,6
PVT_Xingyun_Lake,spatial_spd,estimated,12,12,7,TRUE,5
PVT_Yanghu_Lake,spatial_spd,missing_predictor_group,14,14,6,TRUE,8
Western_Ghats1,spatial_spd,missing_predictor_group,10,10,6,TRUE,4
PANGAEA.834960,spatial_spd,insufficient_unique_ages,9,9,NA,NA,NA
PVT_Akkol_Lake,spatial_spd,estimated,14,14,7,TRUE,7
PVT_Ayongwama_Co,spatial_spd,estimated,14,14,7,TRUE,7
PVT_Baikal_lake,spatial_spd,missing_predictor_group,14,14,6,TRUE,8
PVT_Barkol_Lake,spatial_spd,estimated,14,14,7,TRUE,7
PVT_Chaiwopu_Lake,spatial_spd,estimated,14,14,7,TRUE,7
PVT_Dahaizi_Lake,spatial_spd,estimated,14,14,7,TRUE,7
PVT_Dajiuhu_2013,spatial_spd,estimated,13,13,7,TRUE,6
PVT_Dali_Nur_Jiangjunpaozi_Lake,spatial_spd,estimated,14,14,7,TRUE,7
PVT_Dali_Nur_Liuzhouwan_Lake,spatial_spd,estimated,14,14,7,TRUE,7
PVT_Daluoba_basin,spatial_spd,estimated,14,14,7,TRUE,7
PVT_Dongganchi,spatial_spd,estimated,14,14,7,TRUE,7
PVT_Erhai_Lake,spatial_spd,estimated,13,13,7,TRUE,6
PVT_Erhailongwan_Lake,spatial_spd,estimated,14,14,7,TRUE,7
PVT_Ganhai_Lake,spatial_spd,estimated,14,14,7,TRUE,7
PVT_Gantang,spatial_spd,estimated,14,14,7,TRUE,7
PVT_Guangfulin,spatial_spd,estimated,14,14,7,TRUE,7
PVT_Huguangyan_Maer_LakeB,spatial_spd,estimated,13,13,7,TRUE,6
PVT_Hulun_Lake_HL06,spatial_spd,missing_predictor_group,14,14,6,TRUE,8
PVT_Kendegelukol_Lake,spatial_spd,estimated,14,14,7,TRUE,7
PVT_Kotokel,spatial_spd,insufficient_unique_ages,8,8,NA,NA,NA
PVT_Koucha_Lake,spatial_spd,estimated,14,14,7,TRUE,7
PVT_Kuhai_Lake,spatial_spd,estimated,14,14,6,TRUE,8
PVT_Longquan_Lake_LC2,spatial_spd,estimated,14,14,7,TRUE,7
PVT_Lop_Nur_Luo4,spatial_spd,estimated,14,14,6,TRUE,8
PVT_Luanhaizi_LH2,spatial_spd,insufficient_residual_df,10,10,6,TRUE,4
PVT_Mengcun,spatial_spd,estimated,13,13,7,TRUE,6
PVT_Naleng_Co,spatial_spd,estimated,14,14,7,TRUE,7
PVT_Nantun,spatial_spd,estimated,14,14,7,TRUE,7
PVT_Qigai_Nuur,spatial_spd,estimated,13,13,7,TRUE,6
PVT_Qongjiamong_Co,spatial_spd,estimated,14,14,7,TRUE,7
PVT_Ren_Co_R1,spatial_spd,estimated,14,14,6,TRUE,8
PVT_Sanjiaocheng_Section,spatial_spd,estimated,14,14,7,TRUE,7
PVT_Sayram_Lake,spatial_spd,estimated,14,14,7,TRUE,7
PVT_Shaamar,spatial_spd,estimated,13,13,7,TRUE,6
PVT_Shayema_Lake,spatial_spd,estimated,13,13,7,TRUE,6
PVT_Sujiawan,spatial_spd,estimated,14,14,7,TRUE,7
PVT_Tiancai_Lake,spatial_spd,estimated,13,13,7,TRUE,6
PVT_Uzunkol_Lake,spatial_spd,estimated,14,14,7,TRUE,7
PVT_Wulungu_Lake,spatial_spd,insufficient_residual_df,11,11,7,TRUE,4
PVT_Xiehu_Lake_SO4,spatial_spd,estimated,13,13,7,TRUE,6
PVT_Yamant_Nur_Lake,spatial_spd,rank_deficient,14,14,6,FALSE,8
PVT_Yidun_Lake,spatial_spd,estimated,14,14,6,TRUE,8
PVT_Zigetang_Co,spatial_spd,missing_predictor_group,14,14,5,TRUE,9
PVT_Zoige_RH,spatial_spd,estimated,12,12,7,TRUE,5
PANGAEA.896390,spatial_spd,missing_predictor_group,13,13,6,TRUE,7
cao_2,spatial_spd,missing_predictor_group,13,13,6,TRUE,7
cao_8,spatial_spd,estimated,14,14,7,TRUE,7
cao_14,spatial_spd,missing_predictor_group,14,14,6,TRUE,8
cao_23,spatial_spd,missing_predictor_group,14,14,6,TRUE,8
cao_24,spatial_spd,missing_predictor_group,11,11,6,TRUE,5
cao_26,spatial_spd,missing_predictor_group,14,14,6,TRUE,8
cao_30,spatial_spd,missing_predictor_group,14,14,6,TRUE,8
cao_33,spatial_spd,missing_predictor_group,14,14,6,TRUE,8
cao_35,spatial_spd,missing_predictor_group,14,14,6,TRUE,8
cao_39,spatial_spd,missing_predictor_group,14,14,6,TRUE,8
cao_41,spatial_spd,missing_predictor_group,14,14,6,TRUE,8
cao_43,spatial_spd,missing_predictor_group,14,14,6,TRUE,8
cao_44,spatial_spd,missing_predictor_group,14,14,6,TRUE,8
cao_50,spatial_spd,missing_predictor_group,14,14,6,TRUE,8
cao_51,spatial_spd,insufficient_residual_df,10,10,7,TRUE,3
cao_54,spatial_spd,insufficient_unique_ages,8,8,NA,NA,NA
cao_56,spatial_spd,missing_predictor_group,14,14,6,TRUE,8
cao_57,spatial_spd,estimated,14,14,7,TRUE,7
cao_59,spatial_spd,missing_predictor_group,14,14,6,TRUE,8
cao_65,spatial_spd,insufficient_unique_ages,9,9,NA,NA,NA
cao_74,spatial_spd,missing_predictor_group,14,14,6,TRUE,8
cao_78,spatial_spd,missing_predictor_group,14,14,6,TRUE,8
cao_79,spatial_spd,missing_predictor_group,12,12,6,TRUE,6
cao_80,spatial_spd,estimated,12,12,7,TRUE,5
cao_84,spatial_spd,missing_predictor_group,14,14,6,TRUE,8
cao_86,spatial_spd,missing_predictor_group,14,14,6,TRUE,8
cao_101,spatial_spd,estimated,13,13,7,TRUE,6
cao_102,spatial_spd,insufficient_unique_ages,9,9,NA,NA,NA
cao_104,spatial_spd,insufficient_unique_ages,9,9,NA,NA,NA
cao_105,spatial_spd,missing_predictor_group,14,14,6,TRUE,8
cao_106,spatial_spd,missing_predictor_group,14,14,6,TRUE,8
cao_108,spatial_spd,missing_predictor_group,11,11,6,TRUE,5
cao_116,spatial_spd,missing_predictor_group,14,14,6,TRUE,8
cao_117,spatial_spd,missing_predictor_group,12,12,6,TRUE,6
cao_122,spatial_spd,missing_predictor_group,14,14,6,TRUE,8
cao_124,spatial_spd,estimated,14,14,7,TRUE,7
cao_127,spatial_spd,insufficient_unique_ages,9,9,NA,NA,NA
cao_134,spatial_spd,estimated,14,14,7,TRUE,7
cao_137,spatial_spd,missing_predictor_group,14,14,6,TRUE,8
cao_158,spatial_spd,estimated,13,13,7,TRUE,6
cao_164,spatial_spd,missing_predictor_group,13,13,6,TRUE,7
cao_166,spatial_spd,missing_predictor_group,13,13,6,TRUE,7
cao_151,spatial_spd,missing_predictor_group,14,14,6,TRUE,8
cao_152,spatial_spd,missing_predictor_group,12,12,6,TRUE,6
cao_85,spatial_spd,missing_predictor_group,14,14,6,TRUE,8
cao_71,spatial_spd,missing_predictor_group,14,14,6,TRUE,8
PANGAEA.884462,spatial_spd,estimated,13,13,6,TRUE,7
PANGAEA.896256,spatial_spd,estimated,11,11,6,TRUE,5
PANGAEA.717128,spatial_spd,missing_predictor_group,14,14,6,TRUE,8
PANGAEA.808952,spatial_spd,missing_predictor_group,14,14,6,TRUE,8
PANGAEA.893308,spatial_spd,missing_predictor_group,14,14,6,TRUE,8
PANGAEA.783359,spatial_spd,estimated,14,14,7,TRUE,7
cao_6,spatial_spd,missing_predictor_group,11,11,6,TRUE,5
Lake_Moon,spatial_spd,estimated,14,14,7,TRUE,7
47817,spatial_spd,estimated,13,13,7,TRUE,6
Sandynallah_SBBS,spatial_spd,missing_predictor_group,14,14,6,TRUE,8
876,spatial_spd,estimated,14,14,7,TRUE,7
46462,spatial_spd,estimated,13,13,7,TRUE,6
46466,spatial_spd,estimated,12,12,7,TRUE,5
46483,spatial_spd,estimated,14,14,7,TRUE,7
3896,spatial_spd,estimated,14,14,7,TRUE,7
46479,spatial_spd,estimated,14,14,7,TRUE,7
46485,spatial_spd,estimated,14,14,7,TRUE,7
46447,spatial_spd,estimated,13,13,7,TRUE,6
3975,spatial_spd,missing_predictor_group,14,14,6,TRUE,8
1444,spatial_spd,insufficient_residual_df,10,10,7,TRUE,3
46488,spatial_spd,missing_predictor_group,14,14,6,TRUE,8
2643,spatial_spd,estimated,14,14,7,TRUE,7
1844,spatial_spd,estimated,13,13,7,TRUE,6
4543,spatial_spd,estimated,14,14,7,TRUE,7
46473,spatial_spd,insufficient_residual_df,10,10,7,TRUE,3
40990,spatial_spd,estimated,14,14,7,TRUE,7
1979,spatial_spd,missing_predictor_group,14,14,6,TRUE,8
4102,spatial_spd,missing_predictor_group,10,10,5,TRUE,5
4010,spatial_spd,missing_predictor_group,13,13,5,TRUE,8
14619,spatial_spd,estimated,14,14,7,TRUE,7
15720,spatial_spd,insufficient_unique_ages,9,9,NA,NA,NA
1439,spatial_spd,insufficient_unique_ages,9,9,NA,NA,NA
4081,spatial_spd,estimated,14,14,7,TRUE,7
4097,spatial_spd,missing_predictor_group,11,11,6,TRUE,5
3861,spatial_spd,estimated,14,14,6,TRUE,8
1845,spatial_spd,missing_predictor_group,13,13,6,TRUE,7
41247,spatial_spd,estimated,14,14,7,TRUE,7
15624,spatial_spd,estimated,14,14,7,TRUE,7
41245,spatial_spd,estimated,14,14,7,TRUE,7
1860,spatial_spd,missing_predictor_group,14,14,6,TRUE,8
30184,spatial_spd,missing_predictor_group,12,12,6,TRUE,6
14612,spatial_spd,estimated,13,13,6,TRUE,7
15649,spatial_spd,estimated,13,13,7,TRUE,6
14134,spatial_spd,estimated,14,14,7,TRUE,7
15656,spatial_spd,estimated,14,14,7,TRUE,7
4020,spatial_spd,missing_predictor_group,14,14,6,TRUE,8
22330,spatial_spd,estimated,14,14,7,TRUE,7
15704,spatial_spd,missing_predictor_group,14,14,6,TRUE,8
15709,spatial_spd,estimated,13,13,7,TRUE,6
15665,spatial_spd,missing_predictor_group,14,14,6,TRUE,8
15678,spatial_spd,estimated,14,14,7,TRUE,7
46523,spatial_spd,insufficient_unique_ages,8,8,NA,NA,NA
3927,spatial_spd,insufficient_residual_df,11,11,7,TRUE,4
4137,spatial_spd,estimated,14,14,7,TRUE,7
4442,spatial_spd,estimated,13,13,7,TRUE,6
4509,spatial_spd,estimated,14,14,7,TRUE,7
24161,spatial_spd,estimated,14,14,7,TRUE,7
24166,spatial_spd,estimated,12,12,7,TRUE,5
24175,spatial_spd,estimated,14,14,7,TRUE,7
pg_711911,spatial_spd,estimated,14,14,7,TRUE,7
pg_858056,spatial_spd,estimated,14,14,7,TRUE,7
pg_874340,spatial_spd,estimated,13,13,6,TRUE,7
pg_884740,spatial_spd,estimated,14,14,6,TRUE,8
pg_907390,spatial_spd,insufficient_unique_ages,9,9,NA,NA,NA
pg_711930,spatial_spd,estimated,14,14,6,TRUE,8
pg_738918,spatial_spd,estimated,14,14,7,TRUE,7
ippd_12,spatial_spd,insufficient_unique_ages,3,3,NA,NA,NA
ippd_14,spatial_spd,missing_predictor_group,14,14,6,TRUE,8
ippd_23,spatial_spd,missing_predictor_group,13,13,6,TRUE,7
ippd_31,spatial_spd,missing_predictor_group,14,14,6,TRUE,8
ippd_69,spatial_spd,missing_predictor_group,14,14,6,TRUE,8
ippd_648,spatial_spd,estimated,14,14,7,TRUE,7
ippd_975,spatial_spd,estimated,14,14,7,TRUE,7
ippd_978,spatial_spd,estimated,14,14,7,TRUE,7
ippd_991,spatial_spd,estimated,14,14,7,TRUE,7
ippd_1016,spatial_spd,insufficient_residual_df,10,10,7,TRUE,3
ippd_1070,spatial_spd,estimated,14,14,7,TRUE,7
ippd_1443,spatial_spd,estimated,12,12,7,TRUE,5
ippd_1444,spatial_spd,insufficient_residual_df,10,10,7,TRUE,3
ippd_1999,spatial_spd,estimated,13,13,7,TRUE,6
ippd_2000,spatial_spd,estimated,14,14,7,TRUE,7
ippd_2008,spatial_spd,estimated,14,14,7,TRUE,7
ippd_2009,spatial_spd,estimated,14,14,7,TRUE,7
ippd_2094,spatial_spd,estimated,14,14,7,TRUE,7
ippd_2113,spatial_spd,estimated,14,14,7,TRUE,7
ippd_2122,spatial_spd,estimated,14,14,7,TRUE,7
ippd_2133,spatial_spd,estimated,14,14,7,TRUE,7
ippd_2160,spatial_spd,estimated,14,14,7,TRUE,7
ippd_2163,spatial_spd,estimated,14,14,7,TRUE,7
ippd_2179,spatial_spd,estimated,14,14,7,TRUE,7
ippd_2216,spatial_spd,estimated,14,14,7,TRUE,7
ippd_2264,spatial_spd,estimated,14,14,7,TRUE,7
ippd_2268,spatial_spd,estimated,13,13,7,TRUE,6
ippd_2270,spatial_spd,estimated,14,14,7,TRUE,7
ippd_2271,spatial_spd,insufficient_unique_ages,9,9,NA,NA,NA
ippd_2283,spatial_spd,insufficient_unique_ages,8,8,NA,NA,NA
ippd_2284,spatial_spd,insufficient_unique_ages,8,8,NA,NA,NA
ippd_2287,spatial_spd,estimated,14,14,7,TRUE,7
ippd_2306,spatial_spd,estimated,14,14,7,TRUE,7
ippd_2308,spatial_spd,estimated,14,14,7,TRUE,7
ippd_2313,spatial_spd,estimated,14,14,7,TRUE,7
ippd_2357,spatial_spd,estimated,14,14,7,TRUE,7
46516,spatial_events,missing_predictor_group,14,14,6,TRUE,8
26606,spatial_events,missing_predictor_group,14,14,6,TRUE,8
22322,spatial_events,missing_predictor_group,13,13,6,TRUE,7
48966,spatial_events,estimated,14,14,9,TRUE,5
3565,spatial_events,missing_predictor_group,14,14,6,TRUE,8
3032,spatial_events,missing_predictor_group,14,14,6,TRUE,8
4383,spatial_events,missing_predictor_group,14,14,6,TRUE,8
45377,spatial_events,missing_predictor_group,13,13,6,TRUE,7
236,spatial_events,missing_predictor_group,14,14,6,TRUE,8
4170,spatial_events,missing_predictor_group,14,14,6,TRUE,8
25372,spatial_events,rank_deficient,13,13,8,FALSE,5
2642,spatial_events,missing_predictor_group,10,10,6,TRUE,4
46544,spatial_events,missing_predictor_group,14,14,6,TRUE,8
982,spatial_events,missing_predictor_group,14,14,6,TRUE,8
13053,spatial_events,missing_predictor_group,13,13,6,TRUE,7
26448,spatial_events,missing_predictor_group,14,14,6,TRUE,8
4042,spatial_events,estimated,13,13,8,TRUE,5
3487,spatial_events,missing_predictor_group,13,13,6,TRUE,7
21675,spatial_events,missing_predictor_group,13,13,6,TRUE,7
26499,spatial_events,missing_predictor_group,14,14,6,TRUE,8
24840,spatial_events,insufficient_residual_df,13,13,9,TRUE,4
2395,spatial_events,estimated,12,12,7,TRUE,5
45347,spatial_events,missing_predictor_group,14,14,6,TRUE,8
15922,spatial_events,missing_predictor_group,14,14,6,TRUE,8
1010,spatial_events,missing_predictor_group,13,13,6,TRUE,7
4542,spatial_events,estimated,14,14,7,TRUE,7
14944,spatial_events,missing_predictor_group,13,13,6,TRUE,7
17402,spatial_events,missing_predictor_group,13,13,6,TRUE,7
234,spatial_events,missing_predictor_group,14,14,6,TRUE,8
16081,spatial_events,missing_predictor_group,14,14,6,TRUE,8
41421,spatial_events,rank_deficient,14,14,7,FALSE,7
1451,spatial_events,missing_predictor_group,13,13,6,TRUE,7
785,spatial_events,missing_predictor_group,14,14,6,TRUE,8
2311,spatial_events,missing_predictor_group,14,14,6,TRUE,8
3900,spatial_events,rank_deficient,13,13,7,FALSE,6
2053,spatial_events,missing_predictor_group,14,14,6,TRUE,8
1149,spatial_events,missing_predictor_group,14,14,6,TRUE,8
46998,spatial_events,missing_predictor_group,14,14,6,TRUE,8
46490,spatial_events,missing_predictor_group,14,14,6,TRUE,8
210,spatial_events,missing_predictor_group,14,14,6,TRUE,8
4136,spatial_events,missing_predictor_group,14,14,6,TRUE,8
45192,spatial_events,missing_predictor_group,14,14,6,TRUE,8
15232,spatial_events,missing_predictor_group,14,14,6,TRUE,8
41467,spatial_events,missing_predictor_group,13,13,6,TRUE,7
3938,spatial_events,missing_predictor_group,13,13,6,TRUE,7
2619,spatial_events,missing_predictor_group,14,14,6,TRUE,8
22988,spatial_events,missing_predictor_group,13,13,6,TRUE,7
46803,spatial_events,missing_predictor_group,13,13,6,TRUE,7
24195,spatial_events,missing_predictor_group,13,13,6,TRUE,7
306,spatial_events,missing_predictor_group,14,14,6,TRUE,8
847,spatial_events,missing_predictor_group,14,14,6,TRUE,8
45322,spatial_events,missing_predictor_group,13,13,6,TRUE,7
18108,spatial_events,missing_predictor_group,14,14,6,TRUE,8
42745,spatial_events,missing_predictor_group,14,14,6,TRUE,8
17689,spatial_events,estimated,14,14,7,TRUE,7
340,spatial_events,missing_predictor_group,14,14,6,TRUE,8
40634,spatial_events,missing_predictor_group,14,14,6,TRUE,8
15970,spatial_events,missing_predictor_group,14,14,6,TRUE,8
17391,spatial_events,missing_predictor_group,14,14,6,TRUE,8
4539,spatial_events,missing_predictor_group,14,14,6,TRUE,8
25285,spatial_events,estimated,14,14,9,TRUE,5
20293,spatial_events,missing_predictor_group,14,14,6,TRUE,8
4251,spatial_events,missing_predictor_group,14,14,6,TRUE,8
2580,spatial_events,missing_predictor_group,13,13,6,TRUE,7
41532,spatial_events,missing_predictor_group,11,11,6,TRUE,5
22773,spatial_events,missing_predictor_group,13,13,6,TRUE,7
784,spatial_events,missing_predictor_group,14,14,6,TRUE,8
4472,spatial_events,missing_predictor_group,14,14,6,TRUE,8
45383,spatial_events,estimated,13,13,8,TRUE,5
40564,spatial_events,missing_predictor_group,14,14,6,TRUE,8
13051,spatial_events,missing_predictor_group,13,13,6,TRUE,7
1635,spatial_events,missing_predictor_group,12,12,6,TRUE,6
4197,spatial_events,estimated,14,14,9,TRUE,5
15783,spatial_events,missing_predictor_group,13,13,6,TRUE,7
4373,spatial_events,estimated,14,14,8,TRUE,6
45722,spatial_events,missing_predictor_group,14,14,6,TRUE,8
2270,spatial_events,missing_predictor_group,13,13,6,TRUE,7
15201,spatial_events,missing_predictor_group,14,14,6,TRUE,8
260,spatial_events,missing_predictor_group,14,14,6,TRUE,8
21539,spatial_events,missing_predictor_group,13,13,6,TRUE,7
15829,spatial_events,missing_predictor_group,14,14,6,TRUE,8
14799,spatial_events,missing_predictor_group,13,13,6,TRUE,7
4056,spatial_events,missing_predictor_group,13,13,6,TRUE,7
2617,spatial_events,missing_predictor_group,14,14,6,TRUE,8
42671,spatial_events,estimated,14,14,7,TRUE,7
4058,spatial_events,missing_predictor_group,14,14,6,TRUE,8
20613,spatial_events,missing_predictor_group,14,14,6,TRUE,8
15738,spatial_events,missing_predictor_group,14,14,6,TRUE,8
2287,spatial_events,rank_deficient,14,14,7,FALSE,7
22842,spatial_events,estimated,14,14,7,TRUE,7
15288,spatial_events,missing_predictor_group,14,14,6,TRUE,8
21762,spatial_events,missing_predictor_group,14,14,6,TRUE,8
1148,spatial_events,missing_predictor_group,14,14,6,TRUE,8
48721,spatial_events,missing_predictor_group,14,14,6,TRUE,8
24467,spatial_events,estimated,14,14,8,TRUE,6
1450,spatial_events,missing_predictor_group,14,14,6,TRUE,8
23004,spatial_events,missing_predictor_group,14,14,6,TRUE,8
2292,spatial_events,missing_predictor_group,14,14,6,TRUE,8
2391,spatial_events,missing_predictor_group,14,14,6,TRUE,8
1024,spatial_events,missing_predictor_group,14,14,6,TRUE,8
1642,spatial_events,missing_predictor_group,14,14,6,TRUE,8
15785,spatial_events,missing_predictor_group,14,14,6,TRUE,8
1735,spatial_events,missing_predictor_group,13,13,6,TRUE,7
22711,spatial_events,estimated,14,14,8,TRUE,6
24348,spatial_events,rank_deficient,14,14,7,FALSE,7
40992,spatial_events,missing_predictor_group,12,12,6,TRUE,6
1786,spatial_events,missing_predictor_group,14,14,6,TRUE,8
878,spatial_events,missing_predictor_group,12,12,6,TRUE,6
44951,spatial_events,missing_predictor_group,14,14,6,TRUE,8
328,spatial_events,missing_predictor_group,14,14,6,TRUE,8
40997,spatial_events,estimated,14,14,7,TRUE,7
42692,spatial_events,missing_predictor_group,14,14,6,TRUE,8
1968,spatial_events,missing_predictor_group,14,14,6,TRUE,8
309,spatial_events,estimated,14,14,7,TRUE,7
34553,spatial_events,estimated,14,14,7,TRUE,7
46730,spatial_events,missing_predictor_group,14,14,6,TRUE,8
232,spatial_events,missing_predictor_group,13,13,6,TRUE,7
1719,spatial_events,missing_predictor_group,14,14,6,TRUE,8
41027,spatial_events,missing_predictor_group,14,14,6,TRUE,8
45728,spatial_events,missing_predictor_group,12,12,6,TRUE,6
29236,spatial_events,missing_predictor_group,13,13,6,TRUE,7
1841,spatial_events,missing_predictor_group,12,12,6,TRUE,6
24118,spatial_events,missing_predictor_group,11,11,6,TRUE,5
21807,spatial_events,missing_predictor_group,14,14,6,TRUE,8
41631,spatial_events,missing_predictor_group,14,14,6,TRUE,8
48940,spatial_events,missing_predictor_group,14,14,6,TRUE,8
24061,spatial_events,missing_predictor_group,14,14,6,TRUE,8
4198,spatial_events,estimated,14,14,9,TRUE,5
15667,spatial_events,missing_predictor_group,14,14,6,TRUE,8
859,spatial_events,missing_predictor_group,14,14,6,TRUE,8
15462,spatial_events,missing_predictor_group,13,13,6,TRUE,7
14274,spatial_events,missing_predictor_group,14,14,6,TRUE,8
203,spatial_events,rank_deficient,14,14,7,FALSE,7
17320,spatial_events,missing_predictor_group,14,14,6,TRUE,8
308,spatial_events,missing_predictor_group,12,12,6,TRUE,6
2385,spatial_events,missing_predictor_group,13,13,6,TRUE,7
26608,spatial_events,estimated,13,13,8,TRUE,5
20188,spatial_events,missing_predictor_group,14,14,6,TRUE,8
3879,spatial_events,estimated,14,14,7,TRUE,7
15925,spatial_events,missing_predictor_group,14,14,6,TRUE,8
15919,spatial_events,missing_predictor_group,13,13,6,TRUE,7
1432,spatial_events,missing_predictor_group,14,14,6,TRUE,8
48895,spatial_events,missing_predictor_group,14,14,6,TRUE,8
2373,spatial_events,missing_predictor_group,14,14,6,TRUE,8
518,spatial_events,estimated,14,14,7,TRUE,7
1445,spatial_events,missing_predictor_group,14,14,6,TRUE,8
1835,spatial_events,missing_predictor_group,14,14,6,TRUE,8
15325,spatial_events,missing_predictor_group,14,14,6,TRUE,8
1823,spatial_events,missing_predictor_group,14,14,6,TRUE,8
966,spatial_events,missing_predictor_group,14,14,6,TRUE,8
4378,spatial_events,missing_predictor_group,14,14,6,TRUE,8
40567,spatial_events,missing_predictor_group,14,14,6,TRUE,8
532,spatial_events,missing_predictor_group,14,14,6,TRUE,8
44941,spatial_events,missing_predictor_group,13,13,6,TRUE,7
48738,spatial_events,rank_deficient,14,14,7,FALSE,7
4168,spatial_events,rank_deficient,11,11,7,FALSE,4
15713,spatial_events,missing_predictor_group,14,14,6,TRUE,8
22650,spatial_events,rank_deficient,14,14,7,FALSE,7
26439,spatial_events,rank_deficient,10,10,7,FALSE,3
4497,spatial_events,missing_predictor_group,14,14,6,TRUE,8
2634,spatial_events,missing_predictor_group,14,14,6,TRUE,8
21537,spatial_events,estimated,14,14,7,TRUE,7
2332,spatial_events,missing_predictor_group,14,14,6,TRUE,8
1776,spatial_events,missing_predictor_group,14,14,6,TRUE,8
4092,spatial_events,estimated,14,14,7,TRUE,7
18110,spatial_events,missing_predictor_group,13,13,6,TRUE,7
3839,spatial_events,missing_predictor_group,13,13,6,TRUE,7
2048,spatial_events,missing_predictor_group,13,13,6,TRUE,7
302,spatial_events,missing_predictor_group,14,14,6,TRUE,8
15103,spatial_events,estimated,14,14,7,TRUE,7
1391,spatial_events,missing_predictor_group,13,13,6,TRUE,7
208,spatial_events,missing_predictor_group,14,14,6,TRUE,8
24053,spatial_events,missing_predictor_group,14,14,6,TRUE,8
1862,spatial_events,missing_predictor_group,12,12,6,TRUE,6
15244,spatial_events,missing_predictor_group,13,13,6,TRUE,7
2297,spatial_events,missing_predictor_group,14,14,6,TRUE,8
1883,spatial_events,missing_predictor_group,13,13,6,TRUE,7
3149,spatial_events,missing_predictor_group,13,13,6,TRUE,7
701,spatial_events,missing_predictor_group,14,14,6,TRUE,8
3840,spatial_events,missing_predictor_group,14,14,6,TRUE,8
20223,spatial_events,estimated,14,14,7,TRUE,7
42649,spatial_events,estimated,13,13,8,TRUE,5
2324,spatial_events,missing_predictor_group,14,14,6,TRUE,8
1698,spatial_events,missing_predictor_group,13,13,6,TRUE,7
15081,spatial_events,missing_predictor_group,14,14,6,TRUE,8
16217,spatial_events,estimated,14,14,8,TRUE,6
41016,spatial_events,missing_predictor_group,14,14,6,TRUE,8
21772,spatial_events,missing_predictor_group,14,14,6,TRUE,8
45731,spatial_events,insufficient_unique_ages,9,9,NA,NA,NA
41448,spatial_events,missing_predictor_group,14,14,6,TRUE,8
1571,spatial_events,missing_predictor_group,14,14,6,TRUE,8
24861,spatial_events,missing_predictor_group,14,14,6,TRUE,8
21895,spatial_events,estimated,14,14,7,TRUE,7
22656,spatial_events,missing_predictor_group,14,14,6,TRUE,8
2661,spatial_events,missing_predictor_group,14,14,6,TRUE,8
47604,spatial_events,estimated,14,14,9,TRUE,5
1617,spatial_events,missing_predictor_group,13,13,6,TRUE,7
48960,spatial_events,estimated,14,14,7,TRUE,7
22944,spatial_events,rank_deficient,12,12,8,FALSE,4
346,spatial_events,missing_predictor_group,12,12,6,TRUE,6
15762,spatial_events,missing_predictor_group,14,14,6,TRUE,8
2629,spatial_events,estimated,14,14,7,TRUE,7
17419,spatial_events,missing_predictor_group,14,14,6,TRUE,8
3043,spatial_events,estimated,14,14,7,TRUE,7
3884,spatial_events,rank_deficient,10,10,8,FALSE,2
45391,spatial_events,missing_predictor_group,14,14,6,TRUE,8
40951,spatial_events,missing_predictor_group,14,14,6,TRUE,8
22966,spatial_events,missing_predictor_group,14,14,6,TRUE,8
3035,spatial_events,missing_predictor_group,14,14,6,TRUE,8
47110,spatial_events,estimated,13,13,7,TRUE,6
1154,spatial_events,missing_predictor_group,14,14,6,TRUE,8
47555,spatial_events,missing_predictor_group,14,14,6,TRUE,8
527,spatial_events,missing_predictor_group,14,14,6,TRUE,8
46280,spatial_events,rank_deficient,14,14,8,FALSE,6
21913,spatial_events,estimated,14,14,7,TRUE,7
971,spatial_events,missing_predictor_group,14,14,6,TRUE,8
4184,spatial_events,insufficient_unique_ages,9,9,NA,NA,NA
844,spatial_events,missing_predictor_group,14,14,6,TRUE,8
1440,spatial_events,estimated,14,14,8,TRUE,6
45319,spatial_events,missing_predictor_group,14,14,6,TRUE,8
45320,spatial_events,estimated,13,13,8,TRUE,5
48816,spatial_events,missing_predictor_group,14,14,6,TRUE,8
42683,spatial_events,rank_deficient,14,14,7,FALSE,7
21818,spatial_events,missing_predictor_group,14,14,6,TRUE,8
15276,spatial_events,missing_predictor_group,14,14,6,TRUE,8
2626,spatial_events,missing_predictor_group,14,14,6,TRUE,8
2591,spatial_events,missing_predictor_group,14,14,6,TRUE,8
4239,spatial_events,missing_predictor_group,14,14,6,TRUE,8
2367,spatial_events,missing_predictor_group,13,13,6,TRUE,7
45343,spatial_events,missing_predictor_group,14,14,6,TRUE,8
26319,spatial_events,missing_predictor_group,14,14,6,TRUE,8
684,spatial_events,missing_predictor_group,14,14,6,TRUE,8
19909,spatial_events,missing_predictor_group,14,14,6,TRUE,8
45329,spatial_events,missing_predictor_group,14,14,6,TRUE,8
26505,spatial_events,rank_deficient,14,14,8,FALSE,6
1523,spatial_events,missing_predictor_group,14,14,6,TRUE,8
1590,spatial_events,missing_predictor_group,14,14,6,TRUE,8
24110,spatial_events,estimated,14,14,7,TRUE,7
43513,spatial_events,missing_predictor_group,14,14,6,TRUE,8
813,spatial_events,missing_predictor_group,14,14,6,TRUE,8
16016,spatial_events,missing_predictor_group,13,13,6,TRUE,7
298,spatial_events,missing_predictor_group,14,14,6,TRUE,8
782,spatial_events,missing_predictor_group,14,14,6,TRUE,8
15831,spatial_events,missing_predictor_group,14,14,6,TRUE,8
48624,spatial_events,estimated,14,14,7,TRUE,7
1770,spatial_events,missing_predictor_group,14,14,6,TRUE,8
4517,spatial_events,missing_predictor_group,14,14,6,TRUE,8
4398,spatial_events,rank_deficient,14,14,8,FALSE,6
22849,spatial_events,missing_predictor_group,13,13,6,TRUE,7
24356,spatial_events,missing_predictor_group,14,14,6,TRUE,8
1701,spatial_events,missing_predictor_group,14,14,6,TRUE,8
1707,spatial_events,missing_predictor_group,12,12,6,TRUE,6
23006,spatial_events,estimated,14,14,7,TRUE,7
4154,spatial_events,missing_predictor_group,13,13,6,TRUE,7
1761,spatial_events,missing_predictor_group,14,14,6,TRUE,8
4355,spatial_events,rank_deficient,12,12,8,FALSE,4
40582,spatial_events,estimated,13,13,7,TRUE,6
15130,spatial_events,estimated,13,13,7,TRUE,6
4041,spatial_events,estimated,14,14,7,TRUE,7
22812,spatial_events,missing_predictor_group,13,13,6,TRUE,7
363,spatial_events,estimated,14,14,8,TRUE,6
1646,spatial_events,missing_predictor_group,12,12,6,TRUE,6
1679,spatial_events,missing_predictor_group,14,14,6,TRUE,8
1829,spatial_events,missing_predictor_group,14,14,6,TRUE,8
3558,spatial_events,missing_predictor_group,13,13,6,TRUE,7
14948,spatial_events,missing_predictor_group,14,14,6,TRUE,8
41399,spatial_events,missing_predictor_group,14,14,6,TRUE,8
26435,spatial_events,estimated,14,14,8,TRUE,6
1670,spatial_events,missing_predictor_group,14,14,6,TRUE,8
1697,spatial_events,missing_predictor_group,14,14,6,TRUE,8
1393,spatial_events,missing_predictor_group,14,14,6,TRUE,8
42570,spatial_events,estimated,13,13,8,TRUE,5
46611,spatial_events,missing_predictor_group,14,14,6,TRUE,8
1763,spatial_events,estimated,14,14,7,TRUE,7
19901,spatial_events,missing_predictor_group,14,14,6,TRUE,8
1980,spatial_events,missing_predictor_group,13,13,6,TRUE,7
20001,spatial_events,missing_predictor_group,14,14,6,TRUE,8
48837,spatial_events,estimated,12,12,7,TRUE,5
973,spatial_events,missing_predictor_group,13,13,6,TRUE,7
1658,spatial_events,missing_predictor_group,14,14,6,TRUE,8
22367,spatial_events,missing_predictor_group,14,14,6,TRUE,8
4545,spatial_events,missing_predictor_group,14,14,6,TRUE,8
15247,spatial_events,estimated,14,14,7,TRUE,7
15356,spatial_events,missing_predictor_group,14,14,6,TRUE,8
357,spatial_events,missing_predictor_group,14,14,6,TRUE,8
14556,spatial_events,missing_predictor_group,14,14,6,TRUE,8
48777,spatial_events,estimated,14,14,7,TRUE,7
3054,spatial_events,missing_predictor_group,13,13,6,TRUE,7
776,spatial_events,missing_predictor_group,14,14,6,TRUE,8
1880,spatial_events,missing_predictor_group,14,14,6,TRUE,8
4311,spatial_events,missing_predictor_group,14,14,6,TRUE,8
48976,spatial_events,estimated,14,14,7,TRUE,7
3482,spatial_events,estimated,14,14,7,TRUE,7
15185,spatial_events,missing_predictor_group,14,14,6,TRUE,8
21580,spatial_events,estimated,14,14,7,TRUE,7
42681,spatial_events,estimated,13,13,8,TRUE,5
24319,spatial_events,estimated,14,14,9,TRUE,5
15734,spatial_events,missing_predictor_group,14,14,6,TRUE,8
691,spatial_events,missing_predictor_group,13,13,6,TRUE,7
860,spatial_events,missing_predictor_group,14,14,6,TRUE,8
22745,spatial_events,missing_predictor_group,13,13,6,TRUE,7
24321,spatial_events,estimated,14,14,7,TRUE,7
1604,spatial_events,missing_predictor_group,13,13,6,TRUE,7
45349,spatial_events,missing_predictor_group,14,14,6,TRUE,8
294,spatial_events,missing_predictor_group,14,14,6,TRUE,8
21917,spatial_events,estimated,13,13,7,TRUE,6
24042,spatial_events,missing_predictor_group,13,13,6,TRUE,7
48984,spatial_events,estimated,14,14,8,TRUE,6
672,spatial_events,missing_predictor_group,13,13,6,TRUE,7
15732,spatial_events,missing_predictor_group,12,12,6,TRUE,6
45713,spatial_events,missing_predictor_group,14,14,6,TRUE,8
22820,spatial_events,missing_predictor_group,13,13,6,TRUE,7
1390,spatial_events,missing_predictor_group,13,13,6,TRUE,7
2671,spatial_events,missing_predictor_group,14,14,6,TRUE,8
16075,spatial_events,missing_predictor_group,14,14,6,TRUE,8
4367,spatial_events,missing_predictor_group,14,14,6,TRUE,8
19820,spatial_events,missing_predictor_group,13,13,6,TRUE,7
22894,spatial_events,missing_predictor_group,14,14,6,TRUE,8
2645,spatial_events,estimated,13,13,7,TRUE,6
22890,spatial_events,estimated,14,14,8,TRUE,6
253,spatial_events,missing_predictor_group,14,14,6,TRUE,8
2647,spatial_events,missing_predictor_group,13,13,6,TRUE,7
13097,spatial_events,missing_predictor_group,14,14,6,TRUE,8
15789,spatial_events,missing_predictor_group,14,14,6,TRUE,8
221,spatial_events,missing_predictor_group,14,14,6,TRUE,8
15132,spatial_events,estimated,14,14,7,TRUE,7
15331,spatial_events,estimated,14,14,7,TRUE,7
1814,spatial_events,missing_predictor_group,14,14,6,TRUE,8
22936,spatial_events,missing_predictor_group,13,13,6,TRUE,7
3041,spatial_events,missing_predictor_group,14,14,6,TRUE,8
24057,spatial_events,rank_deficient,14,14,8,FALSE,6
1630,spatial_events,missing_predictor_group,14,14,6,TRUE,8
2622,spatial_events,missing_predictor_group,13,13,6,TRUE,7
40875,spatial_events,missing_predictor_group,14,14,6,TRUE,8
2888,spatial_events,missing_predictor_group,14,14,6,TRUE,8
17400,spatial_events,missing_predictor_group,14,14,6,TRUE,8
24190,spatial_events,missing_predictor_group,14,14,6,TRUE,8
20034,spatial_events,missing_predictor_group,14,14,6,TRUE,8
1030,spatial_events,missing_predictor_group,14,14,6,TRUE,8
1961,spatial_events,missing_predictor_group,14,14,6,TRUE,8
41025,spatial_events,missing_predictor_group,13,13,6,TRUE,7
2644,spatial_events,missing_predictor_group,14,14,6,TRUE,8
1897,spatial_events,estimated,14,14,7,TRUE,7
2378,spatial_events,missing_predictor_group,14,14,6,TRUE,8
1650,spatial_events,missing_predictor_group,14,14,6,TRUE,8
15309,spatial_events,missing_predictor_group,14,14,6,TRUE,8
355,spatial_events,missing_predictor_group,14,14,6,TRUE,8
2351,spatial_events,missing_predictor_group,14,14,6,TRUE,8
46457,spatial_events,missing_predictor_group,14,14,6,TRUE,8
1656,spatial_events,missing_predictor_group,13,13,6,TRUE,7
3031,spatial_events,missing_predictor_group,14,14,6,TRUE,8
41222,spatial_events,missing_predictor_group,14,14,6,TRUE,8
23008,spatial_events,rank_deficient,13,13,7,FALSE,6
20306,spatial_events,missing_predictor_group,14,14,6,TRUE,8
543,spatial_events,missing_predictor_group,14,14,6,TRUE,8
4147,spatial_events,missing_predictor_group,14,14,6,TRUE,8
17406,spatial_events,missing_predictor_group,14,14,6,TRUE,8
48935,spatial_events,estimated_residual_temporal_dependence,13,13,7,TRUE,6
40861,spatial_events,missing_predictor_group,14,14,6,TRUE,8
39474,spatial_events,missing_predictor_group,13,13,6,TRUE,7
48361,spatial_events,missing_predictor_group,13,13,6,TRUE,7
25,spatial_events,missing_predictor_group,14,14,6,TRUE,8
1107,spatial_events,missing_predictor_group,14,14,6,TRUE,8
14289,spatial_events,missing_predictor_group,13,13,6,TRUE,7
25767,spatial_events,missing_predictor_group,14,14,6,TRUE,8
22678,spatial_events,missing_predictor_group,14,14,6,TRUE,8
48656,spatial_events,estimated,13,13,7,TRUE,6
15350,spatial_events,missing_predictor_group,10,10,6,TRUE,4
16231,spatial_events,missing_predictor_group,14,14,6,TRUE,8
2590,spatial_events,missing_predictor_group,13,13,6,TRUE,7
17381,spatial_events,missing_predictor_group,14,14,6,TRUE,8
2599,spatial_events,missing_predictor_group,14,14,6,TRUE,8
4397,spatial_events,missing_predictor_group,14,14,6,TRUE,8
14921,spatial_events,missing_predictor_group,14,14,6,TRUE,8
15292,spatial_events,missing_predictor_group,14,14,6,TRUE,8
15306,spatial_events,estimated,14,14,7,TRUE,7
2054,spatial_events,insufficient_unique_ages,2,2,NA,NA,NA
3500,spatial_events,missing_predictor_group,14,14,6,TRUE,8
4330,spatial_events,missing_predictor_group,14,14,6,TRUE,8
2476,spatial_events,missing_predictor_group,14,14,6,TRUE,8
21700,spatial_events,estimated,14,14,7,TRUE,7
2382,spatial_events,missing_predictor_group,14,14,6,TRUE,8
24593,spatial_events,missing_predictor_group,13,13,6,TRUE,7
2343,spatial_events,missing_predictor_group,14,14,6,TRUE,8
4501,spatial_events,missing_predictor_group,14,14,6,TRUE,8
41756,spatial_events,missing_predictor_group,13,13,6,TRUE,7
22689,spatial_events,missing_predictor_group,14,14,6,TRUE,8
20883,spatial_events,missing_predictor_group,12,12,6,TRUE,6
15136,spatial_events,missing_predictor_group,13,13,6,TRUE,7
20616,spatial_events,missing_predictor_group,14,14,6,TRUE,8
3926,spatial_events,missing_predictor_group,14,14,6,TRUE,8
45379,spatial_events,missing_predictor_group,13,13,6,TRUE,7
21770,spatial_events,missing_predictor_group,14,14,6,TRUE,8
25773,spatial_events,missing_predictor_group,14,14,6,TRUE,8
4256,spatial_events,missing_predictor_group,14,14,6,TRUE,8
1782,spatial_events,missing_predictor_group,14,14,6,TRUE,8
2620,spatial_events,missing_predictor_group,14,14,6,TRUE,8
4024,spatial_events,rank_deficient,14,14,7,FALSE,7
489,spatial_events,missing_predictor_group,14,14,6,TRUE,8
24256,spatial_events,estimated,14,14,8,TRUE,6
1716,spatial_events,missing_predictor_group,14,14,6,TRUE,8
26431,spatial_events,missing_predictor_group,14,14,6,TRUE,8
17296,spatial_events,missing_predictor_group,13,13,6,TRUE,7
19266,spatial_events,missing_predictor_group,13,13,6,TRUE,7
15872,spatial_events,missing_predictor_group,13,13,6,TRUE,7
537,spatial_events,missing_predictor_group,14,14,6,TRUE,8
47011,spatial_events,estimated,14,14,7,TRUE,7
14951,spatial_events,missing_predictor_group,14,14,6,TRUE,8
17873,spatial_events,missing_predictor_group,13,13,6,TRUE,7
15420,spatial_events,missing_predictor_group,14,14,6,TRUE,8
3138,spatial_events,missing_predictor_group,14,14,6,TRUE,8
1691,spatial_events,missing_predictor_group,14,14,6,TRUE,8
22660,spatial_events,estimated,14,14,7,TRUE,7
4148,spatial_events,missing_predictor_group,14,14,6,TRUE,8
206,spatial_events,missing_predictor_group,14,14,6,TRUE,8
1105,spatial_events,missing_predictor_group,14,14,6,TRUE,8
1524,spatial_events,missing_predictor_group,14,14,6,TRUE,8
2652,spatial_events,missing_predictor_group,14,14,6,TRUE,8
47590,spatial_events,insufficient_residual_df,13,13,10,TRUE,3
48072,spatial_events,estimated,13,13,8,TRUE,5
20872,spatial_events,missing_predictor_group,14,14,6,TRUE,8
209,spatial_events,missing_predictor_group,14,14,6,TRUE,8
2065,spatial_events,missing_predictor_group,13,13,6,TRUE,7
25318,spatial_events,missing_predictor_group,14,14,6,TRUE,8
4485,spatial_events,rank_deficient,13,13,8,FALSE,5
969,spatial_events,missing_predictor_group,11,11,6,TRUE,5
1674,spatial_events,missing_predictor_group,13,13,6,TRUE,7
20372,spatial_events,missing_predictor_group,14,14,6,TRUE,8
41543,spatial_events,rank_deficient,14,14,8,FALSE,6
41469,spatial_events,missing_predictor_group,14,14,6,TRUE,8
1773,spatial_events,missing_predictor_group,14,14,6,TRUE,8
254,spatial_events,missing_predictor_group,14,14,6,TRUE,8
1693,spatial_events,missing_predictor_group,14,14,6,TRUE,8
45188,spatial_events,missing_predictor_group,13,13,6,TRUE,7
1981,spatial_events,missing_predictor_group,14,14,6,TRUE,8
4279,spatial_events,missing_predictor_group,12,12,6,TRUE,6
22759,spatial_events,missing_predictor_group,14,14,6,TRUE,8
2882,spatial_events,missing_predictor_group,14,14,6,TRUE,8
1577,spatial_events,missing_predictor_group,14,14,6,TRUE,8
20515,spatial_events,missing_predictor_group,14,14,6,TRUE,8
2265,spatial_events,estimated,14,14,7,TRUE,7
2925,spatial_events,missing_predictor_group,13,13,6,TRUE,7
17334,spatial_events,missing_predictor_group,14,14,6,TRUE,8
47005,spatial_events,missing_predictor_group,14,14,6,TRUE,8
40799,spatial_events,missing_predictor_group,13,13,6,TRUE,7
41585,spatial_events,missing_predictor_group,13,13,6,TRUE,7
15302,spatial_events,missing_predictor_group,14,14,6,TRUE,8
40854,spatial_events,missing_predictor_group,14,14,6,TRUE,8
2615,spatial_events,missing_predictor_group,13,13,6,TRUE,7
14884,spatial_events,missing_predictor_group,14,14,6,TRUE,8
856,spatial_events,missing_predictor_group,14,14,6,TRUE,8
12,spatial_events,missing_predictor_group,14,14,6,TRUE,8
1820,spatial_events,missing_predictor_group,14,14,6,TRUE,8
15929,spatial_events,missing_predictor_group,14,14,6,TRUE,8
41842,spatial_events,missing_predictor_group,14,14,6,TRUE,8
45387,spatial_events,missing_predictor_group,12,12,6,TRUE,6
15142,spatial_events,missing_predictor_group,14,14,6,TRUE,8
852,spatial_events,missing_predictor_group,14,14,6,TRUE,8
4269,spatial_events,estimated,14,14,8,TRUE,6
25370,spatial_events,missing_predictor_group,14,14,6,TRUE,8
2068,spatial_events,missing_predictor_group,14,14,6,TRUE,8
25221,spatial_events,missing_predictor_group,14,14,6,TRUE,8
41018,spatial_events,missing_predictor_group,13,13,6,TRUE,7
21774,spatial_events,missing_predictor_group,12,12,6,TRUE,6
4012,spatial_events,missing_predictor_group,14,14,6,TRUE,8
41241,spatial_events,missing_predictor_group,14,14,6,TRUE,8
41499,spatial_events,missing_predictor_group,14,14,6,TRUE,8
47564,spatial_events,missing_predictor_group,12,12,6,TRUE,6
778,spatial_events,missing_predictor_group,14,14,6,TRUE,8
4320,spatial_events,missing_predictor_group,14,14,6,TRUE,8
1843,spatial_events,insufficient_residual_df,11,11,7,TRUE,4
547,spatial_events,missing_predictor_group,14,14,6,TRUE,8
42566,spatial_events,missing_predictor_group,14,14,6,TRUE,8
21938,spatial_events,insufficient_unique_ages,9,9,NA,NA,NA
2342,spatial_events,missing_predictor_group,14,14,6,TRUE,8
3871,spatial_events,missing_predictor_group,13,13,6,TRUE,7
41228,spatial_events,rank_deficient,13,13,8,FALSE,5
46659,spatial_events,missing_predictor_group,14,14,6,TRUE,8
24441,spatial_events,missing_predictor_group,14,14,6,TRUE,8
40795,spatial_events,estimated,14,14,7,TRUE,7
21915,spatial_events,estimated,13,13,7,TRUE,6
14523,spatial_events,missing_predictor_group,13,13,6,TRUE,7
25344,spatial_events,missing_predictor_group,13,13,6,TRUE,7
41502,spatial_events,missing_predictor_group,13,13,6,TRUE,7
772,spatial_events,missing_predictor_group,14,14,6,TRUE,8
46645,spatial_events,missing_predictor_group,13,13,6,TRUE,7
3452,spatial_events,estimated,13,13,7,TRUE,6
3910,spatial_events,rank_deficient,13,13,8,FALSE,5
48735,spatial_events,estimated,14,14,7,TRUE,7
48614,spatial_events,estimated,14,14,7,TRUE,7
22352,spatial_events,missing_predictor_group,13,13,6,TRUE,7
15876,spatial_events,missing_predictor_group,12,12,6,TRUE,6
45710,spatial_events,missing_predictor_group,12,12,6,TRUE,6
17945,spatial_events,missing_predictor_group,14,14,6,TRUE,8
3875,spatial_events,insufficient_unique_ages,4,4,NA,NA,NA
15719,spatial_events,missing_predictor_group,14,14,6,TRUE,8
2955,spatial_events,missing_predictor_group,14,14,6,TRUE,8
22910,spatial_events,insufficient_residual_df,12,12,8,TRUE,4
16061,spatial_events,missing_predictor_group,14,14,6,TRUE,8
549,spatial_events,missing_predictor_group,12,12,6,TRUE,6
45719,spatial_events,missing_predictor_group,13,13,6,TRUE,7
2610,spatial_events,missing_predictor_group,14,14,6,TRUE,8
20838,spatial_events,missing_predictor_group,12,12,6,TRUE,6
24390,spatial_events,rank_deficient,14,14,7,FALSE,7
21319,spatial_events,missing_predictor_group,14,14,6,TRUE,8
15740,spatial_events,missing_predictor_group,14,14,6,TRUE,8
16275,spatial_events,missing_predictor_group,14,14,6,TRUE,8
2303,spatial_events,missing_predictor_group,14,14,6,TRUE,8
1574,spatial_events,missing_predictor_group,14,14,6,TRUE,8
2962,spatial_events,missing_predictor_group,13,13,6,TRUE,7
1780,spatial_events,missing_predictor_group,14,14,6,TRUE,8
22797,spatial_events,rank_deficient,14,14,7,FALSE,7
2318,spatial_events,estimated,14,14,7,TRUE,7
20,spatial_events,missing_predictor_group,13,13,6,TRUE,7
26518,spatial_events,missing_predictor_group,14,14,6,TRUE,8
2919,spatial_events,missing_predictor_group,13,13,6,TRUE,7
20758,spatial_events,missing_predictor_group,14,14,6,TRUE,8
24097,spatial_events,estimated,14,14,9,TRUE,5
501,spatial_events,missing_predictor_group,14,14,6,TRUE,8
1848,spatial_events,missing_predictor_group,14,14,6,TRUE,8
45385,spatial_events,missing_predictor_group,13,13,6,TRUE,7
2908,spatial_events,missing_predictor_group,13,13,6,TRUE,7
22683,spatial_events,missing_predictor_group,14,14,6,TRUE,8
17711,spatial_events,missing_predictor_group,13,13,6,TRUE,7
2023,spatial_events,missing_predictor_group,14,14,6,TRUE,8
336,spatial_events,missing_predictor_group,14,14,6,TRUE,8
14525,spatial_events,missing_predictor_group,14,14,6,TRUE,8
1667,spatial_events,missing_predictor_group,14,14,6,TRUE,8
41491,spatial_events,missing_predictor_group,14,14,6,TRUE,8
48621,spatial_events,missing_predictor_group,13,13,6,TRUE,7
48889,spatial_events,missing_predictor_group,14,14,6,TRUE,8
45400,spatial_events,estimated,14,14,8,TRUE,6
805,spatial_events,missing_predictor_group,14,14,6,TRUE,8
22992,spatial_events,estimated,13,13,8,TRUE,5
15768,spatial_events,missing_predictor_group,13,13,6,TRUE,7
41911,spatial_events,missing_predictor_group,14,14,6,TRUE,8
22316,spatial_events,missing_predictor_group,13,13,6,TRUE,7
219,spatial_events,missing_predictor_group,14,14,6,TRUE,8
4364,spatial_events,missing_predictor_group,14,14,6,TRUE,8
21606,spatial_events,missing_predictor_group,13,13,6,TRUE,7
2586,spatial_events,missing_predictor_group,14,14,6,TRUE,8
1438,spatial_events,missing_predictor_group,14,14,6,TRUE,8
41614,spatial_events,missing_predictor_group,13,13,6,TRUE,7
15138,spatial_events,missing_predictor_group,14,14,6,TRUE,8
24250,spatial_events,estimated,14,14,8,TRUE,6
24414,spatial_events,missing_predictor_group,14,14,6,TRUE,8
3493,spatial_events,missing_predictor_group,14,14,6,TRUE,8
15855,spatial_events,missing_predictor_group,14,14,6,TRUE,8
974,spatial_events,missing_predictor_group,13,13,6,TRUE,7
16054,spatial_events,missing_predictor_group,14,14,6,TRUE,8
45117,spatial_events,missing_predictor_group,14,14,6,TRUE,8
679,spatial_events,missing_predictor_group,13,13,6,TRUE,7
15778,spatial_events,missing_predictor_group,13,13,6,TRUE,7
47537,spatial_events,insufficient_residual_df,13,13,9,TRUE,4
15214,spatial_events,missing_predictor_group,14,14,6,TRUE,8
790,spatial_events,missing_predictor_group,14,14,6,TRUE,8
2663,spatial_events,estimated,13,13,7,TRUE,6
1013,spatial_events,missing_predictor_group,14,14,6,TRUE,8
16175,spatial_events,missing_predictor_group,14,14,6,TRUE,8
16238,spatial_events,missing_predictor_group,13,13,6,TRUE,7
40797,spatial_events,missing_predictor_group,14,14,6,TRUE,8
16103,spatial_events,missing_predictor_group,14,14,6,TRUE,8
40452,spatial_events,estimated,14,14,7,TRUE,7
1569,spatial_events,missing_predictor_group,14,14,6,TRUE,8
15,spatial_events,missing_predictor_group,14,14,6,TRUE,8
14549,spatial_events,missing_predictor_group,14,14,6,TRUE,8
843,spatial_events,missing_predictor_group,14,14,6,TRUE,8
41748,spatial_events,missing_predictor_group,13,13,6,TRUE,7
1434,spatial_events,missing_predictor_group,13,13,6,TRUE,7
808,spatial_events,missing_predictor_group,14,14,6,TRUE,8
41252,spatial_events,missing_predictor_group,13,13,6,TRUE,7
40666,spatial_events,missing_predictor_group,14,14,6,TRUE,8
2335,spatial_events,missing_predictor_group,13,13,6,TRUE,7
4385,spatial_events,missing_predictor_group,13,13,6,TRUE,7
4133,spatial_events,missing_predictor_group,14,14,6,TRUE,8
25763,spatial_events,missing_predictor_group,14,14,6,TRUE,8
20285,spatial_events,missing_predictor_group,14,14,6,TRUE,8
17354,spatial_events,missing_predictor_group,14,14,6,TRUE,8
2594,spatial_events,missing_predictor_group,14,14,6,TRUE,8
4150,spatial_events,rank_deficient,14,14,8,FALSE,6
4011,spatial_events,insufficient_residual_df,12,12,8,TRUE,4
720,spatial_events,missing_predictor_group,14,14,6,TRUE,8
2959,spatial_events,missing_predictor_group,14,14,6,TRUE,8
20649,spatial_events,missing_predictor_group,14,14,6,TRUE,8
41001,spatial_events,missing_predictor_group,14,14,6,TRUE,8
45704,spatial_events,missing_predictor_group,13,13,6,TRUE,7
1854,spatial_events,missing_predictor_group,14,14,6,TRUE,8
1157,spatial_events,missing_predictor_group,14,14,6,TRUE,8
4360,spatial_events,missing_predictor_group,14,14,6,TRUE,8
45639,spatial_events,missing_predictor_group,13,13,6,TRUE,7
45389,spatial_events,missing_predictor_group,14,14,6,TRUE,8
22950,spatial_events,estimated,14,14,7,TRUE,7
539,spatial_events,missing_predictor_group,14,14,6,TRUE,8
26520,spatial_events,estimated,14,14,8,TRUE,6
773,spatial_events,missing_predictor_group,13,13,6,TRUE,7
4524,spatial_events,estimated,14,14,9,TRUE,5
15296,spatial_events,missing_predictor_group,11,11,6,TRUE,5
16129,spatial_events,missing_predictor_group,13,13,6,TRUE,7
17377,spatial_events,missing_predictor_group,14,14,6,TRUE,8
4466,spatial_events,missing_predictor_group,14,14,6,TRUE,8
22980,spatial_events,rank_deficient,14,14,9,FALSE,5
26514,spatial_events,estimated,14,14,7,TRUE,7
4314,spatial_events,missing_predictor_group,12,12,6,TRUE,6
872,spatial_events,missing_predictor_group,14,14,6,TRUE,8
723,spatial_events,missing_predictor_group,14,14,6,TRUE,8
48950,spatial_events,estimated,14,14,8,TRUE,6
48818,spatial_events,missing_predictor_group,14,14,6,TRUE,8
45105,spatial_events,missing_predictor_group,14,14,6,TRUE,8
48363,spatial_events,missing_predictor_group,13,13,6,TRUE,7
17363,spatial_events,missing_predictor_group,13,13,6,TRUE,7
3058,spatial_events,missing_predictor_group,14,14,6,TRUE,8
22847,spatial_events,missing_predictor_group,14,14,6,TRUE,8
991,spatial_events,rank_deficient,14,14,7,FALSE,7
45707,spatial_events,missing_predictor_group,11,11,6,TRUE,5
41764,spatial_events,missing_predictor_group,14,14,6,TRUE,8
24317,spatial_events,missing_predictor_group,13,13,6,TRUE,7
2899,spatial_events,missing_predictor_group,13,13,6,TRUE,7
20397,spatial_events,missing_predictor_group,14,14,6,TRUE,8
1824,spatial_events,missing_predictor_group,13,13,6,TRUE,7
48685,spatial_events,insufficient_unique_ages,3,3,NA,NA,NA
25786,spatial_events,missing_predictor_group,14,14,6,TRUE,8
525,spatial_events,missing_predictor_group,14,14,6,TRUE,8
16269,spatial_events,missing_predictor_group,13,13,6,TRUE,7
22723,spatial_events,missing_predictor_group,14,14,6,TRUE,8
4200,spatial_events,estimated,14,14,7,TRUE,7
46477,spatial_events,missing_predictor_group,14,14,6,TRUE,8
1758,spatial_events,missing_predictor_group,14,14,6,TRUE,8
374,spatial_events,insufficient_residual_df,11,11,9,TRUE,2
999,spatial_events,missing_predictor_group,14,14,6,TRUE,8
1435,spatial_events,missing_predictor_group,14,14,6,TRUE,8
853,spatial_events,missing_predictor_group,14,14,6,TRUE,8
4369,spatial_events,missing_predictor_group,14,14,6,TRUE,8
332,spatial_events,missing_predictor_group,14,14,6,TRUE,8
45636,spatial_events,missing_predictor_group,13,13,6,TRUE,7
22969,spatial_events,missing_predictor_group,14,14,6,TRUE,8
22971,spatial_events,missing_predictor_group,14,14,6,TRUE,8
3488,spatial_events,estimated,14,14,7,TRUE,7
1768,spatial_events,missing_predictor_group,13,13,6,TRUE,7
45324,spatial_events,rank_deficient,14,14,8,FALSE,6
46680,spatial_events,missing_predictor_group,14,14,6,TRUE,8
2954,spatial_events,missing_predictor_group,13,13,6,TRUE,7
531,spatial_events,estimated,14,14,7,TRUE,7
19814,spatial_events,missing_predictor_group,14,14,6,TRUE,8
4118,spatial_events,estimated,14,14,8,TRUE,6
1966,spatial_events,missing_predictor_group,14,14,6,TRUE,8
15191,spatial_events,missing_predictor_group,14,14,6,TRUE,8
45725,spatial_events,missing_predictor_group,13,13,6,TRUE,7
19834,spatial_events,missing_predictor_group,14,14,6,TRUE,8
40793,spatial_events,missing_predictor_group,13,13,6,TRUE,7
4375,spatial_events,estimated,14,14,7,TRUE,7
15976,spatial_events,missing_predictor_group,14,14,6,TRUE,8
517,spatial_events,missing_predictor_group,14,14,6,TRUE,8
849,spatial_events,missing_predictor_group,14,14,6,TRUE,8
41310,spatial_events,missing_predictor_group,14,14,6,TRUE,8
41189,spatial_events,missing_predictor_group,14,14,6,TRUE,8
1987,spatial_events,missing_predictor_group,13,13,6,TRUE,7
22662,spatial_events,missing_predictor_group,14,14,6,TRUE,8
841,spatial_events,missing_predictor_group,14,14,6,TRUE,8
17880,spatial_events,missing_predictor_group,13,13,6,TRUE,7
24993,spatial_events,insufficient_unique_ages,8,8,NA,NA,NA
40627,spatial_events,missing_predictor_group,14,14,6,TRUE,8
15368,spatial_events,missing_predictor_group,14,14,6,TRUE,8
3972,spatial_events,estimated,13,13,7,TRUE,6
45393,spatial_events,missing_predictor_group,12,12,6,TRUE,6
42542,spatial_events,missing_predictor_group,14,14,6,TRUE,8
45312,spatial_events,missing_predictor_group,14,14,6,TRUE,8
21790,spatial_events,missing_predictor_group,14,14,6,TRUE,8
45642,spatial_events,missing_predictor_group,14,14,6,TRUE,8
40949,spatial_events,missing_predictor_group,14,14,6,TRUE,8
41634,spatial_events,missing_predictor_group,11,11,6,TRUE,5
1153,spatial_events,missing_predictor_group,14,14,6,TRUE,8
22400,spatial_events,missing_predictor_group,13,13,6,TRUE,7
22346,spatial_events,missing_predictor_group,13,13,6,TRUE,7
4410,spatial_events,missing_predictor_group,14,14,6,TRUE,8
48986,spatial_events,rank_deficient,14,14,8,FALSE,6
41612,spatial_events,missing_predictor_group,14,14,6,TRUE,8
47687,spatial_events,missing_predictor_group,13,13,6,TRUE,7
22669,spatial_events,missing_predictor_group,14,14,6,TRUE,8
4258,spatial_events,insufficient_residual_df,11,11,8,TRUE,3
16009,spatial_events,rank_deficient,14,14,7,FALSE,7
48358,spatial_events,rank_deficient,14,14,7,FALSE,7
1028,spatial_events,missing_predictor_group,14,14,6,TRUE,8
1715,spatial_events,missing_predictor_group,14,14,6,TRUE,8
258,spatial_events,missing_predictor_group,13,13,6,TRUE,7
43533,spatial_events,missing_predictor_group,14,14,6,TRUE,8
47502,spatial_events,missing_predictor_group,14,14,6,TRUE,8
2266,spatial_events,missing_predictor_group,14,14,6,TRUE,8
24055,spatial_events,missing_predictor_group,14,14,6,TRUE,8
287,spatial_events,missing_predictor_group,14,14,6,TRUE,8
329,spatial_events,missing_predictor_group,14,14,6,TRUE,8
1548,spatial_events,missing_predictor_group,14,14,6,TRUE,8
285,spatial_events,estimated,13,13,7,TRUE,6
40914,spatial_events,missing_predictor_group,14,14,6,TRUE,8
45395,spatial_events,missing_predictor_group,14,14,6,TRUE,8
46630,spatial_events,missing_predictor_group,14,14,6,TRUE,8
1694,spatial_events,missing_predictor_group,14,14,6,TRUE,8
4549,spatial_events,missing_predictor_group,14,14,6,TRUE,8
18100,spatial_events,missing_predictor_group,14,14,6,TRUE,8
15366,spatial_events,missing_predictor_group,14,14,6,TRUE,8
15203,spatial_events,missing_predictor_group,14,14,6,TRUE,8
15594,spatial_events,missing_predictor_group,14,14,6,TRUE,8
15724,spatial_events,missing_predictor_group,13,13,6,TRUE,7
14923,spatial_events,missing_predictor_group,13,13,6,TRUE,7
17404,spatial_events,missing_predictor_group,13,13,6,TRUE,7
16131,spatial_events,missing_predictor_group,12,12,6,TRUE,6
3471,spatial_events,missing_predictor_group,12,12,6,TRUE,6
1631,spatial_events,missing_predictor_group,13,13,6,TRUE,7
3130,spatial_events,missing_predictor_group,14,14,6,TRUE,8
22791,spatial_events,estimated,12,12,7,TRUE,5
4259,spatial_events,missing_predictor_group,14,14,6,TRUE,8
24863,spatial_events,missing_predictor_group,14,14,6,TRUE,8
4425,spatial_events,missing_predictor_group,14,14,6,TRUE,8
1633,spatial_events,missing_predictor_group,14,14,6,TRUE,8
15392,spatial_events,missing_predictor_group,14,14,6,TRUE,8
22344,spatial_events,estimated,14,14,8,TRUE,6
1755,spatial_events,missing_predictor_group,14,14,6,TRUE,8
45281,spatial_events,estimated,14,14,9,TRUE,5
2352,spatial_events,missing_predictor_group,14,14,6,TRUE,8
32426,spatial_events,estimated,14,14,7,TRUE,7
4393,spatial_events,estimated,14,14,8,TRUE,6
22788,spatial_events,missing_predictor_group,14,14,6,TRUE,8
4421,spatial_events,missing_predictor_group,14,14,6,TRUE,8
22960,spatial_events,missing_predictor_group,14,14,6,TRUE,8
4377,spatial_events,missing_predictor_group,14,14,6,TRUE,8
3048,spatial_events,missing_predictor_group,14,14,6,TRUE,8
857,spatial_events,missing_predictor_group,14,14,6,TRUE,8
699,spatial_events,missing_predictor_group,14,14,6,TRUE,8
1621,spatial_events,missing_predictor_group,13,13,6,TRUE,7
20833,spatial_events,missing_predictor_group,14,14,6,TRUE,8
15904,spatial_events,missing_predictor_group,13,13,6,TRUE,7
2049,spatial_events,missing_predictor_group,14,14,6,TRUE,8
324,spatial_events,estimated,14,14,7,TRUE,7
40111,spatial_events,missing_predictor_group,13,13,6,TRUE,7
2381,spatial_events,missing_predictor_group,14,14,6,TRUE,8
17385,spatial_events,missing_predictor_group,14,14,6,TRUE,8
1769,spatial_events,missing_predictor_group,12,12,6,TRUE,6
1142,spatial_events,missing_predictor_group,13,13,6,TRUE,7
796,spatial_events,missing_predictor_group,14,14,6,TRUE,8
510,spatial_events,estimated,14,14,7,TRUE,7
22942,spatial_events,rank_deficient,14,14,7,FALSE,7
16133,spatial_events,missing_predictor_group,14,14,6,TRUE,8
44896,spatial_events,missing_predictor_group,14,14,6,TRUE,8
14941,spatial_events,estimated,14,14,7,TRUE,7
16219,spatial_events,missing_predictor_group,14,14,6,TRUE,8
24952,spatial_events,rank_deficient,14,14,7,FALSE,7
41909,spatial_events,missing_predictor_group,12,12,6,TRUE,6
1762,spatial_events,missing_predictor_group,14,14,6,TRUE,8
1639,spatial_events,missing_predictor_group,14,14,6,TRUE,8
4473,spatial_events,missing_predictor_group,14,14,6,TRUE,8
15955,spatial_events,missing_predictor_group,14,14,6,TRUE,8
1661,spatial_events,estimated,12,12,7,TRUE,5
48769,spatial_events,estimated,14,14,7,TRUE,7
22407,spatial_events,missing_predictor_group,14,14,6,TRUE,8
24032,spatial_events,missing_predictor_group,14,14,6,TRUE,8
40642,spatial_events,rank_deficient,14,14,8,FALSE,6
41589,spatial_events,missing_predictor_group,14,14,6,TRUE,8
40958,spatial_events,missing_predictor_group,14,14,6,TRUE,8
2654,spatial_events,missing_predictor_group,14,14,6,TRUE,8
1160,spatial_events,missing_predictor_group,12,12,6,TRUE,6
823,spatial_events,missing_predictor_group,14,14,6,TRUE,8
342,spatial_events,missing_predictor_group,14,14,6,TRUE,8
21903,spatial_events,estimated,14,14,7,TRUE,7
1443,spatial_events,missing_predictor_group,13,13,6,TRUE,7
20029,spatial_events,missing_predictor_group,13,13,6,TRUE,7
1866,spatial_events,missing_predictor_group,14,14,6,TRUE,8
17393,spatial_events,missing_predictor_group,14,14,6,TRUE,8
22976,spatial_events,estimated,14,14,8,TRUE,6
22709,spatial_events,missing_predictor_group,14,14,6,TRUE,8
15902,spatial_events,missing_predictor_group,14,14,6,TRUE,8
20295,spatial_events,missing_predictor_group,14,14,6,TRUE,8
4192,spatial_events,estimated,14,14,9,TRUE,5
44723,spatial_events,missing_predictor_group,14,14,6,TRUE,8
316,spatial_events,missing_predictor_group,14,14,6,TRUE,8
22049,spatial_events,estimated,13,13,7,TRUE,6
318,spatial_events,missing_predictor_group,14,14,6,TRUE,8
3492,spatial_events,missing_predictor_group,14,14,6,TRUE,8
678,spatial_events,missing_predictor_group,14,14,6,TRUE,8
2637,spatial_events,missing_predictor_group,14,14,6,TRUE,8
1704,spatial_events,missing_predictor_group,14,14,6,TRUE,8
4286,spatial_events,missing_predictor_group,14,14,6,TRUE,8
20131,spatial_events,missing_predictor_group,14,14,6,TRUE,8
2286,spatial_events,missing_predictor_group,13,13,6,TRUE,7
673,spatial_events,missing_predictor_group,14,14,6,TRUE,8
3473,spatial_events,missing_predictor_group,14,14,6,TRUE,8
17396,spatial_events,missing_predictor_group,13,13,6,TRUE,7
19323,spatial_events,missing_predictor_group,13,13,6,TRUE,7
533,spatial_events,missing_predictor_group,13,13,6,TRUE,7
4213,spatial_events,estimated,14,14,9,TRUE,5
22687,spatial_events,missing_predictor_group,13,13,6,TRUE,7
41527,spatial_events,rank_deficient,13,13,7,FALSE,6
215,spatial_events,rank_deficient,11,11,8,FALSE,3
4492,spatial_events,missing_predictor_group,13,13,6,TRUE,7
45345,spatial_events,missing_predictor_group,14,14,6,TRUE,8
16214,spatial_events,missing_predictor_group,14,14,6,TRUE,8
21314,spatial_events,missing_predictor_group,14,14,6,TRUE,8
516,spatial_events,missing_predictor_group,13,13,6,TRUE,7
14264,spatial_events,insufficient_unique_ages,9,9,NA,NA,NA
2289,spatial_events,missing_predictor_group,12,12,6,TRUE,6
40450,spatial_events,insufficient_residual_df,13,13,9,TRUE,4
40791,spatial_events,missing_predictor_group,14,14,6,TRUE,8
22757,spatial_events,missing_predictor_group,14,14,6,TRUE,8
1817,spatial_events,missing_predictor_group,11,11,6,TRUE,5
46672,spatial_events,missing_predictor_group,13,13,6,TRUE,7
45701,spatial_events,missing_predictor_group,14,14,6,TRUE,8
2377,spatial_events,missing_predictor_group,14,14,6,TRUE,8
2028,spatial_events,missing_predictor_group,11,11,6,TRUE,5
275,spatial_events,missing_predictor_group,13,13,6,TRUE,7
18104,spatial_events,estimated,14,14,7,TRUE,7
3042,spatial_events,missing_predictor_group,14,14,6,TRUE,8
17292,spatial_events,missing_predictor_group,13,13,6,TRUE,7
22101,spatial_events,estimated,13,13,7,TRUE,6
4479,spatial_events,estimated,14,14,7,TRUE,7
4017,spatial_events,missing_predictor_group,14,14,6,TRUE,8
2879,spatial_events,missing_predictor_group,14,14,6,TRUE,8
20281,spatial_events,missing_predictor_group,13,13,6,TRUE,7
19937,spatial_events,missing_predictor_group,14,14,6,TRUE,8
3582,spatial_events,missing_predictor_group,14,14,6,TRUE,8
48616,spatial_events,missing_predictor_group,12,12,6,TRUE,6
41305,spatial_events,missing_predictor_group,13,13,6,TRUE,7
40976,spatial_events,missing_predictor_group,14,14,6,TRUE,8
19913,spatial_events,missing_predictor_group,13,13,6,TRUE,7
20678,spatial_events,missing_predictor_group,14,14,6,TRUE,8
15333,spatial_events,missing_predictor_group,14,14,6,TRUE,8
497,spatial_events,missing_predictor_group,13,13,6,TRUE,7
2611,spatial_events,missing_predictor_group,14,14,6,TRUE,8
1965,spatial_events,missing_predictor_group,14,14,6,TRUE,8
1703,spatial_events,missing_predictor_group,13,13,6,TRUE,7
2011,spatial_events,missing_predictor_group,14,14,6,TRUE,8
40988,spatial_events,missing_predictor_group,14,14,6,TRUE,8
14110,spatial_events,missing_predictor_group,12,12,6,TRUE,6
2576,spatial_events,missing_predictor_group,12,12,6,TRUE,6
41485,spatial_events,missing_predictor_group,14,14,6,TRUE,8
15866,spatial_events,missing_predictor_group,14,14,6,TRUE,8
48633,spatial_events,missing_predictor_group,11,11,6,TRUE,5
41762,spatial_events,missing_predictor_group,13,13,6,TRUE,7
22786,spatial_events,missing_predictor_group,14,14,6,TRUE,8
48649,spatial_events,missing_predictor_group,14,14,4,TRUE,10
14498,spatial_events,missing_predictor_group,14,14,6,TRUE,8
24089,spatial_events,missing_predictor_group,14,14,6,TRUE,8
1906,spatial_events,insufficient_unique_ages,3,3,NA,NA,NA
688,spatial_events,missing_predictor_group,12,12,6,TRUE,6
20304,spatial_events,missing_predictor_group,14,14,6,TRUE,8
45698,spatial_events,missing_predictor_group,14,14,6,TRUE,8
1654,spatial_events,missing_predictor_group,14,14,6,TRUE,8
21708,spatial_events,estimated,14,14,7,TRUE,7
1902,spatial_events,missing_predictor_group,14,14,6,TRUE,8
24996,spatial_events,missing_predictor_group,14,14,6,TRUE,8
821,spatial_events,missing_predictor_group,14,14,6,TRUE,8
22047,spatial_events,estimated,14,14,7,TRUE,7
20050,spatial_events,missing_predictor_group,14,14,6,TRUE,8
45351,spatial_events,missing_predictor_group,14,14,6,TRUE,8
2050,spatial_events,missing_predictor_group,14,14,6,TRUE,8
22805,spatial_events,missing_predictor_group,13,13,6,TRUE,7
1890,spatial_events,missing_predictor_group,14,14,6,TRUE,8
2588,spatial_events,missing_predictor_group,14,14,6,TRUE,8
239,spatial_events,missing_predictor_group,13,13,6,TRUE,7
14803,spatial_events,missing_predictor_group,14,14,6,TRUE,8
15413,spatial_events,missing_predictor_group,14,14,6,TRUE,8
4555,spatial_events,estimated,14,14,8,TRUE,6
48982,spatial_events,rank_deficient,14,14,7,FALSE,7
343,spatial_events,missing_predictor_group,14,14,6,TRUE,8
2025,spatial_events,missing_predictor_group,14,14,6,TRUE,8
24048,spatial_events,estimated,14,14,7,TRUE,7
1003,spatial_events,missing_predictor_group,14,14,6,TRUE,8
3563,spatial_events,missing_predictor_group,14,14,6,TRUE,8
46292,spatial_events,missing_predictor_group,14,14,6,TRUE,8
834,spatial_events,missing_predictor_group,13,13,6,TRUE,7
835,spatial_events,missing_predictor_group,13,13,6,TRUE,7
20279,spatial_events,missing_predictor_group,14,14,6,TRUE,8
4415,spatial_events,missing_predictor_group,14,14,6,TRUE,8
20012,spatial_events,missing_predictor_group,14,14,6,TRUE,8
24080,spatial_events,estimated,14,14,7,TRUE,7
279,spatial_events,missing_predictor_group,14,14,6,TRUE,8
2004,spatial_events,missing_predictor_group,14,14,6,TRUE,8
15101,spatial_events,missing_predictor_group,14,14,6,TRUE,8
3774,spatial_events,missing_predictor_group,14,14,6,TRUE,8
1771,spatial_events,estimated,14,14,7,TRUE,7
15967,spatial_events,missing_predictor_group,14,14,6,TRUE,8
1607,spatial_events,missing_predictor_group,14,14,6,TRUE,8
17336,spatial_events,missing_predictor_group,14,14,6,TRUE,8
987,spatial_events,missing_predictor_group,14,14,6,TRUE,8
15646,spatial_events,missing_predictor_group,14,14,6,TRUE,8
15061,spatial_events,estimated,14,14,7,TRUE,7
20609,spatial_events,missing_predictor_group,14,14,6,TRUE,8
40448,spatial_events,rank_deficient,14,14,7,FALSE,7
3046,spatial_events,missing_predictor_group,14,14,6,TRUE,8
1610,spatial_events,missing_predictor_group,13,13,6,TRUE,7
331,spatial_events,missing_predictor_group,14,14,6,TRUE,8
3074,spatial_events,missing_predictor_group,14,14,6,TRUE,8
1711,spatial_events,missing_predictor_group,14,14,6,TRUE,8
48931,spatial_events,rank_deficient,14,14,7,FALSE,7
3935,spatial_events,missing_predictor_group,14,14,6,TRUE,8
15032,spatial_events,missing_predictor_group,14,14,6,TRUE,8
4445,spatial_events,rank_deficient,12,12,8,FALSE,4
15417,spatial_events,missing_predictor_group,12,12,6,TRUE,6
4391,spatial_events,missing_predictor_group,14,14,6,TRUE,8
24867,spatial_events,estimated,14,14,9,TRUE,5
3484,spatial_events,missing_predictor_group,14,14,6,TRUE,8
317,spatial_events,missing_predictor_group,14,14,6,TRUE,8
21926,spatial_events,estimated,14,14,7,TRUE,7
42563,spatial_events,missing_predictor_group,14,14,6,TRUE,8
777,spatial_events,missing_predictor_group,14,14,6,TRUE,8
40566,spatial_events,missing_predictor_group,13,13,6,TRUE,7
15403,spatial_events,missing_predictor_group,14,14,6,TRUE,8
20194,spatial_events,missing_predictor_group,14,14,6,TRUE,8
4372,spatial_events,missing_predictor_group,14,14,6,TRUE,8
4382,spatial_events,missing_predictor_group,14,14,6,TRUE,8
16193,spatial_events,estimated,14,14,7,TRUE,7
42720,spatial_events,estimated,14,14,9,TRUE,5
811,spatial_events,missing_predictor_group,14,14,6,TRUE,8
22828,spatial_events,missing_predictor_group,14,14,6,TRUE,8
1657,spatial_events,missing_predictor_group,14,14,6,TRUE,8
48697,spatial_events,insufficient_unique_ages,9,9,NA,NA,NA
1520,spatial_events,missing_predictor_group,13,13,6,TRUE,7
1663,spatial_events,missing_predictor_group,13,13,6,TRUE,7
14512,spatial_events,missing_predictor_group,14,14,6,TRUE,8
356,spatial_events,missing_predictor_group,13,13,6,TRUE,7
519,spatial_events,missing_predictor_group,14,14,6,TRUE,8
15715,spatial_events,missing_predictor_group,13,13,6,TRUE,7
3047,spatial_events,missing_predictor_group,14,14,6,TRUE,8
20018,spatial_events,missing_predictor_group,14,14,6,TRUE,8
281,spatial_events,estimated,14,14,7,TRUE,7
21603,spatial_events,missing_predictor_group,14,14,6,TRUE,8
48917,spatial_events,missing_predictor_group,14,14,6,TRUE,8
304,spatial_events,missing_predictor_group,14,14,6,TRUE,8
15035,spatial_events,missing_predictor_group,14,14,6,TRUE,8
1849,spatial_events,missing_predictor_group,14,14,6,TRUE,8
16212,spatial_events,missing_predictor_group,14,14,6,TRUE,8
1705,spatial_events,missing_predictor_group,13,13,6,TRUE,7
492,spatial_events,missing_predictor_group,14,14,6,TRUE,8
4203,spatial_events,missing_predictor_group,14,14,6,TRUE,8
42722,spatial_events,missing_predictor_group,12,12,6,TRUE,6
550,spatial_events,missing_predictor_group,14,14,6,TRUE,8
3830,spatial_events,estimated,14,14,7,TRUE,7
17359,spatial_events,missing_predictor_group,14,14,6,TRUE,8
40579,spatial_events,missing_predictor_group,14,14,6,TRUE,8
41183,spatial_events,missing_predictor_group,14,14,6,TRUE,8
15189,spatial_events,missing_predictor_group,14,14,6,TRUE,8
534,spatial_events,missing_predictor_group,14,14,6,TRUE,8
4362,spatial_events,missing_predictor_group,13,13,6,TRUE,7
41580,spatial_events,missing_predictor_group,14,14,6,TRUE,8
41770,spatial_events,missing_predictor_group,14,14,6,TRUE,8
45101,spatial_events,estimated,14,14,9,TRUE,5
4288,spatial_events,estimated,14,14,7,TRUE,7
22814,spatial_events,missing_predictor_group,14,14,6,TRUE,8
2951,spatial_events,missing_predictor_group,14,14,6,TRUE,8
4403,spatial_events,rank_deficient,14,14,8,FALSE,6
1006,spatial_events,missing_predictor_group,14,14,6,TRUE,8
871,spatial_events,missing_predictor_group,14,14,6,TRUE,8
17371,spatial_events,missing_predictor_group,13,13,6,TRUE,7
21768,spatial_events,insufficient_unique_ages,6,6,NA,NA,NA
1448,spatial_events,missing_predictor_group,14,14,6,TRUE,8
24155,spatial_events,missing_predictor_group,12,12,6,TRUE,6
40454,spatial_events,estimated,14,14,9,TRUE,5
22817,spatial_events,estimated,14,14,8,TRUE,6
25232,spatial_events,missing_predictor_group,14,14,6,TRUE,8
43525,spatial_events,missing_predictor_group,14,14,6,TRUE,8
20046,spatial_events,missing_predictor_group,14,14,6,TRUE,8
4209,spatial_events,missing_predictor_group,13,13,6,TRUE,7
1622,spatial_events,missing_predictor_group,14,14,6,TRUE,8
4467,spatial_events,rank_deficient,14,14,8,FALSE,6
15793,spatial_events,missing_predictor_group,14,14,6,TRUE,8
15680,spatial_events,missing_predictor_group,14,14,6,TRUE,8
3928,spatial_events,estimated,14,14,7,TRUE,7
4531,spatial_events,missing_predictor_group,14,14,6,TRUE,8
2314,spatial_events,missing_predictor_group,14,14,6,TRUE,8
339,spatial_events,missing_predictor_group,14,14,6,TRUE,8
1807,spatial_events,missing_predictor_group,14,14,6,TRUE,8
514,spatial_events,missing_predictor_group,13,13,6,TRUE,7
3125,spatial_events,missing_predictor_group,13,13,6,TRUE,7
20922,spatial_events,missing_predictor_group,14,14,6,TRUE,8
41606,spatial_events,missing_predictor_group,12,12,6,TRUE,6
352,spatial_events,missing_predictor_group,14,14,6,TRUE,8
17304,spatial_events,missing_predictor_group,14,14,6,TRUE,8
22732,spatial_events,missing_predictor_group,14,14,6,TRUE,8
2609,spatial_events,missing_predictor_group,14,14,6,TRUE,8
48798,spatial_events,estimated,13,13,8,TRUE,5
21978,spatial_events,estimated,14,14,7,TRUE,7
22793,spatial_events,estimated,14,14,7,TRUE,7
15766,spatial_events,estimated,14,14,7,TRUE,7
46481,spatial_events,missing_predictor_group,14,14,6,TRUE,8
17713,spatial_events,missing_predictor_group,14,14,6,TRUE,8
20651,spatial_events,missing_predictor_group,14,14,6,TRUE,8
47520,spatial_events,estimated,14,14,7,TRUE,7
4359,spatial_events,insufficient_residual_df,12,12,10,TRUE,2
1788,spatial_events,missing_predictor_group,14,14,6,TRUE,8
45648,spatial_events,missing_predictor_group,11,11,6,TRUE,5
4183,spatial_events,estimated,14,14,7,TRUE,7
13055,spatial_events,missing_predictor_group,14,14,6,TRUE,8
816,spatial_events,missing_predictor_group,14,14,6,TRUE,8
3056,spatial_events,missing_predictor_group,14,14,6,TRUE,8
40803,spatial_events,missing_predictor_group,14,14,6,TRUE,8
22652,spatial_events,missing_predictor_group,13,13,6,TRUE,7
24956,spatial_events,missing_predictor_group,11,11,6,TRUE,5
16278,spatial_events,missing_predictor_group,13,13,6,TRUE,7
1632,spatial_events,missing_predictor_group,13,13,6,TRUE,7
1904,spatial_events,missing_predictor_group,13,13,6,TRUE,7
48948,spatial_events,missing_predictor_group,14,14,6,TRUE,8
3977,spatial_events,missing_predictor_group,14,14,6,TRUE,8
25837,spatial_events,missing_predictor_group,14,14,6,TRUE,8
2961,spatial_events,missing_predictor_group,14,14,6,TRUE,8
4145,spatial_events,missing_predictor_group,14,14,6,TRUE,8
1152,spatial_events,missing_predictor_group,13,13,6,TRUE,7
3468,spatial_events,estimated,14,14,7,TRUE,7
15586,spatial_events,missing_predictor_group,14,14,6,TRUE,8
22908,spatial_events,estimated,14,14,7,TRUE,7
1104,spatial_events,missing_predictor_group,13,13,6,TRUE,7
2623,spatial_events,missing_predictor_group,13,13,6,TRUE,7
1626,spatial_events,missing_predictor_group,14,14,6,TRUE,8
24091,spatial_events,missing_predictor_group,13,13,6,TRUE,7
45381,spatial_events,missing_predictor_group,14,14,6,TRUE,8
24303,spatial_events,missing_predictor_group,13,13,6,TRUE,7
228,spatial_events,missing_predictor_group,14,14,6,TRUE,8
32,spatial_events,missing_predictor_group,14,14,6,TRUE,8
1002,spatial_events,missing_predictor_group,14,14,6,TRUE,8
2953,spatial_events,missing_predictor_group,14,14,6,TRUE,8
1648,spatial_events,missing_predictor_group,14,14,6,TRUE,8
15776,spatial_events,missing_predictor_group,13,13,6,TRUE,7
2593,spatial_events,missing_predictor_group,13,13,6,TRUE,7
45716,spatial_events,missing_predictor_group,14,14,6,TRUE,8
15394,spatial_events,estimated,12,12,7,TRUE,5
1766,spatial_events,estimated,14,14,7,TRUE,7
22851,spatial_events,missing_predictor_group,12,12,6,TRUE,6
48925,spatial_events,estimated,13,13,7,TRUE,6
17368,spatial_events,missing_predictor_group,14,14,6,TRUE,8
4120,spatial_events,rank_deficient,14,14,7,FALSE,7
18123,spatial_events,missing_predictor_group,12,12,6,TRUE,6
43295,spatial_events,estimated,14,14,7,TRUE,7
15259,spatial_events,missing_predictor_group,14,14,6,TRUE,8
15682,spatial_events,estimated,13,13,7,TRUE,6
24461,spatial_events,missing_predictor_group,12,12,6,TRUE,6
19995,spatial_events,missing_predictor_group,14,14,6,TRUE,8
48782,spatial_events,estimated,14,14,7,TRUE,7
1970,spatial_events,missing_predictor_group,13,13,6,TRUE,7
41835,spatial_events,missing_predictor_group,14,14,6,TRUE,8
2328,spatial_events,missing_predictor_group,11,11,6,TRUE,5
4436,spatial_events,missing_predictor_group,13,13,6,TRUE,7
16073,spatial_events,missing_predictor_group,14,14,6,TRUE,8
16236,spatial_events,missing_predictor_group,12,12,6,TRUE,6
2880,spatial_events,missing_predictor_group,14,14,6,TRUE,8
513,spatial_events,missing_predictor_group,13,13,6,TRUE,7
48973,spatial_events,insufficient_unique_ages,9,9,NA,NA,NA
1856,spatial_events,missing_predictor_group,14,14,6,TRUE,8
40844,spatial_events,missing_predictor_group,14,14,6,TRUE,8
4308,spatial_events,missing_predictor_group,13,13,6,TRUE,7
42668,spatial_events,missing_predictor_group,14,14,6,TRUE,8
1001,spatial_events,missing_predictor_group,14,14,6,TRUE,8
369,spatial_events,estimated,14,14,7,TRUE,7
21838,spatial_events,estimated,14,14,7,TRUE,7
506,spatial_events,missing_predictor_group,14,14,6,TRUE,8
1733,spatial_events,missing_predictor_group,14,14,6,TRUE,8
19967,spatial_events,missing_predictor_group,13,13,6,TRUE,7
PVT_Dabsan_Lake,spatial_events,missing_predictor_group,14,14,5,TRUE,9
PVT_Daihai_Lake_2004,spatial_events,estimated,14,14,7,TRUE,7
PVT_Dalianhai_Lake,spatial_events,estimated,14,14,7,TRUE,7
PVT_Gonghai_Lake,spatial_events,missing_predictor_group,14,14,6,TRUE,8
PVT_Hoton_Nur_2,spatial_events,missing_predictor_group,14,14,6,TRUE,8
PVT_Manas_Lake_LM1,spatial_events,estimated,14,14,7,TRUE,7
PVT_Qidong,spatial_events,estimated,14,14,7,TRUE,7
PVT_Qinghai_Lake_QH2000,spatial_events,missing_predictor_group,12,12,5,TRUE,7
PVT_Selin_Co_CK8803,spatial_events,missing_predictor_group,14,14,6,TRUE,8
PVT_Sihailongwan_Lake,spatial_events,rank_deficient,14,14,7,FALSE,7
PVT_Sumxi_Lake,spatial_events,missing_predictor_group,14,14,6,TRUE,8
PVT_Ulan_Ul_Lake,spatial_events,missing_predictor_group,13,13,6,TRUE,7
PVT_Ximen_Co,spatial_events,estimated,13,13,7,TRUE,6
PVT_Xingyun_Lake,spatial_events,missing_predictor_group,12,12,6,TRUE,6
PVT_Yanghu_Lake,spatial_events,missing_predictor_group,14,14,6,TRUE,8
Western_Ghats1,spatial_events,missing_predictor_group,10,10,6,TRUE,4
PANGAEA.834960,spatial_events,insufficient_unique_ages,9,9,NA,NA,NA
PVT_Akkol_Lake,spatial_events,missing_predictor_group,14,14,6,TRUE,8
PVT_Ayongwama_Co,spatial_events,missing_predictor_group,14,14,6,TRUE,8
PVT_Baikal_lake,spatial_events,missing_predictor_group,14,14,6,TRUE,8
PVT_Barkol_Lake,spatial_events,missing_predictor_group,14,14,6,TRUE,8
PVT_Chaiwopu_Lake,spatial_events,missing_predictor_group,14,14,6,TRUE,8
PVT_Dahaizi_Lake,spatial_events,missing_predictor_group,14,14,6,TRUE,8
PVT_Dajiuhu_2013,spatial_events,missing_predictor_group,13,13,6,TRUE,7
PVT_Dali_Nur_Jiangjunpaozi_Lake,spatial_events,missing_predictor_group,14,14,6,TRUE,8
PVT_Dali_Nur_Liuzhouwan_Lake,spatial_events,missing_predictor_group,14,14,6,TRUE,8
PVT_Daluoba_basin,spatial_events,missing_predictor_group,14,14,6,TRUE,8
PVT_Dongganchi,spatial_events,missing_predictor_group,14,14,6,TRUE,8
PVT_Erhai_Lake,spatial_events,missing_predictor_group,13,13,6,TRUE,7
PVT_Erhailongwan_Lake,spatial_events,missing_predictor_group,14,14,6,TRUE,8
PVT_Ganhai_Lake,spatial_events,estimated,14,14,7,TRUE,7
PVT_Gantang,spatial_events,estimated,14,14,7,TRUE,7
PVT_Guangfulin,spatial_events,rank_deficient,14,14,7,FALSE,7
PVT_Huguangyan_Maer_LakeB,spatial_events,missing_predictor_group,13,13,6,TRUE,7
PVT_Hulun_Lake_HL06,spatial_events,missing_predictor_group,14,14,6,TRUE,8
PVT_Kendegelukol_Lake,spatial_events,rank_deficient,14,14,7,FALSE,7
PVT_Kotokel,spatial_events,insufficient_unique_ages,8,8,NA,NA,NA
PVT_Koucha_Lake,spatial_events,missing_predictor_group,14,14,6,TRUE,8
PVT_Kuhai_Lake,spatial_events,estimated,14,14,6,TRUE,8
PVT_Longquan_Lake_LC2,spatial_events,missing_predictor_group,14,14,6,TRUE,8
PVT_Lop_Nur_Luo4,spatial_events,missing_predictor_group,14,14,5,TRUE,9
PVT_Luanhaizi_LH2,spatial_events,missing_predictor_group,10,10,5,TRUE,5
PVT_Mengcun,spatial_events,missing_predictor_group,13,13,6,TRUE,7
PVT_Naleng_Co,spatial_events,rank_deficient,14,14,7,FALSE,7
PVT_Nantun,spatial_events,missing_predictor_group,14,14,6,TRUE,8
PVT_Qigai_Nuur,spatial_events,missing_predictor_group,13,13,6,TRUE,7
PVT_Qongjiamong_Co,spatial_events,estimated,14,14,7,TRUE,7
PVT_Ren_Co_R1,spatial_events,missing_predictor_group,14,14,5,TRUE,9
PVT_Sanjiaocheng_Section,spatial_events,missing_predictor_group,14,14,6,TRUE,8
PVT_Sayram_Lake,spatial_events,missing_predictor_group,14,14,6,TRUE,8
PVT_Shaamar,spatial_events,missing_predictor_group,13,13,6,TRUE,7
PVT_Shayema_Lake,spatial_events,missing_predictor_group,13,13,6,TRUE,7
PVT_Sujiawan,spatial_events,estimated,14,14,7,TRUE,7
PVT_Tiancai_Lake,spatial_events,missing_predictor_group,13,13,6,TRUE,7
PVT_Uzunkol_Lake,spatial_events,missing_predictor_group,14,14,6,TRUE,8
PVT_Wulungu_Lake,spatial_events,missing_predictor_group,11,11,6,TRUE,5
PVT_Xiehu_Lake_SO4,spatial_events,missing_predictor_group,13,13,6,TRUE,7
PVT_Yamant_Nur_Lake,spatial_events,missing_predictor_group,14,14,6,TRUE,8
PVT_Yidun_Lake,spatial_events,missing_predictor_group,14,14,5,TRUE,9
PVT_Zigetang_Co,spatial_events,estimated,14,14,6,TRUE,8
PVT_Zoige_RH,spatial_events,missing_predictor_group,12,12,6,TRUE,6
PANGAEA.896390,spatial_events,missing_predictor_group,13,13,6,TRUE,7
cao_2,spatial_events,missing_predictor_group,13,13,6,TRUE,7
cao_8,spatial_events,missing_predictor_group,14,14,6,TRUE,8
cao_14,spatial_events,missing_predictor_group,14,14,6,TRUE,8
cao_23,spatial_events,missing_predictor_group,14,14,6,TRUE,8
cao_24,spatial_events,missing_predictor_group,11,11,6,TRUE,5
cao_26,spatial_events,missing_predictor_group,14,14,6,TRUE,8
cao_30,spatial_events,missing_predictor_group,14,14,6,TRUE,8
cao_33,spatial_events,missing_predictor_group,14,14,6,TRUE,8
cao_35,spatial_events,estimated,14,14,7,TRUE,7
cao_39,spatial_events,estimated,14,14,7,TRUE,7
cao_41,spatial_events,missing_predictor_group,14,14,6,TRUE,8
cao_43,spatial_events,missing_predictor_group,14,14,6,TRUE,8
cao_44,spatial_events,missing_predictor_group,14,14,6,TRUE,8
cao_50,spatial_events,missing_predictor_group,14,14,6,TRUE,8
cao_51,spatial_events,missing_predictor_group,10,10,6,TRUE,4
cao_54,spatial_events,insufficient_unique_ages,8,8,NA,NA,NA
cao_56,spatial_events,missing_predictor_group,14,14,6,TRUE,8
cao_57,spatial_events,estimated,14,14,7,TRUE,7
cao_59,spatial_events,missing_predictor_group,14,14,6,TRUE,8
cao_65,spatial_events,insufficient_unique_ages,9,9,NA,NA,NA
cao_74,spatial_events,missing_predictor_group,14,14,6,TRUE,8
cao_78,spatial_events,missing_predictor_group,14,14,6,TRUE,8
cao_79,spatial_events,missing_predictor_group,12,12,6,TRUE,6
cao_80,spatial_events,missing_predictor_group,12,12,6,TRUE,6
cao_84,spatial_events,missing_predictor_group,14,14,6,TRUE,8
cao_86,spatial_events,missing_predictor_group,14,14,6,TRUE,8
cao_101,spatial_events,missing_predictor_group,13,13,6,TRUE,7
cao_102,spatial_events,insufficient_unique_ages,9,9,NA,NA,NA
cao_104,spatial_events,insufficient_unique_ages,9,9,NA,NA,NA
cao_105,spatial_events,missing_predictor_group,14,14,6,TRUE,8
cao_106,spatial_events,estimated,14,14,7,TRUE,7
cao_108,spatial_events,missing_predictor_group,11,11,6,TRUE,5
cao_116,spatial_events,missing_predictor_group,14,14,6,TRUE,8
cao_117,spatial_events,missing_predictor_group,12,12,6,TRUE,6
cao_122,spatial_events,missing_predictor_group,14,14,6,TRUE,8
cao_124,spatial_events,missing_predictor_group,14,14,6,TRUE,8
cao_127,spatial_events,insufficient_unique_ages,9,9,NA,NA,NA
cao_134,spatial_events,missing_predictor_group,14,14,6,TRUE,8
cao_137,spatial_events,missing_predictor_group,14,14,6,TRUE,8
cao_158,spatial_events,missing_predictor_group,13,13,6,TRUE,7
cao_164,spatial_events,missing_predictor_group,13,13,6,TRUE,7
cao_166,spatial_events,missing_predictor_group,13,13,6,TRUE,7
cao_151,spatial_events,missing_predictor_group,14,14,6,TRUE,8
cao_152,spatial_events,missing_predictor_group,12,12,6,TRUE,6
cao_85,spatial_events,missing_predictor_group,14,14,6,TRUE,8
cao_71,spatial_events,missing_predictor_group,14,14,6,TRUE,8
PANGAEA.884462,spatial_events,estimated,13,13,6,TRUE,7
PANGAEA.896256,spatial_events,rank_deficient,11,11,6,FALSE,5
PANGAEA.717128,spatial_events,estimated,14,14,8,TRUE,6
PANGAEA.808952,spatial_events,estimated,14,14,7,TRUE,7
PANGAEA.893308,spatial_events,estimated,14,14,7,TRUE,7
PANGAEA.783359,spatial_events,rank_deficient,14,14,7,FALSE,7
cao_6,spatial_events,missing_predictor_group,11,11,6,TRUE,5
Lake_Moon,spatial_events,estimated,14,14,7,TRUE,7
47817,spatial_events,missing_predictor_group,13,13,6,TRUE,7
Sandynallah_SBBS,spatial_events,missing_predictor_group,14,14,6,TRUE,8
876,spatial_events,missing_predictor_group,14,14,6,TRUE,8
46462,spatial_events,missing_predictor_group,13,13,6,TRUE,7
46466,spatial_events,missing_predictor_group,12,12,6,TRUE,6
46483,spatial_events,estimated,14,14,7,TRUE,7
3896,spatial_events,missing_predictor_group,14,14,6,TRUE,8
46479,spatial_events,missing_predictor_group,14,14,6,TRUE,8
46485,spatial_events,missing_predictor_group,14,14,6,TRUE,8
46447,spatial_events,missing_predictor_group,13,13,6,TRUE,7
3975,spatial_events,missing_predictor_group,14,14,6,TRUE,8
1444,spatial_events,missing_predictor_group,10,10,6,TRUE,4
46488,spatial_events,missing_predictor_group,14,14,6,TRUE,8
2643,spatial_events,estimated,14,14,7,TRUE,7
1844,spatial_events,estimated,13,13,7,TRUE,6
4543,spatial_events,missing_predictor_group,14,14,6,TRUE,8
46473,spatial_events,missing_predictor_group,10,10,6,TRUE,4
40990,spatial_events,missing_predictor_group,14,14,6,TRUE,8
1979,spatial_events,missing_predictor_group,14,14,6,TRUE,8
4102,spatial_events,missing_predictor_group,10,10,5,TRUE,5
4010,spatial_events,missing_predictor_group,13,13,5,TRUE,8
14619,spatial_events,missing_predictor_group,14,14,6,TRUE,8
15720,spatial_events,insufficient_unique_ages,9,9,NA,NA,NA
1439,spatial_events,insufficient_unique_ages,9,9,NA,NA,NA
4081,spatial_events,missing_predictor_group,14,14,6,TRUE,8
4097,spatial_events,missing_predictor_group,11,11,6,TRUE,5
3861,spatial_events,missing_predictor_group,14,14,5,TRUE,9
1845,spatial_events,missing_predictor_group,13,13,6,TRUE,7
41247,spatial_events,missing_predictor_group,14,14,6,TRUE,8
15624,spatial_events,estimated,14,14,7,TRUE,7
41245,spatial_events,missing_predictor_group,14,14,6,TRUE,8
1860,spatial_events,missing_predictor_group,14,14,6,TRUE,8
30184,spatial_events,missing_predictor_group,12,12,6,TRUE,6
14612,spatial_events,missing_predictor_group,13,13,5,TRUE,8
15649,spatial_events,missing_predictor_group,13,13,6,TRUE,7
14134,spatial_events,missing_predictor_group,14,14,6,TRUE,8
15656,spatial_events,estimated,14,14,7,TRUE,7
4020,spatial_events,missing_predictor_group,14,14,6,TRUE,8
22330,spatial_events,estimated,14,14,7,TRUE,7
15704,spatial_events,missing_predictor_group,14,14,6,TRUE,8
15709,spatial_events,missing_predictor_group,13,13,6,TRUE,7
15665,spatial_events,estimated,14,14,7,TRUE,7
15678,spatial_events,missing_predictor_group,14,14,6,TRUE,8
46523,spatial_events,insufficient_unique_ages,8,8,NA,NA,NA
3927,spatial_events,insufficient_residual_df,11,11,8,TRUE,3
4137,spatial_events,missing_predictor_group,14,14,6,TRUE,8
4442,spatial_events,rank_deficient,13,13,7,FALSE,6
4509,spatial_events,estimated,14,14,8,TRUE,6
24161,spatial_events,estimated,14,14,8,TRUE,6
24166,spatial_events,insufficient_residual_df,12,12,8,TRUE,4
24175,spatial_events,estimated,14,14,8,TRUE,6
pg_711911,spatial_events,rank_deficient,14,14,8,FALSE,6
pg_858056,spatial_events,rank_deficient,14,14,7,FALSE,7
pg_874340,spatial_events,rank_deficient,13,13,7,FALSE,6
pg_884740,spatial_events,rank_deficient,14,14,7,FALSE,7
pg_907390,spatial_events,insufficient_unique_ages,9,9,NA,NA,NA
pg_711930,spatial_events,rank_deficient,14,14,6,FALSE,8
pg_738918,spatial_events,missing_predictor_group,14,14,6,TRUE,8
ippd_12,spatial_events,insufficient_unique_ages,3,3,NA,NA,NA
ippd_14,spatial_events,missing_predictor_group,14,14,6,TRUE,8
ippd_23,spatial_events,missing_predictor_group,13,13,6,TRUE,7
ippd_31,spatial_events,missing_predictor_group,14,14,6,TRUE,8
ippd_69,spatial_events,missing_predictor_group,14,14,6,TRUE,8
ippd_648,spatial_events,missing_predictor_group,14,14,6,TRUE,8
ippd_975,spatial_events,missing_predictor_group,14,14,6,TRUE,8
ippd_978,spatial_events,estimated,14,14,7,TRUE,7
ippd_991,spatial_events,estimated,14,14,7,TRUE,7
ippd_1016,spatial_events,missing_predictor_group,10,10,6,TRUE,4
ippd_1070,spatial_events,estimated,14,14,7,TRUE,7
ippd_1443,spatial_events,missing_predictor_group,12,12,6,TRUE,6
ippd_1444,spatial_events,missing_predictor_group,10,10,6,TRUE,4
ippd_1999,spatial_events,missing_predictor_group,13,13,6,TRUE,7
ippd_2000,spatial_events,estimated,14,14,7,TRUE,7
ippd_2008,spatial_events,missing_predictor_group,14,14,6,TRUE,8
ippd_2009,spatial_events,missing_predictor_group,14,14,6,TRUE,8
ippd_2094,spatial_events,estimated,14,14,7,TRUE,7
ippd_2113,spatial_events,missing_predictor_group,14,14,6,TRUE,8
ippd_2122,spatial_events,estimated,14,14,7,TRUE,7
ippd_2133,spatial_events,estimated,14,14,7,TRUE,7
ippd_2160,spatial_events,missing_predictor_group,14,14,6,TRUE,8
ippd_2163,spatial_events,estimated,14,14,7,TRUE,7
ippd_2179,spatial_events,missing_predictor_group,14,14,6,TRUE,8
ippd_2216,spatial_events,estimated,14,14,7,TRUE,7
ippd_2264,spatial_events,missing_predictor_group,14,14,6,TRUE,8
ippd_2268,spatial_events,estimated,13,13,7,TRUE,6
ippd_2270,spatial_events,estimated,14,14,7,TRUE,7
ippd_2271,spatial_events,insufficient_unique_ages,9,9,NA,NA,NA
ippd_2283,spatial_events,insufficient_unique_ages,8,8,NA,NA,NA
ippd_2284,spatial_events,insufficient_unique_ages,8,8,NA,NA,NA
ippd_2287,spatial_events,estimated,14,14,7,TRUE,7
ippd_2306,spatial_events,missing_predictor_group,14,14,6,TRUE,8
ippd_2308,spatial_events,missing_predictor_group,14,14,6,TRUE,8
ippd_2313,spatial_events,estimated,14,14,7,TRUE,7
ippd_2357,spatial_events,estimated,14,14,7,TRUE,7
